DateTime,CE pnl,PE pnl,PnL Combined
2021-06-10 10:15:00,0.0,0.0,0.0
2021-06-10 10:16:00,-26.25,52.5,26.25
2021-06-10 10:17:00,-52.5,86.25,33.75
2021-06-10 10:18:00,-22.5,37.5,15.0
2021-06-10 10:19:00,-48.75,71.25,22.5
2021-06-10 10:20:00,-37.5,48.75,11.25
2021-06-10 10:21:00,-11.25,75.0,63.75
2021-06-10 10:22:00,-45.0,116.25,71.25
2021-06-10 10:23:00,-45.0,108.75,63.75
2021-06-10 10:24:00,-183.75,307.5,123.75
2021-06-10 10:25:00,-236.25,348.75,112.5
2021-06-10 10:26:00,-157.5,251.25,93.75
2021-06-10 10:27:00,-262.5,345.0,82.5
2021-06-10 10:28:00,-255.0,363.75,108.75
2021-06-10 10:29:00,-258.75,382.5,123.75
2021-06-10 10:30:00,-228.75,375.0,146.25
2021-06-10 10:31:00,-131.25,318.75,187.5
2021-06-10 10:32:00,-176.25,348.75,172.5
2021-06-10 10:33:00,-183.75,371.25,187.5
2021-06-10 10:34:00,-232.5,390.0,157.5
2021-06-10 10:35:00,-195.0,390.0,195.0
2021-06-10 10:36:00,-161.25,360.0,198.75
2021-06-10 10:37:00,-97.5,318.75,221.25
2021-06-10 10:38:00,-116.25,311.25,195.0
2021-06-10 10:39:00,-127.5,352.5,225.0
2021-06-10 10:40:00,-153.75,386.25,232.5
2021-06-10 10:41:00,-198.75,412.5,213.75
2021-06-10 10:42:00,-150.0,378.75,228.75
2021-06-10 10:43:00,-176.25,401.25,225.0
2021-06-10 10:44:00,-213.75,438.75,225.0
2021-06-10 10:45:00,-232.5,502.5,270.0
2021-06-10 10:46:00,-240.0,498.75,258.75
2021-06-10 10:47:00,-168.75,480.0,311.25
2021-06-10 10:48:00,-172.5,457.5,285.0
2021-06-10 10:49:00,-198.75,472.5,273.75
2021-06-10 10:50:00,-202.5,483.75,281.25
2021-06-10 10:51:00,-183.75,472.5,288.75
2021-06-10 10:52:00,-191.25,480.0,288.75
2021-06-10 10:53:00,-202.5,495.0,292.5
2021-06-10 10:54:00,-210.0,502.5,292.5
2021-06-10 10:55:00,-210.0,491.25,281.25
2021-06-10 10:56:00,-165.0,420.0,255.0
2021-06-10 10:57:00,-202.5,461.25,258.75
2021-06-10 10:58:00,-213.75,487.5,273.75
2021-06-10 10:59:00,-195.0,487.5,292.5
2021-06-10 11:00:00,-225.0,555.0,330.0
2021-06-10 11:01:00,-251.25,611.25,360.0
2021-06-10 11:02:00,-225.0,585.0,360.0
2021-06-10 11:03:00,-191.25,536.25,345.0
2021-06-10 11:04:00,-183.75,525.0,341.25
2021-06-10 11:05:00,-108.75,453.75,345.0
2021-06-10 11:06:00,37.5,311.25,348.75
2021-06-10 11:07:00,37.5,315.0,352.5
2021-06-10 11:08:00,75.0,258.75,333.75
2021-06-10 11:09:00,56.25,273.75,330.0
2021-06-10 11:10:00,52.5,262.5,315.0
2021-06-10 11:11:00,90.0,236.25,326.25
2021-06-10 11:12:00,142.5,195.0,337.5
2021-06-10 11:13:00,97.5,277.5,375.0
2021-06-10 11:14:00,78.75,270.0,348.75
2021-06-10 11:15:00,101.25,255.0,356.25
2021-06-10 11:16:00,105.0,221.25,326.25
2021-06-10 11:17:00,33.75,352.5,386.25
2021-06-10 11:18:00,45.0,318.75,363.75
2021-06-10 11:19:00,48.75,330.0,378.75
2021-06-10 11:20:00,48.75,322.5,371.25
2021-06-10 11:21:00,-3.75,423.75,420.0
2021-06-10 11:22:00,26.25,371.25,397.5
2021-06-10 11:23:00,11.25,401.25,412.5
2021-06-10 11:24:00,-7.5,427.5,420.0
2021-06-10 11:25:00,-15.0,446.25,431.25
2021-06-10 11:26:00,-15.0,476.25,461.25
2021-06-10 11:27:00,-3.75,435.0,431.25
2021-06-10 11:28:00,-3.75,450.0,446.25
2021-06-10 11:29:00,-3.75,476.25,472.5
2021-06-10 11:30:00,45.0,408.75,453.75
2021-06-10 11:31:00,15.0,487.5,502.5
2021-06-10 11:32:00,18.75,461.25,480.0
2021-06-10 11:33:00,52.5,427.5,480.0
2021-06-10 11:34:00,37.5,502.5,540.0
2021-06-10 11:35:00,15.0,495.0,510.0
2021-06-10 11:36:00,-22.5,532.5,510.0
2021-06-10 11:37:00,-60.0,540.0,480.0
2021-06-10 11:38:00,-45.0,540.0,495.0
2021-06-10 11:39:00,-37.5,521.25,483.75
2021-06-10 11:40:00,-18.75,513.75,495.0
2021-06-10 11:41:00,22.5,450.0,472.5
2021-06-10 11:42:00,63.75,363.75,427.5
2021-06-10 11:43:00,52.5,367.5,420.0
2021-06-10 11:44:00,18.75,487.5,506.25
2021-06-10 11:45:00,-30.0,510.0,480.0
2021-06-10 11:46:00,-82.5,555.0,472.5
2021-06-10 11:47:00,-37.5,495.0,457.5
2021-06-10 11:48:00,-11.25,491.25,480.0
2021-06-10 11:49:00,22.5,483.75,506.25
2021-06-10 11:50:00,3.75,491.25,495.0
2021-06-10 11:51:00,-7.5,495.0,487.5
2021-06-10 11:52:00,7.5,487.5,495.0
2021-06-10 11:53:00,18.75,495.0,513.75
2021-06-10 11:54:00,-82.5,588.75,506.25
2021-06-10 11:55:00,-78.75,588.75,510.0
2021-06-10 11:56:00,-82.5,570.0,487.5
2021-06-10 11:57:00,-101.25,577.5,476.25
2021-06-10 11:58:00,-135.0,585.0,450.0
2021-06-10 11:59:00,-213.75,652.5,438.75
2021-06-10 12:00:00,-225.0,663.75,438.75
2021-06-10 12:01:00,-997.5,735.0,-262.5
2021-06-10 12:02:00,-521.25,671.25,150.0
2021-06-10 12:03:00,-555.0,720.0,165.0
2021-06-10 12:04:00,-558.75,750.0,191.25
2021-06-10 12:05:00,-393.75,705.0,311.25
2021-06-10 12:06:00,-438.75,742.5,303.75
2021-06-10 12:07:00,-611.25,817.5,206.25
2021-06-10 12:08:00,-577.5,787.5,210.0
2021-06-10 12:09:00,-596.25,806.25,210.0
2021-06-10 12:10:00,-577.5,802.5,225.0
2021-06-10 12:11:00,-555.0,798.75,243.75
2021-06-10 12:12:00,-513.75,810.0,296.25
2021-06-10 12:13:00,-423.75,776.25,352.5
2021-06-10 12:14:00,-371.25,750.0,378.75
2021-06-10 12:15:00,-397.5,757.5,360.0
2021-06-10 12:16:00,-461.25,780.0,318.75
2021-06-10 12:17:00,-345.0,753.75,408.75
2021-06-10 12:18:00,-333.75,723.75,390.0
2021-06-10 12:19:00,-427.5,753.75,326.25
2021-06-10 12:20:00,-465.0,783.75,318.75
2021-06-10 12:21:00,-382.5,742.5,360.0
2021-06-10 12:22:00,-367.5,735.0,367.5
2021-06-10 12:23:00,-356.25,735.0,378.75
2021-06-10 12:24:00,-352.5,750.0,397.5
2021-06-10 12:25:00,-375.0,761.25,386.25
2021-06-10 12:26:00,-337.5,735.0,397.5
2021-06-10 12:27:00,-371.25,761.25,390.0
2021-06-10 12:28:00,-330.0,735.0,405.0
2021-06-10 12:29:00,-120.0,645.0,525.0
2021-06-10 12:30:00,-52.5,626.25,573.75
2021-06-10 12:31:00,-187.5,723.75,536.25
2021-06-10 12:32:00,-157.5,671.25,513.75
2021-06-10 12:33:00,-93.75,641.25,547.5
2021-06-10 12:34:00,-101.25,652.5,551.25
2021-06-10 12:35:00,-146.25,701.25,555.0
2021-06-10 12:36:00,-183.75,723.75,540.0
2021-06-10 12:37:00,-296.25,780.0,483.75
2021-06-10 12:38:00,-258.75,780.0,521.25
2021-06-10 12:39:00,-202.5,780.0,577.5
2021-06-10 12:40:00,-206.25,761.25,555.0
2021-06-10 12:41:00,-191.25,757.5,566.25
2021-06-10 12:42:00,45.0,607.5,652.5
2021-06-10 12:43:00,138.75,468.75,607.5
2021-06-10 12:44:00,210.0,348.75,558.75
2021-06-10 12:45:00,116.25,472.5,588.75
2021-06-10 12:46:00,180.0,420.0,600.0
2021-06-10 12:47:00,93.75,592.5,686.25
2021-06-10 12:48:00,78.75,570.0,648.75
2021-06-10 12:49:00,112.5,555.0,667.5
2021-06-10 12:50:00,86.25,630.0,716.25
2021-06-10 12:51:00,56.25,686.25,742.5
2021-06-10 12:52:00,11.25,735.0,746.25
2021-06-10 12:53:00,18.75,742.5,761.25
2021-06-10 12:54:00,78.75,626.25,705.0
2021-06-10 12:55:00,135.0,513.75,648.75
2021-06-10 12:56:00,93.75,600.0,693.75
2021-06-10 12:57:00,108.75,592.5,701.25
2021-06-10 12:58:00,90.0,618.75,708.75
2021-06-10 12:59:00,131.25,513.75,645.0
2021-06-10 13:00:00,187.5,420.0,607.5
2021-06-10 13:01:00,161.25,401.25,562.5
2021-06-10 13:02:00,71.25,600.0,671.25
2021-06-10 13:03:00,22.5,746.25,768.75
2021-06-10 13:04:00,63.75,690.0,753.75
2021-06-10 13:05:00,48.75,716.25,765.0
2021-06-10 13:06:00,-15.0,757.5,742.5
2021-06-10 13:07:00,52.5,693.75,746.25
2021-06-10 13:08:00,18.75,720.0,738.75
2021-06-10 13:09:00,48.75,682.5,731.25
2021-06-10 13:10:00,15.0,750.0,765.0
2021-06-10 13:11:00,33.75,735.0,768.75
2021-06-10 13:12:00,112.5,686.25,798.75
2021-06-10 13:13:00,60.0,753.75,813.75
2021-06-10 13:14:00,93.75,697.5,791.25
2021-06-10 13:15:00,105.0,667.5,772.5
2021-06-10 13:16:00,63.75,727.5,791.25
2021-06-10 13:17:00,112.5,660.0,772.5
2021-06-10 13:18:00,52.5,742.5,795.0
2021-06-10 13:19:00,52.5,723.75,776.25
2021-06-10 13:20:00,-446.25,1106.25,660.0
2021-06-10 13:21:00,-288.75,1050.0,761.25
2021-06-10 13:22:00,-206.25,1031.25,825.0
2021-06-10 13:23:00,-183.75,1053.75,870.0
2021-06-10 13:24:00,-240.0,1072.5,832.5
2021-06-10 13:25:00,-333.75,1125.0,791.25
2021-06-10 13:26:00,-326.25,1098.75,772.5
2021-06-10 13:27:00,-315.0,1098.75,783.75
2021-06-10 13:28:00,-191.25,1076.25,885.0
2021-06-10 13:29:00,-243.75,1110.0,866.25
2021-06-10 13:30:00,-172.5,1091.25,918.75
2021-06-10 13:31:00,-202.5,1110.0,907.5
2021-06-10 13:32:00,-56.25,1076.25,1020.0
2021-06-10 13:33:00,-120.0,1110.0,990.0
2021-06-10 13:34:00,-168.75,1136.25,967.5
2021-06-10 13:35:00,-108.75,1121.25,1012.5
2021-06-10 13:36:00,-26.25,1110.0,1083.75
2021-06-10 13:37:00,-146.25,1140.0,993.75
2021-06-10 13:38:00,-183.75,1203.75,1020.0
2021-06-10 13:39:00,-86.25,1188.75,1102.5
2021-06-10 13:40:00,-131.25,1173.75,1042.5
2021-06-10 13:41:00,-161.25,1181.25,1020.0
2021-06-10 13:42:00,-22.5,1113.75,1091.25
2021-06-10 13:43:00,135.0,1102.5,1237.5
2021-06-10 13:44:00,105.0,1057.5,1162.5
2021-06-10 13:45:00,153.75,1061.25,1215.0
2021-06-10 13:46:00,-7.5,1151.25,1143.75
2021-06-10 13:47:00,45.0,1143.75,1188.75
2021-06-10 13:48:00,30.0,1166.25,1196.25
2021-06-10 13:49:00,-251.25,1297.5,1046.25
2021-06-10 13:50:00,-93.75,1192.5,1098.75
2021-06-10 13:51:00,-157.5,1260.0,1102.5
2021-06-10 13:52:00,18.75,1245.0,1263.75
2021-06-10 13:53:00,-22.5,1263.75,1241.25
2021-06-10 13:54:00,-26.25,1271.25,1245.0
2021-06-10 13:55:00,-33.75,1271.25,1237.5
2021-06-10 13:56:00,45.0,1241.25,1286.25
2021-06-10 13:57:00,45.0,1237.5,1282.5
2021-06-10 13:58:00,60.0,1263.75,1323.75
2021-06-10 13:59:00,67.5,1267.5,1335.0
2021-06-10 14:00:00,105.0,1230.0,1335.0
2021-06-10 14:01:00,67.5,1233.75,1301.25
2021-06-10 14:02:00,142.5,1170.0,1312.5
2021-06-10 14:03:00,172.5,1166.25,1338.75
2021-06-10 14:04:00,146.25,1211.25,1357.5
2021-06-10 14:05:00,142.5,1207.5,1350.0
2021-06-10 14:06:00,101.25,1237.5,1338.75
2021-06-10 14:07:00,146.25,1196.25,1342.5
2021-06-10 14:08:00,180.0,1173.75,1353.75
2021-06-10 14:09:00,168.75,1200.0,1368.75
2021-06-10 14:10:00,172.5,1226.25,1398.75
2021-06-10 14:11:00,127.5,1233.75,1361.25
2021-06-10 14:12:00,82.5,1271.25,1353.75
2021-06-10 14:13:00,97.5,1301.25,1398.75
2021-06-10 14:14:00,120.0,1316.25,1436.25
2021-06-10 14:15:00,108.75,1357.5,1466.25
2021-06-10 14:16:00,112.5,1368.75,1481.25
2021-06-10 14:17:00,153.75,1365.0,1518.75
2021-06-10 14:18:00,168.75,1368.75,1537.5
2021-06-10 14:19:00,131.25,1410.0,1541.25
2021-06-10 14:20:00,-135.0,1500.0,1365.0
2021-06-10 14:21:00,-247.5,1477.5,1230.0
2021-06-10 14:22:00,-75.0,1458.75,1383.75
2021-06-10 14:23:00,-180.0,1466.25,1286.25
2021-06-10 14:24:00,-210.0,1473.75,1263.75
2021-06-10 14:25:00,-18.75,1470.0,1451.25
2021-06-10 14:26:00,-135.0,1496.25,1361.25
2021-06-10 14:27:00,-33.75,1473.75,1440.0
2021-06-10 14:28:00,-97.5,1496.25,1398.75
2021-06-10 14:29:00,7.5,1477.5,1485.0
2021-06-10 14:30:00,90.0,1488.75,1578.75
2021-06-10 14:31:00,11.25,1500.0,1511.25
2021-06-10 14:32:00,33.75,1492.5,1526.25
2021-06-10 14:33:00,138.75,1481.25,1620.0
2021-06-10 14:34:00,112.5,1481.25,1593.75
2021-06-10 14:35:00,30.0,1533.75,1563.75
2021-06-10 14:36:00,-315.0,1533.75,1218.75
2021-06-10 14:37:00,-48.75,1533.75,1485.0
2021-06-10 14:38:00,-213.75,1548.75,1335.0
2021-06-10 14:39:00,-183.75,1556.25,1372.5
2021-06-10 14:40:00,-33.75,1556.25,1522.5
2021-06-10 14:41:00,-116.25,1575.0,1458.75
2021-06-10 14:42:00,30.0,1571.25,1601.25
2021-06-10 14:43:00,-41.25,1586.25,1545.0
2021-06-10 14:44:00,-3.75,1586.25,1582.5
2021-06-10 14:45:00,22.5,1586.25,1608.75
2021-06-10 14:46:00,168.75,1556.25,1725.0
2021-06-10 14:47:00,-180.0,1590.0,1410.0
2021-06-10 14:48:00,-30.0,1586.25,1556.25
2021-06-10 14:49:00,165.0,1556.25,1721.25
2021-06-10 14:50:00,206.25,1571.25,1777.5
2021-06-10 14:51:00,210.0,1567.5,1777.5
2021-06-10 14:52:00,300.0,1560.0,1860.0
2021-06-10 14:53:00,360.0,1578.75,1938.75
2021-06-10 14:54:00,405.0,1593.75,1998.75
2021-06-10 14:55:00,487.5,1571.25,2058.75
2021-06-10 14:56:00,581.25,1571.25,2152.5
2021-06-10 14:57:00,596.25,1575.0,2171.25
2021-06-10 14:58:00,652.5,1578.75,2231.25
2021-06-10 14:59:00,630.0,1601.25,2231.25
2021-06-10 15:00:00,637.5,1620.0,2257.5
2021-06-10 15:01:00,630.0,1646.25,2276.25
2021-06-10 15:02:00,600.0,1653.75,2253.75
2021-06-10 15:03:00,675.0,1661.25,2336.25
2021-06-10 15:04:00,723.75,1657.5,2381.25
2021-06-10 15:05:00,671.25,1665.0,2336.25
2021-06-10 15:06:00,663.75,1665.0,2328.75
2021-06-10 15:07:00,615.0,1661.25,2276.25
2021-06-10 15:08:00,641.25,1661.25,2302.5
2021-06-10 15:09:00,686.25,1665.0,2351.25
2021-06-10 15:10:00,682.5,1665.0,2347.5
2021-06-10 15:11:00,780.0,1668.75,2448.75
2021-06-10 15:12:00,825.0,1665.0,2490.0
2021-06-10 15:13:00,817.5,1672.5,2490.0
2021-06-10 15:14:00,825.0,1668.75,2493.75
2021-06-10 15:15:00,836.25,1672.5,2508.75
2021-06-10 15:16:00,840.0,1676.25,2516.25
2021-06-10 15:17:00,836.25,1680.0,2516.25
2021-06-10 15:18:00,836.25,1680.0,2516.25
2021-06-10 15:19:00,847.5,1680.0,2527.5
2021-06-10 15:20:00,847.5,1680.0,2527.5
2021-06-10 15:21:00,847.5,1680.0,2527.5
2021-06-10 15:22:00,847.5,1680.0,2527.5
2021-06-10 15:23:00,847.5,1680.0,2527.5
2021-06-10 15:24:00,847.5,1680.0,2527.5
2021-06-10 15:25:00,847.5,1680.0,2527.5
2021-06-10 15:26:00,847.5,1680.0,2527.5
2021-06-10 15:27:00,847.5,1680.0,2527.5
2021-06-10 15:28:00,847.5,1680.0,2527.5
2021-06-10 15:29:00,847.5,1680.0,2527.5
2021-06-10 15:30:00,847.5,1680.0,2527.5
2021-06-17 10:15:00,0.0,0.0,0.0
2021-06-17 10:16:00,0.0,-7.5,-7.5
2021-06-17 10:17:00,0.0,-18.75,-18.75
2021-06-17 10:18:00,0.0,93.75,93.75
2021-06-17 10:19:00,0.0,52.5,52.5
2021-06-17 10:20:00,0.0,71.25,71.25
2021-06-17 10:21:00,0.0,30.0,30.0
2021-06-17 10:22:00,0.0,33.75,33.75
2021-06-17 10:23:00,0.0,-41.25,-41.25
2021-06-17 10:24:00,0.0,-18.75,-18.75
2021-06-17 10:25:00,0.0,-15.0,-15.0
2021-06-17 10:26:00,0.0,-18.75,-18.75
2021-06-17 10:27:00,0.0,-18.75,-18.75
2021-06-17 10:28:00,0.0,71.25,71.25
2021-06-17 10:29:00,0.0,67.5,67.5
2021-06-17 10:30:00,0.0,71.25,71.25
2021-06-17 10:31:00,0.0,33.75,33.75
2021-06-17 10:32:00,0.0,86.25,86.25
2021-06-17 10:33:00,0.0,168.75,168.75
2021-06-17 10:34:00,0.0,176.25,176.25
2021-06-17 10:35:00,0.0,240.0,240.0
2021-06-17 10:36:00,0.0,303.75,303.75
2021-06-17 10:37:00,0.0,465.0,465.0
2021-06-17 10:38:00,0.0,461.25,461.25
2021-06-17 10:39:00,0.0,465.0,465.0
2021-06-17 10:40:00,0.0,592.5,592.5
2021-06-17 10:41:00,0.0,570.0,570.0
2021-06-17 10:42:00,0.0,607.5,607.5
2021-06-17 10:43:00,0.0,615.0,615.0
2021-06-17 10:44:00,0.0,536.25,536.25
2021-06-17 10:45:00,0.0,528.75,528.75
2021-06-17 10:46:00,0.0,510.0,510.0
2021-06-17 10:47:00,0.0,476.25,476.25
2021-06-17 10:48:00,0.0,408.75,408.75
2021-06-17 10:49:00,0.0,442.5,442.5
2021-06-17 10:50:00,0.0,412.5,412.5
2021-06-17 10:51:00,0.0,228.75,228.75
2021-06-17 10:52:00,0.0,262.5,262.5
2021-06-17 10:53:00,0.0,337.5,337.5
2021-06-17 10:54:00,0.0,390.0,390.0
2021-06-17 10:55:00,0.0,315.0,315.0
2021-06-17 10:56:00,0.0,240.0,240.0
2021-06-17 10:57:00,0.0,311.25,311.25
2021-06-17 10:58:00,0.0,371.25,371.25
2021-06-17 10:59:00,0.0,300.0,300.0
2021-06-17 11:00:00,0.0,281.25,281.25
2021-06-17 11:01:00,0.0,266.25,266.25
2021-06-17 11:02:00,0.0,303.75,303.75
2021-06-17 11:03:00,0.0,352.5,352.5
2021-06-17 11:04:00,0.0,397.5,397.5
2021-06-17 11:05:00,0.0,401.25,401.25
2021-06-17 11:06:00,0.0,570.0,570.0
2021-06-17 11:07:00,0.0,517.5,517.5
2021-06-17 11:08:00,0.0,487.5,487.5
2021-06-17 11:09:00,0.0,498.75,498.75
2021-06-17 11:10:00,0.0,408.75,408.75
2021-06-17 11:11:00,0.0,431.25,431.25
2021-06-17 11:12:00,0.0,427.5,427.5
2021-06-17 11:13:00,0.0,461.25,461.25
2021-06-17 11:14:00,0.0,408.75,408.75
2021-06-17 11:15:00,0.0,457.5,457.5
2021-06-17 11:16:00,0.0,386.25,386.25
2021-06-17 11:17:00,0.0,416.25,416.25
2021-06-17 11:18:00,0.0,345.0,345.0
2021-06-17 11:19:00,0.0,337.5,337.5
2021-06-17 11:20:00,0.0,322.5,322.5
2021-06-17 11:21:00,0.0,341.25,341.25
2021-06-17 11:22:00,0.0,221.25,221.25
2021-06-17 11:23:00,0.0,225.0,225.0
2021-06-17 11:24:00,0.0,210.0,210.0
2021-06-17 11:25:00,0.0,318.75,318.75
2021-06-17 11:26:00,0.0,360.0,360.0
2021-06-17 11:27:00,0.0,277.5,277.5
2021-06-17 11:28:00,0.0,311.25,311.25
2021-06-17 11:29:00,0.0,243.75,243.75
2021-06-17 11:30:00,0.0,311.25,311.25
2021-06-17 11:31:00,0.0,213.75,213.75
2021-06-17 11:32:00,0.0,116.25,116.25
2021-06-17 11:33:00,0.0,187.5,187.5
2021-06-17 11:34:00,0.0,30.0,30.0
2021-06-17 11:35:00,0.0,-22.5,-22.5
2021-06-17 11:36:00,0.0,123.75,123.75
2021-06-17 11:37:00,0.0,63.75,63.75
2021-06-17 11:38:00,0.0,-52.5,-52.5
2021-06-17 11:39:00,0.0,-75.0,-75.0
2021-06-17 11:40:00,0.0,-26.25,-26.25
2021-06-17 11:41:00,0.0,97.5,97.5
2021-06-17 11:42:00,0.0,112.5,112.5
2021-06-17 11:43:00,0.0,228.75,228.75
2021-06-17 11:44:00,0.0,281.25,281.25
2021-06-17 11:45:00,0.0,266.25,266.25
2021-06-17 11:46:00,0.0,311.25,311.25
2021-06-17 11:47:00,0.0,165.0,165.0
2021-06-17 11:48:00,0.0,93.75,93.75
2021-06-17 11:49:00,0.0,101.25,101.25
2021-06-17 11:50:00,0.0,123.75,123.75
2021-06-17 11:51:00,0.0,60.0,60.0
2021-06-17 11:52:00,0.0,56.25,56.25
2021-06-17 11:53:00,0.0,26.25,26.25
2021-06-17 11:54:00,0.0,33.75,33.75
2021-06-17 11:55:00,0.0,56.25,56.25
2021-06-17 11:56:00,0.0,-37.5,-37.5
2021-06-17 11:57:00,0.0,-45.0,-45.0
2021-06-17 11:58:00,0.0,-30.0,-30.0
2021-06-17 11:59:00,0.0,-172.5,-172.5
2021-06-17 12:00:00,0.0,-232.5,-232.5
2021-06-17 12:01:00,0.0,-393.75,-393.75
2021-06-17 12:02:00,0.0,-337.5,-337.5
2021-06-17 12:03:00,0.0,-442.5,-442.5
2021-06-17 12:04:00,0.0,-172.5,-172.5
2021-06-17 12:05:00,0.0,142.5,142.5
2021-06-17 12:06:00,0.0,187.5,187.5
2021-06-17 12:07:00,0.0,48.75,48.75
2021-06-17 12:08:00,0.0,97.5,97.5
2021-06-17 12:09:00,0.0,108.75,108.75
2021-06-17 12:10:00,0.0,108.75,108.75
2021-06-17 12:11:00,0.0,-3.75,-3.75
2021-06-17 12:12:00,0.0,-7.5,-7.5
2021-06-17 12:13:00,0.0,67.5,67.5
2021-06-17 12:14:00,0.0,-56.25,-56.25
2021-06-17 12:15:00,0.0,-75.0,-75.0
2021-06-17 12:16:00,0.0,-202.5,-202.5
2021-06-17 12:17:00,0.0,-307.5,-307.5
2021-06-17 12:18:00,0.0,-551.25,-551.25
2021-06-17 12:19:00,0.0,-345.0,-345.0
2021-06-17 12:20:00,0.0,-423.75,-423.75
2021-06-17 12:21:00,-198.75,-210.0,-408.75
2021-06-17 12:22:00,-348.75,-82.5,-431.25
2021-06-17 12:23:00,-326.25,-93.75,-420.0
2021-06-17 12:24:00,-217.5,-183.75,-401.25
2021-06-17 12:25:00,30.0,-487.5,-457.5
2021-06-17 12:26:00,-93.75,-386.25,-480.0
2021-06-17 12:27:00,-78.75,-337.5,-416.25
2021-06-17 12:28:00,7.5,-401.25,-393.75
2021-06-17 12:29:00,-67.5,-326.25,-393.75
2021-06-17 12:30:00,105.0,-495.0,-390.0
2021-06-17 12:31:00,-116.25,-240.0,-356.25
2021-06-17 12:32:00,-281.25,-112.5,-393.75
2021-06-17 12:33:00,-236.25,-191.25,-427.5
2021-06-17 12:34:00,-281.25,-60.0,-341.25
2021-06-17 12:35:00,-435.0,67.5,-367.5
2021-06-17 12:36:00,-345.0,-11.25,-356.25
2021-06-17 12:37:00,-480.0,120.0,-360.0
2021-06-17 12:38:00,-577.5,202.5,-375.0
2021-06-17 12:39:00,-581.25,213.75,-367.5
2021-06-17 12:40:00,-671.25,285.0,-386.25
2021-06-17 12:41:00,-483.75,127.5,-356.25
2021-06-17 12:42:00,-251.25,-7.5,-258.75
2021-06-17 12:43:00,-127.5,-97.5,-225.0
2021-06-17 12:44:00,-521.25,247.5,-273.75
2021-06-17 12:45:00,-532.5,157.5,-375.0
2021-06-17 12:46:00,-408.75,101.25,-307.5
2021-06-17 12:47:00,-663.75,236.25,-427.5
2021-06-17 12:48:00,-911.25,356.25,-555.0
2021-06-17 12:49:00,-948.75,408.75,-540.0
2021-06-17 12:50:00,-806.25,386.25,-420.0
2021-06-17 12:51:00,-900.0,405.0,-495.0
2021-06-17 12:52:00,-896.25,378.75,-517.5
2021-06-17 12:53:00,-802.5,360.0,-442.5
2021-06-17 12:54:00,-761.25,352.5,-408.75
2021-06-17 12:55:00,-776.25,345.0,-431.25
2021-06-17 12:56:00,-798.75,405.0,-393.75
2021-06-17 12:57:00,-825.0,446.25,-378.75
2021-06-17 12:58:00,-933.75,495.0,-438.75
2021-06-17 12:59:00,-772.5,420.0,-352.5
2021-06-17 13:00:00,-753.75,405.0,-348.75
2021-06-17 13:01:00,-648.75,345.0,-303.75
2021-06-17 13:02:00,-667.5,367.5,-300.0
2021-06-17 13:03:00,-802.5,476.25,-326.25
2021-06-17 13:04:00,-948.75,551.25,-397.5
2021-06-17 13:05:00,-1365.0,765.0,-600.0
2021-06-17 13:06:00,-1057.5,746.25,-311.25
2021-06-17 13:07:00,-1061.25,705.0,-356.25
2021-06-17 13:08:00,-1057.5,686.25,-371.25
2021-06-17 13:09:00,-1117.5,720.0,-397.5
2021-06-17 13:10:00,-1065.0,727.5,-337.5
2021-06-17 13:11:00,-1147.5,768.75,-378.75
2021-06-17 13:12:00,-1316.25,858.75,-457.5
2021-06-17 13:13:00,-750.0,588.75,-161.25
2021-06-17 13:14:00,-780.0,645.0,-135.0
2021-06-17 13:15:00,-716.25,547.5,-168.75
2021-06-17 13:16:00,-600.0,461.25,-138.75
2021-06-17 13:17:00,-600.0,476.25,-123.75
2021-06-17 13:18:00,-596.25,483.75,-112.5
2021-06-17 13:19:00,-697.5,585.0,-112.5
2021-06-17 13:20:00,-547.5,510.0,-37.5
2021-06-17 13:21:00,-611.25,555.0,-56.25
2021-06-17 13:22:00,303.75,63.75,367.5
2021-06-17 13:23:00,187.5,273.75,461.25
2021-06-17 13:24:00,330.0,127.5,457.5
2021-06-17 13:25:00,168.75,243.75,412.5
2021-06-17 13:26:00,60.0,386.25,446.25
2021-06-17 13:27:00,112.5,318.75,431.25
2021-06-17 13:28:00,-41.25,397.5,356.25
2021-06-17 13:29:00,56.25,352.5,408.75
2021-06-17 13:30:00,288.75,232.5,521.25
2021-06-17 13:31:00,266.25,198.75,465.0
2021-06-17 13:32:00,198.75,281.25,480.0
2021-06-17 13:33:00,37.5,416.25,453.75
2021-06-17 13:34:00,-326.25,660.0,333.75
2021-06-17 13:35:00,-476.25,712.5,236.25
2021-06-17 13:36:00,-333.75,660.0,326.25
2021-06-17 13:37:00,-701.25,795.0,93.75
2021-06-17 13:38:00,-656.25,783.75,127.5
2021-06-17 13:39:00,-622.5,761.25,138.75
2021-06-17 13:40:00,-686.25,821.25,135.0
2021-06-17 13:41:00,-712.5,791.25,78.75
2021-06-17 13:42:00,-510.0,686.25,176.25
2021-06-17 13:43:00,-292.5,648.75,356.25
2021-06-17 13:44:00,-401.25,682.5,281.25
2021-06-17 13:45:00,-232.5,607.5,375.0
2021-06-17 13:46:00,-225.0,607.5,382.5
2021-06-17 13:47:00,-11.25,487.5,476.25
2021-06-17 13:48:00,-41.25,491.25,450.0
2021-06-17 13:49:00,-153.75,600.0,446.25
2021-06-17 13:50:00,-232.5,690.0,457.5
2021-06-17 13:51:00,-11.25,495.0,483.75
2021-06-17 13:52:00,157.5,375.0,532.5
2021-06-17 13:53:00,195.0,326.25,521.25
2021-06-17 13:54:00,281.25,386.25,667.5
2021-06-17 13:55:00,187.5,480.0,667.5
2021-06-17 13:56:00,202.5,431.25,633.75
2021-06-17 13:57:00,195.0,420.0,615.0
2021-06-17 13:58:00,247.5,356.25,603.75
2021-06-17 13:59:00,446.25,228.75,675.0
2021-06-17 14:00:00,221.25,427.5,648.75
2021-06-17 14:01:00,401.25,262.5,663.75
2021-06-17 14:02:00,255.0,375.0,630.0
2021-06-17 14:03:00,390.0,266.25,656.25
2021-06-17 14:04:00,330.0,288.75,618.75
2021-06-17 14:05:00,416.25,285.0,701.25
2021-06-17 14:06:00,483.75,221.25,705.0
2021-06-17 14:07:00,761.25,-210.0,551.25
2021-06-17 14:08:00,900.0,-727.5,172.5
2021-06-17 14:09:00,1083.75,-690.0,393.75
2021-06-17 14:10:00,1027.5,-506.25,521.25
2021-06-17 14:11:00,1076.25,-633.75,442.5
2021-06-17 14:12:00,1215.0,-810.0,405.0
2021-06-17 14:13:00,1215.0,-731.25,483.75
2021-06-17 14:14:00,1440.0,-1271.25,168.75
2021-06-17 14:15:00,1657.5,-2478.75,-821.25
2021-06-17 14:16:00,1556.25,-2100.0,-543.75
2021-06-17 14:17:00,1462.5,-1578.75,-116.25
2021-06-17 14:18:00,1620.0,-1998.75,-378.75
2021-06-17 14:19:00,1590.0,-1758.75,-168.75
2021-06-17 14:20:00,1608.75,-1972.5,-363.75
2021-06-17 14:21:00,1650.0,-2100.0,-450.0
2021-06-17 14:22:00,1676.25,-2092.5,-416.25
2021-06-17 14:23:00,1871.25,-3240.0,-1368.75
2021-06-17 14:24:00,1886.25,-3806.25,-1920.0
2021-06-17 14:25:00,1890.0,-3596.25,-1706.25
2021-06-17 14:26:00,1890.0,-3018.75,-1128.75
2021-06-17 14:27:00,1890.0,-2996.25,-1106.25
2021-06-17 14:28:00,1890.0,-2673.75,-783.75
2021-06-17 14:29:00,1890.0,-2583.75,-693.75
2021-06-17 14:30:00,1890.0,-2261.25,-371.25
2021-06-17 14:31:00,1890.0,-2261.25,-371.25
2021-06-17 14:32:00,1890.0,-2261.25,-371.25
2021-06-17 14:33:00,1890.0,-2261.25,-371.25
2021-06-17 14:34:00,1890.0,-2261.25,-371.25
2021-06-17 14:35:00,1890.0,-2261.25,-371.25
2021-06-17 14:36:00,1890.0,-2261.25,-371.25
2021-06-17 14:37:00,1890.0,-2261.25,-371.25
2021-06-17 14:38:00,1890.0,-2261.25,-371.25
2021-06-17 14:39:00,1890.0,-2261.25,-371.25
2021-06-17 14:40:00,1890.0,-2261.25,-371.25
2021-06-17 14:41:00,1890.0,-2261.25,-371.25
2021-06-17 14:42:00,1890.0,-2261.25,-371.25
2021-06-17 14:43:00,1890.0,-2261.25,-371.25
2021-06-17 14:44:00,1890.0,-2261.25,-371.25
2021-06-17 14:45:00,1890.0,-2261.25,-371.25
2021-06-17 14:46:00,1890.0,-2261.25,-371.25
2021-06-17 14:47:00,1890.0,-2261.25,-371.25
2021-06-17 14:48:00,1890.0,-2261.25,-371.25
2021-06-17 14:49:00,1890.0,-2261.25,-371.25
2021-06-17 14:50:00,1890.0,-2261.25,-371.25
2021-06-17 14:51:00,1890.0,-2261.25,-371.25
2021-06-17 14:52:00,1890.0,-2261.25,-371.25
2021-06-17 14:53:00,1890.0,-2261.25,-371.25
2021-06-17 14:54:00,1890.0,-2261.25,-371.25
2021-06-17 14:55:00,1890.0,-2261.25,-371.25
2021-06-17 14:56:00,1890.0,-2261.25,-371.25
2021-06-17 14:57:00,1890.0,-2261.25,-371.25
2021-06-17 14:58:00,1890.0,-2261.25,-371.25
2021-06-17 14:59:00,1890.0,-2261.25,-371.25
2021-06-17 15:00:00,1890.0,-2261.25,-371.25
2021-06-17 15:01:00,1890.0,-2261.25,-371.25
2021-06-17 15:02:00,1890.0,-2261.25,-371.25
2021-06-17 15:03:00,1890.0,-2261.25,-371.25
2021-06-17 15:04:00,1890.0,-2261.25,-371.25
2021-06-17 15:05:00,1890.0,-2261.25,-371.25
2021-06-17 15:06:00,1890.0,-2261.25,-371.25
2021-06-17 15:07:00,1890.0,-2261.25,-371.25
2021-06-17 15:08:00,1890.0,-2261.25,-371.25
2021-06-17 15:09:00,1890.0,-2261.25,-371.25
2021-06-17 15:10:00,1890.0,-2261.25,-371.25
2021-06-17 15:11:00,1890.0,-2261.25,-371.25
2021-06-17 15:12:00,1890.0,-2261.25,-371.25
2021-06-17 15:13:00,1890.0,-2261.25,-371.25
2021-06-17 15:14:00,1890.0,-2261.25,-371.25
2021-06-17 15:15:00,1890.0,-2261.25,-371.25
2021-06-17 15:16:00,1890.0,-2261.25,-371.25
2021-06-17 15:17:00,1890.0,-2261.25,-371.25
2021-06-17 15:18:00,1890.0,-2261.25,-371.25
2021-06-17 15:19:00,1890.0,-2261.25,-371.25
2021-06-17 15:20:00,1890.0,-2261.25,-371.25
2021-06-17 15:21:00,1890.0,-2261.25,-371.25
2021-06-17 15:22:00,1890.0,-2261.25,-371.25
2021-06-17 15:23:00,1890.0,-2261.25,-371.25
2021-06-17 15:24:00,1890.0,-2261.25,-371.25
2021-06-17 15:25:00,1890.0,-2261.25,-371.25
2021-06-17 15:26:00,1890.0,-2261.25,-371.25
2021-06-17 15:27:00,1890.0,-2261.25,-371.25
2021-06-17 15:28:00,1890.0,-2261.25,-371.25
2021-06-17 15:29:00,1890.0,-2261.25,-371.25
2021-06-17 15:30:00,1890.0,-2261.25,-371.25
2021-06-24 10:15:00,0.0,0.0,0.0
2021-06-24 10:16:00,-30.0,48.75,18.75
2021-06-24 10:17:00,-7.5,-30.0,-37.5
2021-06-24 10:18:00,-48.75,63.75,15.0
2021-06-24 10:19:00,-67.5,105.0,37.5
2021-06-24 10:20:00,-78.75,135.0,56.25
2021-06-24 10:21:00,-52.5,93.75,41.25
2021-06-24 10:22:00,-97.5,112.5,15.0
2021-06-24 10:23:00,-22.5,60.0,37.5
2021-06-24 10:24:00,-45.0,82.5,37.5
2021-06-24 10:25:00,-78.75,135.0,56.25
2021-06-24 10:26:00,-97.5,161.25,63.75
2021-06-24 10:27:00,-116.25,142.5,26.25
2021-06-24 10:28:00,-135.0,187.5,52.5
2021-06-24 10:29:00,-150.0,172.5,22.5
2021-06-24 10:30:00,-135.0,180.0,45.0
2021-06-24 10:31:00,-138.75,172.5,33.75
2021-06-24 10:32:00,-112.5,153.75,41.25
2021-06-24 10:33:00,-97.5,157.5,60.0
2021-06-24 10:34:00,-97.5,172.5,75.0
2021-06-24 10:35:00,-131.25,213.75,82.5
2021-06-24 10:36:00,-138.75,232.5,93.75
2021-06-24 10:37:00,-176.25,262.5,86.25
2021-06-24 10:38:00,-195.0,292.5,97.5
2021-06-24 10:39:00,-206.25,285.0,78.75
2021-06-24 10:40:00,-146.25,266.25,120.0
2021-06-24 10:41:00,-225.0,367.5,142.5
2021-06-24 10:42:00,-198.75,363.75,165.0
2021-06-24 10:43:00,-206.25,371.25,165.0
2021-06-24 10:44:00,-221.25,390.0,168.75
2021-06-24 10:45:00,-228.75,375.0,146.25
2021-06-24 10:46:00,-217.5,386.25,168.75
2021-06-24 10:47:00,-180.0,356.25,176.25
2021-06-24 10:48:00,-202.5,375.0,172.5
2021-06-24 10:49:00,-142.5,337.5,195.0
2021-06-24 10:50:00,-202.5,401.25,198.75
2021-06-24 10:51:00,-202.5,408.75,206.25
2021-06-24 10:52:00,-247.5,416.25,168.75
2021-06-24 10:53:00,-198.75,405.0,206.25
2021-06-24 10:54:00,-202.5,408.75,206.25
2021-06-24 10:55:00,-198.75,397.5,198.75
2021-06-24 10:56:00,-131.25,378.75,247.5
2021-06-24 10:57:00,-105.0,352.5,247.5
2021-06-24 10:58:00,-108.75,363.75,255.0
2021-06-24 10:59:00,-45.0,345.0,300.0
2021-06-24 11:00:00,-105.0,378.75,273.75
2021-06-24 11:01:00,-176.25,453.75,277.5
2021-06-24 11:02:00,-176.25,427.5,251.25
2021-06-24 11:03:00,-191.25,435.0,243.75
2021-06-24 11:04:00,-176.25,427.5,251.25
2021-06-24 11:05:00,-138.75,431.25,292.5
2021-06-24 11:06:00,-146.25,408.75,262.5
2021-06-24 11:07:00,-153.75,450.0,296.25
2021-06-24 11:08:00,-172.5,423.75,251.25
2021-06-24 11:09:00,-180.0,450.0,270.0
2021-06-24 11:10:00,-206.25,457.5,251.25
2021-06-24 11:11:00,-187.5,465.0,277.5
2021-06-24 11:12:00,-206.25,491.25,285.0
2021-06-24 11:13:00,-183.75,483.75,300.0
2021-06-24 11:14:00,-165.0,468.75,303.75
2021-06-24 11:15:00,-157.5,465.0,307.5
2021-06-24 11:16:00,-142.5,457.5,315.0
2021-06-24 11:17:00,-127.5,453.75,326.25
2021-06-24 11:18:00,-127.5,446.25,318.75
2021-06-24 11:19:00,-108.75,435.0,326.25
2021-06-24 11:20:00,-172.5,498.75,326.25
2021-06-24 11:21:00,-176.25,476.25,300.0
2021-06-24 11:22:00,-127.5,476.25,348.75
2021-06-24 11:23:00,-168.75,506.25,337.5
2021-06-24 11:24:00,-153.75,491.25,337.5
2021-06-24 11:25:00,-123.75,476.25,352.5
2021-06-24 11:26:00,-131.25,487.5,356.25
2021-06-24 11:27:00,-112.5,468.75,356.25
2021-06-24 11:28:00,-116.25,465.0,348.75
2021-06-24 11:29:00,-123.75,468.75,345.0
2021-06-24 11:30:00,-120.0,461.25,341.25
2021-06-24 11:31:00,-37.5,420.0,382.5
2021-06-24 11:32:00,-52.5,416.25,363.75
2021-06-24 11:33:00,3.75,397.5,401.25
2021-06-24 11:34:00,63.75,352.5,416.25
2021-06-24 11:35:00,22.5,393.75,416.25
2021-06-24 11:36:00,15.0,423.75,438.75
2021-06-24 11:37:00,60.0,360.0,420.0
2021-06-24 11:38:00,33.75,401.25,435.0
2021-06-24 11:39:00,63.75,375.0,438.75
2021-06-24 11:40:00,93.75,322.5,416.25
2021-06-24 11:41:00,108.75,326.25,435.0
2021-06-24 11:42:00,82.5,360.0,442.5
2021-06-24 11:43:00,63.75,390.0,453.75
2021-06-24 11:44:00,60.0,382.5,442.5
2021-06-24 11:45:00,82.5,378.75,461.25
2021-06-24 11:46:00,67.5,386.25,453.75
2021-06-24 11:47:00,18.75,491.25,510.0
2021-06-24 11:48:00,-7.5,476.25,468.75
2021-06-24 11:49:00,3.75,472.5,476.25
2021-06-24 11:50:00,7.5,446.25,453.75
2021-06-24 11:51:00,45.0,427.5,472.5
2021-06-24 11:52:00,71.25,382.5,453.75
2021-06-24 11:53:00,60.0,367.5,427.5
2021-06-24 11:54:00,30.0,397.5,427.5
2021-06-24 11:55:00,33.75,405.0,438.75
2021-06-24 11:56:00,48.75,382.5,431.25
2021-06-24 11:57:00,90.0,348.75,438.75
2021-06-24 11:58:00,67.5,378.75,446.25
2021-06-24 11:59:00,71.25,352.5,423.75
2021-06-24 12:00:00,71.25,371.25,442.5
2021-06-24 12:01:00,75.0,378.75,453.75
2021-06-24 12:02:00,37.5,427.5,465.0
2021-06-24 12:03:00,22.5,435.0,457.5
2021-06-24 12:04:00,60.0,386.25,446.25
2021-06-24 12:05:00,41.25,397.5,438.75
2021-06-24 12:06:00,56.25,405.0,461.25
2021-06-24 12:07:00,45.0,397.5,442.5
2021-06-24 12:08:00,45.0,393.75,438.75
2021-06-24 12:09:00,60.0,393.75,453.75
2021-06-24 12:10:00,78.75,386.25,465.0
2021-06-24 12:11:00,18.75,506.25,525.0
2021-06-24 12:12:00,-161.25,660.0,498.75
2021-06-24 12:13:00,-360.0,716.25,356.25
2021-06-24 12:14:00,-330.0,705.0,375.0
2021-06-24 12:15:00,-348.75,705.0,356.25
2021-06-24 12:16:00,-375.0,720.0,345.0
2021-06-24 12:17:00,-322.5,738.75,416.25
2021-06-24 12:18:00,-311.25,712.5,401.25
2021-06-24 12:19:00,-352.5,720.0,367.5
2021-06-24 12:20:00,-720.0,746.25,26.25
2021-06-24 12:21:00,-735.0,787.5,52.5
2021-06-24 12:22:00,-690.0,768.75,78.75
2021-06-24 12:23:00,-446.25,738.75,292.5
2021-06-24 12:24:00,-446.25,735.0,288.75
2021-06-24 12:25:00,-442.5,690.0,247.5
2021-06-24 12:26:00,-435.0,697.5,262.5
2021-06-24 12:27:00,-255.0,667.5,412.5
2021-06-24 12:28:00,-285.0,660.0,375.0
2021-06-24 12:29:00,-217.5,633.75,416.25
2021-06-24 12:30:00,-236.25,652.5,416.25
2021-06-24 12:31:00,-258.75,667.5,408.75
2021-06-24 12:32:00,-315.0,652.5,337.5
2021-06-24 12:33:00,-442.5,697.5,255.0
2021-06-24 12:34:00,-450.0,735.0,285.0
2021-06-24 12:35:00,-461.25,746.25,285.0
2021-06-24 12:36:00,-607.5,746.25,138.75
2021-06-24 12:37:00,-566.25,757.5,191.25
2021-06-24 12:38:00,-532.5,735.0,202.5
2021-06-24 12:39:00,-547.5,750.0,202.5
2021-06-24 12:40:00,-562.5,761.25,198.75
2021-06-24 12:41:00,-615.0,746.25,131.25
2021-06-24 12:42:00,-667.5,765.0,97.5
2021-06-24 12:43:00,-562.5,750.0,187.5
2021-06-24 12:44:00,-611.25,776.25,165.0
2021-06-24 12:45:00,-742.5,795.0,52.5
2021-06-24 12:46:00,-731.25,810.0,78.75
2021-06-24 12:47:00,-708.75,791.25,82.5
2021-06-24 12:48:00,-626.25,783.75,157.5
2021-06-24 12:49:00,-596.25,783.75,187.5
2021-06-24 12:50:00,-566.25,783.75,217.5
2021-06-24 12:51:00,-731.25,802.5,71.25
2021-06-24 12:52:00,-720.0,802.5,82.5
2021-06-24 12:53:00,-693.75,798.75,105.0
2021-06-24 12:54:00,-667.5,795.0,127.5
2021-06-24 12:55:00,-667.5,798.75,131.25
2021-06-24 12:56:00,-697.5,810.0,112.5
2021-06-24 12:57:00,-566.25,802.5,236.25
2021-06-24 12:58:00,-573.75,806.25,232.5
2021-06-24 12:59:00,-480.0,813.75,333.75
2021-06-24 13:00:00,-386.25,795.0,408.75
2021-06-24 13:01:00,-435.0,802.5,367.5
2021-06-24 13:02:00,-581.25,870.0,288.75
2021-06-24 13:03:00,-611.25,873.75,262.5
2021-06-24 13:04:00,-630.0,892.5,262.5
2021-06-24 13:05:00,-555.0,888.75,333.75
2021-06-24 13:06:00,-607.5,900.0,292.5
2021-06-24 13:07:00,-630.0,907.5,277.5
2021-06-24 13:08:00,-645.0,933.75,288.75
2021-06-24 13:09:00,-682.5,941.25,258.75
2021-06-24 13:10:00,-746.25,967.5,221.25
2021-06-24 13:11:00,-798.75,971.25,172.5
2021-06-24 13:12:00,-765.0,971.25,206.25
2021-06-24 13:13:00,-757.5,963.75,206.25
2021-06-24 13:14:00,-802.5,967.5,165.0
2021-06-24 13:15:00,-1245.0,986.25,-258.75
2021-06-24 13:16:00,-1305.0,1020.0,-285.0
2021-06-24 13:17:00,-1080.0,1020.0,-60.0
2021-06-24 13:18:00,-997.5,1012.5,15.0
2021-06-24 13:19:00,-1072.5,1016.25,-56.25
2021-06-24 13:20:00,-1012.5,1023.75,11.25
2021-06-24 13:21:00,-982.5,1027.5,45.0
2021-06-24 13:22:00,-1151.25,1031.25,-120.0
2021-06-24 13:23:00,-945.0,1020.0,75.0
2021-06-24 13:24:00,-810.0,1016.25,206.25
2021-06-24 13:25:00,-750.0,1001.25,251.25
2021-06-24 13:26:00,-663.75,978.75,315.0
2021-06-24 13:27:00,-900.0,982.5,82.5
2021-06-24 13:28:00,-866.25,975.0,108.75
2021-06-24 13:29:00,-870.0,975.0,105.0
2021-06-24 13:30:00,-828.75,967.5,138.75
2021-06-24 13:31:00,-948.75,971.25,22.5
2021-06-24 13:32:00,-903.75,963.75,60.0
2021-06-24 13:33:00,-825.0,956.25,131.25
2021-06-24 13:34:00,-836.25,956.25,120.0
2021-06-24 13:35:00,-930.0,967.5,37.5
2021-06-24 13:36:00,-956.25,971.25,15.0
2021-06-24 13:37:00,-926.25,978.75,52.5
2021-06-24 13:38:00,-1027.5,1001.25,-26.25
2021-06-24 13:39:00,-1098.75,997.5,-101.25
2021-06-24 13:40:00,-1245.0,1012.5,-232.5
2021-06-24 13:41:00,-1215.0,1001.25,-213.75
2021-06-24 13:42:00,-1443.75,1038.75,-405.0
2021-06-24 13:43:00,-1338.75,1057.5,-281.25
2021-06-24 13:44:00,-1237.5,1027.5,-210.0
2021-06-24 13:45:00,-1128.75,1020.0,-108.75
2021-06-24 13:46:00,-1203.75,1008.75,-195.0
2021-06-24 13:47:00,-1290.0,1042.5,-247.5
2021-06-24 13:48:00,-1230.0,1038.75,-191.25
2021-06-24 13:49:00,-1207.5,1027.5,-180.0
2021-06-24 13:50:00,-1218.75,1023.75,-195.0
2021-06-24 13:51:00,-498.75,997.5,498.75
2021-06-24 13:52:00,-858.75,997.5,138.75
2021-06-24 13:53:00,-873.75,1012.5,138.75
2021-06-24 13:54:00,-873.75,1020.0,146.25
2021-06-24 13:55:00,-813.75,1008.75,195.0
2021-06-24 13:56:00,-1001.25,1020.0,18.75
2021-06-24 13:57:00,-1068.75,1016.25,-52.5
2021-06-24 13:58:00,-1072.5,1020.0,-52.5
2021-06-24 13:59:00,-1050.0,1027.5,-22.5
2021-06-24 14:00:00,-960.0,1031.25,71.25
2021-06-24 14:01:00,-1050.0,1031.25,-18.75
2021-06-24 14:02:00,-960.0,1023.75,63.75
2021-06-24 14:03:00,-1151.25,1046.25,-105.0
2021-06-24 14:04:00,-1361.25,1072.5,-288.75
2021-06-24 14:05:00,-1365.0,1068.75,-296.25
2021-06-24 14:06:00,-1383.75,1177.5,-206.25
2021-06-24 14:07:00,-1282.5,1117.5,-165.0
2021-06-24 14:08:00,-1436.25,1301.25,-135.0
2021-06-24 14:09:00,-1361.25,1301.25,-60.0
2021-06-24 14:10:00,-1496.25,1732.5,236.25
2021-06-24 14:11:00,-1342.5,1623.75,281.25
2021-06-24 14:12:00,-1128.75,1507.5,378.75
2021-06-24 14:13:00,-1117.5,1443.75,326.25
2021-06-24 14:14:00,-1166.25,1537.5,371.25
2021-06-24 14:15:00,-1252.5,1620.0,367.5
2021-06-24 14:16:00,-1091.25,1413.75,322.5
2021-06-24 14:17:00,-802.5,1162.5,360.0
2021-06-24 14:18:00,-911.25,1102.5,191.25
2021-06-24 14:19:00,-791.25,911.25,120.0
2021-06-24 14:20:00,-873.75,1166.25,292.5
2021-06-24 14:21:00,-847.5,1128.75,281.25
2021-06-24 14:22:00,-678.75,870.0,191.25
2021-06-24 14:23:00,-427.5,645.0,217.5
2021-06-24 14:24:00,22.5,202.5,225.0
2021-06-24 14:25:00,236.25,-157.5,78.75
2021-06-24 14:26:00,341.25,-596.25,-255.0
2021-06-24 14:27:00,390.0,-408.75,-18.75
2021-06-24 14:28:00,210.0,131.25,341.25
2021-06-24 14:29:00,213.75,367.5,581.25
2021-06-24 14:30:00,123.75,967.5,1091.25
2021-06-24 14:31:00,-228.75,1526.25,1297.5
2021-06-24 14:32:00,-288.75,1687.5,1398.75
2021-06-24 14:33:00,-442.5,1781.25,1338.75
2021-06-24 14:34:00,-446.25,2070.0,1623.75
2021-06-24 14:35:00,-228.75,1848.75,1620.0
2021-06-24 14:36:00,-277.5,1815.0,1537.5
2021-06-24 14:37:00,-97.5,1563.75,1466.25
2021-06-24 14:38:00,-243.75,1856.25,1612.5
2021-06-24 14:39:00,-300.0,1983.75,1683.75
2021-06-24 14:40:00,-393.75,2010.0,1616.25
2021-06-24 14:41:00,-157.5,1878.75,1721.25
2021-06-24 14:42:00,-168.75,1770.0,1601.25
2021-06-24 14:43:00,-120.0,1773.75,1653.75
2021-06-24 14:44:00,-63.75,1878.75,1815.0
2021-06-24 14:45:00,-307.5,2291.25,1983.75
2021-06-24 14:46:00,-82.5,2100.0,2017.5
2021-06-24 14:47:00,270.0,1672.5,1942.5
2021-06-24 14:48:00,-97.5,1987.5,1890.0
2021-06-24 14:49:00,-90.0,2201.25,2111.25
2021-06-24 14:50:00,-33.75,1923.75,1890.0
2021-06-24 14:51:00,-90.0,2148.75,2058.75
2021-06-24 14:52:00,-168.75,2201.25,2032.5
2021-06-24 14:53:00,-270.0,2400.0,2130.0
2021-06-24 14:54:00,-217.5,2430.0,2212.5
2021-06-24 14:55:00,-540.0,2715.0,2175.0
2021-06-24 14:56:00,-513.75,2767.5,2253.75
2021-06-24 14:57:00,-502.5,2793.75,2291.25
2021-06-24 14:58:00,-236.25,2790.0,2553.75
2021-06-24 14:59:00,-206.25,2707.5,2501.25
2021-06-24 15:00:00,-60.0,2741.25,2681.25
2021-06-24 15:01:00,487.5,2493.75,2981.25
2021-06-24 15:02:00,641.25,2276.25,2917.5
2021-06-24 15:03:00,446.25,2951.25,3397.5
2021-06-24 15:04:00,588.75,2932.5,3521.25
2021-06-24 15:05:00,708.75,2505.0,3213.75
2021-06-24 15:06:00,780.0,2508.75,3288.75
2021-06-24 15:07:00,813.75,2355.0,3168.75
2021-06-24 15:08:00,795.0,2696.25,3491.25
2021-06-24 15:09:00,873.75,2343.75,3217.5
2021-06-24 15:10:00,858.75,2606.25,3465.0
2021-06-24 15:11:00,843.75,2760.0,3603.75
2021-06-24 15:12:00,836.25,2741.25,3577.5
2021-06-24 15:13:00,840.0,2887.5,3727.5
2021-06-24 15:14:00,825.0,3026.25,3851.25
2021-06-24 15:15:00,892.5,2940.0,3832.5
2021-06-24 15:16:00,903.75,2936.25,3840.0
2021-06-24 15:17:00,918.75,2917.5,3836.25
2021-06-24 15:18:00,918.75,2910.0,3828.75
2021-06-24 15:19:00,930.0,2711.25,3641.25
2021-06-24 15:20:00,937.5,2831.25,3768.75
2021-06-24 15:21:00,937.5,2831.25,3768.75
2021-06-24 15:22:00,937.5,2831.25,3768.75
2021-06-24 15:23:00,937.5,2831.25,3768.75
2021-06-24 15:24:00,937.5,2831.25,3768.75
2021-06-24 15:25:00,937.5,2831.25,3768.75
2021-06-24 15:26:00,937.5,2831.25,3768.75
2021-06-24 15:27:00,937.5,2831.25,3768.75
2021-06-24 15:28:00,937.5,2831.25,3768.75
2021-06-24 15:29:00,937.5,2831.25,3768.75
2021-06-24 15:30:00,937.5,2831.25,3768.75
2021-07-01 10:15:00,0.0,0.0,0.0
2021-07-01 10:16:00,26.25,-30.0,-3.75
2021-07-01 10:17:00,15.0,15.0,30.0
2021-07-01 10:18:00,0.0,0.0,0.0
2021-07-01 10:19:00,37.5,-60.0,-22.5
2021-07-01 10:20:00,60.0,-60.0,0.0
2021-07-01 10:21:00,0.0,-18.75,-18.75
2021-07-01 10:22:00,-30.0,11.25,-18.75
2021-07-01 10:23:00,-7.5,0.0,-7.5
2021-07-01 10:24:00,-41.25,45.0,3.75
2021-07-01 10:25:00,-86.25,67.5,-18.75
2021-07-01 10:26:00,-123.75,116.25,-7.5
2021-07-01 10:27:00,-82.5,63.75,-18.75
2021-07-01 10:28:00,-86.25,71.25,-15.0
2021-07-01 10:29:00,-63.75,75.0,11.25
2021-07-01 10:30:00,11.25,11.25,22.5
2021-07-01 10:31:00,153.75,-30.0,123.75
2021-07-01 10:32:00,157.5,-60.0,97.5
2021-07-01 10:33:00,187.5,-108.75,78.75
2021-07-01 10:34:00,157.5,-52.5,105.0
2021-07-01 10:35:00,213.75,-82.5,131.25
2021-07-01 10:36:00,210.0,-120.0,90.0
2021-07-01 10:37:00,176.25,-56.25,120.0
2021-07-01 10:38:00,191.25,-63.75,127.5
2021-07-01 10:39:00,221.25,-101.25,120.0
2021-07-01 10:40:00,341.25,-172.5,168.75
2021-07-01 10:41:00,356.25,-232.5,123.75
2021-07-01 10:42:00,360.0,-221.25,138.75
2021-07-01 10:43:00,405.0,-255.0,150.0
2021-07-01 10:44:00,345.0,-146.25,198.75
2021-07-01 10:45:00,378.75,-228.75,150.0
2021-07-01 10:46:00,397.5,-251.25,146.25
2021-07-01 10:47:00,360.0,-187.5,172.5
2021-07-01 10:48:00,378.75,-240.0,138.75
2021-07-01 10:49:00,360.0,-180.0,180.0
2021-07-01 10:50:00,356.25,-187.5,168.75
2021-07-01 10:51:00,420.0,-266.25,153.75
2021-07-01 10:52:00,442.5,-300.0,142.5
2021-07-01 10:53:00,476.25,-446.25,30.0
2021-07-01 10:54:00,540.0,-446.25,93.75
2021-07-01 10:55:00,521.25,-401.25,120.0
2021-07-01 10:56:00,498.75,-337.5,161.25
2021-07-01 10:57:00,465.0,-240.0,225.0
2021-07-01 10:58:00,412.5,-198.75,213.75
2021-07-01 10:59:00,442.5,-120.0,322.5
2021-07-01 11:00:00,427.5,-131.25,296.25
2021-07-01 11:01:00,382.5,-33.75,348.75
2021-07-01 11:02:00,356.25,18.75,375.0
2021-07-01 11:03:00,345.0,30.0,375.0
2021-07-01 11:04:00,330.0,131.25,461.25
2021-07-01 11:05:00,322.5,97.5,420.0
2021-07-01 11:06:00,333.75,60.0,393.75
2021-07-01 11:07:00,315.0,63.75,378.75
2021-07-01 11:08:00,348.75,37.5,386.25
2021-07-01 11:09:00,337.5,82.5,420.0
2021-07-01 11:10:00,397.5,18.75,416.25
2021-07-01 11:11:00,345.0,56.25,401.25
2021-07-01 11:12:00,345.0,41.25,386.25
2021-07-01 11:13:00,345.0,67.5,412.5
2021-07-01 11:14:00,337.5,63.75,401.25
2021-07-01 11:15:00,352.5,60.0,412.5
2021-07-01 11:16:00,348.75,22.5,371.25
2021-07-01 11:17:00,315.0,41.25,356.25
2021-07-01 11:18:00,240.0,105.0,345.0
2021-07-01 11:19:00,221.25,135.0,356.25
2021-07-01 11:20:00,300.0,86.25,386.25
2021-07-01 11:21:00,300.0,71.25,371.25
2021-07-01 11:22:00,386.25,7.5,393.75
2021-07-01 11:23:00,367.5,22.5,390.0
2021-07-01 11:24:00,416.25,-11.25,405.0
2021-07-01 11:25:00,405.0,-15.0,390.0
2021-07-01 11:26:00,386.25,0.0,386.25
2021-07-01 11:27:00,356.25,63.75,420.0
2021-07-01 11:28:00,382.5,41.25,423.75
2021-07-01 11:29:00,393.75,30.0,423.75
2021-07-01 11:30:00,438.75,3.75,442.5
2021-07-01 11:31:00,461.25,-37.5,423.75
2021-07-01 11:32:00,600.0,-120.0,480.0
2021-07-01 11:33:00,558.75,-138.75,420.0
2021-07-01 11:34:00,566.25,-161.25,405.0
2021-07-01 11:35:00,566.25,-146.25,420.0
2021-07-01 11:36:00,528.75,-97.5,431.25
2021-07-01 11:37:00,532.5,-63.75,468.75
2021-07-01 11:38:00,536.25,-101.25,435.0
2021-07-01 11:39:00,547.5,-105.0,442.5
2021-07-01 11:40:00,570.0,-172.5,397.5
2021-07-01 11:41:00,573.75,-195.0,378.75
2021-07-01 11:42:00,547.5,-123.75,423.75
2021-07-01 11:43:00,483.75,-15.0,468.75
2021-07-01 11:44:00,465.0,30.0,495.0
2021-07-01 11:45:00,461.25,45.0,506.25
2021-07-01 11:46:00,528.75,-33.75,495.0
2021-07-01 11:47:00,491.25,3.75,495.0
2021-07-01 11:48:00,498.75,3.75,502.5
2021-07-01 11:49:00,506.25,-7.5,498.75
2021-07-01 11:50:00,480.0,7.5,487.5
2021-07-01 11:51:00,465.0,52.5,517.5
2021-07-01 11:52:00,442.5,67.5,510.0
2021-07-01 11:53:00,412.5,105.0,517.5
2021-07-01 11:54:00,446.25,60.0,506.25
2021-07-01 11:55:00,427.5,82.5,510.0
2021-07-01 11:56:00,476.25,22.5,498.75
2021-07-01 11:57:00,405.0,93.75,498.75
2021-07-01 11:58:00,431.25,75.0,506.25
2021-07-01 11:59:00,442.5,67.5,510.0
2021-07-01 12:00:00,450.0,48.75,498.75
2021-07-01 12:01:00,472.5,41.25,513.75
2021-07-01 12:02:00,401.25,86.25,487.5
2021-07-01 12:03:00,405.0,101.25,506.25
2021-07-01 12:04:00,401.25,120.0,521.25
2021-07-01 12:05:00,502.5,52.5,555.0
2021-07-01 12:06:00,453.75,97.5,551.25
2021-07-01 12:07:00,427.5,108.75,536.25
2021-07-01 12:08:00,450.0,75.0,525.0
2021-07-01 12:09:00,465.0,78.75,543.75
2021-07-01 12:10:00,528.75,30.0,558.75
2021-07-01 12:11:00,465.0,41.25,506.25
2021-07-01 12:12:00,547.5,-30.0,517.5
2021-07-01 12:13:00,502.5,18.75,521.25
2021-07-01 12:14:00,513.75,11.25,525.0
2021-07-01 12:15:00,483.75,60.0,543.75
2021-07-01 12:16:00,495.0,56.25,551.25
2021-07-01 12:17:00,498.75,60.0,558.75
2021-07-01 12:18:00,465.0,82.5,547.5
2021-07-01 12:19:00,483.75,71.25,555.0
2021-07-01 12:20:00,498.75,48.75,547.5
2021-07-01 12:21:00,472.5,90.0,562.5
2021-07-01 12:22:00,472.5,90.0,562.5
2021-07-01 12:23:00,521.25,75.0,596.25
2021-07-01 12:24:00,491.25,86.25,577.5
2021-07-01 12:25:00,532.5,60.0,592.5
2021-07-01 12:26:00,517.5,45.0,562.5
2021-07-01 12:27:00,521.25,78.75,600.0
2021-07-01 12:28:00,513.75,67.5,581.25
2021-07-01 12:29:00,532.5,63.75,596.25
2021-07-01 12:30:00,536.25,52.5,588.75
2021-07-01 12:31:00,543.75,71.25,615.0
2021-07-01 12:32:00,562.5,41.25,603.75
2021-07-01 12:33:00,637.5,-52.5,585.0
2021-07-01 12:34:00,648.75,-63.75,585.0
2021-07-01 12:35:00,633.75,-45.0,588.75
2021-07-01 12:36:00,690.0,-112.5,577.5
2021-07-01 12:37:00,600.0,206.25,806.25
2021-07-01 12:38:00,528.75,183.75,712.5
2021-07-01 12:39:00,438.75,303.75,742.5
2021-07-01 12:40:00,453.75,292.5,746.25
2021-07-01 12:41:00,412.5,311.25,723.75
2021-07-01 12:42:00,483.75,266.25,750.0
2021-07-01 12:43:00,465.0,285.0,750.0
2021-07-01 12:44:00,498.75,255.0,753.75
2021-07-01 12:45:00,468.75,281.25,750.0
2021-07-01 12:46:00,506.25,262.5,768.75
2021-07-01 12:47:00,495.0,236.25,731.25
2021-07-01 12:48:00,525.0,243.75,768.75
2021-07-01 12:49:00,483.75,266.25,750.0
2021-07-01 12:50:00,397.5,322.5,720.0
2021-07-01 12:51:00,442.5,307.5,750.0
2021-07-01 12:52:00,405.0,345.0,750.0
2021-07-01 12:53:00,322.5,431.25,753.75
2021-07-01 12:54:00,285.0,438.75,723.75
2021-07-01 12:55:00,315.0,442.5,757.5
2021-07-01 12:56:00,333.75,442.5,776.25
2021-07-01 12:57:00,405.0,427.5,832.5
2021-07-01 12:58:00,360.0,427.5,787.5
2021-07-01 12:59:00,405.0,431.25,836.25
2021-07-01 13:00:00,540.0,397.5,937.5
2021-07-01 13:01:00,480.0,375.0,855.0
2021-07-01 13:02:00,435.0,405.0,840.0
2021-07-01 13:03:00,465.0,390.0,855.0
2021-07-01 13:04:00,495.0,386.25,881.25
2021-07-01 13:05:00,562.5,348.75,911.25
2021-07-01 13:06:00,536.25,382.5,918.75
2021-07-01 13:07:00,536.25,371.25,907.5
2021-07-01 13:08:00,551.25,356.25,907.5
2021-07-01 13:09:00,506.25,386.25,892.5
2021-07-01 13:10:00,491.25,390.0,881.25
2021-07-01 13:11:00,472.5,397.5,870.0
2021-07-01 13:12:00,352.5,442.5,795.0
2021-07-01 13:13:00,322.5,491.25,813.75
2021-07-01 13:14:00,378.75,487.5,866.25
2021-07-01 13:15:00,431.25,483.75,915.0
2021-07-01 13:16:00,345.0,487.5,832.5
2021-07-01 13:17:00,352.5,491.25,843.75
2021-07-01 13:18:00,412.5,491.25,903.75
2021-07-01 13:19:00,382.5,495.0,877.5
2021-07-01 13:20:00,431.25,483.75,915.0
2021-07-01 13:21:00,382.5,495.0,877.5
2021-07-01 13:22:00,390.0,495.0,885.0
2021-07-01 13:23:00,375.0,495.0,870.0
2021-07-01 13:24:00,337.5,510.0,847.5
2021-07-01 13:25:00,270.0,540.0,810.0
2021-07-01 13:26:00,277.5,547.5,825.0
2021-07-01 13:27:00,356.25,547.5,903.75
2021-07-01 13:28:00,356.25,543.75,900.0
2021-07-01 13:29:00,326.25,540.0,866.25
2021-07-01 13:30:00,356.25,532.5,888.75
2021-07-01 13:31:00,303.75,525.0,828.75
2021-07-01 13:32:00,367.5,525.0,892.5
2021-07-01 13:33:00,348.75,532.5,881.25
2021-07-01 13:34:00,435.0,521.25,956.25
2021-07-01 13:35:00,491.25,495.0,986.25
2021-07-01 13:36:00,566.25,510.0,1076.25
2021-07-01 13:37:00,517.5,510.0,1027.5
2021-07-01 13:38:00,427.5,513.75,941.25
2021-07-01 13:39:00,457.5,472.5,930.0
2021-07-01 13:40:00,397.5,510.0,907.5
2021-07-01 13:41:00,416.25,495.0,911.25
2021-07-01 13:42:00,423.75,487.5,911.25
2021-07-01 13:43:00,457.5,502.5,960.0
2021-07-01 13:44:00,487.5,502.5,990.0
2021-07-01 13:45:00,502.5,502.5,1005.0
2021-07-01 13:46:00,585.0,487.5,1072.5
2021-07-01 13:47:00,705.0,427.5,1132.5
2021-07-01 13:48:00,678.75,438.75,1117.5
2021-07-01 13:49:00,753.75,412.5,1166.25
2021-07-01 13:50:00,742.5,423.75,1166.25
2021-07-01 13:51:00,858.75,303.75,1162.5
2021-07-01 13:52:00,858.75,352.5,1211.25
2021-07-01 13:53:00,847.5,382.5,1230.0
2021-07-01 13:54:00,851.25,318.75,1170.0
2021-07-01 13:55:00,873.75,345.0,1218.75
2021-07-01 13:56:00,892.5,360.0,1252.5
2021-07-01 13:57:00,915.0,348.75,1263.75
2021-07-01 13:58:00,926.25,318.75,1245.0
2021-07-01 13:59:00,930.0,345.0,1275.0
2021-07-01 14:00:00,926.25,333.75,1260.0
2021-07-01 14:01:00,945.0,322.5,1267.5
2021-07-01 14:02:00,1012.5,232.5,1245.0
2021-07-01 14:03:00,1008.75,232.5,1241.25
2021-07-01 14:04:00,997.5,296.25,1293.75
2021-07-01 14:05:00,978.75,240.0,1218.75
2021-07-01 14:06:00,990.0,277.5,1267.5
2021-07-01 14:07:00,1016.25,217.5,1233.75
2021-07-01 14:08:00,1023.75,266.25,1290.0
2021-07-01 14:09:00,986.25,438.75,1425.0
2021-07-01 14:10:00,888.75,528.75,1417.5
2021-07-01 14:11:00,903.75,528.75,1432.5
2021-07-01 14:12:00,892.5,498.75,1391.25
2021-07-01 14:13:00,900.0,510.0,1410.0
2021-07-01 14:14:00,900.0,513.75,1413.75
2021-07-01 14:15:00,930.0,502.5,1432.5
2021-07-01 14:16:00,918.75,495.0,1413.75
2021-07-01 14:17:00,971.25,495.0,1466.25
2021-07-01 14:18:00,986.25,506.25,1492.5
2021-07-01 14:19:00,997.5,513.75,1511.25
2021-07-01 14:20:00,982.5,517.5,1500.0
2021-07-01 14:21:00,990.0,502.5,1492.5
2021-07-01 14:22:00,990.0,510.0,1500.0
2021-07-01 14:23:00,1020.0,498.75,1518.75
2021-07-01 14:24:00,1050.0,465.0,1515.0
2021-07-01 14:25:00,1012.5,510.0,1522.5
2021-07-01 14:26:00,1020.0,483.75,1503.75
2021-07-01 14:27:00,1038.75,476.25,1515.0
2021-07-01 14:28:00,1042.5,405.0,1447.5
2021-07-01 14:29:00,1042.5,472.5,1515.0
2021-07-01 14:30:00,1050.0,453.75,1503.75
2021-07-01 14:31:00,1057.5,435.0,1492.5
2021-07-01 14:32:00,1061.25,483.75,1545.0
2021-07-01 14:33:00,1110.0,405.0,1515.0
2021-07-01 14:34:00,1095.0,468.75,1563.75
2021-07-01 14:35:00,1095.0,431.25,1526.25
2021-07-01 14:36:00,1113.75,420.0,1533.75
2021-07-01 14:37:00,1110.0,420.0,1530.0
2021-07-01 14:38:00,1117.5,420.0,1537.5
2021-07-01 14:39:00,1132.5,367.5,1500.0
2021-07-01 14:40:00,1136.25,393.75,1530.0
2021-07-01 14:41:00,1143.75,382.5,1526.25
2021-07-01 14:42:00,1140.0,420.0,1560.0
2021-07-01 14:43:00,1143.75,528.75,1672.5
2021-07-01 14:44:00,1140.0,543.75,1683.75
2021-07-01 14:45:00,1140.0,517.5,1657.5
2021-07-01 14:46:00,1155.0,465.0,1620.0
2021-07-01 14:47:00,1158.75,521.25,1680.0
2021-07-01 14:48:00,1162.5,513.75,1676.25
2021-07-01 14:49:00,1162.5,517.5,1680.0
2021-07-01 14:50:00,1170.0,607.5,1777.5
2021-07-01 14:51:00,1177.5,573.75,1751.25
2021-07-01 14:52:00,1170.0,558.75,1728.75
2021-07-01 14:53:00,1170.0,581.25,1751.25
2021-07-01 14:54:00,1170.0,592.5,1762.5
2021-07-01 14:55:00,1173.75,585.0,1758.75
2021-07-01 14:56:00,1173.75,532.5,1706.25
2021-07-01 14:57:00,1177.5,558.75,1736.25
2021-07-01 14:58:00,1181.25,611.25,1792.5
2021-07-01 14:59:00,1177.5,626.25,1803.75
2021-07-01 15:00:00,1177.5,630.0,1807.5
2021-07-01 15:01:00,1177.5,637.5,1815.0
2021-07-01 15:02:00,1177.5,622.5,1800.0
2021-07-01 15:03:00,1181.25,637.5,1818.75
2021-07-01 15:04:00,1192.5,652.5,1845.0
2021-07-01 15:05:00,1192.5,645.0,1837.5
2021-07-01 15:06:00,1188.75,641.25,1830.0
2021-07-01 15:07:00,1192.5,645.0,1837.5
2021-07-01 15:08:00,1192.5,678.75,1871.25
2021-07-01 15:09:00,1192.5,678.75,1871.25
2021-07-01 15:10:00,1196.25,678.75,1875.0
2021-07-01 15:11:00,1192.5,682.5,1875.0
2021-07-01 15:12:00,1196.25,682.5,1878.75
2021-07-01 15:13:00,1200.0,690.0,1890.0
2021-07-01 15:14:00,1200.0,693.75,1893.75
2021-07-01 15:15:00,1200.0,697.5,1897.5
2021-07-01 15:16:00,1196.25,693.75,1890.0
2021-07-01 15:17:00,1196.25,697.5,1893.75
2021-07-01 15:18:00,1200.0,697.5,1897.5
2021-07-01 15:19:00,1200.0,697.5,1897.5
2021-07-01 15:20:00,1196.25,697.5,1893.75
2021-07-01 15:21:00,1196.25,697.5,1893.75
2021-07-01 15:22:00,1196.25,697.5,1893.75
2021-07-01 15:23:00,1196.25,697.5,1893.75
2021-07-01 15:24:00,1196.25,697.5,1893.75
2021-07-01 15:25:00,1196.25,697.5,1893.75
2021-07-01 15:26:00,1196.25,697.5,1893.75
2021-07-01 15:27:00,1196.25,697.5,1893.75
2021-07-01 15:28:00,1196.25,697.5,1893.75
2021-07-01 15:29:00,1196.25,697.5,1893.75
2021-07-01 15:30:00,1196.25,697.5,1893.75
2021-07-08 10:15:00,0.0,0.0,0.0
2021-07-08 10:16:00,105.0,-120.0,-15.0
2021-07-08 10:17:00,142.5,-225.0,-82.5
2021-07-08 10:18:00,135.0,-240.0,-105.0
2021-07-08 10:19:00,127.5,-131.25,-3.75
2021-07-08 10:20:00,135.0,-221.25,-86.25
2021-07-08 10:21:00,138.75,-262.5,-123.75
2021-07-08 10:22:00,101.25,-142.5,-41.25
2021-07-08 10:23:00,112.5,-172.5,-60.0
2021-07-08 10:24:00,131.25,-213.75,-82.5
2021-07-08 10:25:00,153.75,-262.5,-108.75
2021-07-08 10:26:00,187.5,-270.0,-82.5
2021-07-08 10:27:00,183.75,-273.75,-90.0
2021-07-08 10:28:00,191.25,-277.5,-86.25
2021-07-08 10:29:00,221.25,-273.75,-52.5
2021-07-08 10:30:00,281.25,-386.25,-105.0
2021-07-08 10:31:00,255.0,-273.75,-18.75
2021-07-08 10:32:00,240.0,-206.25,33.75
2021-07-08 10:33:00,232.5,-153.75,78.75
2021-07-08 10:34:00,247.5,-228.75,18.75
2021-07-08 10:35:00,333.75,-330.0,3.75
2021-07-08 10:36:00,311.25,-333.75,-22.5
2021-07-08 10:37:00,296.25,-292.5,3.75
2021-07-08 10:38:00,300.0,-311.25,-11.25
2021-07-08 10:39:00,296.25,-296.25,0.0
2021-07-08 10:40:00,307.5,-307.5,0.0
2021-07-08 10:41:00,322.5,-416.25,-93.75
2021-07-08 10:42:00,322.5,-393.75,-71.25
2021-07-08 10:43:00,322.5,-408.75,-86.25
2021-07-08 10:44:00,330.0,-416.25,-86.25
2021-07-08 10:45:00,318.75,-356.25,-37.5
2021-07-08 10:46:00,322.5,-371.25,-48.75
2021-07-08 10:47:00,281.25,-266.25,15.0
2021-07-08 10:48:00,277.5,-183.75,93.75
2021-07-08 10:49:00,262.5,-168.75,93.75
2021-07-08 10:50:00,281.25,-232.5,48.75
2021-07-08 10:51:00,266.25,-161.25,105.0
2021-07-08 10:52:00,292.5,-240.0,52.5
2021-07-08 10:53:00,307.5,-285.0,22.5
2021-07-08 10:54:00,285.0,-243.75,41.25
2021-07-08 10:55:00,281.25,-251.25,30.0
2021-07-08 10:56:00,270.0,-217.5,52.5
2021-07-08 10:57:00,277.5,-225.0,52.5
2021-07-08 10:58:00,270.0,-172.5,97.5
2021-07-08 10:59:00,273.75,-206.25,67.5
2021-07-08 11:00:00,288.75,-251.25,37.5
2021-07-08 11:01:00,296.25,-285.0,11.25
2021-07-08 11:02:00,273.75,-202.5,71.25
2021-07-08 11:03:00,273.75,-206.25,67.5
2021-07-08 11:04:00,266.25,-168.75,97.5
2021-07-08 11:05:00,292.5,-247.5,45.0
2021-07-08 11:06:00,277.5,-210.0,67.5
2021-07-08 11:07:00,277.5,-213.75,63.75
2021-07-08 11:08:00,277.5,-198.75,78.75
2021-07-08 11:09:00,281.25,-198.75,82.5
2021-07-08 11:10:00,277.5,-217.5,60.0
2021-07-08 11:11:00,285.0,-270.0,15.0
2021-07-08 11:12:00,288.75,-213.75,75.0
2021-07-08 11:13:00,285.0,-236.25,48.75
2021-07-08 11:14:00,277.5,-210.0,67.5
2021-07-08 11:15:00,288.75,-228.75,60.0
2021-07-08 11:16:00,288.75,-198.75,90.0
2021-07-08 11:17:00,270.0,-116.25,153.75
2021-07-08 11:18:00,281.25,-146.25,135.0
2021-07-08 11:19:00,232.5,15.0,247.5
2021-07-08 11:20:00,221.25,33.75,255.0
2021-07-08 11:21:00,232.5,18.75,251.25
2021-07-08 11:22:00,221.25,11.25,232.5
2021-07-08 11:23:00,225.0,0.0,225.0
2021-07-08 11:24:00,258.75,-45.0,213.75
2021-07-08 11:25:00,247.5,-41.25,206.25
2021-07-08 11:26:00,236.25,-3.75,232.5
2021-07-08 11:27:00,240.0,-15.0,225.0
2021-07-08 11:28:00,247.5,-52.5,195.0
2021-07-08 11:29:00,281.25,-90.0,191.25
2021-07-08 11:30:00,277.5,-67.5,210.0
2021-07-08 11:31:00,288.75,-105.0,183.75
2021-07-08 11:32:00,273.75,-71.25,202.5
2021-07-08 11:33:00,281.25,-67.5,213.75
2021-07-08 11:34:00,281.25,-48.75,232.5
2021-07-08 11:35:00,285.0,-52.5,232.5
2021-07-08 11:36:00,285.0,-56.25,228.75
2021-07-08 11:37:00,296.25,-120.0,176.25
2021-07-08 11:38:00,307.5,-101.25,206.25
2021-07-08 11:39:00,333.75,-165.0,168.75
2021-07-08 11:40:00,333.75,-150.0,183.75
2021-07-08 11:41:00,363.75,-225.0,138.75
2021-07-08 11:42:00,378.75,-266.25,112.5
2021-07-08 11:43:00,393.75,-341.25,52.5
2021-07-08 11:44:00,416.25,-393.75,22.5
2021-07-08 11:45:00,431.25,-547.5,-116.25
2021-07-08 11:46:00,412.5,-510.0,-97.5
2021-07-08 11:47:00,405.0,-461.25,-56.25
2021-07-08 11:48:00,405.0,-491.25,-86.25
2021-07-08 11:49:00,386.25,-465.0,-78.75
2021-07-08 11:50:00,397.5,-472.5,-75.0
2021-07-08 11:51:00,382.5,-461.25,-78.75
2021-07-08 11:52:00,386.25,-495.0,-108.75
2021-07-08 11:53:00,378.75,-330.0,48.75
2021-07-08 11:54:00,382.5,-378.75,3.75
2021-07-08 11:55:00,390.0,-513.75,-123.75
2021-07-08 11:56:00,420.0,-585.0,-165.0
2021-07-08 11:57:00,420.0,-588.75,-168.75
2021-07-08 11:58:00,420.0,-532.5,-112.5
2021-07-08 11:59:00,431.25,-607.5,-176.25
2021-07-08 12:00:00,457.5,-708.75,-251.25
2021-07-08 12:01:00,453.75,-678.75,-225.0
2021-07-08 12:02:00,438.75,-648.75,-210.0
2021-07-08 12:03:00,450.0,-731.25,-281.25
2021-07-08 12:04:00,453.75,-757.5,-303.75
2021-07-08 12:05:00,457.5,-1027.5,-570.0
2021-07-08 12:06:00,472.5,-1038.75,-566.25
2021-07-08 12:07:00,468.75,-1121.25,-652.5
2021-07-08 12:08:00,461.25,-1245.0,-783.75
2021-07-08 12:09:00,480.0,-1128.75,-648.75
2021-07-08 12:10:00,476.25,-1335.0,-858.75
2021-07-08 12:11:00,483.75,-1252.5,-768.75
2021-07-08 12:12:00,352.5,-1113.75,-761.25
2021-07-08 12:13:00,348.75,-1076.25,-727.5
2021-07-08 12:14:00,405.0,-1143.75,-738.75
2021-07-08 12:15:00,543.75,-1237.5,-693.75
2021-07-08 12:16:00,461.25,-1166.25,-705.0
2021-07-08 12:17:00,570.0,-1286.25,-716.25
2021-07-08 12:18:00,896.25,-1867.5,-971.25
2021-07-08 12:19:00,956.25,-1905.0,-948.75
2021-07-08 12:20:00,888.75,-1818.75,-930.0
2021-07-08 12:21:00,847.5,-1668.75,-821.25
2021-07-08 12:22:00,772.5,-1586.25,-813.75
2021-07-08 12:23:00,682.5,-1368.75,-686.25
2021-07-08 12:24:00,652.5,-1365.0,-712.5
2021-07-08 12:25:00,570.0,-1290.0,-720.0
2021-07-08 12:26:00,382.5,-1050.0,-667.5
2021-07-08 12:27:00,547.5,-1200.0,-652.5
2021-07-08 12:28:00,476.25,-1158.75,-682.5
2021-07-08 12:29:00,495.0,-1245.0,-750.0
2021-07-08 12:30:00,637.5,-1563.75,-926.25
2021-07-08 12:31:00,682.5,-1473.75,-791.25
2021-07-08 12:32:00,588.75,-1346.25,-757.5
2021-07-08 12:33:00,547.5,-1316.25,-768.75
2021-07-08 12:34:00,761.25,-1676.25,-915.0
2021-07-08 12:35:00,1035.0,-2077.5,-1042.5
2021-07-08 12:36:00,862.5,-1848.75,-986.25
2021-07-08 12:37:00,885.0,-1920.0,-1035.0
2021-07-08 12:38:00,1050.0,-2426.25,-1376.25
2021-07-08 12:39:00,952.5,-2036.25,-1083.75
2021-07-08 12:40:00,922.5,-1957.5,-1035.0
2021-07-08 12:41:00,885.0,-1897.5,-1012.5
2021-07-08 12:42:00,847.5,-1695.0,-847.5
2021-07-08 12:43:00,750.0,-1455.0,-705.0
2021-07-08 12:44:00,765.0,-1563.75,-798.75
2021-07-08 12:45:00,870.0,-1755.0,-885.0
2021-07-08 12:46:00,1042.5,-2025.0,-982.5
2021-07-08 12:47:00,1031.25,-2111.25,-1080.0
2021-07-08 12:48:00,1005.0,-2088.75,-1083.75
2021-07-08 12:49:00,997.5,-2055.0,-1057.5
2021-07-08 12:50:00,1050.0,-2227.5,-1177.5
2021-07-08 12:51:00,1128.75,-2430.0,-1301.25
2021-07-08 12:52:00,1188.75,-2512.5,-1323.75
2021-07-08 12:53:00,1331.25,-2985.0,-1653.75
2021-07-08 12:54:00,1252.5,-2733.75,-1481.25
2021-07-08 12:55:00,1293.75,-2726.25,-1432.5
2021-07-08 12:56:00,1267.5,-2632.5,-1365.0
2021-07-08 12:57:00,1230.0,-2538.75,-1308.75
2021-07-08 12:58:00,1215.0,-2531.25,-1316.25
2021-07-08 12:59:00,1252.5,-2538.75,-1286.25
2021-07-08 13:00:00,1473.75,-2880.0,-1406.25
2021-07-08 13:01:00,1545.0,-3150.0,-1605.0
2021-07-08 13:02:00,1496.25,-2981.25,-1485.0
2021-07-08 13:03:00,1473.75,-3015.0,-1541.25
2021-07-08 13:04:00,1503.75,-3150.0,-1646.25
2021-07-08 13:05:00,1496.25,-3067.5,-1571.25
2021-07-08 13:06:00,1470.0,-3105.0,-1635.0
2021-07-08 13:07:00,1496.25,-3210.0,-1713.75
2021-07-08 13:08:00,1455.0,-3078.75,-1623.75
2021-07-08 13:09:00,1398.75,-2741.25,-1342.5
2021-07-08 13:10:00,1395.0,-2613.75,-1218.75
2021-07-08 13:11:00,1458.75,-2846.25,-1387.5
2021-07-08 13:12:00,1560.0,-2985.0,-1425.0
2021-07-08 13:13:00,1515.0,-2925.0,-1410.0
2021-07-08 13:14:00,1515.0,-2865.0,-1350.0
2021-07-08 13:15:00,1601.25,-3041.25,-1440.0
2021-07-08 13:16:00,1792.5,-3367.5,-1575.0
2021-07-08 13:17:00,1800.0,-3600.0,-1800.0
2021-07-08 13:18:00,1788.75,-3435.0,-1646.25
2021-07-08 13:19:00,1743.75,-3180.0,-1436.25
2021-07-08 13:20:00,1785.0,-3243.75,-1458.75
2021-07-08 13:21:00,1777.5,-3337.5,-1560.0
2021-07-08 13:22:00,1833.75,-3517.5,-1683.75
2021-07-08 13:23:00,1822.5,-3367.5,-1545.0
2021-07-08 13:24:00,1777.5,-3003.75,-1226.25
2021-07-08 13:25:00,1717.5,-2913.75,-1196.25
2021-07-08 13:26:00,1635.0,-2722.5,-1087.5
2021-07-08 13:27:00,1646.25,-2741.25,-1095.0
2021-07-08 13:28:00,1642.5,-2726.25,-1083.75
2021-07-08 13:29:00,1586.25,-2546.25,-960.0
2021-07-08 13:30:00,1560.0,-2430.0,-870.0
2021-07-08 13:31:00,1713.75,-2673.75,-960.0
2021-07-08 13:32:00,1623.75,-2568.75,-945.0
2021-07-08 13:33:00,1728.75,-2692.5,-963.75
2021-07-08 13:34:00,1683.75,-2610.0,-926.25
2021-07-08 13:35:00,1698.75,-2591.25,-892.5
2021-07-08 13:36:00,1785.0,-2868.75,-1083.75
2021-07-08 13:37:00,1807.5,-2861.25,-1053.75
2021-07-08 13:38:00,1777.5,-2733.75,-956.25
2021-07-08 13:39:00,1691.25,-2411.25,-720.0
2021-07-08 13:40:00,1728.75,-2591.25,-862.5
2021-07-08 13:41:00,1717.5,-2587.5,-870.0
2021-07-08 13:42:00,1680.0,-2542.5,-862.5
2021-07-08 13:43:00,1672.5,-2478.75,-806.25
2021-07-08 13:44:00,1653.75,-2403.75,-750.0
2021-07-08 13:45:00,1552.5,-2182.5,-630.0
2021-07-08 13:46:00,1676.25,-2385.0,-708.75
2021-07-08 13:47:00,1650.0,-2377.5,-727.5
2021-07-08 13:48:00,1668.75,-2377.5,-708.75
2021-07-08 13:49:00,1687.5,-2261.25,-573.75
2021-07-08 13:50:00,1740.0,-2396.25,-656.25
2021-07-08 13:51:00,1830.0,-2696.25,-866.25
2021-07-08 13:52:00,1965.0,-2741.25,-776.25
2021-07-08 13:53:00,1980.0,-2865.0,-885.0
2021-07-08 13:54:00,1976.25,-2775.0,-798.75
2021-07-08 13:55:00,2043.75,-3142.5,-1098.75
2021-07-08 13:56:00,2073.75,-3236.25,-1162.5
2021-07-08 13:57:00,2100.0,-3547.5,-1447.5
2021-07-08 13:58:00,2100.0,-3472.5,-1372.5
2021-07-08 13:59:00,2115.0,-3701.25,-1586.25
2021-07-08 14:00:00,2088.75,-4792.5,-2703.75
2021-07-08 14:01:00,2103.75,-4980.0,-2876.25
2021-07-08 14:02:00,2085.0,-4841.25,-2756.25
2021-07-08 14:03:00,2085.0,-4567.5,-2482.5
2021-07-08 14:04:00,2115.0,-5227.5,-3112.5
2021-07-08 14:05:00,2148.75,-5043.75,-2895.0
2021-07-08 14:06:00,2145.0,-4998.75,-2853.75
2021-07-08 14:07:00,2141.25,-5002.5,-2861.25
2021-07-08 14:08:00,2118.75,-4987.5,-2868.75
2021-07-08 14:09:00,2111.25,-4961.25,-2850.0
2021-07-08 14:10:00,2100.0,-4950.0,-2850.0
2021-07-08 14:11:00,2107.5,-4961.25,-2853.75
2021-07-08 14:12:00,2122.5,-4972.5,-2850.0
2021-07-08 14:13:00,2111.25,-4976.25,-2865.0
2021-07-08 14:14:00,2122.5,-4976.25,-2853.75
2021-07-08 14:15:00,2137.5,-4976.25,-2838.75
2021-07-08 14:16:00,2148.75,-4968.75,-2820.0
2021-07-08 14:17:00,2178.75,-4968.75,-2790.0
2021-07-08 14:18:00,2205.0,-4965.0,-2760.0
2021-07-08 14:19:00,2205.0,-4968.75,-2763.75
2021-07-08 14:20:00,2190.0,-4957.5,-2767.5
2021-07-08 14:21:00,2193.75,-4965.0,-2771.25
2021-07-08 14:22:00,2235.0,-4961.25,-2726.25
2021-07-08 14:23:00,2238.75,-4965.0,-2726.25
2021-07-08 14:24:00,2261.25,-4976.25,-2715.0
2021-07-08 14:25:00,2272.5,-4983.75,-2711.25
2021-07-08 14:26:00,2272.5,-5013.75,-2741.25
2021-07-08 14:27:00,2272.5,-4972.5,-2700.0
2021-07-08 14:28:00,2265.0,-4953.75,-2688.75
2021-07-08 14:29:00,2265.0,-4961.25,-2696.25
2021-07-08 14:30:00,2268.75,-4972.5,-2703.75
2021-07-08 14:31:00,2268.75,-4953.75,-2685.0
2021-07-08 14:32:00,2265.0,-4957.5,-2692.5
2021-07-08 14:33:00,2268.75,-4957.5,-2688.75
2021-07-08 14:34:00,2265.0,-4957.5,-2692.5
2021-07-08 14:35:00,2272.5,-4968.75,-2696.25
2021-07-08 14:36:00,2276.25,-4998.75,-2722.5
2021-07-08 14:37:00,2276.25,-4987.5,-2711.25
2021-07-08 14:38:00,2280.0,-5013.75,-2733.75
2021-07-08 14:39:00,2272.5,-4972.5,-2700.0
2021-07-08 14:40:00,2287.5,-4972.5,-2685.0
2021-07-08 14:41:00,2291.25,-4972.5,-2681.25
2021-07-08 14:42:00,2287.5,-4950.0,-2662.5
2021-07-08 14:43:00,2287.5,-4923.75,-2636.25
2021-07-08 14:44:00,2291.25,-4923.75,-2632.5
2021-07-08 14:45:00,2291.25,-4920.0,-2628.75
2021-07-08 14:46:00,2287.5,-4905.0,-2617.5
2021-07-08 14:47:00,2283.75,-4897.5,-2613.75
2021-07-08 14:48:00,2295.0,-4897.5,-2602.5
2021-07-08 14:49:00,2302.5,-4886.25,-2583.75
2021-07-08 14:50:00,2295.0,-4882.5,-2587.5
2021-07-08 14:51:00,2302.5,-4893.75,-2591.25
2021-07-08 14:52:00,2306.25,-4886.25,-2580.0
2021-07-08 14:53:00,2317.5,-4890.0,-2572.5
2021-07-08 14:54:00,2336.25,-4886.25,-2550.0
2021-07-08 14:55:00,2343.75,-4886.25,-2542.5
2021-07-08 14:56:00,2355.0,-4890.0,-2535.0
2021-07-08 14:57:00,2355.0,-4890.0,-2535.0
2021-07-08 14:58:00,2358.75,-4886.25,-2527.5
2021-07-08 14:59:00,2362.5,-4882.5,-2520.0
2021-07-08 15:00:00,2362.5,-4878.75,-2516.25
2021-07-08 15:01:00,2358.75,-4871.25,-2512.5
2021-07-08 15:02:00,2358.75,-4875.0,-2516.25
2021-07-08 15:03:00,2358.75,-4871.25,-2512.5
2021-07-08 15:04:00,2355.0,-4875.0,-2520.0
2021-07-08 15:05:00,2362.5,-4871.25,-2508.75
2021-07-08 15:06:00,2366.25,-4867.5,-2501.25
2021-07-08 15:07:00,2373.75,-4867.5,-2493.75
2021-07-08 15:08:00,2370.0,-4863.75,-2493.75
2021-07-08 15:09:00,2370.0,-4867.5,-2497.5
2021-07-08 15:10:00,2373.75,-4863.75,-2490.0
2021-07-08 15:11:00,2370.0,-4860.0,-2490.0
2021-07-08 15:12:00,2373.75,-4860.0,-2486.25
2021-07-08 15:13:00,2377.5,-4856.25,-2478.75
2021-07-08 15:14:00,2362.5,-4856.25,-2493.75
2021-07-08 15:15:00,2370.0,-4856.25,-2486.25
2021-07-08 15:16:00,2373.75,-4852.5,-2478.75
2021-07-08 15:17:00,2370.0,-4856.25,-2486.25
2021-07-08 15:18:00,2373.75,-4856.25,-2482.5
2021-07-08 15:19:00,2373.75,-4852.5,-2478.75
2021-07-08 15:20:00,2377.5,-4852.5,-2475.0
2021-07-08 15:21:00,2377.5,-4852.5,-2475.0
2021-07-08 15:22:00,2377.5,-4852.5,-2475.0
2021-07-08 15:23:00,2377.5,-4852.5,-2475.0
2021-07-08 15:24:00,2377.5,-4852.5,-2475.0
2021-07-08 15:25:00,2377.5,-4852.5,-2475.0
2021-07-08 15:26:00,2377.5,-4852.5,-2475.0
2021-07-08 15:27:00,2377.5,-4852.5,-2475.0
2021-07-08 15:28:00,2377.5,-4852.5,-2475.0
2021-07-08 15:29:00,2377.5,-4852.5,-2475.0
2021-07-08 15:30:00,2377.5,-4852.5,-2475.0
2021-07-15 10:15:00,0.0,0.0,0.0
2021-07-15 10:16:00,-15.0,7.5,-7.5
2021-07-15 10:17:00,11.25,-52.5,-41.25
2021-07-15 10:18:00,0.0,-7.5,-7.5
2021-07-15 10:19:00,0.0,-26.25,-26.25
2021-07-15 10:20:00,26.25,-63.75,-37.5
2021-07-15 10:21:00,7.5,18.75,26.25
2021-07-15 10:22:00,-11.25,82.5,71.25
2021-07-15 10:23:00,-18.75,71.25,52.5
2021-07-15 10:24:00,-15.0,67.5,52.5
2021-07-15 10:25:00,-26.25,146.25,120.0
2021-07-15 10:26:00,-41.25,157.5,116.25
2021-07-15 10:27:00,-56.25,176.25,120.0
2021-07-15 10:28:00,-67.5,187.5,120.0
2021-07-15 10:29:00,-75.0,187.5,112.5
2021-07-15 10:30:00,-71.25,161.25,90.0
2021-07-15 10:31:00,-86.25,180.0,93.75
2021-07-15 10:32:00,-33.75,135.0,101.25
2021-07-15 10:33:00,-30.0,105.0,75.0
2021-07-15 10:34:00,-52.5,165.0,112.5
2021-07-15 10:35:00,-86.25,183.75,97.5
2021-07-15 10:36:00,-86.25,187.5,101.25
2021-07-15 10:37:00,-90.0,168.75,78.75
2021-07-15 10:38:00,-93.75,168.75,75.0
2021-07-15 10:39:00,-90.0,180.0,90.0
2021-07-15 10:40:00,-165.0,277.5,112.5
2021-07-15 10:41:00,-232.5,371.25,138.75
2021-07-15 10:42:00,-255.0,375.0,120.0
2021-07-15 10:43:00,-303.75,442.5,138.75
2021-07-15 10:44:00,-318.75,468.75,150.0
2021-07-15 10:45:00,-397.5,465.0,67.5
2021-07-15 10:46:00,-588.75,551.25,-37.5
2021-07-15 10:47:00,-618.75,558.75,-60.0
2021-07-15 10:48:00,-547.5,536.25,-11.25
2021-07-15 10:49:00,-510.0,551.25,41.25
2021-07-15 10:50:00,-360.0,562.5,202.5
2021-07-15 10:51:00,-330.0,543.75,213.75
2021-07-15 10:52:00,-348.75,577.5,228.75
2021-07-15 10:53:00,-528.75,738.75,210.0
2021-07-15 10:54:00,-558.75,723.75,165.0
2021-07-15 10:55:00,-630.0,772.5,142.5
2021-07-15 10:56:00,-798.75,813.75,15.0
2021-07-15 10:57:00,-697.5,813.75,116.25
2021-07-15 10:58:00,-855.0,813.75,-41.25
2021-07-15 10:59:00,-993.75,836.25,-157.5
2021-07-15 11:00:00,-862.5,802.5,-60.0
2021-07-15 11:01:00,-971.25,802.5,-168.75
2021-07-15 11:02:00,-851.25,787.5,-63.75
2021-07-15 11:03:00,-840.0,742.5,-97.5
2021-07-15 11:04:00,-828.75,735.0,-93.75
2021-07-15 11:05:00,-840.0,753.75,-86.25
2021-07-15 11:06:00,-915.0,761.25,-153.75
2021-07-15 11:07:00,-911.25,750.0,-161.25
2021-07-15 11:08:00,-873.75,746.25,-127.5
2021-07-15 11:09:00,-855.0,716.25,-138.75
2021-07-15 11:10:00,-870.0,735.0,-135.0
2021-07-15 11:11:00,-851.25,735.0,-116.25
2021-07-15 11:12:00,-832.5,738.75,-93.75
2021-07-15 11:13:00,-787.5,746.25,-41.25
2021-07-15 11:14:00,-840.0,772.5,-67.5
2021-07-15 11:15:00,-847.5,772.5,-75.0
2021-07-15 11:16:00,-926.25,810.0,-116.25
2021-07-15 11:17:00,-915.0,806.25,-108.75
2021-07-15 11:18:00,-903.75,858.75,-45.0
2021-07-15 11:19:00,-877.5,832.5,-45.0
2021-07-15 11:20:00,-892.5,836.25,-56.25
2021-07-15 11:21:00,-873.75,821.25,-52.5
2021-07-15 11:22:00,-806.25,798.75,-7.5
2021-07-15 11:23:00,-866.25,806.25,-60.0
2021-07-15 11:24:00,-855.0,828.75,-26.25
2021-07-15 11:25:00,-870.0,817.5,-52.5
2021-07-15 11:26:00,-798.75,783.75,-15.0
2021-07-15 11:27:00,-840.0,821.25,-18.75
2021-07-15 11:28:00,-806.25,795.0,-11.25
2021-07-15 11:29:00,-821.25,798.75,-22.5
2021-07-15 11:30:00,-862.5,817.5,-45.0
2021-07-15 11:31:00,-877.5,817.5,-60.0
2021-07-15 11:32:00,-806.25,795.0,-11.25
2021-07-15 11:33:00,-802.5,780.0,-22.5
2021-07-15 11:34:00,-840.0,806.25,-33.75
2021-07-15 11:35:00,-821.25,802.5,-18.75
2021-07-15 11:36:00,-828.75,810.0,-18.75
2021-07-15 11:37:00,-821.25,802.5,-18.75
2021-07-15 11:38:00,-825.0,810.0,-15.0
2021-07-15 11:39:00,-825.0,806.25,-18.75
2021-07-15 11:40:00,-810.0,813.75,3.75
2021-07-15 11:41:00,-592.5,791.25,198.75
2021-07-15 11:42:00,-675.0,776.25,101.25
2021-07-15 11:43:00,-637.5,795.0,157.5
2021-07-15 11:44:00,-502.5,783.75,281.25
2021-07-15 11:45:00,-555.0,772.5,217.5
2021-07-15 11:46:00,-435.0,738.75,303.75
2021-07-15 11:47:00,-513.75,757.5,243.75
2021-07-15 11:48:00,-513.75,772.5,258.75
2021-07-15 11:49:00,-480.0,757.5,277.5
2021-07-15 11:50:00,-528.75,772.5,243.75
2021-07-15 11:51:00,-495.0,761.25,266.25
2021-07-15 11:52:00,-408.75,738.75,330.0
2021-07-15 11:53:00,-461.25,753.75,292.5
2021-07-15 11:54:00,-446.25,765.0,318.75
2021-07-15 11:55:00,-438.75,765.0,326.25
2021-07-15 11:56:00,-393.75,761.25,367.5
2021-07-15 11:57:00,-476.25,813.75,337.5
2021-07-15 11:58:00,-536.25,873.75,337.5
2021-07-15 11:59:00,-551.25,862.5,311.25
2021-07-15 12:00:00,-588.75,870.0,281.25
2021-07-15 12:01:00,-618.75,885.0,266.25
2021-07-15 12:02:00,-596.25,892.5,296.25
2021-07-15 12:03:00,-562.5,873.75,311.25
2021-07-15 12:04:00,-596.25,888.75,292.5
2021-07-15 12:05:00,-757.5,1012.5,255.0
2021-07-15 12:06:00,-693.75,1001.25,307.5
2021-07-15 12:07:00,-701.25,1001.25,300.0
2021-07-15 12:08:00,-682.5,1005.0,322.5
2021-07-15 12:09:00,-708.75,997.5,288.75
2021-07-15 12:10:00,-708.75,986.25,277.5
2021-07-15 12:11:00,-701.25,986.25,285.0
2021-07-15 12:12:00,-693.75,990.0,296.25
2021-07-15 12:13:00,-641.25,971.25,330.0
2021-07-15 12:14:00,-603.75,967.5,363.75
2021-07-15 12:15:00,-592.5,945.0,352.5
2021-07-15 12:16:00,-600.0,948.75,348.75
2021-07-15 12:17:00,-562.5,945.0,382.5
2021-07-15 12:18:00,-581.25,941.25,360.0
2021-07-15 12:19:00,-667.5,990.0,322.5
2021-07-15 12:20:00,-836.25,1016.25,180.0
2021-07-15 12:21:00,-1008.75,986.25,-22.5
2021-07-15 12:22:00,-993.75,997.5,3.75
2021-07-15 12:23:00,-986.25,986.25,0.0
2021-07-15 12:24:00,-1005.0,1008.75,3.75
2021-07-15 12:25:00,-1001.25,1005.0,3.75
2021-07-15 12:26:00,-982.5,990.0,7.5
2021-07-15 12:27:00,-993.75,1005.0,11.25
2021-07-15 12:28:00,-982.5,997.5,15.0
2021-07-15 12:29:00,-738.75,1005.0,266.25
2021-07-15 12:30:00,-806.25,1012.5,206.25
2021-07-15 12:31:00,-607.5,978.75,371.25
2021-07-15 12:32:00,-596.25,956.25,360.0
2021-07-15 12:33:00,-776.25,1001.25,225.0
2021-07-15 12:34:00,-750.0,990.0,240.0
2021-07-15 12:35:00,-746.25,990.0,243.75
2021-07-15 12:36:00,-723.75,993.75,270.0
2021-07-15 12:37:00,-712.5,986.25,273.75
2021-07-15 12:38:00,-750.0,1001.25,251.25
2021-07-15 12:39:00,-708.75,982.5,273.75
2021-07-15 12:40:00,-723.75,997.5,273.75
2021-07-15 12:41:00,-742.5,1005.0,262.5
2021-07-15 12:42:00,-772.5,1008.75,236.25
2021-07-15 12:43:00,-753.75,1008.75,255.0
2021-07-15 12:44:00,-742.5,1005.0,262.5
2021-07-15 12:45:00,-630.0,990.0,360.0
2021-07-15 12:46:00,-600.0,967.5,367.5
2021-07-15 12:47:00,-510.0,956.25,446.25
2021-07-15 12:48:00,-315.0,930.0,615.0
2021-07-15 12:49:00,-360.0,937.5,577.5
2021-07-15 12:50:00,-273.75,892.5,618.75
2021-07-15 12:51:00,-183.75,843.75,660.0
2021-07-15 12:52:00,-322.5,896.25,573.75
2021-07-15 12:53:00,-240.0,836.25,596.25
2021-07-15 12:54:00,-150.0,840.0,690.0
2021-07-15 12:55:00,-93.75,840.0,746.25
2021-07-15 12:56:00,-105.0,866.25,761.25
2021-07-15 12:57:00,-52.5,787.5,735.0
2021-07-15 12:58:00,-26.25,813.75,787.5
2021-07-15 12:59:00,-101.25,877.5,776.25
2021-07-15 13:00:00,-123.75,873.75,750.0
2021-07-15 13:01:00,-101.25,832.5,731.25
2021-07-15 13:02:00,-138.75,847.5,708.75
2021-07-15 13:03:00,-153.75,877.5,723.75
2021-07-15 13:04:00,-165.0,937.5,772.5
2021-07-15 13:05:00,-236.25,1001.25,765.0
2021-07-15 13:06:00,-266.25,1038.75,772.5
2021-07-15 13:07:00,-240.0,1031.25,791.25
2021-07-15 13:08:00,-273.75,1057.5,783.75
2021-07-15 13:09:00,-277.5,1050.0,772.5
2021-07-15 13:10:00,-315.0,1098.75,783.75
2021-07-15 13:11:00,-337.5,1121.25,783.75
2021-07-15 13:12:00,-266.25,1098.75,832.5
2021-07-15 13:13:00,-281.25,1110.0,828.75
2021-07-15 13:14:00,-296.25,1117.5,821.25
2021-07-15 13:15:00,-285.0,1117.5,832.5
2021-07-15 13:16:00,-315.0,1136.25,821.25
2021-07-15 13:17:00,-296.25,1121.25,825.0
2021-07-15 13:18:00,-363.75,1140.0,776.25
2021-07-15 13:19:00,-412.5,1203.75,791.25
2021-07-15 13:20:00,-371.25,1185.0,813.75
2021-07-15 13:21:00,-371.25,1200.0,828.75
2021-07-15 13:22:00,-367.5,1181.25,813.75
2021-07-15 13:23:00,-360.0,1177.5,817.5
2021-07-15 13:24:00,-198.75,1136.25,937.5
2021-07-15 13:25:00,-187.5,1143.75,956.25
2021-07-15 13:26:00,-48.75,1102.5,1053.75
2021-07-15 13:27:00,-120.0,1117.5,997.5
2021-07-15 13:28:00,-116.25,1098.75,982.5
2021-07-15 13:29:00,-75.0,1095.0,1020.0
2021-07-15 13:30:00,-82.5,1110.0,1027.5
2021-07-15 13:31:00,-75.0,1068.75,993.75
2021-07-15 13:32:00,-153.75,1076.25,922.5
2021-07-15 13:33:00,-60.0,1068.75,1008.75
2021-07-15 13:34:00,-116.25,1106.25,990.0
2021-07-15 13:35:00,-75.0,1087.5,1012.5
2021-07-15 13:36:00,-123.75,1132.5,1008.75
2021-07-15 13:37:00,-195.0,1177.5,982.5
2021-07-15 13:38:00,-150.0,1173.75,1023.75
2021-07-15 13:39:00,-168.75,1177.5,1008.75
2021-07-15 13:40:00,-176.25,1192.5,1016.25
2021-07-15 13:41:00,-187.5,1207.5,1020.0
2021-07-15 13:42:00,-270.0,1230.0,960.0
2021-07-15 13:43:00,-221.25,1215.0,993.75
2021-07-15 13:44:00,-202.5,1200.0,997.5
2021-07-15 13:45:00,-221.25,1211.25,990.0
2021-07-15 13:46:00,-270.0,1241.25,971.25
2021-07-15 13:47:00,-333.75,1248.75,915.0
2021-07-15 13:48:00,-311.25,1233.75,922.5
2021-07-15 13:49:00,-345.0,1233.75,888.75
2021-07-15 13:50:00,-348.75,1230.0,881.25
2021-07-15 13:51:00,-360.0,1245.0,885.0
2021-07-15 13:52:00,-543.75,1252.5,708.75
2021-07-15 13:53:00,-573.75,1256.25,682.5
2021-07-15 13:54:00,-697.5,1271.25,573.75
2021-07-15 13:55:00,-761.25,1271.25,510.0
2021-07-15 13:56:00,-682.5,1136.25,453.75
2021-07-15 13:57:00,-521.25,971.25,450.0
2021-07-15 13:58:00,-558.75,986.25,427.5
2021-07-15 13:59:00,-645.0,1132.5,487.5
2021-07-15 14:00:00,-633.75,1117.5,483.75
2021-07-15 14:01:00,-480.0,881.25,401.25
2021-07-15 14:02:00,-281.25,738.75,457.5
2021-07-15 14:03:00,-311.25,802.5,491.25
2021-07-15 14:04:00,-517.5,1125.0,607.5
2021-07-15 14:05:00,-517.5,1128.75,611.25
2021-07-15 14:06:00,-517.5,1230.0,712.5
2021-07-15 14:07:00,-495.0,1177.5,682.5
2021-07-15 14:08:00,-517.5,1256.25,738.75
2021-07-15 14:09:00,-393.75,1110.0,716.25
2021-07-15 14:10:00,-416.25,1140.0,723.75
2021-07-15 14:11:00,-363.75,997.5,633.75
2021-07-15 14:12:00,-450.0,1155.0,705.0
2021-07-15 14:13:00,-450.0,1203.75,753.75
2021-07-15 14:14:00,-491.25,1293.75,802.5
2021-07-15 14:15:00,-506.25,1365.0,858.75
2021-07-15 14:16:00,-438.75,1252.5,813.75
2021-07-15 14:17:00,-487.5,1376.25,888.75
2021-07-15 14:18:00,-480.0,1346.25,866.25
2021-07-15 14:19:00,-442.5,1282.5,840.0
2021-07-15 14:20:00,-442.5,1365.0,922.5
2021-07-15 14:21:00,-348.75,1185.0,836.25
2021-07-15 14:22:00,-296.25,1098.75,802.5
2021-07-15 14:23:00,-405.0,1391.25,986.25
2021-07-15 14:24:00,-397.5,1395.0,997.5
2021-07-15 14:25:00,-686.25,1713.75,1027.5
2021-07-15 14:26:00,-603.75,1612.5,1008.75
2021-07-15 14:27:00,-555.0,1567.5,1012.5
2021-07-15 14:28:00,-472.5,1488.75,1016.25
2021-07-15 14:29:00,-468.75,1485.0,1016.25
2021-07-15 14:30:00,-513.75,1740.0,1226.25
2021-07-15 14:31:00,-468.75,1657.5,1188.75
2021-07-15 14:32:00,-427.5,1545.0,1117.5
2021-07-15 14:33:00,-461.25,1710.0,1248.75
2021-07-15 14:34:00,-465.0,1725.0,1260.0
2021-07-15 14:35:00,-442.5,1668.75,1226.25
2021-07-15 14:36:00,-378.75,1608.75,1230.0
2021-07-15 14:37:00,-288.75,1530.0,1241.25
2021-07-15 14:38:00,-165.0,1357.5,1192.5
2021-07-15 14:39:00,-78.75,1215.0,1136.25
2021-07-15 14:40:00,-161.25,1440.0,1278.75
2021-07-15 14:41:00,-191.25,1503.75,1312.5
2021-07-15 14:42:00,-202.5,1582.5,1380.0
2021-07-15 14:43:00,-123.75,1552.5,1428.75
2021-07-15 14:44:00,-123.75,1518.75,1395.0
2021-07-15 14:45:00,3.75,1413.75,1417.5
2021-07-15 14:46:00,123.75,1128.75,1252.5
2021-07-15 14:47:00,150.0,1215.0,1365.0
2021-07-15 14:48:00,217.5,960.0,1177.5
2021-07-15 14:49:00,288.75,832.5,1121.25
2021-07-15 14:50:00,292.5,675.0,967.5
2021-07-15 14:51:00,255.0,1080.0,1335.0
2021-07-15 14:52:00,333.75,611.25,945.0
2021-07-15 14:53:00,300.0,978.75,1278.75
2021-07-15 14:54:00,315.0,1027.5,1342.5
2021-07-15 14:55:00,318.75,941.25,1260.0
2021-07-15 14:56:00,360.0,592.5,952.5
2021-07-15 14:57:00,356.25,577.5,933.75
2021-07-15 14:58:00,371.25,255.0,626.25
2021-07-15 14:59:00,371.25,825.0,1196.25
2021-07-15 15:00:00,371.25,581.25,952.5
2021-07-15 15:01:00,371.25,1031.25,1402.5
2021-07-15 15:02:00,367.5,911.25,1278.75
2021-07-15 15:03:00,378.75,975.0,1353.75
2021-07-15 15:04:00,397.5,806.25,1203.75
2021-07-15 15:05:00,397.5,1308.75,1706.25
2021-07-15 15:06:00,405.0,1110.0,1515.0
2021-07-15 15:07:00,401.25,1312.5,1713.75
2021-07-15 15:08:00,397.5,1410.0,1807.5
2021-07-15 15:09:00,393.75,1327.5,1721.25
2021-07-15 15:10:00,397.5,1222.5,1620.0
2021-07-15 15:11:00,405.0,1076.25,1481.25
2021-07-15 15:12:00,405.0,900.0,1305.0
2021-07-15 15:13:00,412.5,937.5,1350.0
2021-07-15 15:14:00,412.5,836.25,1248.75
2021-07-15 15:15:00,416.25,836.25,1252.5
2021-07-15 15:16:00,416.25,1008.75,1425.0
2021-07-15 15:17:00,416.25,870.0,1286.25
2021-07-15 15:18:00,416.25,885.0,1301.25
2021-07-15 15:19:00,412.5,900.0,1312.5
2021-07-15 15:20:00,416.25,911.25,1327.5
2021-07-15 15:21:00,416.25,911.25,1327.5
2021-07-15 15:22:00,416.25,911.25,1327.5
2021-07-15 15:23:00,416.25,911.25,1327.5
2021-07-15 15:24:00,416.25,911.25,1327.5
2021-07-15 15:25:00,416.25,911.25,1327.5
2021-07-15 15:26:00,416.25,911.25,1327.5
2021-07-15 15:27:00,416.25,911.25,1327.5
2021-07-15 15:28:00,416.25,911.25,1327.5
2021-07-15 15:29:00,416.25,911.25,1327.5
2021-07-15 15:30:00,416.25,911.25,1327.5
2021-07-22 10:15:00,0.0,0.0,0.0
2021-07-22 10:16:00,-15.0,45.0,30.0
2021-07-22 10:17:00,-22.5,52.5,30.0
2021-07-22 10:18:00,-7.5,71.25,63.75
2021-07-22 10:19:00,26.25,-78.75,-52.5
2021-07-22 10:20:00,41.25,-82.5,-41.25
2021-07-22 10:21:00,93.75,-105.0,-11.25
2021-07-22 10:22:00,82.5,-108.75,-26.25
2021-07-22 10:23:00,48.75,33.75,82.5
2021-07-22 10:24:00,45.0,-33.75,11.25
2021-07-22 10:25:00,33.75,-26.25,7.5
2021-07-22 10:26:00,15.0,26.25,41.25
2021-07-22 10:27:00,-26.25,26.25,0.0
2021-07-22 10:28:00,-26.25,22.5,-3.75
2021-07-22 10:29:00,-30.0,18.75,-11.25
2021-07-22 10:30:00,-11.25,45.0,33.75
2021-07-22 10:31:00,-11.25,33.75,22.5
2021-07-22 10:32:00,-7.5,52.5,45.0
2021-07-22 10:33:00,3.75,37.5,41.25
2021-07-22 10:34:00,-15.0,30.0,15.0
2021-07-22 10:35:00,-30.0,93.75,63.75
2021-07-22 10:36:00,-60.0,191.25,131.25
2021-07-22 10:37:00,-93.75,176.25,82.5
2021-07-22 10:38:00,-112.5,191.25,78.75
2021-07-22 10:39:00,-101.25,161.25,60.0
2021-07-22 10:40:00,-123.75,195.0,71.25
2021-07-22 10:41:00,-157.5,202.5,45.0
2021-07-22 10:42:00,-180.0,202.5,22.5
2021-07-22 10:43:00,-191.25,213.75,22.5
2021-07-22 10:44:00,-161.25,210.0,48.75
2021-07-22 10:45:00,-135.0,191.25,56.25
2021-07-22 10:46:00,-172.5,206.25,33.75
2021-07-22 10:47:00,-176.25,225.0,48.75
2021-07-22 10:48:00,-180.0,277.5,97.5
2021-07-22 10:49:00,-217.5,281.25,63.75
2021-07-22 10:50:00,-195.0,281.25,86.25
2021-07-22 10:51:00,-213.75,303.75,90.0
2021-07-22 10:52:00,-210.0,315.0,105.0
2021-07-22 10:53:00,-213.75,322.5,108.75
2021-07-22 10:54:00,-217.5,333.75,116.25
2021-07-22 10:55:00,-191.25,322.5,131.25
2021-07-22 10:56:00,-101.25,303.75,202.5
2021-07-22 10:57:00,-105.0,318.75,213.75
2021-07-22 10:58:00,-127.5,341.25,213.75
2021-07-22 10:59:00,-101.25,273.75,172.5
2021-07-22 11:00:00,-116.25,315.0,198.75
2021-07-22 11:01:00,-150.0,330.0,180.0
2021-07-22 11:02:00,-191.25,375.0,183.75
2021-07-22 11:03:00,-195.0,397.5,202.5
2021-07-22 11:04:00,-191.25,397.5,206.25
2021-07-22 11:05:00,-161.25,371.25,210.0
2021-07-22 11:06:00,-131.25,341.25,210.0
2021-07-22 11:07:00,-187.5,378.75,191.25
2021-07-22 11:08:00,-176.25,378.75,202.5
2021-07-22 11:09:00,-172.5,371.25,198.75
2021-07-22 11:10:00,-150.0,352.5,202.5
2021-07-22 11:11:00,-165.0,367.5,202.5
2021-07-22 11:12:00,-180.0,378.75,198.75
2021-07-22 11:13:00,-168.75,367.5,198.75
2021-07-22 11:14:00,-168.75,367.5,198.75
2021-07-22 11:15:00,-176.25,371.25,195.0
2021-07-22 11:16:00,-168.75,341.25,172.5
2021-07-22 11:17:00,-176.25,367.5,191.25
2021-07-22 11:18:00,-198.75,397.5,198.75
2021-07-22 11:19:00,-206.25,405.0,198.75
2021-07-22 11:20:00,-138.75,363.75,225.0
2021-07-22 11:21:00,-127.5,315.0,187.5
2021-07-22 11:22:00,-161.25,345.0,183.75
2021-07-22 11:23:00,-153.75,352.5,198.75
2021-07-22 11:24:00,-142.5,311.25,168.75
2021-07-22 11:25:00,-142.5,326.25,183.75
2021-07-22 11:26:00,-97.5,288.75,191.25
2021-07-22 11:27:00,-127.5,307.5,180.0
2021-07-22 11:28:00,-116.25,296.25,180.0
2021-07-22 11:29:00,-101.25,292.5,191.25
2021-07-22 11:30:00,-101.25,292.5,191.25
2021-07-22 11:31:00,-97.5,326.25,228.75
2021-07-22 11:32:00,-26.25,255.0,228.75
2021-07-22 11:33:00,3.75,243.75,247.5
2021-07-22 11:34:00,-45.0,285.0,240.0
2021-07-22 11:35:00,-30.0,247.5,217.5
2021-07-22 11:36:00,-48.75,292.5,243.75
2021-07-22 11:37:00,-41.25,296.25,255.0
2021-07-22 11:38:00,-45.0,281.25,236.25
2021-07-22 11:39:00,-41.25,273.75,232.5
2021-07-22 11:40:00,-18.75,270.0,251.25
2021-07-22 11:41:00,-33.75,303.75,270.0
2021-07-22 11:42:00,-63.75,378.75,315.0
2021-07-22 11:43:00,-93.75,446.25,352.5
2021-07-22 11:44:00,-93.75,408.75,315.0
2021-07-22 11:45:00,-86.25,416.25,330.0
2021-07-22 11:46:00,-93.75,431.25,337.5
2021-07-22 11:47:00,-90.0,420.0,330.0
2021-07-22 11:48:00,-52.5,408.75,356.25
2021-07-22 11:49:00,-67.5,405.0,337.5
2021-07-22 11:50:00,-71.25,408.75,337.5
2021-07-22 11:51:00,-78.75,393.75,315.0
2021-07-22 11:52:00,-82.5,405.0,322.5
2021-07-22 11:53:00,-86.25,401.25,315.0
2021-07-22 11:54:00,-82.5,393.75,311.25
2021-07-22 11:55:00,-86.25,405.0,318.75
2021-07-22 11:56:00,-93.75,416.25,322.5
2021-07-22 11:57:00,-101.25,427.5,326.25
2021-07-22 11:58:00,-90.0,408.75,318.75
2021-07-22 11:59:00,-75.0,408.75,333.75
2021-07-22 12:00:00,-67.5,397.5,330.0
2021-07-22 12:01:00,-60.0,401.25,341.25
2021-07-22 12:02:00,-67.5,401.25,333.75
2021-07-22 12:03:00,-60.0,378.75,318.75
2021-07-22 12:04:00,-63.75,390.0,326.25
2021-07-22 12:05:00,-75.0,401.25,326.25
2021-07-22 12:06:00,-86.25,431.25,345.0
2021-07-22 12:07:00,-150.0,465.0,315.0
2021-07-22 12:08:00,-123.75,476.25,352.5
2021-07-22 12:09:00,-176.25,498.75,322.5
2021-07-22 12:10:00,-221.25,487.5,266.25
2021-07-22 12:11:00,-161.25,468.75,307.5
2021-07-22 12:12:00,-213.75,480.0,266.25
2021-07-22 12:13:00,-168.75,480.0,311.25
2021-07-22 12:14:00,-221.25,480.0,258.75
2021-07-22 12:15:00,-198.75,476.25,277.5
2021-07-22 12:16:00,-161.25,476.25,315.0
2021-07-22 12:17:00,-191.25,491.25,300.0
2021-07-22 12:18:00,-202.5,510.0,307.5
2021-07-22 12:19:00,-165.0,483.75,318.75
2021-07-22 12:20:00,-67.5,457.5,390.0
2021-07-22 12:21:00,-108.75,468.75,360.0
2021-07-22 12:22:00,-105.0,446.25,341.25
2021-07-22 12:23:00,-93.75,461.25,367.5
2021-07-22 12:24:00,-108.75,468.75,360.0
2021-07-22 12:25:00,-112.5,457.5,345.0
2021-07-22 12:26:00,-112.5,483.75,371.25
2021-07-22 12:27:00,-120.0,476.25,356.25
2021-07-22 12:28:00,-131.25,472.5,341.25
2021-07-22 12:29:00,-101.25,468.75,367.5
2021-07-22 12:30:00,-101.25,483.75,382.5
2021-07-22 12:31:00,-142.5,513.75,371.25
2021-07-22 12:32:00,-191.25,573.75,382.5
2021-07-22 12:33:00,-191.25,562.5,371.25
2021-07-22 12:34:00,-183.75,570.0,386.25
2021-07-22 12:35:00,-161.25,555.0,393.75
2021-07-22 12:36:00,-108.75,528.75,420.0
2021-07-22 12:37:00,-135.0,525.0,390.0
2021-07-22 12:38:00,-142.5,536.25,393.75
2021-07-22 12:39:00,-150.0,551.25,401.25
2021-07-22 12:40:00,-146.25,558.75,412.5
2021-07-22 12:41:00,-146.25,551.25,405.0
2021-07-22 12:42:00,-138.75,551.25,412.5
2021-07-22 12:43:00,-138.75,547.5,408.75
2021-07-22 12:44:00,-120.0,521.25,401.25
2021-07-22 12:45:00,-123.75,521.25,397.5
2021-07-22 12:46:00,-108.75,513.75,405.0
2021-07-22 12:47:00,-112.5,547.5,435.0
2021-07-22 12:48:00,-105.0,547.5,442.5
2021-07-22 12:49:00,-120.0,555.0,435.0
2021-07-22 12:50:00,-97.5,547.5,450.0
2021-07-22 12:51:00,-78.75,525.0,446.25
2021-07-22 12:52:00,-82.5,532.5,450.0
2021-07-22 12:53:00,-78.75,536.25,457.5
2021-07-22 12:54:00,-82.5,547.5,465.0
2021-07-22 12:55:00,-82.5,566.25,483.75
2021-07-22 12:56:00,-60.0,558.75,498.75
2021-07-22 12:57:00,-33.75,528.75,495.0
2021-07-22 12:58:00,-52.5,547.5,495.0
2021-07-22 12:59:00,0.0,510.0,510.0
2021-07-22 13:00:00,33.75,502.5,536.25
2021-07-22 13:01:00,30.0,525.0,555.0
2021-07-22 13:02:00,63.75,461.25,525.0
2021-07-22 13:03:00,71.25,468.75,540.0
2021-07-22 13:04:00,75.0,476.25,551.25
2021-07-22 13:05:00,135.0,431.25,566.25
2021-07-22 13:06:00,123.75,465.0,588.75
2021-07-22 13:07:00,105.0,506.25,611.25
2021-07-22 13:08:00,135.0,483.75,618.75
2021-07-22 13:09:00,127.5,480.0,607.5
2021-07-22 13:10:00,157.5,446.25,603.75
2021-07-22 13:11:00,127.5,480.0,607.5
2021-07-22 13:12:00,127.5,472.5,600.0
2021-07-22 13:13:00,150.0,450.0,600.0
2021-07-22 13:14:00,176.25,420.0,596.25
2021-07-22 13:15:00,168.75,420.0,588.75
2021-07-22 13:16:00,180.0,438.75,618.75
2021-07-22 13:17:00,180.0,446.25,626.25
2021-07-22 13:18:00,176.25,461.25,637.5
2021-07-22 13:19:00,191.25,442.5,633.75
2021-07-22 13:20:00,183.75,465.0,648.75
2021-07-22 13:21:00,123.75,667.5,791.25
2021-07-22 13:22:00,75.0,723.75,798.75
2021-07-22 13:23:00,-63.75,716.25,652.5
2021-07-22 13:24:00,11.25,727.5,738.75
2021-07-22 13:25:00,11.25,735.0,746.25
2021-07-22 13:26:00,7.5,712.5,720.0
2021-07-22 13:27:00,45.0,712.5,757.5
2021-07-22 13:28:00,60.0,705.0,765.0
2021-07-22 13:29:00,105.0,678.75,783.75
2021-07-22 13:30:00,93.75,701.25,795.0
2021-07-22 13:31:00,75.0,701.25,776.25
2021-07-22 13:32:00,93.75,693.75,787.5
2021-07-22 13:33:00,82.5,686.25,768.75
2021-07-22 13:34:00,101.25,663.75,765.0
2021-07-22 13:35:00,127.5,667.5,795.0
2021-07-22 13:36:00,97.5,660.0,757.5
2021-07-22 13:37:00,108.75,656.25,765.0
2021-07-22 13:38:00,135.0,630.0,765.0
2021-07-22 13:39:00,123.75,648.75,772.5
2021-07-22 13:40:00,142.5,615.0,757.5
2021-07-22 13:41:00,142.5,618.75,761.25
2021-07-22 13:42:00,142.5,626.25,768.75
2021-07-22 13:43:00,161.25,618.75,780.0
2021-07-22 13:44:00,153.75,577.5,731.25
2021-07-22 13:45:00,161.25,618.75,780.0
2021-07-22 13:46:00,157.5,577.5,735.0
2021-07-22 13:47:00,187.5,536.25,723.75
2021-07-22 13:48:00,180.0,592.5,772.5
2021-07-22 13:49:00,176.25,588.75,765.0
2021-07-22 13:50:00,157.5,716.25,873.75
2021-07-22 13:51:00,146.25,690.0,836.25
2021-07-22 13:52:00,138.75,712.5,851.25
2021-07-22 13:53:00,157.5,705.0,862.5
2021-07-22 13:54:00,165.0,686.25,851.25
2021-07-22 13:55:00,183.75,667.5,851.25
2021-07-22 13:56:00,180.0,671.25,851.25
2021-07-22 13:57:00,172.5,675.0,847.5
2021-07-22 13:58:00,180.0,675.0,855.0
2021-07-22 13:59:00,198.75,648.75,847.5
2021-07-22 14:00:00,206.25,633.75,840.0
2021-07-22 14:01:00,198.75,630.0,828.75
2021-07-22 14:02:00,202.5,622.5,825.0
2021-07-22 14:03:00,217.5,577.5,795.0
2021-07-22 14:04:00,225.0,652.5,877.5
2021-07-22 14:05:00,213.75,663.75,877.5
2021-07-22 14:06:00,198.75,667.5,866.25
2021-07-22 14:07:00,202.5,708.75,911.25
2021-07-22 14:08:00,213.75,693.75,907.5
2021-07-22 14:09:00,210.0,660.0,870.0
2021-07-22 14:10:00,213.75,667.5,881.25
2021-07-22 14:11:00,213.75,667.5,881.25
2021-07-22 14:12:00,225.0,630.0,855.0
2021-07-22 14:13:00,217.5,667.5,885.0
2021-07-22 14:14:00,213.75,708.75,922.5
2021-07-22 14:15:00,213.75,697.5,911.25
2021-07-22 14:16:00,225.0,697.5,922.5
2021-07-22 14:17:00,243.75,663.75,907.5
2021-07-22 14:18:00,258.75,622.5,881.25
2021-07-22 14:19:00,255.0,615.0,870.0
2021-07-22 14:20:00,262.5,562.5,825.0
2021-07-22 14:21:00,270.0,543.75,813.75
2021-07-22 14:22:00,277.5,442.5,720.0
2021-07-22 14:23:00,285.0,690.0,975.0
2021-07-22 14:24:00,288.75,648.75,937.5
2021-07-22 14:25:00,292.5,577.5,870.0
2021-07-22 14:26:00,300.0,618.75,918.75
2021-07-22 14:27:00,296.25,697.5,993.75
2021-07-22 14:28:00,296.25,656.25,952.5
2021-07-22 14:29:00,296.25,671.25,967.5
2021-07-22 14:30:00,296.25,626.25,922.5
2021-07-22 14:31:00,296.25,645.0,941.25
2021-07-22 14:32:00,300.0,682.5,982.5
2021-07-22 14:33:00,292.5,693.75,986.25
2021-07-22 14:34:00,300.0,678.75,978.75
2021-07-22 14:35:00,300.0,701.25,1001.25
2021-07-22 14:36:00,300.0,671.25,971.25
2021-07-22 14:37:00,296.25,690.0,986.25
2021-07-22 14:38:00,300.0,787.5,1087.5
2021-07-22 14:39:00,296.25,705.0,1001.25
2021-07-22 14:40:00,300.0,693.75,993.75
2021-07-22 14:41:00,296.25,663.75,960.0
2021-07-22 14:42:00,303.75,641.25,945.0
2021-07-22 14:43:00,307.5,663.75,971.25
2021-07-22 14:44:00,311.25,660.0,971.25
2021-07-22 14:45:00,311.25,705.0,1016.25
2021-07-22 14:46:00,311.25,772.5,1083.75
2021-07-22 14:47:00,311.25,768.75,1080.0
2021-07-22 14:48:00,311.25,682.5,993.75
2021-07-22 14:49:00,315.0,690.0,1005.0
2021-07-22 14:50:00,318.75,682.5,1001.25
2021-07-22 14:51:00,315.0,693.75,1008.75
2021-07-22 14:52:00,322.5,697.5,1020.0
2021-07-22 14:53:00,322.5,780.0,1102.5
2021-07-22 14:54:00,318.75,810.0,1128.75
2021-07-22 14:55:00,315.0,821.25,1136.25
2021-07-22 14:56:00,318.75,843.75,1162.5
2021-07-22 14:57:00,311.25,862.5,1173.75
2021-07-22 14:58:00,311.25,873.75,1185.0
2021-07-22 14:59:00,303.75,873.75,1177.5
2021-07-22 15:00:00,307.5,881.25,1188.75
2021-07-22 15:01:00,307.5,903.75,1211.25
2021-07-22 15:02:00,311.25,903.75,1215.0
2021-07-22 15:03:00,315.0,896.25,1211.25
2021-07-22 15:04:00,318.75,892.5,1211.25
2021-07-22 15:05:00,311.25,896.25,1207.5
2021-07-22 15:06:00,285.0,907.5,1192.5
2021-07-22 15:07:00,315.0,915.0,1230.0
2021-07-22 15:08:00,307.5,915.0,1222.5
2021-07-22 15:09:00,315.0,915.0,1230.0
2021-07-22 15:10:00,318.75,911.25,1230.0
2021-07-22 15:11:00,326.25,911.25,1237.5
2021-07-22 15:12:00,326.25,907.5,1233.75
2021-07-22 15:13:00,330.0,911.25,1241.25
2021-07-22 15:14:00,326.25,915.0,1241.25
2021-07-22 15:15:00,326.25,918.75,1245.0
2021-07-22 15:16:00,333.75,918.75,1252.5
2021-07-22 15:17:00,333.75,915.0,1248.75
2021-07-22 15:18:00,330.0,918.75,1248.75
2021-07-22 15:19:00,333.75,918.75,1252.5
2021-07-22 15:20:00,333.75,918.75,1252.5
2021-07-22 15:21:00,333.75,918.75,1252.5
2021-07-22 15:22:00,333.75,918.75,1252.5
2021-07-22 15:23:00,333.75,918.75,1252.5
2021-07-22 15:24:00,333.75,918.75,1252.5
2021-07-22 15:25:00,333.75,918.75,1252.5
2021-07-22 15:26:00,333.75,918.75,1252.5
2021-07-22 15:27:00,333.75,918.75,1252.5
2021-07-22 15:28:00,333.75,918.75,1252.5
2021-07-22 15:29:00,333.75,918.75,1252.5
2021-07-22 15:30:00,333.75,918.75,1252.5
2021-07-29 10:15:00,0.0,0.0,0.0
2021-07-29 10:16:00,-30.0,82.5,52.5
2021-07-29 10:17:00,-165.0,240.0,75.0
2021-07-29 10:18:00,-86.25,157.5,71.25
2021-07-29 10:19:00,-52.5,52.5,0.0
2021-07-29 10:20:00,63.75,-142.5,-78.75
2021-07-29 10:21:00,-37.5,33.75,-3.75
2021-07-29 10:22:00,26.25,-60.0,-33.75
2021-07-29 10:23:00,30.0,-120.0,-90.0
2021-07-29 10:24:00,63.75,-157.5,-93.75
2021-07-29 10:25:00,131.25,-228.75,-97.5
2021-07-29 10:26:00,277.5,-453.75,-176.25
2021-07-29 10:27:00,300.0,-476.25,-176.25
2021-07-29 10:28:00,303.75,-431.25,-127.5
2021-07-29 10:29:00,247.5,-356.25,-108.75
2021-07-29 10:30:00,236.25,-337.5,-101.25
2021-07-29 10:31:00,150.0,-131.25,18.75
2021-07-29 10:32:00,90.0,30.0,120.0
2021-07-29 10:33:00,97.5,15.0,112.5
2021-07-29 10:34:00,101.25,11.25,112.5
2021-07-29 10:35:00,146.25,-52.5,93.75
2021-07-29 10:36:00,135.0,-33.75,101.25
2021-07-29 10:37:00,15.0,315.0,330.0
2021-07-29 10:38:00,-56.25,367.5,311.25
2021-07-29 10:39:00,-3.75,258.75,255.0
2021-07-29 10:40:00,-37.5,236.25,198.75
2021-07-29 10:41:00,-93.75,371.25,277.5
2021-07-29 10:42:00,-116.25,367.5,251.25
2021-07-29 10:43:00,-213.75,438.75,225.0
2021-07-29 10:44:00,-198.75,431.25,232.5
2021-07-29 10:45:00,-446.25,573.75,127.5
2021-07-29 10:46:00,-431.25,517.5,86.25
2021-07-29 10:47:00,-345.0,468.75,123.75
2021-07-29 10:48:00,-502.5,551.25,48.75
2021-07-29 10:49:00,-330.0,525.0,195.0
2021-07-29 10:50:00,-438.75,592.5,153.75
2021-07-29 10:51:00,-386.25,570.0,183.75
2021-07-29 10:52:00,-341.25,558.75,217.5
2021-07-29 10:53:00,-532.5,735.0,202.5
2021-07-29 10:54:00,-438.75,701.25,262.5
2021-07-29 10:55:00,-427.5,697.5,270.0
2021-07-29 10:56:00,-465.0,701.25,236.25
2021-07-29 10:57:00,-461.25,735.0,273.75
2021-07-29 10:58:00,-393.75,660.0,266.25
2021-07-29 10:59:00,-435.0,693.75,258.75
2021-07-29 11:00:00,-435.0,701.25,266.25
2021-07-29 11:01:00,-172.5,566.25,393.75
2021-07-29 11:02:00,-408.75,686.25,277.5
2021-07-29 11:03:00,-468.75,712.5,243.75
2021-07-29 11:04:00,-423.75,716.25,292.5
2021-07-29 11:05:00,-382.5,675.0,292.5
2021-07-29 11:06:00,-337.5,660.0,322.5
2021-07-29 11:07:00,-360.0,641.25,281.25
2021-07-29 11:08:00,-360.0,633.75,273.75
2021-07-29 11:09:00,-318.75,588.75,270.0
2021-07-29 11:10:00,-318.75,645.0,326.25
2021-07-29 11:11:00,-371.25,641.25,270.0
2021-07-29 11:12:00,-390.0,671.25,281.25
2021-07-29 11:13:00,-420.0,701.25,281.25
2021-07-29 11:14:00,-311.25,607.5,296.25
2021-07-29 11:15:00,-367.5,675.0,307.5
2021-07-29 11:16:00,-408.75,712.5,303.75
2021-07-29 11:17:00,-386.25,682.5,296.25
2021-07-29 11:18:00,-382.5,663.75,281.25
2021-07-29 11:19:00,-495.0,731.25,236.25
2021-07-29 11:20:00,-476.25,731.25,255.0
2021-07-29 11:21:00,-570.0,780.0,210.0
2021-07-29 11:22:00,-660.0,858.75,198.75
2021-07-29 11:23:00,-633.75,847.5,213.75
2021-07-29 11:24:00,-461.25,787.5,326.25
2021-07-29 11:25:00,-558.75,821.25,262.5
2021-07-29 11:26:00,-480.0,772.5,292.5
2021-07-29 11:27:00,-202.5,678.75,476.25
2021-07-29 11:28:00,-285.0,671.25,386.25
2021-07-29 11:29:00,-330.0,671.25,341.25
2021-07-29 11:30:00,-386.25,727.5,341.25
2021-07-29 11:31:00,-318.75,690.0,371.25
2021-07-29 11:32:00,-150.0,592.5,442.5
2021-07-29 11:33:00,-116.25,543.75,427.5
2021-07-29 11:34:00,-161.25,637.5,476.25
2021-07-29 11:35:00,-105.0,536.25,431.25
2021-07-29 11:36:00,-26.25,506.25,480.0
2021-07-29 11:37:00,-153.75,611.25,457.5
2021-07-29 11:38:00,-221.25,607.5,386.25
2021-07-29 11:39:00,-172.5,633.75,461.25
2021-07-29 11:40:00,-270.0,738.75,468.75
2021-07-29 11:41:00,-345.0,776.25,431.25
2021-07-29 11:42:00,-386.25,828.75,442.5
2021-07-29 11:43:00,-363.75,798.75,435.0
2021-07-29 11:44:00,-386.25,825.0,438.75
2021-07-29 11:45:00,-352.5,806.25,453.75
2021-07-29 11:46:00,-232.5,705.0,472.5
2021-07-29 11:47:00,-236.25,708.75,472.5
2021-07-29 11:48:00,-266.25,727.5,461.25
2021-07-29 11:49:00,-292.5,746.25,453.75
2021-07-29 11:50:00,-300.0,776.25,476.25
2021-07-29 11:51:00,-71.25,596.25,525.0
2021-07-29 11:52:00,-108.75,588.75,480.0
2021-07-29 11:53:00,-172.5,652.5,480.0
2021-07-29 11:54:00,-150.0,603.75,453.75
2021-07-29 11:55:00,-108.75,600.0,491.25
2021-07-29 11:56:00,-123.75,615.0,491.25
2021-07-29 11:57:00,-153.75,622.5,468.75
2021-07-29 11:58:00,-157.5,641.25,483.75
2021-07-29 11:59:00,-146.25,633.75,487.5
2021-07-29 12:00:00,-165.0,690.0,525.0
2021-07-29 12:01:00,-390.0,986.25,596.25
2021-07-29 12:02:00,-168.75,862.5,693.75
2021-07-29 12:03:00,-120.0,783.75,663.75
2021-07-29 12:04:00,-180.0,877.5,697.5
2021-07-29 12:05:00,-213.75,881.25,667.5
2021-07-29 12:06:00,-172.5,817.5,645.0
2021-07-29 12:07:00,-240.0,900.0,660.0
2021-07-29 12:08:00,-228.75,873.75,645.0
2021-07-29 12:09:00,-191.25,836.25,645.0
2021-07-29 12:10:00,-165.0,847.5,682.5
2021-07-29 12:11:00,-116.25,791.25,675.0
2021-07-29 12:12:00,-63.75,742.5,678.75
2021-07-29 12:13:00,-82.5,761.25,678.75
2021-07-29 12:14:00,-48.75,735.0,686.25
2021-07-29 12:15:00,-26.25,735.0,708.75
2021-07-29 12:16:00,30.0,607.5,637.5
2021-07-29 12:17:00,37.5,652.5,690.0
2021-07-29 12:18:00,-48.75,742.5,693.75
2021-07-29 12:19:00,22.5,652.5,675.0
2021-07-29 12:20:00,-18.75,697.5,678.75
2021-07-29 12:21:00,11.25,686.25,697.5
2021-07-29 12:22:00,-15.0,708.75,693.75
2021-07-29 12:23:00,123.75,596.25,720.0
2021-07-29 12:24:00,150.0,577.5,727.5
2021-07-29 12:25:00,318.75,405.0,723.75
2021-07-29 12:26:00,292.5,468.75,761.25
2021-07-29 12:27:00,371.25,352.5,723.75
2021-07-29 12:28:00,330.0,412.5,742.5
2021-07-29 12:29:00,382.5,315.0,697.5
2021-07-29 12:30:00,386.25,363.75,750.0
2021-07-29 12:31:00,120.0,858.75,978.75
2021-07-29 12:32:00,-108.75,1001.25,892.5
2021-07-29 12:33:00,-146.25,1083.75,937.5
2021-07-29 12:34:00,-78.75,1020.0,941.25
2021-07-29 12:35:00,-127.5,1027.5,900.0
2021-07-29 12:36:00,-71.25,982.5,911.25
2021-07-29 12:37:00,-11.25,952.5,941.25
2021-07-29 12:38:00,-3.75,948.75,945.0
2021-07-29 12:39:00,-86.25,1027.5,941.25
2021-07-29 12:40:00,-127.5,1027.5,900.0
2021-07-29 12:41:00,-60.0,963.75,903.75
2021-07-29 12:42:00,-75.0,1001.25,926.25
2021-07-29 12:43:00,-48.75,982.5,933.75
2021-07-29 12:44:00,-48.75,956.25,907.5
2021-07-29 12:45:00,-101.25,1008.75,907.5
2021-07-29 12:46:00,-288.75,1177.5,888.75
2021-07-29 12:47:00,-131.25,1083.75,952.5
2021-07-29 12:48:00,-22.5,1038.75,1016.25
2021-07-29 12:49:00,-67.5,1053.75,986.25
2021-07-29 12:50:00,-97.5,1072.5,975.0
2021-07-29 12:51:00,-97.5,1080.0,982.5
2021-07-29 12:52:00,-90.0,1065.0,975.0
2021-07-29 12:53:00,-108.75,1065.0,956.25
2021-07-29 12:54:00,-97.5,1072.5,975.0
2021-07-29 12:55:00,-116.25,1050.0,933.75
2021-07-29 12:56:00,-78.75,1038.75,960.0
2021-07-29 12:57:00,-135.0,1076.25,941.25
2021-07-29 12:58:00,-240.0,1132.5,892.5
2021-07-29 12:59:00,-255.0,1113.75,858.75
2021-07-29 13:00:00,-615.0,1237.5,622.5
2021-07-29 13:01:00,-472.5,1207.5,735.0
2021-07-29 13:02:00,-247.5,1057.5,810.0
2021-07-29 13:03:00,-401.25,1125.0,723.75
2021-07-29 13:04:00,-450.0,1147.5,697.5
2021-07-29 13:05:00,-573.75,1365.0,791.25
2021-07-29 13:06:00,-573.75,1380.0,806.25
2021-07-29 13:07:00,-453.75,1312.5,858.75
2021-07-29 13:08:00,-408.75,1252.5,843.75
2021-07-29 13:09:00,-345.0,1140.0,795.0
2021-07-29 13:10:00,-442.5,1215.0,772.5
2021-07-29 13:11:00,-461.25,1245.0,783.75
2021-07-29 13:12:00,-435.0,1245.0,810.0
2021-07-29 13:13:00,-258.75,1177.5,918.75
2021-07-29 13:14:00,-330.0,1200.0,870.0
2021-07-29 13:15:00,-371.25,1260.0,888.75
2021-07-29 13:16:00,-303.75,1200.0,896.25
2021-07-29 13:17:00,-131.25,1080.0,948.75
2021-07-29 13:18:00,-150.0,1117.5,967.5
2021-07-29 13:19:00,-285.0,1230.0,945.0
2021-07-29 13:20:00,-258.75,1230.0,971.25
2021-07-29 13:21:00,-168.75,1080.0,911.25
2021-07-29 13:22:00,-206.25,1177.5,971.25
2021-07-29 13:23:00,-251.25,1215.0,963.75
2021-07-29 13:24:00,-401.25,1500.0,1098.75
2021-07-29 13:25:00,-446.25,1530.0,1083.75
2021-07-29 13:26:00,-375.0,1507.5,1132.5
2021-07-29 13:27:00,-408.75,1582.5,1173.75
2021-07-29 13:28:00,-390.0,1597.5,1207.5
2021-07-29 13:29:00,-315.0,1537.5,1222.5
2021-07-29 13:30:00,-397.5,1605.0,1207.5
2021-07-29 13:31:00,-322.5,1545.0,1222.5
2021-07-29 13:32:00,-318.75,1612.5,1293.75
2021-07-29 13:33:00,-270.0,1597.5,1327.5
2021-07-29 13:34:00,-322.5,1627.5,1305.0
2021-07-29 13:35:00,-431.25,1747.5,1316.25
2021-07-29 13:36:00,-371.25,1740.0,1368.75
2021-07-29 13:37:00,-431.25,1822.5,1391.25
2021-07-29 13:38:00,-375.0,1822.5,1447.5
2021-07-29 13:39:00,-300.0,1837.5,1537.5
2021-07-29 13:40:00,-326.25,1830.0,1503.75
2021-07-29 13:41:00,-333.75,1830.0,1496.25
2021-07-29 13:42:00,-401.25,1867.5,1466.25
2021-07-29 13:43:00,-333.75,1882.5,1548.75
2021-07-29 13:44:00,-318.75,1860.0,1541.25
2021-07-29 13:45:00,-251.25,1860.0,1608.75
2021-07-29 13:46:00,-277.5,1860.0,1582.5
2021-07-29 13:47:00,-326.25,1905.0,1578.75
2021-07-29 13:48:00,-408.75,1995.0,1586.25
2021-07-29 13:49:00,-228.75,1927.5,1698.75
2021-07-29 13:50:00,52.5,1732.5,1785.0
2021-07-29 13:51:00,116.25,1582.5,1698.75
2021-07-29 13:52:00,-33.75,1717.5,1683.75
2021-07-29 13:53:00,-138.75,1792.5,1653.75
2021-07-29 13:54:00,-131.25,1867.5,1736.25
2021-07-29 13:55:00,-75.0,1822.5,1747.5
2021-07-29 13:56:00,-225.0,1897.5,1672.5
2021-07-29 13:57:00,-195.0,1875.0,1680.0
2021-07-29 13:58:00,-315.0,1905.0,1590.0
2021-07-29 13:59:00,-442.5,1987.5,1545.0
2021-07-29 14:00:00,-371.25,2002.5,1631.25
2021-07-29 14:01:00,-243.75,1965.0,1721.25
2021-07-29 14:02:00,-251.25,1957.5,1706.25
2021-07-29 14:03:00,-300.0,1935.0,1635.0
2021-07-29 14:04:00,-333.75,1957.5,1623.75
2021-07-29 14:05:00,-341.25,1957.5,1616.25
2021-07-29 14:06:00,-228.75,1882.5,1653.75
2021-07-29 14:07:00,-183.75,1822.5,1638.75
2021-07-29 14:08:00,-247.5,1837.5,1590.0
2021-07-29 14:09:00,-221.25,1807.5,1586.25
2021-07-29 14:10:00,-105.0,1717.5,1612.5
2021-07-29 14:11:00,26.25,1665.0,1691.25
2021-07-29 14:12:00,-48.75,1695.0,1646.25
2021-07-29 14:13:00,67.5,1665.0,1732.5
2021-07-29 14:14:00,3.75,1635.0,1638.75
2021-07-29 14:15:00,116.25,1605.0,1721.25
2021-07-29 14:16:00,-22.5,1710.0,1687.5
2021-07-29 14:17:00,-18.75,1635.0,1616.25
2021-07-29 14:18:00,258.75,1462.5,1721.25
2021-07-29 14:19:00,367.5,1380.0,1747.5
2021-07-29 14:20:00,412.5,1417.5,1830.0
2021-07-29 14:21:00,247.5,1522.5,1770.0
2021-07-29 14:22:00,303.75,1552.5,1856.25
2021-07-29 14:23:00,311.25,1515.0,1826.25
2021-07-29 14:24:00,352.5,1567.5,1920.0
2021-07-29 14:25:00,468.75,1545.0,2013.75
2021-07-29 14:26:00,502.5,1552.5,2055.0
2021-07-29 14:27:00,438.75,1575.0,2013.75
2021-07-29 14:28:00,397.5,1710.0,2107.5
2021-07-29 14:29:00,348.75,1762.5,2111.25
2021-07-29 14:30:00,225.0,1927.5,2152.5
2021-07-29 14:31:00,296.25,2002.5,2298.75
2021-07-29 14:32:00,423.75,1965.0,2388.75
2021-07-29 14:33:00,375.0,1957.5,2332.5
2021-07-29 14:34:00,371.25,1950.0,2321.25
2021-07-29 14:35:00,187.5,2167.5,2355.0
2021-07-29 14:36:00,360.0,2137.5,2497.5
2021-07-29 14:37:00,337.5,2145.0,2482.5
2021-07-29 14:38:00,315.0,2152.5,2467.5
2021-07-29 14:39:00,521.25,1957.5,2478.75
2021-07-29 14:40:00,528.75,1875.0,2403.75
2021-07-29 14:41:00,551.25,2002.5,2553.75
2021-07-29 14:42:00,525.0,2092.5,2617.5
2021-07-29 14:43:00,532.5,2040.0,2572.5
2021-07-29 14:44:00,562.5,2070.0,2632.5
2021-07-29 14:45:00,588.75,2055.0,2643.75
2021-07-29 14:46:00,660.0,2032.5,2692.5
2021-07-29 14:47:00,716.25,2017.5,2733.75
2021-07-29 14:48:00,577.5,2145.0,2722.5
2021-07-29 14:49:00,645.0,2085.0,2730.0
2021-07-29 14:50:00,678.75,2100.0,2778.75
2021-07-29 14:51:00,697.5,2122.5,2820.0
2021-07-29 14:52:00,817.5,2070.0,2887.5
2021-07-29 14:53:00,832.5,2077.5,2910.0
2021-07-29 14:54:00,802.5,2077.5,2880.0
2021-07-29 14:55:00,735.0,2242.5,2977.5
2021-07-29 14:56:00,686.25,2257.5,2943.75
2021-07-29 14:57:00,701.25,2317.5,3018.75
2021-07-29 14:58:00,750.0,2302.5,3052.5
2021-07-29 14:59:00,682.5,2310.0,2992.5
2021-07-29 15:00:00,663.75,2362.5,3026.25
2021-07-29 15:01:00,498.75,2415.0,2913.75
2021-07-29 15:02:00,825.0,2400.0,3225.0
2021-07-29 15:03:00,877.5,2385.0,3262.5
2021-07-29 15:04:00,971.25,2377.5,3348.75
2021-07-29 15:05:00,1027.5,2377.5,3405.0
2021-07-29 15:06:00,1053.75,2362.5,3416.25
2021-07-29 15:07:00,1083.75,2317.5,3401.25
2021-07-29 15:08:00,1080.0,2392.5,3472.5
2021-07-29 15:09:00,1125.0,2362.5,3487.5
2021-07-29 15:10:00,1125.0,2377.5,3502.5
2021-07-29 15:11:00,1136.25,2355.0,3491.25
2021-07-29 15:12:00,1143.75,2392.5,3536.25
2021-07-29 15:13:00,1136.25,2422.5,3558.75
2021-07-29 15:14:00,1140.0,2422.5,3562.5
2021-07-29 15:15:00,1140.0,2437.5,3577.5
2021-07-29 15:16:00,1147.5,2445.0,3592.5
2021-07-29 15:17:00,1151.25,2445.0,3596.25
2021-07-29 15:18:00,1155.0,2452.5,3607.5
2021-07-29 15:19:00,1155.0,2452.5,3607.5
2021-07-29 15:20:00,1155.0,2452.5,3607.5
2021-07-29 15:21:00,1155.0,2452.5,3607.5
2021-07-29 15:22:00,1155.0,2452.5,3607.5
2021-07-29 15:23:00,1155.0,2452.5,3607.5
2021-07-29 15:24:00,1155.0,2452.5,3607.5
2021-07-29 15:25:00,1155.0,2452.5,3607.5
2021-07-29 15:26:00,1155.0,2452.5,3607.5
2021-07-29 15:27:00,1155.0,2452.5,3607.5
2021-07-29 15:28:00,1155.0,2452.5,3607.5
2021-07-29 15:29:00,1155.0,2452.5,3607.5
2021-07-29 15:30:00,1155.0,2452.5,3607.5
2021-08-05 10:15:00,0.0,0.0,0.0
2021-08-05 10:16:00,-15.0,37.5,22.5
2021-08-05 10:17:00,-75.0,168.75,93.75
2021-08-05 10:18:00,-101.25,221.25,120.0
2021-08-05 10:19:00,-71.25,153.75,82.5
2021-08-05 10:20:00,-33.75,78.75,45.0
2021-08-05 10:21:00,-48.75,108.75,60.0
2021-08-05 10:22:00,-75.0,146.25,71.25
2021-08-05 10:23:00,-7.5,37.5,30.0
2021-08-05 10:24:00,-15.0,63.75,48.75
2021-08-05 10:25:00,56.25,-52.5,3.75
2021-08-05 10:26:00,82.5,-93.75,-11.25
2021-08-05 10:27:00,112.5,-180.0,-67.5
2021-08-05 10:28:00,131.25,-390.0,-258.75
2021-08-05 10:29:00,131.25,-356.25,-225.0
2021-08-05 10:30:00,75.0,-97.5,-22.5
2021-08-05 10:31:00,123.75,-221.25,-97.5
2021-08-05 10:32:00,60.0,45.0,105.0
2021-08-05 10:33:00,75.0,-22.5,52.5
2021-08-05 10:34:00,90.0,-93.75,-3.75
2021-08-05 10:35:00,101.25,-93.75,7.5
2021-08-05 10:36:00,116.25,-168.75,-52.5
2021-08-05 10:37:00,90.0,-71.25,18.75
2021-08-05 10:38:00,93.75,-75.0,18.75
2021-08-05 10:39:00,86.25,-93.75,-7.5
2021-08-05 10:40:00,150.0,-232.5,-82.5
2021-08-05 10:41:00,168.75,-371.25,-202.5
2021-08-05 10:42:00,146.25,-255.0,-108.75
2021-08-05 10:43:00,150.0,-236.25,-86.25
2021-08-05 10:44:00,127.5,-213.75,-86.25
2021-08-05 10:45:00,108.75,-108.75,0.0
2021-08-05 10:46:00,123.75,-210.0,-86.25
2021-08-05 10:47:00,101.25,-120.0,-18.75
2021-08-05 10:48:00,101.25,-101.25,0.0
2021-08-05 10:49:00,138.75,-217.5,-78.75
2021-08-05 10:50:00,123.75,-138.75,-15.0
2021-08-05 10:51:00,108.75,-101.25,7.5
2021-08-05 10:52:00,90.0,-82.5,7.5
2021-08-05 10:53:00,135.0,-127.5,7.5
2021-08-05 10:54:00,105.0,18.75,123.75
2021-08-05 10:55:00,75.0,45.0,120.0
2021-08-05 10:56:00,116.25,-18.75,97.5
2021-08-05 10:57:00,93.75,15.0,108.75
2021-08-05 10:58:00,90.0,37.5,127.5
2021-08-05 10:59:00,120.0,-15.0,105.0
2021-08-05 11:00:00,86.25,26.25,112.5
2021-08-05 11:01:00,71.25,71.25,142.5
2021-08-05 11:02:00,105.0,33.75,138.75
2021-08-05 11:03:00,86.25,86.25,172.5
2021-08-05 11:04:00,41.25,217.5,258.75
2021-08-05 11:05:00,78.75,120.0,198.75
2021-08-05 11:06:00,7.5,210.0,217.5
2021-08-05 11:07:00,15.0,247.5,262.5
2021-08-05 11:08:00,15.0,236.25,251.25
2021-08-05 11:09:00,56.25,146.25,202.5
2021-08-05 11:10:00,105.0,78.75,183.75
2021-08-05 11:11:00,105.0,146.25,251.25
2021-08-05 11:12:00,120.0,112.5,232.5
2021-08-05 11:13:00,116.25,142.5,258.75
2021-08-05 11:14:00,123.75,165.0,288.75
2021-08-05 11:15:00,150.0,93.75,243.75
2021-08-05 11:16:00,146.25,101.25,247.5
2021-08-05 11:17:00,71.25,288.75,360.0
2021-08-05 11:18:00,52.5,281.25,333.75
2021-08-05 11:19:00,56.25,258.75,315.0
2021-08-05 11:20:00,108.75,221.25,330.0
2021-08-05 11:21:00,90.0,247.5,337.5
2021-08-05 11:22:00,105.0,236.25,341.25
2021-08-05 11:23:00,75.0,292.5,367.5
2021-08-05 11:24:00,78.75,296.25,375.0
2021-08-05 11:25:00,97.5,262.5,360.0
2021-08-05 11:26:00,116.25,225.0,341.25
2021-08-05 11:27:00,127.5,131.25,258.75
2021-08-05 11:28:00,97.5,232.5,330.0
2021-08-05 11:29:00,78.75,273.75,352.5
2021-08-05 11:30:00,93.75,311.25,405.0
2021-08-05 11:31:00,45.0,431.25,476.25
2021-08-05 11:32:00,71.25,367.5,438.75
2021-08-05 11:33:00,93.75,337.5,431.25
2021-08-05 11:34:00,105.0,330.0,435.0
2021-08-05 11:35:00,105.0,367.5,472.5
2021-08-05 11:36:00,116.25,356.25,472.5
2021-08-05 11:37:00,90.0,420.0,510.0
2021-08-05 11:38:00,78.75,412.5,491.25
2021-08-05 11:39:00,-33.75,528.75,495.0
2021-08-05 11:40:00,-26.25,551.25,525.0
2021-08-05 11:41:00,-82.5,630.0,547.5
2021-08-05 11:42:00,-86.25,667.5,581.25
2021-08-05 11:43:00,-176.25,836.25,660.0
2021-08-05 11:44:00,-202.5,817.5,615.0
2021-08-05 11:45:00,-165.0,806.25,641.25
2021-08-05 11:46:00,-240.0,851.25,611.25
2021-08-05 11:47:00,-247.5,821.25,573.75
2021-08-05 11:48:00,-138.75,783.75,645.0
2021-08-05 11:49:00,-112.5,753.75,641.25
2021-08-05 11:50:00,-41.25,753.75,712.5
2021-08-05 11:51:00,-63.75,753.75,690.0
2021-08-05 11:52:00,-93.75,750.0,656.25
2021-08-05 11:53:00,-142.5,795.0,652.5
2021-08-05 11:54:00,-150.0,810.0,660.0
2021-08-05 11:55:00,-172.5,821.25,648.75
2021-08-05 11:56:00,-71.25,806.25,735.0
2021-08-05 11:57:00,-150.0,832.5,682.5
2021-08-05 11:58:00,-213.75,918.75,705.0
2021-08-05 11:59:00,-153.75,885.0,731.25
2021-08-05 12:00:00,-135.0,851.25,716.25
2021-08-05 12:01:00,-146.25,877.5,731.25
2021-08-05 12:02:00,-172.5,903.75,731.25
2021-08-05 12:03:00,-247.5,952.5,705.0
2021-08-05 12:04:00,-135.0,915.0,780.0
2021-08-05 12:05:00,-105.0,877.5,772.5
2021-08-05 12:06:00,90.0,750.0,840.0
2021-08-05 12:07:00,86.25,761.25,847.5
2021-08-05 12:08:00,48.75,821.25,870.0
2021-08-05 12:09:00,45.0,795.0,840.0
2021-08-05 12:10:00,15.0,817.5,832.5
2021-08-05 12:11:00,-3.75,840.0,836.25
2021-08-05 12:12:00,-108.75,922.5,813.75
2021-08-05 12:13:00,-221.25,948.75,727.5
2021-08-05 12:14:00,-195.0,915.0,720.0
2021-08-05 12:15:00,-258.75,926.25,667.5
2021-08-05 12:16:00,-330.0,930.0,600.0
2021-08-05 12:17:00,-236.25,978.75,742.5
2021-08-05 12:18:00,-273.75,960.0,686.25
2021-08-05 12:19:00,-281.25,960.0,678.75
2021-08-05 12:20:00,-183.75,952.5,768.75
2021-08-05 12:21:00,-150.0,926.25,776.25
2021-08-05 12:22:00,-112.5,911.25,798.75
2021-08-05 12:23:00,-228.75,963.75,735.0
2021-08-05 12:24:00,-247.5,956.25,708.75
2021-08-05 12:25:00,-262.5,960.0,697.5
2021-08-05 12:26:00,-191.25,952.5,761.25
2021-08-05 12:27:00,-243.75,978.75,735.0
2021-08-05 12:28:00,-225.0,960.0,735.0
2021-08-05 12:29:00,-198.75,937.5,738.75
2021-08-05 12:30:00,-157.5,937.5,780.0
2021-08-05 12:31:00,-285.0,986.25,701.25
2021-08-05 12:32:00,-446.25,956.25,510.0
2021-08-05 12:33:00,-292.5,971.25,678.75
2021-08-05 12:34:00,-243.75,960.0,716.25
2021-08-05 12:35:00,-378.75,978.75,600.0
2021-08-05 12:36:00,-228.75,956.25,727.5
2021-08-05 12:37:00,-120.0,941.25,821.25
2021-08-05 12:38:00,-67.5,933.75,866.25
2021-08-05 12:39:00,-101.25,926.25,825.0
2021-08-05 12:40:00,-213.75,982.5,768.75
2021-08-05 12:41:00,-300.0,1012.5,712.5
2021-08-05 12:42:00,-476.25,1023.75,547.5
2021-08-05 12:43:00,-371.25,1001.25,630.0
2021-08-05 12:44:00,-393.75,1012.5,618.75
2021-08-05 12:45:00,-416.25,1038.75,622.5
2021-08-05 12:46:00,-405.0,1020.0,615.0
2021-08-05 12:47:00,-1233.75,1068.75,-165.0
2021-08-05 12:48:00,-1222.5,1121.25,-101.25
2021-08-05 12:49:00,-1098.75,1125.0,26.25
2021-08-05 12:50:00,-1196.25,1136.25,-60.0
2021-08-05 12:51:00,-1582.5,1406.25,-176.25
2021-08-05 12:52:00,-2058.75,1567.5,-491.25
2021-08-05 12:53:00,-2111.25,1612.5,-498.75
2021-08-05 12:54:00,-1871.25,1443.75,-427.5
2021-08-05 12:55:00,-2175.0,1586.25,-588.75
2021-08-05 12:56:00,-2437.5,1635.0,-802.5
2021-08-05 12:57:00,-2771.25,1762.5,-1008.75
2021-08-05 12:58:00,-2265.0,1698.75,-566.25
2021-08-05 12:59:00,-2002.5,1530.0,-472.5
2021-08-05 13:00:00,-1620.0,1391.25,-228.75
2021-08-05 13:01:00,-1710.0,1447.5,-262.5
2021-08-05 13:02:00,-1691.25,1402.5,-288.75
2021-08-05 13:03:00,-1282.5,1350.0,67.5
2021-08-05 13:04:00,-1267.5,1500.0,232.5
2021-08-05 13:05:00,-1695.0,1695.0,0.0
2021-08-05 13:06:00,-1725.0,1702.5,-22.5
2021-08-05 13:07:00,-1912.5,1766.25,-146.25
2021-08-05 13:08:00,-1717.5,1702.5,-15.0
2021-08-05 13:09:00,-1980.0,1830.0,-150.0
2021-08-05 13:10:00,-2021.25,1803.75,-217.5
2021-08-05 13:11:00,-1908.75,1777.5,-131.25
2021-08-05 13:12:00,-2152.5,1901.25,-251.25
2021-08-05 13:13:00,-2070.0,1818.75,-251.25
2021-08-05 13:14:00,-2163.75,1863.75,-300.0
2021-08-05 13:15:00,-2242.5,1908.75,-333.75
2021-08-05 13:16:00,-2283.75,2013.75,-270.0
2021-08-05 13:17:00,-2141.25,1871.25,-270.0
2021-08-05 13:18:00,-2081.25,1826.25,-255.0
2021-08-05 13:19:00,-2058.75,1875.0,-183.75
2021-08-05 13:20:00,-2186.25,1972.5,-213.75
2021-08-05 13:21:00,-2186.25,1980.0,-206.25
2021-08-05 13:22:00,-2058.75,1863.75,-195.0
2021-08-05 13:23:00,-2085.0,1860.0,-225.0
2021-08-05 13:24:00,-2111.25,1867.5,-243.75
2021-08-05 13:25:00,-2130.0,1867.5,-262.5
2021-08-05 13:26:00,-2133.75,1905.0,-228.75
2021-08-05 13:27:00,-2152.5,1931.25,-221.25
2021-08-05 13:28:00,-2130.0,1946.25,-183.75
2021-08-05 13:29:00,-2085.0,1871.25,-213.75
2021-08-05 13:30:00,-2111.25,1901.25,-210.0
2021-08-05 13:31:00,-2137.5,1875.0,-262.5
2021-08-05 13:32:00,-2175.0,1998.75,-176.25
2021-08-05 13:33:00,-2287.5,1991.25,-296.25
2021-08-05 13:34:00,-2231.25,2006.25,-225.0
2021-08-05 13:35:00,-2268.75,2021.25,-247.5
2021-08-05 13:36:00,-2126.25,1946.25,-180.0
2021-08-05 13:37:00,-2160.0,1991.25,-168.75
2021-08-05 13:38:00,-2043.75,1882.5,-161.25
2021-08-05 13:39:00,-2096.25,1908.75,-187.5
2021-08-05 13:40:00,-2178.75,1995.0,-183.75
2021-08-05 13:41:00,-2156.25,2002.5,-153.75
2021-08-05 13:42:00,-2122.5,1998.75,-123.75
2021-08-05 13:43:00,-2096.25,1942.5,-153.75
2021-08-05 13:44:00,-2066.25,1882.5,-183.75
2021-08-05 13:45:00,-2055.0,1905.0,-150.0
2021-08-05 13:46:00,-2073.75,1923.75,-150.0
2021-08-05 13:47:00,-2010.0,1946.25,-63.75
2021-08-05 13:48:00,-1747.5,1773.75,26.25
2021-08-05 13:49:00,-1623.75,1563.75,-60.0
2021-08-05 13:50:00,-1882.5,1785.0,-97.5
2021-08-05 13:51:00,-1927.5,1905.0,-22.5
2021-08-05 13:52:00,-1886.25,1803.75,-82.5
2021-08-05 13:53:00,-1833.75,1788.75,-45.0
2021-08-05 13:54:00,-1863.75,1863.75,0.0
2021-08-05 13:55:00,-1848.75,1845.0,-3.75
2021-08-05 13:56:00,-1875.0,1893.75,18.75
2021-08-05 13:57:00,-1852.5,1863.75,11.25
2021-08-05 13:58:00,-1826.25,1841.25,15.0
2021-08-05 13:59:00,-1777.5,1796.25,18.75
2021-08-05 14:00:00,-1796.25,1845.0,48.75
2021-08-05 14:01:00,-1751.25,1773.75,22.5
2021-08-05 14:02:00,-1781.25,1863.75,82.5
2021-08-05 14:03:00,-1777.5,1908.75,131.25
2021-08-05 14:04:00,-1837.5,2160.0,322.5
2021-08-05 14:05:00,-2047.5,2302.5,255.0
2021-08-05 14:06:00,-1991.25,2257.5,266.25
2021-08-05 14:07:00,-1995.0,2325.0,330.0
2021-08-05 14:08:00,-2100.0,2381.25,281.25
2021-08-05 14:09:00,-2073.75,2366.25,292.5
2021-08-05 14:10:00,-2400.0,2456.25,56.25
2021-08-05 14:11:00,-2313.75,2497.5,183.75
2021-08-05 14:12:00,-2411.25,2561.25,150.0
2021-08-05 14:13:00,-2253.75,2452.5,198.75
2021-08-05 14:14:00,-2163.75,2460.0,296.25
2021-08-05 14:15:00,-2171.25,2482.5,311.25
2021-08-05 14:16:00,-2257.5,2523.75,266.25
2021-08-05 14:17:00,-2317.5,2625.0,307.5
2021-08-05 14:18:00,-2298.75,2640.0,341.25
2021-08-05 14:19:00,-2216.25,2610.0,393.75
2021-08-05 14:20:00,-1946.25,2538.75,592.5
2021-08-05 14:21:00,-1781.25,2388.75,607.5
2021-08-05 14:22:00,-1856.25,2505.0,648.75
2021-08-05 14:23:00,-1886.25,2520.0,633.75
2021-08-05 14:24:00,-1901.25,2538.75,637.5
2021-08-05 14:25:00,-1833.75,2497.5,663.75
2021-08-05 14:26:00,-1755.0,2463.75,708.75
2021-08-05 14:27:00,-1698.75,2478.75,780.0
2021-08-05 14:28:00,-1657.5,2403.75,746.25
2021-08-05 14:29:00,-1631.25,2295.0,663.75
2021-08-05 14:30:00,-1691.25,2441.25,750.0
2021-08-05 14:31:00,-1608.75,2201.25,592.5
2021-08-05 14:32:00,-1567.5,2193.75,626.25
2021-08-05 14:33:00,-1593.75,2257.5,663.75
2021-08-05 14:34:00,-1612.5,2313.75,701.25
2021-08-05 14:35:00,-1597.5,2336.25,738.75
2021-08-05 14:36:00,-1560.0,2306.25,746.25
2021-08-05 14:37:00,-1533.75,2280.0,746.25
2021-08-05 14:38:00,-1507.5,2115.0,607.5
2021-08-05 14:39:00,-1548.75,2385.0,836.25
2021-08-05 14:40:00,-1500.0,2227.5,727.5
2021-08-05 14:41:00,-1500.0,2182.5,682.5
2021-08-05 14:42:00,-1511.25,2358.75,847.5
2021-08-05 14:43:00,-1530.0,2452.5,922.5
2021-08-05 14:44:00,-1522.5,2490.0,967.5
2021-08-05 14:45:00,-1563.75,2625.0,1061.25
2021-08-05 14:46:00,-1515.0,2516.25,1001.25
2021-08-05 14:47:00,-1518.75,2497.5,978.75
2021-08-05 14:48:00,-1477.5,2426.25,948.75
2021-08-05 14:49:00,-1496.25,2482.5,986.25
2021-08-05 14:50:00,-1488.75,2561.25,1072.5
2021-08-05 14:51:00,-1492.5,2505.0,1012.5
2021-08-05 14:52:00,-1458.75,2452.5,993.75
2021-08-05 14:53:00,-1470.0,2565.0,1095.0
2021-08-05 14:54:00,-1485.0,2722.5,1237.5
2021-08-05 14:55:00,-1473.75,2718.75,1245.0
2021-08-05 14:56:00,-1496.25,2775.0,1278.75
2021-08-05 14:57:00,-1492.5,2793.75,1301.25
2021-08-05 14:58:00,-1440.0,2696.25,1256.25
2021-08-05 14:59:00,-1436.25,2756.25,1320.0
2021-08-05 15:00:00,-1443.75,2793.75,1350.0
2021-08-05 15:01:00,-1421.25,2846.25,1425.0
2021-08-05 15:02:00,-1402.5,2718.75,1316.25
2021-08-05 15:03:00,-1395.0,2846.25,1451.25
2021-08-05 15:04:00,-1398.75,2902.5,1503.75
2021-08-05 15:05:00,-1402.5,2943.75,1541.25
2021-08-05 15:06:00,-1402.5,2951.25,1548.75
2021-08-05 15:07:00,-1398.75,2943.75,1545.0
2021-08-05 15:08:00,-1387.5,2955.0,1567.5
2021-08-05 15:09:00,-1383.75,2947.5,1563.75
2021-08-05 15:10:00,-1383.75,2928.75,1545.0
2021-08-05 15:11:00,-1380.0,2917.5,1537.5
2021-08-05 15:12:00,-1376.25,2801.25,1425.0
2021-08-05 15:13:00,-1380.0,2838.75,1458.75
2021-08-05 15:14:00,-1387.5,2718.75,1331.25
2021-08-05 15:15:00,-1398.75,2411.25,1012.5
2021-08-05 15:16:00,-1380.0,2741.25,1361.25
2021-08-05 15:17:00,-1380.0,2613.75,1233.75
2021-08-05 15:18:00,-1376.25,2561.25,1185.0
2021-08-05 15:19:00,-1376.25,2617.5,1241.25
2021-08-05 15:20:00,-1376.25,2733.75,1357.5
2021-08-05 15:21:00,-1376.25,2733.75,1357.5
2021-08-05 15:22:00,-1376.25,2733.75,1357.5
2021-08-05 15:23:00,-1376.25,2733.75,1357.5
2021-08-05 15:24:00,-1376.25,2733.75,1357.5
2021-08-05 15:25:00,-1376.25,2733.75,1357.5
2021-08-05 15:26:00,-1376.25,2733.75,1357.5
2021-08-05 15:27:00,-1376.25,2733.75,1357.5
2021-08-05 15:28:00,-1376.25,2733.75,1357.5
2021-08-05 15:29:00,-1376.25,2733.75,1357.5
2021-08-05 15:30:00,0.0,2733.75,2733.75
2021-08-12 10:15:00,0.0,0.0,0.0
2021-08-12 10:16:00,-22.5,26.25,3.75
2021-08-12 10:17:00,33.75,-11.25,22.5
2021-08-12 10:18:00,56.25,-41.25,15.0
2021-08-12 10:19:00,71.25,7.5,78.75
2021-08-12 10:20:00,232.5,-138.75,93.75
2021-08-12 10:21:00,71.25,7.5,78.75
2021-08-12 10:22:00,33.75,7.5,41.25
2021-08-12 10:23:00,-52.5,153.75,101.25
2021-08-12 10:24:00,-191.25,318.75,127.5
2021-08-12 10:25:00,-247.5,322.5,75.0
2021-08-12 10:26:00,-120.0,277.5,157.5
2021-08-12 10:27:00,-116.25,240.0,123.75
2021-08-12 10:28:00,-172.5,281.25,108.75
2021-08-12 10:29:00,-236.25,330.0,93.75
2021-08-12 10:30:00,-157.5,311.25,153.75
2021-08-12 10:31:00,-206.25,378.75,172.5
2021-08-12 10:32:00,-18.75,247.5,228.75
2021-08-12 10:33:00,-52.5,225.0,172.5
2021-08-12 10:34:00,-82.5,262.5,180.0
2021-08-12 10:35:00,-97.5,270.0,172.5
2021-08-12 10:36:00,-11.25,232.5,221.25
2021-08-12 10:37:00,-93.75,288.75,195.0
2021-08-12 10:38:00,-82.5,277.5,195.0
2021-08-12 10:39:00,-120.0,322.5,202.5
2021-08-12 10:40:00,-71.25,288.75,217.5
2021-08-12 10:41:00,33.75,202.5,236.25
2021-08-12 10:42:00,11.25,228.75,240.0
2021-08-12 10:43:00,93.75,131.25,225.0
2021-08-12 10:44:00,45.0,180.0,225.0
2021-08-12 10:45:00,176.25,105.0,281.25
2021-08-12 10:46:00,180.0,41.25,221.25
2021-08-12 10:47:00,97.5,168.75,266.25
2021-08-12 10:48:00,123.75,142.5,266.25
2021-08-12 10:49:00,93.75,183.75,277.5
2021-08-12 10:50:00,112.5,191.25,303.75
2021-08-12 10:51:00,86.25,221.25,307.5
2021-08-12 10:52:00,22.5,285.0,307.5
2021-08-12 10:53:00,30.0,273.75,303.75
2021-08-12 10:54:00,45.0,292.5,337.5
2021-08-12 10:55:00,75.0,307.5,382.5
2021-08-12 10:56:00,26.25,367.5,393.75
2021-08-12 10:57:00,-33.75,405.0,371.25
2021-08-12 10:58:00,-37.5,363.75,326.25
2021-08-12 10:59:00,-41.25,363.75,322.5
2021-08-12 11:00:00,33.75,281.25,315.0
2021-08-12 11:01:00,165.0,202.5,367.5
2021-08-12 11:02:00,93.75,255.0,348.75
2021-08-12 11:03:00,52.5,236.25,288.75
2021-08-12 11:04:00,45.0,326.25,371.25
2021-08-12 11:05:00,52.5,296.25,348.75
2021-08-12 11:06:00,105.0,232.5,337.5
2021-08-12 11:07:00,90.0,285.0,375.0
2021-08-12 11:08:00,60.0,300.0,360.0
2021-08-12 11:09:00,33.75,333.75,367.5
2021-08-12 11:10:00,52.5,307.5,360.0
2021-08-12 11:11:00,26.25,333.75,360.0
2021-08-12 11:12:00,78.75,296.25,375.0
2021-08-12 11:13:00,67.5,296.25,363.75
2021-08-12 11:14:00,78.75,277.5,356.25
2021-08-12 11:15:00,101.25,285.0,386.25
2021-08-12 11:16:00,131.25,258.75,390.0
2021-08-12 11:17:00,206.25,236.25,442.5
2021-08-12 11:18:00,131.25,270.0,401.25
2021-08-12 11:19:00,63.75,341.25,405.0
2021-08-12 11:20:00,-45.0,468.75,423.75
2021-08-12 11:21:00,22.5,431.25,453.75
2021-08-12 11:22:00,45.0,405.0,450.0
2021-08-12 11:23:00,11.25,431.25,442.5
2021-08-12 11:24:00,63.75,375.0,438.75
2021-08-12 11:25:00,108.75,345.0,453.75
2021-08-12 11:26:00,67.5,367.5,435.0
2021-08-12 11:27:00,101.25,360.0,461.25
2021-08-12 11:28:00,52.5,420.0,472.5
2021-08-12 11:29:00,-7.5,461.25,453.75
2021-08-12 11:30:00,82.5,390.0,472.5
2021-08-12 11:31:00,56.25,408.75,465.0
2021-08-12 11:32:00,82.5,390.0,472.5
2021-08-12 11:33:00,285.0,236.25,521.25
2021-08-12 11:34:00,183.75,296.25,480.0
2021-08-12 11:35:00,228.75,255.0,483.75
2021-08-12 11:36:00,202.5,266.25,468.75
2021-08-12 11:37:00,307.5,180.0,487.5
2021-08-12 11:38:00,285.0,228.75,513.75
2021-08-12 11:39:00,285.0,232.5,517.5
2021-08-12 11:40:00,191.25,363.75,555.0
2021-08-12 11:41:00,251.25,255.0,506.25
2021-08-12 11:42:00,277.5,228.75,506.25
2021-08-12 11:43:00,266.25,277.5,543.75
2021-08-12 11:44:00,202.5,371.25,573.75
2021-08-12 11:45:00,172.5,408.75,581.25
2021-08-12 11:46:00,176.25,390.0,566.25
2021-08-12 11:47:00,101.25,476.25,577.5
2021-08-12 11:48:00,3.75,528.75,532.5
2021-08-12 11:49:00,-187.5,682.5,495.0
2021-08-12 11:50:00,-198.75,671.25,472.5
2021-08-12 11:51:00,-146.25,641.25,495.0
2021-08-12 11:52:00,-153.75,633.75,480.0
2021-08-12 11:53:00,-240.0,637.5,397.5
2021-08-12 11:54:00,-120.0,592.5,472.5
2021-08-12 11:55:00,-198.75,652.5,453.75
2021-08-12 11:56:00,-123.75,622.5,498.75
2021-08-12 11:57:00,-165.0,637.5,472.5
2021-08-12 11:58:00,-270.0,656.25,386.25
2021-08-12 11:59:00,-138.75,603.75,465.0
2021-08-12 12:00:00,-165.0,607.5,442.5
2021-08-12 12:01:00,-142.5,570.0,427.5
2021-08-12 12:02:00,-153.75,596.25,442.5
2021-08-12 12:03:00,-82.5,555.0,472.5
2021-08-12 12:04:00,-146.25,600.0,453.75
2021-08-12 12:05:00,-75.0,558.75,483.75
2021-08-12 12:06:00,18.75,525.0,543.75
2021-08-12 12:07:00,-131.25,603.75,472.5
2021-08-12 12:08:00,-213.75,705.0,491.25
2021-08-12 12:09:00,-191.25,708.75,517.5
2021-08-12 12:10:00,-228.75,727.5,498.75
2021-08-12 12:11:00,-285.0,772.5,487.5
2021-08-12 12:12:00,-210.0,727.5,517.5
2021-08-12 12:13:00,-146.25,720.0,573.75
2021-08-12 12:14:00,-131.25,723.75,592.5
2021-08-12 12:15:00,-198.75,735.0,536.25
2021-08-12 12:16:00,-195.0,761.25,566.25
2021-08-12 12:17:00,-135.0,727.5,592.5
2021-08-12 12:18:00,-101.25,716.25,615.0
2021-08-12 12:19:00,-63.75,701.25,637.5
2021-08-12 12:20:00,-15.0,667.5,652.5
2021-08-12 12:21:00,-3.75,660.0,656.25
2021-08-12 12:22:00,-33.75,671.25,637.5
2021-08-12 12:23:00,-18.75,663.75,645.0
2021-08-12 12:24:00,-90.0,731.25,641.25
2021-08-12 12:25:00,-75.0,693.75,618.75
2021-08-12 12:26:00,33.75,656.25,690.0
2021-08-12 12:27:00,-45.0,697.5,652.5
2021-08-12 12:28:00,-75.0,720.0,645.0
2021-08-12 12:29:00,-168.75,795.0,626.25
2021-08-12 12:30:00,-292.5,862.5,570.0
2021-08-12 12:31:00,-543.75,930.0,386.25
2021-08-12 12:32:00,-420.0,892.5,472.5
2021-08-12 12:33:00,-461.25,915.0,453.75
2021-08-12 12:34:00,-491.25,960.0,468.75
2021-08-12 12:35:00,-345.0,930.0,585.0
2021-08-12 12:36:00,-195.0,825.0,630.0
2021-08-12 12:37:00,-401.25,922.5,521.25
2021-08-12 12:38:00,-266.25,885.0,618.75
2021-08-12 12:39:00,-217.5,885.0,667.5
2021-08-12 12:40:00,-288.75,892.5,603.75
2021-08-12 12:41:00,-232.5,825.0,592.5
2021-08-12 12:42:00,-15.0,675.0,660.0
2021-08-12 12:43:00,-138.75,810.0,671.25
2021-08-12 12:44:00,-191.25,862.5,671.25
2021-08-12 12:45:00,-138.75,787.5,648.75
2021-08-12 12:46:00,-225.0,922.5,697.5
2021-08-12 12:47:00,-206.25,862.5,656.25
2021-08-12 12:48:00,-243.75,922.5,678.75
2021-08-12 12:49:00,-292.5,930.0,637.5
2021-08-12 12:50:00,-255.0,885.0,630.0
2021-08-12 12:51:00,-393.75,1035.0,641.25
2021-08-12 12:52:00,-360.0,1020.0,660.0
2021-08-12 12:53:00,-345.0,1005.0,660.0
2021-08-12 12:54:00,-198.75,922.5,723.75
2021-08-12 12:55:00,-266.25,930.0,663.75
2021-08-12 12:56:00,-213.75,915.0,701.25
2021-08-12 12:57:00,-431.25,1192.5,761.25
2021-08-12 12:58:00,-345.0,1125.0,780.0
2021-08-12 12:59:00,-243.75,1027.5,783.75
2021-08-12 13:00:00,-288.75,1035.0,746.25
2021-08-12 13:01:00,-270.0,1012.5,742.5
2021-08-12 13:02:00,-288.75,997.5,708.75
2021-08-12 13:03:00,-270.0,1020.0,750.0
2021-08-12 13:04:00,-213.75,960.0,746.25
2021-08-12 13:05:00,-232.5,930.0,697.5
2021-08-12 13:06:00,-303.75,1065.0,761.25
2021-08-12 13:07:00,-303.75,1012.5,708.75
2021-08-12 13:08:00,-281.25,1027.5,746.25
2021-08-12 13:09:00,-213.75,930.0,716.25
2021-08-12 13:10:00,-210.0,892.5,682.5
2021-08-12 13:11:00,-213.75,915.0,701.25
2021-08-12 13:12:00,-247.5,1080.0,832.5
2021-08-12 13:13:00,-198.75,990.0,791.25
2021-08-12 13:14:00,-176.25,975.0,798.75
2021-08-12 13:15:00,-202.5,1050.0,847.5
2021-08-12 13:16:00,-75.0,870.0,795.0
2021-08-12 13:17:00,-123.75,975.0,851.25
2021-08-12 13:18:00,-45.0,900.0,855.0
2021-08-12 13:19:00,-105.0,937.5,832.5
2021-08-12 13:20:00,-153.75,997.5,843.75
2021-08-12 13:21:00,-123.75,937.5,813.75
2021-08-12 13:22:00,-168.75,1057.5,888.75
2021-08-12 13:23:00,-191.25,1027.5,836.25
2021-08-12 13:24:00,-292.5,1297.5,1005.0
2021-08-12 13:25:00,-288.75,1320.0,1031.25
2021-08-12 13:26:00,-570.0,1432.5,862.5
2021-08-12 13:27:00,-562.5,1387.5,825.0
2021-08-12 13:28:00,-603.75,1387.5,783.75
2021-08-12 13:29:00,-967.5,1432.5,465.0
2021-08-12 13:30:00,-960.0,1485.0,525.0
2021-08-12 13:31:00,-1286.25,1657.5,371.25
2021-08-12 13:32:00,-1087.5,1620.0,532.5
2021-08-12 13:33:00,-1203.75,1650.0,446.25
2021-08-12 13:34:00,-1008.75,1665.0,656.25
2021-08-12 13:35:00,-783.75,1597.5,813.75
2021-08-12 13:36:00,-903.75,1582.5,678.75
2021-08-12 13:37:00,-896.25,1612.5,716.25
2021-08-12 13:38:00,-750.0,1560.0,810.0
2021-08-12 13:39:00,-881.25,1620.0,738.75
2021-08-12 13:40:00,-873.75,1672.5,798.75
2021-08-12 13:41:00,-997.5,1777.5,780.0
2021-08-12 13:42:00,-843.75,1710.0,866.25
2021-08-12 13:43:00,-690.0,1665.0,975.0
2021-08-12 13:44:00,-768.75,1680.0,911.25
2021-08-12 13:45:00,-821.25,1710.0,888.75
2021-08-12 13:46:00,-877.5,1717.5,840.0
2021-08-12 13:47:00,-783.75,1740.0,956.25
2021-08-12 13:48:00,-603.75,1702.5,1098.75
2021-08-12 13:49:00,-247.5,1635.0,1387.5
2021-08-12 13:50:00,-348.75,1635.0,1286.25
2021-08-12 13:51:00,-210.0,1605.0,1395.0
2021-08-12 13:52:00,-266.25,1627.5,1361.25
2021-08-12 13:53:00,-292.5,1560.0,1267.5
2021-08-12 13:54:00,-502.5,1702.5,1200.0
2021-08-12 13:55:00,-476.25,1717.5,1241.25
2021-08-12 13:56:00,-540.0,1800.0,1260.0
2021-08-12 13:57:00,-446.25,1747.5,1301.25
2021-08-12 13:58:00,-495.0,1695.0,1200.0
2021-08-12 13:59:00,-472.5,1680.0,1207.5
2021-08-12 14:00:00,-483.75,1732.5,1248.75
2021-08-12 14:01:00,-465.0,1717.5,1252.5
2021-08-12 14:02:00,-393.75,1710.0,1316.25
2021-08-12 14:03:00,-551.25,1755.0,1203.75
2021-08-12 14:04:00,-551.25,1777.5,1226.25
2021-08-12 14:05:00,-558.75,1785.0,1226.25
2021-08-12 14:06:00,-547.5,1785.0,1237.5
2021-08-12 14:07:00,-562.5,1792.5,1230.0
2021-08-12 14:08:00,-772.5,1935.0,1162.5
2021-08-12 14:09:00,-618.75,1927.5,1308.75
2021-08-12 14:10:00,-525.0,1897.5,1372.5
2021-08-12 14:11:00,-378.75,1860.0,1481.25
2021-08-12 14:12:00,116.25,1747.5,1863.75
2021-08-12 14:13:00,-86.25,1777.5,1691.25
2021-08-12 14:14:00,-56.25,1792.5,1736.25
2021-08-12 14:15:00,228.75,1687.5,1916.25
2021-08-12 14:16:00,420.0,1545.0,1965.0
2021-08-12 14:17:00,273.75,1672.5,1946.25
2021-08-12 14:18:00,78.75,1830.0,1908.75
2021-08-12 14:19:00,348.75,1687.5,2036.25
2021-08-12 14:20:00,315.0,1597.5,1912.5
2021-08-12 14:21:00,288.75,1665.0,1953.75
2021-08-12 14:22:00,315.0,1710.0,2025.0
2021-08-12 14:23:00,562.5,1575.0,2137.5
2021-08-12 14:24:00,487.5,1657.5,2145.0
2021-08-12 14:25:00,446.25,1717.5,2163.75
2021-08-12 14:26:00,333.75,1920.0,2253.75
2021-08-12 14:27:00,457.5,1830.0,2287.5
2021-08-12 14:28:00,341.25,1905.0,2246.25
2021-08-12 14:29:00,438.75,1890.0,2328.75
2021-08-12 14:30:00,513.75,1755.0,2268.75
2021-08-12 14:31:00,592.5,1800.0,2392.5
2021-08-12 14:32:00,701.25,1740.0,2441.25
2021-08-12 14:33:00,686.25,1822.5,2508.75
2021-08-12 14:34:00,645.0,1867.5,2512.5
2021-08-12 14:35:00,555.0,1927.5,2482.5
2021-08-12 14:36:00,408.75,2025.0,2433.75
2021-08-12 14:37:00,240.0,2047.5,2287.5
2021-08-12 14:38:00,176.25,2107.5,2283.75
2021-08-12 14:39:00,341.25,2062.5,2403.75
2021-08-12 14:40:00,326.25,2070.0,2396.25
2021-08-12 14:41:00,506.25,2040.0,2546.25
2021-08-12 14:42:00,566.25,1980.0,2546.25
2021-08-12 14:43:00,660.0,1965.0,2625.0
2021-08-12 14:44:00,618.75,2032.5,2651.25
2021-08-12 14:45:00,570.0,2070.0,2640.0
2021-08-12 14:46:00,622.5,2085.0,2707.5
2021-08-12 14:47:00,686.25,2055.0,2741.25
2021-08-12 14:48:00,667.5,2092.5,2760.0
2021-08-12 14:49:00,645.0,2152.5,2797.5
2021-08-12 14:50:00,588.75,2182.5,2771.25
2021-08-12 14:51:00,622.5,2182.5,2805.0
2021-08-12 14:52:00,671.25,2175.0,2846.25
2021-08-12 14:53:00,750.0,2152.5,2902.5
2021-08-12 14:54:00,723.75,2160.0,2883.75
2021-08-12 14:55:00,671.25,2167.5,2838.75
2021-08-12 14:56:00,723.75,2160.0,2883.75
2021-08-12 14:57:00,735.0,2130.0,2865.0
2021-08-12 14:58:00,705.0,2145.0,2850.0
2021-08-12 14:59:00,648.75,2175.0,2823.75
2021-08-12 15:00:00,206.25,2242.5,2448.75
2021-08-12 15:01:00,11.25,2257.5,2268.75
2021-08-12 15:02:00,105.0,2257.5,2362.5
2021-08-12 15:03:00,41.25,2272.5,2313.75
2021-08-12 15:04:00,-93.75,2265.0,2171.25
2021-08-12 15:05:00,-210.0,2257.5,2047.5
2021-08-12 15:06:00,-228.75,2272.5,2043.75
2021-08-12 15:07:00,-165.0,2287.5,2122.5
2021-08-12 15:08:00,-75.0,2295.0,2220.0
2021-08-12 15:09:00,30.0,2295.0,2325.0
2021-08-12 15:10:00,7.5,2287.5,2295.0
2021-08-12 15:11:00,228.75,2287.5,2516.25
2021-08-12 15:12:00,367.5,2287.5,2655.0
2021-08-12 15:13:00,281.25,2295.0,2576.25
2021-08-12 15:14:00,483.75,2280.0,2763.75
2021-08-12 15:15:00,435.0,2295.0,2730.0
2021-08-12 15:16:00,221.25,2295.0,2516.25
2021-08-12 15:17:00,168.75,2317.5,2486.25
2021-08-12 15:18:00,3.75,2325.0,2328.75
2021-08-12 15:19:00,30.0,2332.5,2362.5
2021-08-12 15:20:00,-15.0,2325.0,2310.0
2021-08-12 15:21:00,-15.0,2325.0,2310.0
2021-08-12 15:22:00,-15.0,2325.0,2310.0
2021-08-12 15:23:00,-15.0,2325.0,2310.0
2021-08-12 15:24:00,-15.0,2325.0,2310.0
2021-08-12 15:25:00,-15.0,2325.0,2310.0
2021-08-12 15:26:00,-15.0,2325.0,2310.0
2021-08-12 15:27:00,-15.0,2325.0,2310.0
2021-08-12 15:28:00,-15.0,2325.0,2310.0
2021-08-12 15:29:00,-15.0,2325.0,2310.0
2021-08-12 15:30:00,0.0,2325.0,2325.0
2021-08-18 10:15:00,0.0,0.0,0.0
2021-08-18 10:16:00,37.5,-71.25,-33.75
2021-08-18 10:17:00,18.75,-71.25,-52.5
2021-08-18 10:18:00,48.75,-78.75,-30.0
2021-08-18 10:19:00,33.75,-52.5,-18.75
2021-08-18 10:20:00,30.0,-52.5,-22.5
2021-08-18 10:21:00,52.5,-101.25,-48.75
2021-08-18 10:22:00,45.0,-78.75,-33.75
2021-08-18 10:23:00,41.25,-71.25,-30.0
2021-08-18 10:24:00,41.25,-78.75,-37.5
2021-08-18 10:25:00,48.75,-93.75,-45.0
2021-08-18 10:26:00,52.5,-67.5,-15.0
2021-08-18 10:27:00,7.5,52.5,60.0
2021-08-18 10:28:00,-3.75,26.25,22.5
2021-08-18 10:29:00,18.75,-11.25,7.5
2021-08-18 10:30:00,33.75,-30.0,3.75
2021-08-18 10:31:00,15.0,18.75,33.75
2021-08-18 10:32:00,-3.75,90.0,86.25
2021-08-18 10:33:00,-11.25,90.0,78.75
2021-08-18 10:34:00,-33.75,131.25,97.5
2021-08-18 10:35:00,-11.25,82.5,71.25
2021-08-18 10:36:00,-56.25,157.5,101.25
2021-08-18 10:37:00,-37.5,86.25,48.75
2021-08-18 10:38:00,-52.5,90.0,37.5
2021-08-18 10:39:00,-37.5,90.0,52.5
2021-08-18 10:40:00,-26.25,127.5,101.25
2021-08-18 10:41:00,-56.25,202.5,146.25
2021-08-18 10:42:00,-52.5,236.25,183.75
2021-08-18 10:43:00,-26.25,165.0,138.75
2021-08-18 10:44:00,-22.5,135.0,112.5
2021-08-18 10:45:00,-18.75,138.75,120.0
2021-08-18 10:46:00,-3.75,86.25,82.5
2021-08-18 10:47:00,-15.0,105.0,90.0
2021-08-18 10:48:00,7.5,37.5,45.0
2021-08-18 10:49:00,37.5,22.5,60.0
2021-08-18 10:50:00,82.5,-86.25,-3.75
2021-08-18 10:51:00,41.25,-18.75,22.5
2021-08-18 10:52:00,86.25,-153.75,-67.5
2021-08-18 10:53:00,63.75,-82.5,-18.75
2021-08-18 10:54:00,45.0,15.0,60.0
2021-08-18 10:55:00,56.25,-37.5,18.75
2021-08-18 10:56:00,63.75,-33.75,30.0
2021-08-18 10:57:00,63.75,-22.5,41.25
2021-08-18 10:58:00,60.0,-7.5,52.5
2021-08-18 10:59:00,75.0,-60.0,15.0
2021-08-18 11:00:00,101.25,-135.0,-33.75
2021-08-18 11:01:00,90.0,-75.0,15.0
2021-08-18 11:02:00,116.25,-131.25,-15.0
2021-08-18 11:03:00,108.75,-86.25,22.5
2021-08-18 11:04:00,116.25,-105.0,11.25
2021-08-18 11:05:00,120.0,-97.5,22.5
2021-08-18 11:06:00,112.5,-37.5,75.0
2021-08-18 11:07:00,82.5,63.75,146.25
2021-08-18 11:08:00,75.0,138.75,213.75
2021-08-18 11:09:00,86.25,90.0,176.25
2021-08-18 11:10:00,82.5,63.75,146.25
2021-08-18 11:11:00,86.25,41.25,127.5
2021-08-18 11:12:00,97.5,-26.25,71.25
2021-08-18 11:13:00,112.5,-127.5,-15.0
2021-08-18 11:14:00,112.5,-206.25,-93.75
2021-08-18 11:15:00,112.5,-191.25,-78.75
2021-08-18 11:16:00,116.25,-255.0,-138.75
2021-08-18 11:17:00,150.0,-348.75,-198.75
2021-08-18 11:18:00,183.75,-405.0,-221.25
2021-08-18 11:19:00,176.25,-435.0,-258.75
2021-08-18 11:20:00,183.75,-375.0,-191.25
2021-08-18 11:21:00,180.0,-405.0,-225.0
2021-08-18 11:22:00,183.75,-420.0,-236.25
2021-08-18 11:23:00,153.75,-255.0,-101.25
2021-08-18 11:24:00,165.0,-375.0,-210.0
2021-08-18 11:25:00,146.25,-303.75,-157.5
2021-08-18 11:26:00,131.25,-247.5,-116.25
2021-08-18 11:27:00,138.75,-217.5,-78.75
2021-08-18 11:28:00,165.0,-367.5,-202.5
2021-08-18 11:29:00,168.75,-386.25,-217.5
2021-08-18 11:30:00,176.25,-457.5,-281.25
2021-08-18 11:31:00,153.75,-378.75,-225.0
2021-08-18 11:32:00,150.0,-378.75,-228.75
2021-08-18 11:33:00,142.5,-303.75,-161.25
2021-08-18 11:34:00,153.75,-288.75,-135.0
2021-08-18 11:35:00,161.25,-300.0,-138.75
2021-08-18 11:36:00,165.0,-285.0,-120.0
2021-08-18 11:37:00,157.5,-195.0,-37.5
2021-08-18 11:38:00,142.5,-52.5,90.0
2021-08-18 11:39:00,165.0,-206.25,-41.25
2021-08-18 11:40:00,180.0,-243.75,-63.75
2021-08-18 11:41:00,180.0,-360.0,-180.0
2021-08-18 11:42:00,191.25,-393.75,-202.5
2021-08-18 11:43:00,183.75,-446.25,-262.5
2021-08-18 11:44:00,191.25,-427.5,-236.25
2021-08-18 11:45:00,191.25,-397.5,-206.25
2021-08-18 11:46:00,210.0,-476.25,-266.25
2021-08-18 11:47:00,198.75,-423.75,-225.0
2021-08-18 11:48:00,228.75,-551.25,-322.5
2021-08-18 11:49:00,236.25,-525.0,-288.75
2021-08-18 11:50:00,247.5,-682.5,-435.0
2021-08-18 11:51:00,251.25,-630.0,-378.75
2021-08-18 11:52:00,352.5,-682.5,-330.0
2021-08-18 11:53:00,367.5,-682.5,-315.0
2021-08-18 11:54:00,202.5,-468.75,-266.25
2021-08-18 11:55:00,146.25,-427.5,-281.25
2021-08-18 11:56:00,11.25,-262.5,-251.25
2021-08-18 11:57:00,-112.5,-157.5,-270.0
2021-08-18 11:58:00,-112.5,-165.0,-277.5
2021-08-18 11:59:00,-101.25,-183.75,-285.0
2021-08-18 12:00:00,-168.75,-120.0,-288.75
2021-08-18 12:01:00,-75.0,-183.75,-258.75
2021-08-18 12:02:00,22.5,-281.25,-258.75
2021-08-18 12:03:00,187.5,-408.75,-221.25
2021-08-18 12:04:00,210.0,-393.75,-183.75
2021-08-18 12:05:00,247.5,-457.5,-210.0
2021-08-18 12:06:00,225.0,-438.75,-213.75
2021-08-18 12:07:00,382.5,-585.0,-202.5
2021-08-18 12:08:00,615.0,-798.75,-183.75
2021-08-18 12:09:00,645.0,-742.5,-97.5
2021-08-18 12:10:00,780.0,-903.75,-123.75
2021-08-18 12:11:00,727.5,-787.5,-60.0
2021-08-18 12:12:00,532.5,-450.0,82.5
2021-08-18 12:13:00,705.0,-765.0,-60.0
2021-08-18 12:14:00,858.75,-903.75,-45.0
2021-08-18 12:15:00,881.25,-948.75,-67.5
2021-08-18 12:16:00,922.5,-990.0,-67.5
2021-08-18 12:17:00,1110.0,-1113.75,-3.75
2021-08-18 12:18:00,978.75,-900.0,78.75
2021-08-18 12:19:00,877.5,-697.5,180.0
2021-08-18 12:20:00,630.0,-356.25,273.75
2021-08-18 12:21:00,686.25,-408.75,277.5
2021-08-18 12:22:00,607.5,-401.25,206.25
2021-08-18 12:23:00,570.0,-315.0,255.0
2021-08-18 12:24:00,510.0,-303.75,206.25
2021-08-18 12:25:00,393.75,-157.5,236.25
2021-08-18 12:26:00,513.75,-322.5,191.25
2021-08-18 12:27:00,618.75,-416.25,202.5
2021-08-18 12:28:00,495.0,-352.5,142.5
2021-08-18 12:29:00,397.5,-240.0,157.5
2021-08-18 12:30:00,540.0,-363.75,176.25
2021-08-18 12:31:00,588.75,-438.75,150.0
2021-08-18 12:32:00,588.75,-438.75,150.0
2021-08-18 12:33:00,720.0,-525.0,195.0
2021-08-18 12:34:00,697.5,-596.25,101.25
2021-08-18 12:35:00,697.5,-513.75,183.75
2021-08-18 12:36:00,720.0,-588.75,131.25
2021-08-18 12:37:00,832.5,-637.5,195.0
2021-08-18 12:38:00,907.5,-843.75,63.75
2021-08-18 12:39:00,1057.5,-990.0,67.5
2021-08-18 12:40:00,1230.0,-1230.0,0.0
2021-08-18 12:41:00,1181.25,-1155.0,26.25
2021-08-18 12:42:00,1046.25,-911.25,135.0
2021-08-18 12:43:00,967.5,-836.25,131.25
2021-08-18 12:44:00,1117.5,-1012.5,105.0
2021-08-18 12:45:00,1252.5,-1275.0,-22.5
2021-08-18 12:46:00,1365.0,-1811.25,-446.25
2021-08-18 12:47:00,1256.25,-1541.25,-285.0
2021-08-18 12:48:00,1290.0,-1852.5,-562.5
2021-08-18 12:49:00,1470.0,-2358.75,-888.75
2021-08-18 12:50:00,1406.25,-2426.25,-1020.0
2021-08-18 12:51:00,1533.75,-2745.0,-1211.25
2021-08-18 12:52:00,1526.25,-2505.0,-978.75
2021-08-18 12:53:00,1496.25,-2722.5,-1226.25
2021-08-18 12:54:00,1563.75,-2790.0,-1226.25
2021-08-18 12:55:00,1398.75,-2328.75,-930.0
2021-08-18 12:56:00,1541.25,-2733.75,-1192.5
2021-08-18 12:57:00,1526.25,-2643.75,-1117.5
2021-08-18 12:58:00,1552.5,-2733.75,-1181.25
2021-08-18 12:59:00,1631.25,-3018.75,-1387.5
2021-08-18 13:00:00,1608.75,-3056.25,-1447.5
2021-08-18 13:01:00,1680.0,-3176.25,-1496.25
2021-08-18 13:02:00,1635.0,-3108.75,-1473.75
2021-08-18 13:03:00,1657.5,-3168.75,-1511.25
2021-08-18 13:04:00,1713.75,-3386.25,-1672.5
2021-08-18 13:05:00,1781.25,-3375.0,-1593.75
2021-08-18 13:06:00,1815.0,-3723.75,-1908.75
2021-08-18 13:07:00,1841.25,-4395.0,-2553.75
2021-08-18 13:08:00,1755.0,-3551.25,-1796.25
2021-08-18 13:09:00,1706.25,-2917.5,-1211.25
2021-08-18 13:10:00,1796.25,-3656.25,-1860.0
2021-08-18 13:11:00,1702.5,-3172.5,-1470.0
2021-08-18 13:12:00,1743.75,-3273.75,-1530.0
2021-08-18 13:13:00,1762.5,-3285.0,-1522.5
2021-08-18 13:14:00,1803.75,-3431.25,-1627.5
2021-08-18 13:15:00,1815.0,-3461.25,-1646.25
2021-08-18 13:16:00,1796.25,-3337.5,-1541.25
2021-08-18 13:17:00,1785.0,-3247.5,-1462.5
2021-08-18 13:18:00,1785.0,-3202.5,-1417.5
2021-08-18 13:19:00,1807.5,-3270.0,-1462.5
2021-08-18 13:20:00,1777.5,-2850.0,-1072.5
2021-08-18 13:21:00,1710.0,-2606.25,-896.25
2021-08-18 13:22:00,1706.25,-2655.0,-948.75
2021-08-18 13:23:00,1710.0,-2640.0,-930.0
2021-08-18 13:24:00,1717.5,-2598.75,-881.25
2021-08-18 13:25:00,1721.25,-2662.5,-941.25
2021-08-18 13:26:00,1811.25,-2947.5,-1136.25
2021-08-18 13:27:00,1785.0,-2872.5,-1087.5
2021-08-18 13:28:00,1807.5,-3011.25,-1203.75
2021-08-18 13:29:00,1878.75,-3307.5,-1428.75
2021-08-18 13:30:00,1893.75,-3300.0,-1406.25
2021-08-18 13:31:00,2010.0,-3915.0,-1905.0
2021-08-18 13:32:00,2002.5,-3843.75,-1841.25
2021-08-18 13:33:00,2002.5,-3873.75,-1871.25
2021-08-18 13:34:00,2013.75,-3937.5,-1923.75
2021-08-18 13:35:00,1980.0,-2947.5,-967.5
2021-08-18 13:36:00,1931.25,-2565.0,-633.75
2021-08-18 13:37:00,2006.25,-3131.25,-1125.0
2021-08-18 13:38:00,2025.0,-3588.75,-1563.75
2021-08-18 13:39:00,1976.25,-3337.5,-1361.25
2021-08-18 13:40:00,2002.5,-3705.0,-1702.5
2021-08-18 13:41:00,1998.75,-3341.25,-1342.5
2021-08-18 13:42:00,2006.25,-3157.5,-1151.25
2021-08-18 13:43:00,2028.75,-3480.0,-1451.25
2021-08-18 13:44:00,2081.25,-3900.0,-1818.75
2021-08-18 13:45:00,2073.75,-3577.5,-1503.75
2021-08-18 13:46:00,2066.25,-3416.25,-1350.0
2021-08-18 13:47:00,2070.0,-3465.0,-1395.0
2021-08-18 13:48:00,2066.25,-3476.25,-1410.0
2021-08-18 13:49:00,2081.25,-3547.5,-1466.25
2021-08-18 13:50:00,2062.5,-3318.75,-1256.25
2021-08-18 13:51:00,2088.75,-3708.75,-1620.0
2021-08-18 13:52:00,2047.5,-3401.25,-1353.75
2021-08-18 13:53:00,2028.75,-3232.5,-1203.75
2021-08-18 13:54:00,2021.25,-3000.0,-978.75
2021-08-18 13:55:00,2032.5,-3363.75,-1331.25
2021-08-18 13:56:00,2066.25,-4001.25,-1935.0
2021-08-18 13:57:00,2088.75,-4016.25,-1927.5
2021-08-18 13:58:00,2088.75,-3720.0,-1631.25
2021-08-18 13:59:00,2077.5,-3435.0,-1357.5
2021-08-18 14:00:00,2032.5,-3116.25,-1083.75
2021-08-18 14:01:00,2017.5,-3067.5,-1050.0
2021-08-18 14:02:00,2073.75,-3483.75,-1410.0
2021-08-18 14:03:00,2058.75,-3348.75,-1290.0
2021-08-18 14:04:00,2070.0,-3502.5,-1432.5
2021-08-18 14:05:00,2085.0,-3588.75,-1503.75
2021-08-18 14:06:00,2081.25,-3671.25,-1590.0
2021-08-18 14:07:00,2073.75,-3345.0,-1271.25
2021-08-18 14:08:00,2088.75,-3330.0,-1241.25
2021-08-18 14:09:00,2092.5,-3378.75,-1286.25
2021-08-18 14:10:00,2100.0,-3528.75,-1428.75
2021-08-18 14:11:00,2092.5,-3408.75,-1316.25
2021-08-18 14:12:00,2115.0,-3491.25,-1376.25
2021-08-18 14:13:00,2156.25,-3911.25,-1755.0
2021-08-18 14:14:00,2163.75,-4233.75,-2070.0
2021-08-18 14:15:00,2186.25,-4136.25,-1950.0
2021-08-18 14:16:00,2205.0,-4455.0,-2250.0
2021-08-18 14:17:00,2201.25,-4365.0,-2163.75
2021-08-18 14:18:00,2201.25,-4230.0,-2028.75
2021-08-18 14:19:00,2182.5,-3491.25,-1308.75
2021-08-18 14:20:00,2193.75,-3753.75,-1560.0
2021-08-18 14:21:00,2186.25,-3633.75,-1447.5
2021-08-18 14:22:00,2205.0,-3626.25,-1421.25
2021-08-18 14:23:00,2208.75,-3401.25,-1192.5
2021-08-18 14:24:00,2182.5,-3052.5,-870.0
2021-08-18 14:25:00,2178.75,-3221.25,-1042.5
2021-08-18 14:26:00,2212.5,-3918.75,-1706.25
2021-08-18 14:27:00,2220.0,-3933.75,-1713.75
2021-08-18 14:28:00,2220.0,-4447.5,-2227.5
2021-08-18 14:29:00,2223.75,-4702.5,-2478.75
2021-08-18 14:30:00,2208.75,-4740.0,-2531.25
2021-08-18 14:31:00,2212.5,-4263.75,-2051.25
2021-08-18 14:32:00,2205.0,-4230.0,-2025.0
2021-08-18 14:33:00,2208.75,-4665.0,-2456.25
2021-08-18 14:34:00,2201.25,-4421.25,-2220.0
2021-08-18 14:35:00,2205.0,-5013.75,-2808.75
2021-08-18 14:36:00,2205.0,-4983.75,-2778.75
2021-08-18 14:37:00,2205.0,-4335.0,-2130.0
2021-08-18 14:38:00,2212.5,-4477.5,-2265.0
2021-08-18 14:39:00,2216.25,-4402.5,-2186.25
2021-08-18 14:40:00,2216.25,-4140.0,-1923.75
2021-08-18 14:41:00,2208.75,-4188.75,-1980.0
2021-08-18 14:42:00,2208.75,-4087.5,-1878.75
2021-08-18 14:43:00,2208.75,-4312.5,-2103.75
2021-08-18 14:44:00,2216.25,-4110.0,-1893.75
2021-08-18 14:45:00,2223.75,-4755.0,-2531.25
2021-08-18 14:46:00,2223.75,-5201.25,-2977.5
2021-08-18 14:47:00,2231.25,-4766.25,-2535.0
2021-08-18 14:48:00,2231.25,-4578.75,-2347.5
2021-08-18 14:49:00,2235.0,-4998.75,-2763.75
2021-08-18 14:50:00,2231.25,-5070.0,-2838.75
2021-08-18 14:51:00,2235.0,-4766.25,-2531.25
2021-08-18 14:52:00,2231.25,-4530.0,-2298.75
2021-08-18 14:53:00,2231.25,-4522.5,-2291.25
2021-08-18 14:54:00,2231.25,-4410.0,-2178.75
2021-08-18 14:55:00,2227.5,-4612.5,-2385.0
2021-08-18 14:56:00,2235.0,-4605.0,-2370.0
2021-08-18 14:57:00,2235.0,-4548.75,-2313.75
2021-08-18 14:58:00,2235.0,-4601.25,-2366.25
2021-08-18 14:59:00,2238.75,-4935.0,-2696.25
2021-08-18 15:00:00,2235.0,-3157.5,-922.5
2021-08-18 15:01:00,2231.25,-3172.5,-941.25
2021-08-18 15:02:00,2227.5,-2775.0,-547.5
2021-08-18 15:03:00,2231.25,-3266.25,-1035.0
2021-08-18 15:04:00,2235.0,-2842.5,-607.5
2021-08-18 15:05:00,2235.0,-2310.0,-75.0
2021-08-18 15:06:00,2242.5,-2220.0,22.5
2021-08-18 15:07:00,2242.5,-2373.75,-131.25
2021-08-18 15:08:00,2246.25,-2058.75,187.5
2021-08-18 15:09:00,2246.25,-2175.0,71.25
2021-08-18 15:10:00,2250.0,-2336.25,-86.25
2021-08-18 15:11:00,2250.0,-2523.75,-273.75
2021-08-18 15:12:00,2250.0,-2370.0,-120.0
2021-08-18 15:13:00,2250.0,-2617.5,-367.5
2021-08-18 15:14:00,2253.75,-2475.0,-221.25
2021-08-18 15:15:00,2250.0,-2711.25,-461.25
2021-08-18 15:16:00,2253.75,-2797.5,-543.75
2021-08-18 15:17:00,2257.5,-2936.25,-678.75
2021-08-18 15:18:00,2257.5,-3048.75,-791.25
2021-08-18 15:19:00,2257.5,-3247.5,-990.0
2021-08-18 15:20:00,2257.5,-3165.0,-907.5
2021-08-18 15:21:00,2257.5,-3165.0,-907.5
2021-08-18 15:22:00,2257.5,-3165.0,-907.5
2021-08-18 15:23:00,2257.5,-3165.0,-907.5
2021-08-18 15:24:00,2257.5,-3165.0,-907.5
2021-08-18 15:25:00,2257.5,-3165.0,-907.5
2021-08-18 15:26:00,2257.5,-3165.0,-907.5
2021-08-18 15:27:00,2257.5,-3165.0,-907.5
2021-08-18 15:28:00,2257.5,-3165.0,-907.5
2021-08-18 15:29:00,2257.5,-3165.0,-907.5
2021-08-18 15:30:00,2257.5,-3165.0,-907.5
2021-08-26 10:15:00,0.0,0.0,0.0
2021-08-26 10:16:00,-48.75,30.0,-18.75
2021-08-26 10:17:00,-123.75,93.75,-30.0
2021-08-26 10:18:00,-105.0,82.5,-22.5
2021-08-26 10:19:00,-176.25,176.25,0.0
2021-08-26 10:20:00,-187.5,172.5,-15.0
2021-08-26 10:21:00,-255.0,180.0,-75.0
2021-08-26 10:22:00,-240.0,168.75,-71.25
2021-08-26 10:23:00,-168.75,150.0,-18.75
2021-08-26 10:24:00,-146.25,120.0,-26.25
2021-08-26 10:25:00,-157.5,127.5,-30.0
2021-08-26 10:26:00,-123.75,116.25,-7.5
2021-08-26 10:27:00,-45.0,82.5,37.5
2021-08-26 10:28:00,-60.0,82.5,22.5
2021-08-26 10:29:00,-30.0,56.25,26.25
2021-08-26 10:30:00,22.5,26.25,48.75
2021-08-26 10:31:00,18.75,52.5,71.25
2021-08-26 10:32:00,-48.75,105.0,56.25
2021-08-26 10:33:00,-37.5,71.25,33.75
2021-08-26 10:34:00,-15.0,67.5,52.5
2021-08-26 10:35:00,-33.75,78.75,45.0
2021-08-26 10:36:00,26.25,30.0,56.25
2021-08-26 10:37:00,-3.75,75.0,71.25
2021-08-26 10:38:00,-56.25,127.5,71.25
2021-08-26 10:39:00,-56.25,112.5,56.25
2021-08-26 10:40:00,-7.5,67.5,60.0
2021-08-26 10:41:00,22.5,37.5,60.0
2021-08-26 10:42:00,-11.25,90.0,78.75
2021-08-26 10:43:00,-30.0,97.5,67.5
2021-08-26 10:44:00,0.0,78.75,78.75
2021-08-26 10:45:00,-7.5,90.0,82.5
2021-08-26 10:46:00,26.25,63.75,90.0
2021-08-26 10:47:00,52.5,45.0,97.5
2021-08-26 10:48:00,63.75,41.25,105.0
2021-08-26 10:49:00,45.0,75.0,120.0
2021-08-26 10:50:00,86.25,52.5,138.75
2021-08-26 10:51:00,146.25,22.5,168.75
2021-08-26 10:52:00,63.75,90.0,153.75
2021-08-26 10:53:00,176.25,26.25,202.5
2021-08-26 10:54:00,105.0,60.0,165.0
2021-08-26 10:55:00,48.75,97.5,146.25
2021-08-26 10:56:00,-11.25,157.5,146.25
2021-08-26 10:57:00,-15.0,187.5,172.5
2021-08-26 10:58:00,-33.75,198.75,165.0
2021-08-26 10:59:00,-48.75,221.25,172.5
2021-08-26 11:00:00,26.25,172.5,198.75
2021-08-26 11:01:00,75.0,165.0,240.0
2021-08-26 11:02:00,45.0,180.0,225.0
2021-08-26 11:03:00,105.0,165.0,270.0
2021-08-26 11:04:00,127.5,123.75,251.25
2021-08-26 11:05:00,146.25,93.75,240.0
2021-08-26 11:06:00,172.5,101.25,273.75
2021-08-26 11:07:00,232.5,52.5,285.0
2021-08-26 11:08:00,183.75,97.5,281.25
2021-08-26 11:09:00,138.75,135.0,273.75
2021-08-26 11:10:00,153.75,101.25,255.0
2021-08-26 11:11:00,116.25,168.75,285.0
2021-08-26 11:12:00,116.25,273.75,390.0
2021-08-26 11:13:00,120.0,210.0,330.0
2021-08-26 11:14:00,135.0,206.25,341.25
2021-08-26 11:15:00,127.5,206.25,333.75
2021-08-26 11:16:00,116.25,225.0,341.25
2021-08-26 11:17:00,138.75,198.75,337.5
2021-08-26 11:18:00,232.5,146.25,378.75
2021-08-26 11:19:00,187.5,168.75,356.25
2021-08-26 11:20:00,195.0,153.75,348.75
2021-08-26 11:21:00,191.25,127.5,318.75
2021-08-26 11:22:00,202.5,127.5,330.0
2021-08-26 11:23:00,221.25,93.75,315.0
2021-08-26 11:24:00,352.5,52.5,405.0
2021-08-26 11:25:00,300.0,93.75,393.75
2021-08-26 11:26:00,322.5,71.25,393.75
2021-08-26 11:27:00,273.75,123.75,397.5
2021-08-26 11:28:00,262.5,120.0,382.5
2021-08-26 11:29:00,273.75,157.5,431.25
2021-08-26 11:30:00,258.75,176.25,435.0
2021-08-26 11:31:00,221.25,240.0,461.25
2021-08-26 11:32:00,191.25,262.5,453.75
2021-08-26 11:33:00,191.25,281.25,472.5
2021-08-26 11:34:00,112.5,352.5,465.0
2021-08-26 11:35:00,90.0,390.0,480.0
2021-08-26 11:36:00,105.0,367.5,472.5
2021-08-26 11:37:00,127.5,360.0,487.5
2021-08-26 11:38:00,165.0,341.25,506.25
2021-08-26 11:39:00,180.0,330.0,510.0
2021-08-26 11:40:00,221.25,322.5,543.75
2021-08-26 11:41:00,228.75,307.5,536.25
2021-08-26 11:42:00,240.0,315.0,555.0
2021-08-26 11:43:00,198.75,318.75,517.5
2021-08-26 11:44:00,277.5,307.5,585.0
2021-08-26 11:45:00,326.25,285.0,611.25
2021-08-26 11:46:00,300.0,285.0,585.0
2021-08-26 11:47:00,337.5,270.0,607.5
2021-08-26 11:48:00,273.75,285.0,558.75
2021-08-26 11:49:00,270.0,322.5,592.5
2021-08-26 11:50:00,281.25,307.5,588.75
2021-08-26 11:51:00,232.5,318.75,551.25
2021-08-26 11:52:00,277.5,303.75,581.25
2021-08-26 11:53:00,292.5,300.0,592.5
2021-08-26 11:54:00,311.25,288.75,600.0
2021-08-26 11:55:00,393.75,232.5,626.25
2021-08-26 11:56:00,337.5,270.0,607.5
2021-08-26 11:57:00,363.75,243.75,607.5
2021-08-26 11:58:00,367.5,262.5,630.0
2021-08-26 11:59:00,345.0,288.75,633.75
2021-08-26 12:00:00,360.0,266.25,626.25
2021-08-26 12:01:00,446.25,236.25,682.5
2021-08-26 12:02:00,457.5,247.5,705.0
2021-08-26 12:03:00,566.25,225.0,791.25
2021-08-26 12:04:00,667.5,97.5,765.0
2021-08-26 12:05:00,660.0,71.25,731.25
2021-08-26 12:06:00,626.25,67.5,693.75
2021-08-26 12:07:00,656.25,18.75,675.0
2021-08-26 12:08:00,633.75,52.5,686.25
2021-08-26 12:09:00,630.0,41.25,671.25
2021-08-26 12:10:00,573.75,146.25,720.0
2021-08-26 12:11:00,607.5,131.25,738.75
2021-08-26 12:12:00,585.0,116.25,701.25
2021-08-26 12:13:00,600.0,101.25,701.25
2021-08-26 12:14:00,596.25,112.5,708.75
2021-08-26 12:15:00,607.5,138.75,746.25
2021-08-26 12:16:00,611.25,127.5,738.75
2021-08-26 12:17:00,615.0,78.75,693.75
2021-08-26 12:18:00,573.75,228.75,802.5
2021-08-26 12:19:00,521.25,281.25,802.5
2021-08-26 12:20:00,536.25,262.5,798.75
2021-08-26 12:21:00,585.0,176.25,761.25
2021-08-26 12:22:00,566.25,191.25,757.5
2021-08-26 12:23:00,600.0,153.75,753.75
2021-08-26 12:24:00,603.75,127.5,731.25
2021-08-26 12:25:00,618.75,45.0,663.75
2021-08-26 12:26:00,611.25,71.25,682.5
2021-08-26 12:27:00,637.5,37.5,675.0
2021-08-26 12:28:00,708.75,-56.25,652.5
2021-08-26 12:29:00,720.0,-45.0,675.0
2021-08-26 12:30:00,735.0,-71.25,663.75
2021-08-26 12:31:00,708.75,75.0,783.75
2021-08-26 12:32:00,712.5,-60.0,652.5
2021-08-26 12:33:00,723.75,-56.25,667.5
2021-08-26 12:34:00,735.0,-90.0,645.0
2021-08-26 12:35:00,753.75,-97.5,656.25
2021-08-26 12:36:00,727.5,11.25,738.75
2021-08-26 12:37:00,738.75,-41.25,697.5
2021-08-26 12:38:00,746.25,-56.25,690.0
2021-08-26 12:39:00,757.5,-75.0,682.5
2021-08-26 12:40:00,798.75,-52.5,746.25
2021-08-26 12:41:00,817.5,-183.75,633.75
2021-08-26 12:42:00,817.5,-172.5,645.0
2021-08-26 12:43:00,821.25,-105.0,716.25
2021-08-26 12:44:00,825.0,-41.25,783.75
2021-08-26 12:45:00,862.5,-165.0,697.5
2021-08-26 12:46:00,881.25,-198.75,682.5
2021-08-26 12:47:00,896.25,-281.25,615.0
2021-08-26 12:48:00,892.5,-258.75,633.75
2021-08-26 12:49:00,885.0,-277.5,607.5
2021-08-26 12:50:00,881.25,-420.0,461.25
2021-08-26 12:51:00,881.25,-468.75,412.5
2021-08-26 12:52:00,896.25,-585.0,311.25
2021-08-26 12:53:00,922.5,-802.5,120.0
2021-08-26 12:54:00,900.0,-510.0,390.0
2021-08-26 12:55:00,896.25,-232.5,663.75
2021-08-26 12:56:00,873.75,-277.5,596.25
2021-08-26 12:57:00,870.0,-390.0,480.0
2021-08-26 12:58:00,847.5,-232.5,615.0
2021-08-26 12:59:00,836.25,-112.5,723.75
2021-08-26 13:00:00,821.25,52.5,873.75
2021-08-26 13:01:00,761.25,348.75,1110.0
2021-08-26 13:02:00,795.0,213.75,1008.75
2021-08-26 13:03:00,873.75,161.25,1035.0
2021-08-26 13:04:00,862.5,97.5,960.0
2021-08-26 13:05:00,873.75,15.0,888.75
2021-08-26 13:06:00,832.5,135.0,967.5
2021-08-26 13:07:00,821.25,221.25,1042.5
2021-08-26 13:08:00,813.75,187.5,1001.25
2021-08-26 13:09:00,825.0,195.0,1020.0
2021-08-26 13:10:00,840.0,206.25,1046.25
2021-08-26 13:11:00,817.5,247.5,1065.0
2021-08-26 13:12:00,847.5,168.75,1016.25
2021-08-26 13:13:00,832.5,217.5,1050.0
2021-08-26 13:14:00,828.75,225.0,1053.75
2021-08-26 13:15:00,847.5,202.5,1050.0
2021-08-26 13:16:00,873.75,135.0,1008.75
2021-08-26 13:17:00,870.0,138.75,1008.75
2021-08-26 13:18:00,903.75,26.25,930.0
2021-08-26 13:19:00,858.75,236.25,1095.0
2021-08-26 13:20:00,851.25,270.0,1121.25
2021-08-26 13:21:00,821.25,337.5,1158.75
2021-08-26 13:22:00,847.5,247.5,1095.0
2021-08-26 13:23:00,855.0,251.25,1106.25
2021-08-26 13:24:00,855.0,217.5,1072.5
2021-08-26 13:25:00,840.0,273.75,1113.75
2021-08-26 13:26:00,855.0,251.25,1106.25
2021-08-26 13:27:00,855.0,281.25,1136.25
2021-08-26 13:28:00,840.0,360.0,1200.0
2021-08-26 13:29:00,821.25,483.75,1305.0
2021-08-26 13:30:00,813.75,487.5,1301.25
2021-08-26 13:31:00,828.75,442.5,1271.25
2021-08-26 13:32:00,855.0,390.0,1245.0
2021-08-26 13:33:00,858.75,356.25,1215.0
2021-08-26 13:34:00,873.75,330.0,1203.75
2021-08-26 13:35:00,892.5,255.0,1147.5
2021-08-26 13:36:00,900.0,240.0,1140.0
2021-08-26 13:37:00,896.25,266.25,1162.5
2021-08-26 13:38:00,896.25,251.25,1147.5
2021-08-26 13:39:00,907.5,225.0,1132.5
2021-08-26 13:40:00,918.75,116.25,1035.0
2021-08-26 13:41:00,918.75,165.0,1083.75
2021-08-26 13:42:00,903.75,273.75,1177.5
2021-08-26 13:43:00,903.75,326.25,1230.0
2021-08-26 13:44:00,896.25,307.5,1203.75
2021-08-26 13:45:00,896.25,333.75,1230.0
2021-08-26 13:46:00,900.0,303.75,1203.75
2021-08-26 13:47:00,900.0,311.25,1211.25
2021-08-26 13:48:00,892.5,401.25,1293.75
2021-08-26 13:49:00,900.0,337.5,1237.5
2021-08-26 13:50:00,915.0,240.0,1155.0
2021-08-26 13:51:00,918.75,247.5,1166.25
2021-08-26 13:52:00,918.75,277.5,1196.25
2021-08-26 13:53:00,922.5,322.5,1245.0
2021-08-26 13:54:00,922.5,311.25,1233.75
2021-08-26 13:55:00,918.75,360.0,1278.75
2021-08-26 13:56:00,911.25,390.0,1301.25
2021-08-26 13:57:00,922.5,348.75,1271.25
2021-08-26 13:58:00,937.5,315.0,1252.5
2021-08-26 13:59:00,918.75,427.5,1346.25
2021-08-26 14:00:00,926.25,382.5,1308.75
2021-08-26 14:01:00,915.0,480.0,1395.0
2021-08-26 14:02:00,922.5,442.5,1365.0
2021-08-26 14:03:00,915.0,468.75,1383.75
2021-08-26 14:04:00,888.75,566.25,1455.0
2021-08-26 14:05:00,858.75,626.25,1485.0
2021-08-26 14:06:00,870.0,596.25,1466.25
2021-08-26 14:07:00,873.75,615.0,1488.75
2021-08-26 14:08:00,881.25,618.75,1500.0
2021-08-26 14:09:00,911.25,588.75,1500.0
2021-08-26 14:10:00,900.0,615.0,1515.0
2021-08-26 14:11:00,926.25,592.5,1518.75
2021-08-26 14:12:00,933.75,615.0,1548.75
2021-08-26 14:13:00,952.5,618.75,1571.25
2021-08-26 14:14:00,963.75,588.75,1552.5
2021-08-26 14:15:00,952.5,611.25,1563.75
2021-08-26 14:16:00,945.0,652.5,1597.5
2021-08-26 14:17:00,960.0,596.25,1556.25
2021-08-26 14:18:00,948.75,663.75,1612.5
2021-08-26 14:19:00,945.0,716.25,1661.25
2021-08-26 14:20:00,945.0,705.0,1650.0
2021-08-26 14:21:00,952.5,660.0,1612.5
2021-08-26 14:22:00,960.0,626.25,1586.25
2021-08-26 14:23:00,978.75,618.75,1597.5
2021-08-26 14:24:00,990.0,637.5,1627.5
2021-08-26 14:25:00,1001.25,517.5,1518.75
2021-08-26 14:26:00,1005.0,517.5,1522.5
2021-08-26 14:27:00,1016.25,521.25,1537.5
2021-08-26 14:28:00,1023.75,423.75,1447.5
2021-08-26 14:29:00,1023.75,498.75,1522.5
2021-08-26 14:30:00,1023.75,570.0,1593.75
2021-08-26 14:31:00,1023.75,581.25,1605.0
2021-08-26 14:32:00,1016.25,607.5,1623.75
2021-08-26 14:33:00,1016.25,540.0,1556.25
2021-08-26 14:34:00,1023.75,408.75,1432.5
2021-08-26 14:35:00,1038.75,360.0,1398.75
2021-08-26 14:36:00,1042.5,146.25,1188.75
2021-08-26 14:37:00,1046.25,225.0,1271.25
2021-08-26 14:38:00,1042.5,221.25,1263.75
2021-08-26 14:39:00,1046.25,108.75,1155.0
2021-08-26 14:40:00,1035.0,371.25,1406.25
2021-08-26 14:41:00,1031.25,247.5,1278.75
2021-08-26 14:42:00,1027.5,258.75,1286.25
2021-08-26 14:43:00,1027.5,333.75,1361.25
2021-08-26 14:44:00,1023.75,277.5,1301.25
2021-08-26 14:45:00,1038.75,266.25,1305.0
2021-08-26 14:46:00,1035.0,247.5,1282.5
2021-08-26 14:47:00,1038.75,247.5,1286.25
2021-08-26 14:48:00,1038.75,292.5,1331.25
2021-08-26 14:49:00,1035.0,630.0,1665.0
2021-08-26 14:50:00,1031.25,671.25,1702.5
2021-08-26 14:51:00,1035.0,675.0,1710.0
2021-08-26 14:52:00,1038.75,633.75,1672.5
2021-08-26 14:53:00,1046.25,746.25,1792.5
2021-08-26 14:54:00,1050.0,667.5,1717.5
2021-08-26 14:55:00,1053.75,660.0,1713.75
2021-08-26 14:56:00,1053.75,663.75,1717.5
2021-08-26 14:57:00,1053.75,682.5,1736.25
2021-08-26 14:58:00,1057.5,690.0,1747.5
2021-08-26 14:59:00,1057.5,660.0,1717.5
2021-08-26 15:00:00,1057.5,577.5,1635.0
2021-08-26 15:01:00,1057.5,877.5,1935.0
2021-08-26 15:02:00,1057.5,907.5,1965.0
2021-08-26 15:03:00,1057.5,933.75,1991.25
2021-08-26 15:04:00,1061.25,915.0,1976.25
2021-08-26 15:05:00,1065.0,937.5,2002.5
2021-08-26 15:06:00,1065.0,956.25,2021.25
2021-08-26 15:07:00,1068.75,960.0,2028.75
2021-08-26 15:08:00,1061.25,963.75,2025.0
2021-08-26 15:09:00,1065.0,971.25,2036.25
2021-08-26 15:10:00,1065.0,975.0,2040.0
2021-08-26 15:11:00,1061.25,975.0,2036.25
2021-08-26 15:12:00,1065.0,978.75,2043.75
2021-08-26 15:13:00,1065.0,978.75,2043.75
2021-08-26 15:14:00,1061.25,978.75,2040.0
2021-08-26 15:15:00,1065.0,978.75,2043.75
2021-08-26 15:16:00,1065.0,982.5,2047.5
2021-08-26 15:17:00,1065.0,982.5,2047.5
2021-08-26 15:18:00,1068.75,986.25,2055.0
2021-08-26 15:19:00,1068.75,986.25,2055.0
2021-08-26 15:20:00,1068.75,986.25,2055.0
2021-08-26 15:21:00,1068.75,986.25,2055.0
2021-08-26 15:22:00,1068.75,986.25,2055.0
2021-08-26 15:23:00,1068.75,986.25,2055.0
2021-08-26 15:24:00,1068.75,986.25,2055.0
2021-08-26 15:25:00,1068.75,986.25,2055.0
2021-08-26 15:26:00,1068.75,986.25,2055.0
2021-08-26 15:27:00,1068.75,986.25,2055.0
2021-08-26 15:28:00,1068.75,986.25,2055.0
2021-08-26 15:29:00,1068.75,986.25,2055.0
2021-08-26 15:30:00,1068.75,986.25,2055.0
2021-09-02 10:15:00,0.0,0.0,0.0
2021-09-02 10:16:00,22.5,3.75,26.25
2021-09-02 10:17:00,93.75,-48.75,45.0
2021-09-02 10:18:00,157.5,-97.5,60.0
2021-09-02 10:19:00,56.25,-22.5,33.75
2021-09-02 10:20:00,71.25,-52.5,18.75
2021-09-02 10:21:00,146.25,-123.75,22.5
2021-09-02 10:22:00,116.25,-101.25,15.0
2021-09-02 10:23:00,303.75,-300.0,3.75
2021-09-02 10:24:00,273.75,-213.75,60.0
2021-09-02 10:25:00,258.75,-243.75,15.0
2021-09-02 10:26:00,405.0,-371.25,33.75
2021-09-02 10:27:00,363.75,-322.5,41.25
2021-09-02 10:28:00,337.5,-292.5,45.0
2021-09-02 10:29:00,255.0,-161.25,93.75
2021-09-02 10:30:00,213.75,-86.25,127.5
2021-09-02 10:31:00,191.25,-67.5,123.75
2021-09-02 10:32:00,210.0,-97.5,112.5
2021-09-02 10:33:00,326.25,-251.25,75.0
2021-09-02 10:34:00,318.75,-172.5,146.25
2021-09-02 10:35:00,285.0,-161.25,123.75
2021-09-02 10:36:00,240.0,-56.25,183.75
2021-09-02 10:37:00,172.5,48.75,221.25
2021-09-02 10:38:00,142.5,213.75,356.25
2021-09-02 10:39:00,123.75,232.5,356.25
2021-09-02 10:40:00,93.75,240.0,333.75
2021-09-02 10:41:00,75.0,356.25,431.25
2021-09-02 10:42:00,30.0,375.0,405.0
2021-09-02 10:43:00,-97.5,540.0,442.5
2021-09-02 10:44:00,-7.5,476.25,468.75
2021-09-02 10:45:00,3.75,525.0,528.75
2021-09-02 10:46:00,101.25,461.25,562.5
2021-09-02 10:47:00,-30.0,540.0,510.0
2021-09-02 10:48:00,-63.75,588.75,525.0
2021-09-02 10:49:00,-63.75,660.0,596.25
2021-09-02 10:50:00,22.5,607.5,630.0
2021-09-02 10:51:00,105.0,540.0,645.0
2021-09-02 10:52:00,41.25,551.25,592.5
2021-09-02 10:53:00,-56.25,603.75,547.5
2021-09-02 10:54:00,-101.25,641.25,540.0
2021-09-02 10:55:00,-112.5,671.25,558.75
2021-09-02 10:56:00,-93.75,630.0,536.25
2021-09-02 10:57:00,-67.5,633.75,566.25
2021-09-02 10:58:00,-116.25,678.75,562.5
2021-09-02 10:59:00,-131.25,720.0,588.75
2021-09-02 11:00:00,-161.25,690.0,528.75
2021-09-02 11:01:00,-405.0,791.25,386.25
2021-09-02 11:02:00,-165.0,648.75,483.75
2021-09-02 11:03:00,-168.75,626.25,457.5
2021-09-02 11:04:00,-120.0,618.75,498.75
2021-09-02 11:05:00,-78.75,581.25,502.5
2021-09-02 11:06:00,-176.25,618.75,442.5
2021-09-02 11:07:00,-232.5,678.75,446.25
2021-09-02 11:08:00,-236.25,697.5,461.25
2021-09-02 11:09:00,-296.25,757.5,461.25
2021-09-02 11:10:00,-532.5,825.0,292.5
2021-09-02 11:11:00,-367.5,810.0,442.5
2021-09-02 11:12:00,-397.5,821.25,423.75
2021-09-02 11:13:00,-390.0,817.5,427.5
2021-09-02 11:14:00,-453.75,825.0,371.25
2021-09-02 11:15:00,-588.75,907.5,318.75
2021-09-02 11:16:00,-750.0,922.5,172.5
2021-09-02 11:17:00,-656.25,810.0,153.75
2021-09-02 11:18:00,-780.0,960.0,180.0
2021-09-02 11:19:00,-836.25,1050.0,213.75
2021-09-02 11:20:00,-930.0,1042.5,112.5
2021-09-02 11:21:00,-915.0,1057.5,142.5
2021-09-02 11:22:00,-1035.0,1095.0,60.0
2021-09-02 11:23:00,-933.75,1072.5,138.75
2021-09-02 11:24:00,-892.5,1057.5,165.0
2021-09-02 11:25:00,-1012.5,1155.0,142.5
2021-09-02 11:26:00,-1068.75,1215.0,146.25
2021-09-02 11:27:00,-1035.0,1215.0,180.0
2021-09-02 11:28:00,-1072.5,1237.5,165.0
2021-09-02 11:29:00,-1057.5,1237.5,180.0
2021-09-02 11:30:00,-1042.5,1320.0,277.5
2021-09-02 11:31:00,-1050.0,1312.5,262.5
2021-09-02 11:32:00,-832.5,1245.0,412.5
2021-09-02 11:33:00,-855.0,1185.0,330.0
2021-09-02 11:34:00,-558.75,1095.0,536.25
2021-09-02 11:35:00,-663.75,1132.5,468.75
2021-09-02 11:36:00,-536.25,1027.5,491.25
2021-09-02 11:37:00,-847.5,1177.5,330.0
2021-09-02 11:38:00,-915.0,1245.0,330.0
2021-09-02 11:39:00,-881.25,1230.0,348.75
2021-09-02 11:40:00,-978.75,1312.5,333.75
2021-09-02 11:41:00,-802.5,1230.0,427.5
2021-09-02 11:42:00,-757.5,1222.5,465.0
2021-09-02 11:43:00,-836.25,1192.5,356.25
2021-09-02 11:44:00,-851.25,1237.5,386.25
2021-09-02 11:45:00,-825.0,1185.0,360.0
2021-09-02 11:46:00,-832.5,1200.0,367.5
2021-09-02 11:47:00,-783.75,1185.0,401.25
2021-09-02 11:48:00,-787.5,1155.0,367.5
2021-09-02 11:49:00,-802.5,1192.5,390.0
2021-09-02 11:50:00,-911.25,1245.0,333.75
2021-09-02 11:51:00,-896.25,1305.0,408.75
2021-09-02 11:52:00,-877.5,1312.5,435.0
2021-09-02 11:53:00,-975.0,1320.0,345.0
2021-09-02 11:54:00,-967.5,1350.0,382.5
2021-09-02 11:55:00,-1121.25,1522.5,401.25
2021-09-02 11:56:00,-1008.75,1447.5,438.75
2021-09-02 11:57:00,-1248.75,1590.0,341.25
2021-09-02 11:58:00,-1248.75,1560.0,311.25
2021-09-02 11:59:00,-1162.5,1492.5,330.0
2021-09-02 12:00:00,-1256.25,1477.5,221.25
2021-09-02 12:01:00,-1245.0,1455.0,210.0
2021-09-02 12:02:00,-1226.25,1440.0,213.75
2021-09-02 12:03:00,-1132.5,1410.0,277.5
2021-09-02 12:04:00,-1143.75,1440.0,296.25
2021-09-02 12:05:00,-1252.5,1552.5,300.0
2021-09-02 12:06:00,-1278.75,1522.5,243.75
2021-09-02 12:07:00,-1061.25,1387.5,326.25
2021-09-02 12:08:00,-1001.25,1372.5,371.25
2021-09-02 12:09:00,-686.25,1237.5,551.25
2021-09-02 12:10:00,-832.5,1275.0,442.5
2021-09-02 12:11:00,-918.75,1282.5,363.75
2021-09-02 12:12:00,-1061.25,1417.5,356.25
2021-09-02 12:13:00,-1132.5,1485.0,352.5
2021-09-02 12:14:00,-1192.5,1537.5,345.0
2021-09-02 12:15:00,-1320.0,1650.0,330.0
2021-09-02 12:16:00,-1646.25,1717.5,71.25
2021-09-02 12:17:00,-1612.5,1687.5,75.0
2021-09-02 12:18:00,-1612.5,1710.0,97.5
2021-09-02 12:19:00,-1586.25,1725.0,138.75
2021-09-02 12:20:00,-1586.25,1672.5,86.25
2021-09-02 12:21:00,-1597.5,1702.5,105.0
2021-09-02 12:22:00,-1365.0,1612.5,247.5
2021-09-02 12:23:00,-1620.0,1680.0,60.0
2021-09-02 12:24:00,-1605.0,1680.0,75.0
2021-09-02 12:25:00,-1676.25,1710.0,33.75
2021-09-02 12:26:00,-1691.25,1702.5,11.25
2021-09-02 12:27:00,-1702.5,1710.0,7.5
2021-09-02 12:28:00,-1758.75,1717.5,-41.25
2021-09-02 12:29:00,-1717.5,1695.0,-22.5
2021-09-02 12:30:00,-1736.25,1710.0,-26.25
2021-09-02 12:31:00,-1631.25,1650.0,18.75
2021-09-02 12:32:00,-1657.5,1657.5,0.0
2021-09-02 12:33:00,-1665.0,1680.0,15.0
2021-09-02 12:34:00,-1635.0,1635.0,0.0
2021-09-02 12:35:00,-1661.25,1680.0,18.75
2021-09-02 12:36:00,-1526.25,1590.0,63.75
2021-09-02 12:37:00,-1657.5,1695.0,37.5
2021-09-02 12:38:00,-1646.25,1680.0,33.75
2021-09-02 12:39:00,-1620.0,1650.0,30.0
2021-09-02 12:40:00,-1623.75,1657.5,33.75
2021-09-02 12:41:00,-1410.0,1515.0,105.0
2021-09-02 12:42:00,-1496.25,1537.5,41.25
2021-09-02 12:43:00,-1331.25,1432.5,101.25
2021-09-02 12:44:00,-1346.25,1432.5,86.25
2021-09-02 12:45:00,-1248.75,1387.5,138.75
2021-09-02 12:46:00,-1147.5,1245.0,97.5
2021-09-02 12:47:00,-1170.0,1282.5,112.5
2021-09-02 12:48:00,-1230.0,1372.5,142.5
2021-09-02 12:49:00,-1312.5,1522.5,210.0
2021-09-02 12:50:00,-1350.0,1627.5,277.5
2021-09-02 12:51:00,-1361.25,1665.0,303.75
2021-09-02 12:52:00,-1488.75,1837.5,348.75
2021-09-02 12:53:00,-1507.5,1852.5,345.0
2021-09-02 12:54:00,-1578.75,1867.5,288.75
2021-09-02 12:55:00,-1575.0,1897.5,322.5
2021-09-02 12:56:00,-1646.25,1950.0,303.75
2021-09-02 12:57:00,-1672.5,1980.0,307.5
2021-09-02 12:58:00,-1691.25,2025.0,333.75
2021-09-02 12:59:00,-1620.0,1987.5,367.5
2021-09-02 13:00:00,-1608.75,1995.0,386.25
2021-09-02 13:01:00,-1443.75,1920.0,476.25
2021-09-02 13:02:00,-1612.5,1987.5,375.0
2021-09-02 13:03:00,-1503.75,1942.5,438.75
2021-09-02 13:04:00,-1443.75,1905.0,461.25
2021-09-02 13:05:00,-1466.25,1890.0,423.75
2021-09-02 13:06:00,-1530.0,1957.5,427.5
2021-09-02 13:07:00,-1518.75,1882.5,363.75
2021-09-02 13:08:00,-1511.25,1890.0,378.75
2021-09-02 13:09:00,-1515.0,1905.0,390.0
2021-09-02 13:10:00,-1507.5,1912.5,405.0
2021-09-02 13:11:00,-1458.75,1890.0,431.25
2021-09-02 13:12:00,-1410.0,1860.0,450.0
2021-09-02 13:13:00,-1417.5,1845.0,427.5
2021-09-02 13:14:00,-1575.0,2085.0,510.0
2021-09-02 13:15:00,-1620.0,2055.0,435.0
2021-09-02 13:16:00,-1635.0,2190.0,555.0
2021-09-02 13:17:00,-1657.5,2212.5,555.0
2021-09-02 13:18:00,-1728.75,2175.0,446.25
2021-09-02 13:19:00,-1695.0,2145.0,450.0
2021-09-02 13:20:00,-1631.25,2122.5,491.25
2021-09-02 13:21:00,-1590.0,2122.5,532.5
2021-09-02 13:22:00,-1575.0,2070.0,495.0
2021-09-02 13:23:00,-1597.5,2107.5,510.0
2021-09-02 13:24:00,-1548.75,2107.5,558.75
2021-09-02 13:25:00,-1590.0,2122.5,532.5
2021-09-02 13:26:00,-1533.75,2130.0,596.25
2021-09-02 13:27:00,-1518.75,2122.5,603.75
2021-09-02 13:28:00,-1383.75,2062.5,678.75
2021-09-02 13:29:00,-1410.0,2062.5,652.5
2021-09-02 13:30:00,-1406.25,2055.0,648.75
2021-09-02 13:31:00,-1447.5,2100.0,652.5
2021-09-02 13:32:00,-1492.5,2152.5,660.0
2021-09-02 13:33:00,-1462.5,2130.0,667.5
2021-09-02 13:34:00,-1376.25,2085.0,708.75
2021-09-02 13:35:00,-1421.25,2100.0,678.75
2021-09-02 13:36:00,-1308.75,2010.0,701.25
2021-09-02 13:37:00,-1305.0,1987.5,682.5
2021-09-02 13:38:00,-1271.25,1980.0,708.75
2021-09-02 13:39:00,-1297.5,2032.5,735.0
2021-09-02 13:40:00,-1290.0,2017.5,727.5
2021-09-02 13:41:00,-1222.5,1935.0,712.5
2021-09-02 13:42:00,-1297.5,2130.0,832.5
2021-09-02 13:43:00,-1267.5,2032.5,765.0
2021-09-02 13:44:00,-1237.5,1995.0,757.5
2021-09-02 13:45:00,-1226.25,2017.5,791.25
2021-09-02 13:46:00,-1278.75,2145.0,866.25
2021-09-02 13:47:00,-1301.25,2137.5,836.25
2021-09-02 13:48:00,-1353.75,2197.5,843.75
2021-09-02 13:49:00,-1342.5,2205.0,862.5
2021-09-02 13:50:00,-1503.75,2287.5,783.75
2021-09-02 13:51:00,-1500.0,2265.0,765.0
2021-09-02 13:52:00,-1646.25,2325.0,678.75
2021-09-02 13:53:00,-1695.0,2295.0,600.0
2021-09-02 13:54:00,-1710.0,2317.5,607.5
2021-09-02 13:55:00,-1623.75,2317.5,693.75
2021-09-02 13:56:00,-1665.0,2295.0,630.0
2021-09-02 13:57:00,-1470.0,2272.5,802.5
2021-09-02 13:58:00,-1571.25,2295.0,723.75
2021-09-02 13:59:00,-1488.75,2295.0,806.25
2021-09-02 14:00:00,-1578.75,2347.5,768.75
2021-09-02 14:01:00,-1646.25,2385.0,738.75
2021-09-02 14:02:00,-1781.25,2370.0,588.75
2021-09-02 14:03:00,-2265.0,2332.5,67.5
2021-09-02 14:04:00,-2257.5,2385.0,127.5
2021-09-02 14:05:00,-2163.75,2362.5,198.75
2021-09-02 14:06:00,-2276.25,2392.5,116.25
2021-09-02 14:07:00,-1931.25,2400.0,468.75
2021-09-02 14:08:00,-2366.25,2415.0,48.75
2021-09-02 14:09:00,-2171.25,2430.0,258.75
2021-09-02 14:10:00,-2058.75,2430.0,371.25
2021-09-02 14:11:00,-2103.75,2407.5,303.75
2021-09-02 14:12:00,-1942.5,2400.0,457.5
2021-09-02 14:13:00,-2122.5,2460.0,337.5
2021-09-02 14:14:00,-2028.75,2467.5,438.75
2021-09-02 14:15:00,-2190.0,2512.5,322.5
2021-09-02 14:16:00,-2197.5,2505.0,307.5
2021-09-02 14:17:00,-2190.0,2505.0,315.0
2021-09-02 14:18:00,-2190.0,2505.0,315.0
2021-09-02 14:19:00,-2197.5,2512.5,315.0
2021-09-02 14:20:00,-2201.25,2527.5,326.25
2021-09-02 14:21:00,-2223.75,2542.5,318.75
2021-09-02 14:22:00,-2220.0,2535.0,315.0
2021-09-02 14:23:00,-2231.25,2565.0,333.75
2021-09-02 14:24:00,-2216.25,2565.0,348.75
2021-09-02 14:25:00,-2223.75,2565.0,341.25
2021-09-02 14:26:00,-2212.5,2550.0,337.5
2021-09-02 14:27:00,-2220.0,2542.5,322.5
2021-09-02 14:28:00,-2216.25,2527.5,311.25
2021-09-02 14:29:00,-2261.25,2535.0,273.75
2021-09-02 14:30:00,-2235.0,2512.5,277.5
2021-09-02 14:31:00,-2265.0,2542.5,277.5
2021-09-02 14:32:00,-2250.0,2550.0,300.0
2021-09-02 14:33:00,-2242.5,2527.5,285.0
2021-09-02 14:34:00,-2235.0,2550.0,315.0
2021-09-02 14:35:00,-2231.25,2542.5,311.25
2021-09-02 14:36:00,-2242.5,2565.0,322.5
2021-09-02 14:37:00,-2216.25,2565.0,348.75
2021-09-02 14:38:00,-2220.0,2572.5,352.5
2021-09-02 14:39:00,-2208.75,2572.5,363.75
2021-09-02 14:40:00,-2197.5,2572.5,375.0
2021-09-02 14:41:00,-2178.75,2565.0,386.25
2021-09-02 14:42:00,-2201.25,2617.5,416.25
2021-09-02 14:43:00,-2208.75,2617.5,408.75
2021-09-02 14:44:00,-2197.5,2617.5,420.0
2021-09-02 14:45:00,-2212.5,2625.0,412.5
2021-09-02 14:46:00,-2238.75,2632.5,393.75
2021-09-02 14:47:00,-2227.5,2640.0,412.5
2021-09-02 14:48:00,-2186.25,2640.0,453.75
2021-09-02 14:49:00,-2212.5,2632.5,420.0
2021-09-02 14:50:00,-2208.75,2632.5,423.75
2021-09-02 14:51:00,-2186.25,2617.5,431.25
2021-09-02 14:52:00,-2190.0,2610.0,420.0
2021-09-02 14:53:00,-2193.75,2617.5,423.75
2021-09-02 14:54:00,-2186.25,2625.0,438.75
2021-09-02 14:55:00,-2175.0,2632.5,457.5
2021-09-02 14:56:00,-2175.0,2632.5,457.5
2021-09-02 14:57:00,-2163.75,2632.5,468.75
2021-09-02 14:58:00,-2156.25,2640.0,483.75
2021-09-02 14:59:00,-2160.0,2640.0,480.0
2021-09-02 15:00:00,-2160.0,2640.0,480.0
2021-09-02 15:01:00,-2160.0,2655.0,495.0
2021-09-02 15:02:00,-2152.5,2662.5,510.0
2021-09-02 15:03:00,-2152.5,2670.0,517.5
2021-09-02 15:04:00,-2145.0,2670.0,525.0
2021-09-02 15:05:00,-2141.25,2677.5,536.25
2021-09-02 15:06:00,-2141.25,2685.0,543.75
2021-09-02 15:07:00,-2133.75,2692.5,558.75
2021-09-02 15:08:00,-2130.0,2685.0,555.0
2021-09-02 15:09:00,-2130.0,2692.5,562.5
2021-09-02 15:10:00,-2130.0,2685.0,555.0
2021-09-02 15:11:00,-2130.0,2692.5,562.5
2021-09-02 15:12:00,-2126.25,2692.5,566.25
2021-09-02 15:13:00,-2126.25,2692.5,566.25
2021-09-02 15:14:00,-2126.25,2700.0,573.75
2021-09-02 15:15:00,-2130.0,2700.0,570.0
2021-09-02 15:16:00,-2126.25,2700.0,573.75
2021-09-02 15:17:00,-2126.25,2707.5,581.25
2021-09-02 15:18:00,-2126.25,2707.5,581.25
2021-09-02 15:19:00,-2126.25,2707.5,581.25
2021-09-02 15:20:00,-2122.5,2700.0,577.5
2021-09-02 15:21:00,-2122.5,2700.0,577.5
2021-09-02 15:22:00,-2122.5,2700.0,577.5
2021-09-02 15:23:00,-2122.5,2700.0,577.5
2021-09-02 15:24:00,-2122.5,2700.0,577.5
2021-09-02 15:25:00,-2122.5,2700.0,577.5
2021-09-02 15:26:00,-2122.5,2700.0,577.5
2021-09-02 15:27:00,-2122.5,2700.0,577.5
2021-09-02 15:28:00,-2122.5,2700.0,577.5
2021-09-02 15:29:00,-2122.5,2700.0,577.5
2021-09-02 15:30:00,-2122.5,2700.0,577.5
2021-09-09 10:15:00,0.0,0.0,0.0
2021-09-09 10:16:00,-3.75,15.0,11.25
2021-09-09 10:17:00,-15.0,45.0,30.0
2021-09-09 10:18:00,-7.5,22.5,15.0
2021-09-09 10:19:00,-142.5,213.75,71.25
2021-09-09 10:20:00,-180.0,202.5,22.5
2021-09-09 10:21:00,-135.0,157.5,22.5
2021-09-09 10:22:00,-187.5,191.25,3.75
2021-09-09 10:23:00,-330.0,303.75,-26.25
2021-09-09 10:24:00,-510.0,423.75,-86.25
2021-09-09 10:25:00,-465.0,382.5,-82.5
2021-09-09 10:26:00,-378.75,341.25,-37.5
2021-09-09 10:27:00,-390.0,292.5,-97.5
2021-09-09 10:28:00,-341.25,258.75,-82.5
2021-09-09 10:29:00,-341.25,292.5,-48.75
2021-09-09 10:30:00,-386.25,337.5,-48.75
2021-09-09 10:31:00,-431.25,412.5,-18.75
2021-09-09 10:32:00,-495.0,420.0,-75.0
2021-09-09 10:33:00,-543.75,461.25,-82.5
2021-09-09 10:34:00,-697.5,540.0,-157.5
2021-09-09 10:35:00,-825.0,663.75,-161.25
2021-09-09 10:36:00,-1166.25,986.25,-180.0
2021-09-09 10:37:00,-926.25,888.75,-37.5
2021-09-09 10:38:00,-1083.75,963.75,-120.0
2021-09-09 10:39:00,-1091.25,978.75,-112.5
2021-09-09 10:40:00,-1023.75,941.25,-82.5
2021-09-09 10:41:00,-851.25,783.75,-67.5
2021-09-09 10:42:00,-1035.0,828.75,-206.25
2021-09-09 10:43:00,-1188.75,956.25,-232.5
2021-09-09 10:44:00,-1533.75,1083.75,-450.0
2021-09-09 10:45:00,-1500.0,1151.25,-348.75
2021-09-09 10:46:00,-1166.25,978.75,-187.5
2021-09-09 10:47:00,-1136.25,971.25,-165.0
2021-09-09 10:48:00,-1035.0,926.25,-108.75
2021-09-09 10:49:00,-1106.25,1008.75,-97.5
2021-09-09 10:50:00,-1147.5,1061.25,-86.25
2021-09-09 10:51:00,-1331.25,1203.75,-127.5
2021-09-09 10:52:00,-1177.5,1098.75,-78.75
2021-09-09 10:53:00,-1091.25,1068.75,-22.5
2021-09-09 10:54:00,-1278.75,1188.75,-90.0
2021-09-09 10:55:00,-1076.25,1023.75,-52.5
2021-09-09 10:56:00,-1185.0,1106.25,-78.75
2021-09-09 10:57:00,-1365.0,1203.75,-161.25
2021-09-09 10:58:00,-1320.0,1143.75,-176.25
2021-09-09 10:59:00,-1410.0,1218.75,-191.25
2021-09-09 11:00:00,-1361.25,1166.25,-195.0
2021-09-09 11:01:00,-1391.25,1188.75,-202.5
2021-09-09 11:02:00,-1376.25,1218.75,-157.5
2021-09-09 11:03:00,-1312.5,1143.75,-168.75
2021-09-09 11:04:00,-1113.75,1061.25,-52.5
2021-09-09 11:05:00,-866.25,896.25,30.0
2021-09-09 11:06:00,-581.25,731.25,150.0
2021-09-09 11:07:00,-686.25,851.25,165.0
2021-09-09 11:08:00,-817.5,978.75,161.25
2021-09-09 11:09:00,-1046.25,1173.75,127.5
2021-09-09 11:10:00,-990.0,1136.25,146.25
2021-09-09 11:11:00,-1016.25,1158.75,142.5
2021-09-09 11:12:00,-1012.5,1136.25,123.75
2021-09-09 11:13:00,-888.75,1046.25,157.5
2021-09-09 11:14:00,-843.75,1008.75,165.0
2021-09-09 11:15:00,-742.5,993.75,251.25
2021-09-09 11:16:00,-791.25,971.25,180.0
2021-09-09 11:17:00,-926.25,1136.25,210.0
2021-09-09 11:18:00,-963.75,1181.25,217.5
2021-09-09 11:19:00,-982.5,1181.25,198.75
2021-09-09 11:20:00,-1001.25,1151.25,150.0
2021-09-09 11:21:00,-821.25,1061.25,240.0
2021-09-09 11:22:00,-791.25,1008.75,217.5
2021-09-09 11:23:00,-881.25,1121.25,240.0
2021-09-09 11:24:00,-900.0,1136.25,236.25
2021-09-09 11:25:00,-903.75,1083.75,180.0
2021-09-09 11:26:00,-750.0,1001.25,251.25
2021-09-09 11:27:00,-738.75,1016.25,277.5
2021-09-09 11:28:00,-637.5,933.75,296.25
2021-09-09 11:29:00,-453.75,828.75,375.0
2021-09-09 11:30:00,-450.0,828.75,378.75
2021-09-09 11:31:00,-588.75,933.75,345.0
2021-09-09 11:32:00,-491.25,888.75,397.5
2021-09-09 11:33:00,-386.25,776.25,390.0
2021-09-09 11:34:00,-405.0,806.25,401.25
2021-09-09 11:35:00,-435.0,873.75,438.75
2021-09-09 11:36:00,-566.25,1016.25,450.0
2021-09-09 11:37:00,-663.75,1106.25,442.5
2021-09-09 11:38:00,-405.0,896.25,491.25
2021-09-09 11:39:00,-405.0,948.75,543.75
2021-09-09 11:40:00,-416.25,911.25,495.0
2021-09-09 11:41:00,-502.5,1046.25,543.75
2021-09-09 11:42:00,-547.5,1068.75,521.25
2021-09-09 11:43:00,-566.25,1106.25,540.0
2021-09-09 11:44:00,-495.0,1053.75,558.75
2021-09-09 11:45:00,-585.0,1143.75,558.75
2021-09-09 11:46:00,-517.5,1076.25,558.75
2021-09-09 11:47:00,-570.0,1098.75,528.75
2021-09-09 11:48:00,-551.25,1098.75,547.5
2021-09-09 11:49:00,-626.25,1181.25,555.0
2021-09-09 11:50:00,-607.5,1203.75,596.25
2021-09-09 11:51:00,-611.25,1278.75,667.5
2021-09-09 11:52:00,-461.25,1128.75,667.5
2021-09-09 11:53:00,-453.75,1106.25,652.5
2021-09-09 11:54:00,-603.75,1278.75,675.0
2021-09-09 11:55:00,-603.75,1271.25,667.5
2021-09-09 11:56:00,-585.0,1241.25,656.25
2021-09-09 11:57:00,-498.75,1181.25,682.5
2021-09-09 11:58:00,-855.0,1683.75,828.75
2021-09-09 11:59:00,-765.0,1668.75,903.75
2021-09-09 12:00:00,-765.0,1653.75,888.75
2021-09-09 12:01:00,-671.25,1586.25,915.0
2021-09-09 12:02:00,-637.5,1541.25,903.75
2021-09-09 12:03:00,-641.25,1518.75,877.5
2021-09-09 12:04:00,-506.25,1458.75,952.5
2021-09-09 12:05:00,-476.25,1398.75,922.5
2021-09-09 12:06:00,-378.75,1301.25,922.5
2021-09-09 12:07:00,-483.75,1353.75,870.0
2021-09-09 12:08:00,-517.5,1451.25,933.75
2021-09-09 12:09:00,-588.75,1466.25,877.5
2021-09-09 12:10:00,-528.75,1413.75,885.0
2021-09-09 12:11:00,-468.75,1346.25,877.5
2021-09-09 12:12:00,-495.0,1383.75,888.75
2021-09-09 12:13:00,-427.5,1353.75,926.25
2021-09-09 12:14:00,-326.25,1196.25,870.0
2021-09-09 12:15:00,-401.25,1323.75,922.5
2021-09-09 12:16:00,-341.25,1218.75,877.5
2021-09-09 12:17:00,-427.5,1376.25,948.75
2021-09-09 12:18:00,-363.75,1308.75,945.0
2021-09-09 12:19:00,-333.75,1241.25,907.5
2021-09-09 12:20:00,-157.5,1136.25,978.75
2021-09-09 12:21:00,11.25,1136.25,1147.5
2021-09-09 12:22:00,-142.5,1203.75,1061.25
2021-09-09 12:23:00,-198.75,1233.75,1035.0
2021-09-09 12:24:00,-138.75,1211.25,1072.5
2021-09-09 12:25:00,-120.0,1143.75,1023.75
2021-09-09 12:26:00,-101.25,1158.75,1057.5
2021-09-09 12:27:00,15.0,1053.75,1068.75
2021-09-09 12:28:00,101.25,986.25,1087.5
2021-09-09 12:29:00,161.25,948.75,1110.0
2021-09-09 12:30:00,363.75,648.75,1012.5
2021-09-09 12:31:00,352.5,731.25,1083.75
2021-09-09 12:32:00,457.5,513.75,971.25
2021-09-09 12:33:00,555.0,251.25,806.25
2021-09-09 12:34:00,423.75,498.75,922.5
2021-09-09 12:35:00,408.75,536.25,945.0
2021-09-09 12:36:00,498.75,378.75,877.5
2021-09-09 12:37:00,390.0,536.25,926.25
2021-09-09 12:38:00,468.75,251.25,720.0
2021-09-09 12:39:00,435.0,401.25,836.25
2021-09-09 12:40:00,510.0,-198.75,311.25
2021-09-09 12:41:00,611.25,-251.25,360.0
2021-09-09 12:42:00,611.25,-378.75,232.5
2021-09-09 12:43:00,641.25,-378.75,262.5
2021-09-09 12:44:00,588.75,-236.25,352.5
2021-09-09 12:45:00,618.75,-356.25,262.5
2021-09-09 12:46:00,596.25,-281.25,315.0
2021-09-09 12:47:00,521.25,243.75,765.0
2021-09-09 12:48:00,495.0,228.75,723.75
2021-09-09 12:49:00,532.5,191.25,723.75
2021-09-09 12:50:00,483.75,363.75,847.5
2021-09-09 12:51:00,435.0,686.25,1121.25
2021-09-09 12:52:00,446.25,618.75,1065.0
2021-09-09 12:53:00,438.75,708.75,1147.5
2021-09-09 12:54:00,450.0,663.75,1113.75
2021-09-09 12:55:00,438.75,836.25,1275.0
2021-09-09 12:56:00,431.25,986.25,1417.5
2021-09-09 12:57:00,371.25,1083.75,1455.0
2021-09-09 12:58:00,345.0,1136.25,1481.25
2021-09-09 12:59:00,435.0,1076.25,1511.25
2021-09-09 13:00:00,517.5,971.25,1488.75
2021-09-09 13:01:00,536.25,918.75,1455.0
2021-09-09 13:02:00,480.0,993.75,1473.75
2021-09-09 13:03:00,457.5,1046.25,1503.75
2021-09-09 13:04:00,480.0,1053.75,1533.75
2021-09-09 13:05:00,536.25,1008.75,1545.0
2021-09-09 13:06:00,757.5,656.25,1413.75
2021-09-09 13:07:00,746.25,648.75,1395.0
2021-09-09 13:08:00,783.75,588.75,1372.5
2021-09-09 13:09:00,937.5,116.25,1053.75
2021-09-09 13:10:00,885.0,146.25,1031.25
2021-09-09 13:11:00,843.75,198.75,1042.5
2021-09-09 13:12:00,851.25,93.75,945.0
2021-09-09 13:13:00,892.5,-116.25,776.25
2021-09-09 13:14:00,843.75,228.75,1072.5
2021-09-09 13:15:00,795.0,558.75,1353.75
2021-09-09 13:16:00,746.25,746.25,1492.5
2021-09-09 13:17:00,776.25,686.25,1462.5
2021-09-09 13:18:00,761.25,738.75,1500.0
2021-09-09 13:19:00,791.25,618.75,1410.0
2021-09-09 13:20:00,780.0,536.25,1316.25
2021-09-09 13:21:00,701.25,1001.25,1702.5
2021-09-09 13:22:00,566.25,1278.75,1845.0
2021-09-09 13:23:00,596.25,1218.75,1815.0
2021-09-09 13:24:00,656.25,1143.75,1800.0
2021-09-09 13:25:00,600.0,1248.75,1848.75
2021-09-09 13:26:00,397.5,1796.25,2193.75
2021-09-09 13:27:00,483.75,1653.75,2137.5
2021-09-09 13:28:00,435.0,1728.75,2163.75
2021-09-09 13:29:00,442.5,1796.25,2238.75
2021-09-09 13:30:00,465.0,1758.75,2223.75
2021-09-09 13:31:00,390.0,1848.75,2238.75
2021-09-09 13:32:00,390.0,1931.25,2321.25
2021-09-09 13:33:00,382.5,1923.75,2306.25
2021-09-09 13:34:00,465.0,1811.25,2276.25
2021-09-09 13:35:00,577.5,1736.25,2313.75
2021-09-09 13:36:00,517.5,1781.25,2298.75
2021-09-09 13:37:00,386.25,1908.75,2295.0
2021-09-09 13:38:00,221.25,2208.75,2430.0
2021-09-09 13:39:00,206.25,2133.75,2340.0
2021-09-09 13:40:00,348.75,1983.75,2332.5
2021-09-09 13:41:00,165.0,2073.75,2238.75
2021-09-09 13:42:00,221.25,2021.25,2242.5
2021-09-09 13:43:00,191.25,2021.25,2212.5
2021-09-09 13:44:00,22.5,2253.75,2276.25
2021-09-09 13:45:00,127.5,2171.25,2298.75
2021-09-09 13:46:00,153.75,2126.25,2280.0
2021-09-09 13:47:00,393.75,1976.25,2370.0
2021-09-09 13:48:00,288.75,2021.25,2310.0
2021-09-09 13:49:00,-3.75,2306.25,2302.5
2021-09-09 13:50:00,60.0,2261.25,2321.25
2021-09-09 13:51:00,-7.5,2306.25,2298.75
2021-09-09 13:52:00,120.0,2291.25,2411.25
2021-09-09 13:53:00,172.5,2201.25,2373.75
2021-09-09 13:54:00,285.0,2088.75,2373.75
2021-09-09 13:55:00,247.5,2141.25,2388.75
2021-09-09 13:56:00,135.0,2178.75,2313.75
2021-09-09 13:57:00,157.5,2193.75,2351.25
2021-09-09 13:58:00,326.25,2118.75,2445.0
2021-09-09 13:59:00,221.25,2178.75,2400.0
2021-09-09 14:00:00,510.0,2006.25,2516.25
2021-09-09 14:01:00,528.75,2006.25,2535.0
2021-09-09 14:02:00,573.75,1983.75,2557.5
2021-09-09 14:03:00,615.0,1916.25,2531.25
2021-09-09 14:04:00,386.25,2186.25,2572.5
2021-09-09 14:05:00,543.75,2066.25,2610.0
2021-09-09 14:06:00,577.5,2013.75,2591.25
2021-09-09 14:07:00,476.25,2141.25,2617.5
2021-09-09 14:08:00,390.0,2313.75,2703.75
2021-09-09 14:09:00,300.0,2336.25,2636.25
2021-09-09 14:10:00,431.25,2276.25,2707.5
2021-09-09 14:11:00,446.25,2276.25,2722.5
2021-09-09 14:12:00,450.0,2291.25,2741.25
2021-09-09 14:13:00,521.25,2231.25,2752.5
2021-09-09 14:14:00,521.25,2216.25,2737.5
2021-09-09 14:15:00,465.0,2291.25,2756.25
2021-09-09 14:16:00,446.25,2336.25,2782.5
2021-09-09 14:17:00,607.5,2253.75,2861.25
2021-09-09 14:18:00,600.0,2328.75,2928.75
2021-09-09 14:19:00,592.5,2313.75,2906.25
2021-09-09 14:20:00,911.25,2066.25,2977.5
2021-09-09 14:21:00,885.0,2208.75,3093.75
2021-09-09 14:22:00,802.5,2291.25,3093.75
2021-09-09 14:23:00,840.0,2336.25,3176.25
2021-09-09 14:24:00,862.5,2313.75,3176.25
2021-09-09 14:25:00,798.75,2471.25,3270.0
2021-09-09 14:26:00,697.5,2546.25,3243.75
2021-09-09 14:27:00,768.75,2508.75,3277.5
2021-09-09 14:28:00,761.25,2606.25,3367.5
2021-09-09 14:29:00,832.5,2598.75,3431.25
2021-09-09 14:30:00,825.0,2628.75,3453.75
2021-09-09 14:31:00,870.0,2598.75,3468.75
2021-09-09 14:32:00,971.25,2546.25,3517.5
2021-09-09 14:33:00,1095.0,2441.25,3536.25
2021-09-09 14:34:00,1035.0,2553.75,3588.75
2021-09-09 14:35:00,1023.75,2651.25,3675.0
2021-09-09 14:36:00,1038.75,2651.25,3690.0
2021-09-09 14:37:00,1181.25,2516.25,3697.5
2021-09-09 14:38:00,1226.25,2546.25,3772.5
2021-09-09 14:39:00,1275.0,2561.25,3836.25
2021-09-09 14:40:00,1267.5,2546.25,3813.75
2021-09-09 14:41:00,1241.25,2568.75,3810.0
2021-09-09 14:42:00,1267.5,2583.75,3851.25
2021-09-09 14:43:00,1297.5,2426.25,3723.75
2021-09-09 14:44:00,1331.25,2328.75,3660.0
2021-09-09 14:45:00,1286.25,2546.25,3832.5
2021-09-09 14:46:00,1211.25,2861.25,4072.5
2021-09-09 14:47:00,1226.25,2936.25,4162.5
2021-09-09 14:48:00,1038.75,2943.75,3982.5
2021-09-09 14:49:00,945.0,3033.75,3978.75
2021-09-09 14:50:00,986.25,2996.25,3982.5
2021-09-09 14:51:00,783.75,3033.75,3817.5
2021-09-09 14:52:00,858.75,3056.25,3915.0
2021-09-09 14:53:00,993.75,3011.25,4005.0
2021-09-09 14:54:00,926.25,3041.25,3967.5
2021-09-09 14:55:00,952.5,3018.75,3971.25
2021-09-09 14:56:00,926.25,3033.75,3960.0
2021-09-09 14:57:00,1218.75,3041.25,4260.0
2021-09-09 14:58:00,1027.5,3093.75,4121.25
2021-09-09 14:59:00,1181.25,3093.75,4275.0
2021-09-09 15:00:00,1196.25,3101.25,4297.5
2021-09-09 15:01:00,513.75,3123.75,3637.5
2021-09-09 15:02:00,360.0,3138.75,3498.75
2021-09-09 15:03:00,251.25,3138.75,3390.0
2021-09-09 15:04:00,300.0,3138.75,3438.75
2021-09-09 15:05:00,228.75,3146.25,3375.0
2021-09-09 15:06:00,285.0,3146.25,3431.25
2021-09-09 15:07:00,221.25,3146.25,3367.5
2021-09-09 15:08:00,-93.75,3153.75,3060.0
2021-09-09 15:09:00,-37.5,3153.75,3116.25
2021-09-09 15:10:00,127.5,3153.75,3281.25
2021-09-09 15:11:00,11.25,3153.75,3165.0
2021-09-09 15:12:00,142.5,3168.75,3311.25
2021-09-09 15:13:00,112.5,3168.75,3281.25
2021-09-09 15:14:00,168.75,3168.75,3337.5
2021-09-09 15:15:00,330.0,3176.25,3506.25
2021-09-09 15:16:00,330.0,3168.75,3498.75
2021-09-09 15:17:00,161.25,3176.25,3337.5
2021-09-09 15:18:00,33.75,3176.25,3210.0
2021-09-09 15:19:00,101.25,3183.75,3285.0
2021-09-09 15:20:00,33.75,3176.25,3210.0
2021-09-09 15:21:00,33.75,3176.25,3210.0
2021-09-09 15:22:00,33.75,3176.25,3210.0
2021-09-09 15:23:00,33.75,3176.25,3210.0
2021-09-09 15:24:00,33.75,3176.25,3210.0
2021-09-09 15:25:00,33.75,3176.25,3210.0
2021-09-09 15:26:00,33.75,3176.25,3210.0
2021-09-09 15:27:00,33.75,3176.25,3210.0
2021-09-09 15:28:00,33.75,3176.25,3210.0
2021-09-09 15:29:00,33.75,3176.25,3210.0
2021-09-09 15:30:00,33.75,3176.25,3210.0
2021-09-16 10:15:00,0.0,0.0,0.0
2021-09-16 10:16:00,-11.25,-11.25,-22.5
2021-09-16 10:17:00,-22.5,3.75,-18.75
2021-09-16 10:18:00,112.5,-63.75,48.75
2021-09-16 10:19:00,22.5,-67.5,-45.0
2021-09-16 10:20:00,18.75,-63.75,-45.0
2021-09-16 10:21:00,56.25,-116.25,-60.0
2021-09-16 10:22:00,75.0,-127.5,-52.5
2021-09-16 10:23:00,18.75,-41.25,-22.5
2021-09-16 10:24:00,18.75,-86.25,-67.5
2021-09-16 10:25:00,7.5,-33.75,-26.25
2021-09-16 10:26:00,11.25,-78.75,-67.5
2021-09-16 10:27:00,18.75,-90.0,-71.25
2021-09-16 10:28:00,18.75,-67.5,-48.75
2021-09-16 10:29:00,11.25,-67.5,-56.25
2021-09-16 10:30:00,33.75,-63.75,-30.0
2021-09-16 10:31:00,37.5,-41.25,-3.75
2021-09-16 10:32:00,52.5,-45.0,7.5
2021-09-16 10:33:00,78.75,-86.25,-7.5
2021-09-16 10:34:00,120.0,-131.25,-11.25
2021-09-16 10:35:00,183.75,-150.0,33.75
2021-09-16 10:36:00,221.25,-240.0,-18.75
2021-09-16 10:37:00,202.5,-228.75,-26.25
2021-09-16 10:38:00,135.0,-120.0,15.0
2021-09-16 10:39:00,90.0,-67.5,22.5
2021-09-16 10:40:00,150.0,-153.75,-3.75
2021-09-16 10:41:00,153.75,-165.0,-11.25
2021-09-16 10:42:00,116.25,-123.75,-7.5
2021-09-16 10:43:00,157.5,-153.75,3.75
2021-09-16 10:44:00,202.5,-183.75,18.75
2021-09-16 10:45:00,191.25,-142.5,48.75
2021-09-16 10:46:00,198.75,-142.5,56.25
2021-09-16 10:47:00,213.75,-221.25,-7.5
2021-09-16 10:48:00,198.75,-191.25,7.5
2021-09-16 10:49:00,213.75,-210.0,3.75
2021-09-16 10:50:00,228.75,-221.25,7.5
2021-09-16 10:51:00,288.75,-311.25,-22.5
2021-09-16 10:52:00,266.25,-221.25,45.0
2021-09-16 10:53:00,225.0,-157.5,67.5
2021-09-16 10:54:00,217.5,-187.5,30.0
2021-09-16 10:55:00,161.25,-56.25,105.0
2021-09-16 10:56:00,165.0,-56.25,108.75
2021-09-16 10:57:00,176.25,-71.25,105.0
2021-09-16 10:58:00,180.0,-90.0,90.0
2021-09-16 10:59:00,195.0,-123.75,71.25
2021-09-16 11:00:00,172.5,-93.75,78.75
2021-09-16 11:01:00,172.5,-41.25,131.25
2021-09-16 11:02:00,123.75,-22.5,101.25
2021-09-16 11:03:00,228.75,-127.5,101.25
2021-09-16 11:04:00,243.75,-198.75,45.0
2021-09-16 11:05:00,243.75,-221.25,22.5
2021-09-16 11:06:00,255.0,-326.25,-71.25
2021-09-16 11:07:00,270.0,-442.5,-172.5
2021-09-16 11:08:00,273.75,-393.75,-120.0
2021-09-16 11:09:00,225.0,-236.25,-11.25
2021-09-16 11:10:00,258.75,-375.0,-116.25
2021-09-16 11:11:00,240.0,-330.0,-90.0
2021-09-16 11:12:00,247.5,-270.0,-22.5
2021-09-16 11:13:00,243.75,-318.75,-75.0
2021-09-16 11:14:00,251.25,-333.75,-82.5
2021-09-16 11:15:00,262.5,-371.25,-108.75
2021-09-16 11:16:00,240.0,-266.25,-26.25
2021-09-16 11:17:00,240.0,-292.5,-52.5
2021-09-16 11:18:00,228.75,-240.0,-11.25
2021-09-16 11:19:00,236.25,-270.0,-33.75
2021-09-16 11:20:00,251.25,-326.25,-75.0
2021-09-16 11:21:00,281.25,-405.0,-123.75
2021-09-16 11:22:00,288.75,-412.5,-123.75
2021-09-16 11:23:00,300.0,-420.0,-120.0
2021-09-16 11:24:00,281.25,-292.5,-11.25
2021-09-16 11:25:00,270.0,-330.0,-60.0
2021-09-16 11:26:00,270.0,-333.75,-63.75
2021-09-16 11:27:00,221.25,-123.75,97.5
2021-09-16 11:28:00,213.75,-146.25,67.5
2021-09-16 11:29:00,213.75,-161.25,52.5
2021-09-16 11:30:00,228.75,-176.25,52.5
2021-09-16 11:31:00,255.0,-232.5,22.5
2021-09-16 11:32:00,240.0,-221.25,18.75
2021-09-16 11:33:00,217.5,-150.0,67.5
2021-09-16 11:34:00,195.0,-112.5,82.5
2021-09-16 11:35:00,210.0,-120.0,90.0
2021-09-16 11:36:00,221.25,-142.5,78.75
2021-09-16 11:37:00,251.25,-168.75,82.5
2021-09-16 11:38:00,210.0,-60.0,150.0
2021-09-16 11:39:00,217.5,-63.75,153.75
2021-09-16 11:40:00,217.5,-116.25,101.25
2021-09-16 11:41:00,247.5,-157.5,90.0
2021-09-16 11:42:00,228.75,-112.5,116.25
2021-09-16 11:43:00,243.75,-127.5,116.25
2021-09-16 11:44:00,247.5,-172.5,75.0
2021-09-16 11:45:00,247.5,-221.25,26.25
2021-09-16 11:46:00,240.0,-183.75,56.25
2021-09-16 11:47:00,292.5,-285.0,7.5
2021-09-16 11:48:00,311.25,-303.75,7.5
2021-09-16 11:49:00,285.0,-206.25,78.75
2021-09-16 11:50:00,247.5,-82.5,165.0
2021-09-16 11:51:00,228.75,-63.75,165.0
2021-09-16 11:52:00,195.0,11.25,206.25
2021-09-16 11:53:00,138.75,131.25,270.0
2021-09-16 11:54:00,153.75,120.0,273.75
2021-09-16 11:55:00,153.75,123.75,277.5
2021-09-16 11:56:00,142.5,131.25,273.75
2021-09-16 11:57:00,116.25,161.25,277.5
2021-09-16 11:58:00,63.75,157.5,221.25
2021-09-16 11:59:00,37.5,176.25,213.75
2021-09-16 12:00:00,52.5,165.0,217.5
2021-09-16 12:01:00,105.0,138.75,243.75
2021-09-16 12:02:00,135.0,116.25,251.25
2021-09-16 12:03:00,161.25,108.75,270.0
2021-09-16 12:04:00,180.0,101.25,281.25
2021-09-16 12:05:00,120.0,157.5,277.5
2021-09-16 12:06:00,52.5,198.75,251.25
2021-09-16 12:07:00,48.75,217.5,266.25
2021-09-16 12:08:00,45.0,243.75,288.75
2021-09-16 12:09:00,-135.0,315.0,180.0
2021-09-16 12:10:00,-127.5,337.5,210.0
2021-09-16 12:11:00,-146.25,307.5,161.25
2021-09-16 12:12:00,-150.0,300.0,150.0
2021-09-16 12:13:00,-210.0,311.25,101.25
2021-09-16 12:14:00,-195.0,288.75,93.75
2021-09-16 12:15:00,-243.75,296.25,52.5
2021-09-16 12:16:00,-573.75,303.75,-270.0
2021-09-16 12:17:00,-547.5,307.5,-240.0
2021-09-16 12:18:00,-498.75,300.0,-198.75
2021-09-16 12:19:00,-480.0,330.0,-150.0
2021-09-16 12:20:00,-487.5,315.0,-172.5
2021-09-16 12:21:00,-393.75,303.75,-90.0
2021-09-16 12:22:00,-438.75,315.0,-123.75
2021-09-16 12:23:00,-401.25,318.75,-82.5
2021-09-16 12:24:00,-483.75,326.25,-157.5
2021-09-16 12:25:00,-450.0,348.75,-101.25
2021-09-16 12:26:00,-202.5,360.0,157.5
2021-09-16 12:27:00,-86.25,330.0,243.75
2021-09-16 12:28:00,-75.0,337.5,262.5
2021-09-16 12:29:00,-120.0,367.5,247.5
2021-09-16 12:30:00,-142.5,371.25,228.75
2021-09-16 12:31:00,-120.0,378.75,258.75
2021-09-16 12:32:00,-187.5,405.0,217.5
2021-09-16 12:33:00,-161.25,412.5,251.25
2021-09-16 12:34:00,-228.75,405.0,176.25
2021-09-16 12:35:00,-213.75,412.5,198.75
2021-09-16 12:36:00,-161.25,390.0,228.75
2021-09-16 12:37:00,-258.75,420.0,161.25
2021-09-16 12:38:00,-225.0,446.25,221.25
2021-09-16 12:39:00,-213.75,420.0,206.25
2021-09-16 12:40:00,-225.0,427.5,202.5
2021-09-16 12:41:00,-318.75,480.0,161.25
2021-09-16 12:42:00,-382.5,510.0,127.5
2021-09-16 12:43:00,-423.75,513.75,90.0
2021-09-16 12:44:00,-401.25,502.5,101.25
2021-09-16 12:45:00,-438.75,502.5,63.75
2021-09-16 12:46:00,-345.0,510.0,165.0
2021-09-16 12:47:00,-296.25,480.0,183.75
2021-09-16 12:48:00,-131.25,457.5,326.25
2021-09-16 12:49:00,-168.75,461.25,292.5
2021-09-16 12:50:00,-228.75,491.25,262.5
2021-09-16 12:51:00,-225.0,491.25,266.25
2021-09-16 12:52:00,-206.25,480.0,273.75
2021-09-16 12:53:00,-217.5,483.75,266.25
2021-09-16 12:54:00,-168.75,480.0,311.25
2021-09-16 12:55:00,-202.5,498.75,296.25
2021-09-16 12:56:00,-135.0,487.5,352.5
2021-09-16 12:57:00,-90.0,472.5,382.5
2021-09-16 12:58:00,18.75,468.75,487.5
2021-09-16 12:59:00,-22.5,457.5,435.0
2021-09-16 13:00:00,30.0,450.0,480.0
2021-09-16 13:01:00,-63.75,502.5,438.75
2021-09-16 13:02:00,-56.25,476.25,420.0
2021-09-16 13:03:00,-63.75,476.25,412.5
2021-09-16 13:04:00,-33.75,495.0,461.25
2021-09-16 13:05:00,67.5,446.25,513.75
2021-09-16 13:06:00,-11.25,476.25,465.0
2021-09-16 13:07:00,3.75,468.75,472.5
2021-09-16 13:08:00,56.25,457.5,513.75
2021-09-16 13:09:00,26.25,461.25,487.5
2021-09-16 13:10:00,37.5,465.0,502.5
2021-09-16 13:11:00,15.0,480.0,495.0
2021-09-16 13:12:00,-11.25,483.75,472.5
2021-09-16 13:13:00,-26.25,491.25,465.0
2021-09-16 13:14:00,11.25,491.25,502.5
2021-09-16 13:15:00,-11.25,525.0,513.75
2021-09-16 13:16:00,67.5,498.75,566.25
2021-09-16 13:17:00,26.25,487.5,513.75
2021-09-16 13:18:00,45.0,476.25,521.25
2021-09-16 13:19:00,67.5,480.0,547.5
2021-09-16 13:20:00,146.25,472.5,618.75
2021-09-16 13:21:00,90.0,487.5,577.5
2021-09-16 13:22:00,108.75,487.5,596.25
2021-09-16 13:23:00,116.25,480.0,596.25
2021-09-16 13:24:00,93.75,495.0,588.75
2021-09-16 13:25:00,93.75,491.25,585.0
2021-09-16 13:26:00,108.75,491.25,600.0
2021-09-16 13:27:00,15.0,528.75,543.75
2021-09-16 13:28:00,30.0,517.5,547.5
2021-09-16 13:29:00,-52.5,547.5,495.0
2021-09-16 13:30:00,-82.5,547.5,465.0
2021-09-16 13:31:00,-56.25,558.75,502.5
2021-09-16 13:32:00,-52.5,540.0,487.5
2021-09-16 13:33:00,-60.0,551.25,491.25
2021-09-16 13:34:00,-93.75,570.0,476.25
2021-09-16 13:35:00,60.0,562.5,622.5
2021-09-16 13:36:00,52.5,547.5,600.0
2021-09-16 13:37:00,-82.5,551.25,468.75
2021-09-16 13:38:00,-97.5,562.5,465.0
2021-09-16 13:39:00,-45.0,573.75,528.75
2021-09-16 13:40:00,-63.75,566.25,502.5
2021-09-16 13:41:00,-127.5,573.75,446.25
2021-09-16 13:42:00,-187.5,592.5,405.0
2021-09-16 13:43:00,-251.25,600.0,348.75
2021-09-16 13:44:00,-127.5,592.5,465.0
2021-09-16 13:45:00,-195.0,603.75,408.75
2021-09-16 13:46:00,-157.5,600.0,442.5
2021-09-16 13:47:00,-195.0,600.0,405.0
2021-09-16 13:48:00,-311.25,603.75,292.5
2021-09-16 13:49:00,-258.75,607.5,348.75
2021-09-16 13:50:00,-210.0,607.5,397.5
2021-09-16 13:51:00,-210.0,603.75,393.75
2021-09-16 13:52:00,-187.5,603.75,416.25
2021-09-16 13:53:00,-135.0,603.75,468.75
2021-09-16 13:54:00,-183.75,603.75,420.0
2021-09-16 13:55:00,-292.5,611.25,318.75
2021-09-16 13:56:00,-300.0,585.0,285.0
2021-09-16 13:57:00,-236.25,585.0,348.75
2021-09-16 13:58:00,-150.0,585.0,435.0
2021-09-16 13:59:00,-198.75,585.0,386.25
2021-09-16 14:00:00,-322.5,603.75,281.25
2021-09-16 14:01:00,-258.75,603.75,345.0
2021-09-16 14:02:00,-326.25,603.75,277.5
2021-09-16 14:03:00,-348.75,607.5,258.75
2021-09-16 14:04:00,-345.0,611.25,266.25
2021-09-16 14:05:00,-360.0,611.25,251.25
2021-09-16 14:06:00,-386.25,757.5,371.25
2021-09-16 14:07:00,-228.75,622.5,393.75
2021-09-16 14:08:00,-311.25,690.0,378.75
2021-09-16 14:09:00,-307.5,656.25,348.75
2021-09-16 14:10:00,-281.25,588.75,307.5
2021-09-16 14:11:00,-315.0,701.25,386.25
2021-09-16 14:12:00,-416.25,915.0,498.75
2021-09-16 14:13:00,-446.25,937.5,491.25
2021-09-16 14:14:00,-412.5,900.0,487.5
2021-09-16 14:15:00,-461.25,888.75,427.5
2021-09-16 14:16:00,-802.5,993.75,191.25
2021-09-16 14:17:00,-1020.0,1147.5,127.5
2021-09-16 14:18:00,-1068.75,1230.0,161.25
2021-09-16 14:19:00,-1121.25,1331.25,210.0
2021-09-16 14:20:00,-922.5,1218.75,296.25
2021-09-16 14:21:00,-836.25,1098.75,262.5
2021-09-16 14:22:00,-543.75,986.25,442.5
2021-09-16 14:23:00,-581.25,1068.75,487.5
2021-09-16 14:24:00,-588.75,1083.75,495.0
2021-09-16 14:25:00,-547.5,1020.0,472.5
2021-09-16 14:26:00,-502.5,1016.25,513.75
2021-09-16 14:27:00,-581.25,1125.0,543.75
2021-09-16 14:28:00,-738.75,1241.25,502.5
2021-09-16 14:29:00,-716.25,1241.25,525.0
2021-09-16 14:30:00,-757.5,1282.5,525.0
2021-09-16 14:31:00,-990.0,1365.0,375.0
2021-09-16 14:32:00,-971.25,1436.25,465.0
2021-09-16 14:33:00,-1113.75,1530.0,416.25
2021-09-16 14:34:00,-1563.75,1616.25,52.5
2021-09-16 14:35:00,-1968.75,1623.75,-345.0
2021-09-16 14:36:00,-1811.25,1616.25,-195.0
2021-09-16 14:37:00,-1893.75,1597.5,-296.25
2021-09-16 14:38:00,-1905.0,1608.75,-296.25
2021-09-16 14:39:00,-1957.5,1635.0,-322.5
2021-09-16 14:40:00,-1938.75,1736.25,-202.5
2021-09-16 14:41:00,-1983.75,1728.75,-255.0
2021-09-16 14:42:00,-1938.75,1721.25,-217.5
2021-09-16 14:43:00,-1882.5,1672.5,-210.0
2021-09-16 14:44:00,-1923.75,1710.0,-213.75
2021-09-16 14:45:00,-1878.75,1695.0,-183.75
2021-09-16 14:46:00,-1905.0,1713.75,-191.25
2021-09-16 14:47:00,-1912.5,1698.75,-213.75
2021-09-16 14:48:00,-1912.5,1721.25,-191.25
2021-09-16 14:49:00,-1931.25,1781.25,-150.0
2021-09-16 14:50:00,-1923.75,1777.5,-146.25
2021-09-16 14:51:00,-1923.75,1800.0,-123.75
2021-09-16 14:52:00,-1882.5,1781.25,-101.25
2021-09-16 14:53:00,-1815.0,1743.75,-71.25
2021-09-16 14:54:00,-1860.0,1796.25,-63.75
2021-09-16 14:55:00,-1893.75,1818.75,-75.0
2021-09-16 14:56:00,-1815.0,1781.25,-33.75
2021-09-16 14:57:00,-1897.5,1826.25,-71.25
2021-09-16 14:58:00,-1863.75,1833.75,-30.0
2021-09-16 14:59:00,-1890.0,1852.5,-37.5
2021-09-16 15:00:00,-1890.0,1867.5,-22.5
2021-09-16 15:01:00,-1897.5,1878.75,-18.75
2021-09-16 15:02:00,-1777.5,1893.75,116.25
2021-09-16 15:03:00,-1680.0,1863.75,183.75
2021-09-16 15:04:00,-1650.0,1882.5,232.5
2021-09-16 15:05:00,-1661.25,1882.5,221.25
2021-09-16 15:06:00,-1657.5,1916.25,258.75
2021-09-16 15:07:00,-1665.0,1923.75,258.75
2021-09-16 15:08:00,-1653.75,1920.0,266.25
2021-09-16 15:09:00,-1616.25,1923.75,307.5
2021-09-16 15:10:00,-1616.25,1927.5,311.25
2021-09-16 15:11:00,-1620.0,1935.0,315.0
2021-09-16 15:12:00,-1612.5,1931.25,318.75
2021-09-16 15:13:00,-1597.5,1935.0,337.5
2021-09-16 15:14:00,-1590.0,1938.75,348.75
2021-09-16 15:15:00,-1590.0,1923.75,333.75
2021-09-16 15:16:00,-1590.0,1905.0,315.0
2021-09-16 15:17:00,-1590.0,1927.5,337.5
2021-09-16 15:18:00,-1590.0,1908.75,318.75
2021-09-16 15:19:00,-1582.5,1931.25,348.75
2021-09-16 15:20:00,-1586.25,1938.75,352.5
2021-09-16 15:21:00,-1586.25,1938.75,352.5
2021-09-16 15:22:00,-1586.25,1938.75,352.5
2021-09-16 15:23:00,-1586.25,1938.75,352.5
2021-09-16 15:24:00,-1586.25,1938.75,352.5
2021-09-16 15:25:00,-1586.25,1938.75,352.5
2021-09-16 15:26:00,-1586.25,1938.75,352.5
2021-09-16 15:27:00,-1586.25,1938.75,352.5
2021-09-16 15:28:00,-1586.25,1938.75,352.5
2021-09-16 15:29:00,-1586.25,1938.75,352.5
2021-09-16 15:30:00,-1586.25,1938.75,352.5
2021-09-23 10:15:00,0.0,0.0,0.0
2021-09-23 10:16:00,-30.0,45.0,15.0
2021-09-23 10:17:00,-15.0,15.0,0.0
2021-09-23 10:18:00,63.75,-63.75,0.0
2021-09-23 10:19:00,127.5,-135.0,-7.5
2021-09-23 10:20:00,101.25,-150.0,-48.75
2021-09-23 10:21:00,86.25,-157.5,-71.25
2021-09-23 10:22:00,116.25,-146.25,-30.0
2021-09-23 10:23:00,112.5,-120.0,-7.5
2021-09-23 10:24:00,78.75,7.5,86.25
2021-09-23 10:25:00,75.0,52.5,127.5
2021-09-23 10:26:00,11.25,213.75,225.0
2021-09-23 10:27:00,30.0,183.75,213.75
2021-09-23 10:28:00,33.75,161.25,195.0
2021-09-23 10:29:00,71.25,67.5,138.75
2021-09-23 10:30:00,108.75,33.75,142.5
2021-09-23 10:31:00,153.75,-146.25,7.5
2021-09-23 10:32:00,232.5,-307.5,-75.0
2021-09-23 10:33:00,210.0,-277.5,-67.5
2021-09-23 10:34:00,198.75,-221.25,-22.5
2021-09-23 10:35:00,165.0,-221.25,-56.25
2021-09-23 10:36:00,161.25,-180.0,-18.75
2021-09-23 10:37:00,161.25,-202.5,-41.25
2021-09-23 10:38:00,135.0,-180.0,-45.0
2021-09-23 10:39:00,112.5,-41.25,71.25
2021-09-23 10:40:00,90.0,26.25,116.25
2021-09-23 10:41:00,93.75,0.0,93.75
2021-09-23 10:42:00,82.5,60.0,142.5
2021-09-23 10:43:00,116.25,3.75,120.0
2021-09-23 10:44:00,101.25,22.5,123.75
2021-09-23 10:45:00,97.5,45.0,142.5
2021-09-23 10:46:00,112.5,-15.0,97.5
2021-09-23 10:47:00,108.75,18.75,127.5
2021-09-23 10:48:00,101.25,101.25,202.5
2021-09-23 10:49:00,123.75,22.5,146.25
2021-09-23 10:50:00,105.0,41.25,146.25
2021-09-23 10:51:00,127.5,7.5,135.0
2021-09-23 10:52:00,146.25,-112.5,33.75
2021-09-23 10:53:00,157.5,-127.5,30.0
2021-09-23 10:54:00,150.0,-131.25,18.75
2021-09-23 10:55:00,150.0,-33.75,116.25
2021-09-23 10:56:00,135.0,71.25,206.25
2021-09-23 10:57:00,112.5,168.75,281.25
2021-09-23 10:58:00,101.25,161.25,262.5
2021-09-23 10:59:00,112.5,138.75,251.25
2021-09-23 11:00:00,112.5,123.75,236.25
2021-09-23 11:01:00,123.75,146.25,270.0
2021-09-23 11:02:00,131.25,187.5,318.75
2021-09-23 11:03:00,127.5,187.5,315.0
2021-09-23 11:04:00,93.75,303.75,397.5
2021-09-23 11:05:00,112.5,318.75,431.25
2021-09-23 11:06:00,142.5,273.75,416.25
2021-09-23 11:07:00,161.25,206.25,367.5
2021-09-23 11:08:00,168.75,187.5,356.25
2021-09-23 11:09:00,112.5,506.25,618.75
2021-09-23 11:10:00,112.5,506.25,618.75
2021-09-23 11:11:00,120.0,547.5,667.5
2021-09-23 11:12:00,146.25,510.0,656.25
2021-09-23 11:13:00,153.75,442.5,596.25
2021-09-23 11:14:00,172.5,408.75,581.25
2021-09-23 11:15:00,153.75,435.0,588.75
2021-09-23 11:16:00,153.75,435.0,588.75
2021-09-23 11:17:00,172.5,345.0,517.5
2021-09-23 11:18:00,180.0,363.75,543.75
2021-09-23 11:19:00,165.0,333.75,498.75
2021-09-23 11:20:00,165.0,285.0,450.0
2021-09-23 11:21:00,127.5,468.75,596.25
2021-09-23 11:22:00,142.5,453.75,596.25
2021-09-23 11:23:00,116.25,506.25,622.5
2021-09-23 11:24:00,123.75,465.0,588.75
2021-09-23 11:25:00,135.0,468.75,603.75
2021-09-23 11:26:00,146.25,457.5,603.75
2021-09-23 11:27:00,142.5,502.5,645.0
2021-09-23 11:28:00,157.5,386.25,543.75
2021-09-23 11:29:00,142.5,472.5,615.0
2021-09-23 11:30:00,123.75,525.0,648.75
2021-09-23 11:31:00,135.0,558.75,693.75
2021-09-23 11:32:00,131.25,551.25,682.5
2021-09-23 11:33:00,127.5,540.0,667.5
2021-09-23 11:34:00,138.75,487.5,626.25
2021-09-23 11:35:00,146.25,431.25,577.5
2021-09-23 11:36:00,270.0,281.25,551.25
2021-09-23 11:37:00,266.25,281.25,547.5
2021-09-23 11:38:00,251.25,315.0,566.25
2021-09-23 11:39:00,247.5,326.25,573.75
2021-09-23 11:40:00,296.25,191.25,487.5
2021-09-23 11:41:00,292.5,236.25,528.75
2021-09-23 11:42:00,303.75,195.0,498.75
2021-09-23 11:43:00,345.0,123.75,468.75
2021-09-23 11:44:00,300.0,266.25,566.25
2021-09-23 11:45:00,303.75,187.5,491.25
2021-09-23 11:46:00,270.0,423.75,693.75
2021-09-23 11:47:00,255.0,367.5,622.5
2021-09-23 11:48:00,251.25,356.25,607.5
2021-09-23 11:49:00,243.75,416.25,660.0
2021-09-23 11:50:00,228.75,472.5,701.25
2021-09-23 11:51:00,217.5,461.25,678.75
2021-09-23 11:52:00,217.5,438.75,656.25
2021-09-23 11:53:00,228.75,408.75,637.5
2021-09-23 11:54:00,232.5,378.75,611.25
2021-09-23 11:55:00,236.25,416.25,652.5
2021-09-23 11:56:00,236.25,446.25,682.5
2021-09-23 11:57:00,221.25,487.5,708.75
2021-09-23 11:58:00,228.75,450.0,678.75
2021-09-23 11:59:00,232.5,457.5,690.0
2021-09-23 12:00:00,202.5,543.75,746.25
2021-09-23 12:01:00,157.5,735.0,892.5
2021-09-23 12:02:00,142.5,765.0,907.5
2021-09-23 12:03:00,120.0,840.0,960.0
2021-09-23 12:04:00,120.0,810.0,930.0
2021-09-23 12:05:00,135.0,780.0,915.0
2021-09-23 12:06:00,127.5,772.5,900.0
2021-09-23 12:07:00,146.25,765.0,911.25
2021-09-23 12:08:00,153.75,821.25,975.0
2021-09-23 12:09:00,67.5,997.5,1065.0
2021-09-23 12:10:00,11.25,1080.0,1091.25
2021-09-23 12:11:00,-3.75,1061.25,1057.5
2021-09-23 12:12:00,11.25,1083.75,1095.0
2021-09-23 12:13:00,0.0,1061.25,1061.25
2021-09-23 12:14:00,-153.75,1110.0,956.25
2021-09-23 12:15:00,-165.0,1147.5,982.5
2021-09-23 12:16:00,-153.75,1143.75,990.0
2021-09-23 12:17:00,-108.75,1087.5,978.75
2021-09-23 12:18:00,-108.75,1128.75,1020.0
2021-09-23 12:19:00,-142.5,1155.0,1012.5
2021-09-23 12:20:00,-112.5,1143.75,1031.25
2021-09-23 12:21:00,-138.75,1158.75,1020.0
2021-09-23 12:22:00,-172.5,1218.75,1046.25
2021-09-23 12:23:00,-210.0,1297.5,1087.5
2021-09-23 12:24:00,-247.5,1316.25,1068.75
2021-09-23 12:25:00,-198.75,1290.0,1091.25
2021-09-23 12:26:00,-333.75,1290.0,956.25
2021-09-23 12:27:00,-408.75,1263.75,855.0
2021-09-23 12:28:00,-303.75,1218.75,915.0
2021-09-23 12:29:00,-303.75,1252.5,948.75
2021-09-23 12:30:00,-251.25,1241.25,990.0
2021-09-23 12:31:00,-258.75,1211.25,952.5
2021-09-23 12:32:00,-127.5,1151.25,1023.75
2021-09-23 12:33:00,-221.25,1177.5,956.25
2021-09-23 12:34:00,-296.25,1226.25,930.0
2021-09-23 12:35:00,-303.75,1215.0,911.25
2021-09-23 12:36:00,-390.0,1278.75,888.75
2021-09-23 12:37:00,-318.75,1241.25,922.5
2021-09-23 12:38:00,-352.5,1241.25,888.75
2021-09-23 12:39:00,-345.0,1230.0,885.0
2021-09-23 12:40:00,-491.25,1267.5,776.25
2021-09-23 12:41:00,-510.0,1267.5,757.5
2021-09-23 12:42:00,-532.5,1263.75,731.25
2021-09-23 12:43:00,-480.0,1282.5,802.5
2021-09-23 12:44:00,-438.75,1286.25,847.5
2021-09-23 12:45:00,-311.25,1245.0,933.75
2021-09-23 12:46:00,-292.5,1256.25,963.75
2021-09-23 12:47:00,-375.0,1282.5,907.5
2021-09-23 12:48:00,-371.25,1278.75,907.5
2021-09-23 12:49:00,-423.75,1308.75,885.0
2021-09-23 12:50:00,-360.0,1278.75,918.75
2021-09-23 12:51:00,-303.75,1237.5,933.75
2021-09-23 12:52:00,-405.0,1282.5,877.5
2021-09-23 12:53:00,-423.75,1278.75,855.0
2021-09-23 12:54:00,-476.25,1301.25,825.0
2021-09-23 12:55:00,-405.0,1293.75,888.75
2021-09-23 12:56:00,-483.75,1338.75,855.0
2021-09-23 12:57:00,-483.75,1380.0,896.25
2021-09-23 12:58:00,-356.25,1338.75,982.5
2021-09-23 12:59:00,-333.75,1327.5,993.75
2021-09-23 13:00:00,-375.0,1335.0,960.0
2021-09-23 13:01:00,-382.5,1335.0,952.5
2021-09-23 13:02:00,-438.75,1417.5,978.75
2021-09-23 13:03:00,-378.75,1413.75,1035.0
2021-09-23 13:04:00,-303.75,1372.5,1068.75
2021-09-23 13:05:00,-262.5,1353.75,1091.25
2021-09-23 13:06:00,-93.75,1290.0,1196.25
2021-09-23 13:07:00,-198.75,1320.0,1121.25
2021-09-23 13:08:00,-206.25,1290.0,1083.75
2021-09-23 13:09:00,-168.75,1248.75,1080.0
2021-09-23 13:10:00,-183.75,1271.25,1087.5
2021-09-23 13:11:00,-198.75,1275.0,1076.25
2021-09-23 13:12:00,-266.25,1327.5,1061.25
2021-09-23 13:13:00,-281.25,1338.75,1057.5
2021-09-23 13:14:00,-150.0,1305.0,1155.0
2021-09-23 13:15:00,-180.0,1320.0,1140.0
2021-09-23 13:16:00,-18.75,1215.0,1196.25
2021-09-23 13:17:00,120.0,1166.25,1286.25
2021-09-23 13:18:00,120.0,1170.0,1290.0
2021-09-23 13:19:00,153.75,1143.75,1297.5
2021-09-23 13:20:00,142.5,1162.5,1305.0
2021-09-23 13:21:00,-22.5,1372.5,1350.0
2021-09-23 13:22:00,-18.75,1331.25,1312.5
2021-09-23 13:23:00,-26.25,1346.25,1320.0
2021-09-23 13:24:00,-78.75,1421.25,1342.5
2021-09-23 13:25:00,-26.25,1361.25,1335.0
2021-09-23 13:26:00,-168.75,1410.0,1241.25
2021-09-23 13:27:00,-183.75,1455.0,1271.25
2021-09-23 13:28:00,-247.5,1578.75,1331.25
2021-09-23 13:29:00,-296.25,1567.5,1271.25
2021-09-23 13:30:00,-292.5,1578.75,1286.25
2021-09-23 13:31:00,-255.0,1582.5,1327.5
2021-09-23 13:32:00,-247.5,1560.0,1312.5
2021-09-23 13:33:00,-153.75,1563.75,1410.0
2021-09-23 13:34:00,-236.25,1586.25,1350.0
2021-09-23 13:35:00,-165.0,1575.0,1410.0
2021-09-23 13:36:00,-228.75,1593.75,1365.0
2021-09-23 13:37:00,-195.0,1590.0,1395.0
2021-09-23 13:38:00,-198.75,1571.25,1372.5
2021-09-23 13:39:00,-52.5,1548.75,1496.25
2021-09-23 13:40:00,-22.5,1530.0,1507.5
2021-09-23 13:41:00,-56.25,1567.5,1511.25
2021-09-23 13:42:00,-3.75,1541.25,1537.5
2021-09-23 13:43:00,-60.0,1575.0,1515.0
2021-09-23 13:44:00,-45.0,1571.25,1526.25
2021-09-23 13:45:00,-71.25,1616.25,1545.0
2021-09-23 13:46:00,-86.25,1601.25,1515.0
2021-09-23 13:47:00,15.0,1582.5,1597.5
2021-09-23 13:48:00,75.0,1560.0,1635.0
2021-09-23 13:49:00,90.0,1537.5,1627.5
2021-09-23 13:50:00,93.75,1556.25,1650.0
2021-09-23 13:51:00,-7.5,1608.75,1601.25
2021-09-23 13:52:00,60.0,1575.0,1635.0
2021-09-23 13:53:00,30.0,1586.25,1616.25
2021-09-23 13:54:00,0.0,1597.5,1597.5
2021-09-23 13:55:00,22.5,1586.25,1608.75
2021-09-23 13:56:00,90.0,1575.0,1665.0
2021-09-23 13:57:00,67.5,1590.0,1657.5
2021-09-23 13:58:00,86.25,1578.75,1665.0
2021-09-23 13:59:00,93.75,1575.0,1668.75
2021-09-23 14:00:00,78.75,1582.5,1661.25
2021-09-23 14:01:00,41.25,1623.75,1665.0
2021-09-23 14:02:00,-63.75,1691.25,1627.5
2021-09-23 14:03:00,-37.5,1661.25,1623.75
2021-09-23 14:04:00,48.75,1661.25,1710.0
2021-09-23 14:05:00,22.5,1661.25,1683.75
2021-09-23 14:06:00,3.75,1668.75,1672.5
2021-09-23 14:07:00,-41.25,1695.0,1653.75
2021-09-23 14:08:00,3.75,1683.75,1687.5
2021-09-23 14:09:00,15.0,1676.25,1691.25
2021-09-23 14:10:00,33.75,1676.25,1710.0
2021-09-23 14:11:00,18.75,1680.0,1698.75
2021-09-23 14:12:00,56.25,1695.0,1751.25
2021-09-23 14:13:00,-18.75,1743.75,1725.0
2021-09-23 14:14:00,-60.0,1751.25,1691.25
2021-09-23 14:15:00,-3.75,1743.75,1740.0
2021-09-23 14:16:00,75.0,1728.75,1803.75
2021-09-23 14:17:00,-15.0,1743.75,1728.75
2021-09-23 14:18:00,-60.0,1755.0,1695.0
2021-09-23 14:19:00,41.25,1740.0,1781.25
2021-09-23 14:20:00,-7.5,1747.5,1740.0
2021-09-23 14:21:00,-30.0,1751.25,1721.25
2021-09-23 14:22:00,-30.0,1747.5,1717.5
2021-09-23 14:23:00,-93.75,1747.5,1653.75
2021-09-23 14:24:00,-198.75,1755.0,1556.25
2021-09-23 14:25:00,-202.5,1755.0,1552.5
2021-09-23 14:26:00,-307.5,1762.5,1455.0
2021-09-23 14:27:00,-412.5,1762.5,1350.0
2021-09-23 14:28:00,-375.0,1777.5,1402.5
2021-09-23 14:29:00,-318.75,1777.5,1458.75
2021-09-23 14:30:00,-333.75,1773.75,1440.0
2021-09-23 14:31:00,-378.75,1773.75,1395.0
2021-09-23 14:32:00,-795.0,1773.75,978.75
2021-09-23 14:33:00,-933.75,1773.75,840.0
2021-09-23 14:34:00,-1155.0,1758.75,603.75
2021-09-23 14:35:00,-858.75,1747.5,888.75
2021-09-23 14:36:00,-1012.5,1965.0,952.5
2021-09-23 14:37:00,-1061.25,1946.25,885.0
2021-09-23 14:38:00,-1323.75,2148.75,825.0
2021-09-23 14:39:00,-1395.0,2265.0,870.0
2021-09-23 14:40:00,-1128.75,2152.5,1023.75
2021-09-23 14:41:00,-1218.75,2190.0,971.25
2021-09-23 14:42:00,-1031.25,1991.25,960.0
2021-09-23 14:43:00,-1151.25,2133.75,982.5
2021-09-23 14:44:00,-1106.25,2137.5,1031.25
2021-09-23 14:45:00,-1113.75,2141.25,1027.5
2021-09-23 14:46:00,-967.5,2043.75,1076.25
2021-09-23 14:47:00,-971.25,2148.75,1177.5
2021-09-23 14:48:00,-1128.75,2220.0,1091.25
2021-09-23 14:49:00,-1061.25,2295.0,1233.75
2021-09-23 14:50:00,-1271.25,2407.5,1136.25
2021-09-23 14:51:00,-1207.5,2456.25,1248.75
2021-09-23 14:52:00,-1211.25,2437.5,1226.25
2021-09-23 14:53:00,-1267.5,2441.25,1173.75
2021-09-23 14:54:00,-1087.5,2351.25,1263.75
2021-09-23 14:55:00,-1140.0,2381.25,1241.25
2021-09-23 14:56:00,-1042.5,2317.5,1275.0
2021-09-23 14:57:00,-746.25,2133.75,1387.5
2021-09-23 14:58:00,-495.0,2122.5,1627.5
2021-09-23 14:59:00,-465.0,2055.0,1590.0
2021-09-23 15:00:00,-146.25,1815.0,1668.75
2021-09-23 15:01:00,-375.0,2103.75,1728.75
2021-09-23 15:02:00,60.0,2010.0,2070.0
2021-09-23 15:03:00,-105.0,2216.25,2111.25
2021-09-23 15:04:00,-491.25,2437.5,1946.25
2021-09-23 15:05:00,-645.0,2550.0,1905.0
2021-09-23 15:06:00,-686.25,2580.0,1893.75
2021-09-23 15:07:00,-693.75,2580.0,1886.25
2021-09-23 15:08:00,-986.25,2636.25,1650.0
2021-09-23 15:09:00,-1155.0,2651.25,1496.25
2021-09-23 15:10:00,-1293.75,2655.0,1361.25
2021-09-23 15:11:00,-1440.0,2673.75,1233.75
2021-09-23 15:12:00,-1616.25,2673.75,1057.5
2021-09-23 15:13:00,-1728.75,2677.5,948.75
2021-09-23 15:14:00,-1593.75,2681.25,1087.5
2021-09-23 15:15:00,-1357.5,2673.75,1316.25
2021-09-23 15:16:00,-1511.25,2677.5,1166.25
2021-09-23 15:17:00,-1462.5,2685.0,1222.5
2021-09-23 15:18:00,-1278.75,2692.5,1413.75
2021-09-23 15:19:00,-1207.5,2688.75,1481.25
2021-09-23 15:20:00,-1087.5,2700.0,1612.5
2021-09-23 15:21:00,-1087.5,2700.0,1612.5
2021-09-23 15:22:00,-1087.5,2700.0,1612.5
2021-09-23 15:23:00,-1087.5,2700.0,1612.5
2021-09-23 15:24:00,-1087.5,2700.0,1612.5
2021-09-23 15:25:00,-1087.5,2700.0,1612.5
2021-09-23 15:26:00,-1087.5,2700.0,1612.5
2021-09-23 15:27:00,-1087.5,2700.0,1612.5
2021-09-23 15:28:00,-1087.5,2700.0,1612.5
2021-09-23 15:29:00,-1087.5,2700.0,1612.5
2021-09-23 15:30:00,-1087.5,2700.0,1612.5
2021-09-30 10:15:00,0.0,0.0,0.0
2021-09-30 10:16:00,18.75,37.5,56.25
2021-09-30 10:17:00,337.5,-341.25,-3.75
2021-09-30 10:18:00,288.75,-517.5,-228.75
2021-09-30 10:19:00,318.75,-618.75,-300.0
2021-09-30 10:20:00,337.5,-705.0,-367.5
2021-09-30 10:21:00,277.5,-521.25,-243.75
2021-09-30 10:22:00,266.25,-570.0,-303.75
2021-09-30 10:23:00,393.75,-738.75,-345.0
2021-09-30 10:24:00,341.25,-641.25,-300.0
2021-09-30 10:25:00,420.0,-1128.75,-708.75
2021-09-30 10:26:00,375.0,-1031.25,-656.25
2021-09-30 10:27:00,330.0,-828.75,-498.75
2021-09-30 10:28:00,292.5,-731.25,-438.75
2021-09-30 10:29:00,232.5,-498.75,-266.25
2021-09-30 10:30:00,225.0,-420.0,-195.0
2021-09-30 10:31:00,401.25,-825.0,-423.75
2021-09-30 10:32:00,367.5,-750.0,-382.5
2021-09-30 10:33:00,393.75,-765.0,-371.25
2021-09-30 10:34:00,300.0,-461.25,-161.25
2021-09-30 10:35:00,172.5,-161.25,11.25
2021-09-30 10:36:00,221.25,-123.75,97.5
2021-09-30 10:37:00,251.25,-296.25,-45.0
2021-09-30 10:38:00,330.0,-326.25,3.75
2021-09-30 10:39:00,243.75,-176.25,67.5
2021-09-30 10:40:00,243.75,-172.5,71.25
2021-09-30 10:41:00,300.0,-251.25,48.75
2021-09-30 10:42:00,270.0,-150.0,120.0
2021-09-30 10:43:00,442.5,-408.75,33.75
2021-09-30 10:44:00,382.5,-333.75,48.75
2021-09-30 10:45:00,337.5,-247.5,90.0
2021-09-30 10:46:00,311.25,-150.0,161.25
2021-09-30 10:47:00,198.75,86.25,285.0
2021-09-30 10:48:00,176.25,93.75,270.0
2021-09-30 10:49:00,127.5,187.5,315.0
2021-09-30 10:50:00,247.5,30.0,277.5
2021-09-30 10:51:00,255.0,15.0,270.0
2021-09-30 10:52:00,123.75,180.0,303.75
2021-09-30 10:53:00,251.25,22.5,273.75
2021-09-30 10:54:00,311.25,-108.75,202.5
2021-09-30 10:55:00,360.0,-195.0,165.0
2021-09-30 10:56:00,311.25,-108.75,202.5
2021-09-30 10:57:00,303.75,-93.75,210.0
2021-09-30 10:58:00,326.25,-108.75,217.5
2021-09-30 10:59:00,427.5,-243.75,183.75
2021-09-30 11:00:00,337.5,-157.5,180.0
2021-09-30 11:01:00,326.25,-142.5,183.75
2021-09-30 11:02:00,416.25,-375.0,41.25
2021-09-30 11:03:00,326.25,-138.75,187.5
2021-09-30 11:04:00,266.25,-48.75,217.5
2021-09-30 11:05:00,315.0,-82.5,232.5
2021-09-30 11:06:00,292.5,-26.25,266.25
2021-09-30 11:07:00,315.0,-75.0,240.0
2021-09-30 11:08:00,367.5,-108.75,258.75
2021-09-30 11:09:00,390.0,-217.5,172.5
2021-09-30 11:10:00,532.5,-303.75,228.75
2021-09-30 11:11:00,506.25,-333.75,172.5
2021-09-30 11:12:00,495.0,-300.0,195.0
2021-09-30 11:13:00,506.25,-262.5,243.75
2021-09-30 11:14:00,453.75,-165.0,288.75
2021-09-30 11:15:00,476.25,-213.75,262.5
2021-09-30 11:16:00,461.25,-161.25,300.0
2021-09-30 11:17:00,405.0,-37.5,367.5
2021-09-30 11:18:00,483.75,-210.0,273.75
2021-09-30 11:19:00,483.75,-228.75,255.0
2021-09-30 11:20:00,480.0,-157.5,322.5
2021-09-30 11:21:00,378.75,-3.75,375.0
2021-09-30 11:22:00,363.75,26.25,390.0
2021-09-30 11:23:00,217.5,187.5,405.0
2021-09-30 11:24:00,135.0,318.75,453.75
2021-09-30 11:25:00,172.5,247.5,420.0
2021-09-30 11:26:00,180.0,213.75,393.75
2021-09-30 11:27:00,131.25,318.75,450.0
2021-09-30 11:28:00,3.75,495.0,498.75
2021-09-30 11:29:00,-7.5,521.25,513.75
2021-09-30 11:30:00,52.5,453.75,506.25
2021-09-30 11:31:00,-183.75,656.25,472.5
2021-09-30 11:32:00,-60.0,622.5,562.5
2021-09-30 11:33:00,-90.0,596.25,506.25
2021-09-30 11:34:00,-45.0,573.75,528.75
2021-09-30 11:35:00,-48.75,596.25,547.5
2021-09-30 11:36:00,146.25,517.5,663.75
2021-09-30 11:37:00,161.25,540.0,701.25
2021-09-30 11:38:00,123.75,585.0,708.75
2021-09-30 11:39:00,37.5,656.25,693.75
2021-09-30 11:40:00,-153.75,888.75,735.0
2021-09-30 11:41:00,-112.5,963.75,851.25
2021-09-30 11:42:00,-168.75,993.75,825.0
2021-09-30 11:43:00,-232.5,1038.75,806.25
2021-09-30 11:44:00,-251.25,1076.25,825.0
2021-09-30 11:45:00,-105.0,971.25,866.25
2021-09-30 11:46:00,-202.5,960.0,757.5
2021-09-30 11:47:00,-180.0,963.75,783.75
2021-09-30 11:48:00,-258.75,1016.25,757.5
2021-09-30 11:49:00,-123.75,960.0,836.25
2021-09-30 11:50:00,-22.5,862.5,840.0
2021-09-30 11:51:00,-127.5,907.5,780.0
2021-09-30 11:52:00,-82.5,881.25,798.75
2021-09-30 11:53:00,18.75,806.25,825.0
2021-09-30 11:54:00,-108.75,911.25,802.5
2021-09-30 11:55:00,-105.0,941.25,836.25
2021-09-30 11:56:00,-97.5,870.0,772.5
2021-09-30 11:57:00,-105.0,911.25,806.25
2021-09-30 11:58:00,-127.5,937.5,810.0
2021-09-30 11:59:00,-146.25,960.0,813.75
2021-09-30 12:00:00,-52.5,907.5,855.0
2021-09-30 12:01:00,-198.75,997.5,798.75
2021-09-30 12:02:00,-300.0,1143.75,843.75
2021-09-30 12:03:00,-288.75,1170.0,881.25
2021-09-30 12:04:00,-495.0,1275.0,780.0
2021-09-30 12:05:00,-371.25,1211.25,840.0
2021-09-30 12:06:00,-431.25,1233.75,802.5
2021-09-30 12:07:00,-322.5,1211.25,888.75
2021-09-30 12:08:00,-296.25,1188.75,892.5
2021-09-30 12:09:00,-322.5,1196.25,873.75
2021-09-30 12:10:00,-240.0,1173.75,933.75
2021-09-30 12:11:00,-93.75,1125.0,1031.25
2021-09-30 12:12:00,-3.75,1117.5,1113.75
2021-09-30 12:13:00,-131.25,1158.75,1027.5
2021-09-30 12:14:00,-153.75,1166.25,1012.5
2021-09-30 12:15:00,-232.5,1185.0,952.5
2021-09-30 12:16:00,-112.5,1181.25,1068.75
2021-09-30 12:17:00,195.0,978.75,1173.75
2021-09-30 12:18:00,292.5,915.0,1207.5
2021-09-30 12:19:00,195.0,922.5,1117.5
2021-09-30 12:20:00,138.75,997.5,1136.25
2021-09-30 12:21:00,97.5,1076.25,1173.75
2021-09-30 12:22:00,180.0,1001.25,1181.25
2021-09-30 12:23:00,123.75,1046.25,1170.0
2021-09-30 12:24:00,153.75,1023.75,1177.5
2021-09-30 12:25:00,225.0,971.25,1196.25
2021-09-30 12:26:00,138.75,1057.5,1196.25
2021-09-30 12:27:00,56.25,1143.75,1200.0
2021-09-30 12:28:00,123.75,1117.5,1241.25
2021-09-30 12:29:00,315.0,982.5,1297.5
2021-09-30 12:30:00,258.75,1016.25,1275.0
2021-09-30 12:31:00,708.75,761.25,1470.0
2021-09-30 12:32:00,873.75,468.75,1342.5
2021-09-30 12:33:00,941.25,168.75,1110.0
2021-09-30 12:34:00,1098.75,-393.75,705.0
2021-09-30 12:35:00,1170.0,-502.5,667.5
2021-09-30 12:36:00,1196.25,-1293.75,-97.5
2021-09-30 12:37:00,1147.5,-851.25,296.25
2021-09-30 12:38:00,1128.75,-1132.5,-3.75
2021-09-30 12:39:00,1143.75,-1087.5,56.25
2021-09-30 12:40:00,1128.75,-915.0,213.75
2021-09-30 12:41:00,1421.25,-2861.25,-1440.0
2021-09-30 12:42:00,1335.0,-2096.25,-761.25
2021-09-30 12:43:00,1278.75,-1691.25,-412.5
2021-09-30 12:44:00,1177.5,-1237.5,-60.0
2021-09-30 12:45:00,1286.25,-1800.0,-513.75
2021-09-30 12:46:00,1267.5,-1578.75,-311.25
2021-09-30 12:47:00,1222.5,-1417.5,-195.0
2021-09-30 12:48:00,1215.0,-1237.5,-22.5
2021-09-30 12:49:00,1192.5,-926.25,266.25
2021-09-30 12:50:00,1275.0,-1503.75,-228.75
2021-09-30 12:51:00,1207.5,-945.0,262.5
2021-09-30 12:52:00,1207.5,-855.0,352.5
2021-09-30 12:53:00,1143.75,-270.0,873.75
2021-09-30 12:54:00,1185.0,-266.25,918.75
2021-09-30 12:55:00,1222.5,-483.75,738.75
2021-09-30 12:56:00,1215.0,-303.75,911.25
2021-09-30 12:57:00,1147.5,120.0,1267.5
2021-09-30 12:58:00,1147.5,-63.75,1083.75
2021-09-30 12:59:00,1173.75,-82.5,1091.25
2021-09-30 13:00:00,1248.75,-157.5,1091.25
2021-09-30 13:01:00,1335.0,-345.0,990.0
2021-09-30 13:02:00,1331.25,-251.25,1080.0
2021-09-30 13:03:00,1297.5,352.5,1650.0
2021-09-30 13:04:00,1301.25,311.25,1612.5
2021-09-30 13:05:00,1346.25,326.25,1672.5
2021-09-30 13:06:00,1440.0,22.5,1462.5
2021-09-30 13:07:00,1533.75,-191.25,1342.5
2021-09-30 13:08:00,1593.75,-412.5,1181.25
2021-09-30 13:09:00,1593.75,-708.75,885.0
2021-09-30 13:10:00,1601.25,-787.5,813.75
2021-09-30 13:11:00,1567.5,-446.25,1121.25
2021-09-30 13:12:00,1541.25,-453.75,1087.5
2021-09-30 13:13:00,1552.5,-521.25,1031.25
2021-09-30 13:14:00,1578.75,-693.75,885.0
2021-09-30 13:15:00,1608.75,-1376.25,232.5
2021-09-30 13:16:00,1597.5,-922.5,675.0
2021-09-30 13:17:00,1612.5,-1226.25,386.25
2021-09-30 13:18:00,1653.75,-1552.5,101.25
2021-09-30 13:19:00,1653.75,-2055.0,-401.25
2021-09-30 13:20:00,1687.5,-2647.5,-960.0
2021-09-30 13:21:00,1713.75,-2842.5,-1128.75
2021-09-30 13:22:00,1616.25,-2838.75,-1222.5
2021-09-30 13:23:00,1383.75,-2527.5,-1143.75
2021-09-30 13:24:00,1155.0,-2115.0,-960.0
2021-09-30 13:25:00,922.5,-1796.25,-873.75
2021-09-30 13:26:00,1380.0,-2283.75,-903.75
2021-09-30 13:27:00,1923.75,-2872.5,-948.75
2021-09-30 13:28:00,1095.0,-1683.75,-588.75
2021-09-30 13:29:00,1068.75,-1721.25,-652.5
2021-09-30 13:30:00,622.5,-1162.5,-540.0
2021-09-30 13:31:00,896.25,-1458.75,-562.5
2021-09-30 13:32:00,678.75,-1166.25,-487.5
2021-09-30 13:33:00,896.25,-1421.25,-525.0
2021-09-30 13:34:00,1038.75,-1466.25,-427.5
2021-09-30 13:35:00,1436.25,-2058.75,-622.5
2021-09-30 13:36:00,1050.0,-1560.0,-510.0
2021-09-30 13:37:00,1387.5,-2088.75,-701.25
2021-09-30 13:38:00,1323.75,-1901.25,-577.5
2021-09-30 13:39:00,1406.25,-1942.5,-536.25
2021-09-30 13:40:00,1653.75,-2302.5,-648.75
2021-09-30 13:41:00,1511.25,-1961.25,-450.0
2021-09-30 13:42:00,1983.75,-2685.0,-701.25
2021-09-30 13:43:00,1680.0,-2197.5,-517.5
2021-09-30 13:44:00,1507.5,-1905.0,-397.5
2021-09-30 13:45:00,1653.75,-2111.25,-457.5
2021-09-30 13:46:00,1368.75,-1747.5,-378.75
2021-09-30 13:47:00,768.75,-997.5,-228.75
2021-09-30 13:48:00,1290.0,-1575.0,-285.0
2021-09-30 13:49:00,1110.0,-1402.5,-292.5
2021-09-30 13:50:00,637.5,-986.25,-348.75
2021-09-30 13:51:00,375.0,-633.75,-258.75
2021-09-30 13:52:00,101.25,-311.25,-210.0
2021-09-30 13:53:00,-386.25,108.75,-277.5
2021-09-30 13:54:00,-581.25,348.75,-232.5
2021-09-30 13:55:00,-412.5,341.25,-71.25
2021-09-30 13:56:00,-1068.75,735.0,-333.75
2021-09-30 13:57:00,-798.75,513.75,-285.0
2021-09-30 13:58:00,-296.25,360.0,63.75
2021-09-30 13:59:00,-892.5,645.0,-247.5
2021-09-30 14:00:00,-705.0,641.25,-63.75
2021-09-30 14:01:00,-510.0,232.5,-277.5
2021-09-30 14:02:00,-423.75,221.25,-202.5
2021-09-30 14:03:00,-341.25,11.25,-330.0
2021-09-30 14:04:00,-378.75,225.0,-153.75
2021-09-30 14:05:00,-311.25,86.25,-225.0
2021-09-30 14:06:00,-333.75,232.5,-101.25
2021-09-30 14:07:00,-187.5,-262.5,-450.0
2021-09-30 14:08:00,-187.5,-202.5,-390.0
2021-09-30 14:09:00,-138.75,-251.25,-390.0
2021-09-30 14:10:00,-93.75,-420.0,-513.75
2021-09-30 14:11:00,-30.0,-813.75,-843.75
2021-09-30 14:12:00,-56.25,-656.25,-712.5
2021-09-30 14:13:00,-142.5,-292.5,-435.0
2021-09-30 14:14:00,-86.25,-577.5,-663.75
2021-09-30 14:15:00,-75.0,-671.25,-746.25
2021-09-30 14:16:00,-131.25,-498.75,-630.0
2021-09-30 14:17:00,-90.0,-573.75,-663.75
2021-09-30 14:18:00,-45.0,-1008.75,-1053.75
2021-09-30 14:19:00,-138.75,-453.75,-592.5
2021-09-30 14:20:00,-168.75,-176.25,-345.0
2021-09-30 14:21:00,-112.5,-63.75,-176.25
2021-09-30 14:22:00,-3.75,-911.25,-915.0
2021-09-30 14:23:00,-26.25,-978.75,-1005.0
2021-09-30 14:24:00,-45.0,-1053.75,-1098.75
2021-09-30 14:25:00,-30.0,-1121.25,-1151.25
2021-09-30 14:26:00,-30.0,-933.75,-963.75
2021-09-30 14:27:00,37.5,-2565.0,-2527.5
2021-09-30 14:28:00,22.5,-2415.0,-2392.5
2021-09-30 14:29:00,71.25,-3022.5,-2951.25
2021-09-30 14:30:00,37.5,-3097.5,-3060.0
2021-09-30 14:31:00,273.75,-3337.5,-3063.75
2021-09-30 14:32:00,-228.75,-2261.25,-2490.0
2021-09-30 14:33:00,-123.75,-2283.75,-2407.5
2021-09-30 14:34:00,-633.75,-1305.0,-1938.75
2021-09-30 14:35:00,-67.5,-2317.5,-2385.0
2021-09-30 14:36:00,-330.0,-1638.75,-1968.75
2021-09-30 14:37:00,-371.25,-1788.75,-2160.0
2021-09-30 14:38:00,-592.5,-1196.25,-1788.75
2021-09-30 14:39:00,-221.25,-1496.25,-1717.5
2021-09-30 14:40:00,-536.25,-945.0,-1481.25
2021-09-30 14:41:00,-945.0,-495.0,-1440.0
2021-09-30 14:42:00,-1361.25,-11.25,-1372.5
2021-09-30 14:43:00,-847.5,-420.0,-1267.5
2021-09-30 14:44:00,-1278.75,71.25,-1207.5
2021-09-30 14:45:00,-1121.25,-93.75,-1215.0
2021-09-30 14:46:00,-1042.5,-138.75,-1181.25
2021-09-30 14:47:00,-1638.75,367.5,-1271.25
2021-09-30 14:48:00,-858.75,-195.0,-1053.75
2021-09-30 14:49:00,-641.25,-382.5,-1023.75
2021-09-30 14:50:00,-405.0,-487.5,-892.5
2021-09-30 14:51:00,-870.0,-56.25,-926.25
2021-09-30 14:52:00,-1057.5,90.0,-967.5
2021-09-30 14:53:00,-1395.0,450.0,-945.0
2021-09-30 14:54:00,-1695.0,742.5,-952.5
2021-09-30 14:55:00,-1353.75,472.5,-881.25
2021-09-30 14:56:00,-1215.0,202.5,-1012.5
2021-09-30 14:57:00,-1113.75,56.25,-1057.5
2021-09-30 14:58:00,-1140.0,360.0,-780.0
2021-09-30 14:59:00,-1023.75,101.25,-922.5
2021-09-30 15:00:00,-1027.5,210.0,-817.5
2021-09-30 15:01:00,-626.25,-892.5,-1518.75
2021-09-30 15:02:00,-588.75,-720.0,-1308.75
2021-09-30 15:03:00,-588.75,-131.25,-720.0
2021-09-30 15:04:00,-521.25,-435.0,-956.25
2021-09-30 15:05:00,-510.0,-22.5,-532.5
2021-09-30 15:06:00,-483.75,-288.75,-772.5
2021-09-30 15:07:00,-498.75,-213.75,-712.5
2021-09-30 15:08:00,-517.5,101.25,-416.25
2021-09-30 15:09:00,-506.25,371.25,-135.0
2021-09-30 15:10:00,-528.75,360.0,-168.75
2021-09-30 15:11:00,-472.5,22.5,-450.0
2021-09-30 15:12:00,-468.75,-11.25,-480.0
2021-09-30 15:13:00,-476.25,285.0,-191.25
2021-09-30 15:14:00,-476.25,228.75,-247.5
2021-09-30 15:15:00,-457.5,217.5,-240.0
2021-09-30 15:16:00,-457.5,210.0,-247.5
2021-09-30 15:17:00,-446.25,45.0,-401.25
2021-09-30 15:18:00,-438.75,-71.25,-510.0
2021-09-30 15:19:00,-435.0,-363.75,-798.75
2021-09-30 15:20:00,-435.0,-446.25,-881.25
2021-09-30 15:21:00,-435.0,-446.25,-881.25
2021-09-30 15:22:00,-435.0,-446.25,-881.25
2021-09-30 15:23:00,-435.0,-446.25,-881.25
2021-09-30 15:24:00,-435.0,-446.25,-881.25
2021-09-30 15:25:00,-435.0,-446.25,-881.25
2021-09-30 15:26:00,-435.0,-446.25,-881.25
2021-09-30 15:27:00,-435.0,-446.25,-881.25
2021-09-30 15:28:00,-435.0,-446.25,-881.25
2021-09-30 15:29:00,-435.0,-446.25,-881.25
2021-09-30 15:30:00,-435.0,-446.25,-881.25
2021-10-07 10:15:00,0.0,0.0,0.0
2021-10-07 10:16:00,-7.5,-7.5,-15.0
2021-10-07 10:17:00,-116.25,45.0,-71.25
2021-10-07 10:18:00,18.75,-18.75,0.0
2021-10-07 10:19:00,15.0,-67.5,-52.5
2021-10-07 10:20:00,18.75,-52.5,-33.75
2021-10-07 10:21:00,26.25,-33.75,-7.5
2021-10-07 10:22:00,71.25,-60.0,11.25
2021-10-07 10:23:00,22.5,30.0,52.5
2021-10-07 10:24:00,131.25,-120.0,11.25
2021-10-07 10:25:00,108.75,-45.0,63.75
2021-10-07 10:26:00,206.25,-123.75,82.5
2021-10-07 10:27:00,333.75,-165.0,168.75
2021-10-07 10:28:00,378.75,-228.75,150.0
2021-10-07 10:29:00,341.25,-176.25,165.0
2021-10-07 10:30:00,273.75,-90.0,183.75
2021-10-07 10:31:00,296.25,-120.0,176.25
2021-10-07 10:32:00,153.75,-41.25,112.5
2021-10-07 10:33:00,90.0,45.0,135.0
2021-10-07 10:34:00,101.25,11.25,112.5
2021-10-07 10:35:00,45.0,22.5,67.5
2021-10-07 10:36:00,30.0,60.0,90.0
2021-10-07 10:37:00,22.5,116.25,138.75
2021-10-07 10:38:00,75.0,18.75,93.75
2021-10-07 10:39:00,-3.75,90.0,86.25
2021-10-07 10:40:00,-45.0,120.0,75.0
2021-10-07 10:41:00,-7.5,71.25,63.75
2021-10-07 10:42:00,7.5,108.75,116.25
2021-10-07 10:43:00,-7.5,127.5,120.0
2021-10-07 10:44:00,-150.0,195.0,45.0
2021-10-07 10:45:00,-123.75,172.5,48.75
2021-10-07 10:46:00,-41.25,142.5,101.25
2021-10-07 10:47:00,-37.5,142.5,105.0
2021-10-07 10:48:00,-82.5,176.25,93.75
2021-10-07 10:49:00,-30.0,131.25,101.25
2021-10-07 10:50:00,41.25,90.0,131.25
2021-10-07 10:51:00,75.0,56.25,131.25
2021-10-07 10:52:00,112.5,41.25,153.75
2021-10-07 10:53:00,161.25,41.25,202.5
2021-10-07 10:54:00,191.25,30.0,221.25
2021-10-07 10:55:00,37.5,180.0,217.5
2021-10-07 10:56:00,108.75,247.5,356.25
2021-10-07 10:57:00,82.5,270.0,352.5
2021-10-07 10:58:00,146.25,228.75,375.0
2021-10-07 10:59:00,116.25,232.5,348.75
2021-10-07 11:00:00,138.75,236.25,375.0
2021-10-07 11:01:00,150.0,243.75,393.75
2021-10-07 11:02:00,157.5,225.0,382.5
2021-10-07 11:03:00,191.25,183.75,375.0
2021-10-07 11:04:00,251.25,153.75,405.0
2021-10-07 11:05:00,225.0,180.0,405.0
2021-10-07 11:06:00,127.5,285.0,412.5
2021-10-07 11:07:00,146.25,232.5,378.75
2021-10-07 11:08:00,195.0,195.0,390.0
2021-10-07 11:09:00,228.75,135.0,363.75
2021-10-07 11:10:00,255.0,105.0,360.0
2021-10-07 11:11:00,127.5,258.75,386.25
2021-10-07 11:12:00,86.25,326.25,412.5
2021-10-07 11:13:00,101.25,266.25,367.5
2021-10-07 11:14:00,180.0,210.0,390.0
2021-10-07 11:15:00,210.0,198.75,408.75
2021-10-07 11:16:00,176.25,247.5,423.75
2021-10-07 11:17:00,153.75,258.75,412.5
2021-10-07 11:18:00,206.25,180.0,386.25
2021-10-07 11:19:00,131.25,258.75,390.0
2021-10-07 11:20:00,153.75,247.5,401.25
2021-10-07 11:21:00,75.0,303.75,378.75
2021-10-07 11:22:00,127.5,232.5,360.0
2021-10-07 11:23:00,153.75,206.25,360.0
2021-10-07 11:24:00,195.0,187.5,382.5
2021-10-07 11:25:00,191.25,168.75,360.0
2021-10-07 11:26:00,202.5,161.25,363.75
2021-10-07 11:27:00,112.5,288.75,401.25
2021-10-07 11:28:00,93.75,315.0,408.75
2021-10-07 11:29:00,195.0,217.5,412.5
2021-10-07 11:30:00,281.25,105.0,386.25
2021-10-07 11:31:00,161.25,258.75,420.0
2021-10-07 11:32:00,165.0,258.75,423.75
2021-10-07 11:33:00,123.75,296.25,420.0
2021-10-07 11:34:00,146.25,258.75,405.0
2021-10-07 11:35:00,180.0,225.0,405.0
2021-10-07 11:36:00,172.5,221.25,393.75
2021-10-07 11:37:00,195.0,206.25,401.25
2021-10-07 11:38:00,180.0,243.75,423.75
2021-10-07 11:39:00,243.75,191.25,435.0
2021-10-07 11:40:00,210.0,236.25,446.25
2021-10-07 11:41:00,225.0,210.0,435.0
2021-10-07 11:42:00,236.25,210.0,446.25
2021-10-07 11:43:00,97.5,547.5,645.0
2021-10-07 11:44:00,-82.5,596.25,513.75
2021-10-07 11:45:00,-315.0,585.0,270.0
2021-10-07 11:46:00,-217.5,573.75,356.25
2021-10-07 11:47:00,-307.5,585.0,277.5
2021-10-07 11:48:00,-266.25,540.0,273.75
2021-10-07 11:49:00,-255.0,555.0,300.0
2021-10-07 11:50:00,-183.75,551.25,367.5
2021-10-07 11:51:00,-228.75,551.25,322.5
2021-10-07 11:52:00,-307.5,592.5,285.0
2021-10-07 11:53:00,-262.5,566.25,303.75
2021-10-07 11:54:00,-281.25,570.0,288.75
2021-10-07 11:55:00,-498.75,633.75,135.0
2021-10-07 11:56:00,-753.75,720.0,-33.75
2021-10-07 11:57:00,-671.25,705.0,33.75
2021-10-07 11:58:00,-795.0,723.75,-71.25
2021-10-07 11:59:00,-821.25,753.75,-67.5
2021-10-07 12:00:00,-1038.75,750.0,-288.75
2021-10-07 12:01:00,-896.25,761.25,-135.0
2021-10-07 12:02:00,-941.25,735.0,-206.25
2021-10-07 12:03:00,-866.25,708.75,-157.5
2021-10-07 12:04:00,-903.75,731.25,-172.5
2021-10-07 12:05:00,-1080.0,735.0,-345.0
2021-10-07 12:06:00,-1140.0,731.25,-408.75
2021-10-07 12:07:00,-1136.25,753.75,-382.5
2021-10-07 12:08:00,-1057.5,742.5,-315.0
2021-10-07 12:09:00,-1121.25,742.5,-378.75
2021-10-07 12:10:00,-1076.25,738.75,-337.5
2021-10-07 12:11:00,-892.5,723.75,-168.75
2021-10-07 12:12:00,-738.75,712.5,-26.25
2021-10-07 12:13:00,-615.0,675.0,60.0
2021-10-07 12:14:00,-798.75,708.75,-90.0
2021-10-07 12:15:00,-570.0,693.75,123.75
2021-10-07 12:16:00,-678.75,686.25,7.5
2021-10-07 12:17:00,-836.25,723.75,-112.5
2021-10-07 12:18:00,-806.25,705.0,-101.25
2021-10-07 12:19:00,-682.5,697.5,15.0
2021-10-07 12:20:00,-525.0,682.5,157.5
2021-10-07 12:21:00,-363.75,660.0,296.25
2021-10-07 12:22:00,-611.25,720.0,108.75
2021-10-07 12:23:00,-637.5,723.75,86.25
2021-10-07 12:24:00,-652.5,735.0,82.5
2021-10-07 12:25:00,-577.5,727.5,150.0
2021-10-07 12:26:00,-637.5,750.0,112.5
2021-10-07 12:27:00,-618.75,765.0,146.25
2021-10-07 12:28:00,-641.25,795.0,153.75
2021-10-07 12:29:00,-570.0,776.25,206.25
2021-10-07 12:30:00,-570.0,795.0,225.0
2021-10-07 12:31:00,-761.25,840.0,78.75
2021-10-07 12:32:00,-780.0,840.0,60.0
2021-10-07 12:33:00,-903.75,877.5,-26.25
2021-10-07 12:34:00,-948.75,892.5,-56.25
2021-10-07 12:35:00,-930.0,870.0,-60.0
2021-10-07 12:36:00,-870.0,825.0,-45.0
2021-10-07 12:37:00,-637.5,693.75,56.25
2021-10-07 12:38:00,-776.25,768.75,-7.5
2021-10-07 12:39:00,-555.0,577.5,22.5
2021-10-07 12:40:00,-588.75,622.5,33.75
2021-10-07 12:41:00,-843.75,821.25,-22.5
2021-10-07 12:42:00,-836.25,862.5,26.25
2021-10-07 12:43:00,-675.0,761.25,86.25
2021-10-07 12:44:00,-622.5,708.75,86.25
2021-10-07 12:45:00,-645.0,720.0,75.0
2021-10-07 12:46:00,-716.25,862.5,146.25
2021-10-07 12:47:00,-416.25,588.75,172.5
2021-10-07 12:48:00,-127.5,303.75,176.25
2021-10-07 12:49:00,-142.5,337.5,195.0
2021-10-07 12:50:00,-165.0,243.75,78.75
2021-10-07 12:51:00,-180.0,285.0,105.0
2021-10-07 12:52:00,-360.0,528.75,168.75
2021-10-07 12:53:00,-420.0,716.25,296.25
2021-10-07 12:54:00,-390.0,682.5,292.5
2021-10-07 12:55:00,-427.5,720.0,292.5
2021-10-07 12:56:00,-307.5,566.25,258.75
2021-10-07 12:57:00,-360.0,573.75,213.75
2021-10-07 12:58:00,-202.5,461.25,258.75
2021-10-07 12:59:00,-52.5,213.75,161.25
2021-10-07 13:00:00,-187.5,487.5,300.0
2021-10-07 13:01:00,-363.75,690.0,326.25
2021-10-07 13:02:00,-416.25,817.5,401.25
2021-10-07 13:03:00,-187.5,513.75,326.25
2021-10-07 13:04:00,-172.5,577.5,405.0
2021-10-07 13:05:00,-90.0,510.0,420.0
2021-10-07 13:06:00,-198.75,648.75,450.0
2021-10-07 13:07:00,-138.75,547.5,408.75
2021-10-07 13:08:00,-165.0,626.25,461.25
2021-10-07 13:09:00,-187.5,656.25,468.75
2021-10-07 13:10:00,-255.0,720.0,465.0
2021-10-07 13:11:00,-258.75,780.0,521.25
2021-10-07 13:12:00,-352.5,948.75,596.25
2021-10-07 13:13:00,-457.5,1117.5,660.0
2021-10-07 13:14:00,-427.5,1293.75,866.25
2021-10-07 13:15:00,-450.0,1245.0,795.0
2021-10-07 13:16:00,-630.0,1338.75,708.75
2021-10-07 13:17:00,-772.5,1500.0,727.5
2021-10-07 13:18:00,-701.25,1488.75,787.5
2021-10-07 13:19:00,-465.0,1278.75,813.75
2021-10-07 13:20:00,-498.75,1320.0,821.25
2021-10-07 13:21:00,-540.0,1308.75,768.75
2021-10-07 13:22:00,-285.0,1132.5,847.5
2021-10-07 13:23:00,-22.5,956.25,933.75
2021-10-07 13:24:00,-78.75,911.25,832.5
2021-10-07 13:25:00,-86.25,948.75,862.5
2021-10-07 13:26:00,-75.0,915.0,840.0
2021-10-07 13:27:00,-123.75,1065.0,941.25
2021-10-07 13:28:00,-172.5,1147.5,975.0
2021-10-07 13:29:00,-112.5,933.75,821.25
2021-10-07 13:30:00,-37.5,873.75,836.25
2021-10-07 13:31:00,-37.5,881.25,843.75
2021-10-07 13:32:00,-15.0,855.0,840.0
2021-10-07 13:33:00,-22.5,926.25,903.75
2021-10-07 13:34:00,502.5,26.25,528.75
2021-10-07 13:35:00,465.0,318.75,783.75
2021-10-07 13:36:00,435.0,318.75,753.75
2021-10-07 13:37:00,513.75,127.5,641.25
2021-10-07 13:38:00,555.0,161.25,716.25
2021-10-07 13:39:00,712.5,-146.25,566.25
2021-10-07 13:40:00,562.5,382.5,945.0
2021-10-07 13:41:00,528.75,333.75,862.5
2021-10-07 13:42:00,495.0,442.5,937.5
2021-10-07 13:43:00,307.5,813.75,1121.25
2021-10-07 13:44:00,341.25,903.75,1245.0
2021-10-07 13:45:00,408.75,667.5,1076.25
2021-10-07 13:46:00,363.75,675.0,1038.75
2021-10-07 13:47:00,390.0,645.0,1035.0
2021-10-07 13:48:00,498.75,378.75,877.5
2021-10-07 13:49:00,487.5,498.75,986.25
2021-10-07 13:50:00,521.25,495.0,1016.25
2021-10-07 13:51:00,528.75,543.75,1072.5
2021-10-07 13:52:00,708.75,82.5,791.25
2021-10-07 13:53:00,630.0,292.5,922.5
2021-10-07 13:54:00,633.75,311.25,945.0
2021-10-07 13:55:00,532.5,686.25,1218.75
2021-10-07 13:56:00,457.5,911.25,1368.75
2021-10-07 13:57:00,386.25,960.0,1346.25
2021-10-07 13:58:00,146.25,1466.25,1612.5
2021-10-07 13:59:00,142.5,1421.25,1563.75
2021-10-07 14:00:00,-11.25,1488.75,1477.5
2021-10-07 14:01:00,97.5,1387.5,1485.0
2021-10-07 14:02:00,-97.5,1661.25,1563.75
2021-10-07 14:03:00,-90.0,1698.75,1608.75
2021-10-07 14:04:00,7.5,1717.5,1725.0
2021-10-07 14:05:00,7.5,1683.75,1691.25
2021-10-07 14:06:00,-15.0,1758.75,1743.75
2021-10-07 14:07:00,56.25,1695.0,1751.25
2021-10-07 14:08:00,30.0,1762.5,1792.5
2021-10-07 14:09:00,90.0,1706.25,1796.25
2021-10-07 14:10:00,382.5,1515.0,1897.5
2021-10-07 14:11:00,225.0,1623.75,1848.75
2021-10-07 14:12:00,240.0,1578.75,1818.75
2021-10-07 14:13:00,240.0,1646.25,1886.25
2021-10-07 14:14:00,247.5,1556.25,1803.75
2021-10-07 14:15:00,225.0,1541.25,1766.25
2021-10-07 14:16:00,498.75,1151.25,1650.0
2021-10-07 14:17:00,453.75,1293.75,1747.5
2021-10-07 14:18:00,600.0,1098.75,1698.75
2021-10-07 14:19:00,487.5,1278.75,1766.25
2021-10-07 14:20:00,645.0,1076.25,1721.25
2021-10-07 14:21:00,637.5,1162.5,1800.0
2021-10-07 14:22:00,622.5,1155.0,1777.5
2021-10-07 14:23:00,570.0,1368.75,1938.75
2021-10-07 14:24:00,540.0,1515.0,2055.0
2021-10-07 14:25:00,517.5,1533.75,2051.25
2021-10-07 14:26:00,506.25,1620.0,2126.25
2021-10-07 14:27:00,513.75,1627.5,2141.25
2021-10-07 14:28:00,457.5,1665.0,2122.5
2021-10-07 14:29:00,720.0,1275.0,1995.0
2021-10-07 14:30:00,723.75,1320.0,2043.75
2021-10-07 14:31:00,757.5,1413.75,2171.25
2021-10-07 14:32:00,742.5,1518.75,2261.25
2021-10-07 14:33:00,828.75,1308.75,2137.5
2021-10-07 14:34:00,1016.25,956.25,1972.5
2021-10-07 14:35:00,1218.75,183.75,1402.5
2021-10-07 14:36:00,1256.25,-487.5,768.75
2021-10-07 14:37:00,1211.25,273.75,1485.0
2021-10-07 14:38:00,1200.0,221.25,1421.25
2021-10-07 14:39:00,1200.0,348.75,1548.75
2021-10-07 14:40:00,1143.75,547.5,1691.25
2021-10-07 14:41:00,1215.0,311.25,1526.25
2021-10-07 14:42:00,1226.25,-165.0,1061.25
2021-10-07 14:43:00,1293.75,-652.5,641.25
2021-10-07 14:44:00,1286.25,-303.75,982.5
2021-10-07 14:45:00,1275.0,93.75,1368.75
2021-10-07 14:46:00,1327.5,-487.5,840.0
2021-10-07 14:47:00,1361.25,-738.75,622.5
2021-10-07 14:48:00,1350.0,-536.25,813.75
2021-10-07 14:49:00,1338.75,-191.25,1147.5
2021-10-07 14:50:00,1346.25,7.5,1353.75
2021-10-07 14:51:00,1380.0,-453.75,926.25
2021-10-07 14:52:00,1383.75,-476.25,907.5
2021-10-07 14:53:00,1406.25,-656.25,750.0
2021-10-07 14:54:00,1402.5,-303.75,1098.75
2021-10-07 14:55:00,1380.0,-63.75,1316.25
2021-10-07 14:56:00,1391.25,11.25,1402.5
2021-10-07 14:57:00,1383.75,138.75,1522.5
2021-10-07 14:58:00,1395.0,7.5,1402.5
2021-10-07 14:59:00,1361.25,633.75,1995.0
2021-10-07 15:00:00,1380.0,408.75,1788.75
2021-10-07 15:01:00,1436.25,-225.0,1211.25
2021-10-07 15:02:00,1451.25,-1260.0,191.25
2021-10-07 15:03:00,1451.25,-888.75,562.5
2021-10-07 15:04:00,1447.5,-1230.0,217.5
2021-10-07 15:05:00,1458.75,-1245.0,213.75
2021-10-07 15:06:00,1458.75,-975.0,483.75
2021-10-07 15:07:00,1458.75,-682.5,776.25
2021-10-07 15:08:00,1462.5,-798.75,663.75
2021-10-07 15:09:00,1466.25,-1053.75,412.5
2021-10-07 15:10:00,1466.25,-941.25,525.0
2021-10-07 15:11:00,1466.25,-1368.75,97.5
2021-10-07 15:12:00,1470.0,-1312.5,157.5
2021-10-07 15:13:00,1470.0,-1230.0,240.0
2021-10-07 15:14:00,1466.25,-1410.0,56.25
2021-10-07 15:15:00,1470.0,-1346.25,123.75
2021-10-07 15:16:00,1470.0,-1447.5,22.5
2021-10-07 15:17:00,1477.5,-1406.25,71.25
2021-10-07 15:18:00,1473.75,-1301.25,172.5
2021-10-07 15:19:00,1477.5,-1357.5,120.0
2021-10-07 15:20:00,1477.5,-1342.5,135.0
2021-10-07 15:21:00,1477.5,-1342.5,135.0
2021-10-07 15:22:00,1477.5,-1342.5,135.0
2021-10-07 15:23:00,1477.5,-1342.5,135.0
2021-10-07 15:24:00,1477.5,-1342.5,135.0
2021-10-07 15:25:00,1477.5,-1342.5,135.0
2021-10-07 15:26:00,1477.5,-1342.5,135.0
2021-10-07 15:27:00,1477.5,-1342.5,135.0
2021-10-07 15:28:00,1477.5,-1342.5,135.0
2021-10-07 15:29:00,1477.5,-1342.5,135.0
2021-10-07 15:30:00,1477.5,-1342.5,135.0
2021-10-14 10:15:00,0.0,0.0,0.0
2021-10-14 10:16:00,45.0,-37.5,7.5
2021-10-14 10:17:00,105.0,-93.75,11.25
2021-10-14 10:18:00,131.25,-90.0,41.25
2021-10-14 10:19:00,135.0,-97.5,37.5
2021-10-14 10:20:00,105.0,-41.25,63.75
2021-10-14 10:21:00,52.5,37.5,90.0
2021-10-14 10:22:00,78.75,-7.5,71.25
2021-10-14 10:23:00,48.75,18.75,67.5
2021-10-14 10:24:00,30.0,33.75,63.75
2021-10-14 10:25:00,48.75,18.75,67.5
2021-10-14 10:26:00,37.5,37.5,75.0
2021-10-14 10:27:00,60.0,26.25,86.25
2021-10-14 10:28:00,116.25,-45.0,71.25
2021-10-14 10:29:00,120.0,-45.0,75.0
2021-10-14 10:30:00,112.5,-33.75,78.75
2021-10-14 10:31:00,63.75,-7.5,56.25
2021-10-14 10:32:00,93.75,-18.75,75.0
2021-10-14 10:33:00,112.5,-22.5,90.0
2021-10-14 10:34:00,123.75,-30.0,93.75
2021-10-14 10:35:00,142.5,-37.5,105.0
2021-10-14 10:36:00,206.25,-67.5,138.75
2021-10-14 10:37:00,326.25,-41.25,285.0
2021-10-14 10:38:00,300.0,-37.5,262.5
2021-10-14 10:39:00,232.5,33.75,266.25
2021-10-14 10:40:00,296.25,22.5,318.75
2021-10-14 10:41:00,228.75,75.0,303.75
2021-10-14 10:42:00,221.25,86.25,307.5
2021-10-14 10:43:00,240.0,78.75,318.75
2021-10-14 10:44:00,277.5,41.25,318.75
2021-10-14 10:45:00,296.25,26.25,322.5
2021-10-14 10:46:00,277.5,48.75,326.25
2021-10-14 10:47:00,296.25,52.5,348.75
2021-10-14 10:48:00,315.0,41.25,356.25
2021-10-14 10:49:00,292.5,30.0,322.5
2021-10-14 10:50:00,296.25,30.0,326.25
2021-10-14 10:51:00,307.5,41.25,348.75
2021-10-14 10:52:00,315.0,37.5,352.5
2021-10-14 10:53:00,296.25,48.75,345.0
2021-10-14 10:54:00,315.0,48.75,363.75
2021-10-14 10:55:00,157.5,266.25,423.75
2021-10-14 10:56:00,123.75,213.75,337.5
2021-10-14 10:57:00,135.0,206.25,341.25
2021-10-14 10:58:00,60.0,251.25,311.25
2021-10-14 10:59:00,30.0,255.0,285.0
2021-10-14 11:00:00,-11.25,255.0,243.75
2021-10-14 11:01:00,-3.75,266.25,262.5
2021-10-14 11:02:00,-75.0,303.75,228.75
2021-10-14 11:03:00,-333.75,356.25,22.5
2021-10-14 11:04:00,-236.25,333.75,97.5
2021-10-14 11:05:00,-521.25,367.5,-153.75
2021-10-14 11:06:00,-401.25,330.0,-71.25
2021-10-14 11:07:00,-367.5,202.5,-165.0
2021-10-14 11:08:00,-363.75,255.0,-108.75
2021-10-14 11:09:00,-300.0,195.0,-105.0
2021-10-14 11:10:00,-457.5,363.75,-93.75
2021-10-14 11:11:00,-348.75,243.75,-105.0
2021-10-14 11:12:00,-352.5,273.75,-78.75
2021-10-14 11:13:00,-348.75,277.5,-71.25
2021-10-14 11:14:00,-360.0,352.5,-7.5
2021-10-14 11:15:00,-397.5,435.0,37.5
2021-10-14 11:16:00,-465.0,566.25,101.25
2021-10-14 11:17:00,-483.75,547.5,63.75
2021-10-14 11:18:00,-566.25,742.5,176.25
2021-10-14 11:19:00,-562.5,810.0,247.5
2021-10-14 11:20:00,-547.5,798.75,251.25
2021-10-14 11:21:00,-547.5,825.0,277.5
2021-10-14 11:22:00,-641.25,911.25,270.0
2021-10-14 11:23:00,-731.25,1027.5,296.25
2021-10-14 11:24:00,-806.25,1035.0,228.75
2021-10-14 11:25:00,-686.25,952.5,266.25
2021-10-14 11:26:00,-817.5,1001.25,183.75
2021-10-14 11:27:00,-821.25,1117.5,296.25
2021-10-14 11:28:00,-708.75,993.75,285.0
2021-10-14 11:29:00,-720.0,1012.5,292.5
2021-10-14 11:30:00,-708.75,1057.5,348.75
2021-10-14 11:31:00,-798.75,1301.25,502.5
2021-10-14 11:32:00,-735.0,1282.5,547.5
2021-10-14 11:33:00,-753.75,1290.0,536.25
2021-10-14 11:34:00,-813.75,1391.25,577.5
2021-10-14 11:35:00,-765.0,1301.25,536.25
2021-10-14 11:36:00,-618.75,1110.0,491.25
2021-10-14 11:37:00,-585.0,1023.75,438.75
2021-10-14 11:38:00,-570.0,993.75,423.75
2021-10-14 11:39:00,-607.5,1031.25,423.75
2021-10-14 11:40:00,-618.75,1065.0,446.25
2021-10-14 11:41:00,-457.5,975.0,517.5
2021-10-14 11:42:00,-521.25,1005.0,483.75
2021-10-14 11:43:00,-468.75,971.25,502.5
2021-10-14 11:44:00,-645.0,1132.5,487.5
2021-10-14 11:45:00,-660.0,1286.25,626.25
2021-10-14 11:46:00,-558.75,1170.0,611.25
2021-10-14 11:47:00,-701.25,1357.5,656.25
2021-10-14 11:48:00,-720.0,1428.75,708.75
2021-10-14 11:49:00,-825.0,1653.75,828.75
2021-10-14 11:50:00,-768.75,1608.75,840.0
2021-10-14 11:51:00,-757.5,1608.75,851.25
2021-10-14 11:52:00,-851.25,1676.25,825.0
2021-10-14 11:53:00,-772.5,1597.5,825.0
2021-10-14 11:54:00,-802.5,1642.5,840.0
2021-10-14 11:55:00,-813.75,1646.25,832.5
2021-10-14 11:56:00,-817.5,1665.0,847.5
2021-10-14 11:57:00,-746.25,1612.5,866.25
2021-10-14 11:58:00,-596.25,1503.75,907.5
2021-10-14 11:59:00,-480.0,1372.5,892.5
2021-10-14 12:00:00,-611.25,1473.75,862.5
2021-10-14 12:01:00,-686.25,1496.25,810.0
2021-10-14 12:02:00,-603.75,1368.75,765.0
2021-10-14 12:03:00,-532.5,1327.5,795.0
2021-10-14 12:04:00,-570.0,1365.0,795.0
2021-10-14 12:05:00,-528.75,1305.0,776.25
2021-10-14 12:06:00,-468.75,1181.25,712.5
2021-10-14 12:07:00,-476.25,1207.5,731.25
2021-10-14 12:08:00,-480.0,1301.25,821.25
2021-10-14 12:09:00,-536.25,1440.0,903.75
2021-10-14 12:10:00,-532.5,1406.25,873.75
2021-10-14 12:11:00,-457.5,1293.75,836.25
2021-10-14 12:12:00,-585.0,1473.75,888.75
2021-10-14 12:13:00,-633.75,1563.75,930.0
2021-10-14 12:14:00,-626.25,1556.25,930.0
2021-10-14 12:15:00,-573.75,1492.5,918.75
2021-10-14 12:16:00,-532.5,1466.25,933.75
2021-10-14 12:17:00,-390.0,1290.0,900.0
2021-10-14 12:18:00,-176.25,1061.25,885.0
2021-10-14 12:19:00,-131.25,941.25,810.0
2021-10-14 12:20:00,-326.25,1132.5,806.25
2021-10-14 12:21:00,-348.75,1256.25,907.5
2021-10-14 12:22:00,-270.0,1106.25,836.25
2021-10-14 12:23:00,-341.25,1252.5,911.25
2021-10-14 12:24:00,-266.25,1162.5,896.25
2021-10-14 12:25:00,-303.75,1245.0,941.25
2021-10-14 12:26:00,-330.0,1312.5,982.5
2021-10-14 12:27:00,-262.5,1117.5,855.0
2021-10-14 12:28:00,-213.75,1050.0,836.25
2021-10-14 12:29:00,-285.0,1215.0,930.0
2021-10-14 12:30:00,-202.5,1121.25,918.75
2021-10-14 12:31:00,-90.0,915.0,825.0
2021-10-14 12:32:00,-217.5,1061.25,843.75
2021-10-14 12:33:00,-228.75,1113.75,885.0
2021-10-14 12:34:00,-82.5,858.75,776.25
2021-10-14 12:35:00,-97.5,903.75,806.25
2021-10-14 12:36:00,-78.75,903.75,825.0
2021-10-14 12:37:00,-101.25,888.75,787.5
2021-10-14 12:38:00,-75.0,997.5,922.5
2021-10-14 12:39:00,-22.5,810.0,787.5
2021-10-14 12:40:00,-37.5,915.0,877.5
2021-10-14 12:41:00,-116.25,1192.5,1076.25
2021-10-14 12:42:00,-112.5,1211.25,1098.75
2021-10-14 12:43:00,-150.0,1301.25,1151.25
2021-10-14 12:44:00,-108.75,1237.5,1128.75
2021-10-14 12:45:00,-146.25,1301.25,1155.0
2021-10-14 12:46:00,-195.0,1376.25,1181.25
2021-10-14 12:47:00,-180.0,1237.5,1057.5
2021-10-14 12:48:00,-142.5,1181.25,1038.75
2021-10-14 12:49:00,-48.75,1053.75,1005.0
2021-10-14 12:50:00,-33.75,1080.0,1046.25
2021-10-14 12:51:00,138.75,870.0,1008.75
2021-10-14 12:52:00,270.0,720.0,990.0
2021-10-14 12:53:00,168.75,855.0,1023.75
2021-10-14 12:54:00,52.5,1166.25,1218.75
2021-10-14 12:55:00,112.5,1068.75,1181.25
2021-10-14 12:56:00,146.25,997.5,1143.75
2021-10-14 12:57:00,146.25,1083.75,1230.0
2021-10-14 12:58:00,243.75,858.75,1102.5
2021-10-14 12:59:00,251.25,843.75,1095.0
2021-10-14 13:00:00,292.5,828.75,1121.25
2021-10-14 13:01:00,442.5,562.5,1005.0
2021-10-14 13:02:00,427.5,648.75,1076.25
2021-10-14 13:03:00,551.25,251.25,802.5
2021-10-14 13:04:00,641.25,-255.0,386.25
2021-10-14 13:05:00,532.5,150.0,682.5
2021-10-14 13:06:00,660.0,-101.25,558.75
2021-10-14 13:07:00,648.75,3.75,652.5
2021-10-14 13:08:00,566.25,131.25,697.5
2021-10-14 13:09:00,570.0,90.0,660.0
2021-10-14 13:10:00,532.5,480.0,1012.5
2021-10-14 13:11:00,525.0,543.75,1068.75
2021-10-14 13:12:00,611.25,423.75,1035.0
2021-10-14 13:13:00,450.0,960.0,1410.0
2021-10-14 13:14:00,363.75,1132.5,1496.25
2021-10-14 13:15:00,375.0,1065.0,1440.0
2021-10-14 13:16:00,393.75,963.75,1357.5
2021-10-14 13:17:00,386.25,1001.25,1387.5
2021-10-14 13:18:00,446.25,821.25,1267.5
2021-10-14 13:19:00,457.5,690.0,1147.5
2021-10-14 13:20:00,536.25,641.25,1177.5
2021-10-14 13:21:00,607.5,521.25,1128.75
2021-10-14 13:22:00,506.25,933.75,1440.0
2021-10-14 13:23:00,603.75,607.5,1211.25
2021-10-14 13:24:00,588.75,618.75,1207.5
2021-10-14 13:25:00,663.75,521.25,1185.0
2021-10-14 13:26:00,731.25,487.5,1218.75
2021-10-14 13:27:00,870.0,78.75,948.75
2021-10-14 13:28:00,911.25,71.25,982.5
2021-10-14 13:29:00,911.25,86.25,997.5
2021-10-14 13:30:00,990.0,-168.75,821.25
2021-10-14 13:31:00,1136.25,-1053.75,82.5
2021-10-14 13:32:00,1087.5,-727.5,360.0
2021-10-14 13:33:00,1008.75,-180.0,828.75
2021-10-14 13:34:00,956.25,221.25,1177.5
2021-10-14 13:35:00,907.5,292.5,1200.0
2021-10-14 13:36:00,990.0,-116.25,873.75
2021-10-14 13:37:00,922.5,378.75,1301.25
2021-10-14 13:38:00,930.0,408.75,1338.75
2021-10-14 13:39:00,603.75,1432.5,2036.25
2021-10-14 13:40:00,618.75,1522.5,2141.25
2021-10-14 13:41:00,453.75,1875.0,2328.75
2021-10-14 13:42:00,453.75,1807.5,2261.25
2021-10-14 13:43:00,390.0,1950.0,2340.0
2021-10-14 13:44:00,7.5,2347.5,2355.0
2021-10-14 13:45:00,105.0,2133.75,2238.75
2021-10-14 13:46:00,-3.75,2302.5,2298.75
2021-10-14 13:47:00,105.0,2205.0,2310.0
2021-10-14 13:48:00,123.75,2152.5,2276.25
2021-10-14 13:49:00,-131.25,2497.5,2366.25
2021-10-14 13:50:00,123.75,2370.0,2493.75
2021-10-14 13:51:00,371.25,2081.25,2452.5
2021-10-14 13:52:00,153.75,2250.0,2403.75
2021-10-14 13:53:00,93.75,2370.0,2463.75
2021-10-14 13:54:00,213.75,2310.0,2523.75
2021-10-14 13:55:00,202.5,2310.0,2512.5
2021-10-14 13:56:00,393.75,2238.75,2632.5
2021-10-14 13:57:00,322.5,2250.0,2572.5
2021-10-14 13:58:00,285.0,2257.5,2542.5
2021-10-14 13:59:00,386.25,2152.5,2538.75
2021-10-14 14:00:00,465.0,2017.5,2482.5
2021-10-14 14:01:00,48.75,2636.25,2685.0
2021-10-14 14:02:00,48.75,2617.5,2666.25
2021-10-14 14:03:00,30.0,2591.25,2621.25
2021-10-14 14:04:00,-228.75,2820.0,2591.25
2021-10-14 14:05:00,-131.25,2782.5,2651.25
2021-10-14 14:06:00,-45.0,2703.75,2658.75
2021-10-14 14:07:00,-82.5,2722.5,2640.0
2021-10-14 14:08:00,-15.0,2711.25,2696.25
2021-10-14 14:09:00,11.25,2640.0,2651.25
2021-10-14 14:10:00,78.75,2658.75,2737.5
2021-10-14 14:11:00,97.5,2651.25,2748.75
2021-10-14 14:12:00,150.0,2670.0,2820.0
2021-10-14 14:13:00,52.5,2801.25,2853.75
2021-10-14 14:14:00,146.25,2763.75,2910.0
2021-10-14 14:15:00,262.5,2711.25,2973.75
2021-10-14 14:16:00,183.75,2748.75,2932.5
2021-10-14 14:17:00,41.25,2921.25,2962.5
2021-10-14 14:18:00,-26.25,3022.5,2996.25
2021-10-14 14:19:00,-41.25,2985.0,2943.75
2021-10-14 14:20:00,7.5,2943.75,2951.25
2021-10-14 14:21:00,-146.25,3052.5,2906.25
2021-10-14 14:22:00,-135.0,3015.0,2880.0
2021-10-14 14:23:00,-60.0,2955.0,2895.0
2021-10-14 14:24:00,-187.5,3146.25,2958.75
2021-10-14 14:25:00,-195.0,3123.75,2928.75
2021-10-14 14:26:00,-101.25,3052.5,2951.25
2021-10-14 14:27:00,-71.25,3067.5,2996.25
2021-10-14 14:28:00,138.75,2958.75,3097.5
2021-10-14 14:29:00,371.25,2838.75,3210.0
2021-10-14 14:30:00,423.75,2730.0,3153.75
2021-10-14 14:31:00,581.25,2606.25,3187.5
2021-10-14 14:32:00,686.25,2542.5,3228.75
2021-10-14 14:33:00,558.75,2666.25,3225.0
2021-10-14 14:34:00,273.75,2973.75,3247.5
2021-10-14 14:35:00,228.75,3056.25,3285.0
2021-10-14 14:36:00,101.25,3108.75,3210.0
2021-10-14 14:37:00,210.0,3041.25,3251.25
2021-10-14 14:38:00,243.75,2985.0,3228.75
2021-10-14 14:39:00,420.0,2913.75,3333.75
2021-10-14 14:40:00,506.25,2662.5,3168.75
2021-10-14 14:41:00,333.75,2932.5,3266.25
2021-10-14 14:42:00,453.75,2823.75,3277.5
2021-10-14 14:43:00,577.5,2763.75,3341.25
2021-10-14 14:44:00,577.5,2812.5,3390.0
2021-10-14 14:45:00,483.75,3018.75,3502.5
2021-10-14 14:46:00,446.25,3052.5,3498.75
2021-10-14 14:47:00,382.5,3075.0,3457.5
2021-10-14 14:48:00,270.0,3138.75,3408.75
2021-10-14 14:49:00,67.5,3273.75,3341.25
2021-10-14 14:50:00,3.75,3307.5,3311.25
2021-10-14 14:51:00,67.5,3348.75,3416.25
2021-10-14 14:52:00,-48.75,3393.75,3345.0
2021-10-14 14:53:00,18.75,3341.25,3360.0
2021-10-14 14:54:00,11.25,3390.0,3401.25
2021-10-14 14:55:00,-300.0,3547.5,3247.5
2021-10-14 14:56:00,-360.0,3536.25,3176.25
2021-10-14 14:57:00,-532.5,3555.0,3022.5
2021-10-14 14:58:00,-453.75,3570.0,3116.25
2021-10-14 14:59:00,-423.75,3611.25,3187.5
2021-10-14 15:00:00,-423.75,3603.75,3180.0
2021-10-14 15:01:00,-348.75,3558.75,3210.0
2021-10-14 15:02:00,-465.0,3626.25,3161.25
2021-10-14 15:03:00,-390.0,3671.25,3281.25
2021-10-14 15:04:00,-363.75,3682.5,3318.75
2021-10-14 15:05:00,-971.25,3712.5,2741.25
2021-10-14 15:06:00,-1087.5,3723.75,2636.25
2021-10-14 15:07:00,-922.5,3723.75,2801.25
2021-10-14 15:08:00,-993.75,3727.5,2733.75
2021-10-14 15:09:00,-1065.0,3750.0,2685.0
2021-10-14 15:10:00,-1196.25,3757.5,2561.25
2021-10-14 15:11:00,-1192.5,3765.0,2572.5
2021-10-14 15:12:00,-1140.0,3776.25,2636.25
2021-10-14 15:13:00,-1080.0,3768.75,2688.75
2021-10-14 15:14:00,-1260.0,3780.0,2520.0
2021-10-14 15:15:00,-1297.5,3776.25,2478.75
2021-10-14 15:16:00,-1316.25,3776.25,2460.0
2021-10-14 15:17:00,-1545.0,3780.0,2235.0
2021-10-14 15:18:00,-1548.75,3772.5,2223.75
2021-10-14 15:19:00,-1436.25,3783.75,2347.5
2021-10-14 15:20:00,-1462.5,3776.25,2313.75
2021-10-14 15:21:00,-1462.5,3776.25,2313.75
2021-10-14 15:22:00,-1462.5,3776.25,2313.75
2021-10-14 15:23:00,-1462.5,3776.25,2313.75
2021-10-14 15:24:00,-1462.5,3776.25,2313.75
2021-10-14 15:25:00,-1462.5,3776.25,2313.75
2021-10-14 15:26:00,-1462.5,3776.25,2313.75
2021-10-14 15:27:00,-1462.5,3776.25,2313.75
2021-10-14 15:28:00,-1462.5,3776.25,2313.75
2021-10-14 15:29:00,-1462.5,3776.25,2313.75
2021-10-14 15:30:00,-1462.5,3776.25,2313.75
2021-10-21 10:15:00,0.0,0.0,0.0
2021-10-21 10:16:00,0.0,-97.5,-97.5
2021-10-21 10:17:00,0.0,-251.25,-251.25
2021-10-21 10:18:00,0.0,-228.75,-228.75
2021-10-21 10:19:00,0.0,-157.5,-157.5
2021-10-21 10:20:00,0.0,-165.0,-165.0
2021-10-21 10:21:00,0.0,-243.75,-243.75
2021-10-21 10:22:00,0.0,-191.25,-191.25
2021-10-21 10:23:00,0.0,-41.25,-41.25
2021-10-21 10:24:00,0.0,-273.75,-273.75
2021-10-21 10:25:00,0.0,-150.0,-150.0
2021-10-21 10:26:00,0.0,-101.25,-101.25
2021-10-21 10:27:00,0.0,-56.25,-56.25
2021-10-21 10:28:00,0.0,-86.25,-86.25
2021-10-21 10:29:00,0.0,22.5,22.5
2021-10-21 10:30:00,0.0,-123.75,-123.75
2021-10-21 10:31:00,0.0,-131.25,-131.25
2021-10-21 10:32:00,0.0,-60.0,-60.0
2021-10-21 10:33:00,0.0,-206.25,-206.25
2021-10-21 10:34:00,0.0,-191.25,-191.25
2021-10-21 10:35:00,0.0,-232.5,-232.5
2021-10-21 10:36:00,0.0,-438.75,-438.75
2021-10-21 10:37:00,0.0,-483.75,-483.75
2021-10-21 10:38:00,0.0,-495.0,-495.0
2021-10-21 10:39:00,0.0,-360.0,-360.0
2021-10-21 10:40:00,0.0,-656.25,-656.25
2021-10-21 10:41:00,0.0,-821.25,-821.25
2021-10-21 10:42:00,0.0,-885.0,-885.0
2021-10-21 10:43:00,0.0,-791.25,-791.25
2021-10-21 10:44:00,0.0,-761.25,-761.25
2021-10-21 10:45:00,0.0,-1181.25,-1181.25
2021-10-21 10:46:00,0.0,-1106.25,-1106.25
2021-10-21 10:47:00,0.0,-1087.5,-1087.5
2021-10-21 10:48:00,0.0,-1177.5,-1177.5
2021-10-21 10:49:00,0.0,-1428.75,-1428.75
2021-10-21 10:50:00,0.0,-1110.0,-1110.0
2021-10-21 10:51:00,0.0,-1117.5,-1117.5
2021-10-21 10:52:00,0.0,-1466.25,-1466.25
2021-10-21 10:53:00,0.0,-1425.0,-1425.0
2021-10-21 10:54:00,0.0,-1473.75,-1473.75
2021-10-21 10:55:00,0.0,-1507.5,-1507.5
2021-10-21 10:56:00,0.0,-1432.5,-1432.5
2021-10-21 10:57:00,0.0,-1717.5,-1717.5
2021-10-21 10:58:00,0.0,-1717.5,-1717.5
2021-10-21 10:59:00,0.0,-1815.0,-1815.0
2021-10-21 11:00:00,0.0,-2531.25,-2531.25
2021-10-21 11:01:00,78.75,-2613.75,-2535.0
2021-10-21 11:02:00,176.25,-2617.5,-2441.25
2021-10-21 11:03:00,172.5,-2756.25,-2583.75
2021-10-21 11:04:00,367.5,-2853.75,-2486.25
2021-10-21 11:05:00,600.0,-3352.5,-2752.5
2021-10-21 11:06:00,461.25,-3168.75,-2707.5
2021-10-21 11:07:00,618.75,-3502.5,-2883.75
2021-10-21 11:08:00,450.0,-3187.5,-2737.5
2021-10-21 11:09:00,195.0,-2478.75,-2283.75
2021-10-21 11:10:00,63.75,-2092.5,-2028.75
2021-10-21 11:11:00,-138.75,-1665.0,-1803.75
2021-10-21 11:12:00,41.25,-2010.0,-1968.75
2021-10-21 11:13:00,476.25,-2752.5,-2276.25
2021-10-21 11:14:00,543.75,-2902.5,-2358.75
2021-10-21 11:15:00,566.25,-2868.75,-2302.5
2021-10-21 11:16:00,858.75,-3281.25,-2422.5
2021-10-21 11:17:00,855.0,-3476.25,-2621.25
2021-10-21 11:18:00,761.25,-3228.75,-2467.5
2021-10-21 11:19:00,660.0,-2917.5,-2257.5
2021-10-21 11:20:00,506.25,-2643.75,-2137.5
2021-10-21 11:21:00,611.25,-2793.75,-2182.5
2021-10-21 11:22:00,476.25,-2456.25,-1980.0
2021-10-21 11:23:00,483.75,-2516.25,-2032.5
2021-10-21 11:24:00,495.0,-2576.25,-2081.25
2021-10-21 11:25:00,431.25,-2388.75,-1957.5
2021-10-21 11:26:00,378.75,-2358.75,-1980.0
2021-10-21 11:27:00,300.0,-2220.0,-1920.0
2021-10-21 11:28:00,356.25,-2415.0,-2058.75
2021-10-21 11:29:00,213.75,-2197.5,-1983.75
2021-10-21 11:30:00,-18.75,-1886.25,-1905.0
2021-10-21 11:31:00,112.5,-1998.75,-1886.25
2021-10-21 11:32:00,-131.25,-1526.25,-1657.5
2021-10-21 11:33:00,-513.75,-948.75,-1462.5
2021-10-21 11:34:00,-300.0,-1143.75,-1443.75
2021-10-21 11:35:00,-56.25,-1376.25,-1432.5
2021-10-21 11:36:00,-453.75,-855.0,-1308.75
2021-10-21 11:37:00,-393.75,-1012.5,-1406.25
2021-10-21 11:38:00,-393.75,-971.25,-1365.0
2021-10-21 11:39:00,-183.75,-1125.0,-1308.75
2021-10-21 11:40:00,-360.0,-930.0,-1290.0
2021-10-21 11:41:00,-675.0,-618.75,-1293.75
2021-10-21 11:42:00,-525.0,-630.0,-1155.0
2021-10-21 11:43:00,-483.75,-678.75,-1162.5
2021-10-21 11:44:00,-176.25,-926.25,-1102.5
2021-10-21 11:45:00,-37.5,-1076.25,-1113.75
2021-10-21 11:46:00,-281.25,-907.5,-1188.75
2021-10-21 11:47:00,-405.0,-693.75,-1098.75
2021-10-21 11:48:00,-405.0,-712.5,-1117.5
2021-10-21 11:49:00,-255.0,-840.0,-1095.0
2021-10-21 11:50:00,-161.25,-1001.25,-1162.5
2021-10-21 11:51:00,-202.5,-926.25,-1128.75
2021-10-21 11:52:00,-232.5,-825.0,-1057.5
2021-10-21 11:53:00,-393.75,-633.75,-1027.5
2021-10-21 11:54:00,-105.0,-956.25,-1061.25
2021-10-21 11:55:00,-33.75,-1035.0,-1068.75
2021-10-21 11:56:00,618.75,-1728.75,-1110.0
2021-10-21 11:57:00,461.25,-1706.25,-1245.0
2021-10-21 11:58:00,622.5,-1860.0,-1237.5
2021-10-21 11:59:00,648.75,-1770.0,-1121.25
2021-10-21 12:00:00,476.25,-1477.5,-1001.25
2021-10-21 12:01:00,513.75,-1507.5,-993.75
2021-10-21 12:02:00,712.5,-1728.75,-1016.25
2021-10-21 12:03:00,888.75,-1920.0,-1031.25
2021-10-21 12:04:00,952.5,-1923.75,-971.25
2021-10-21 12:05:00,903.75,-1811.25,-907.5
2021-10-21 12:06:00,802.5,-1500.0,-697.5
2021-10-21 12:07:00,885.0,-1676.25,-791.25
2021-10-21 12:08:00,813.75,-1567.5,-753.75
2021-10-21 12:09:00,738.75,-1346.25,-607.5
2021-10-21 12:10:00,825.0,-1473.75,-648.75
2021-10-21 12:11:00,746.25,-1241.25,-495.0
2021-10-21 12:12:00,900.0,-1447.5,-547.5
2021-10-21 12:13:00,858.75,-1417.5,-558.75
2021-10-21 12:14:00,851.25,-1436.25,-585.0
2021-10-21 12:15:00,675.0,-1087.5,-412.5
2021-10-21 12:16:00,562.5,-915.0,-352.5
2021-10-21 12:17:00,682.5,-1125.0,-442.5
2021-10-21 12:18:00,678.75,-1095.0,-416.25
2021-10-21 12:19:00,990.0,-1455.0,-465.0
2021-10-21 12:20:00,896.25,-1432.5,-536.25
2021-10-21 12:21:00,952.5,-1477.5,-525.0
2021-10-21 12:22:00,798.75,-1211.25,-412.5
2021-10-21 12:23:00,967.5,-1481.25,-513.75
2021-10-21 12:24:00,1038.75,-1608.75,-570.0
2021-10-21 12:25:00,1357.5,-2103.75,-746.25
2021-10-21 12:26:00,1305.0,-2100.0,-795.0
2021-10-21 12:27:00,1282.5,-1833.75,-551.25
2021-10-21 12:28:00,1481.25,-2070.0,-588.75
2021-10-21 12:29:00,1586.25,-2160.0,-573.75
2021-10-21 12:30:00,1481.25,-2006.25,-525.0
2021-10-21 12:31:00,1447.5,-1871.25,-423.75
2021-10-21 12:32:00,1458.75,-1901.25,-442.5
2021-10-21 12:33:00,1353.75,-1623.75,-270.0
2021-10-21 12:34:00,1391.25,-1605.0,-213.75
2021-10-21 12:35:00,1425.0,-1766.25,-341.25
2021-10-21 12:36:00,1518.75,-1980.0,-461.25
2021-10-21 12:37:00,1631.25,-2351.25,-720.0
2021-10-21 12:38:00,1616.25,-2216.25,-600.0
2021-10-21 12:39:00,1518.75,-2051.25,-532.5
2021-10-21 12:40:00,1455.0,-1803.75,-348.75
2021-10-21 12:41:00,1346.25,-1586.25,-240.0
2021-10-21 12:42:00,1301.25,-1458.75,-157.5
2021-10-21 12:43:00,1335.0,-1473.75,-138.75
2021-10-21 12:44:00,1293.75,-1350.0,-56.25
2021-10-21 12:45:00,1305.0,-1417.5,-112.5
2021-10-21 12:46:00,1357.5,-1575.0,-217.5
2021-10-21 12:47:00,1143.75,-1260.0,-116.25
2021-10-21 12:48:00,877.5,-963.75,-86.25
2021-10-21 12:49:00,1042.5,-1237.5,-195.0
2021-10-21 12:50:00,941.25,-1038.75,-97.5
2021-10-21 12:51:00,765.0,-810.0,-45.0
2021-10-21 12:52:00,1031.25,-1125.0,-93.75
2021-10-21 12:53:00,1155.0,-1207.5,-52.5
2021-10-21 12:54:00,1027.5,-1065.0,-37.5
2021-10-21 12:55:00,1102.5,-1102.5,0.0
2021-10-21 12:56:00,1335.0,-1387.5,-52.5
2021-10-21 12:57:00,1132.5,-997.5,135.0
2021-10-21 12:58:00,1117.5,-1065.0,52.5
2021-10-21 12:59:00,611.25,-442.5,168.75
2021-10-21 13:00:00,723.75,-525.0,198.75
2021-10-21 13:01:00,780.0,-506.25,273.75
2021-10-21 13:02:00,765.0,-491.25,273.75
2021-10-21 13:03:00,697.5,-356.25,341.25
2021-10-21 13:04:00,1020.0,-607.5,412.5
2021-10-21 13:05:00,915.0,-577.5,337.5
2021-10-21 13:06:00,1147.5,-772.5,375.0
2021-10-21 13:07:00,1147.5,-821.25,326.25
2021-10-21 13:08:00,1233.75,-915.0,318.75
2021-10-21 13:09:00,1278.75,-1035.0,243.75
2021-10-21 13:10:00,1256.25,-1020.0,236.25
2021-10-21 13:11:00,1320.0,-1083.75,236.25
2021-10-21 13:12:00,1440.0,-1252.5,187.5
2021-10-21 13:13:00,1526.25,-1316.25,210.0
2021-10-21 13:14:00,1451.25,-1308.75,142.5
2021-10-21 13:15:00,1447.5,-1278.75,168.75
2021-10-21 13:16:00,1515.0,-1365.0,150.0
2021-10-21 13:17:00,1695.0,-1672.5,22.5
2021-10-21 13:18:00,1822.5,-1995.0,-172.5
2021-10-21 13:19:00,1646.25,-1627.5,18.75
2021-10-21 13:20:00,1642.5,-1653.75,-11.25
2021-10-21 13:21:00,1511.25,-1323.75,187.5
2021-10-21 13:22:00,1751.25,-1976.25,-225.0
2021-10-21 13:23:00,1661.25,-1657.5,3.75
2021-10-21 13:24:00,1668.75,-1732.5,-63.75
2021-10-21 13:25:00,1661.25,-1710.0,-48.75
2021-10-21 13:26:00,1650.0,-1582.5,67.5
2021-10-21 13:27:00,1590.0,-1308.75,281.25
2021-10-21 13:28:00,1421.25,-772.5,648.75
2021-10-21 13:29:00,1811.25,-1792.5,18.75
2021-10-21 13:30:00,1942.5,-2677.5,-735.0
2021-10-21 13:31:00,2013.75,-2835.0,-821.25
2021-10-21 13:32:00,1931.25,-2587.5,-656.25
2021-10-21 13:33:00,2006.25,-2722.5,-716.25
2021-10-21 13:34:00,2055.0,-2951.25,-896.25
2021-10-21 13:35:00,2111.25,-2913.75,-802.5
2021-10-21 13:36:00,2137.5,-3255.0,-1117.5
2021-10-21 13:37:00,2182.5,-3337.5,-1155.0
2021-10-21 13:38:00,2190.0,-3225.0,-1035.0
2021-10-21 13:39:00,2137.5,-3003.75,-866.25
2021-10-21 13:40:00,2111.25,-2921.25,-810.0
2021-10-21 13:41:00,2186.25,-3341.25,-1155.0
2021-10-21 13:42:00,2201.25,-3225.0,-1023.75
2021-10-21 13:43:00,2246.25,-3457.5,-1211.25
2021-10-21 13:44:00,2268.75,-3750.0,-1481.25
2021-10-21 13:45:00,2197.5,-2985.0,-787.5
2021-10-21 13:46:00,2152.5,-2643.75,-491.25
2021-10-21 13:47:00,2208.75,-3153.75,-945.0
2021-10-21 13:48:00,2167.5,-2538.75,-371.25
2021-10-21 13:49:00,2152.5,-2471.25,-318.75
2021-10-21 13:50:00,2190.0,-2606.25,-416.25
2021-10-21 13:51:00,2186.25,-2595.0,-408.75
2021-10-21 13:52:00,2141.25,-2062.5,78.75
2021-10-21 13:53:00,2175.0,-2261.25,-86.25
2021-10-21 13:54:00,2261.25,-2898.75,-637.5
2021-10-21 13:55:00,2325.0,-3416.25,-1091.25
2021-10-21 13:56:00,2325.0,-2992.5,-667.5
2021-10-21 13:57:00,2325.0,-3037.5,-712.5
2021-10-21 13:58:00,2325.0,-2403.75,-78.75
2021-10-21 13:59:00,2325.0,-2628.75,-303.75
2021-10-21 14:00:00,2325.0,-2962.5,-637.5
2021-10-21 14:01:00,2325.0,-2962.5,-637.5
2021-10-21 14:02:00,2325.0,-2962.5,-637.5
2021-10-21 14:03:00,2325.0,-2962.5,-637.5
2021-10-21 14:04:00,2325.0,-2962.5,-637.5
2021-10-21 14:05:00,2325.0,-2962.5,-637.5
2021-10-21 14:06:00,2325.0,-2962.5,-637.5
2021-10-21 14:07:00,2325.0,-2962.5,-637.5
2021-10-21 14:08:00,2325.0,-2962.5,-637.5
2021-10-21 14:09:00,2325.0,-2962.5,-637.5
2021-10-21 14:10:00,2325.0,-2962.5,-637.5
2021-10-21 14:11:00,2325.0,-2962.5,-637.5
2021-10-21 14:12:00,2325.0,-2962.5,-637.5
2021-10-21 14:13:00,2325.0,-2962.5,-637.5
2021-10-21 14:14:00,2325.0,-2962.5,-637.5
2021-10-21 14:15:00,2325.0,-2962.5,-637.5
2021-10-21 14:16:00,2325.0,-2962.5,-637.5
2021-10-21 14:17:00,2325.0,-2962.5,-637.5
2021-10-21 14:18:00,2325.0,-2962.5,-637.5
2021-10-21 14:19:00,2325.0,-2962.5,-637.5
2021-10-21 14:20:00,2325.0,-2962.5,-637.5
2021-10-21 14:21:00,2325.0,-2962.5,-637.5
2021-10-21 14:22:00,2325.0,-2962.5,-637.5
2021-10-21 14:23:00,2325.0,-2962.5,-637.5
2021-10-21 14:24:00,2325.0,-2962.5,-637.5
2021-10-21 14:25:00,2325.0,-2962.5,-637.5
2021-10-21 14:26:00,2325.0,-2962.5,-637.5
2021-10-21 14:27:00,2325.0,-2962.5,-637.5
2021-10-21 14:28:00,2325.0,-2962.5,-637.5
2021-10-21 14:29:00,2325.0,-2962.5,-637.5
2021-10-21 14:30:00,2325.0,-2962.5,-637.5
2021-10-21 14:31:00,2325.0,-2962.5,-637.5
2021-10-21 14:32:00,2325.0,-2962.5,-637.5
2021-10-21 14:33:00,2325.0,-2962.5,-637.5
2021-10-21 14:34:00,2325.0,-2962.5,-637.5
2021-10-21 14:35:00,2325.0,-2962.5,-637.5
2021-10-21 14:36:00,2325.0,-2962.5,-637.5
2021-10-21 14:37:00,2325.0,-2962.5,-637.5
2021-10-21 14:38:00,2325.0,-2962.5,-637.5
2021-10-21 14:39:00,2325.0,-2962.5,-637.5
2021-10-21 14:40:00,2325.0,-2962.5,-637.5
2021-10-21 14:41:00,2325.0,-2962.5,-637.5
2021-10-21 14:42:00,2325.0,-2962.5,-637.5
2021-10-21 14:43:00,2325.0,-2962.5,-637.5
2021-10-21 14:44:00,2325.0,-2962.5,-637.5
2021-10-21 14:45:00,2325.0,-2962.5,-637.5
2021-10-21 14:46:00,2325.0,-2962.5,-637.5
2021-10-21 14:47:00,2325.0,-2962.5,-637.5
2021-10-21 14:48:00,2325.0,-2962.5,-637.5
2021-10-21 14:49:00,2325.0,-2962.5,-637.5
2021-10-21 14:50:00,2325.0,-2962.5,-637.5
2021-10-21 14:51:00,2325.0,-2962.5,-637.5
2021-10-21 14:52:00,2325.0,-2962.5,-637.5
2021-10-21 14:53:00,2325.0,-2962.5,-637.5
2021-10-21 14:54:00,2325.0,-2962.5,-637.5
2021-10-21 14:55:00,2325.0,-2962.5,-637.5
2021-10-21 14:56:00,2325.0,-2962.5,-637.5
2021-10-21 14:57:00,2325.0,-2962.5,-637.5
2021-10-21 14:58:00,2325.0,-2962.5,-637.5
2021-10-21 14:59:00,2325.0,-2962.5,-637.5
2021-10-21 15:00:00,2325.0,-2962.5,-637.5
2021-10-21 15:01:00,2325.0,-2962.5,-637.5
2021-10-21 15:02:00,2325.0,-2962.5,-637.5
2021-10-21 15:03:00,2325.0,-2962.5,-637.5
2021-10-21 15:04:00,2325.0,-2962.5,-637.5
2021-10-21 15:05:00,2325.0,-2962.5,-637.5
2021-10-21 15:06:00,2325.0,-2962.5,-637.5
2021-10-21 15:07:00,2325.0,-2962.5,-637.5
2021-10-21 15:08:00,2325.0,-2962.5,-637.5
2021-10-21 15:09:00,2325.0,-2962.5,-637.5
2021-10-21 15:10:00,2325.0,-2962.5,-637.5
2021-10-21 15:11:00,2325.0,-2962.5,-637.5
2021-10-21 15:12:00,2325.0,-2962.5,-637.5
2021-10-21 15:13:00,2325.0,-2962.5,-637.5
2021-10-21 15:14:00,2325.0,-2962.5,-637.5
2021-10-21 15:15:00,2325.0,-2962.5,-637.5
2021-10-21 15:16:00,2325.0,-2962.5,-637.5
2021-10-21 15:17:00,2325.0,-2962.5,-637.5
2021-10-21 15:18:00,2325.0,-2962.5,-637.5
2021-10-21 15:19:00,2325.0,-2962.5,-637.5
2021-10-21 15:20:00,2325.0,-2962.5,-637.5
2021-10-21 15:21:00,2325.0,-2962.5,-637.5
2021-10-21 15:22:00,2325.0,-2962.5,-637.5
2021-10-21 15:23:00,2325.0,-2962.5,-637.5
2021-10-21 15:24:00,2325.0,-2962.5,-637.5
2021-10-21 15:25:00,2325.0,-2962.5,-637.5
2021-10-21 15:26:00,2325.0,-2962.5,-637.5
2021-10-21 15:27:00,2325.0,-2962.5,-637.5
2021-10-21 15:28:00,2325.0,-2962.5,-637.5
2021-10-21 15:29:00,2325.0,-2962.5,-637.5
2021-10-21 15:30:00,2325.0,-2962.5,-637.5
2021-10-28 10:15:00,0.0,0.0,0.0
2021-10-28 10:16:00,221.25,-240.0,-18.75
2021-10-28 10:17:00,168.75,-131.25,37.5
2021-10-28 10:18:00,48.75,-105.0,-56.25
2021-10-28 10:19:00,150.0,-142.5,7.5
2021-10-28 10:20:00,56.25,-63.75,-7.5
2021-10-28 10:21:00,45.0,-82.5,-37.5
2021-10-28 10:22:00,63.75,-75.0,-11.25
2021-10-28 10:23:00,-78.75,26.25,-52.5
2021-10-28 10:24:00,-48.75,11.25,-37.5
2021-10-28 10:25:00,-30.0,37.5,7.5
2021-10-28 10:26:00,-18.75,26.25,7.5
2021-10-28 10:27:00,-26.25,26.25,0.0
2021-10-28 10:28:00,-120.0,138.75,18.75
2021-10-28 10:29:00,157.5,-3.75,153.75
2021-10-28 10:30:00,281.25,-131.25,150.0
2021-10-28 10:31:00,318.75,-161.25,157.5
2021-10-28 10:32:00,292.5,-131.25,161.25
2021-10-28 10:33:00,303.75,-146.25,157.5
2021-10-28 10:34:00,386.25,-191.25,195.0
2021-10-28 10:35:00,435.0,-225.0,210.0
2021-10-28 10:36:00,476.25,-228.75,247.5
2021-10-28 10:37:00,476.25,-240.0,236.25
2021-10-28 10:38:00,333.75,-127.5,206.25
2021-10-28 10:39:00,420.0,-206.25,213.75
2021-10-28 10:40:00,468.75,-236.25,232.5
2021-10-28 10:41:00,495.0,-262.5,232.5
2021-10-28 10:42:00,510.0,-210.0,300.0
2021-10-28 10:43:00,517.5,-236.25,281.25
2021-10-28 10:44:00,660.0,-337.5,322.5
2021-10-28 10:45:00,840.0,-806.25,33.75
2021-10-28 10:46:00,851.25,-720.0,131.25
2021-10-28 10:47:00,892.5,-776.25,116.25
2021-10-28 10:48:00,971.25,-836.25,135.0
2021-10-28 10:49:00,1042.5,-1065.0,-22.5
2021-10-28 10:50:00,1076.25,-1218.75,-142.5
2021-10-28 10:51:00,1005.0,-975.0,30.0
2021-10-28 10:52:00,1012.5,-990.0,22.5
2021-10-28 10:53:00,922.5,-776.25,146.25
2021-10-28 10:54:00,1072.5,-1106.25,-33.75
2021-10-28 10:55:00,1016.25,-1140.0,-123.75
2021-10-28 10:56:00,1005.0,-1001.25,3.75
2021-10-28 10:57:00,993.75,-1012.5,-18.75
2021-10-28 10:58:00,1005.0,-1031.25,-26.25
2021-10-28 10:59:00,1046.25,-1117.5,-71.25
2021-10-28 11:00:00,1012.5,-1192.5,-180.0
2021-10-28 11:01:00,978.75,-978.75,0.0
2021-10-28 11:02:00,993.75,-948.75,45.0
2021-10-28 11:03:00,1053.75,-1158.75,-105.0
2021-10-28 11:04:00,1072.5,-1166.25,-93.75
2021-10-28 11:05:00,1155.0,-1620.0,-465.0
2021-10-28 11:06:00,1102.5,-1402.5,-300.0
2021-10-28 11:07:00,1050.0,-1211.25,-161.25
2021-10-28 11:08:00,1061.25,-1271.25,-210.0
2021-10-28 11:09:00,1053.75,-1353.75,-300.0
2021-10-28 11:10:00,1023.75,-1136.25,-112.5
2021-10-28 11:11:00,986.25,-948.75,37.5
2021-10-28 11:12:00,937.5,-937.5,0.0
2021-10-28 11:13:00,956.25,-948.75,7.5
2021-10-28 11:14:00,888.75,-540.0,348.75
2021-10-28 11:15:00,885.0,-532.5,352.5
2021-10-28 11:16:00,918.75,-573.75,345.0
2021-10-28 11:17:00,941.25,-675.0,266.25
2021-10-28 11:18:00,926.25,-660.0,266.25
2021-10-28 11:19:00,772.5,-202.5,570.0
2021-10-28 11:20:00,836.25,-427.5,408.75
2021-10-28 11:21:00,862.5,-461.25,401.25
2021-10-28 11:22:00,813.75,-393.75,420.0
2021-10-28 11:23:00,802.5,-393.75,408.75
2021-10-28 11:24:00,843.75,-367.5,476.25
2021-10-28 11:25:00,892.5,-438.75,453.75
2021-10-28 11:26:00,851.25,-363.75,487.5
2021-10-28 11:27:00,922.5,-476.25,446.25
2021-10-28 11:28:00,982.5,-611.25,371.25
2021-10-28 11:29:00,1132.5,-930.0,202.5
2021-10-28 11:30:00,1038.75,-843.75,195.0
2021-10-28 11:31:00,978.75,-652.5,326.25
2021-10-28 11:32:00,1065.0,-750.0,315.0
2021-10-28 11:33:00,1035.0,-671.25,363.75
2021-10-28 11:34:00,1035.0,-648.75,386.25
2021-10-28 11:35:00,1068.75,-678.75,390.0
2021-10-28 11:36:00,1031.25,-495.0,536.25
2021-10-28 11:37:00,1177.5,-663.75,513.75
2021-10-28 11:38:00,1207.5,-716.25,491.25
2021-10-28 11:39:00,1192.5,-596.25,596.25
2021-10-28 11:40:00,1335.0,-708.75,626.25
2021-10-28 11:41:00,1320.0,-708.75,611.25
2021-10-28 11:42:00,1331.25,-750.0,581.25
2021-10-28 11:43:00,1331.25,-705.0,626.25
2021-10-28 11:44:00,1293.75,-551.25,742.5
2021-10-28 11:45:00,1342.5,-675.0,667.5
2021-10-28 11:46:00,1297.5,-562.5,735.0
2021-10-28 11:47:00,1207.5,-386.25,821.25
2021-10-28 11:48:00,1170.0,-277.5,892.5
2021-10-28 11:49:00,1061.25,75.0,1136.25
2021-10-28 11:50:00,1031.25,206.25,1237.5
2021-10-28 11:51:00,1091.25,97.5,1188.75
2021-10-28 11:52:00,975.0,206.25,1181.25
2021-10-28 11:53:00,967.5,210.0,1177.5
2021-10-28 11:54:00,828.75,386.25,1215.0
2021-10-28 11:55:00,896.25,326.25,1222.5
2021-10-28 11:56:00,986.25,210.0,1196.25
2021-10-28 11:57:00,1016.25,191.25,1207.5
2021-10-28 11:58:00,930.0,288.75,1218.75
2021-10-28 11:59:00,877.5,348.75,1226.25
2021-10-28 12:00:00,903.75,330.0,1233.75
2021-10-28 12:01:00,1016.25,243.75,1260.0
2021-10-28 12:02:00,1057.5,225.0,1282.5
2021-10-28 12:03:00,1248.75,108.75,1357.5
2021-10-28 12:04:00,1248.75,67.5,1316.25
2021-10-28 12:05:00,1211.25,-7.5,1203.75
2021-10-28 12:06:00,1301.25,-172.5,1128.75
2021-10-28 12:07:00,1327.5,-281.25,1046.25
2021-10-28 12:08:00,1312.5,-228.75,1083.75
2021-10-28 12:09:00,1398.75,-270.0,1128.75
2021-10-28 12:10:00,1455.0,-318.75,1136.25
2021-10-28 12:11:00,1503.75,-360.0,1143.75
2021-10-28 12:12:00,1511.25,-476.25,1035.0
2021-10-28 12:13:00,1481.25,-371.25,1110.0
2021-10-28 12:14:00,1556.25,-645.0,911.25
2021-10-28 12:15:00,1597.5,-765.0,832.5
2021-10-28 12:16:00,1672.5,-1008.75,663.75
2021-10-28 12:17:00,1635.0,-1001.25,633.75
2021-10-28 12:18:00,1597.5,-862.5,735.0
2021-10-28 12:19:00,1616.25,-1335.0,281.25
2021-10-28 12:20:00,1575.0,-1290.0,285.0
2021-10-28 12:21:00,1481.25,-993.75,487.5
2021-10-28 12:22:00,1530.0,-1023.75,506.25
2021-10-28 12:23:00,1556.25,-1166.25,390.0
2021-10-28 12:24:00,1541.25,-1162.5,378.75
2021-10-28 12:25:00,1537.5,-1380.0,157.5
2021-10-28 12:26:00,1548.75,-1421.25,127.5
2021-10-28 12:27:00,1597.5,-1552.5,45.0
2021-10-28 12:28:00,1676.25,-2223.75,-547.5
2021-10-28 12:29:00,1695.0,-2156.25,-461.25
2021-10-28 12:30:00,1672.5,-2040.0,-367.5
2021-10-28 12:31:00,945.0,-1203.75,-258.75
2021-10-28 12:32:00,1068.75,-1286.25,-217.5
2021-10-28 12:33:00,1087.5,-1428.75,-341.25
2021-10-28 12:34:00,1057.5,-1372.5,-315.0
2021-10-28 12:35:00,1237.5,-1578.75,-341.25
2021-10-28 12:36:00,1016.25,-1402.5,-386.25
2021-10-28 12:37:00,1203.75,-1485.0,-281.25
2021-10-28 12:38:00,1207.5,-1481.25,-273.75
2021-10-28 12:39:00,1245.0,-1537.5,-292.5
2021-10-28 12:40:00,1128.75,-1440.0,-311.25
2021-10-28 12:41:00,1068.75,-1395.0,-326.25
2021-10-28 12:42:00,877.5,-1203.75,-326.25
2021-10-28 12:43:00,532.5,-971.25,-438.75
2021-10-28 12:44:00,787.5,-1132.5,-345.0
2021-10-28 12:45:00,866.25,-1196.25,-330.0
2021-10-28 12:46:00,1211.25,-1417.5,-206.25
2021-10-28 12:47:00,1095.0,-1327.5,-232.5
2021-10-28 12:48:00,783.75,-1113.75,-330.0
2021-10-28 12:49:00,765.0,-1121.25,-356.25
2021-10-28 12:50:00,712.5,-1027.5,-315.0
2021-10-28 12:51:00,390.0,-791.25,-401.25
2021-10-28 12:52:00,517.5,-768.75,-251.25
2021-10-28 12:53:00,416.25,-667.5,-251.25
2021-10-28 12:54:00,712.5,-828.75,-116.25
2021-10-28 12:55:00,120.0,-427.5,-307.5
2021-10-28 12:56:00,108.75,-476.25,-367.5
2021-10-28 12:57:00,438.75,-652.5,-213.75
2021-10-28 12:58:00,112.5,-461.25,-348.75
2021-10-28 12:59:00,63.75,-446.25,-382.5
2021-10-28 13:00:00,213.75,-495.0,-281.25
2021-10-28 13:01:00,322.5,-521.25,-198.75
2021-10-28 13:02:00,866.25,-825.0,41.25
2021-10-28 13:03:00,772.5,-791.25,-18.75
2021-10-28 13:04:00,918.75,-817.5,101.25
2021-10-28 13:05:00,412.5,-495.0,-82.5
2021-10-28 13:06:00,45.0,-266.25,-221.25
2021-10-28 13:07:00,-157.5,-71.25,-228.75
2021-10-28 13:08:00,-195.0,-45.0,-240.0
2021-10-28 13:09:00,0.0,-116.25,-116.25
2021-10-28 13:10:00,228.75,-187.5,41.25
2021-10-28 13:11:00,393.75,-258.75,135.0
2021-10-28 13:12:00,397.5,-292.5,105.0
2021-10-28 13:13:00,1057.5,-675.0,382.5
2021-10-28 13:14:00,1196.25,-780.0,416.25
2021-10-28 13:15:00,1695.0,-1121.25,573.75
2021-10-28 13:16:00,1342.5,-877.5,465.0
2021-10-28 13:17:00,750.0,-431.25,318.75
2021-10-28 13:18:00,746.25,-450.0,296.25
2021-10-28 13:19:00,697.5,-435.0,262.5
2021-10-28 13:20:00,708.75,-416.25,292.5
2021-10-28 13:21:00,701.25,-427.5,273.75
2021-10-28 13:22:00,1098.75,-618.75,480.0
2021-10-28 13:23:00,1203.75,-686.25,517.5
2021-10-28 13:24:00,1237.5,-693.75,543.75
2021-10-28 13:25:00,1027.5,-513.75,513.75
2021-10-28 13:26:00,1312.5,-705.0,607.5
2021-10-28 13:27:00,986.25,-442.5,543.75
2021-10-28 13:28:00,1327.5,-847.5,480.0
2021-10-28 13:29:00,1665.0,-1083.75,581.25
2021-10-28 13:30:00,1590.0,-1001.25,588.75
2021-10-28 13:31:00,1635.0,-1042.5,592.5
2021-10-28 13:32:00,2130.0,-1590.0,540.0
2021-10-28 13:33:00,2550.0,-1938.75,611.25
2021-10-28 13:34:00,2336.25,-1661.25,675.0
2021-10-28 13:35:00,2366.25,-1792.5,573.75
2021-10-28 13:36:00,2553.75,-2010.0,543.75
2021-10-28 13:37:00,2737.5,-2235.0,502.5
2021-10-28 13:38:00,2943.75,-2336.25,607.5
2021-10-28 13:39:00,2808.75,-2160.0,648.75
2021-10-28 13:40:00,3015.0,-2268.75,746.25
2021-10-28 13:41:00,2835.0,-2062.5,772.5
2021-10-28 13:42:00,3071.25,-2291.25,780.0
2021-10-28 13:43:00,2775.0,-2017.5,757.5
2021-10-28 13:44:00,2621.25,-1717.5,903.75
2021-10-28 13:45:00,2846.25,-1923.75,922.5
2021-10-28 13:46:00,3176.25,-2385.0,791.25
2021-10-28 13:47:00,2906.25,-1931.25,975.0
2021-10-28 13:48:00,2673.75,-1507.5,1166.25
2021-10-28 13:49:00,2643.75,-1387.5,1256.25
2021-10-28 13:50:00,2677.5,-1402.5,1275.0
2021-10-28 13:51:00,3232.5,-1991.25,1241.25
2021-10-28 13:52:00,3153.75,-1837.5,1316.25
2021-10-28 13:53:00,3750.0,-2883.75,866.25
2021-10-28 13:54:00,3615.0,-2625.0,990.0
2021-10-28 13:55:00,3881.25,-2966.25,915.0
2021-10-28 13:56:00,3783.75,-2763.75,1020.0
2021-10-28 13:57:00,3840.0,-3030.0,810.0
2021-10-28 13:58:00,3795.0,-3045.0,750.0
2021-10-28 13:59:00,3558.75,-2572.5,986.25
2021-10-28 14:00:00,3892.5,-3123.75,768.75
2021-10-28 14:01:00,3896.25,-2996.25,900.0
2021-10-28 14:02:00,4050.0,-3356.25,693.75
2021-10-28 14:03:00,3851.25,-2865.0,986.25
2021-10-28 14:04:00,4068.75,-3281.25,787.5
2021-10-28 14:05:00,4158.75,-3682.5,476.25
2021-10-28 14:06:00,4162.5,-3483.75,678.75
2021-10-28 14:07:00,4166.25,-3427.5,738.75
2021-10-28 14:08:00,4158.75,-2932.5,1226.25
2021-10-28 14:09:00,4151.25,-3255.0,896.25
2021-10-28 14:10:00,4158.75,-3776.25,382.5
2021-10-28 14:11:00,4158.75,-3352.5,806.25
2021-10-28 14:12:00,4173.75,-3592.5,581.25
2021-10-28 14:13:00,4170.0,-3322.5,847.5
2021-10-28 14:14:00,4170.0,-3397.5,772.5
2021-10-28 14:15:00,4155.0,-2786.25,1368.75
2021-10-28 14:16:00,4128.75,-2077.5,2051.25
2021-10-28 14:17:00,4151.25,-2606.25,1545.0
2021-10-28 14:18:00,4151.25,-3153.75,997.5
2021-10-28 14:19:00,4110.0,-2628.75,1481.25
2021-10-28 14:20:00,4166.25,-3348.75,817.5
2021-10-28 14:21:00,4170.0,-3502.5,667.5
2021-10-28 14:22:00,4147.5,-2958.75,1188.75
2021-10-28 14:23:00,4155.0,-3123.75,1031.25
2021-10-28 14:24:00,4166.25,-3198.75,967.5
2021-10-28 14:25:00,4185.0,-3288.75,896.25
2021-10-28 14:26:00,4203.75,-3180.0,1023.75
2021-10-28 14:27:00,4218.75,-3236.25,982.5
2021-10-28 14:28:00,4241.25,-4128.75,112.5
2021-10-28 14:29:00,4252.5,-4736.25,-483.75
2021-10-28 14:30:00,4245.0,-4788.75,-543.75
2021-10-28 14:31:00,4241.25,-4837.5,-596.25
2021-10-28 14:32:00,4222.5,-4578.75,-356.25
2021-10-28 14:33:00,4233.75,-4425.0,-191.25
2021-10-28 14:34:00,4241.25,-4638.75,-397.5
2021-10-28 14:35:00,4241.25,-4222.5,18.75
2021-10-28 14:36:00,4248.75,-4098.75,150.0
2021-10-28 14:37:00,4260.0,-4211.25,48.75
2021-10-28 14:38:00,4260.0,-4533.75,-273.75
2021-10-28 14:39:00,4267.5,-4788.75,-521.25
2021-10-28 14:40:00,4275.0,-4402.5,-127.5
2021-10-28 14:41:00,4271.25,-4863.75,-592.5
2021-10-28 14:42:00,4286.25,-5467.5,-1181.25
2021-10-28 14:43:00,4290.0,-5118.75,-828.75
2021-10-28 14:44:00,4305.0,-5640.0,-1335.0
2021-10-28 14:45:00,4301.25,-5625.0,-1323.75
2021-10-28 14:46:00,4301.25,-6063.75,-1762.5
2021-10-28 14:47:00,4301.25,-6172.5,-1871.25
2021-10-28 14:48:00,4297.5,-6667.5,-2370.0
2021-10-28 14:49:00,4305.0,-6588.75,-2283.75
2021-10-28 14:50:00,4308.75,-6840.0,-2531.25
2021-10-28 14:51:00,4308.75,-6817.5,-2508.75
2021-10-28 14:52:00,4305.0,-6375.0,-2070.0
2021-10-28 14:53:00,4316.25,-6843.75,-2527.5
2021-10-28 14:54:00,4312.5,-7387.5,-3075.0
2021-10-28 14:55:00,4320.0,-7368.75,-3048.75
2021-10-28 14:56:00,4323.75,-7965.0,-3641.25
2021-10-28 14:57:00,4320.0,-6956.25,-2636.25
2021-10-28 14:58:00,4320.0,-6172.5,-1852.5
2021-10-28 14:59:00,4320.0,-5838.75,-1518.75
2021-10-28 15:00:00,4316.25,-4668.75,-352.5
2021-10-28 15:01:00,4312.5,-4668.75,-356.25
2021-10-28 15:02:00,4316.25,-7335.0,-3018.75
2021-10-28 15:03:00,4316.25,-5643.75,-1327.5
2021-10-28 15:04:00,4323.75,-5411.25,-1087.5
2021-10-28 15:05:00,4323.75,-4837.5,-513.75
2021-10-28 15:06:00,4327.5,-5197.5,-870.0
2021-10-28 15:07:00,4331.25,-5977.5,-1646.25
2021-10-28 15:08:00,4342.5,-6457.5,-2115.0
2021-10-28 15:09:00,4342.5,-6870.0,-2527.5
2021-10-28 15:10:00,4346.25,-7095.0,-2748.75
2021-10-28 15:11:00,4346.25,-7608.75,-3262.5
2021-10-28 15:12:00,4350.0,-7470.0,-3120.0
2021-10-28 15:13:00,4350.0,-7657.5,-3307.5
2021-10-28 15:14:00,4350.0,-8317.5,-3967.5
2021-10-28 15:15:00,4350.0,-8096.25,-3746.25
2021-10-28 15:16:00,4353.75,-8141.25,-3787.5
2021-10-28 15:17:00,4357.5,-7938.75,-3581.25
2021-10-28 15:18:00,4357.5,-8156.25,-3798.75
2021-10-28 15:19:00,4353.75,-8621.25,-4267.5
2021-10-28 15:20:00,4357.5,-8775.0,-4417.5
2021-10-28 15:21:00,4357.5,-8775.0,-4417.5
2021-10-28 15:22:00,4357.5,-8775.0,-4417.5
2021-10-28 15:23:00,4357.5,-8775.0,-4417.5
2021-10-28 15:24:00,4357.5,-8775.0,-4417.5
2021-10-28 15:25:00,4357.5,-8775.0,-4417.5
2021-10-28 15:26:00,4357.5,-8775.0,-4417.5
2021-10-28 15:27:00,4357.5,-8775.0,-4417.5
2021-10-28 15:28:00,4357.5,-8775.0,-4417.5
2021-10-28 15:29:00,4357.5,-8775.0,-4417.5
2021-10-28 15:30:00,4357.5,-8775.0,-4417.5
2021-11-03 10:15:00,0.0,0.0,0.0
2021-11-03 10:16:00,-56.25,56.25,0.0
2021-11-03 10:17:00,-78.75,75.0,-3.75
2021-11-03 10:18:00,-15.0,-48.75,-63.75
2021-11-03 10:19:00,-22.5,-22.5,-45.0
2021-11-03 10:20:00,33.75,-101.25,-67.5
2021-11-03 10:21:00,101.25,-187.5,-86.25
2021-11-03 10:22:00,78.75,-165.0,-86.25
2021-11-03 10:23:00,67.5,-63.75,3.75
2021-11-03 10:24:00,48.75,-7.5,41.25
2021-11-03 10:25:00,67.5,-78.75,-11.25
2021-11-03 10:26:00,63.75,-26.25,37.5
2021-11-03 10:27:00,97.5,-86.25,11.25
2021-11-03 10:28:00,97.5,-60.0,37.5
2021-11-03 10:29:00,71.25,15.0,86.25
2021-11-03 10:30:00,60.0,26.25,86.25
2021-11-03 10:31:00,7.5,75.0,82.5
2021-11-03 10:32:00,18.75,30.0,48.75
2021-11-03 10:33:00,71.25,7.5,78.75
2021-11-03 10:34:00,75.0,0.0,75.0
2021-11-03 10:35:00,45.0,60.0,105.0
2021-11-03 10:36:00,56.25,26.25,82.5
2021-11-03 10:37:00,105.0,-41.25,63.75
2021-11-03 10:38:00,146.25,-86.25,60.0
2021-11-03 10:39:00,138.75,-33.75,105.0
2021-11-03 10:40:00,183.75,-11.25,172.5
2021-11-03 10:41:00,213.75,-7.5,206.25
2021-11-03 10:42:00,165.0,97.5,262.5
2021-11-03 10:43:00,157.5,97.5,255.0
2021-11-03 10:44:00,150.0,105.0,255.0
2021-11-03 10:45:00,120.0,180.0,300.0
2021-11-03 10:46:00,120.0,138.75,258.75
2021-11-03 10:47:00,150.0,105.0,255.0
2021-11-03 10:48:00,251.25,30.0,281.25
2021-11-03 10:49:00,213.75,18.75,232.5
2021-11-03 10:50:00,307.5,-105.0,202.5
2021-11-03 10:51:00,258.75,-22.5,236.25
2021-11-03 10:52:00,210.0,37.5,247.5
2021-11-03 10:53:00,206.25,90.0,296.25
2021-11-03 10:54:00,198.75,108.75,307.5
2021-11-03 10:55:00,225.0,71.25,296.25
2021-11-03 10:56:00,187.5,161.25,348.75
2021-11-03 10:57:00,206.25,138.75,345.0
2021-11-03 10:58:00,236.25,123.75,360.0
2021-11-03 10:59:00,153.75,330.0,483.75
2021-11-03 11:00:00,228.75,206.25,435.0
2021-11-03 11:01:00,228.75,206.25,435.0
2021-11-03 11:02:00,153.75,348.75,502.5
2021-11-03 11:03:00,127.5,378.75,506.25
2021-11-03 11:04:00,172.5,311.25,483.75
2021-11-03 11:05:00,142.5,337.5,480.0
2021-11-03 11:06:00,86.25,405.0,491.25
2021-11-03 11:07:00,123.75,356.25,480.0
2021-11-03 11:08:00,105.0,386.25,491.25
2021-11-03 11:09:00,172.5,356.25,528.75
2021-11-03 11:10:00,135.0,375.0,510.0
2021-11-03 11:11:00,153.75,375.0,528.75
2021-11-03 11:12:00,127.5,408.75,536.25
2021-11-03 11:13:00,131.25,401.25,532.5
2021-11-03 11:14:00,120.0,408.75,528.75
2021-11-03 11:15:00,52.5,472.5,525.0
2021-11-03 11:16:00,-7.5,521.25,513.75
2021-11-03 11:17:00,78.75,468.75,547.5
2021-11-03 11:18:00,86.25,457.5,543.75
2021-11-03 11:19:00,127.5,416.25,543.75
2021-11-03 11:20:00,78.75,450.0,528.75
2021-11-03 11:21:00,33.75,483.75,517.5
2021-11-03 11:22:00,0.0,498.75,498.75
2021-11-03 11:23:00,-11.25,528.75,517.5
2021-11-03 11:24:00,-3.75,525.0,521.25
2021-11-03 11:25:00,48.75,468.75,517.5
2021-11-03 11:26:00,108.75,416.25,525.0
2021-11-03 11:27:00,146.25,378.75,525.0
2021-11-03 11:28:00,168.75,363.75,532.5
2021-11-03 11:29:00,131.25,412.5,543.75
2021-11-03 11:30:00,161.25,401.25,562.5
2021-11-03 11:31:00,157.5,390.0,547.5
2021-11-03 11:32:00,191.25,378.75,570.0
2021-11-03 11:33:00,225.0,333.75,558.75
2021-11-03 11:34:00,240.0,296.25,536.25
2021-11-03 11:35:00,468.75,-60.0,408.75
2021-11-03 11:36:00,510.0,-292.5,217.5
2021-11-03 11:37:00,420.0,-116.25,303.75
2021-11-03 11:38:00,363.75,101.25,465.0
2021-11-03 11:39:00,367.5,105.0,472.5
2021-11-03 11:40:00,416.25,-90.0,326.25
2021-11-03 11:41:00,431.25,-93.75,337.5
2021-11-03 11:42:00,408.75,48.75,457.5
2021-11-03 11:43:00,371.25,161.25,532.5
2021-11-03 11:44:00,401.25,52.5,453.75
2021-11-03 11:45:00,431.25,-11.25,420.0
2021-11-03 11:46:00,506.25,-168.75,337.5
2021-11-03 11:47:00,570.0,-423.75,146.25
2021-11-03 11:48:00,686.25,-577.5,108.75
2021-11-03 11:49:00,675.0,-416.25,258.75
2021-11-03 11:50:00,648.75,-382.5,266.25
2021-11-03 11:51:00,615.0,-240.0,375.0
2021-11-03 11:52:00,633.75,-356.25,277.5
2021-11-03 11:53:00,645.0,-438.75,206.25
2021-11-03 11:54:00,648.75,-172.5,476.25
2021-11-03 11:55:00,675.0,-401.25,273.75
2021-11-03 11:56:00,652.5,-202.5,450.0
2021-11-03 11:57:00,660.0,-247.5,412.5
2021-11-03 11:58:00,671.25,-281.25,390.0
2021-11-03 11:59:00,697.5,-345.0,352.5
2021-11-03 12:00:00,750.0,-716.25,33.75
2021-11-03 12:01:00,813.75,-1263.75,-450.0
2021-11-03 12:02:00,802.5,-1241.25,-438.75
2021-11-03 12:03:00,802.5,-1537.5,-735.0
2021-11-03 12:04:00,798.75,-1470.0,-671.25
2021-11-03 12:05:00,810.0,-1751.25,-941.25
2021-11-03 12:06:00,720.0,-1710.0,-990.0
2021-11-03 12:07:00,348.75,-1162.5,-813.75
2021-11-03 12:08:00,273.75,-1113.75,-840.0
2021-11-03 12:09:00,266.25,-1027.5,-761.25
2021-11-03 12:10:00,697.5,-1496.25,-798.75
2021-11-03 12:11:00,517.5,-1331.25,-813.75
2021-11-03 12:12:00,487.5,-1320.0,-832.5
2021-11-03 12:13:00,750.0,-1627.5,-877.5
2021-11-03 12:14:00,641.25,-1485.0,-843.75
2021-11-03 12:15:00,645.0,-1443.75,-798.75
2021-11-03 12:16:00,1316.25,-2370.0,-1053.75
2021-11-03 12:17:00,1181.25,-2227.5,-1046.25
2021-11-03 12:18:00,1286.25,-2377.5,-1091.25
2021-11-03 12:19:00,1365.0,-2591.25,-1226.25
2021-11-03 12:20:00,1046.25,-2017.5,-971.25
2021-11-03 12:21:00,686.25,-1425.0,-738.75
2021-11-03 12:22:00,937.5,-1657.5,-720.0
2021-11-03 12:23:00,1170.0,-2013.75,-843.75
2021-11-03 12:24:00,1035.0,-1901.25,-866.25
2021-11-03 12:25:00,948.75,-1758.75,-810.0
2021-11-03 12:26:00,840.0,-1560.0,-720.0
2021-11-03 12:27:00,855.0,-1541.25,-686.25
2021-11-03 12:28:00,1132.5,-1957.5,-825.0
2021-11-03 12:29:00,1230.0,-2047.5,-817.5
2021-11-03 12:30:00,1541.25,-2535.0,-993.75
2021-11-03 12:31:00,1593.75,-2831.25,-1237.5
2021-11-03 12:32:00,1728.75,-2988.75,-1260.0
2021-11-03 12:33:00,1777.5,-2895.0,-1117.5
2021-11-03 12:34:00,1657.5,-2538.75,-881.25
2021-11-03 12:35:00,1627.5,-2336.25,-708.75
2021-11-03 12:36:00,1672.5,-2505.0,-832.5
2021-11-03 12:37:00,1601.25,-2253.75,-652.5
2021-11-03 12:38:00,1500.0,-2133.75,-633.75
2021-11-03 12:39:00,1616.25,-2077.5,-461.25
2021-11-03 12:40:00,1541.25,-2036.25,-495.0
2021-11-03 12:41:00,1263.75,-1683.75,-420.0
2021-11-03 12:42:00,1395.0,-1953.75,-558.75
2021-11-03 12:43:00,1612.5,-2253.75,-641.25
2021-11-03 12:44:00,1950.0,-2808.75,-858.75
2021-11-03 12:45:00,1916.25,-2801.25,-885.0
2021-11-03 12:46:00,2160.0,-3288.75,-1128.75
2021-11-03 12:47:00,2055.0,-2981.25,-926.25
2021-11-03 12:48:00,2118.75,-3026.25,-907.5
2021-11-03 12:49:00,1976.25,-2688.75,-712.5
2021-11-03 12:50:00,1908.75,-2426.25,-517.5
2021-11-03 12:51:00,1908.75,-2336.25,-427.5
2021-11-03 12:52:00,1995.0,-2670.0,-675.0
2021-11-03 12:53:00,1920.0,-2415.0,-495.0
2021-11-03 12:54:00,2010.0,-2625.0,-615.0
2021-11-03 12:55:00,2081.25,-2823.75,-742.5
2021-11-03 12:56:00,1987.5,-2670.0,-682.5
2021-11-03 12:57:00,2096.25,-2958.75,-862.5
2021-11-03 12:58:00,2058.75,-2718.75,-660.0
2021-11-03 12:59:00,2017.5,-2628.75,-611.25
2021-11-03 13:00:00,2043.75,-2763.75,-720.0
2021-11-03 13:01:00,1860.0,-2452.5,-592.5
2021-11-03 13:02:00,1923.75,-2568.75,-645.0
2021-11-03 13:03:00,1961.25,-2628.75,-667.5
2021-11-03 13:04:00,2456.25,-3840.0,-1383.75
2021-11-03 13:05:00,2677.5,-4560.0,-1882.5
2021-11-03 13:06:00,2583.75,-4387.5,-1803.75
2021-11-03 13:07:00,2628.75,-4428.75,-1800.0
2021-11-03 13:08:00,2640.0,-4507.5,-1867.5
2021-11-03 13:09:00,2707.5,-4522.5,-1815.0
2021-11-03 13:10:00,2767.5,-4676.25,-1908.75
2021-11-03 13:11:00,2748.75,-4616.25,-1867.5
2021-11-03 13:12:00,2741.25,-4590.0,-1848.75
2021-11-03 13:13:00,2748.75,-4560.0,-1811.25
2021-11-03 13:14:00,2902.5,-4747.5,-1845.0
2021-11-03 13:15:00,2925.0,-4815.0,-1890.0
2021-11-03 13:16:00,2943.75,-4811.25,-1867.5
2021-11-03 13:17:00,2763.75,-4413.75,-1650.0
2021-11-03 13:18:00,2797.5,-4518.75,-1721.25
2021-11-03 13:19:00,2827.5,-4515.0,-1687.5
2021-11-03 13:20:00,2872.5,-4556.25,-1683.75
2021-11-03 13:21:00,2913.75,-4676.25,-1762.5
2021-11-03 13:22:00,2898.75,-4635.0,-1736.25
2021-11-03 13:23:00,3015.0,-4931.25,-1916.25
2021-11-03 13:24:00,3011.25,-4833.75,-1822.5
2021-11-03 13:25:00,2985.0,-4852.5,-1867.5
2021-11-03 13:26:00,2962.5,-4762.5,-1800.0
2021-11-03 13:27:00,2943.75,-4773.75,-1830.0
2021-11-03 13:28:00,2988.75,-4833.75,-1845.0
2021-11-03 13:29:00,3041.25,-4845.0,-1803.75
2021-11-03 13:30:00,2977.5,-4702.5,-1725.0
2021-11-03 13:31:00,2936.25,-4642.5,-1706.25
2021-11-03 13:32:00,2996.25,-4743.75,-1747.5
2021-11-03 13:33:00,3007.5,-4691.25,-1683.75
2021-11-03 13:34:00,2992.5,-4638.75,-1646.25
2021-11-03 13:35:00,3056.25,-4683.75,-1627.5
2021-11-03 13:36:00,3018.75,-4563.75,-1545.0
2021-11-03 13:37:00,2925.0,-4305.0,-1380.0
2021-11-03 13:38:00,2868.75,-4203.75,-1335.0
2021-11-03 13:39:00,2823.75,-4095.0,-1271.25
2021-11-03 13:40:00,2921.25,-4203.75,-1282.5
2021-11-03 13:41:00,2955.0,-4260.0,-1305.0
2021-11-03 13:42:00,2970.0,-4237.5,-1267.5
2021-11-03 13:43:00,2883.75,-4136.25,-1252.5
2021-11-03 13:44:00,3022.5,-4241.25,-1218.75
2021-11-03 13:45:00,2947.5,-4121.25,-1173.75
2021-11-03 13:46:00,2857.5,-4038.75,-1181.25
2021-11-03 13:47:00,2917.5,-4053.75,-1136.25
2021-11-03 13:48:00,2823.75,-3948.75,-1125.0
2021-11-03 13:49:00,2932.5,-3982.5,-1050.0
2021-11-03 13:50:00,2962.5,-4016.25,-1053.75
2021-11-03 13:51:00,2861.25,-3918.75,-1057.5
2021-11-03 13:52:00,2726.25,-3840.0,-1113.75
2021-11-03 13:53:00,2752.5,-3847.5,-1095.0
2021-11-03 13:54:00,2816.25,-3855.0,-1038.75
2021-11-03 13:55:00,2643.75,-3828.75,-1185.0
2021-11-03 13:56:00,2400.0,-3810.0,-1410.0
2021-11-03 13:57:00,2126.25,-3810.0,-1683.75
2021-11-03 13:58:00,1695.0,-3795.0,-2100.0
2021-11-03 13:59:00,2182.5,-3843.75,-1661.25
2021-11-03 14:00:00,2283.75,-3806.25,-1522.5
2021-11-03 14:01:00,1755.0,-3750.0,-1995.0
2021-11-03 14:02:00,1443.75,-3765.0,-2321.25
2021-11-03 14:03:00,1406.25,-3776.25,-2370.0
2021-11-03 14:04:00,1740.0,-3783.75,-2043.75
2021-11-03 14:05:00,2148.75,-3806.25,-1657.5
2021-11-03 14:06:00,1995.0,-3791.25,-1796.25
2021-11-03 14:07:00,2058.75,-3798.75,-1740.0
2021-11-03 14:08:00,2298.75,-3821.25,-1522.5
2021-11-03 14:09:00,2823.75,-3903.75,-1080.0
2021-11-03 14:10:00,2891.25,-3911.25,-1020.0
2021-11-03 14:11:00,2621.25,-3783.75,-1162.5
2021-11-03 14:12:00,2587.5,-3776.25,-1188.75
2021-11-03 14:13:00,2797.5,-3836.25,-1038.75
2021-11-03 14:14:00,2752.5,-3840.0,-1087.5
2021-11-03 14:15:00,2921.25,-3900.0,-978.75
2021-11-03 14:16:00,3191.25,-3967.5,-776.25
2021-11-03 14:17:00,3093.75,-3896.25,-802.5
2021-11-03 14:18:00,3281.25,-4072.5,-791.25
2021-11-03 14:19:00,3262.5,-4143.75,-881.25
2021-11-03 14:20:00,3277.5,-4151.25,-873.75
2021-11-03 14:21:00,3311.25,-4155.0,-843.75
2021-11-03 14:22:00,3266.25,-3986.25,-720.0
2021-11-03 14:23:00,3315.0,-4061.25,-746.25
2021-11-03 14:24:00,3348.75,-4053.75,-705.0
2021-11-03 14:25:00,3367.5,-4181.25,-813.75
2021-11-03 14:26:00,3326.25,-4035.0,-708.75
2021-11-03 14:27:00,3352.5,-4113.75,-761.25
2021-11-03 14:28:00,3382.5,-4098.75,-716.25
2021-11-03 14:29:00,3468.75,-4425.0,-956.25
2021-11-03 14:30:00,3476.25,-4436.25,-960.0
2021-11-03 14:31:00,3502.5,-4890.0,-1387.5
2021-11-03 14:32:00,3491.25,-4972.5,-1481.25
2021-11-03 14:33:00,3517.5,-5006.25,-1488.75
2021-11-03 14:34:00,3502.5,-4612.5,-1110.0
2021-11-03 14:35:00,3461.25,-4211.25,-750.0
2021-11-03 14:36:00,3450.0,-4050.0,-600.0
2021-11-03 14:37:00,3472.5,-4031.25,-558.75
2021-11-03 14:38:00,3461.25,-3948.75,-487.5
2021-11-03 14:39:00,3491.25,-4046.25,-555.0
2021-11-03 14:40:00,3498.75,-4008.75,-510.0
2021-11-03 14:41:00,3532.5,-3990.0,-457.5
2021-11-03 14:42:00,3558.75,-3903.75,-345.0
2021-11-03 14:43:00,3513.75,-3851.25,-337.5
2021-11-03 14:44:00,3555.0,-3892.5,-337.5
2021-11-03 14:45:00,3570.0,-3873.75,-303.75
2021-11-03 14:46:00,3600.0,-3926.25,-326.25
2021-11-03 14:47:00,3596.25,-3851.25,-255.0
2021-11-03 14:48:00,3622.5,-3873.75,-251.25
2021-11-03 14:49:00,3630.0,-3870.0,-240.0
2021-11-03 14:50:00,3637.5,-3817.5,-180.0
2021-11-03 14:51:00,3660.0,-3873.75,-213.75
2021-11-03 14:52:00,3663.75,-4012.5,-348.75
2021-11-03 14:53:00,3663.75,-4368.75,-705.0
2021-11-03 14:54:00,3667.5,-4098.75,-431.25
2021-11-03 14:55:00,3671.25,-4083.75,-412.5
2021-11-03 14:56:00,3671.25,-4023.75,-352.5
2021-11-03 14:57:00,3663.75,-3941.25,-277.5
2021-11-03 14:58:00,3667.5,-3997.5,-330.0
2021-11-03 14:59:00,3660.0,-3843.75,-183.75
2021-11-03 15:00:00,3667.5,-3858.75,-191.25
2021-11-03 15:01:00,3671.25,-3806.25,-135.0
2021-11-03 15:02:00,3667.5,-3720.0,-52.5
2021-11-03 15:03:00,3663.75,-3690.0,-26.25
2021-11-03 15:04:00,3660.0,-3682.5,-22.5
2021-11-03 15:05:00,3660.0,-3667.5,-7.5
2021-11-03 15:06:00,3652.5,-3656.25,-3.75
2021-11-03 15:07:00,3656.25,-3660.0,-3.75
2021-11-03 15:08:00,3671.25,-3652.5,18.75
2021-11-03 15:09:00,3697.5,-3648.75,48.75
2021-11-03 15:10:00,3701.25,-3648.75,52.5
2021-11-03 15:11:00,3701.25,-3645.0,56.25
2021-11-03 15:12:00,3705.0,-3637.5,67.5
2021-11-03 15:13:00,3712.5,-3637.5,75.0
2021-11-03 15:14:00,3720.0,-3633.75,86.25
2021-11-03 15:15:00,3727.5,-3633.75,93.75
2021-11-03 15:16:00,3727.5,-3671.25,56.25
2021-11-03 15:17:00,3731.25,-3648.75,82.5
2021-11-03 15:18:00,3731.25,-3637.5,93.75
2021-11-03 15:19:00,3735.0,-3630.0,105.0
2021-11-03 15:20:00,3727.5,-3622.5,105.0
2021-11-03 15:21:00,3727.5,-3622.5,105.0
2021-11-03 15:22:00,3727.5,-3622.5,105.0
2021-11-03 15:23:00,3727.5,-3622.5,105.0
2021-11-03 15:24:00,3727.5,-3622.5,105.0
2021-11-03 15:25:00,3727.5,-3622.5,105.0
2021-11-03 15:26:00,3727.5,-3622.5,105.0
2021-11-03 15:27:00,3727.5,-3622.5,105.0
2021-11-03 15:28:00,3727.5,-3622.5,105.0
2021-11-03 15:29:00,3727.5,-3622.5,105.0
2021-11-03 15:30:00,3727.5,-3622.5,105.0
2021-11-11 10:15:00,0.0,0.0,0.0
2021-11-11 10:16:00,52.5,-67.5,-15.0
2021-11-11 10:17:00,-3.75,-3.75,-7.5
2021-11-11 10:18:00,198.75,-210.0,-11.25
2021-11-11 10:19:00,135.0,-157.5,-22.5
2021-11-11 10:20:00,120.0,-93.75,26.25
2021-11-11 10:21:00,142.5,-108.75,33.75
2021-11-11 10:22:00,191.25,-247.5,-56.25
2021-11-11 10:23:00,101.25,-105.0,-3.75
2021-11-11 10:24:00,127.5,-90.0,37.5
2021-11-11 10:25:00,247.5,-258.75,-11.25
2021-11-11 10:26:00,236.25,-262.5,-26.25
2021-11-11 10:27:00,191.25,-176.25,15.0
2021-11-11 10:28:00,266.25,-345.0,-78.75
2021-11-11 10:29:00,307.5,-615.0,-307.5
2021-11-11 10:30:00,431.25,-1147.5,-716.25
2021-11-11 10:31:00,405.0,-1031.25,-626.25
2021-11-11 10:32:00,420.0,-1027.5,-607.5
2021-11-11 10:33:00,581.25,-1372.5,-791.25
2021-11-11 10:34:00,543.75,-1203.75,-660.0
2021-11-11 10:35:00,521.25,-1106.25,-585.0
2021-11-11 10:36:00,506.25,-1061.25,-555.0
2021-11-11 10:37:00,450.0,-978.75,-528.75
2021-11-11 10:38:00,375.0,-637.5,-262.5
2021-11-11 10:39:00,446.25,-761.25,-315.0
2021-11-11 10:40:00,551.25,-982.5,-431.25
2021-11-11 10:41:00,525.0,-1053.75,-528.75
2021-11-11 10:42:00,423.75,-836.25,-412.5
2021-11-11 10:43:00,348.75,-678.75,-330.0
2021-11-11 10:44:00,356.25,-645.0,-288.75
2021-11-11 10:45:00,367.5,-622.5,-255.0
2021-11-11 10:46:00,495.0,-877.5,-382.5
2021-11-11 10:47:00,431.25,-746.25,-315.0
2021-11-11 10:48:00,352.5,-472.5,-120.0
2021-11-11 10:49:00,363.75,-408.75,-45.0
2021-11-11 10:50:00,356.25,-438.75,-82.5
2021-11-11 10:51:00,487.5,-585.0,-97.5
2021-11-11 10:52:00,397.5,-446.25,-48.75
2021-11-11 10:53:00,367.5,-300.0,67.5
2021-11-11 10:54:00,375.0,-341.25,33.75
2021-11-11 10:55:00,303.75,-108.75,195.0
2021-11-11 10:56:00,378.75,-225.0,153.75
2021-11-11 10:57:00,435.0,-341.25,93.75
2021-11-11 10:58:00,453.75,-378.75,75.0
2021-11-11 10:59:00,513.75,-573.75,-60.0
2021-11-11 11:00:00,502.5,-570.0,-67.5
2021-11-11 11:01:00,513.75,-521.25,-7.5
2021-11-11 11:02:00,472.5,-371.25,101.25
2021-11-11 11:03:00,450.0,-236.25,213.75
2021-11-11 11:04:00,581.25,-517.5,63.75
2021-11-11 11:05:00,513.75,-315.0,198.75
2021-11-11 11:06:00,495.0,-307.5,187.5
2021-11-11 11:07:00,570.0,-397.5,172.5
2021-11-11 11:08:00,588.75,-371.25,217.5
2021-11-11 11:09:00,592.5,-393.75,198.75
2021-11-11 11:10:00,671.25,-566.25,105.0
2021-11-11 11:11:00,840.0,-798.75,41.25
2021-11-11 11:12:00,787.5,-720.0,67.5
2021-11-11 11:13:00,828.75,-828.75,0.0
2021-11-11 11:14:00,810.0,-795.0,15.0
2021-11-11 11:15:00,813.75,-798.75,15.0
2021-11-11 11:16:00,817.5,-765.0,52.5
2021-11-11 11:17:00,780.0,-682.5,97.5
2021-11-11 11:18:00,731.25,-506.25,225.0
2021-11-11 11:19:00,708.75,-528.75,180.0
2021-11-11 11:20:00,667.5,-382.5,285.0
2021-11-11 11:21:00,663.75,-412.5,251.25
2021-11-11 11:22:00,626.25,-326.25,300.0
2021-11-11 11:23:00,645.0,-307.5,337.5
2021-11-11 11:24:00,682.5,-405.0,277.5
2021-11-11 11:25:00,746.25,-577.5,168.75
2021-11-11 11:26:00,783.75,-633.75,150.0
2021-11-11 11:27:00,727.5,-457.5,270.0
2021-11-11 11:28:00,686.25,-483.75,202.5
2021-11-11 11:29:00,720.0,-540.0,180.0
2021-11-11 11:30:00,686.25,-495.0,191.25
2021-11-11 11:31:00,637.5,-412.5,225.0
2021-11-11 11:32:00,581.25,-337.5,243.75
2021-11-11 11:33:00,648.75,-457.5,191.25
2021-11-11 11:34:00,667.5,-472.5,195.0
2021-11-11 11:35:00,667.5,-461.25,206.25
2021-11-11 11:36:00,678.75,-491.25,187.5
2021-11-11 11:37:00,712.5,-573.75,138.75
2021-11-11 11:38:00,678.75,-457.5,221.25
2021-11-11 11:39:00,678.75,-480.0,198.75
2021-11-11 11:40:00,641.25,-401.25,240.0
2021-11-11 11:41:00,645.0,-435.0,210.0
2021-11-11 11:42:00,626.25,-378.75,247.5
2021-11-11 11:43:00,660.0,-423.75,236.25
2021-11-11 11:44:00,607.5,-300.0,307.5
2021-11-11 11:45:00,573.75,-270.0,303.75
2021-11-11 11:46:00,457.5,-26.25,431.25
2021-11-11 11:47:00,435.0,41.25,476.25
2021-11-11 11:48:00,476.25,-45.0,431.25
2021-11-11 11:49:00,431.25,7.5,438.75
2021-11-11 11:50:00,435.0,0.0,435.0
2021-11-11 11:51:00,502.5,-97.5,405.0
2021-11-11 11:52:00,585.0,-165.0,420.0
2021-11-11 11:53:00,656.25,-225.0,431.25
2021-11-11 11:54:00,603.75,-165.0,438.75
2021-11-11 11:55:00,577.5,-108.75,468.75
2021-11-11 11:56:00,525.0,-67.5,457.5
2021-11-11 11:57:00,517.5,-52.5,465.0
2021-11-11 11:58:00,491.25,-3.75,487.5
2021-11-11 11:59:00,285.0,375.0,660.0
2021-11-11 12:00:00,322.5,367.5,690.0
2021-11-11 12:01:00,367.5,446.25,813.75
2021-11-11 12:02:00,446.25,371.25,817.5
2021-11-11 12:03:00,461.25,330.0,791.25
2021-11-11 12:04:00,435.0,371.25,806.25
2021-11-11 12:05:00,326.25,465.0,791.25
2021-11-11 12:06:00,360.0,427.5,787.5
2021-11-11 12:07:00,382.5,423.75,806.25
2021-11-11 12:08:00,495.0,296.25,791.25
2021-11-11 12:09:00,701.25,123.75,825.0
2021-11-11 12:10:00,720.0,112.5,832.5
2021-11-11 12:11:00,723.75,82.5,806.25
2021-11-11 12:12:00,810.0,-11.25,798.75
2021-11-11 12:13:00,937.5,-135.0,802.5
2021-11-11 12:14:00,1068.75,-326.25,742.5
2021-11-11 12:15:00,1098.75,-412.5,686.25
2021-11-11 12:16:00,1008.75,-225.0,783.75
2021-11-11 12:17:00,1016.25,-247.5,768.75
2021-11-11 12:18:00,1132.5,-438.75,693.75
2021-11-11 12:19:00,1147.5,-498.75,648.75
2021-11-11 12:20:00,1121.25,-375.0,746.25
2021-11-11 12:21:00,1061.25,-168.75,892.5
2021-11-11 12:22:00,1031.25,-90.0,941.25
2021-11-11 12:23:00,1035.0,-82.5,952.5
2021-11-11 12:24:00,1023.75,-75.0,948.75
2021-11-11 12:25:00,1031.25,-78.75,952.5
2021-11-11 12:26:00,1113.75,-240.0,873.75
2021-11-11 12:27:00,1102.5,-221.25,881.25
2021-11-11 12:28:00,1061.25,-142.5,918.75
2021-11-11 12:29:00,1057.5,-105.0,952.5
2021-11-11 12:30:00,1061.25,-82.5,978.75
2021-11-11 12:31:00,997.5,48.75,1046.25
2021-11-11 12:32:00,1001.25,63.75,1065.0
2021-11-11 12:33:00,1008.75,82.5,1091.25
2021-11-11 12:34:00,986.25,101.25,1087.5
2021-11-11 12:35:00,1035.0,7.5,1042.5
2021-11-11 12:36:00,1215.0,-307.5,907.5
2021-11-11 12:37:00,1237.5,-367.5,870.0
2021-11-11 12:38:00,1226.25,-382.5,843.75
2021-11-11 12:39:00,1188.75,-221.25,967.5
2021-11-11 12:40:00,1200.0,-292.5,907.5
2021-11-11 12:41:00,1215.0,-315.0,900.0
2021-11-11 12:42:00,1312.5,-641.25,671.25
2021-11-11 12:43:00,1301.25,-491.25,810.0
2021-11-11 12:44:00,1308.75,-603.75,705.0
2021-11-11 12:45:00,1293.75,-465.0,828.75
2021-11-11 12:46:00,1275.0,-468.75,806.25
2021-11-11 12:47:00,1207.5,-198.75,1008.75
2021-11-11 12:48:00,1230.0,-292.5,937.5
2021-11-11 12:49:00,1222.5,-322.5,900.0
2021-11-11 12:50:00,1162.5,-7.5,1155.0
2021-11-11 12:51:00,1128.75,26.25,1155.0
2021-11-11 12:52:00,1125.0,131.25,1256.25
2021-11-11 12:53:00,1147.5,45.0,1192.5
2021-11-11 12:54:00,1241.25,-90.0,1151.25
2021-11-11 12:55:00,1158.75,101.25,1260.0
2021-11-11 12:56:00,1102.5,228.75,1331.25
2021-11-11 12:57:00,1098.75,288.75,1387.5
2021-11-11 12:58:00,1087.5,300.0,1387.5
2021-11-11 12:59:00,1102.5,213.75,1316.25
2021-11-11 13:00:00,1080.0,285.0,1365.0
2021-11-11 13:01:00,1072.5,367.5,1440.0
2021-11-11 13:02:00,1113.75,228.75,1342.5
2021-11-11 13:03:00,1125.0,217.5,1342.5
2021-11-11 13:04:00,1151.25,202.5,1353.75
2021-11-11 13:05:00,1267.5,75.0,1342.5
2021-11-11 13:06:00,1158.75,270.0,1428.75
2021-11-11 13:07:00,1042.5,498.75,1541.25
2021-11-11 13:08:00,1057.5,513.75,1571.25
2021-11-11 13:09:00,1117.5,408.75,1526.25
2021-11-11 13:10:00,1008.75,513.75,1522.5
2021-11-11 13:11:00,952.5,536.25,1488.75
2021-11-11 13:12:00,1012.5,536.25,1548.75
2021-11-11 13:13:00,1008.75,558.75,1567.5
2021-11-11 13:14:00,930.0,596.25,1526.25
2021-11-11 13:15:00,907.5,611.25,1518.75
2021-11-11 13:16:00,1128.75,420.0,1548.75
2021-11-11 13:17:00,1207.5,341.25,1548.75
2021-11-11 13:18:00,1117.5,416.25,1533.75
2021-11-11 13:19:00,1098.75,442.5,1541.25
2021-11-11 13:20:00,1203.75,292.5,1496.25
2021-11-11 13:21:00,1252.5,202.5,1455.0
2021-11-11 13:22:00,1155.0,375.0,1530.0
2021-11-11 13:23:00,1136.25,405.0,1541.25
2021-11-11 13:24:00,1117.5,401.25,1518.75
2021-11-11 13:25:00,1110.0,420.0,1530.0
2021-11-11 13:26:00,1110.0,446.25,1556.25
2021-11-11 13:27:00,1106.25,487.5,1593.75
2021-11-11 13:28:00,1098.75,521.25,1620.0
2021-11-11 13:29:00,843.75,888.75,1732.5
2021-11-11 13:30:00,840.0,828.75,1668.75
2021-11-11 13:31:00,967.5,806.25,1773.75
2021-11-11 13:32:00,1121.25,645.0,1766.25
2021-11-11 13:33:00,1211.25,551.25,1762.5
2021-11-11 13:34:00,1222.5,581.25,1803.75
2021-11-11 13:35:00,1128.75,705.0,1833.75
2021-11-11 13:36:00,1200.0,633.75,1833.75
2021-11-11 13:37:00,1177.5,626.25,1803.75
2021-11-11 13:38:00,1038.75,858.75,1897.5
2021-11-11 13:39:00,1087.5,802.5,1890.0
2021-11-11 13:40:00,1170.0,742.5,1912.5
2021-11-11 13:41:00,1166.25,738.75,1905.0
2021-11-11 13:42:00,1196.25,720.0,1916.25
2021-11-11 13:43:00,1260.0,637.5,1897.5
2021-11-11 13:44:00,1226.25,675.0,1901.25
2021-11-11 13:45:00,1271.25,656.25,1927.5
2021-11-11 13:46:00,1282.5,630.0,1912.5
2021-11-11 13:47:00,1406.25,528.75,1935.0
2021-11-11 13:48:00,1293.75,746.25,2040.0
2021-11-11 13:49:00,1222.5,900.0,2122.5
2021-11-11 13:50:00,1263.75,896.25,2160.0
2021-11-11 13:51:00,1391.25,723.75,2115.0
2021-11-11 13:52:00,1447.5,596.25,2043.75
2021-11-11 13:53:00,1481.25,630.0,2111.25
2021-11-11 13:54:00,1511.25,570.0,2081.25
2021-11-11 13:55:00,1563.75,255.0,1818.75
2021-11-11 13:56:00,1533.75,431.25,1965.0
2021-11-11 13:57:00,1492.5,513.75,2006.25
2021-11-11 13:58:00,1496.25,551.25,2047.5
2021-11-11 13:59:00,1511.25,562.5,2073.75
2021-11-11 14:00:00,1537.5,532.5,2070.0
2021-11-11 14:01:00,1522.5,626.25,2148.75
2021-11-11 14:02:00,1578.75,420.0,1998.75
2021-11-11 14:03:00,1582.5,446.25,2028.75
2021-11-11 14:04:00,1537.5,498.75,2036.25
2021-11-11 14:05:00,1556.25,450.0,2006.25
2021-11-11 14:06:00,1578.75,292.5,1871.25
2021-11-11 14:07:00,1537.5,495.0,2032.5
2021-11-11 14:08:00,1578.75,281.25,1860.0
2021-11-11 14:09:00,1571.25,277.5,1848.75
2021-11-11 14:10:00,1593.75,30.0,1623.75
2021-11-11 14:11:00,1623.75,-498.75,1125.0
2021-11-11 14:12:00,1646.25,-502.5,1143.75
2021-11-11 14:13:00,1646.25,-225.0,1421.25
2021-11-11 14:14:00,1642.5,-112.5,1530.0
2021-11-11 14:15:00,1638.75,-101.25,1537.5
2021-11-11 14:16:00,1668.75,-285.0,1383.75
2021-11-11 14:17:00,1680.0,-363.75,1316.25
2021-11-11 14:18:00,1687.5,-472.5,1215.0
2021-11-11 14:19:00,1680.0,-198.75,1481.25
2021-11-11 14:20:00,1691.25,-356.25,1335.0
2021-11-11 14:21:00,1695.0,-198.75,1496.25
2021-11-11 14:22:00,1695.0,-330.0,1365.0
2021-11-11 14:23:00,1691.25,-90.0,1601.25
2021-11-11 14:24:00,1661.25,277.5,1938.75
2021-11-11 14:25:00,1657.5,573.75,2231.25
2021-11-11 14:26:00,1650.0,630.0,2280.0
2021-11-11 14:27:00,1665.0,416.25,2081.25
2021-11-11 14:28:00,1653.75,495.0,2148.75
2021-11-11 14:29:00,1653.75,645.0,2298.75
2021-11-11 14:30:00,1653.75,592.5,2246.25
2021-11-11 14:31:00,1646.25,832.5,2478.75
2021-11-11 14:32:00,1657.5,866.25,2523.75
2021-11-11 14:33:00,1672.5,907.5,2580.0
2021-11-11 14:34:00,1683.75,1053.75,2737.5
2021-11-11 14:35:00,1706.25,1020.0,2726.25
2021-11-11 14:36:00,1710.0,903.75,2613.75
2021-11-11 14:37:00,1725.0,930.0,2655.0
2021-11-11 14:38:00,1747.5,810.0,2557.5
2021-11-11 14:39:00,1747.5,735.0,2482.5
2021-11-11 14:40:00,1758.75,813.75,2572.5
2021-11-11 14:41:00,1743.75,1185.0,2928.75
2021-11-11 14:42:00,1755.0,1068.75,2823.75
2021-11-11 14:43:00,1751.25,1083.75,2835.0
2021-11-11 14:44:00,1755.0,1121.25,2876.25
2021-11-11 14:45:00,1758.75,1083.75,2842.5
2021-11-11 14:46:00,1755.0,945.0,2700.0
2021-11-11 14:47:00,1762.5,798.75,2561.25
2021-11-11 14:48:00,1758.75,978.75,2737.5
2021-11-11 14:49:00,1755.0,1136.25,2891.25
2021-11-11 14:50:00,1755.0,1203.75,2958.75
2021-11-11 14:51:00,1755.0,1290.0,3045.0
2021-11-11 14:52:00,1751.25,1147.5,2898.75
2021-11-11 14:53:00,1755.0,1155.0,2910.0
2021-11-11 14:54:00,1755.0,1237.5,2992.5
2021-11-11 14:55:00,1755.0,1305.0,3060.0
2021-11-11 14:56:00,1758.75,1353.75,3112.5
2021-11-11 14:57:00,1758.75,1387.5,3146.25
2021-11-11 14:58:00,1755.0,1402.5,3157.5
2021-11-11 14:59:00,1758.75,1398.75,3157.5
2021-11-11 15:00:00,1755.0,1402.5,3157.5
2021-11-11 15:01:00,1762.5,1526.25,3288.75
2021-11-11 15:02:00,1770.0,1537.5,3307.5
2021-11-11 15:03:00,1773.75,1545.0,3318.75
2021-11-11 15:04:00,1777.5,1556.25,3333.75
2021-11-11 15:05:00,1773.75,1563.75,3337.5
2021-11-11 15:06:00,1770.0,1563.75,3333.75
2021-11-11 15:07:00,1773.75,1571.25,3345.0
2021-11-11 15:08:00,1773.75,1575.0,3348.75
2021-11-11 15:09:00,1777.5,1571.25,3348.75
2021-11-11 15:10:00,1781.25,1571.25,3352.5
2021-11-11 15:11:00,1785.0,1560.0,3345.0
2021-11-11 15:12:00,1792.5,1575.0,3367.5
2021-11-11 15:13:00,1792.5,1582.5,3375.0
2021-11-11 15:14:00,1788.75,1586.25,3375.0
2021-11-11 15:15:00,1788.75,1593.75,3382.5
2021-11-11 15:16:00,1788.75,1601.25,3390.0
2021-11-11 15:17:00,1792.5,1597.5,3390.0
2021-11-11 15:18:00,1788.75,1601.25,3390.0
2021-11-11 15:19:00,1788.75,1601.25,3390.0
2021-11-11 15:20:00,1788.75,1605.0,3393.75
2021-11-11 15:21:00,1788.75,1605.0,3393.75
2021-11-11 15:22:00,1788.75,1605.0,3393.75
2021-11-11 15:23:00,1788.75,1605.0,3393.75
2021-11-11 15:24:00,1788.75,1605.0,3393.75
2021-11-11 15:25:00,1788.75,1605.0,3393.75
2021-11-11 15:26:00,1788.75,1605.0,3393.75
2021-11-11 15:27:00,1788.75,1605.0,3393.75
2021-11-11 15:28:00,1788.75,1605.0,3393.75
2021-11-11 15:29:00,1788.75,1605.0,3393.75
2021-11-11 15:30:00,1788.75,1605.0,3393.75
2021-11-18 10:15:00,0.0,0.0,0.0
2021-11-18 10:16:00,258.75,-172.5,86.25
2021-11-18 10:17:00,468.75,-363.75,105.0
2021-11-18 10:18:00,258.75,-93.75,165.0
2021-11-18 10:19:00,405.0,-202.5,202.5
2021-11-18 10:20:00,690.0,-581.25,108.75
2021-11-18 10:21:00,693.75,-513.75,180.0
2021-11-18 10:22:00,877.5,-952.5,-75.0
2021-11-18 10:23:00,667.5,-633.75,33.75
2021-11-18 10:24:00,911.25,-1031.25,-120.0
2021-11-18 10:25:00,1012.5,-1046.25,-33.75
2021-11-18 10:26:00,723.75,-543.75,180.0
2021-11-18 10:27:00,780.0,-525.0,255.0
2021-11-18 10:28:00,742.5,-513.75,228.75
2021-11-18 10:29:00,795.0,-487.5,307.5
2021-11-18 10:30:00,813.75,-536.25,277.5
2021-11-18 10:31:00,742.5,-420.0,322.5
2021-11-18 10:32:00,787.5,-416.25,371.25
2021-11-18 10:33:00,907.5,-618.75,288.75
2021-11-18 10:34:00,948.75,-645.0,303.75
2021-11-18 10:35:00,806.25,-427.5,378.75
2021-11-18 10:36:00,843.75,-483.75,360.0
2021-11-18 10:37:00,840.0,-487.5,352.5
2021-11-18 10:38:00,810.0,-401.25,408.75
2021-11-18 10:39:00,1080.0,-746.25,333.75
2021-11-18 10:40:00,1211.25,-1091.25,120.0
2021-11-18 10:41:00,1102.5,-750.0,352.5
2021-11-18 10:42:00,1177.5,-960.0,217.5
2021-11-18 10:43:00,1207.5,-1023.75,183.75
2021-11-18 10:44:00,1252.5,-1162.5,90.0
2021-11-18 10:45:00,1320.0,-1346.25,-26.25
2021-11-18 10:46:00,1188.75,-881.25,307.5
2021-11-18 10:47:00,1188.75,-948.75,240.0
2021-11-18 10:48:00,1177.5,-956.25,221.25
2021-11-18 10:49:00,1132.5,-941.25,191.25
2021-11-18 10:50:00,1143.75,-978.75,165.0
2021-11-18 10:51:00,1121.25,-855.0,266.25
2021-11-18 10:52:00,1230.0,-1132.5,97.5
2021-11-18 10:53:00,1050.0,-750.0,300.0
2021-11-18 10:54:00,915.0,-408.75,506.25
2021-11-18 10:55:00,960.0,-401.25,558.75
2021-11-18 10:56:00,945.0,-247.5,697.5
2021-11-18 10:57:00,956.25,-187.5,768.75
2021-11-18 10:58:00,922.5,-153.75,768.75
2021-11-18 10:59:00,1057.5,-356.25,701.25
2021-11-18 11:00:00,1117.5,-423.75,693.75
2021-11-18 11:01:00,1023.75,-225.0,798.75
2021-11-18 11:02:00,896.25,-116.25,780.0
2021-11-18 11:03:00,1008.75,-270.0,738.75
2021-11-18 11:04:00,1035.0,-262.5,772.5
2021-11-18 11:05:00,896.25,30.0,926.25
2021-11-18 11:06:00,982.5,0.0,982.5
2021-11-18 11:07:00,1042.5,-60.0,982.5
2021-11-18 11:08:00,1020.0,-26.25,993.75
2021-11-18 11:09:00,1113.75,-153.75,960.0
2021-11-18 11:10:00,1267.5,-405.0,862.5
2021-11-18 11:11:00,1320.0,-416.25,903.75
2021-11-18 11:12:00,1248.75,-333.75,915.0
2021-11-18 11:13:00,1192.5,-161.25,1031.25
2021-11-18 11:14:00,1185.0,-120.0,1065.0
2021-11-18 11:15:00,1207.5,-183.75,1023.75
2021-11-18 11:16:00,1263.75,-221.25,1042.5
2021-11-18 11:17:00,1316.25,-326.25,990.0
2021-11-18 11:18:00,1372.5,-480.0,892.5
2021-11-18 11:19:00,1372.5,-401.25,971.25
2021-11-18 11:20:00,1413.75,-468.75,945.0
2021-11-18 11:21:00,1331.25,-315.0,1016.25
2021-11-18 11:22:00,1305.0,-217.5,1087.5
2021-11-18 11:23:00,1335.0,-300.0,1035.0
2021-11-18 11:24:00,1335.0,-296.25,1038.75
2021-11-18 11:25:00,1335.0,-240.0,1095.0
2021-11-18 11:26:00,1282.5,-183.75,1098.75
2021-11-18 11:27:00,1237.5,-120.0,1117.5
2021-11-18 11:28:00,1256.25,-142.5,1113.75
2021-11-18 11:29:00,1290.0,-180.0,1110.0
2021-11-18 11:30:00,1342.5,-228.75,1113.75
2021-11-18 11:31:00,1372.5,-292.5,1080.0
2021-11-18 11:32:00,1432.5,-378.75,1053.75
2021-11-18 11:33:00,1391.25,-303.75,1087.5
2021-11-18 11:34:00,1398.75,-300.0,1098.75
2021-11-18 11:35:00,1466.25,-495.0,971.25
2021-11-18 11:36:00,1511.25,-581.25,930.0
2021-11-18 11:37:00,1533.75,-675.0,858.75
2021-11-18 11:38:00,1552.5,-840.0,712.5
2021-11-18 11:39:00,1533.75,-723.75,810.0
2021-11-18 11:40:00,1537.5,-866.25,671.25
2021-11-18 11:41:00,1552.5,-971.25,581.25
2021-11-18 11:42:00,1582.5,-1200.0,382.5
2021-11-18 11:43:00,1582.5,-1068.75,513.75
2021-11-18 11:44:00,1605.0,-1151.25,453.75
2021-11-18 11:45:00,1642.5,-1365.0,277.5
2021-11-18 11:46:00,1612.5,-1065.0,547.5
2021-11-18 11:47:00,1590.0,-1050.0,540.0
2021-11-18 11:48:00,1601.25,-1140.0,461.25
2021-11-18 11:49:00,1593.75,-1042.5,551.25
2021-11-18 11:50:00,1593.75,-907.5,686.25
2021-11-18 11:51:00,1593.75,-836.25,757.5
2021-11-18 11:52:00,1575.0,-607.5,967.5
2021-11-18 11:53:00,1582.5,-645.0,937.5
2021-11-18 11:54:00,1605.0,-656.25,948.75
2021-11-18 11:55:00,1665.0,-828.75,836.25
2021-11-18 11:56:00,1751.25,-1106.25,645.0
2021-11-18 11:57:00,1762.5,-1263.75,498.75
2021-11-18 11:58:00,1747.5,-1256.25,491.25
2021-11-18 11:59:00,1721.25,-1035.0,686.25
2021-11-18 12:00:00,1665.0,-491.25,1173.75
2021-11-18 12:01:00,1676.25,-787.5,888.75
2021-11-18 12:02:00,1713.75,-948.75,765.0
2021-11-18 12:03:00,1717.5,-933.75,783.75
2021-11-18 12:04:00,1713.75,-915.0,798.75
2021-11-18 12:05:00,1725.0,-1053.75,671.25
2021-11-18 12:06:00,1698.75,-956.25,742.5
2021-11-18 12:07:00,1695.0,-806.25,888.75
2021-11-18 12:08:00,1698.75,-851.25,847.5
2021-11-18 12:09:00,1713.75,-937.5,776.25
2021-11-18 12:10:00,1717.5,-956.25,761.25
2021-11-18 12:11:00,1713.75,-937.5,776.25
2021-11-18 12:12:00,1702.5,-911.25,791.25
2021-11-18 12:13:00,1695.0,-828.75,866.25
2021-11-18 12:14:00,1691.25,-832.5,858.75
2021-11-18 12:15:00,1717.5,-1057.5,660.0
2021-11-18 12:16:00,1740.0,-1301.25,438.75
2021-11-18 12:17:00,1710.0,-1173.75,536.25
2021-11-18 12:18:00,1732.5,-1417.5,315.0
2021-11-18 12:19:00,1728.75,-1380.0,348.75
2021-11-18 12:20:00,1751.25,-1635.0,116.25
2021-11-18 12:21:00,1766.25,-1425.0,341.25
2021-11-18 12:22:00,1860.0,-1665.0,195.0
2021-11-18 12:23:00,1672.5,-1372.5,300.0
2021-11-18 12:24:00,1890.0,-1631.25,258.75
2021-11-18 12:25:00,2040.0,-1878.75,161.25
2021-11-18 12:26:00,1758.75,-1428.75,330.0
2021-11-18 12:27:00,1725.0,-1387.5,337.5
2021-11-18 12:28:00,1852.5,-1571.25,281.25
2021-11-18 12:29:00,1631.25,-1162.5,468.75
2021-11-18 12:30:00,1672.5,-1241.25,431.25
2021-11-18 12:31:00,1758.75,-1293.75,465.0
2021-11-18 12:32:00,1837.5,-1380.0,457.5
2021-11-18 12:33:00,1916.25,-1492.5,423.75
2021-11-18 12:34:00,1665.0,-1196.25,468.75
2021-11-18 12:35:00,1867.5,-1447.5,420.0
2021-11-18 12:36:00,1946.25,-1451.25,495.0
2021-11-18 12:37:00,2062.5,-1590.0,472.5
2021-11-18 12:38:00,1972.5,-1473.75,498.75
2021-11-18 12:39:00,1920.0,-1443.75,476.25
2021-11-18 12:40:00,1923.75,-1503.75,420.0
2021-11-18 12:41:00,1818.75,-1380.0,438.75
2021-11-18 12:42:00,1601.25,-1076.25,525.0
2021-11-18 12:43:00,1601.25,-1113.75,487.5
2021-11-18 12:44:00,1462.5,-1001.25,461.25
2021-11-18 12:45:00,1312.5,-798.75,513.75
2021-11-18 12:46:00,1207.5,-712.5,495.0
2021-11-18 12:47:00,1125.0,-588.75,536.25
2021-11-18 12:48:00,1117.5,-536.25,581.25
2021-11-18 12:49:00,1042.5,-397.5,645.0
2021-11-18 12:50:00,956.25,-270.0,686.25
2021-11-18 12:51:00,1218.75,-506.25,712.5
2021-11-18 12:52:00,746.25,-213.75,532.5
2021-11-18 12:53:00,772.5,-183.75,588.75
2021-11-18 12:54:00,821.25,-228.75,592.5
2021-11-18 12:55:00,753.75,-176.25,577.5
2021-11-18 12:56:00,885.0,-236.25,648.75
2021-11-18 12:57:00,1226.25,-390.0,836.25
2021-11-18 12:58:00,1421.25,-457.5,963.75
2021-11-18 12:59:00,1380.0,-465.0,915.0
2021-11-18 13:00:00,1676.25,-592.5,1083.75
2021-11-18 13:01:00,1807.5,-742.5,1065.0
2021-11-18 13:02:00,1856.25,-806.25,1050.0
2021-11-18 13:03:00,1867.5,-813.75,1053.75
2021-11-18 13:04:00,1871.25,-791.25,1080.0
2021-11-18 13:05:00,2013.75,-975.0,1038.75
2021-11-18 13:06:00,2073.75,-978.75,1095.0
2021-11-18 13:07:00,1822.5,-675.0,1147.5
2021-11-18 13:08:00,1327.5,-288.75,1038.75
2021-11-18 13:09:00,866.25,-138.75,727.5
2021-11-18 13:10:00,1552.5,-513.75,1038.75
2021-11-18 13:11:00,1661.25,-483.75,1177.5
2021-11-18 13:12:00,1316.25,-296.25,1020.0
2021-11-18 13:13:00,1207.5,-251.25,956.25
2021-11-18 13:14:00,1083.75,-183.75,900.0
2021-11-18 13:15:00,888.75,-108.75,780.0
2021-11-18 13:16:00,1012.5,-161.25,851.25
2021-11-18 13:17:00,855.0,-82.5,772.5
2021-11-18 13:18:00,630.0,123.75,753.75
2021-11-18 13:19:00,236.25,315.0,551.25
2021-11-18 13:20:00,397.5,292.5,690.0
2021-11-18 13:21:00,442.5,330.0,772.5
2021-11-18 13:22:00,-195.0,555.0,360.0
2021-11-18 13:23:00,-131.25,648.75,517.5
2021-11-18 13:24:00,277.5,517.5,795.0
2021-11-18 13:25:00,3.75,577.5,581.25
2021-11-18 13:26:00,18.75,540.0,558.75
2021-11-18 13:27:00,22.5,566.25,588.75
2021-11-18 13:28:00,7.5,603.75,611.25
2021-11-18 13:29:00,-26.25,622.5,596.25
2021-11-18 13:30:00,7.5,592.5,600.0
2021-11-18 13:31:00,176.25,341.25,517.5
2021-11-18 13:32:00,217.5,202.5,420.0
2021-11-18 13:33:00,195.0,202.5,397.5
2021-11-18 13:34:00,165.0,300.0,465.0
2021-11-18 13:35:00,116.25,461.25,577.5
2021-11-18 13:36:00,67.5,585.0,652.5
2021-11-18 13:37:00,78.75,543.75,622.5
2021-11-18 13:38:00,15.0,566.25,581.25
2021-11-18 13:39:00,-82.5,671.25,588.75
2021-11-18 13:40:00,-127.5,738.75,611.25
2021-11-18 13:41:00,-228.75,798.75,570.0
2021-11-18 13:42:00,-97.5,738.75,641.25
2021-11-18 13:43:00,-78.75,690.0,611.25
2021-11-18 13:44:00,-30.0,731.25,701.25
2021-11-18 13:45:00,-82.5,746.25,663.75
2021-11-18 13:46:00,-356.25,892.5,536.25
2021-11-18 13:47:00,-330.0,922.5,592.5
2021-11-18 13:48:00,-393.75,967.5,573.75
2021-11-18 13:49:00,-285.0,941.25,656.25
2021-11-18 13:50:00,-217.5,918.75,701.25
2021-11-18 13:51:00,-333.75,937.5,603.75
2021-11-18 13:52:00,-333.75,960.0,626.25
2021-11-18 13:53:00,-382.5,967.5,585.0
2021-11-18 13:54:00,-300.0,948.75,648.75
2021-11-18 13:55:00,-221.25,937.5,716.25
2021-11-18 13:56:00,-116.25,922.5,806.25
2021-11-18 13:57:00,-26.25,840.0,813.75
2021-11-18 13:58:00,-318.75,993.75,675.0
2021-11-18 13:59:00,-292.5,978.75,686.25
2021-11-18 14:00:00,-247.5,971.25,723.75
2021-11-18 14:01:00,-131.25,978.75,847.5
2021-11-18 14:02:00,-116.25,911.25,795.0
2021-11-18 14:03:00,-45.0,870.0,825.0
2021-11-18 14:04:00,-71.25,892.5,821.25
2021-11-18 14:05:00,-116.25,956.25,840.0
2021-11-18 14:06:00,-18.75,877.5,858.75
2021-11-18 14:07:00,-67.5,911.25,843.75
2021-11-18 14:08:00,86.25,708.75,795.0
2021-11-18 14:09:00,101.25,735.0,836.25
2021-11-18 14:10:00,127.5,772.5,900.0
2021-11-18 14:11:00,150.0,858.75,1008.75
2021-11-18 14:12:00,105.0,933.75,1038.75
2021-11-18 14:13:00,15.0,963.75,978.75
2021-11-18 14:14:00,41.25,967.5,1008.75
2021-11-18 14:15:00,-78.75,1012.5,933.75
2021-11-18 14:16:00,-86.25,1008.75,922.5
2021-11-18 14:17:00,-37.5,978.75,941.25
2021-11-18 14:18:00,-52.5,1012.5,960.0
2021-11-18 14:19:00,-18.75,1012.5,993.75
2021-11-18 14:20:00,-93.75,1031.25,937.5
2021-11-18 14:21:00,33.75,1008.75,1042.5
2021-11-18 14:22:00,48.75,1005.0,1053.75
2021-11-18 14:23:00,22.5,1012.5,1035.0
2021-11-18 14:24:00,101.25,990.0,1091.25
2021-11-18 14:25:00,210.0,930.0,1140.0
2021-11-18 14:26:00,258.75,798.75,1057.5
2021-11-18 14:27:00,251.25,870.0,1121.25
2021-11-18 14:28:00,221.25,930.0,1151.25
2021-11-18 14:29:00,187.5,1046.25,1233.75
2021-11-18 14:30:00,221.25,1001.25,1222.5
2021-11-18 14:31:00,251.25,1012.5,1263.75
2021-11-18 14:32:00,236.25,1031.25,1267.5
2021-11-18 14:33:00,270.0,997.5,1267.5
2021-11-18 14:34:00,288.75,997.5,1286.25
2021-11-18 14:35:00,326.25,926.25,1252.5
2021-11-18 14:36:00,345.0,858.75,1203.75
2021-11-18 14:37:00,360.0,858.75,1218.75
2021-11-18 14:38:00,326.25,1031.25,1357.5
2021-11-18 14:39:00,345.0,986.25,1331.25
2021-11-18 14:40:00,341.25,1016.25,1357.5
2021-11-18 14:41:00,307.5,1117.5,1425.0
2021-11-18 14:42:00,348.75,1080.0,1428.75
2021-11-18 14:43:00,367.5,1102.5,1470.0
2021-11-18 14:44:00,345.0,1136.25,1481.25
2021-11-18 14:45:00,333.75,1158.75,1492.5
2021-11-18 14:46:00,333.75,1155.0,1488.75
2021-11-18 14:47:00,330.0,1162.5,1492.5
2021-11-18 14:48:00,322.5,1181.25,1503.75
2021-11-18 14:49:00,330.0,1181.25,1511.25
2021-11-18 14:50:00,348.75,1185.0,1533.75
2021-11-18 14:51:00,318.75,1188.75,1507.5
2021-11-18 14:52:00,330.0,1192.5,1522.5
2021-11-18 14:53:00,333.75,1196.25,1530.0
2021-11-18 14:54:00,288.75,1192.5,1481.25
2021-11-18 14:55:00,255.0,1192.5,1447.5
2021-11-18 14:56:00,326.25,1188.75,1515.0
2021-11-18 14:57:00,292.5,1192.5,1485.0
2021-11-18 14:58:00,183.75,1196.25,1380.0
2021-11-18 14:59:00,247.5,1203.75,1451.25
2021-11-18 15:00:00,270.0,1200.0,1470.0
2021-11-18 15:01:00,311.25,1211.25,1522.5
2021-11-18 15:02:00,382.5,1207.5,1590.0
2021-11-18 15:03:00,386.25,1207.5,1593.75
2021-11-18 15:04:00,375.0,1218.75,1593.75
2021-11-18 15:05:00,393.75,1203.75,1597.5
2021-11-18 15:06:00,397.5,1136.25,1533.75
2021-11-18 15:07:00,397.5,1200.0,1597.5
2021-11-18 15:08:00,397.5,1207.5,1605.0
2021-11-18 15:09:00,397.5,1196.25,1593.75
2021-11-18 15:10:00,393.75,1203.75,1597.5
2021-11-18 15:11:00,401.25,1211.25,1612.5
2021-11-18 15:12:00,408.75,1215.0,1623.75
2021-11-18 15:13:00,408.75,1207.5,1616.25
2021-11-18 15:14:00,420.0,1215.0,1635.0
2021-11-18 15:15:00,420.0,1211.25,1631.25
2021-11-18 15:16:00,420.0,1215.0,1635.0
2021-11-18 15:17:00,427.5,1203.75,1631.25
2021-11-18 15:18:00,423.75,1222.5,1646.25
2021-11-18 15:19:00,423.75,1226.25,1650.0
2021-11-18 15:20:00,423.75,1226.25,1650.0
2021-11-18 15:21:00,423.75,1226.25,1650.0
2021-11-18 15:22:00,423.75,1226.25,1650.0
2021-11-18 15:23:00,423.75,1226.25,1650.0
2021-11-18 15:24:00,423.75,1226.25,1650.0
2021-11-18 15:25:00,423.75,1226.25,1650.0
2021-11-18 15:26:00,423.75,1226.25,1650.0
2021-11-18 15:27:00,423.75,1226.25,1650.0
2021-11-18 15:28:00,423.75,1226.25,1650.0
2021-11-18 15:29:00,423.75,1226.25,1650.0
2021-11-18 15:30:00,423.75,1226.25,1650.0
2021-11-25 10:15:00,0.0,0.0,0.0
2021-11-25 10:16:00,-285.0,348.75,63.75
2021-11-25 10:17:00,-22.5,116.25,93.75
2021-11-25 10:18:00,202.5,-202.5,0.0
2021-11-25 10:19:00,273.75,-300.0,-26.25
2021-11-25 10:20:00,382.5,-431.25,-48.75
2021-11-25 10:21:00,461.25,-487.5,-26.25
2021-11-25 10:22:00,412.5,-416.25,-3.75
2021-11-25 10:23:00,345.0,-258.75,86.25
2021-11-25 10:24:00,221.25,-63.75,157.5
2021-11-25 10:25:00,146.25,75.0,221.25
2021-11-25 10:26:00,-15.0,180.0,165.0
2021-11-25 10:27:00,-97.5,262.5,165.0
2021-11-25 10:28:00,82.5,45.0,127.5
2021-11-25 10:29:00,165.0,-157.5,7.5
2021-11-25 10:30:00,183.75,-161.25,22.5
2021-11-25 10:31:00,-41.25,131.25,90.0
2021-11-25 10:32:00,-22.5,120.0,97.5
2021-11-25 10:33:00,-56.25,142.5,86.25
2021-11-25 10:34:00,15.0,105.0,120.0
2021-11-25 10:35:00,-191.25,251.25,60.0
2021-11-25 10:36:00,-375.0,435.0,60.0
2021-11-25 10:37:00,-742.5,686.25,-56.25
2021-11-25 10:38:00,-491.25,532.5,41.25
2021-11-25 10:39:00,-416.25,412.5,-3.75
2021-11-25 10:40:00,-585.0,547.5,-37.5
2021-11-25 10:41:00,-630.0,596.25,-33.75
2021-11-25 10:42:00,-363.75,397.5,33.75
2021-11-25 10:43:00,-198.75,270.0,71.25
2021-11-25 10:44:00,-337.5,352.5,15.0
2021-11-25 10:45:00,-438.75,457.5,18.75
2021-11-25 10:46:00,-517.5,551.25,33.75
2021-11-25 10:47:00,-22.5,150.0,127.5
2021-11-25 10:48:00,-7.5,198.75,191.25
2021-11-25 10:49:00,-266.25,438.75,172.5
2021-11-25 10:50:00,-112.5,330.0,217.5
2021-11-25 10:51:00,-213.75,446.25,232.5
2021-11-25 10:52:00,-45.0,315.0,270.0
2021-11-25 10:53:00,-161.25,476.25,315.0
2021-11-25 10:54:00,-165.0,457.5,292.5
2021-11-25 10:55:00,-416.25,708.75,292.5
2021-11-25 10:56:00,-525.0,787.5,262.5
2021-11-25 10:57:00,-881.25,978.75,97.5
2021-11-25 10:58:00,-671.25,866.25,195.0
2021-11-25 10:59:00,-667.5,873.75,206.25
2021-11-25 11:00:00,-997.5,1132.5,135.0
2021-11-25 11:01:00,-892.5,1050.0,157.5
2021-11-25 11:02:00,-1128.75,1140.0,11.25
2021-11-25 11:03:00,-963.75,1098.75,135.0
2021-11-25 11:04:00,-1170.0,1192.5,22.5
2021-11-25 11:05:00,-926.25,1083.75,157.5
2021-11-25 11:06:00,-978.75,1091.25,112.5
2021-11-25 11:07:00,-956.25,1102.5,146.25
2021-11-25 11:08:00,-780.0,1053.75,273.75
2021-11-25 11:09:00,-888.75,1106.25,217.5
2021-11-25 11:10:00,-922.5,1128.75,206.25
2021-11-25 11:11:00,-1080.0,1211.25,131.25
2021-11-25 11:12:00,-1151.25,1267.5,116.25
2021-11-25 11:13:00,-1503.75,1443.75,-60.0
2021-11-25 11:14:00,-1481.25,1473.75,-7.5
2021-11-25 11:15:00,-1916.25,1642.5,-273.75
2021-11-25 11:16:00,-2306.25,1826.25,-480.0
2021-11-25 11:17:00,-2148.75,1533.75,-615.0
2021-11-25 11:18:00,-2546.25,1972.5,-573.75
2021-11-25 11:19:00,-3060.0,2171.25,-888.75
2021-11-25 11:20:00,-3506.25,2377.5,-1128.75
2021-11-25 11:21:00,-3135.0,1878.75,-1256.25
2021-11-25 11:22:00,-3232.5,1953.75,-1278.75
2021-11-25 11:23:00,-2621.25,1552.5,-1068.75
2021-11-25 11:24:00,-2977.5,1665.0,-1312.5
2021-11-25 11:25:00,-2718.75,1556.25,-1162.5
2021-11-25 11:26:00,-3127.5,1822.5,-1305.0
2021-11-25 11:27:00,-3285.0,2017.5,-1267.5
2021-11-25 11:28:00,-3386.25,2062.5,-1323.75
2021-11-25 11:29:00,-3322.5,1942.5,-1380.0
2021-11-25 11:30:00,-3412.5,1905.0,-1507.5
2021-11-25 11:31:00,-3303.75,1875.0,-1428.75
2021-11-25 11:32:00,-2955.0,1586.25,-1368.75
2021-11-25 11:33:00,-4140.0,2418.75,-1721.25
2021-11-25 11:34:00,-3817.5,2145.0,-1672.5
2021-11-25 11:35:00,-3472.5,1972.5,-1500.0
2021-11-25 11:36:00,-3453.75,1957.5,-1496.25
2021-11-25 11:37:00,-3281.25,1822.5,-1458.75
2021-11-25 11:38:00,-3660.0,2047.5,-1612.5
2021-11-25 11:39:00,-3206.25,1822.5,-1383.75
2021-11-25 11:40:00,-2486.25,1256.25,-1230.0
2021-11-25 11:41:00,-2970.0,1653.75,-1316.25
2021-11-25 11:42:00,-2996.25,1616.25,-1380.0
2021-11-25 11:43:00,-3243.75,1788.75,-1455.0
2021-11-25 11:44:00,-2883.75,1507.5,-1376.25
2021-11-25 11:45:00,-2598.75,1218.75,-1380.0
2021-11-25 11:46:00,-3127.5,1740.0,-1387.5
2021-11-25 11:47:00,-2793.75,1451.25,-1342.5
2021-11-25 11:48:00,-2835.0,1597.5,-1237.5
2021-11-25 11:49:00,-3116.25,1908.75,-1207.5
2021-11-25 11:50:00,-3258.75,2088.75,-1170.0
2021-11-25 11:51:00,-3607.5,2403.75,-1203.75
2021-11-25 11:52:00,-2996.25,1897.5,-1098.75
2021-11-25 11:53:00,-3251.25,2171.25,-1080.0
2021-11-25 11:54:00,-2808.75,1886.25,-922.5
2021-11-25 11:55:00,-3015.0,2051.25,-963.75
2021-11-25 11:56:00,-2688.75,1841.25,-847.5
2021-11-25 11:57:00,-3341.25,2370.0,-971.25
2021-11-25 11:58:00,-3382.5,2351.25,-1031.25
2021-11-25 11:59:00,-3307.5,2253.75,-1053.75
2021-11-25 12:00:00,-3060.0,2111.25,-948.75
2021-11-25 12:01:00,-3375.0,2370.0,-1005.0
2021-11-25 12:02:00,-3855.0,2726.25,-1128.75
2021-11-25 12:03:00,-3427.5,2501.25,-926.25
2021-11-25 12:04:00,-3592.5,2587.5,-1005.0
2021-11-25 12:05:00,-3798.75,2651.25,-1147.5
2021-11-25 12:06:00,-3416.25,2482.5,-933.75
2021-11-25 12:07:00,-3487.5,2493.75,-993.75
2021-11-25 12:08:00,-4091.25,2936.25,-1155.0
2021-11-25 12:09:00,-3802.5,2767.5,-1035.0
2021-11-25 12:10:00,-4488.75,3206.25,-1282.5
2021-11-25 12:11:00,-4571.25,3213.75,-1357.5
2021-11-25 12:12:00,-4725.0,3416.25,-1308.75
2021-11-25 12:13:00,-4766.25,3558.75,-1207.5
2021-11-25 12:14:00,-4665.0,3457.5,-1207.5
2021-11-25 12:15:00,-4747.5,3547.5,-1200.0
2021-11-25 12:16:00,-4800.0,3645.0,-1155.0
2021-11-25 12:17:00,-4923.75,3720.0,-1203.75
2021-11-25 12:18:00,-4706.25,3596.25,-1110.0
2021-11-25 12:19:00,-4650.0,3558.75,-1091.25
2021-11-25 12:20:00,-4646.25,3510.0,-1136.25
2021-11-25 12:21:00,-4721.25,3525.0,-1196.25
2021-11-25 12:22:00,-4807.5,3618.75,-1188.75
2021-11-25 12:23:00,-4980.0,3843.75,-1136.25
2021-11-25 12:24:00,-4905.0,3847.5,-1057.5
2021-11-25 12:25:00,-5043.75,3982.5,-1061.25
2021-11-25 12:26:00,-4886.25,3843.75,-1042.5
2021-11-25 12:27:00,-4462.5,3465.0,-997.5
2021-11-25 12:28:00,-4237.5,3337.5,-900.0
2021-11-25 12:29:00,-4113.75,3183.75,-930.0
2021-11-25 12:30:00,-4357.5,3480.0,-877.5
2021-11-25 12:31:00,-4290.0,3420.0,-870.0
2021-11-25 12:32:00,-4166.25,3341.25,-825.0
2021-11-25 12:33:00,-4095.0,3285.0,-810.0
2021-11-25 12:34:00,-4357.5,3802.5,-555.0
2021-11-25 12:35:00,-4335.0,3847.5,-487.5
2021-11-25 12:36:00,-4252.5,3667.5,-585.0
2021-11-25 12:37:00,-4155.0,3607.5,-547.5
2021-11-25 12:38:00,-4121.25,3588.75,-532.5
2021-11-25 12:39:00,-4091.25,3487.5,-603.75
2021-11-25 12:40:00,-4200.0,3761.25,-438.75
2021-11-25 12:41:00,-4057.5,3510.0,-547.5
2021-11-25 12:42:00,-4001.25,3487.5,-513.75
2021-11-25 12:43:00,-3783.75,3236.25,-547.5
2021-11-25 12:44:00,-3641.25,2943.75,-697.5
2021-11-25 12:45:00,-3656.25,2977.5,-678.75
2021-11-25 12:46:00,-3678.75,3153.75,-525.0
2021-11-25 12:47:00,-3641.25,2951.25,-690.0
2021-11-25 12:48:00,-3648.75,3078.75,-570.0
2021-11-25 12:49:00,-3813.75,3476.25,-337.5
2021-11-25 12:50:00,-3746.25,3296.25,-450.0
2021-11-25 12:51:00,-3555.0,2955.0,-600.0
2021-11-25 12:52:00,-3352.5,2658.75,-693.75
2021-11-25 12:53:00,-3363.75,2703.75,-660.0
2021-11-25 12:54:00,-3397.5,2775.0,-622.5
2021-11-25 12:55:00,-3228.75,2403.75,-825.0
2021-11-25 12:56:00,-3198.75,1976.25,-1222.5
2021-11-25 12:57:00,-3157.5,1687.5,-1470.0
2021-11-25 12:58:00,-3213.75,2171.25,-1042.5
2021-11-25 12:59:00,-3232.5,2317.5,-915.0
2021-11-25 13:00:00,-3210.0,2032.5,-1177.5
2021-11-25 13:01:00,-3213.75,2227.5,-986.25
2021-11-25 13:02:00,-3266.25,2805.0,-461.25
2021-11-25 13:03:00,-3453.75,3558.75,105.0
2021-11-25 13:04:00,-3491.25,3446.25,-45.0
2021-11-25 13:05:00,-3585.0,3630.0,45.0
2021-11-25 13:06:00,-3675.0,3667.5,-7.5
2021-11-25 13:07:00,-3836.25,3870.0,33.75
2021-11-25 13:08:00,-3798.75,3727.5,-71.25
2021-11-25 13:09:00,-4136.25,4001.25,-135.0
2021-11-25 13:10:00,-4192.5,4012.5,-180.0
2021-11-25 13:11:00,-3911.25,3851.25,-60.0
2021-11-25 13:12:00,-4102.5,3982.5,-120.0
2021-11-25 13:13:00,-3892.5,3843.75,-48.75
2021-11-25 13:14:00,-3933.75,3918.75,-15.0
2021-11-25 13:15:00,-3941.25,3926.25,-15.0
2021-11-25 13:16:00,-3933.75,3978.75,45.0
2021-11-25 13:17:00,-3900.0,3877.5,-22.5
2021-11-25 13:18:00,-3975.0,3937.5,-37.5
2021-11-25 13:19:00,-3930.0,3978.75,48.75
2021-11-25 13:20:00,-4297.5,4398.75,101.25
2021-11-25 13:21:00,-4106.25,4308.75,202.5
2021-11-25 13:22:00,-4031.25,4188.75,157.5
2021-11-25 13:23:00,-3930.0,4132.5,202.5
2021-11-25 13:24:00,-3667.5,3937.5,270.0
2021-11-25 13:25:00,-3468.75,3626.25,157.5
2021-11-25 13:26:00,-3431.25,3453.75,22.5
2021-11-25 13:27:00,-3592.5,3727.5,135.0
2021-11-25 13:28:00,-3461.25,3442.5,-18.75
2021-11-25 13:29:00,-3495.0,3390.0,-105.0
2021-11-25 13:30:00,-3506.25,3498.75,-7.5
2021-11-25 13:31:00,-3675.0,3900.0,225.0
2021-11-25 13:32:00,-3783.75,4031.25,247.5
2021-11-25 13:33:00,-3656.25,3941.25,285.0
2021-11-25 13:34:00,-3393.75,3450.0,56.25
2021-11-25 13:35:00,-3465.0,3483.75,18.75
2021-11-25 13:36:00,-3543.75,3806.25,262.5
2021-11-25 13:37:00,-3570.0,3626.25,56.25
2021-11-25 13:38:00,-3588.75,3813.75,225.0
2021-11-25 13:39:00,-3855.0,4106.25,251.25
2021-11-25 13:40:00,-3645.0,3832.5,187.5
2021-11-25 13:41:00,-3795.0,4065.0,270.0
2021-11-25 13:42:00,-3701.25,4001.25,300.0
2021-11-25 13:43:00,-3663.75,4035.0,371.25
2021-11-25 13:44:00,-3570.0,3918.75,348.75
2021-11-25 13:45:00,-3566.25,3888.75,322.5
2021-11-25 13:46:00,-3483.75,3795.0,311.25
2021-11-25 13:47:00,-3577.5,4035.0,457.5
2021-11-25 13:48:00,-3731.25,4151.25,420.0
2021-11-25 13:49:00,-3562.5,4016.25,453.75
2021-11-25 13:50:00,-3682.5,4173.75,491.25
2021-11-25 13:51:00,-3735.0,4155.0,420.0
2021-11-25 13:52:00,-3693.75,4140.0,446.25
2021-11-25 13:53:00,-3738.75,4222.5,483.75
2021-11-25 13:54:00,-3667.5,4192.5,525.0
2021-11-25 13:55:00,-3577.5,4132.5,555.0
2021-11-25 13:56:00,-3525.0,4042.5,517.5
2021-11-25 13:57:00,-3592.5,4125.0,532.5
2021-11-25 13:58:00,-3528.75,4068.75,540.0
2021-11-25 13:59:00,-3513.75,4080.0,566.25
2021-11-25 14:00:00,-3378.75,3690.0,311.25
2021-11-25 14:01:00,-3603.75,4207.5,603.75
2021-11-25 14:02:00,-3592.5,4166.25,573.75
2021-11-25 14:03:00,-3446.25,4023.75,577.5
2021-11-25 14:04:00,-3457.5,4106.25,648.75
2021-11-25 14:05:00,-3356.25,3761.25,405.0
2021-11-25 14:06:00,-3393.75,3907.5,513.75
2021-11-25 14:07:00,-3386.25,3986.25,600.0
2021-11-25 14:08:00,-3375.0,3990.0,615.0
2021-11-25 14:09:00,-3296.25,3866.25,570.0
2021-11-25 14:10:00,-3371.25,4143.75,772.5
2021-11-25 14:11:00,-3330.0,3993.75,663.75
2021-11-25 14:12:00,-3337.5,3948.75,611.25
2021-11-25 14:13:00,-3296.25,3960.0,663.75
2021-11-25 14:14:00,-3622.5,4770.0,1147.5
2021-11-25 14:15:00,-3461.25,4406.25,945.0
2021-11-25 14:16:00,-3517.5,4458.75,941.25
2021-11-25 14:17:00,-3498.75,4511.25,1012.5
2021-11-25 14:18:00,-3502.5,4526.25,1023.75
2021-11-25 14:19:00,-3633.75,4736.25,1102.5
2021-11-25 14:20:00,-3600.0,4770.0,1170.0
2021-11-25 14:21:00,-3562.5,4800.0,1237.5
2021-11-25 14:22:00,-3633.75,4882.5,1248.75
2021-11-25 14:23:00,-3885.0,5013.75,1128.75
2021-11-25 14:24:00,-4038.75,5002.5,963.75
2021-11-25 14:25:00,-3978.75,4991.25,1012.5
2021-11-25 14:26:00,-4278.75,5081.25,802.5
2021-11-25 14:27:00,-4200.0,5167.5,967.5
2021-11-25 14:28:00,-3963.75,5126.25,1162.5
2021-11-25 14:29:00,-3453.75,5040.0,1586.25
2021-11-25 14:30:00,-3705.0,5081.25,1376.25
2021-11-25 14:31:00,-3952.5,5145.0,1192.5
2021-11-25 14:32:00,-3952.5,5175.0,1222.5
2021-11-25 14:33:00,-3821.25,5122.5,1301.25
2021-11-25 14:34:00,-3528.75,5092.5,1563.75
2021-11-25 14:35:00,-3356.25,5036.25,1680.0
2021-11-25 14:36:00,-3795.0,5175.0,1380.0
2021-11-25 14:37:00,-3438.75,5073.75,1635.0
2021-11-25 14:38:00,-3607.5,5115.0,1507.5
2021-11-25 14:39:00,-3585.0,5126.25,1541.25
2021-11-25 14:40:00,-3772.5,5201.25,1428.75
2021-11-25 14:41:00,-4001.25,5250.0,1248.75
2021-11-25 14:42:00,-3686.25,5246.25,1560.0
2021-11-25 14:43:00,-3660.0,5265.0,1605.0
2021-11-25 14:44:00,-3461.25,5250.0,1788.75
2021-11-25 14:45:00,-3780.0,5325.0,1545.0
2021-11-25 14:46:00,-3753.75,5317.5,1563.75
2021-11-25 14:47:00,-3832.5,5317.5,1485.0
2021-11-25 14:48:00,-4166.25,5340.0,1173.75
2021-11-25 14:49:00,-4267.5,5370.0,1102.5
2021-11-25 14:50:00,-4383.75,5377.5,993.75
2021-11-25 14:51:00,-3903.75,5358.75,1455.0
2021-11-25 14:52:00,-3731.25,5362.5,1631.25
2021-11-25 14:53:00,-3630.0,5355.0,1725.0
2021-11-25 14:54:00,-3727.5,5373.75,1646.25
2021-11-25 14:55:00,-3742.5,5392.5,1650.0
2021-11-25 14:56:00,-3708.75,5400.0,1691.25
2021-11-25 14:57:00,-3712.5,5430.0,1717.5
2021-11-25 14:58:00,-3630.0,5422.5,1792.5
2021-11-25 14:59:00,-3697.5,5426.25,1728.75
2021-11-25 15:00:00,-3851.25,5433.75,1582.5
2021-11-25 15:01:00,-3037.5,5381.25,2343.75
2021-11-25 15:02:00,-3146.25,5411.25,2265.0
2021-11-25 15:03:00,-3071.25,5411.25,2340.0
2021-11-25 15:04:00,-2958.75,5422.5,2463.75
2021-11-25 15:05:00,-2947.5,5441.25,2493.75
2021-11-25 15:06:00,-2917.5,5433.75,2516.25
2021-11-25 15:07:00,-2850.0,5441.25,2591.25
2021-11-25 15:08:00,-2850.0,5422.5,2572.5
2021-11-25 15:09:00,-2846.25,5445.0,2598.75
2021-11-25 15:10:00,-2831.25,5441.25,2610.0
2021-11-25 15:11:00,-2820.0,5441.25,2621.25
2021-11-25 15:12:00,-2820.0,5456.25,2636.25
2021-11-25 15:13:00,-2838.75,5482.5,2643.75
2021-11-25 15:14:00,-2831.25,5490.0,2658.75
2021-11-25 15:15:00,-2835.0,5490.0,2655.0
2021-11-25 15:16:00,-2835.0,5497.5,2662.5
2021-11-25 15:17:00,-2831.25,5501.25,2670.0
2021-11-25 15:18:00,-2827.5,5501.25,2673.75
2021-11-25 15:19:00,-2820.0,5501.25,2681.25
2021-11-25 15:20:00,-2820.0,5505.0,2685.0
2021-11-25 15:21:00,-2820.0,5505.0,2685.0
2021-11-25 15:22:00,-2820.0,5505.0,2685.0
2021-11-25 15:23:00,-2820.0,5505.0,2685.0
2021-11-25 15:24:00,-2820.0,5505.0,2685.0
2021-11-25 15:25:00,-2820.0,5505.0,2685.0
2021-11-25 15:26:00,-2820.0,5505.0,2685.0
2021-11-25 15:27:00,-2820.0,5505.0,2685.0
2021-11-25 15:28:00,-2820.0,5505.0,2685.0
2021-11-25 15:29:00,-2820.0,5505.0,2685.0
2021-11-25 15:30:00,-2820.0,5505.0,2685.0
2021-12-02 10:15:00,0.0,0.0,0.0
2021-12-02 10:16:00,-127.5,135.0,7.5
2021-12-02 10:17:00,-18.75,86.25,67.5
2021-12-02 10:18:00,-48.75,101.25,52.5
2021-12-02 10:19:00,116.25,-37.5,78.75
2021-12-02 10:20:00,90.0,-63.75,26.25
2021-12-02 10:21:00,-7.5,78.75,71.25
2021-12-02 10:22:00,150.0,-82.5,67.5
2021-12-02 10:23:00,198.75,-123.75,75.0
2021-12-02 10:24:00,187.5,-86.25,101.25
2021-12-02 10:25:00,281.25,-183.75,97.5
2021-12-02 10:26:00,168.75,-48.75,120.0
2021-12-02 10:27:00,97.5,48.75,146.25
2021-12-02 10:28:00,157.5,-22.5,135.0
2021-12-02 10:29:00,135.0,33.75,168.75
2021-12-02 10:30:00,78.75,112.5,191.25
2021-12-02 10:31:00,48.75,180.0,228.75
2021-12-02 10:32:00,82.5,157.5,240.0
2021-12-02 10:33:00,157.5,123.75,281.25
2021-12-02 10:34:00,138.75,116.25,255.0
2021-12-02 10:35:00,161.25,45.0,206.25
2021-12-02 10:36:00,180.0,22.5,202.5
2021-12-02 10:37:00,228.75,-78.75,150.0
2021-12-02 10:38:00,273.75,-123.75,150.0
2021-12-02 10:39:00,240.0,-71.25,168.75
2021-12-02 10:40:00,285.0,-146.25,138.75
2021-12-02 10:41:00,288.75,-108.75,180.0
2021-12-02 10:42:00,236.25,-15.0,221.25
2021-12-02 10:43:00,210.0,41.25,251.25
2021-12-02 10:44:00,82.5,202.5,285.0
2021-12-02 10:45:00,86.25,168.75,255.0
2021-12-02 10:46:00,131.25,142.5,273.75
2021-12-02 10:47:00,146.25,127.5,273.75
2021-12-02 10:48:00,146.25,157.5,303.75
2021-12-02 10:49:00,67.5,266.25,333.75
2021-12-02 10:50:00,135.0,217.5,352.5
2021-12-02 10:51:00,243.75,146.25,390.0
2021-12-02 10:52:00,472.5,-168.75,303.75
2021-12-02 10:53:00,420.0,-183.75,236.25
2021-12-02 10:54:00,487.5,-195.0,292.5
2021-12-02 10:55:00,397.5,-108.75,288.75
2021-12-02 10:56:00,540.0,-330.0,210.0
2021-12-02 10:57:00,513.75,-277.5,236.25
2021-12-02 10:58:00,438.75,-97.5,341.25
2021-12-02 10:59:00,390.0,7.5,397.5
2021-12-02 11:00:00,378.75,30.0,408.75
2021-12-02 11:01:00,461.25,-97.5,363.75
2021-12-02 11:02:00,416.25,-45.0,371.25
2021-12-02 11:03:00,367.5,41.25,408.75
2021-12-02 11:04:00,315.0,150.0,465.0
2021-12-02 11:05:00,277.5,180.0,457.5
2021-12-02 11:06:00,187.5,255.0,442.5
2021-12-02 11:07:00,161.25,266.25,427.5
2021-12-02 11:08:00,183.75,251.25,435.0
2021-12-02 11:09:00,180.0,240.0,420.0
2021-12-02 11:10:00,348.75,78.75,427.5
2021-12-02 11:11:00,277.5,206.25,483.75
2021-12-02 11:12:00,232.5,255.0,487.5
2021-12-02 11:13:00,240.0,277.5,517.5
2021-12-02 11:14:00,288.75,232.5,521.25
2021-12-02 11:15:00,285.0,251.25,536.25
2021-12-02 11:16:00,281.25,247.5,528.75
2021-12-02 11:17:00,67.5,510.0,577.5
2021-12-02 11:18:00,150.0,450.0,600.0
2021-12-02 11:19:00,116.25,532.5,648.75
2021-12-02 11:20:00,-277.5,686.25,408.75
2021-12-02 11:21:00,-472.5,742.5,270.0
2021-12-02 11:22:00,-476.25,765.0,288.75
2021-12-02 11:23:00,-438.75,783.75,345.0
2021-12-02 11:24:00,-461.25,791.25,330.0
2021-12-02 11:25:00,-498.75,772.5,273.75
2021-12-02 11:26:00,-341.25,697.5,356.25
2021-12-02 11:27:00,-465.0,712.5,247.5
2021-12-02 11:28:00,-513.75,791.25,277.5
2021-12-02 11:29:00,-596.25,798.75,202.5
2021-12-02 11:30:00,-641.25,832.5,191.25
2021-12-02 11:31:00,-562.5,806.25,243.75
2021-12-02 11:32:00,-423.75,738.75,315.0
2021-12-02 11:33:00,-442.5,735.0,292.5
2021-12-02 11:34:00,-506.25,746.25,240.0
2021-12-02 11:35:00,-442.5,746.25,303.75
2021-12-02 11:36:00,-427.5,753.75,326.25
2021-12-02 11:37:00,-416.25,735.0,318.75
2021-12-02 11:38:00,-420.0,753.75,333.75
2021-12-02 11:39:00,-682.5,941.25,258.75
2021-12-02 11:40:00,-573.75,885.0,311.25
2021-12-02 11:41:00,-517.5,866.25,348.75
2021-12-02 11:42:00,-453.75,836.25,382.5
2021-12-02 11:43:00,-476.25,866.25,390.0
2021-12-02 11:44:00,-427.5,832.5,405.0
2021-12-02 11:45:00,-191.25,742.5,551.25
2021-12-02 11:46:00,-423.75,795.0,371.25
2021-12-02 11:47:00,-296.25,727.5,431.25
2021-12-02 11:48:00,-138.75,678.75,540.0
2021-12-02 11:49:00,-142.5,697.5,555.0
2021-12-02 11:50:00,-255.0,765.0,510.0
2021-12-02 11:51:00,-123.75,656.25,532.5
2021-12-02 11:52:00,105.0,566.25,671.25
2021-12-02 11:53:00,146.25,521.25,667.5
2021-12-02 11:54:00,296.25,491.25,787.5
2021-12-02 11:55:00,232.5,596.25,828.75
2021-12-02 11:56:00,386.25,502.5,888.75
2021-12-02 11:57:00,251.25,633.75,885.0
2021-12-02 11:58:00,183.75,720.0,903.75
2021-12-02 11:59:00,232.5,712.5,945.0
2021-12-02 12:00:00,180.0,813.75,993.75
2021-12-02 12:01:00,333.75,641.25,975.0
2021-12-02 12:02:00,300.0,682.5,982.5
2021-12-02 12:03:00,266.25,708.75,975.0
2021-12-02 12:04:00,300.0,712.5,1012.5
2021-12-02 12:05:00,457.5,585.0,1042.5
2021-12-02 12:06:00,465.0,558.75,1023.75
2021-12-02 12:07:00,390.0,652.5,1042.5
2021-12-02 12:08:00,382.5,656.25,1038.75
2021-12-02 12:09:00,288.75,795.0,1083.75
2021-12-02 12:10:00,322.5,765.0,1087.5
2021-12-02 12:11:00,322.5,776.25,1098.75
2021-12-02 12:12:00,363.75,746.25,1110.0
2021-12-02 12:13:00,363.75,720.0,1083.75
2021-12-02 12:14:00,420.0,671.25,1091.25
2021-12-02 12:15:00,543.75,596.25,1140.0
2021-12-02 12:16:00,461.25,693.75,1155.0
2021-12-02 12:17:00,401.25,798.75,1200.0
2021-12-02 12:18:00,397.5,798.75,1196.25
2021-12-02 12:19:00,483.75,690.0,1173.75
2021-12-02 12:20:00,476.25,712.5,1188.75
2021-12-02 12:21:00,510.0,682.5,1192.5
2021-12-02 12:22:00,472.5,731.25,1203.75
2021-12-02 12:23:00,461.25,776.25,1237.5
2021-12-02 12:24:00,502.5,720.0,1222.5
2021-12-02 12:25:00,382.5,877.5,1260.0
2021-12-02 12:26:00,487.5,772.5,1260.0
2021-12-02 12:27:00,390.0,881.25,1271.25
2021-12-02 12:28:00,360.0,900.0,1260.0
2021-12-02 12:29:00,318.75,982.5,1301.25
2021-12-02 12:30:00,258.75,1027.5,1286.25
2021-12-02 12:31:00,225.0,1050.0,1275.0
2021-12-02 12:32:00,75.0,1147.5,1222.5
2021-12-02 12:33:00,116.25,1125.0,1241.25
2021-12-02 12:34:00,168.75,1151.25,1320.0
2021-12-02 12:35:00,108.75,1192.5,1301.25
2021-12-02 12:36:00,183.75,1117.5,1301.25
2021-12-02 12:37:00,240.0,1091.25,1331.25
2021-12-02 12:38:00,195.0,1113.75,1308.75
2021-12-02 12:39:00,288.75,1065.0,1353.75
2021-12-02 12:40:00,401.25,1001.25,1402.5
2021-12-02 12:41:00,450.0,986.25,1436.25
2021-12-02 12:42:00,510.0,941.25,1451.25
2021-12-02 12:43:00,333.75,1095.0,1428.75
2021-12-02 12:44:00,420.0,1012.5,1432.5
2021-12-02 12:45:00,337.5,1087.5,1425.0
2021-12-02 12:46:00,258.75,1162.5,1421.25
2021-12-02 12:47:00,378.75,1083.75,1462.5
2021-12-02 12:48:00,397.5,1080.0,1477.5
2021-12-02 12:49:00,375.0,1072.5,1447.5
2021-12-02 12:50:00,195.0,1222.5,1417.5
2021-12-02 12:51:00,326.25,1170.0,1496.25
2021-12-02 12:52:00,315.0,1215.0,1530.0
2021-12-02 12:53:00,292.5,1256.25,1548.75
2021-12-02 12:54:00,363.75,1241.25,1605.0
2021-12-02 12:55:00,300.0,1260.0,1560.0
2021-12-02 12:56:00,180.0,1380.0,1560.0
2021-12-02 12:57:00,202.5,1357.5,1560.0
2021-12-02 12:58:00,195.0,1391.25,1586.25
2021-12-02 12:59:00,206.25,1387.5,1593.75
2021-12-02 13:00:00,236.25,1383.75,1620.0
2021-12-02 13:01:00,165.0,1440.0,1605.0
2021-12-02 13:02:00,232.5,1417.5,1650.0
2021-12-02 13:03:00,337.5,1380.0,1717.5
2021-12-02 13:04:00,345.0,1346.25,1691.25
2021-12-02 13:05:00,318.75,1387.5,1706.25
2021-12-02 13:06:00,322.5,1380.0,1702.5
2021-12-02 13:07:00,285.0,1428.75,1713.75
2021-12-02 13:08:00,225.0,1488.75,1713.75
2021-12-02 13:09:00,75.0,1586.25,1661.25
2021-12-02 13:10:00,-45.0,1616.25,1571.25
2021-12-02 13:11:00,157.5,1552.5,1710.0
2021-12-02 13:12:00,153.75,1533.75,1687.5
2021-12-02 13:13:00,356.25,1443.75,1800.0
2021-12-02 13:14:00,585.0,1312.5,1897.5
2021-12-02 13:15:00,352.5,1511.25,1863.75
2021-12-02 13:16:00,348.75,1443.75,1792.5
2021-12-02 13:17:00,435.0,1361.25,1796.25
2021-12-02 13:18:00,420.0,1413.75,1833.75
2021-12-02 13:19:00,393.75,1451.25,1845.0
2021-12-02 13:20:00,416.25,1451.25,1867.5
2021-12-02 13:21:00,360.0,1477.5,1837.5
2021-12-02 13:22:00,243.75,1541.25,1785.0
2021-12-02 13:23:00,236.25,1541.25,1777.5
2021-12-02 13:24:00,292.5,1533.75,1826.25
2021-12-02 13:25:00,277.5,1560.0,1837.5
2021-12-02 13:26:00,420.0,1530.0,1950.0
2021-12-02 13:27:00,371.25,1533.75,1905.0
2021-12-02 13:28:00,311.25,1522.5,1833.75
2021-12-02 13:29:00,262.5,1545.0,1807.5
2021-12-02 13:30:00,408.75,1496.25,1905.0
2021-12-02 13:31:00,416.25,1458.75,1875.0
2021-12-02 13:32:00,270.0,1533.75,1803.75
2021-12-02 13:33:00,311.25,1533.75,1845.0
2021-12-02 13:34:00,262.5,1556.25,1818.75
2021-12-02 13:35:00,116.25,1597.5,1713.75
2021-12-02 13:36:00,210.0,1582.5,1792.5
2021-12-02 13:37:00,318.75,1552.5,1871.25
2021-12-02 13:38:00,322.5,1571.25,1893.75
2021-12-02 13:39:00,356.25,1590.0,1946.25
2021-12-02 13:40:00,352.5,1593.75,1946.25
2021-12-02 13:41:00,375.0,1593.75,1968.75
2021-12-02 13:42:00,450.0,1571.25,2021.25
2021-12-02 13:43:00,618.75,1518.75,2137.5
2021-12-02 13:44:00,573.75,1537.5,2111.25
2021-12-02 13:45:00,502.5,1601.25,2103.75
2021-12-02 13:46:00,438.75,1597.5,2036.25
2021-12-02 13:47:00,382.5,1653.75,2036.25
2021-12-02 13:48:00,431.25,1623.75,2055.0
2021-12-02 13:49:00,363.75,1646.25,2010.0
2021-12-02 13:50:00,150.0,1732.5,1882.5
2021-12-02 13:51:00,71.25,1762.5,1833.75
2021-12-02 13:52:00,127.5,1788.75,1916.25
2021-12-02 13:53:00,97.5,1815.0,1912.5
2021-12-02 13:54:00,273.75,1770.0,2043.75
2021-12-02 13:55:00,206.25,1781.25,1987.5
2021-12-02 13:56:00,348.75,1785.0,2133.75
2021-12-02 13:57:00,581.25,1728.75,2310.0
2021-12-02 13:58:00,532.5,1732.5,2265.0
2021-12-02 13:59:00,648.75,1676.25,2325.0
2021-12-02 14:00:00,618.75,1665.0,2283.75
2021-12-02 14:01:00,600.0,1672.5,2272.5
2021-12-02 14:02:00,738.75,1638.75,2377.5
2021-12-02 14:03:00,952.5,1507.5,2460.0
2021-12-02 14:04:00,892.5,1518.75,2411.25
2021-12-02 14:05:00,1076.25,1417.5,2493.75
2021-12-02 14:06:00,963.75,1575.0,2538.75
2021-12-02 14:07:00,956.25,1586.25,2542.5
2021-12-02 14:08:00,858.75,1698.75,2557.5
2021-12-02 14:09:00,862.5,1668.75,2531.25
2021-12-02 14:10:00,997.5,1605.0,2602.5
2021-12-02 14:11:00,911.25,1657.5,2568.75
2021-12-02 14:12:00,873.75,1706.25,2580.0
2021-12-02 14:13:00,772.5,1781.25,2553.75
2021-12-02 14:14:00,836.25,1751.25,2587.5
2021-12-02 14:15:00,768.75,1770.0,2538.75
2021-12-02 14:16:00,652.5,1785.0,2437.5
2021-12-02 14:17:00,652.5,1788.75,2441.25
2021-12-02 14:18:00,765.0,1785.0,2550.0
2021-12-02 14:19:00,723.75,1792.5,2516.25
2021-12-02 14:20:00,746.25,1788.75,2535.0
2021-12-02 14:21:00,768.75,1800.0,2568.75
2021-12-02 14:22:00,840.0,1777.5,2617.5
2021-12-02 14:23:00,742.5,1826.25,2568.75
2021-12-02 14:24:00,701.25,1841.25,2542.5
2021-12-02 14:25:00,686.25,1875.0,2561.25
2021-12-02 14:26:00,671.25,1882.5,2553.75
2021-12-02 14:27:00,705.0,1878.75,2583.75
2021-12-02 14:28:00,648.75,1908.75,2557.5
2021-12-02 14:29:00,637.5,1897.5,2535.0
2021-12-02 14:30:00,405.0,1897.5,2302.5
2021-12-02 14:31:00,262.5,1893.75,2156.25
2021-12-02 14:32:00,300.0,1901.25,2201.25
2021-12-02 14:33:00,476.25,1886.25,2362.5
2021-12-02 14:34:00,596.25,1882.5,2478.75
2021-12-02 14:35:00,502.5,1897.5,2400.0
2021-12-02 14:36:00,577.5,1897.5,2475.0
2021-12-02 14:37:00,397.5,1931.25,2328.75
2021-12-02 14:38:00,142.5,1953.75,2096.25
2021-12-02 14:39:00,97.5,1961.25,2058.75
2021-12-02 14:40:00,-67.5,1957.5,1890.0
2021-12-02 14:41:00,-176.25,2130.0,1953.75
2021-12-02 14:42:00,-168.75,2175.0,2006.25
2021-12-02 14:43:00,22.5,1901.25,1923.75
2021-12-02 14:44:00,112.5,1886.25,1998.75
2021-12-02 14:45:00,131.25,1860.0,1991.25
2021-12-02 14:46:00,210.0,1743.75,1953.75
2021-12-02 14:47:00,273.75,1680.0,1953.75
2021-12-02 14:48:00,45.0,2160.0,2205.0
2021-12-02 14:49:00,255.0,1770.0,2025.0
2021-12-02 14:50:00,348.75,1635.0,1983.75
2021-12-02 14:51:00,570.0,1267.5,1837.5
2021-12-02 14:52:00,318.75,1717.5,2036.25
2021-12-02 14:53:00,18.75,2317.5,2336.25
2021-12-02 14:54:00,168.75,2092.5,2261.25
2021-12-02 14:55:00,142.5,2190.0,2332.5
2021-12-02 14:56:00,307.5,1968.75,2276.25
2021-12-02 14:57:00,296.25,2043.75,2340.0
2021-12-02 14:58:00,101.25,2415.0,2516.25
2021-12-02 14:59:00,108.75,2527.5,2636.25
2021-12-02 15:00:00,146.25,2460.0,2606.25
2021-12-02 15:01:00,-333.75,3281.25,2947.5
2021-12-02 15:02:00,-798.75,3776.25,2977.5
2021-12-02 15:03:00,-780.0,3840.0,3060.0
2021-12-02 15:04:00,-1102.5,4158.75,3056.25
2021-12-02 15:05:00,-1155.0,4233.75,3078.75
2021-12-02 15:06:00,-1635.0,4631.25,2996.25
2021-12-02 15:07:00,-1305.0,4391.25,3086.25
2021-12-02 15:08:00,-1038.75,4173.75,3135.0
2021-12-02 15:09:00,-1113.75,4263.75,3150.0
2021-12-02 15:10:00,-761.25,4012.5,3251.25
2021-12-02 15:11:00,-1488.75,4623.75,3135.0
2021-12-02 15:12:00,-1541.25,4672.5,3131.25
2021-12-02 15:13:00,-1290.0,4492.5,3202.5
2021-12-02 15:14:00,-1597.5,4777.5,3180.0
2021-12-02 15:15:00,-2167.5,5295.0,3127.5
2021-12-02 15:16:00,-1863.75,5028.75,3165.0
2021-12-02 15:17:00,-1860.0,5077.5,3217.5
2021-12-02 15:18:00,-2122.5,5302.5,3180.0
2021-12-02 15:19:00,-2272.5,5437.5,3165.0
2021-12-02 15:20:00,-2422.5,5587.5,3165.0
2021-12-02 15:21:00,-2422.5,5587.5,3165.0
2021-12-02 15:22:00,-2422.5,5587.5,3165.0
2021-12-02 15:23:00,-2422.5,5587.5,3165.0
2021-12-02 15:24:00,-2422.5,5587.5,3165.0
2021-12-02 15:25:00,-2422.5,5587.5,3165.0
2021-12-02 15:26:00,-2422.5,5587.5,3165.0
2021-12-02 15:27:00,-2422.5,5587.5,3165.0
2021-12-02 15:28:00,-2422.5,5587.5,3165.0
2021-12-02 15:29:00,-2422.5,5587.5,3165.0
2021-12-02 15:30:00,-2422.5,5587.5,3165.0
2021-12-09 10:15:00,0.0,0.0,0.0
2021-12-09 10:16:00,48.75,-82.5,-33.75
2021-12-09 10:17:00,22.5,-33.75,-11.25
2021-12-09 10:18:00,45.0,22.5,67.5
2021-12-09 10:19:00,431.25,-303.75,127.5
2021-12-09 10:20:00,453.75,-311.25,142.5
2021-12-09 10:21:00,450.0,-315.0,135.0
2021-12-09 10:22:00,446.25,-330.0,116.25
2021-12-09 10:23:00,191.25,-48.75,142.5
2021-12-09 10:24:00,210.0,-127.5,82.5
2021-12-09 10:25:00,277.5,-191.25,86.25
2021-12-09 10:26:00,367.5,-281.25,86.25
2021-12-09 10:27:00,495.0,-382.5,112.5
2021-12-09 10:28:00,588.75,-393.75,195.0
2021-12-09 10:29:00,693.75,-450.0,243.75
2021-12-09 10:30:00,806.25,-532.5,273.75
2021-12-09 10:31:00,690.0,-397.5,292.5
2021-12-09 10:32:00,866.25,-652.5,213.75
2021-12-09 10:33:00,742.5,-435.0,307.5
2021-12-09 10:34:00,847.5,-645.0,202.5
2021-12-09 10:35:00,693.75,-453.75,240.0
2021-12-09 10:36:00,637.5,-405.0,232.5
2021-12-09 10:37:00,573.75,-337.5,236.25
2021-12-09 10:38:00,682.5,-397.5,285.0
2021-12-09 10:39:00,776.25,-536.25,240.0
2021-12-09 10:40:00,596.25,-330.0,266.25
2021-12-09 10:41:00,506.25,-236.25,270.0
2021-12-09 10:42:00,528.75,-221.25,307.5
2021-12-09 10:43:00,326.25,18.75,345.0
2021-12-09 10:44:00,337.5,22.5,360.0
2021-12-09 10:45:00,18.75,307.5,326.25
2021-12-09 10:46:00,367.5,52.5,420.0
2021-12-09 10:47:00,187.5,195.0,382.5
2021-12-09 10:48:00,-22.5,405.0,382.5
2021-12-09 10:49:00,33.75,408.75,442.5
2021-12-09 10:50:00,22.5,442.5,465.0
2021-12-09 10:51:00,3.75,487.5,491.25
2021-12-09 10:52:00,-153.75,615.0,461.25
2021-12-09 10:53:00,-251.25,708.75,457.5
2021-12-09 10:54:00,-206.25,663.75,457.5
2021-12-09 10:55:00,-356.25,791.25,435.0
2021-12-09 10:56:00,-56.25,641.25,585.0
2021-12-09 10:57:00,-71.25,633.75,562.5
2021-12-09 10:58:00,-221.25,705.0,483.75
2021-12-09 10:59:00,-71.25,622.5,551.25
2021-12-09 11:00:00,-180.0,701.25,521.25
2021-12-09 11:01:00,86.25,506.25,592.5
2021-12-09 11:02:00,-123.75,626.25,502.5
2021-12-09 11:03:00,-161.25,667.5,506.25
2021-12-09 11:04:00,-142.5,686.25,543.75
2021-12-09 11:05:00,-596.25,911.25,315.0
2021-12-09 11:06:00,-442.5,885.0,442.5
2021-12-09 11:07:00,-397.5,828.75,431.25
2021-12-09 11:08:00,-337.5,855.0,517.5
2021-12-09 11:09:00,-198.75,798.75,600.0
2021-12-09 11:10:00,-296.25,851.25,555.0
2021-12-09 11:11:00,-168.75,780.0,611.25
2021-12-09 11:12:00,-375.0,885.0,510.0
2021-12-09 11:13:00,-127.5,787.5,660.0
2021-12-09 11:14:00,-52.5,738.75,686.25
2021-12-09 11:15:00,172.5,648.75,821.25
2021-12-09 11:16:00,401.25,528.75,930.0
2021-12-09 11:17:00,498.75,465.0,963.75
2021-12-09 11:18:00,618.75,345.0,963.75
2021-12-09 11:19:00,513.75,438.75,952.5
2021-12-09 11:20:00,360.0,577.5,937.5
2021-12-09 11:21:00,581.25,408.75,990.0
2021-12-09 11:22:00,498.75,476.25,975.0
2021-12-09 11:23:00,517.5,498.75,1016.25
2021-12-09 11:24:00,480.0,528.75,1008.75
2021-12-09 11:25:00,326.25,663.75,990.0
2021-12-09 11:26:00,78.75,858.75,937.5
2021-12-09 11:27:00,82.5,795.0,877.5
2021-12-09 11:28:00,71.25,772.5,843.75
2021-12-09 11:29:00,198.75,727.5,926.25
2021-12-09 11:30:00,142.5,772.5,915.0
2021-12-09 11:31:00,123.75,810.0,933.75
2021-12-09 11:32:00,221.25,750.0,971.25
2021-12-09 11:33:00,63.75,847.5,911.25
2021-12-09 11:34:00,-63.75,888.75,825.0
2021-12-09 11:35:00,-191.25,900.0,708.75
2021-12-09 11:36:00,-191.25,911.25,720.0
2021-12-09 11:37:00,71.25,813.75,885.0
2021-12-09 11:38:00,-11.25,851.25,840.0
2021-12-09 11:39:00,30.0,821.25,851.25
2021-12-09 11:40:00,131.25,780.0,911.25
2021-12-09 11:41:00,285.0,731.25,1016.25
2021-12-09 11:42:00,348.75,678.75,1027.5
2021-12-09 11:43:00,386.25,630.0,1016.25
2021-12-09 11:44:00,262.5,727.5,990.0
2021-12-09 11:45:00,258.75,742.5,1001.25
2021-12-09 11:46:00,146.25,825.0,971.25
2021-12-09 11:47:00,157.5,840.0,997.5
2021-12-09 11:48:00,213.75,806.25,1020.0
2021-12-09 11:49:00,382.5,738.75,1121.25
2021-12-09 11:50:00,367.5,716.25,1083.75
2021-12-09 11:51:00,412.5,652.5,1065.0
2021-12-09 11:52:00,397.5,652.5,1050.0
2021-12-09 11:53:00,247.5,761.25,1008.75
2021-12-09 11:54:00,311.25,716.25,1027.5
2021-12-09 11:55:00,348.75,701.25,1050.0
2021-12-09 11:56:00,352.5,678.75,1031.25
2021-12-09 11:57:00,120.0,806.25,926.25
2021-12-09 11:58:00,127.5,802.5,930.0
2021-12-09 11:59:00,120.0,817.5,937.5
2021-12-09 12:00:00,-71.25,903.75,832.5
2021-12-09 12:01:00,-172.5,960.0,787.5
2021-12-09 12:02:00,-596.25,1065.0,468.75
2021-12-09 12:03:00,-806.25,1162.5,356.25
2021-12-09 12:04:00,-682.5,1158.75,476.25
2021-12-09 12:05:00,-581.25,1125.0,543.75
2021-12-09 12:06:00,-566.25,1132.5,566.25
2021-12-09 12:07:00,-453.75,1098.75,645.0
2021-12-09 12:08:00,-693.75,1350.0,656.25
2021-12-09 12:09:00,-978.75,1653.75,675.0
2021-12-09 12:10:00,-1222.5,1837.5,615.0
2021-12-09 12:11:00,-975.0,1788.75,813.75
2021-12-09 12:12:00,-990.0,1736.25,746.25
2021-12-09 12:13:00,-1068.75,1785.0,716.25
2021-12-09 12:14:00,-1132.5,1852.5,720.0
2021-12-09 12:15:00,-1432.5,2021.25,588.75
2021-12-09 12:16:00,-2182.5,2351.25,168.75
2021-12-09 12:17:00,-1957.5,2295.0,337.5
2021-12-09 12:18:00,-1957.5,2283.75,326.25
2021-12-09 12:19:00,-2253.75,2370.0,116.25
2021-12-09 12:20:00,-2171.25,2385.0,213.75
2021-12-09 12:21:00,-2306.25,2497.5,191.25
2021-12-09 12:22:00,-1822.5,2355.0,532.5
2021-12-09 12:23:00,-1473.75,2201.25,727.5
2021-12-09 12:24:00,-1215.0,2163.75,948.75
2021-12-09 12:25:00,-1372.5,2160.0,787.5
2021-12-09 12:26:00,-1537.5,2190.0,652.5
2021-12-09 12:27:00,-1571.25,2212.5,641.25
2021-12-09 12:28:00,-1376.25,2182.5,806.25
2021-12-09 12:29:00,-1271.25,2145.0,873.75
2021-12-09 12:30:00,-1575.0,2268.75,693.75
2021-12-09 12:31:00,-1837.5,2377.5,540.0
2021-12-09 12:32:00,-1882.5,2460.0,577.5
2021-12-09 12:33:00,-2268.75,2602.5,333.75
2021-12-09 12:34:00,-2328.75,2625.0,296.25
2021-12-09 12:35:00,-2531.25,2692.5,161.25
2021-12-09 12:36:00,-2733.75,2842.5,108.75
2021-12-09 12:37:00,-3438.75,3345.0,-93.75
2021-12-09 12:38:00,-3236.25,3116.25,-120.0
2021-12-09 12:39:00,-3487.5,3255.0,-232.5
2021-12-09 12:40:00,-3390.0,3108.75,-281.25
2021-12-09 12:41:00,-2587.5,2745.0,157.5
2021-12-09 12:42:00,-2853.75,2797.5,-56.25
2021-12-09 12:43:00,-3063.75,2973.75,-90.0
2021-12-09 12:44:00,-2887.5,2838.75,-48.75
2021-12-09 12:45:00,-2685.0,2718.75,33.75
2021-12-09 12:46:00,-3157.5,3026.25,-131.25
2021-12-09 12:47:00,-3078.75,3000.0,-78.75
2021-12-09 12:48:00,-3273.75,3153.75,-120.0
2021-12-09 12:49:00,-3480.0,3337.5,-142.5
2021-12-09 12:50:00,-3547.5,3521.25,-26.25
2021-12-09 12:51:00,-3416.25,3472.5,56.25
2021-12-09 12:52:00,-3210.0,3397.5,187.5
2021-12-09 12:53:00,-3367.5,3442.5,75.0
2021-12-09 12:54:00,-3510.0,3637.5,127.5
2021-12-09 12:55:00,-3461.25,3603.75,142.5
2021-12-09 12:56:00,-3423.75,3626.25,202.5
2021-12-09 12:57:00,-3506.25,3652.5,146.25
2021-12-09 12:58:00,-3618.75,3723.75,105.0
2021-12-09 12:59:00,-3847.5,3926.25,78.75
2021-12-09 13:00:00,-3941.25,3997.5,56.25
2021-12-09 13:01:00,-3967.5,4023.75,56.25
2021-12-09 13:02:00,-3885.0,3873.75,-11.25
2021-12-09 13:03:00,-4140.0,4087.5,-52.5
2021-12-09 13:04:00,-4125.0,4057.5,-67.5
2021-12-09 13:05:00,-3922.5,4057.5,135.0
2021-12-09 13:06:00,-3660.0,3896.25,236.25
2021-12-09 13:07:00,-3975.0,4143.75,168.75
2021-12-09 13:08:00,-3723.75,3945.0,221.25
2021-12-09 13:09:00,-3461.25,3813.75,352.5
2021-12-09 13:10:00,-3712.5,3982.5,270.0
2021-12-09 13:11:00,-3952.5,4267.5,315.0
2021-12-09 13:12:00,-4203.75,4503.75,300.0
2021-12-09 13:13:00,-4470.0,4601.25,131.25
2021-12-09 13:14:00,-4398.75,4593.75,195.0
2021-12-09 13:15:00,-4383.75,4616.25,232.5
2021-12-09 13:16:00,-4402.5,4661.25,258.75
2021-12-09 13:17:00,-4162.5,4526.25,363.75
2021-12-09 13:18:00,-3952.5,4365.0,412.5
2021-12-09 13:19:00,-4050.0,4413.75,363.75
2021-12-09 13:20:00,-4061.25,4417.5,356.25
2021-12-09 13:21:00,-3945.0,4406.25,461.25
2021-12-09 13:22:00,-3446.25,4166.25,720.0
2021-12-09 13:23:00,-3645.0,4211.25,566.25
2021-12-09 13:24:00,-3528.75,4121.25,592.5
2021-12-09 13:25:00,-2917.5,3708.75,791.25
2021-12-09 13:26:00,-2955.0,3618.75,663.75
2021-12-09 13:27:00,-3408.75,4068.75,660.0
2021-12-09 13:28:00,-3566.25,4308.75,742.5
2021-12-09 13:29:00,-3701.25,4357.5,656.25
2021-12-09 13:30:00,-3746.25,4395.0,648.75
2021-12-09 13:31:00,-3468.75,4203.75,735.0
2021-12-09 13:32:00,-3330.0,4117.5,787.5
2021-12-09 13:33:00,-3116.25,3945.0,828.75
2021-12-09 13:34:00,-3026.25,3918.75,892.5
2021-12-09 13:35:00,-2988.75,3907.5,918.75
2021-12-09 13:36:00,-2685.0,3532.5,847.5
2021-12-09 13:37:00,-2685.0,3461.25,776.25
2021-12-09 13:38:00,-2861.25,3720.0,858.75
2021-12-09 13:39:00,-2201.25,3075.0,873.75
2021-12-09 13:40:00,-1968.75,2681.25,712.5
2021-12-09 13:41:00,-1815.0,2047.5,232.5
2021-12-09 13:42:00,-1931.25,2291.25,360.0
2021-12-09 13:43:00,-2152.5,2928.75,776.25
2021-12-09 13:44:00,-1893.75,2370.0,476.25
2021-12-09 13:45:00,-1957.5,2576.25,618.75
2021-12-09 13:46:00,-1841.25,2246.25,405.0
2021-12-09 13:47:00,-2100.0,2741.25,641.25
2021-12-09 13:48:00,-2250.0,3138.75,888.75
2021-12-09 13:49:00,-2467.5,3585.0,1117.5
2021-12-09 13:50:00,-2512.5,3618.75,1106.25
2021-12-09 13:51:00,-2040.0,2842.5,802.5
2021-12-09 13:52:00,-2328.75,3315.0,986.25
2021-12-09 13:53:00,-2295.0,3322.5,1027.5
2021-12-09 13:54:00,-2430.0,3570.0,1140.0
2021-12-09 13:55:00,-2445.0,3596.25,1151.25
2021-12-09 13:56:00,-2415.0,3573.75,1158.75
2021-12-09 13:57:00,-2797.5,4065.0,1267.5
2021-12-09 13:58:00,-2640.0,3967.5,1327.5
2021-12-09 13:59:00,-2857.5,4267.5,1410.0
2021-12-09 14:00:00,-2482.5,4023.75,1541.25
2021-12-09 14:01:00,-2415.0,3900.0,1485.0
2021-12-09 14:02:00,-2156.25,3540.0,1383.75
2021-12-09 14:03:00,-2287.5,3746.25,1458.75
2021-12-09 14:04:00,-2452.5,4016.25,1563.75
2021-12-09 14:05:00,-2591.25,4065.0,1473.75
2021-12-09 14:06:00,-2336.25,3783.75,1447.5
2021-12-09 14:07:00,-2437.5,3930.0,1492.5
2021-12-09 14:08:00,-2325.0,3783.75,1458.75
2021-12-09 14:09:00,-2238.75,3690.0,1451.25
2021-12-09 14:10:00,-2182.5,3645.0,1462.5
2021-12-09 14:11:00,-1818.75,2891.25,1072.5
2021-12-09 14:12:00,-1803.75,2771.25,967.5
2021-12-09 14:13:00,-2407.5,3911.25,1503.75
2021-12-09 14:14:00,-1961.25,3270.0,1308.75
2021-12-09 14:15:00,-1897.5,3142.5,1245.0
2021-12-09 14:16:00,-1890.0,3101.25,1211.25
2021-12-09 14:17:00,-1946.25,3277.5,1331.25
2021-12-09 14:18:00,-1878.75,3202.5,1323.75
2021-12-09 14:19:00,-1695.0,2756.25,1061.25
2021-12-09 14:20:00,-1563.75,2478.75,915.0
2021-12-09 14:21:00,-1860.0,3262.5,1402.5
2021-12-09 14:22:00,-1635.0,2876.25,1241.25
2021-12-09 14:23:00,-1485.0,2617.5,1132.5
2021-12-09 14:24:00,-1263.75,1998.75,735.0
2021-12-09 14:25:00,-1222.5,1687.5,465.0
2021-12-09 14:26:00,-1091.25,1428.75,337.5
2021-12-09 14:27:00,-1027.5,903.75,-123.75
2021-12-09 14:28:00,-997.5,1061.25,63.75
2021-12-09 14:29:00,-1098.75,2010.0,911.25
2021-12-09 14:30:00,-1158.75,2306.25,1147.5
2021-12-09 14:31:00,-1095.0,2021.25,926.25
2021-12-09 14:32:00,-1222.5,2613.75,1391.25
2021-12-09 14:33:00,-1421.25,3382.5,1961.25
2021-12-09 14:34:00,-1410.0,3322.5,1912.5
2021-12-09 14:35:00,-1365.0,3183.75,1818.75
2021-12-09 14:36:00,-1687.5,3975.0,2287.5
2021-12-09 14:37:00,-1593.75,3776.25,2182.5
2021-12-09 14:38:00,-1507.5,3791.25,2283.75
2021-12-09 14:39:00,-1417.5,3618.75,2201.25
2021-12-09 14:40:00,-1102.5,3037.5,1935.0
2021-12-09 14:41:00,-1200.0,3116.25,1916.25
2021-12-09 14:42:00,-1061.25,2756.25,1695.0
2021-12-09 14:43:00,-1072.5,2782.5,1710.0
2021-12-09 14:44:00,-1102.5,3060.0,1957.5
2021-12-09 14:45:00,-971.25,2580.0,1608.75
2021-12-09 14:46:00,-1023.75,2966.25,1942.5
2021-12-09 14:47:00,-967.5,2561.25,1593.75
2021-12-09 14:48:00,-877.5,2227.5,1350.0
2021-12-09 14:49:00,-888.75,2628.75,1740.0
2021-12-09 14:50:00,-813.75,2456.25,1642.5
2021-12-09 14:51:00,-978.75,3427.5,2448.75
2021-12-09 14:52:00,-1147.5,3982.5,2835.0
2021-12-09 14:53:00,-1053.75,3802.5,2748.75
2021-12-09 14:54:00,-1020.0,3866.25,2846.25
2021-12-09 14:55:00,-1095.0,4132.5,3037.5
2021-12-09 14:56:00,-1350.0,4500.0,3150.0
2021-12-09 14:57:00,-1323.75,4586.25,3262.5
2021-12-09 14:58:00,-1331.25,4740.0,3408.75
2021-12-09 14:59:00,-1275.0,4646.25,3371.25
2021-12-09 15:00:00,-1297.5,4710.0,3412.5
2021-12-09 15:01:00,-1762.5,5362.5,3600.0
2021-12-09 15:02:00,-2156.25,5628.75,3472.5
2021-12-09 15:03:00,-2613.75,5703.75,3090.0
2021-12-09 15:04:00,-2193.75,5625.0,3431.25
2021-12-09 15:05:00,-2347.5,5692.5,3345.0
2021-12-09 15:06:00,-2265.0,5730.0,3465.0
2021-12-09 15:07:00,-2542.5,5790.0,3247.5
2021-12-09 15:08:00,-2310.0,5782.5,3472.5
2021-12-09 15:09:00,-2081.25,5775.0,3693.75
2021-12-09 15:10:00,-1935.0,5722.5,3787.5
2021-12-09 15:11:00,-1841.25,5696.25,3855.0
2021-12-09 15:12:00,-1740.0,5737.5,3997.5
2021-12-09 15:13:00,-1931.25,5827.5,3896.25
2021-12-09 15:14:00,-1882.5,5820.0,3937.5
2021-12-09 15:15:00,-1946.25,5846.25,3900.0
2021-12-09 15:16:00,-1897.5,5861.25,3963.75
2021-12-09 15:17:00,-1927.5,5865.0,3937.5
2021-12-09 15:18:00,-1901.25,5865.0,3963.75
2021-12-09 15:19:00,-1886.25,5865.0,3978.75
2021-12-09 15:20:00,-1912.5,5868.75,3956.25
2021-12-09 15:21:00,-1912.5,5868.75,3956.25
2021-12-09 15:22:00,-1912.5,5868.75,3956.25
2021-12-09 15:23:00,-1912.5,5868.75,3956.25
2021-12-09 15:24:00,-1912.5,5868.75,3956.25
2021-12-09 15:25:00,-1912.5,5868.75,3956.25
2021-12-09 15:26:00,-1912.5,5868.75,3956.25
2021-12-09 15:27:00,-1912.5,5868.75,3956.25
2021-12-09 15:28:00,-1912.5,5868.75,3956.25
2021-12-09 15:29:00,-1912.5,5868.75,3956.25
2021-12-09 15:30:00,-1912.5,5868.75,3956.25
2021-12-16 10:15:00,0.0,0.0,0.0
2021-12-16 10:16:00,-138.75,243.75,105.0
2021-12-16 10:17:00,-191.25,285.0,93.75
2021-12-16 10:18:00,-142.5,262.5,120.0
2021-12-16 10:19:00,-97.5,176.25,78.75
2021-12-16 10:20:00,30.0,15.0,45.0
2021-12-16 10:21:00,146.25,-127.5,18.75
2021-12-16 10:22:00,-108.75,168.75,60.0
2021-12-16 10:23:00,-131.25,198.75,67.5
2021-12-16 10:24:00,-157.5,277.5,120.0
2021-12-16 10:25:00,-18.75,123.75,105.0
2021-12-16 10:26:00,135.0,-52.5,82.5
2021-12-16 10:27:00,150.0,-60.0,90.0
2021-12-16 10:28:00,-71.25,210.0,138.75
2021-12-16 10:29:00,26.25,108.75,135.0
2021-12-16 10:30:00,127.5,11.25,138.75
2021-12-16 10:31:00,172.5,-52.5,120.0
2021-12-16 10:32:00,90.0,63.75,153.75
2021-12-16 10:33:00,172.5,-60.0,112.5
2021-12-16 10:34:00,206.25,-112.5,93.75
2021-12-16 10:35:00,180.0,-56.25,123.75
2021-12-16 10:36:00,172.5,-26.25,146.25
2021-12-16 10:37:00,11.25,221.25,232.5
2021-12-16 10:38:00,18.75,210.0,228.75
2021-12-16 10:39:00,90.0,131.25,221.25
2021-12-16 10:40:00,217.5,-33.75,183.75
2021-12-16 10:41:00,97.5,180.0,277.5
2021-12-16 10:42:00,131.25,112.5,243.75
2021-12-16 10:43:00,75.0,236.25,311.25
2021-12-16 10:44:00,15.0,277.5,292.5
2021-12-16 10:45:00,52.5,236.25,288.75
2021-12-16 10:46:00,-45.0,363.75,318.75
2021-12-16 10:47:00,-206.25,573.75,367.5
2021-12-16 10:48:00,-142.5,491.25,348.75
2021-12-16 10:49:00,-146.25,513.75,367.5
2021-12-16 10:50:00,-150.0,495.0,345.0
2021-12-16 10:51:00,-71.25,468.75,397.5
2021-12-16 10:52:00,-251.25,667.5,416.25
2021-12-16 10:53:00,-93.75,585.0,491.25
2021-12-16 10:54:00,-120.0,607.5,487.5
2021-12-16 10:55:00,-75.0,618.75,543.75
2021-12-16 10:56:00,-7.5,536.25,528.75
2021-12-16 10:57:00,15.0,491.25,506.25
2021-12-16 10:58:00,97.5,453.75,551.25
2021-12-16 10:59:00,-37.5,596.25,558.75
2021-12-16 11:00:00,-63.75,641.25,577.5
2021-12-16 11:01:00,-255.0,828.75,573.75
2021-12-16 11:02:00,-157.5,791.25,633.75
2021-12-16 11:03:00,-247.5,922.5,675.0
2021-12-16 11:04:00,-210.0,885.0,675.0
2021-12-16 11:05:00,-172.5,851.25,678.75
2021-12-16 11:06:00,-202.5,870.0,667.5
2021-12-16 11:07:00,-198.75,900.0,701.25
2021-12-16 11:08:00,-123.75,847.5,723.75
2021-12-16 11:09:00,-93.75,821.25,727.5
2021-12-16 11:10:00,7.5,738.75,746.25
2021-12-16 11:11:00,150.0,626.25,776.25
2021-12-16 11:12:00,183.75,570.0,753.75
2021-12-16 11:13:00,206.25,596.25,802.5
2021-12-16 11:14:00,131.25,633.75,765.0
2021-12-16 11:15:00,90.0,675.0,765.0
2021-12-16 11:16:00,45.0,735.0,780.0
2021-12-16 11:17:00,-26.25,840.0,813.75
2021-12-16 11:18:00,-45.0,843.75,798.75
2021-12-16 11:19:00,63.75,742.5,806.25
2021-12-16 11:20:00,326.25,498.75,825.0
2021-12-16 11:21:00,435.0,367.5,802.5
2021-12-16 11:22:00,536.25,161.25,697.5
2021-12-16 11:23:00,517.5,183.75,701.25
2021-12-16 11:24:00,521.25,165.0,686.25
2021-12-16 11:25:00,660.0,-120.0,540.0
2021-12-16 11:26:00,596.25,131.25,727.5
2021-12-16 11:27:00,562.5,195.0,757.5
2021-12-16 11:28:00,551.25,135.0,686.25
2021-12-16 11:29:00,615.0,48.75,663.75
2021-12-16 11:30:00,705.0,-112.5,592.5
2021-12-16 11:31:00,735.0,-191.25,543.75
2021-12-16 11:32:00,701.25,-37.5,663.75
2021-12-16 11:33:00,712.5,-63.75,648.75
2021-12-16 11:34:00,746.25,15.0,761.25
2021-12-16 11:35:00,881.25,-457.5,423.75
2021-12-16 11:36:00,862.5,-363.75,498.75
2021-12-16 11:37:00,791.25,-123.75,667.5
2021-12-16 11:38:00,817.5,-270.0,547.5
2021-12-16 11:39:00,896.25,-536.25,360.0
2021-12-16 11:40:00,870.0,-408.75,461.25
2021-12-16 11:41:00,825.0,-240.0,585.0
2021-12-16 11:42:00,851.25,-393.75,457.5
2021-12-16 11:43:00,821.25,-333.75,487.5
2021-12-16 11:44:00,768.75,-127.5,641.25
2021-12-16 11:45:00,753.75,-41.25,712.5
2021-12-16 11:46:00,682.5,225.0,907.5
2021-12-16 11:47:00,690.0,135.0,825.0
2021-12-16 11:48:00,618.75,348.75,967.5
2021-12-16 11:49:00,663.75,288.75,952.5
2021-12-16 11:50:00,705.0,202.5,907.5
2021-12-16 11:51:00,727.5,135.0,862.5
2021-12-16 11:52:00,723.75,150.0,873.75
2021-12-16 11:53:00,675.0,288.75,963.75
2021-12-16 11:54:00,697.5,150.0,847.5
2021-12-16 11:55:00,678.75,228.75,907.5
2021-12-16 11:56:00,723.75,161.25,885.0
2021-12-16 11:57:00,746.25,33.75,780.0
2021-12-16 11:58:00,780.0,75.0,855.0
2021-12-16 11:59:00,798.75,-33.75,765.0
2021-12-16 12:00:00,832.5,-240.0,592.5
2021-12-16 12:01:00,840.0,-176.25,663.75
2021-12-16 12:02:00,926.25,-416.25,510.0
2021-12-16 12:03:00,926.25,-457.5,468.75
2021-12-16 12:04:00,873.75,-217.5,656.25
2021-12-16 12:05:00,915.0,-510.0,405.0
2021-12-16 12:06:00,915.0,-468.75,446.25
2021-12-16 12:07:00,896.25,-435.0,461.25
2021-12-16 12:08:00,933.75,-686.25,247.5
2021-12-16 12:09:00,933.75,-712.5,221.25
2021-12-16 12:10:00,918.75,-476.25,442.5
2021-12-16 12:11:00,877.5,-371.25,506.25
2021-12-16 12:12:00,930.0,-690.0,240.0
2021-12-16 12:13:00,945.0,-682.5,262.5
2021-12-16 12:14:00,918.75,-532.5,386.25
2021-12-16 12:15:00,896.25,-307.5,588.75
2021-12-16 12:16:00,821.25,41.25,862.5
2021-12-16 12:17:00,802.5,123.75,926.25
2021-12-16 12:18:00,817.5,258.75,1076.25
2021-12-16 12:19:00,817.5,273.75,1091.25
2021-12-16 12:20:00,907.5,108.75,1016.25
2021-12-16 12:21:00,930.0,-63.75,866.25
2021-12-16 12:22:00,911.25,18.75,930.0
2021-12-16 12:23:00,926.25,-86.25,840.0
2021-12-16 12:24:00,918.75,-22.5,896.25
2021-12-16 12:25:00,952.5,-116.25,836.25
2021-12-16 12:26:00,975.0,-322.5,652.5
2021-12-16 12:27:00,993.75,-506.25,487.5
2021-12-16 12:28:00,1012.5,-577.5,435.0
2021-12-16 12:29:00,1035.0,-712.5,322.5
2021-12-16 12:30:00,1031.25,-566.25,465.0
2021-12-16 12:31:00,1046.25,-596.25,450.0
2021-12-16 12:32:00,1083.75,-997.5,86.25
2021-12-16 12:33:00,1046.25,-566.25,480.0
2021-12-16 12:34:00,948.75,67.5,1016.25
2021-12-16 12:35:00,978.75,-11.25,967.5
2021-12-16 12:36:00,975.0,78.75,1053.75
2021-12-16 12:37:00,990.0,-37.5,952.5
2021-12-16 12:38:00,1057.5,-333.75,723.75
2021-12-16 12:39:00,1072.5,-318.75,753.75
2021-12-16 12:40:00,1068.75,-217.5,851.25
2021-12-16 12:41:00,1076.25,-307.5,768.75
2021-12-16 12:42:00,1035.0,-7.5,1027.5
2021-12-16 12:43:00,1031.25,-41.25,990.0
2021-12-16 12:44:00,993.75,82.5,1076.25
2021-12-16 12:45:00,1020.0,-165.0,855.0
2021-12-16 12:46:00,1008.75,-273.75,735.0
2021-12-16 12:47:00,945.0,135.0,1080.0
2021-12-16 12:48:00,956.25,22.5,978.75
2021-12-16 12:49:00,971.25,-56.25,915.0
2021-12-16 12:50:00,922.5,90.0,1012.5
2021-12-16 12:51:00,847.5,397.5,1245.0
2021-12-16 12:52:00,855.0,491.25,1346.25
2021-12-16 12:53:00,802.5,615.0,1417.5
2021-12-16 12:54:00,787.5,682.5,1470.0
2021-12-16 12:55:00,731.25,843.75,1575.0
2021-12-16 12:56:00,840.0,690.0,1530.0
2021-12-16 12:57:00,892.5,577.5,1470.0
2021-12-16 12:58:00,900.0,592.5,1492.5
2021-12-16 12:59:00,738.75,858.75,1597.5
2021-12-16 13:00:00,573.75,1080.0,1653.75
2021-12-16 13:01:00,697.5,1050.0,1747.5
2021-12-16 13:02:00,690.0,993.75,1683.75
2021-12-16 13:03:00,761.25,948.75,1710.0
2021-12-16 13:04:00,813.75,888.75,1702.5
2021-12-16 13:05:00,791.25,937.5,1728.75
2021-12-16 13:06:00,873.75,866.25,1740.0
2021-12-16 13:07:00,892.5,806.25,1698.75
2021-12-16 13:08:00,817.5,937.5,1755.0
2021-12-16 13:09:00,862.5,873.75,1736.25
2021-12-16 13:10:00,1005.0,708.75,1713.75
2021-12-16 13:11:00,982.5,738.75,1721.25
2021-12-16 13:12:00,1031.25,603.75,1635.0
2021-12-16 13:13:00,982.5,731.25,1713.75
2021-12-16 13:14:00,930.0,828.75,1758.75
2021-12-16 13:15:00,993.75,682.5,1676.25
2021-12-16 13:16:00,1046.25,562.5,1608.75
2021-12-16 13:17:00,1061.25,573.75,1635.0
2021-12-16 13:18:00,1095.0,540.0,1635.0
2021-12-16 13:19:00,1087.5,577.5,1665.0
2021-12-16 13:20:00,990.0,888.75,1878.75
2021-12-16 13:21:00,1035.0,817.5,1852.5
2021-12-16 13:22:00,993.75,933.75,1927.5
2021-12-16 13:23:00,1038.75,847.5,1886.25
2021-12-16 13:24:00,1038.75,855.0,1893.75
2021-12-16 13:25:00,1061.25,798.75,1860.0
2021-12-16 13:26:00,1023.75,948.75,1972.5
2021-12-16 13:27:00,986.25,1053.75,2040.0
2021-12-16 13:28:00,952.5,1110.0,2062.5
2021-12-16 13:29:00,1005.0,1065.0,2070.0
2021-12-16 13:30:00,1117.5,918.75,2036.25
2021-12-16 13:31:00,1162.5,821.25,1983.75
2021-12-16 13:32:00,1102.5,1053.75,2156.25
2021-12-16 13:33:00,1095.0,1042.5,2137.5
2021-12-16 13:34:00,1087.5,1061.25,2148.75
2021-12-16 13:35:00,1102.5,1083.75,2186.25
2021-12-16 13:36:00,1098.75,1091.25,2190.0
2021-12-16 13:37:00,1143.75,1053.75,2197.5
2021-12-16 13:38:00,1151.25,1068.75,2220.0
2021-12-16 13:39:00,1102.5,1230.0,2332.5
2021-12-16 13:40:00,1057.5,1267.5,2325.0
2021-12-16 13:41:00,1113.75,1245.0,2358.75
2021-12-16 13:42:00,1132.5,1203.75,2336.25
2021-12-16 13:43:00,1106.25,1241.25,2347.5
2021-12-16 13:44:00,1136.25,1200.0,2336.25
2021-12-16 13:45:00,1200.0,1117.5,2317.5
2021-12-16 13:46:00,1170.0,1136.25,2306.25
2021-12-16 13:47:00,1215.0,1110.0,2325.0
2021-12-16 13:48:00,1237.5,1050.0,2287.5
2021-12-16 13:49:00,1188.75,1177.5,2366.25
2021-12-16 13:50:00,1158.75,1211.25,2370.0
2021-12-16 13:51:00,1091.25,1342.5,2433.75
2021-12-16 13:52:00,1170.0,1196.25,2366.25
2021-12-16 13:53:00,1151.25,1233.75,2385.0
2021-12-16 13:54:00,1162.5,1192.5,2355.0
2021-12-16 13:55:00,1181.25,1188.75,2370.0
2021-12-16 13:56:00,1155.0,1267.5,2422.5
2021-12-16 13:57:00,1155.0,1286.25,2441.25
2021-12-16 13:58:00,1185.0,1245.0,2430.0
2021-12-16 13:59:00,1166.25,1290.0,2456.25
2021-12-16 14:00:00,1203.75,1192.5,2396.25
2021-12-16 14:01:00,1188.75,1173.75,2362.5
2021-12-16 14:02:00,1192.5,1173.75,2366.25
2021-12-16 14:03:00,1275.0,828.75,2103.75
2021-12-16 14:04:00,1282.5,885.0,2167.5
2021-12-16 14:05:00,1282.5,963.75,2246.25
2021-12-16 14:06:00,1286.25,975.0,2261.25
2021-12-16 14:07:00,1301.25,948.75,2250.0
2021-12-16 14:08:00,1316.25,877.5,2193.75
2021-12-16 14:09:00,1327.5,952.5,2280.0
2021-12-16 14:10:00,1331.25,870.0,2201.25
2021-12-16 14:11:00,1350.0,810.0,2160.0
2021-12-16 14:12:00,1350.0,802.5,2152.5
2021-12-16 14:13:00,1350.0,675.0,2025.0
2021-12-16 14:14:00,1372.5,532.5,1905.0
2021-12-16 14:15:00,1365.0,633.75,1998.75
2021-12-16 14:16:00,1365.0,712.5,2077.5
2021-12-16 14:17:00,1368.75,738.75,2107.5
2021-12-16 14:18:00,1372.5,701.25,2073.75
2021-12-16 14:19:00,1368.75,813.75,2182.5
2021-12-16 14:20:00,1353.75,1061.25,2415.0
2021-12-16 14:21:00,1350.0,1121.25,2471.25
2021-12-16 14:22:00,1365.0,978.75,2343.75
2021-12-16 14:23:00,1361.25,1035.0,2396.25
2021-12-16 14:24:00,1357.5,1110.0,2467.5
2021-12-16 14:25:00,1376.25,986.25,2362.5
2021-12-16 14:26:00,1376.25,1065.0,2441.25
2021-12-16 14:27:00,1372.5,1113.75,2486.25
2021-12-16 14:28:00,1380.0,1102.5,2482.5
2021-12-16 14:29:00,1383.75,1035.0,2418.75
2021-12-16 14:30:00,1391.25,1095.0,2486.25
2021-12-16 14:31:00,1383.75,1271.25,2655.0
2021-12-16 14:32:00,1380.0,1297.5,2677.5
2021-12-16 14:33:00,1395.0,1095.0,2490.0
2021-12-16 14:34:00,1406.25,903.75,2310.0
2021-12-16 14:35:00,1413.75,648.75,2062.5
2021-12-16 14:36:00,1417.5,506.25,1923.75
2021-12-16 14:37:00,1417.5,420.0,1837.5
2021-12-16 14:38:00,1417.5,615.0,2032.5
2021-12-16 14:39:00,1406.25,468.75,1875.0
2021-12-16 14:40:00,1410.0,491.25,1901.25
2021-12-16 14:41:00,1398.75,603.75,2002.5
2021-12-16 14:42:00,1406.25,562.5,1968.75
2021-12-16 14:43:00,1413.75,281.25,1695.0
2021-12-16 14:44:00,1425.0,-71.25,1353.75
2021-12-16 14:45:00,1428.75,-71.25,1357.5
2021-12-16 14:46:00,1575.0,0.0,1575.0
2021-12-16 14:47:00,1320.0,405.0,1725.0
2021-12-16 14:48:00,1181.25,667.5,1848.75
2021-12-16 14:49:00,1207.5,735.0,1942.5
2021-12-16 14:50:00,1038.75,967.5,2006.25
2021-12-16 14:51:00,873.75,1076.25,1950.0
2021-12-16 14:52:00,828.75,1151.25,1980.0
2021-12-16 14:53:00,783.75,1248.75,2032.5
2021-12-16 14:54:00,716.25,1320.0,2036.25
2021-12-16 14:55:00,1203.75,1140.0,2343.75
2021-12-16 14:56:00,753.75,1398.75,2152.5
2021-12-16 14:57:00,-105.0,1653.75,1548.75
2021-12-16 14:58:00,-30.0,1597.5,1567.5
2021-12-16 14:59:00,90.0,1590.0,1680.0
2021-12-16 15:00:00,-225.0,1631.25,1406.25
2021-12-16 15:01:00,-236.25,1747.5,1511.25
2021-12-16 15:02:00,135.0,1747.5,1882.5
2021-12-16 15:03:00,345.0,1747.5,2092.5
2021-12-16 15:04:00,191.25,1807.5,1998.75
2021-12-16 15:05:00,262.5,1830.0,2092.5
2021-12-16 15:06:00,498.75,1822.5,2321.25
2021-12-16 15:07:00,795.0,1807.5,2602.5
2021-12-16 15:08:00,982.5,1803.75,2786.25
2021-12-16 15:09:00,1413.75,1777.5,3191.25
2021-12-16 15:10:00,952.5,1837.5,2790.0
2021-12-16 15:11:00,761.25,1860.0,2621.25
2021-12-16 15:12:00,112.5,1871.25,1983.75
2021-12-16 15:13:00,408.75,1871.25,2280.0
2021-12-16 15:14:00,333.75,1871.25,2205.0
2021-12-16 15:15:00,183.75,1878.75,2062.5
2021-12-16 15:16:00,-191.25,1886.25,1695.0
2021-12-16 15:17:00,-348.75,1886.25,1537.5
2021-12-16 15:18:00,-521.25,1886.25,1365.0
2021-12-16 15:19:00,-345.0,1890.0,1545.0
2021-12-16 15:20:00,-491.25,1886.25,1395.0
2021-12-16 15:21:00,-491.25,1886.25,1395.0
2021-12-16 15:22:00,-491.25,1886.25,1395.0
2021-12-16 15:23:00,-491.25,1886.25,1395.0
2021-12-16 15:24:00,-491.25,1886.25,1395.0
2021-12-16 15:25:00,-491.25,1886.25,1395.0
2021-12-16 15:26:00,-491.25,1886.25,1395.0
2021-12-16 15:27:00,-491.25,1886.25,1395.0
2021-12-16 15:28:00,-491.25,1886.25,1395.0
2021-12-16 15:29:00,-491.25,1886.25,1395.0
2021-12-16 15:30:00,-491.25,1886.25,1395.0
2021-12-23 10:15:00,0.0,0.0,0.0
2021-12-23 10:16:00,86.25,-37.5,48.75
2021-12-23 10:17:00,262.5,-213.75,48.75
2021-12-23 10:18:00,165.0,-93.75,71.25
2021-12-23 10:19:00,195.0,-86.25,108.75
2021-12-23 10:20:00,7.5,93.75,101.25
2021-12-23 10:21:00,82.5,52.5,135.0
2021-12-23 10:22:00,243.75,-138.75,105.0
2021-12-23 10:23:00,176.25,-97.5,78.75
2021-12-23 10:24:00,382.5,-277.5,105.0
2021-12-23 10:25:00,281.25,-225.0,56.25
2021-12-23 10:26:00,270.0,-210.0,60.0
2021-12-23 10:27:00,412.5,-292.5,120.0
2021-12-23 10:28:00,300.0,-123.75,176.25
2021-12-23 10:29:00,183.75,-7.5,176.25
2021-12-23 10:30:00,228.75,-75.0,153.75
2021-12-23 10:31:00,386.25,-217.5,168.75
2021-12-23 10:32:00,337.5,-138.75,198.75
2021-12-23 10:33:00,97.5,120.0,217.5
2021-12-23 10:34:00,-18.75,288.75,270.0
2021-12-23 10:35:00,153.75,93.75,247.5
2021-12-23 10:36:00,157.5,75.0,232.5
2021-12-23 10:37:00,26.25,221.25,247.5
2021-12-23 10:38:00,45.0,183.75,228.75
2021-12-23 10:39:00,-67.5,288.75,221.25
2021-12-23 10:40:00,-120.0,330.0,210.0
2021-12-23 10:41:00,-3.75,228.75,225.0
2021-12-23 10:42:00,101.25,150.0,251.25
2021-12-23 10:43:00,131.25,150.0,281.25
2021-12-23 10:44:00,82.5,161.25,243.75
2021-12-23 10:45:00,258.75,45.0,303.75
2021-12-23 10:46:00,247.5,7.5,255.0
2021-12-23 10:47:00,146.25,48.75,195.0
2021-12-23 10:48:00,198.75,15.0,213.75
2021-12-23 10:49:00,210.0,-3.75,206.25
2021-12-23 10:50:00,296.25,-90.0,206.25
2021-12-23 10:51:00,165.0,90.0,255.0
2021-12-23 10:52:00,90.0,150.0,240.0
2021-12-23 10:53:00,123.75,101.25,225.0
2021-12-23 10:54:00,86.25,168.75,255.0
2021-12-23 10:55:00,-3.75,281.25,277.5
2021-12-23 10:56:00,150.0,165.0,315.0
2021-12-23 10:57:00,-11.25,262.5,251.25
2021-12-23 10:58:00,-3.75,255.0,251.25
2021-12-23 10:59:00,101.25,195.0,296.25
2021-12-23 11:00:00,153.75,157.5,311.25
2021-12-23 11:01:00,90.0,221.25,311.25
2021-12-23 11:02:00,18.75,285.0,303.75
2021-12-23 11:03:00,71.25,236.25,307.5
2021-12-23 11:04:00,187.5,146.25,333.75
2021-12-23 11:05:00,187.5,153.75,341.25
2021-12-23 11:06:00,105.0,228.75,333.75
2021-12-23 11:07:00,142.5,225.0,367.5
2021-12-23 11:08:00,41.25,303.75,345.0
2021-12-23 11:09:00,101.25,262.5,363.75
2021-12-23 11:10:00,165.0,213.75,378.75
2021-12-23 11:11:00,180.0,243.75,423.75
2021-12-23 11:12:00,281.25,142.5,423.75
2021-12-23 11:13:00,318.75,105.0,423.75
2021-12-23 11:14:00,412.5,45.0,457.5
2021-12-23 11:15:00,435.0,-15.0,420.0
2021-12-23 11:16:00,487.5,-86.25,401.25
2021-12-23 11:17:00,828.75,-645.0,183.75
2021-12-23 11:18:00,776.25,-510.0,266.25
2021-12-23 11:19:00,727.5,-318.75,408.75
2021-12-23 11:20:00,720.0,-360.0,360.0
2021-12-23 11:21:00,682.5,-330.0,352.5
2021-12-23 11:22:00,720.0,-382.5,337.5
2021-12-23 11:23:00,663.75,-300.0,363.75
2021-12-23 11:24:00,645.0,-191.25,453.75
2021-12-23 11:25:00,716.25,-371.25,345.0
2021-12-23 11:26:00,738.75,-378.75,360.0
2021-12-23 11:27:00,645.0,-120.0,525.0
2021-12-23 11:28:00,626.25,-60.0,566.25
2021-12-23 11:29:00,667.5,-135.0,532.5
2021-12-23 11:30:00,723.75,-243.75,480.0
2021-12-23 11:31:00,798.75,-423.75,375.0
2021-12-23 11:32:00,753.75,-307.5,446.25
2021-12-23 11:33:00,746.25,-281.25,465.0
2021-12-23 11:34:00,716.25,-157.5,558.75
2021-12-23 11:35:00,712.5,-165.0,547.5
2021-12-23 11:36:00,648.75,30.0,678.75
2021-12-23 11:37:00,502.5,210.0,712.5
2021-12-23 11:38:00,603.75,97.5,701.25
2021-12-23 11:39:00,705.0,-45.0,660.0
2021-12-23 11:40:00,787.5,-146.25,641.25
2021-12-23 11:41:00,720.0,-7.5,712.5
2021-12-23 11:42:00,701.25,41.25,742.5
2021-12-23 11:43:00,678.75,123.75,802.5
2021-12-23 11:44:00,742.5,3.75,746.25
2021-12-23 11:45:00,660.0,168.75,828.75
2021-12-23 11:46:00,566.25,281.25,847.5
2021-12-23 11:47:00,600.0,258.75,858.75
2021-12-23 11:48:00,573.75,296.25,870.0
2021-12-23 11:49:00,645.0,217.5,862.5
2021-12-23 11:50:00,633.75,221.25,855.0
2021-12-23 11:51:00,577.5,307.5,885.0
2021-12-23 11:52:00,573.75,277.5,851.25
2021-12-23 11:53:00,566.25,318.75,885.0
2021-12-23 11:54:00,483.75,420.0,903.75
2021-12-23 11:55:00,442.5,423.75,866.25
2021-12-23 11:56:00,427.5,461.25,888.75
2021-12-23 11:57:00,525.0,405.0,930.0
2021-12-23 11:58:00,581.25,420.0,1001.25
2021-12-23 11:59:00,637.5,360.0,997.5
2021-12-23 12:00:00,540.0,453.75,993.75
2021-12-23 12:01:00,442.5,543.75,986.25
2021-12-23 12:02:00,318.75,682.5,1001.25
2021-12-23 12:03:00,330.0,686.25,1016.25
2021-12-23 12:04:00,270.0,757.5,1027.5
2021-12-23 12:05:00,292.5,761.25,1053.75
2021-12-23 12:06:00,378.75,716.25,1095.0
2021-12-23 12:07:00,401.25,690.0,1091.25
2021-12-23 12:08:00,476.25,656.25,1132.5
2021-12-23 12:09:00,375.0,735.0,1110.0
2021-12-23 12:10:00,352.5,716.25,1068.75
2021-12-23 12:11:00,427.5,678.75,1106.25
2021-12-23 12:12:00,300.0,742.5,1042.5
2021-12-23 12:13:00,217.5,847.5,1065.0
2021-12-23 12:14:00,326.25,791.25,1117.5
2021-12-23 12:15:00,382.5,742.5,1125.0
2021-12-23 12:16:00,258.75,806.25,1065.0
2021-12-23 12:17:00,213.75,832.5,1046.25
2021-12-23 12:18:00,206.25,862.5,1068.75
2021-12-23 12:19:00,180.0,896.25,1076.25
2021-12-23 12:20:00,180.0,900.0,1080.0
2021-12-23 12:21:00,345.0,817.5,1162.5
2021-12-23 12:22:00,191.25,885.0,1076.25
2021-12-23 12:23:00,322.5,843.75,1166.25
2021-12-23 12:24:00,236.25,873.75,1110.0
2021-12-23 12:25:00,30.0,952.5,982.5
2021-12-23 12:26:00,90.0,926.25,1016.25
2021-12-23 12:27:00,82.5,937.5,1020.0
2021-12-23 12:28:00,116.25,915.0,1031.25
2021-12-23 12:29:00,22.5,930.0,952.5
2021-12-23 12:30:00,22.5,945.0,967.5
2021-12-23 12:31:00,-75.0,982.5,907.5
2021-12-23 12:32:00,-90.0,997.5,907.5
2021-12-23 12:33:00,67.5,960.0,1027.5
2021-12-23 12:34:00,86.25,930.0,1016.25
2021-12-23 12:35:00,-41.25,975.0,933.75
2021-12-23 12:36:00,146.25,926.25,1072.5
2021-12-23 12:37:00,240.0,892.5,1132.5
2021-12-23 12:38:00,292.5,870.0,1162.5
2021-12-23 12:39:00,337.5,866.25,1203.75
2021-12-23 12:40:00,153.75,915.0,1068.75
2021-12-23 12:41:00,176.25,911.25,1087.5
2021-12-23 12:42:00,63.75,963.75,1027.5
2021-12-23 12:43:00,67.5,960.0,1027.5
2021-12-23 12:44:00,123.75,945.0,1068.75
2021-12-23 12:45:00,101.25,952.5,1053.75
2021-12-23 12:46:00,191.25,933.75,1125.0
2021-12-23 12:47:00,75.0,952.5,1027.5
2021-12-23 12:48:00,56.25,960.0,1016.25
2021-12-23 12:49:00,161.25,926.25,1087.5
2021-12-23 12:50:00,191.25,915.0,1106.25
2021-12-23 12:51:00,382.5,836.25,1218.75
2021-12-23 12:52:00,420.0,821.25,1241.25
2021-12-23 12:53:00,356.25,836.25,1192.5
2021-12-23 12:54:00,236.25,888.75,1125.0
2021-12-23 12:55:00,146.25,933.75,1080.0
2021-12-23 12:56:00,191.25,915.0,1106.25
2021-12-23 12:57:00,198.75,907.5,1106.25
2021-12-23 12:58:00,232.5,900.0,1132.5
2021-12-23 12:59:00,262.5,892.5,1155.0
2021-12-23 13:00:00,360.0,855.0,1215.0
2021-12-23 13:01:00,326.25,870.0,1196.25
2021-12-23 13:02:00,116.25,937.5,1053.75
2021-12-23 13:03:00,172.5,926.25,1098.75
2021-12-23 13:04:00,195.0,918.75,1113.75
2021-12-23 13:05:00,176.25,926.25,1102.5
2021-12-23 13:06:00,206.25,922.5,1128.75
2021-12-23 13:07:00,281.25,903.75,1185.0
2021-12-23 13:08:00,330.0,888.75,1218.75
2021-12-23 13:09:00,303.75,896.25,1200.0
2021-12-23 13:10:00,273.75,922.5,1196.25
2021-12-23 13:11:00,390.0,888.75,1278.75
2021-12-23 13:12:00,341.25,900.0,1241.25
2021-12-23 13:13:00,401.25,885.0,1286.25
2021-12-23 13:14:00,258.75,933.75,1192.5
2021-12-23 13:15:00,210.0,978.75,1188.75
2021-12-23 13:16:00,3.75,1046.25,1050.0
2021-12-23 13:17:00,30.0,1008.75,1038.75
2021-12-23 13:18:00,-367.5,1098.75,731.25
2021-12-23 13:19:00,-652.5,1125.0,472.5
2021-12-23 13:20:00,-547.5,1136.25,588.75
2021-12-23 13:21:00,-675.0,1237.5,562.5
2021-12-23 13:22:00,-461.25,1095.0,633.75
2021-12-23 13:23:00,-633.75,1185.0,551.25
2021-12-23 13:24:00,-753.75,1245.0,491.25
2021-12-23 13:25:00,-1132.5,1432.5,300.0
2021-12-23 13:26:00,-1053.75,1413.75,360.0
2021-12-23 13:27:00,-1035.0,1462.5,427.5
2021-12-23 13:28:00,-930.0,1338.75,408.75
2021-12-23 13:29:00,-757.5,1260.0,502.5
2021-12-23 13:30:00,-607.5,1140.0,532.5
2021-12-23 13:31:00,-360.0,1027.5,667.5
2021-12-23 13:32:00,-386.25,1012.5,626.25
2021-12-23 13:33:00,-603.75,1140.0,536.25
2021-12-23 13:34:00,-465.0,956.25,491.25
2021-12-23 13:35:00,-382.5,926.25,543.75
2021-12-23 13:36:00,-513.75,1068.75,555.0
2021-12-23 13:37:00,-360.0,952.5,592.5
2021-12-23 13:38:00,138.75,701.25,840.0
2021-12-23 13:39:00,258.75,423.75,682.5
2021-12-23 13:40:00,150.0,596.25,746.25
2021-12-23 13:41:00,678.75,-337.5,341.25
2021-12-23 13:42:00,633.75,-285.0,348.75
2021-12-23 13:43:00,618.75,-416.25,202.5
2021-12-23 13:44:00,581.25,-221.25,360.0
2021-12-23 13:45:00,675.0,-513.75,161.25
2021-12-23 13:46:00,585.0,-378.75,206.25
2021-12-23 13:47:00,371.25,221.25,592.5
2021-12-23 13:48:00,570.0,-240.0,330.0
2021-12-23 13:49:00,697.5,-843.75,-146.25
2021-12-23 13:50:00,825.0,-1380.0,-555.0
2021-12-23 13:51:00,843.75,-1267.5,-423.75
2021-12-23 13:52:00,787.5,-821.25,-33.75
2021-12-23 13:53:00,768.75,-682.5,86.25
2021-12-23 13:54:00,828.75,-926.25,-97.5
2021-12-23 13:55:00,791.25,-716.25,75.0
2021-12-23 13:56:00,603.75,-105.0,498.75
2021-12-23 13:57:00,675.0,-142.5,532.5
2021-12-23 13:58:00,645.0,138.75,783.75
2021-12-23 13:59:00,645.0,180.0,825.0
2021-12-23 14:00:00,727.5,-48.75,678.75
2021-12-23 14:01:00,675.0,135.0,810.0
2021-12-23 14:02:00,686.25,153.75,840.0
2021-12-23 14:03:00,652.5,386.25,1038.75
2021-12-23 14:04:00,765.0,-45.0,720.0
2021-12-23 14:05:00,915.0,-363.75,551.25
2021-12-23 14:06:00,1117.5,-795.0,322.5
2021-12-23 14:07:00,1241.25,-1672.5,-431.25
2021-12-23 14:08:00,1248.75,-1147.5,101.25
2021-12-23 14:09:00,1222.5,-1192.5,30.0
2021-12-23 14:10:00,1263.75,-1470.0,-206.25
2021-12-23 14:11:00,1233.75,-945.0,288.75
2021-12-23 14:12:00,1297.5,-1376.25,-78.75
2021-12-23 14:13:00,1308.75,-1492.5,-183.75
2021-12-23 14:14:00,1301.25,-1177.5,123.75
2021-12-23 14:15:00,1357.5,-1462.5,-105.0
2021-12-23 14:16:00,1361.25,-1068.75,292.5
2021-12-23 14:17:00,1406.25,-1605.0,-198.75
2021-12-23 14:18:00,1451.25,-1627.5,-176.25
2021-12-23 14:19:00,1451.25,-1425.0,26.25
2021-12-23 14:20:00,1447.5,-1327.5,120.0
2021-12-23 14:21:00,1451.25,-1312.5,138.75
2021-12-23 14:22:00,1406.25,-1061.25,345.0
2021-12-23 14:23:00,1192.5,-161.25,1031.25
2021-12-23 14:24:00,1061.25,288.75,1350.0
2021-12-23 14:25:00,1132.5,146.25,1278.75
2021-12-23 14:26:00,1113.75,195.0,1308.75
2021-12-23 14:27:00,1128.75,168.75,1297.5
2021-12-23 14:28:00,1245.0,-37.5,1207.5
2021-12-23 14:29:00,1087.5,487.5,1575.0
2021-12-23 14:30:00,1061.25,566.25,1627.5
2021-12-23 14:31:00,975.0,978.75,1953.75
2021-12-23 14:32:00,1072.5,870.0,1942.5
2021-12-23 14:33:00,1136.25,690.0,1826.25
2021-12-23 14:34:00,1286.25,371.25,1657.5
2021-12-23 14:35:00,1226.25,652.5,1878.75
2021-12-23 14:36:00,1200.0,735.0,1935.0
2021-12-23 14:37:00,1256.25,618.75,1875.0
2021-12-23 14:38:00,1305.0,348.75,1653.75
2021-12-23 14:39:00,1391.25,-93.75,1297.5
2021-12-23 14:40:00,1421.25,-142.5,1278.75
2021-12-23 14:41:00,1507.5,-536.25,971.25
2021-12-23 14:42:00,1545.0,-735.0,810.0
2021-12-23 14:43:00,1515.0,-551.25,963.75
2021-12-23 14:44:00,1473.75,-180.0,1293.75
2021-12-23 14:45:00,1425.0,228.75,1653.75
2021-12-23 14:46:00,1398.75,217.5,1616.25
2021-12-23 14:47:00,1447.5,-30.0,1417.5
2021-12-23 14:48:00,1548.75,-315.0,1233.75
2021-12-23 14:49:00,1511.25,11.25,1522.5
2021-12-23 14:50:00,1515.0,41.25,1556.25
2021-12-23 14:51:00,1511.25,168.75,1680.0
2021-12-23 14:52:00,1563.75,-112.5,1451.25
2021-12-23 14:53:00,1616.25,-311.25,1305.0
2021-12-23 14:54:00,1605.0,-240.0,1365.0
2021-12-23 14:55:00,1608.75,-123.75,1485.0
2021-12-23 14:56:00,1556.25,877.5,2433.75
2021-12-23 14:57:00,1556.25,708.75,2265.0
2021-12-23 14:58:00,1623.75,412.5,2036.25
2021-12-23 14:59:00,1620.0,596.25,2216.25
2021-12-23 15:00:00,1642.5,341.25,1983.75
2021-12-23 15:01:00,1650.0,1042.5,2692.5
2021-12-23 15:02:00,1620.0,1492.5,3112.5
2021-12-23 15:03:00,1635.0,1548.75,3183.75
2021-12-23 15:04:00,1631.25,1560.0,3191.25
2021-12-23 15:05:00,1695.0,1631.25,3326.25
2021-12-23 15:06:00,1691.25,1593.75,3285.0
2021-12-23 15:07:00,1702.5,1650.0,3352.5
2021-12-23 15:08:00,1616.25,1983.75,3600.0
2021-12-23 15:09:00,1627.5,2040.0,3667.5
2021-12-23 15:10:00,1612.5,2115.0,3727.5
2021-12-23 15:11:00,1653.75,2077.5,3731.25
2021-12-23 15:12:00,1687.5,1905.0,3592.5
2021-12-23 15:13:00,1695.0,1931.25,3626.25
2021-12-23 15:14:00,1728.75,1856.25,3585.0
2021-12-23 15:15:00,1728.75,1950.0,3678.75
2021-12-23 15:16:00,1732.5,1878.75,3611.25
2021-12-23 15:17:00,1736.25,1740.0,3476.25
2021-12-23 15:18:00,1740.0,1672.5,3412.5
2021-12-23 15:19:00,1743.75,1248.75,2992.5
2021-12-23 15:20:00,1743.75,1098.75,2842.5
2021-12-23 15:21:00,1743.75,1098.75,2842.5
2021-12-23 15:22:00,1743.75,1098.75,2842.5
2021-12-23 15:23:00,1743.75,1098.75,2842.5
2021-12-23 15:24:00,1743.75,1098.75,2842.5
2021-12-23 15:25:00,1743.75,1098.75,2842.5
2021-12-23 15:26:00,1743.75,1098.75,2842.5
2021-12-23 15:27:00,1743.75,1098.75,2842.5
2021-12-23 15:28:00,1743.75,1098.75,2842.5
2021-12-23 15:29:00,1743.75,1098.75,2842.5
2021-12-23 15:30:00,1743.75,1098.75,2842.5
2021-12-30 10:15:00,0.0,0.0,0.0
2021-12-30 10:16:00,-127.5,60.0,-67.5
2021-12-30 10:17:00,-108.75,71.25,-37.5
2021-12-30 10:18:00,-131.25,33.75,-97.5
2021-12-30 10:19:00,-60.0,-7.5,-67.5
2021-12-30 10:20:00,30.0,-101.25,-71.25
2021-12-30 10:21:00,78.75,-142.5,-63.75
2021-12-30 10:22:00,-30.0,-75.0,-105.0
2021-12-30 10:23:00,-112.5,30.0,-82.5
2021-12-30 10:24:00,-251.25,127.5,-123.75
2021-12-30 10:25:00,-217.5,120.0,-97.5
2021-12-30 10:26:00,-281.25,221.25,-60.0
2021-12-30 10:27:00,-195.0,172.5,-22.5
2021-12-30 10:28:00,-217.5,157.5,-60.0
2021-12-30 10:29:00,-258.75,180.0,-78.75
2021-12-30 10:30:00,-195.0,146.25,-48.75
2021-12-30 10:31:00,-150.0,153.75,3.75
2021-12-30 10:32:00,-108.75,112.5,3.75
2021-12-30 10:33:00,-97.5,86.25,-11.25
2021-12-30 10:34:00,-93.75,78.75,-15.0
2021-12-30 10:35:00,-60.0,33.75,-26.25
2021-12-30 10:36:00,22.5,3.75,26.25
2021-12-30 10:37:00,-7.5,15.0,7.5
2021-12-30 10:38:00,-101.25,101.25,0.0
2021-12-30 10:39:00,-56.25,30.0,-26.25
2021-12-30 10:40:00,-3.75,0.0,-3.75
2021-12-30 10:41:00,26.25,-18.75,7.5
2021-12-30 10:42:00,116.25,-90.0,26.25
2021-12-30 10:43:00,90.0,-52.5,37.5
2021-12-30 10:44:00,45.0,26.25,71.25
2021-12-30 10:45:00,161.25,-150.0,11.25
2021-12-30 10:46:00,97.5,-41.25,56.25
2021-12-30 10:47:00,101.25,-15.0,86.25
2021-12-30 10:48:00,63.75,45.0,108.75
2021-12-30 10:49:00,56.25,97.5,153.75
2021-12-30 10:50:00,127.5,-45.0,82.5
2021-12-30 10:51:00,183.75,-105.0,78.75
2021-12-30 10:52:00,202.5,-108.75,93.75
2021-12-30 10:53:00,142.5,-33.75,108.75
2021-12-30 10:54:00,161.25,-45.0,116.25
2021-12-30 10:55:00,217.5,-123.75,93.75
2021-12-30 10:56:00,198.75,-63.75,135.0
2021-12-30 10:57:00,232.5,-112.5,120.0
2021-12-30 10:58:00,240.0,-105.0,135.0
2021-12-30 10:59:00,221.25,-48.75,172.5
2021-12-30 11:00:00,243.75,-86.25,157.5
2021-12-30 11:01:00,191.25,78.75,270.0
2021-12-30 11:02:00,191.25,30.0,221.25
2021-12-30 11:03:00,150.0,142.5,292.5
2021-12-30 11:04:00,198.75,0.0,198.75
2021-12-30 11:05:00,262.5,-105.0,157.5
2021-12-30 11:06:00,288.75,-161.25,127.5
2021-12-30 11:07:00,303.75,-191.25,112.5
2021-12-30 11:08:00,330.0,-217.5,112.5
2021-12-30 11:09:00,322.5,-187.5,135.0
2021-12-30 11:10:00,277.5,-11.25,266.25
2021-12-30 11:11:00,277.5,-56.25,221.25
2021-12-30 11:12:00,303.75,-120.0,183.75
2021-12-30 11:13:00,333.75,-172.5,161.25
2021-12-30 11:14:00,352.5,-206.25,146.25
2021-12-30 11:15:00,360.0,-206.25,153.75
2021-12-30 11:16:00,416.25,-247.5,168.75
2021-12-30 11:17:00,438.75,-277.5,161.25
2021-12-30 11:18:00,420.0,-236.25,183.75
2021-12-30 11:19:00,408.75,-217.5,191.25
2021-12-30 11:20:00,442.5,-255.0,187.5
2021-12-30 11:21:00,461.25,-341.25,120.0
2021-12-30 11:22:00,457.5,-232.5,225.0
2021-12-30 11:23:00,412.5,-157.5,255.0
2021-12-30 11:24:00,386.25,-63.75,322.5
2021-12-30 11:25:00,393.75,-165.0,228.75
2021-12-30 11:26:00,382.5,-52.5,330.0
2021-12-30 11:27:00,378.75,-63.75,315.0
2021-12-30 11:28:00,393.75,-97.5,296.25
2021-12-30 11:29:00,423.75,-127.5,296.25
2021-12-30 11:30:00,435.0,-150.0,285.0
2021-12-30 11:31:00,450.0,-138.75,311.25
2021-12-30 11:32:00,468.75,-210.0,258.75
2021-12-30 11:33:00,472.5,-217.5,255.0
2021-12-30 11:34:00,480.0,-202.5,277.5
2021-12-30 11:35:00,510.0,-315.0,195.0
2021-12-30 11:36:00,562.5,-555.0,7.5
2021-12-30 11:37:00,562.5,-513.75,48.75
2021-12-30 11:38:00,570.0,-581.25,-11.25
2021-12-30 11:39:00,570.0,-547.5,22.5
2021-12-30 11:40:00,577.5,-667.5,-90.0
2021-12-30 11:41:00,588.75,-697.5,-108.75
2021-12-30 11:42:00,570.0,-588.75,-18.75
2021-12-30 11:43:00,585.0,-750.0,-165.0
2021-12-30 11:44:00,573.75,-712.5,-138.75
2021-12-30 11:45:00,585.0,-802.5,-217.5
2021-12-30 11:46:00,555.0,-465.0,90.0
2021-12-30 11:47:00,547.5,-476.25,71.25
2021-12-30 11:48:00,547.5,-408.75,138.75
2021-12-30 11:49:00,536.25,-442.5,93.75
2021-12-30 11:50:00,540.0,-446.25,93.75
2021-12-30 11:51:00,528.75,-277.5,251.25
2021-12-30 11:52:00,510.0,-172.5,337.5
2021-12-30 11:53:00,491.25,-97.5,393.75
2021-12-30 11:54:00,457.5,-37.5,420.0
2021-12-30 11:55:00,495.0,-108.75,386.25
2021-12-30 11:56:00,457.5,15.0,472.5
2021-12-30 11:57:00,465.0,-75.0,390.0
2021-12-30 11:58:00,483.75,-101.25,382.5
2021-12-30 11:59:00,502.5,-78.75,423.75
2021-12-30 12:00:00,528.75,-108.75,420.0
2021-12-30 12:01:00,502.5,-26.25,476.25
2021-12-30 12:02:00,536.25,-108.75,427.5
2021-12-30 12:03:00,525.0,-82.5,442.5
2021-12-30 12:04:00,513.75,-15.0,498.75
2021-12-30 12:05:00,461.25,183.75,645.0
2021-12-30 12:06:00,450.0,176.25,626.25
2021-12-30 12:07:00,468.75,135.0,603.75
2021-12-30 12:08:00,453.75,187.5,641.25
2021-12-30 12:09:00,453.75,168.75,622.5
2021-12-30 12:10:00,476.25,150.0,626.25
2021-12-30 12:11:00,457.5,183.75,641.25
2021-12-30 12:12:00,472.5,153.75,626.25
2021-12-30 12:13:00,513.75,131.25,645.0
2021-12-30 12:14:00,532.5,75.0,607.5
2021-12-30 12:15:00,528.75,71.25,600.0
2021-12-30 12:16:00,555.0,-18.75,536.25
2021-12-30 12:17:00,562.5,-7.5,555.0
2021-12-30 12:18:00,525.0,93.75,618.75
2021-12-30 12:19:00,513.75,142.5,656.25
2021-12-30 12:20:00,513.75,150.0,663.75
2021-12-30 12:21:00,487.5,210.0,697.5
2021-12-30 12:22:00,487.5,176.25,663.75
2021-12-30 12:23:00,491.25,168.75,660.0
2021-12-30 12:24:00,468.75,240.0,708.75
2021-12-30 12:25:00,457.5,240.0,697.5
2021-12-30 12:26:00,476.25,180.0,656.25
2021-12-30 12:27:00,480.0,228.75,708.75
2021-12-30 12:28:00,438.75,423.75,862.5
2021-12-30 12:29:00,442.5,476.25,918.75
2021-12-30 12:30:00,378.75,502.5,881.25
2021-12-30 12:31:00,393.75,450.0,843.75
2021-12-30 12:32:00,431.25,412.5,843.75
2021-12-30 12:33:00,423.75,416.25,840.0
2021-12-30 12:34:00,431.25,412.5,843.75
2021-12-30 12:35:00,483.75,363.75,847.5
2021-12-30 12:36:00,521.25,315.0,836.25
2021-12-30 12:37:00,502.5,311.25,813.75
2021-12-30 12:38:00,506.25,300.0,806.25
2021-12-30 12:39:00,483.75,330.0,813.75
2021-12-30 12:40:00,476.25,281.25,757.5
2021-12-30 12:41:00,476.25,296.25,772.5
2021-12-30 12:42:00,457.5,356.25,813.75
2021-12-30 12:43:00,465.0,333.75,798.75
2021-12-30 12:44:00,476.25,296.25,772.5
2021-12-30 12:45:00,468.75,333.75,802.5
2021-12-30 12:46:00,457.5,326.25,783.75
2021-12-30 12:47:00,525.0,202.5,727.5
2021-12-30 12:48:00,570.0,75.0,645.0
2021-12-30 12:49:00,551.25,232.5,783.75
2021-12-30 12:50:00,525.0,318.75,843.75
2021-12-30 12:51:00,517.5,322.5,840.0
2021-12-30 12:52:00,517.5,322.5,840.0
2021-12-30 12:53:00,513.75,330.0,843.75
2021-12-30 12:54:00,465.0,450.0,915.0
2021-12-30 12:55:00,453.75,461.25,915.0
2021-12-30 12:56:00,412.5,532.5,945.0
2021-12-30 12:57:00,453.75,468.75,922.5
2021-12-30 12:58:00,438.75,480.0,918.75
2021-12-30 12:59:00,461.25,461.25,922.5
2021-12-30 13:00:00,487.5,453.75,941.25
2021-12-30 13:01:00,510.0,431.25,941.25
2021-12-30 13:02:00,465.0,513.75,978.75
2021-12-30 13:03:00,423.75,573.75,997.5
2021-12-30 13:04:00,397.5,633.75,1031.25
2021-12-30 13:05:00,397.5,690.0,1087.5
2021-12-30 13:06:00,371.25,716.25,1087.5
2021-12-30 13:07:00,442.5,652.5,1095.0
2021-12-30 13:08:00,431.25,641.25,1072.5
2021-12-30 13:09:00,446.25,675.0,1121.25
2021-12-30 13:10:00,420.0,678.75,1098.75
2021-12-30 13:11:00,397.5,735.0,1132.5
2021-12-30 13:12:00,378.75,757.5,1136.25
2021-12-30 13:13:00,386.25,768.75,1155.0
2021-12-30 13:14:00,438.75,690.0,1128.75
2021-12-30 13:15:00,423.75,720.0,1143.75
2021-12-30 13:16:00,442.5,678.75,1121.25
2021-12-30 13:17:00,446.25,693.75,1140.0
2021-12-30 13:18:00,476.25,667.5,1143.75
2021-12-30 13:19:00,483.75,652.5,1136.25
2021-12-30 13:20:00,465.0,708.75,1173.75
2021-12-30 13:21:00,513.75,603.75,1117.5
2021-12-30 13:22:00,566.25,510.0,1076.25
2021-12-30 13:23:00,596.25,446.25,1042.5
2021-12-30 13:24:00,573.75,483.75,1057.5
2021-12-30 13:25:00,540.0,581.25,1121.25
2021-12-30 13:26:00,558.75,517.5,1076.25
2021-12-30 13:27:00,566.25,468.75,1035.0
2021-12-30 13:28:00,600.0,431.25,1031.25
2021-12-30 13:29:00,570.0,592.5,1162.5
2021-12-30 13:30:00,566.25,558.75,1125.0
2021-12-30 13:31:00,573.75,603.75,1177.5
2021-12-30 13:32:00,600.0,517.5,1117.5
2021-12-30 13:33:00,603.75,495.0,1098.75
2021-12-30 13:34:00,607.5,498.75,1106.25
2021-12-30 13:35:00,615.0,476.25,1091.25
2021-12-30 13:36:00,656.25,431.25,1087.5
2021-12-30 13:37:00,671.25,412.5,1083.75
2021-12-30 13:38:00,630.0,540.0,1170.0
2021-12-30 13:39:00,577.5,768.75,1346.25
2021-12-30 13:40:00,547.5,746.25,1293.75
2021-12-30 13:41:00,536.25,757.5,1293.75
2021-12-30 13:42:00,543.75,768.75,1312.5
2021-12-30 13:43:00,573.75,723.75,1297.5
2021-12-30 13:44:00,611.25,693.75,1305.0
2021-12-30 13:45:00,626.25,660.0,1286.25
2021-12-30 13:46:00,630.0,660.0,1290.0
2021-12-30 13:47:00,626.25,648.75,1275.0
2021-12-30 13:48:00,615.0,663.75,1278.75
2021-12-30 13:49:00,611.25,693.75,1305.0
2021-12-30 13:50:00,637.5,660.0,1297.5
2021-12-30 13:51:00,615.0,765.0,1380.0
2021-12-30 13:52:00,626.25,720.0,1346.25
2021-12-30 13:53:00,607.5,802.5,1410.0
2021-12-30 13:54:00,600.0,802.5,1402.5
2021-12-30 13:55:00,585.0,843.75,1428.75
2021-12-30 13:56:00,592.5,825.0,1417.5
2021-12-30 13:57:00,611.25,813.75,1425.0
2021-12-30 13:58:00,596.25,836.25,1432.5
2021-12-30 13:59:00,600.0,828.75,1428.75
2021-12-30 14:00:00,622.5,795.0,1417.5
2021-12-30 14:01:00,622.5,795.0,1417.5
2021-12-30 14:02:00,641.25,780.0,1421.25
2021-12-30 14:03:00,671.25,780.0,1451.25
2021-12-30 14:04:00,678.75,761.25,1440.0
2021-12-30 14:05:00,671.25,795.0,1466.25
2021-12-30 14:06:00,716.25,648.75,1365.0
2021-12-30 14:07:00,693.75,708.75,1402.5
2021-12-30 14:08:00,682.5,750.0,1432.5
2021-12-30 14:09:00,712.5,656.25,1368.75
2021-12-30 14:10:00,720.0,671.25,1391.25
2021-12-30 14:11:00,731.25,611.25,1342.5
2021-12-30 14:12:00,753.75,513.75,1267.5
2021-12-30 14:13:00,768.75,465.0,1233.75
2021-12-30 14:14:00,765.0,401.25,1166.25
2021-12-30 14:15:00,768.75,450.0,1218.75
2021-12-30 14:16:00,780.0,345.0,1125.0
2021-12-30 14:17:00,783.75,472.5,1256.25
2021-12-30 14:18:00,761.25,731.25,1492.5
2021-12-30 14:19:00,765.0,622.5,1387.5
2021-12-30 14:20:00,765.0,641.25,1406.25
2021-12-30 14:21:00,772.5,630.0,1402.5
2021-12-30 14:22:00,783.75,532.5,1316.25
2021-12-30 14:23:00,783.75,618.75,1402.5
2021-12-30 14:24:00,776.25,765.0,1541.25
2021-12-30 14:25:00,768.75,810.0,1578.75
2021-12-30 14:26:00,780.0,843.75,1623.75
2021-12-30 14:27:00,776.25,851.25,1627.5
2021-12-30 14:28:00,783.75,802.5,1586.25
2021-12-30 14:29:00,791.25,768.75,1560.0
2021-12-30 14:30:00,806.25,682.5,1488.75
2021-12-30 14:31:00,821.25,570.0,1391.25
2021-12-30 14:32:00,821.25,611.25,1432.5
2021-12-30 14:33:00,817.5,648.75,1466.25
2021-12-30 14:34:00,828.75,435.0,1263.75
2021-12-30 14:35:00,825.0,435.0,1260.0
2021-12-30 14:36:00,821.25,570.0,1391.25
2021-12-30 14:37:00,821.25,690.0,1511.25
2021-12-30 14:38:00,821.25,618.75,1440.0
2021-12-30 14:39:00,821.25,723.75,1545.0
2021-12-30 14:40:00,825.0,697.5,1522.5
2021-12-30 14:41:00,828.75,645.0,1473.75
2021-12-30 14:42:00,836.25,562.5,1398.75
2021-12-30 14:43:00,840.0,581.25,1421.25
2021-12-30 14:44:00,840.0,618.75,1458.75
2021-12-30 14:45:00,843.75,780.0,1623.75
2021-12-30 14:46:00,840.0,1012.5,1852.5
2021-12-30 14:47:00,836.25,1095.0,1931.25
2021-12-30 14:48:00,843.75,915.0,1758.75
2021-12-30 14:49:00,847.5,802.5,1650.0
2021-12-30 14:50:00,847.5,828.75,1676.25
2021-12-30 14:51:00,847.5,1001.25,1848.75
2021-12-30 14:52:00,855.0,933.75,1788.75
2021-12-30 14:53:00,855.0,825.0,1680.0
2021-12-30 14:54:00,858.75,813.75,1672.5
2021-12-30 14:55:00,855.0,645.0,1500.0
2021-12-30 14:56:00,862.5,821.25,1683.75
2021-12-30 14:57:00,862.5,660.0,1522.5
2021-12-30 14:58:00,862.5,566.25,1428.75
2021-12-30 14:59:00,862.5,686.25,1548.75
2021-12-30 15:00:00,862.5,525.0,1387.5
2021-12-30 15:01:00,862.5,401.25,1263.75
2021-12-30 15:02:00,858.75,217.5,1076.25
2021-12-30 15:03:00,855.0,307.5,1162.5
2021-12-30 15:04:00,855.0,442.5,1297.5
2021-12-30 15:05:00,858.75,806.25,1665.0
2021-12-30 15:06:00,862.5,517.5,1380.0
2021-12-30 15:07:00,858.75,592.5,1451.25
2021-12-30 15:08:00,862.5,783.75,1646.25
2021-12-30 15:09:00,866.25,832.5,1698.75
2021-12-30 15:10:00,866.25,1121.25,1987.5
2021-12-30 15:11:00,866.25,1372.5,2238.75
2021-12-30 15:12:00,866.25,1365.0,2231.25
2021-12-30 15:13:00,866.25,1425.0,2291.25
2021-12-30 15:14:00,870.0,1383.75,2253.75
2021-12-30 15:15:00,870.0,1383.75,2253.75
2021-12-30 15:16:00,866.25,1327.5,2193.75
2021-12-30 15:17:00,870.0,1218.75,2088.75
2021-12-30 15:18:00,873.75,1398.75,2272.5
2021-12-30 15:19:00,873.75,1368.75,2242.5
2021-12-30 15:20:00,870.0,1391.25,2261.25
2021-12-30 15:21:00,870.0,1391.25,2261.25
2021-12-30 15:22:00,870.0,1391.25,2261.25
2021-12-30 15:23:00,870.0,1391.25,2261.25
2021-12-30 15:24:00,870.0,1391.25,2261.25
2021-12-30 15:25:00,870.0,1391.25,2261.25
2021-12-30 15:26:00,870.0,1391.25,2261.25
2021-12-30 15:27:00,870.0,1391.25,2261.25
2021-12-30 15:28:00,870.0,1391.25,2261.25
2021-12-30 15:29:00,870.0,1391.25,2261.25
2021-12-30 15:30:00,870.0,1391.25,2261.25
2022-01-06 10:15:00,0.0,0.0,0.0
2022-01-06 10:16:00,93.75,-67.5,26.25
2022-01-06 10:17:00,168.75,-210.0,-41.25
2022-01-06 10:18:00,146.25,-172.5,-26.25
2022-01-06 10:19:00,97.5,-18.75,78.75
2022-01-06 10:20:00,45.0,56.25,101.25
2022-01-06 10:21:00,-60.0,270.0,210.0
2022-01-06 10:22:00,11.25,183.75,195.0
2022-01-06 10:23:00,120.0,-7.5,112.5
2022-01-06 10:24:00,93.75,22.5,116.25
2022-01-06 10:25:00,127.5,-71.25,56.25
2022-01-06 10:26:00,112.5,3.75,116.25
2022-01-06 10:27:00,202.5,-165.0,37.5
2022-01-06 10:28:00,251.25,-225.0,26.25
2022-01-06 10:29:00,307.5,-341.25,-33.75
2022-01-06 10:30:00,416.25,-581.25,-165.0
2022-01-06 10:31:00,405.0,-502.5,-97.5
2022-01-06 10:32:00,356.25,-352.5,3.75
2022-01-06 10:33:00,393.75,-506.25,-112.5
2022-01-06 10:34:00,367.5,-363.75,3.75
2022-01-06 10:35:00,341.25,-288.75,52.5
2022-01-06 10:36:00,390.0,-390.0,0.0
2022-01-06 10:37:00,311.25,-63.75,247.5
2022-01-06 10:38:00,348.75,-172.5,176.25
2022-01-06 10:39:00,431.25,-363.75,67.5
2022-01-06 10:40:00,450.0,-397.5,52.5
2022-01-06 10:41:00,528.75,-622.5,-93.75
2022-01-06 10:42:00,555.0,-678.75,-123.75
2022-01-06 10:43:00,596.25,-798.75,-202.5
2022-01-06 10:44:00,600.0,-922.5,-322.5
2022-01-06 10:45:00,600.0,-956.25,-356.25
2022-01-06 10:46:00,618.75,-1226.25,-607.5
2022-01-06 10:47:00,588.75,-851.25,-262.5
2022-01-06 10:48:00,570.0,-581.25,-11.25
2022-01-06 10:49:00,577.5,-525.0,52.5
2022-01-06 10:50:00,603.75,-690.0,-86.25
2022-01-06 10:51:00,607.5,-836.25,-228.75
2022-01-06 10:52:00,577.5,-547.5,30.0
2022-01-06 10:53:00,573.75,-536.25,37.5
2022-01-06 10:54:00,570.0,-495.0,75.0
2022-01-06 10:55:00,536.25,-356.25,180.0
2022-01-06 10:56:00,592.5,-600.0,-7.5
2022-01-06 10:57:00,600.0,-682.5,-82.5
2022-01-06 10:58:00,581.25,-543.75,37.5
2022-01-06 10:59:00,562.5,-450.0,112.5
2022-01-06 11:00:00,521.25,-300.0,221.25
2022-01-06 11:01:00,528.75,-337.5,191.25
2022-01-06 11:02:00,543.75,-416.25,127.5
2022-01-06 11:03:00,570.0,-405.0,165.0
2022-01-06 11:04:00,588.75,-476.25,112.5
2022-01-06 11:05:00,555.0,-330.0,225.0
2022-01-06 11:06:00,570.0,-363.75,206.25
2022-01-06 11:07:00,555.0,-352.5,202.5
2022-01-06 11:08:00,600.0,-401.25,198.75
2022-01-06 11:09:00,558.75,-333.75,225.0
2022-01-06 11:10:00,611.25,-491.25,120.0
2022-01-06 11:11:00,600.0,-438.75,161.25
2022-01-06 11:12:00,622.5,-543.75,78.75
2022-01-06 11:13:00,607.5,-468.75,138.75
2022-01-06 11:14:00,622.5,-562.5,60.0
2022-01-06 11:15:00,637.5,-656.25,-18.75
2022-01-06 11:16:00,626.25,-528.75,97.5
2022-01-06 11:17:00,581.25,-258.75,322.5
2022-01-06 11:18:00,562.5,-202.5,360.0
2022-01-06 11:19:00,528.75,0.0,528.75
2022-01-06 11:20:00,543.75,-60.0,483.75
2022-01-06 11:21:00,480.0,183.75,663.75
2022-01-06 11:22:00,525.0,225.0,750.0
2022-01-06 11:23:00,570.0,105.0,675.0
2022-01-06 11:24:00,611.25,-45.0,566.25
2022-01-06 11:25:00,633.75,-78.75,555.0
2022-01-06 11:26:00,611.25,-33.75,577.5
2022-01-06 11:27:00,570.0,127.5,697.5
2022-01-06 11:28:00,596.25,56.25,652.5
2022-01-06 11:29:00,581.25,86.25,667.5
2022-01-06 11:30:00,577.5,97.5,675.0
2022-01-06 11:31:00,555.0,180.0,735.0
2022-01-06 11:32:00,581.25,108.75,690.0
2022-01-06 11:33:00,555.0,198.75,753.75
2022-01-06 11:34:00,528.75,228.75,757.5
2022-01-06 11:35:00,536.25,247.5,783.75
2022-01-06 11:36:00,566.25,187.5,753.75
2022-01-06 11:37:00,532.5,285.0,817.5
2022-01-06 11:38:00,573.75,187.5,761.25
2022-01-06 11:39:00,600.0,120.0,720.0
2022-01-06 11:40:00,663.75,-123.75,540.0
2022-01-06 11:41:00,656.25,-22.5,633.75
2022-01-06 11:42:00,656.25,-37.5,618.75
2022-01-06 11:43:00,648.75,-15.0,633.75
2022-01-06 11:44:00,641.25,93.75,735.0
2022-01-06 11:45:00,626.25,187.5,813.75
2022-01-06 11:46:00,660.0,45.0,705.0
2022-01-06 11:47:00,637.5,142.5,780.0
2022-01-06 11:48:00,645.0,127.5,772.5
2022-01-06 11:49:00,652.5,108.75,761.25
2022-01-06 11:50:00,690.0,-90.0,600.0
2022-01-06 11:51:00,693.75,-67.5,626.25
2022-01-06 11:52:00,678.75,71.25,750.0
2022-01-06 11:53:00,686.25,-22.5,663.75
2022-01-06 11:54:00,682.5,3.75,686.25
2022-01-06 11:55:00,675.0,63.75,738.75
2022-01-06 11:56:00,671.25,135.0,806.25
2022-01-06 11:57:00,660.0,172.5,832.5
2022-01-06 11:58:00,678.75,93.75,772.5
2022-01-06 11:59:00,675.0,138.75,813.75
2022-01-06 12:00:00,660.0,176.25,836.25
2022-01-06 12:01:00,641.25,288.75,930.0
2022-01-06 12:02:00,660.0,210.0,870.0
2022-01-06 12:03:00,682.5,150.0,832.5
2022-01-06 12:04:00,716.25,63.75,780.0
2022-01-06 12:05:00,791.25,-311.25,480.0
2022-01-06 12:06:00,810.0,-386.25,423.75
2022-01-06 12:07:00,772.5,-33.75,738.75
2022-01-06 12:08:00,765.0,101.25,866.25
2022-01-06 12:09:00,746.25,71.25,817.5
2022-01-06 12:10:00,753.75,97.5,851.25
2022-01-06 12:11:00,757.5,48.75,806.25
2022-01-06 12:12:00,776.25,41.25,817.5
2022-01-06 12:13:00,806.25,-71.25,735.0
2022-01-06 12:14:00,810.0,-71.25,738.75
2022-01-06 12:15:00,810.0,-45.0,765.0
2022-01-06 12:16:00,821.25,-217.5,603.75
2022-01-06 12:17:00,847.5,-423.75,423.75
2022-01-06 12:18:00,817.5,-228.75,588.75
2022-01-06 12:19:00,821.25,-247.5,573.75
2022-01-06 12:20:00,821.25,-157.5,663.75
2022-01-06 12:21:00,843.75,-453.75,390.0
2022-01-06 12:22:00,847.5,-615.0,232.5
2022-01-06 12:23:00,843.75,-311.25,532.5
2022-01-06 12:24:00,847.5,-483.75,363.75
2022-01-06 12:25:00,851.25,-330.0,521.25
2022-01-06 12:26:00,843.75,-412.5,431.25
2022-01-06 12:27:00,847.5,-348.75,498.75
2022-01-06 12:28:00,858.75,-476.25,382.5
2022-01-06 12:29:00,866.25,-420.0,446.25
2022-01-06 12:30:00,881.25,-468.75,412.5
2022-01-06 12:31:00,888.75,-536.25,352.5
2022-01-06 12:32:00,885.0,-540.0,345.0
2022-01-06 12:33:00,885.0,-322.5,562.5
2022-01-06 12:34:00,881.25,-131.25,750.0
2022-01-06 12:35:00,870.0,37.5,907.5
2022-01-06 12:36:00,881.25,-11.25,870.0
2022-01-06 12:37:00,862.5,127.5,990.0
2022-01-06 12:38:00,873.75,22.5,896.25
2022-01-06 12:39:00,870.0,82.5,952.5
2022-01-06 12:40:00,877.5,33.75,911.25
2022-01-06 12:41:00,873.75,82.5,956.25
2022-01-06 12:42:00,862.5,180.0,1042.5
2022-01-06 12:43:00,855.0,273.75,1128.75
2022-01-06 12:44:00,836.25,333.75,1170.0
2022-01-06 12:45:00,810.0,337.5,1147.5
2022-01-06 12:46:00,821.25,378.75,1200.0
2022-01-06 12:47:00,832.5,315.0,1147.5
2022-01-06 12:48:00,836.25,266.25,1102.5
2022-01-06 12:49:00,810.0,450.0,1260.0
2022-01-06 12:50:00,791.25,510.0,1301.25
2022-01-06 12:51:00,772.5,600.0,1372.5
2022-01-06 12:52:00,753.75,592.5,1346.25
2022-01-06 12:53:00,750.0,667.5,1417.5
2022-01-06 12:54:00,761.25,633.75,1395.0
2022-01-06 12:55:00,708.75,742.5,1451.25
2022-01-06 12:56:00,712.5,723.75,1436.25
2022-01-06 12:57:00,663.75,843.75,1507.5
2022-01-06 12:58:00,735.0,802.5,1537.5
2022-01-06 12:59:00,675.0,881.25,1556.25
2022-01-06 13:00:00,693.75,907.5,1601.25
2022-01-06 13:01:00,675.0,967.5,1642.5
2022-01-06 13:02:00,746.25,873.75,1620.0
2022-01-06 13:03:00,750.0,851.25,1601.25
2022-01-06 13:04:00,787.5,776.25,1563.75
2022-01-06 13:05:00,828.75,675.0,1503.75
2022-01-06 13:06:00,798.75,825.0,1623.75
2022-01-06 13:07:00,776.25,821.25,1597.5
2022-01-06 13:08:00,742.5,930.0,1672.5
2022-01-06 13:09:00,780.0,892.5,1672.5
2022-01-06 13:10:00,783.75,840.0,1623.75
2022-01-06 13:11:00,712.5,937.5,1650.0
2022-01-06 13:12:00,742.5,885.0,1627.5
2022-01-06 13:13:00,712.5,933.75,1646.25
2022-01-06 13:14:00,761.25,862.5,1623.75
2022-01-06 13:15:00,750.0,888.75,1638.75
2022-01-06 13:16:00,776.25,832.5,1608.75
2022-01-06 13:17:00,746.25,907.5,1653.75
2022-01-06 13:18:00,746.25,911.25,1657.5
2022-01-06 13:19:00,753.75,896.25,1650.0
2022-01-06 13:20:00,765.0,903.75,1668.75
2022-01-06 13:21:00,780.0,870.0,1650.0
2022-01-06 13:22:00,757.5,922.5,1680.0
2022-01-06 13:23:00,768.75,922.5,1691.25
2022-01-06 13:24:00,750.0,945.0,1695.0
2022-01-06 13:25:00,750.0,948.75,1698.75
2022-01-06 13:26:00,746.25,948.75,1695.0
2022-01-06 13:27:00,750.0,963.75,1713.75
2022-01-06 13:28:00,795.0,896.25,1691.25
2022-01-06 13:29:00,858.75,697.5,1556.25
2022-01-06 13:30:00,821.25,836.25,1657.5
2022-01-06 13:31:00,795.0,926.25,1721.25
2022-01-06 13:32:00,787.5,963.75,1751.25
2022-01-06 13:33:00,720.0,1095.0,1815.0
2022-01-06 13:34:00,690.0,1121.25,1811.25
2022-01-06 13:35:00,641.25,1155.0,1796.25
2022-01-06 13:36:00,611.25,1188.75,1800.0
2022-01-06 13:37:00,577.5,1215.0,1792.5
2022-01-06 13:38:00,600.0,1252.5,1852.5
2022-01-06 13:39:00,607.5,1237.5,1845.0
2022-01-06 13:40:00,603.75,1260.0,1863.75
2022-01-06 13:41:00,555.0,1271.25,1826.25
2022-01-06 13:42:00,510.0,1282.5,1792.5
2022-01-06 13:43:00,506.25,1301.25,1807.5
2022-01-06 13:44:00,570.0,1282.5,1852.5
2022-01-06 13:45:00,656.25,1248.75,1905.0
2022-01-06 13:46:00,686.25,1248.75,1935.0
2022-01-06 13:47:00,663.75,1241.25,1905.0
2022-01-06 13:48:00,682.5,1256.25,1938.75
2022-01-06 13:49:00,693.75,1252.5,1946.25
2022-01-06 13:50:00,660.0,1275.0,1935.0
2022-01-06 13:51:00,682.5,1263.75,1946.25
2022-01-06 13:52:00,697.5,1275.0,1972.5
2022-01-06 13:53:00,780.0,1271.25,2051.25
2022-01-06 13:54:00,783.75,1263.75,2047.5
2022-01-06 13:55:00,817.5,1260.0,2077.5
2022-01-06 13:56:00,832.5,1241.25,2073.75
2022-01-06 13:57:00,873.75,1192.5,2066.25
2022-01-06 13:58:00,881.25,1110.0,1991.25
2022-01-06 13:59:00,881.25,1136.25,2017.5
2022-01-06 14:00:00,866.25,1173.75,2040.0
2022-01-06 14:01:00,836.25,1275.0,2111.25
2022-01-06 14:02:00,825.0,1290.0,2115.0
2022-01-06 14:03:00,862.5,1267.5,2130.0
2022-01-06 14:04:00,877.5,1245.0,2122.5
2022-01-06 14:05:00,870.0,1267.5,2137.5
2022-01-06 14:06:00,877.5,1256.25,2133.75
2022-01-06 14:07:00,888.75,1245.0,2133.75
2022-01-06 14:08:00,907.5,1218.75,2126.25
2022-01-06 14:09:00,911.25,1237.5,2148.75
2022-01-06 14:10:00,885.0,1290.0,2175.0
2022-01-06 14:11:00,900.0,1248.75,2148.75
2022-01-06 14:12:00,892.5,1282.5,2175.0
2022-01-06 14:13:00,873.75,1305.0,2178.75
2022-01-06 14:14:00,881.25,1308.75,2190.0
2022-01-06 14:15:00,885.0,1320.0,2205.0
2022-01-06 14:16:00,877.5,1320.0,2197.5
2022-01-06 14:17:00,862.5,1357.5,2220.0
2022-01-06 14:18:00,881.25,1346.25,2227.5
2022-01-06 14:19:00,907.5,1335.0,2242.5
2022-01-06 14:20:00,896.25,1350.0,2246.25
2022-01-06 14:21:00,881.25,1368.75,2250.0
2022-01-06 14:22:00,858.75,1380.0,2238.75
2022-01-06 14:23:00,847.5,1387.5,2235.0
2022-01-06 14:24:00,821.25,1383.75,2205.0
2022-01-06 14:25:00,776.25,1380.0,2156.25
2022-01-06 14:26:00,675.0,1387.5,2062.5
2022-01-06 14:27:00,678.75,1383.75,2062.5
2022-01-06 14:28:00,720.0,1387.5,2107.5
2022-01-06 14:29:00,675.0,1395.0,2070.0
2022-01-06 14:30:00,562.5,1391.25,1953.75
2022-01-06 14:31:00,498.75,1391.25,1890.0
2022-01-06 14:32:00,112.5,1395.0,1507.5
2022-01-06 14:33:00,161.25,1380.0,1541.25
2022-01-06 14:34:00,498.75,1391.25,1890.0
2022-01-06 14:35:00,420.0,1395.0,1815.0
2022-01-06 14:36:00,633.75,1391.25,2025.0
2022-01-06 14:37:00,547.5,1387.5,1935.0
2022-01-06 14:38:00,397.5,1395.0,1792.5
2022-01-06 14:39:00,510.0,1398.75,1908.75
2022-01-06 14:40:00,536.25,1402.5,1938.75
2022-01-06 14:41:00,607.5,1398.75,2006.25
2022-01-06 14:42:00,603.75,1387.5,1991.25
2022-01-06 14:43:00,825.0,1395.0,2220.0
2022-01-06 14:44:00,693.75,1398.75,2092.5
2022-01-06 14:45:00,558.75,1402.5,1961.25
2022-01-06 14:46:00,585.0,1402.5,1987.5
2022-01-06 14:47:00,633.75,1406.25,2040.0
2022-01-06 14:48:00,701.25,1406.25,2107.5
2022-01-06 14:49:00,810.0,1410.0,2220.0
2022-01-06 14:50:00,862.5,1410.0,2272.5
2022-01-06 14:51:00,873.75,1413.75,2287.5
2022-01-06 14:52:00,825.0,1410.0,2235.0
2022-01-06 14:53:00,806.25,1410.0,2216.25
2022-01-06 14:54:00,817.5,1413.75,2231.25
2022-01-06 14:55:00,825.0,1425.0,2250.0
2022-01-06 14:56:00,862.5,1425.0,2287.5
2022-01-06 14:57:00,903.75,1425.0,2328.75
2022-01-06 14:58:00,892.5,1425.0,2317.5
2022-01-06 14:59:00,930.0,1425.0,2355.0
2022-01-06 15:00:00,948.75,1421.25,2370.0
2022-01-06 15:01:00,945.0,1425.0,2370.0
2022-01-06 15:02:00,978.75,1425.0,2403.75
2022-01-06 15:03:00,982.5,1428.75,2411.25
2022-01-06 15:04:00,997.5,1428.75,2426.25
2022-01-06 15:05:00,1001.25,1428.75,2430.0
2022-01-06 15:06:00,1005.0,1432.5,2437.5
2022-01-06 15:07:00,1001.25,1432.5,2433.75
2022-01-06 15:08:00,1008.75,1432.5,2441.25
2022-01-06 15:09:00,1012.5,1436.25,2448.75
2022-01-06 15:10:00,1012.5,1432.5,2445.0
2022-01-06 15:11:00,1008.75,1436.25,2445.0
2022-01-06 15:12:00,1008.75,1436.25,2445.0
2022-01-06 15:13:00,1012.5,1440.0,2452.5
2022-01-06 15:14:00,1016.25,1440.0,2456.25
2022-01-06 15:15:00,1020.0,1440.0,2460.0
2022-01-06 15:16:00,1016.25,1443.75,2460.0
2022-01-06 15:17:00,1016.25,1440.0,2456.25
2022-01-06 15:18:00,1020.0,1440.0,2460.0
2022-01-06 15:19:00,1023.75,1443.75,2467.5
2022-01-06 15:20:00,1023.75,1440.0,2463.75
2022-01-06 15:21:00,1023.75,1440.0,2463.75
2022-01-06 15:22:00,1023.75,1440.0,2463.75
2022-01-06 15:23:00,1023.75,1440.0,2463.75
2022-01-06 15:24:00,1023.75,1440.0,2463.75
2022-01-06 15:25:00,1023.75,1440.0,2463.75
2022-01-06 15:26:00,1023.75,1440.0,2463.75
2022-01-06 15:27:00,1023.75,1440.0,2463.75
2022-01-06 15:28:00,1023.75,1440.0,2463.75
2022-01-06 15:29:00,1023.75,1440.0,2463.75
2022-01-06 15:30:00,1023.75,1440.0,2463.75
2022-01-13 10:15:00,0.0,0.0,0.0
2022-01-13 10:16:00,63.75,-30.0,33.75
2022-01-13 10:17:00,-101.25,153.75,52.5
2022-01-13 10:18:00,-266.25,367.5,101.25
2022-01-13 10:19:00,-247.5,360.0,112.5
2022-01-13 10:20:00,-127.5,273.75,146.25
2022-01-13 10:21:00,-3.75,120.0,116.25
2022-01-13 10:22:00,-195.0,281.25,86.25
2022-01-13 10:23:00,-270.0,371.25,101.25
2022-01-13 10:24:00,-217.5,356.25,138.75
2022-01-13 10:25:00,-67.5,225.0,157.5
2022-01-13 10:26:00,-176.25,322.5,146.25
2022-01-13 10:27:00,-108.75,258.75,150.0
2022-01-13 10:28:00,3.75,146.25,150.0
2022-01-13 10:29:00,33.75,112.5,146.25
2022-01-13 10:30:00,-18.75,172.5,153.75
2022-01-13 10:31:00,150.0,-15.0,135.0
2022-01-13 10:32:00,86.25,-18.75,67.5
2022-01-13 10:33:00,52.5,45.0,97.5
2022-01-13 10:34:00,75.0,71.25,146.25
2022-01-13 10:35:00,120.0,18.75,138.75
2022-01-13 10:36:00,277.5,-127.5,150.0
2022-01-13 10:37:00,303.75,-142.5,161.25
2022-01-13 10:38:00,337.5,-210.0,127.5
2022-01-13 10:39:00,517.5,-551.25,-33.75
2022-01-13 10:40:00,547.5,-555.0,-7.5
2022-01-13 10:41:00,618.75,-705.0,-86.25
2022-01-13 10:42:00,540.0,-498.75,41.25
2022-01-13 10:43:00,483.75,-352.5,131.25
2022-01-13 10:44:00,528.75,-438.75,90.0
2022-01-13 10:45:00,468.75,-195.0,273.75
2022-01-13 10:46:00,326.25,63.75,390.0
2022-01-13 10:47:00,236.25,262.5,498.75
2022-01-13 10:48:00,213.75,255.0,468.75
2022-01-13 10:49:00,221.25,232.5,453.75
2022-01-13 10:50:00,191.25,322.5,513.75
2022-01-13 10:51:00,75.0,435.0,510.0
2022-01-13 10:52:00,0.0,525.0,525.0
2022-01-13 10:53:00,101.25,438.75,540.0
2022-01-13 10:54:00,210.0,367.5,577.5
2022-01-13 10:55:00,101.25,465.0,566.25
2022-01-13 10:56:00,-78.75,660.0,581.25
2022-01-13 10:57:00,228.75,442.5,671.25
2022-01-13 10:58:00,56.25,510.0,566.25
2022-01-13 10:59:00,105.0,483.75,588.75
2022-01-13 11:00:00,146.25,461.25,607.5
2022-01-13 11:01:00,187.5,438.75,626.25
2022-01-13 11:02:00,258.75,405.0,663.75
2022-01-13 11:03:00,172.5,446.25,618.75
2022-01-13 11:04:00,221.25,431.25,652.5
2022-01-13 11:05:00,281.25,360.0,641.25
2022-01-13 11:06:00,251.25,401.25,652.5
2022-01-13 11:07:00,198.75,502.5,701.25
2022-01-13 11:08:00,225.0,453.75,678.75
2022-01-13 11:09:00,198.75,491.25,690.0
2022-01-13 11:10:00,161.25,521.25,682.5
2022-01-13 11:11:00,221.25,487.5,708.75
2022-01-13 11:12:00,172.5,573.75,746.25
2022-01-13 11:13:00,146.25,607.5,753.75
2022-01-13 11:14:00,165.0,600.0,765.0
2022-01-13 11:15:00,142.5,633.75,776.25
2022-01-13 11:16:00,101.25,675.0,776.25
2022-01-13 11:17:00,52.5,750.0,802.5
2022-01-13 11:18:00,37.5,765.0,802.5
2022-01-13 11:19:00,56.25,746.25,802.5
2022-01-13 11:20:00,75.0,735.0,810.0
2022-01-13 11:21:00,75.0,742.5,817.5
2022-01-13 11:22:00,120.0,686.25,806.25
2022-01-13 11:23:00,60.0,735.0,795.0
2022-01-13 11:24:00,-75.0,870.0,795.0
2022-01-13 11:25:00,-60.0,885.0,825.0
2022-01-13 11:26:00,-150.0,926.25,776.25
2022-01-13 11:27:00,-123.75,900.0,776.25
2022-01-13 11:28:00,-93.75,903.75,810.0
2022-01-13 11:29:00,-93.75,896.25,802.5
2022-01-13 11:30:00,-67.5,892.5,825.0
2022-01-13 11:31:00,-11.25,888.75,877.5
2022-01-13 11:32:00,-18.75,881.25,862.5
2022-01-13 11:33:00,142.5,750.0,892.5
2022-01-13 11:34:00,187.5,723.75,911.25
2022-01-13 11:35:00,247.5,693.75,941.25
2022-01-13 11:36:00,318.75,656.25,975.0
2022-01-13 11:37:00,270.0,701.25,971.25
2022-01-13 11:38:00,247.5,723.75,971.25
2022-01-13 11:39:00,142.5,836.25,978.75
2022-01-13 11:40:00,161.25,817.5,978.75
2022-01-13 11:41:00,97.5,832.5,930.0
2022-01-13 11:42:00,82.5,885.0,967.5
2022-01-13 11:43:00,63.75,903.75,967.5
2022-01-13 11:44:00,30.0,941.25,971.25
2022-01-13 11:45:00,-3.75,956.25,952.5
2022-01-13 11:46:00,41.25,926.25,967.5
2022-01-13 11:47:00,33.75,930.0,963.75
2022-01-13 11:48:00,-60.0,960.0,900.0
2022-01-13 11:49:00,-67.5,975.0,907.5
2022-01-13 11:50:00,-108.75,993.75,885.0
2022-01-13 11:51:00,-153.75,1005.0,851.25
2022-01-13 11:52:00,-191.25,1016.25,825.0
2022-01-13 11:53:00,-135.0,1020.0,885.0
2022-01-13 11:54:00,-176.25,1038.75,862.5
2022-01-13 11:55:00,-247.5,1068.75,821.25
2022-01-13 11:56:00,-206.25,1076.25,870.0
2022-01-13 11:57:00,-270.0,1117.5,847.5
2022-01-13 11:58:00,-198.75,1113.75,915.0
2022-01-13 11:59:00,-236.25,1132.5,896.25
2022-01-13 12:00:00,-225.0,1121.25,896.25
2022-01-13 12:01:00,-210.0,1098.75,888.75
2022-01-13 12:02:00,-150.0,1083.75,933.75
2022-01-13 12:03:00,-93.75,1076.25,982.5
2022-01-13 12:04:00,-281.25,1151.25,870.0
2022-01-13 12:05:00,-326.25,1143.75,817.5
2022-01-13 12:06:00,-438.75,1218.75,780.0
2022-01-13 12:07:00,-435.0,1155.0,720.0
2022-01-13 12:08:00,-348.75,997.5,648.75
2022-01-13 12:09:00,-277.5,952.5,675.0
2022-01-13 12:10:00,-270.0,888.75,618.75
2022-01-13 12:11:00,-281.25,941.25,660.0
2022-01-13 12:12:00,-352.5,1050.0,697.5
2022-01-13 12:13:00,-202.5,832.5,630.0
2022-01-13 12:14:00,-292.5,960.0,667.5
2022-01-13 12:15:00,-420.0,1158.75,738.75
2022-01-13 12:16:00,-551.25,1402.5,851.25
2022-01-13 12:17:00,-532.5,1425.0,892.5
2022-01-13 12:18:00,-363.75,1278.75,915.0
2022-01-13 12:19:00,-277.5,1125.0,847.5
2022-01-13 12:20:00,-296.25,1102.5,806.25
2022-01-13 12:21:00,-228.75,1008.75,780.0
2022-01-13 12:22:00,-142.5,888.75,746.25
2022-01-13 12:23:00,-191.25,922.5,731.25
2022-01-13 12:24:00,-131.25,813.75,682.5
2022-01-13 12:25:00,-11.25,716.25,705.0
2022-01-13 12:26:00,-165.0,982.5,817.5
2022-01-13 12:27:00,-131.25,926.25,795.0
2022-01-13 12:28:00,-93.75,858.75,765.0
2022-01-13 12:29:00,-48.75,806.25,757.5
2022-01-13 12:30:00,180.0,427.5,607.5
2022-01-13 12:31:00,97.5,558.75,656.25
2022-01-13 12:32:00,277.5,191.25,468.75
2022-01-13 12:33:00,356.25,93.75,450.0
2022-01-13 12:34:00,285.0,277.5,562.5
2022-01-13 12:35:00,315.0,213.75,528.75
2022-01-13 12:36:00,277.5,135.0,412.5
2022-01-13 12:37:00,311.25,37.5,348.75
2022-01-13 12:38:00,337.5,15.0,352.5
2022-01-13 12:39:00,397.5,-176.25,221.25
2022-01-13 12:40:00,393.75,-206.25,187.5
2022-01-13 12:41:00,401.25,-172.5,228.75
2022-01-13 12:42:00,408.75,-240.0,168.75
2022-01-13 12:43:00,281.25,217.5,498.75
2022-01-13 12:44:00,266.25,322.5,588.75
2022-01-13 12:45:00,243.75,337.5,581.25
2022-01-13 12:46:00,93.75,772.5,866.25
2022-01-13 12:47:00,168.75,570.0,738.75
2022-01-13 12:48:00,427.5,-45.0,382.5
2022-01-13 12:49:00,525.0,-498.75,26.25
2022-01-13 12:50:00,465.0,-180.0,285.0
2022-01-13 12:51:00,412.5,-45.0,367.5
2022-01-13 12:52:00,495.0,-390.0,105.0
2022-01-13 12:53:00,468.75,-255.0,213.75
2022-01-13 12:54:00,521.25,-468.75,52.5
2022-01-13 12:55:00,536.25,-513.75,22.5
2022-01-13 12:56:00,558.75,-472.5,86.25
2022-01-13 12:57:00,457.5,-26.25,431.25
2022-01-13 12:58:00,453.75,3.75,457.5
2022-01-13 12:59:00,551.25,-315.0,236.25
2022-01-13 13:00:00,513.75,-255.0,258.75
2022-01-13 13:01:00,596.25,-543.75,52.5
2022-01-13 13:02:00,510.0,-273.75,236.25
2022-01-13 13:03:00,465.0,-52.5,412.5
2022-01-13 13:04:00,405.0,221.25,626.25
2022-01-13 13:05:00,453.75,-7.5,446.25
2022-01-13 13:06:00,476.25,-37.5,438.75
2022-01-13 13:07:00,686.25,-641.25,45.0
2022-01-13 13:08:00,720.0,-626.25,93.75
2022-01-13 13:09:00,705.0,-581.25,123.75
2022-01-13 13:10:00,648.75,-378.75,270.0
2022-01-13 13:11:00,663.75,-438.75,225.0
2022-01-13 13:12:00,637.5,-285.0,352.5
2022-01-13 13:13:00,652.5,-360.0,292.5
2022-01-13 13:14:00,611.25,-165.0,446.25
2022-01-13 13:15:00,682.5,-367.5,315.0
2022-01-13 13:16:00,768.75,-577.5,191.25
2022-01-13 13:17:00,843.75,-742.5,101.25
2022-01-13 13:18:00,933.75,-1181.25,-247.5
2022-01-13 13:19:00,885.0,-896.25,-11.25
2022-01-13 13:20:00,903.75,-1027.5,-123.75
2022-01-13 13:21:00,1042.5,-1713.75,-671.25
2022-01-13 13:22:00,1031.25,-1496.25,-465.0
2022-01-13 13:23:00,1083.75,-1721.25,-637.5
2022-01-13 13:24:00,1106.25,-1807.5,-701.25
2022-01-13 13:25:00,1132.5,-1935.0,-802.5
2022-01-13 13:26:00,1095.0,-1533.75,-438.75
2022-01-13 13:27:00,1046.25,-1267.5,-221.25
2022-01-13 13:28:00,1023.75,-1278.75,-255.0
2022-01-13 13:29:00,1072.5,-1563.75,-491.25
2022-01-13 13:30:00,1050.0,-1436.25,-386.25
2022-01-13 13:31:00,975.0,-768.75,206.25
2022-01-13 13:32:00,858.75,-420.0,438.75
2022-01-13 13:33:00,798.75,-258.75,540.0
2022-01-13 13:34:00,832.5,-243.75,588.75
2022-01-13 13:35:00,828.75,-243.75,585.0
2022-01-13 13:36:00,753.75,-48.75,705.0
2022-01-13 13:37:00,697.5,180.0,877.5
2022-01-13 13:38:00,618.75,465.0,1083.75
2022-01-13 13:39:00,693.75,315.0,1008.75
2022-01-13 13:40:00,765.0,303.75,1068.75
2022-01-13 13:41:00,750.0,296.25,1046.25
2022-01-13 13:42:00,768.75,273.75,1042.5
2022-01-13 13:43:00,757.5,450.0,1207.5
2022-01-13 13:44:00,738.75,476.25,1215.0
2022-01-13 13:45:00,630.0,667.5,1297.5
2022-01-13 13:46:00,723.75,558.75,1282.5
2022-01-13 13:47:00,720.0,517.5,1237.5
2022-01-13 13:48:00,637.5,697.5,1335.0
2022-01-13 13:49:00,735.0,476.25,1211.25
2022-01-13 13:50:00,701.25,547.5,1248.75
2022-01-13 13:51:00,678.75,566.25,1245.0
2022-01-13 13:52:00,742.5,461.25,1203.75
2022-01-13 13:53:00,656.25,723.75,1380.0
2022-01-13 13:54:00,645.0,757.5,1402.5
2022-01-13 13:55:00,573.75,986.25,1560.0
2022-01-13 13:56:00,663.75,810.0,1473.75
2022-01-13 13:57:00,536.25,1031.25,1567.5
2022-01-13 13:58:00,600.0,896.25,1496.25
2022-01-13 13:59:00,697.5,765.0,1462.5
2022-01-13 14:00:00,540.0,1050.0,1590.0
2022-01-13 14:01:00,525.0,1098.75,1623.75
2022-01-13 14:02:00,483.75,1222.5,1706.25
2022-01-13 14:03:00,405.0,1305.0,1710.0
2022-01-13 14:04:00,322.5,1440.0,1762.5
2022-01-13 14:05:00,416.25,1346.25,1762.5
2022-01-13 14:06:00,540.0,1230.0,1770.0
2022-01-13 14:07:00,712.5,1061.25,1773.75
2022-01-13 14:08:00,536.25,1327.5,1863.75
2022-01-13 14:09:00,521.25,1372.5,1893.75
2022-01-13 14:10:00,536.25,1342.5,1878.75
2022-01-13 14:11:00,832.5,885.0,1717.5
2022-01-13 14:12:00,881.25,802.5,1683.75
2022-01-13 14:13:00,960.0,648.75,1608.75
2022-01-13 14:14:00,1050.0,577.5,1627.5
2022-01-13 14:15:00,1113.75,487.5,1601.25
2022-01-13 14:16:00,982.5,667.5,1650.0
2022-01-13 14:17:00,975.0,851.25,1826.25
2022-01-13 14:18:00,911.25,956.25,1867.5
2022-01-13 14:19:00,990.0,723.75,1713.75
2022-01-13 14:20:00,967.5,843.75,1811.25
2022-01-13 14:21:00,1031.25,712.5,1743.75
2022-01-13 14:22:00,1136.25,315.0,1451.25
2022-01-13 14:23:00,1012.5,885.0,1897.5
2022-01-13 14:24:00,1005.0,858.75,1863.75
2022-01-13 14:25:00,1106.25,566.25,1672.5
2022-01-13 14:26:00,1125.0,461.25,1586.25
2022-01-13 14:27:00,1102.5,577.5,1680.0
2022-01-13 14:28:00,1065.0,753.75,1818.75
2022-01-13 14:29:00,1080.0,637.5,1717.5
2022-01-13 14:30:00,1106.25,588.75,1695.0
2022-01-13 14:31:00,1098.75,686.25,1785.0
2022-01-13 14:32:00,1057.5,911.25,1968.75
2022-01-13 14:33:00,1098.75,693.75,1792.5
2022-01-13 14:34:00,1155.0,468.75,1623.75
2022-01-13 14:35:00,1125.0,746.25,1871.25
2022-01-13 14:36:00,1162.5,476.25,1638.75
2022-01-13 14:37:00,1256.25,78.75,1335.0
2022-01-13 14:38:00,1256.25,30.0,1286.25
2022-01-13 14:39:00,1260.0,-48.75,1211.25
2022-01-13 14:40:00,1290.0,-48.75,1241.25
2022-01-13 14:41:00,1263.75,116.25,1380.0
2022-01-13 14:42:00,1230.0,408.75,1638.75
2022-01-13 14:43:00,1173.75,753.75,1927.5
2022-01-13 14:44:00,1211.25,765.0,1976.25
2022-01-13 14:45:00,1226.25,761.25,1987.5
2022-01-13 14:46:00,1207.5,903.75,2111.25
2022-01-13 14:47:00,1323.75,401.25,1725.0
2022-01-13 14:48:00,1297.5,645.0,1942.5
2022-01-13 14:49:00,1350.0,555.0,1905.0
2022-01-13 14:50:00,1323.75,783.75,2107.5
2022-01-13 14:51:00,1320.0,806.25,2126.25
2022-01-13 14:52:00,1376.25,603.75,1980.0
2022-01-13 14:53:00,1383.75,821.25,2205.0
2022-01-13 14:54:00,1417.5,701.25,2118.75
2022-01-13 14:55:00,1447.5,378.75,1826.25
2022-01-13 14:56:00,1425.0,780.0,2205.0
2022-01-13 14:57:00,1391.25,813.75,2205.0
2022-01-13 14:58:00,1402.5,1110.0,2512.5
2022-01-13 14:59:00,1413.75,1031.25,2445.0
2022-01-13 15:00:00,1428.75,993.75,2422.5
2022-01-13 15:01:00,1278.75,2032.5,3311.25
2022-01-13 15:02:00,1023.75,2486.25,3510.0
2022-01-13 15:03:00,1121.25,2445.0,3566.25
2022-01-13 15:04:00,1203.75,2332.5,3536.25
2022-01-13 15:05:00,1065.0,2748.75,3813.75
2022-01-13 15:06:00,1237.5,2662.5,3900.0
2022-01-13 15:07:00,1113.75,2887.5,4001.25
2022-01-13 15:08:00,1061.25,2996.25,4057.5
2022-01-13 15:09:00,1110.0,2940.0,4050.0
2022-01-13 15:10:00,1057.5,3033.75,4091.25
2022-01-13 15:11:00,1012.5,3033.75,4046.25
2022-01-13 15:12:00,926.25,3108.75,4035.0
2022-01-13 15:13:00,648.75,3153.75,3802.5
2022-01-13 15:14:00,611.25,3165.0,3776.25
2022-01-13 15:15:00,648.75,3165.0,3813.75
2022-01-13 15:16:00,697.5,3165.0,3862.5
2022-01-13 15:17:00,742.5,3165.0,3907.5
2022-01-13 15:18:00,817.5,3198.75,4016.25
2022-01-13 15:19:00,888.75,3202.5,4091.25
2022-01-13 15:20:00,903.75,3183.75,4087.5
2022-01-13 15:21:00,903.75,3183.75,4087.5
2022-01-13 15:22:00,903.75,3183.75,4087.5
2022-01-13 15:23:00,903.75,3183.75,4087.5
2022-01-13 15:24:00,903.75,3183.75,4087.5
2022-01-13 15:25:00,903.75,3183.75,4087.5
2022-01-13 15:26:00,903.75,3183.75,4087.5
2022-01-13 15:27:00,903.75,3183.75,4087.5
2022-01-13 15:28:00,903.75,3183.75,4087.5
2022-01-13 15:29:00,903.75,3183.75,4087.5
2022-01-13 15:30:00,903.75,3183.75,4087.5
2022-01-20 10:15:00,0.0,0.0,0.0
2022-01-20 10:16:00,0.0,18.75,18.75
2022-01-20 10:17:00,0.0,45.0,45.0
2022-01-20 10:18:00,0.0,157.5,157.5
2022-01-20 10:19:00,0.0,97.5,97.5
2022-01-20 10:20:00,0.0,-22.5,-22.5
2022-01-20 10:21:00,0.0,71.25,71.25
2022-01-20 10:22:00,0.0,-37.5,-37.5
2022-01-20 10:23:00,0.0,-67.5,-67.5
2022-01-20 10:24:00,0.0,-131.25,-131.25
2022-01-20 10:25:00,0.0,-120.0,-120.0
2022-01-20 10:26:00,0.0,-157.5,-157.5
2022-01-20 10:27:00,0.0,-135.0,-135.0
2022-01-20 10:28:00,0.0,-93.75,-93.75
2022-01-20 10:29:00,0.0,-78.75,-78.75
2022-01-20 10:30:00,0.0,-11.25,-11.25
2022-01-20 10:31:00,0.0,108.75,108.75
2022-01-20 10:32:00,0.0,90.0,90.0
2022-01-20 10:33:00,0.0,-86.25,-86.25
2022-01-20 10:34:00,0.0,-165.0,-165.0
2022-01-20 10:35:00,0.0,-348.75,-348.75
2022-01-20 10:36:00,0.0,-225.0,-225.0
2022-01-20 10:37:00,0.0,-236.25,-236.25
2022-01-20 10:38:00,0.0,-180.0,-180.0
2022-01-20 10:39:00,0.0,-330.0,-330.0
2022-01-20 10:40:00,0.0,-356.25,-356.25
2022-01-20 10:41:00,0.0,-307.5,-307.5
2022-01-20 10:42:00,0.0,-423.75,-423.75
2022-01-20 10:43:00,0.0,-232.5,-232.5
2022-01-20 10:44:00,0.0,-401.25,-401.25
2022-01-20 10:45:00,0.0,-468.75,-468.75
2022-01-20 10:46:00,0.0,-491.25,-491.25
2022-01-20 10:47:00,0.0,-618.75,-618.75
2022-01-20 10:48:00,0.0,-633.75,-633.75
2022-01-20 10:49:00,0.0,-472.5,-472.5
2022-01-20 10:50:00,0.0,-521.25,-521.25
2022-01-20 10:51:00,0.0,-420.0,-420.0
2022-01-20 10:52:00,0.0,-292.5,-292.5
2022-01-20 10:53:00,0.0,-153.75,-153.75
2022-01-20 10:54:00,0.0,-303.75,-303.75
2022-01-20 10:55:00,0.0,-442.5,-442.5
2022-01-20 10:56:00,0.0,-446.25,-446.25
2022-01-20 10:57:00,0.0,-337.5,-337.5
2022-01-20 10:58:00,0.0,-397.5,-397.5
2022-01-20 10:59:00,0.0,-446.25,-446.25
2022-01-20 11:00:00,0.0,-468.75,-468.75
2022-01-20 11:01:00,0.0,-483.75,-483.75
2022-01-20 11:02:00,0.0,-487.5,-487.5
2022-01-20 11:03:00,0.0,-472.5,-472.5
2022-01-20 11:04:00,0.0,-540.0,-540.0
2022-01-20 11:05:00,0.0,-423.75,-423.75
2022-01-20 11:06:00,0.0,-558.75,-558.75
2022-01-20 11:07:00,0.0,-678.75,-678.75
2022-01-20 11:08:00,0.0,-588.75,-588.75
2022-01-20 11:09:00,0.0,-656.25,-656.25
2022-01-20 11:10:00,0.0,-903.75,-903.75
2022-01-20 11:11:00,0.0,-870.0,-870.0
2022-01-20 11:12:00,0.0,-997.5,-997.5
2022-01-20 11:13:00,0.0,-885.0,-885.0
2022-01-20 11:14:00,0.0,-746.25,-746.25
2022-01-20 11:15:00,0.0,-742.5,-742.5
2022-01-20 11:16:00,0.0,-907.5,-907.5
2022-01-20 11:17:00,0.0,-540.0,-540.0
2022-01-20 11:18:00,0.0,-585.0,-585.0
2022-01-20 11:19:00,0.0,-742.5,-742.5
2022-01-20 11:20:00,0.0,-922.5,-922.5
2022-01-20 11:21:00,0.0,-1102.5,-1102.5
2022-01-20 11:22:00,0.0,-1098.75,-1098.75
2022-01-20 11:23:00,0.0,-1410.0,-1410.0
2022-01-20 11:24:00,0.0,-1428.75,-1428.75
2022-01-20 11:25:00,0.0,-1372.5,-1372.5
2022-01-20 11:26:00,0.0,-1511.25,-1511.25
2022-01-20 11:27:00,0.0,-1571.25,-1571.25
2022-01-20 11:28:00,0.0,-1751.25,-1751.25
2022-01-20 11:29:00,0.0,-1680.0,-1680.0
2022-01-20 11:30:00,0.0,-1811.25,-1811.25
2022-01-20 11:31:00,0.0,-2006.25,-2006.25
2022-01-20 11:32:00,0.0,-1830.0,-1830.0
2022-01-20 11:33:00,0.0,-1803.75,-1803.75
2022-01-20 11:34:00,0.0,-1687.5,-1687.5
2022-01-20 11:35:00,0.0,-1365.0,-1365.0
2022-01-20 11:36:00,0.0,-1695.0,-1695.0
2022-01-20 11:37:00,0.0,-1751.25,-1751.25
2022-01-20 11:38:00,0.0,-1792.5,-1792.5
2022-01-20 11:39:00,0.0,-1766.25,-1766.25
2022-01-20 11:40:00,0.0,-1620.0,-1620.0
2022-01-20 11:41:00,0.0,-1991.25,-1991.25
2022-01-20 11:42:00,0.0,-1950.0,-1950.0
2022-01-20 11:43:00,0.0,-1927.5,-1927.5
2022-01-20 11:44:00,0.0,-2058.75,-2058.75
2022-01-20 11:45:00,0.0,-1938.75,-1938.75
2022-01-20 11:46:00,0.0,-1867.5,-1867.5
2022-01-20 11:47:00,0.0,-1743.75,-1743.75
2022-01-20 11:48:00,0.0,-1515.0,-1515.0
2022-01-20 11:49:00,0.0,-1515.0,-1515.0
2022-01-20 11:50:00,0.0,-1728.75,-1728.75
2022-01-20 11:51:00,0.0,-1436.25,-1436.25
2022-01-20 11:52:00,0.0,-1608.75,-1608.75
2022-01-20 11:53:00,0.0,-1642.5,-1642.5
2022-01-20 11:54:00,0.0,-1541.25,-1541.25
2022-01-20 11:55:00,0.0,-1616.25,-1616.25
2022-01-20 11:56:00,0.0,-1455.0,-1455.0
2022-01-20 11:57:00,0.0,-1421.25,-1421.25
2022-01-20 11:58:00,0.0,-1713.75,-1713.75
2022-01-20 11:59:00,0.0,-1406.25,-1406.25
2022-01-20 12:00:00,0.0,-1470.0,-1470.0
2022-01-20 12:01:00,0.0,-1368.75,-1368.75
2022-01-20 12:02:00,0.0,-1338.75,-1338.75
2022-01-20 12:03:00,0.0,-1050.0,-1050.0
2022-01-20 12:04:00,0.0,-1005.0,-1005.0
2022-01-20 12:05:00,0.0,-1050.0,-1050.0
2022-01-20 12:06:00,0.0,-761.25,-761.25
2022-01-20 12:07:00,0.0,-832.5,-832.5
2022-01-20 12:08:00,0.0,-862.5,-862.5
2022-01-20 12:09:00,0.0,-821.25,-821.25
2022-01-20 12:10:00,0.0,-1095.0,-1095.0
2022-01-20 12:11:00,0.0,-1327.5,-1327.5
2022-01-20 12:12:00,0.0,-1646.25,-1646.25
2022-01-20 12:13:00,0.0,-1818.75,-1818.75
2022-01-20 12:14:00,0.0,-1608.75,-1608.75
2022-01-20 12:15:00,0.0,-1481.25,-1481.25
2022-01-20 12:16:00,0.0,-1346.25,-1346.25
2022-01-20 12:17:00,0.0,-1248.75,-1248.75
2022-01-20 12:18:00,0.0,-1065.0,-1065.0
2022-01-20 12:19:00,0.0,-828.75,-828.75
2022-01-20 12:20:00,0.0,-907.5,-907.5
2022-01-20 12:21:00,0.0,-660.0,-660.0
2022-01-20 12:22:00,0.0,-641.25,-641.25
2022-01-20 12:23:00,0.0,-727.5,-727.5
2022-01-20 12:24:00,0.0,-551.25,-551.25
2022-01-20 12:25:00,0.0,-528.75,-528.75
2022-01-20 12:26:00,0.0,-495.0,-495.0
2022-01-20 12:27:00,0.0,-577.5,-577.5
2022-01-20 12:28:00,0.0,-517.5,-517.5
2022-01-20 12:29:00,0.0,-165.0,-165.0
2022-01-20 12:30:00,0.0,-243.75,-243.75
2022-01-20 12:31:00,0.0,-228.75,-228.75
2022-01-20 12:32:00,0.0,-348.75,-348.75
2022-01-20 12:33:00,0.0,-213.75,-213.75
2022-01-20 12:34:00,0.0,-123.75,-123.75
2022-01-20 12:35:00,0.0,-142.5,-142.5
2022-01-20 12:36:00,0.0,-97.5,-97.5
2022-01-20 12:37:00,0.0,-90.0,-90.0
2022-01-20 12:38:00,0.0,52.5,52.5
2022-01-20 12:39:00,0.0,217.5,217.5
2022-01-20 12:40:00,0.0,146.25,146.25
2022-01-20 12:41:00,0.0,195.0,195.0
2022-01-20 12:42:00,0.0,52.5,52.5
2022-01-20 12:43:00,0.0,26.25,26.25
2022-01-20 12:44:00,0.0,-161.25,-161.25
2022-01-20 12:45:00,0.0,-172.5,-172.5
2022-01-20 12:46:00,0.0,-375.0,-375.0
2022-01-20 12:47:00,0.0,-277.5,-277.5
2022-01-20 12:48:00,0.0,-311.25,-311.25
2022-01-20 12:49:00,0.0,-405.0,-405.0
2022-01-20 12:50:00,0.0,-502.5,-502.5
2022-01-20 12:51:00,0.0,-341.25,-341.25
2022-01-20 12:52:00,0.0,-120.0,-120.0
2022-01-20 12:53:00,0.0,-93.75,-93.75
2022-01-20 12:54:00,0.0,-142.5,-142.5
2022-01-20 12:55:00,0.0,-195.0,-195.0
2022-01-20 12:56:00,0.0,-161.25,-161.25
2022-01-20 12:57:00,0.0,-52.5,-52.5
2022-01-20 12:58:00,0.0,-112.5,-112.5
2022-01-20 12:59:00,0.0,-240.0,-240.0
2022-01-20 13:00:00,0.0,-596.25,-596.25
2022-01-20 13:01:00,0.0,-1316.25,-1316.25
2022-01-20 13:02:00,0.0,-993.75,-993.75
2022-01-20 13:03:00,0.0,-828.75,-828.75
2022-01-20 13:04:00,0.0,-1001.25,-1001.25
2022-01-20 13:05:00,0.0,-978.75,-978.75
2022-01-20 13:06:00,0.0,-933.75,-933.75
2022-01-20 13:07:00,0.0,-1072.5,-1072.5
2022-01-20 13:08:00,0.0,-1308.75,-1308.75
2022-01-20 13:09:00,0.0,-1147.5,-1147.5
2022-01-20 13:10:00,0.0,-1230.0,-1230.0
2022-01-20 13:11:00,0.0,-1260.0,-1260.0
2022-01-20 13:12:00,0.0,-1162.5,-1162.5
2022-01-20 13:13:00,0.0,-1365.0,-1365.0
2022-01-20 13:14:00,0.0,-1470.0,-1470.0
2022-01-20 13:15:00,0.0,-1725.0,-1725.0
2022-01-20 13:16:00,0.0,-1807.5,-1807.5
2022-01-20 13:17:00,0.0,-1875.0,-1875.0
2022-01-20 13:18:00,0.0,-2370.0,-2370.0
2022-01-20 13:19:00,0.0,-1863.75,-1863.75
2022-01-20 13:20:00,0.0,-1578.75,-1578.75
2022-01-20 13:21:00,0.0,-2028.75,-2028.75
2022-01-20 13:22:00,0.0,-2415.0,-2415.0
2022-01-20 13:23:00,0.0,-2246.25,-2246.25
2022-01-20 13:24:00,0.0,-2610.0,-2610.0
2022-01-20 13:25:00,0.0,-2838.75,-2838.75
2022-01-20 13:26:00,0.0,-2868.75,-2868.75
2022-01-20 13:27:00,0.0,-3142.5,-3142.5
2022-01-20 13:28:00,0.0,-3225.0,-3225.0
2022-01-20 13:29:00,0.0,-3798.75,-3798.75
2022-01-20 13:30:00,0.0,-3446.25,-3446.25
2022-01-20 13:31:00,0.0,-3326.25,-3326.25
2022-01-20 13:32:00,0.0,-3705.0,-3705.0
2022-01-20 13:33:00,0.0,-3630.0,-3630.0
2022-01-20 13:34:00,0.0,-3990.0,-3990.0
2022-01-20 13:35:00,0.0,-3716.25,-3716.25
2022-01-20 13:36:00,0.0,-3933.75,-3933.75
2022-01-20 13:37:00,0.0,-5006.25,-5006.25
2022-01-20 13:38:00,0.0,-4095.0,-4095.0
2022-01-20 13:39:00,0.0,-3457.5,-3457.5
2022-01-20 13:40:00,0.0,-3821.25,-3821.25
2022-01-20 13:41:00,0.0,-3795.0,-3795.0
2022-01-20 13:42:00,0.0,-3930.0,-3930.0
2022-01-20 13:43:00,0.0,-3870.0,-3870.0
2022-01-20 13:44:00,0.0,-3881.25,-3881.25
2022-01-20 13:45:00,0.0,-4207.5,-4207.5
2022-01-20 13:46:00,0.0,-4301.25,-4301.25
2022-01-20 13:47:00,0.0,-4451.25,-4451.25
2022-01-20 13:48:00,0.0,-4173.75,-4173.75
2022-01-20 13:49:00,0.0,-3933.75,-3933.75
2022-01-20 13:50:00,0.0,-3723.75,-3723.75
2022-01-20 13:51:00,0.0,-4035.0,-4035.0
2022-01-20 13:52:00,0.0,-4218.75,-4218.75
2022-01-20 13:53:00,0.0,-4068.75,-4068.75
2022-01-20 13:54:00,0.0,-4008.75,-4008.75
2022-01-20 13:55:00,0.0,-4087.5,-4087.5
2022-01-20 13:56:00,0.0,-4027.5,-4027.5
2022-01-20 13:57:00,0.0,-4012.5,-4012.5
2022-01-20 13:58:00,0.0,-3967.5,-3967.5
2022-01-20 13:59:00,0.0,-4121.25,-4121.25
2022-01-20 14:00:00,0.0,-4556.25,-4556.25
2022-01-20 14:01:00,0.0,-4897.5,-4897.5
2022-01-20 14:02:00,0.0,-4833.75,-4833.75
2022-01-20 14:03:00,0.0,-4698.75,-4698.75
2022-01-20 14:04:00,0.0,-4098.75,-4098.75
2022-01-20 14:05:00,0.0,-4147.5,-4147.5
2022-01-20 14:06:00,0.0,-4121.25,-4121.25
2022-01-20 14:07:00,0.0,-4050.0,-4050.0
2022-01-20 14:08:00,0.0,-3870.0,-3870.0
2022-01-20 14:09:00,0.0,-3296.25,-3296.25
2022-01-20 14:10:00,0.0,-3446.25,-3446.25
2022-01-20 14:11:00,0.0,-3446.25,-3446.25
2022-01-20 14:12:00,0.0,-3240.0,-3240.0
2022-01-20 14:13:00,0.0,-3213.75,-3213.75
2022-01-20 14:14:00,0.0,-3412.5,-3412.5
2022-01-20 14:15:00,0.0,-3648.75,-3648.75
2022-01-20 14:16:00,0.0,-3990.0,-3990.0
2022-01-20 14:17:00,0.0,-4005.0,-4005.0
2022-01-20 14:18:00,0.0,-4031.25,-4031.25
2022-01-20 14:19:00,0.0,-4065.0,-4065.0
2022-01-20 14:20:00,0.0,-4177.5,-4177.5
2022-01-20 14:21:00,0.0,-3982.5,-3982.5
2022-01-20 14:22:00,0.0,-3476.25,-3476.25
2022-01-20 14:23:00,0.0,-3705.0,-3705.0
2022-01-20 14:24:00,0.0,-3783.75,-3783.75
2022-01-20 14:25:00,0.0,-3588.75,-3588.75
2022-01-20 14:26:00,0.0,-3547.5,-3547.5
2022-01-20 14:27:00,0.0,-3510.0,-3510.0
2022-01-20 14:28:00,0.0,-3862.5,-3862.5
2022-01-20 14:29:00,0.0,-3626.25,-3626.25
2022-01-20 14:30:00,0.0,-3716.25,-3716.25
2022-01-20 14:31:00,0.0,-3858.75,-3858.75
2022-01-20 14:32:00,0.0,-3738.75,-3738.75
2022-01-20 14:33:00,0.0,-3750.0,-3750.0
2022-01-20 14:34:00,0.0,-4170.0,-4170.0
2022-01-20 14:35:00,0.0,-4515.0,-4515.0
2022-01-20 14:36:00,0.0,-4515.0,-4515.0
2022-01-20 14:37:00,0.0,-4515.0,-4515.0
2022-01-20 14:38:00,0.0,-4515.0,-4515.0
2022-01-20 14:39:00,0.0,-4515.0,-4515.0
2022-01-20 14:40:00,0.0,-4515.0,-4515.0
2022-01-20 14:41:00,0.0,-4515.0,-4515.0
2022-01-20 14:42:00,0.0,-4515.0,-4515.0
2022-01-20 14:43:00,0.0,-4515.0,-4515.0
2022-01-20 14:44:00,0.0,-4515.0,-4515.0
2022-01-20 14:45:00,0.0,-4515.0,-4515.0
2022-01-20 14:46:00,0.0,-4515.0,-4515.0
2022-01-20 14:47:00,0.0,-4515.0,-4515.0
2022-01-20 14:48:00,0.0,-4515.0,-4515.0
2022-01-20 14:49:00,0.0,-4515.0,-4515.0
2022-01-20 14:50:00,0.0,-4515.0,-4515.0
2022-01-20 14:51:00,0.0,-4515.0,-4515.0
2022-01-20 14:52:00,0.0,-4515.0,-4515.0
2022-01-20 14:53:00,0.0,-4515.0,-4515.0
2022-01-20 14:54:00,0.0,-4515.0,-4515.0
2022-01-20 14:55:00,0.0,-4515.0,-4515.0
2022-01-20 14:56:00,0.0,-4515.0,-4515.0
2022-01-20 14:57:00,0.0,-4515.0,-4515.0
2022-01-20 14:58:00,0.0,-4515.0,-4515.0
2022-01-20 14:59:00,0.0,-4515.0,-4515.0
2022-01-20 15:00:00,0.0,-4515.0,-4515.0
2022-01-20 15:01:00,0.0,-4515.0,-4515.0
2022-01-20 15:02:00,0.0,-4515.0,-4515.0
2022-01-20 15:03:00,0.0,-4515.0,-4515.0
2022-01-20 15:04:00,0.0,-4515.0,-4515.0
2022-01-20 15:05:00,0.0,-4515.0,-4515.0
2022-01-20 15:06:00,0.0,-4515.0,-4515.0
2022-01-20 15:07:00,0.0,-4515.0,-4515.0
2022-01-20 15:08:00,0.0,-4515.0,-4515.0
2022-01-20 15:09:00,0.0,-4515.0,-4515.0
2022-01-20 15:10:00,0.0,-4515.0,-4515.0
2022-01-20 15:11:00,0.0,-4515.0,-4515.0
2022-01-20 15:12:00,0.0,-4515.0,-4515.0
2022-01-20 15:13:00,0.0,-4515.0,-4515.0
2022-01-20 15:14:00,0.0,-4515.0,-4515.0
2022-01-20 15:15:00,0.0,-4515.0,-4515.0
2022-01-20 15:16:00,0.0,-4515.0,-4515.0
2022-01-20 15:17:00,0.0,-4515.0,-4515.0
2022-01-20 15:18:00,0.0,-4515.0,-4515.0
2022-01-20 15:19:00,0.0,-4515.0,-4515.0
2022-01-20 15:20:00,0.0,-4515.0,-4515.0
2022-01-20 15:21:00,0.0,-4515.0,-4515.0
2022-01-20 15:22:00,0.0,-4515.0,-4515.0
2022-01-20 15:23:00,0.0,-4515.0,-4515.0
2022-01-20 15:24:00,0.0,-4515.0,-4515.0
2022-01-20 15:25:00,0.0,-4515.0,-4515.0
2022-01-20 15:26:00,0.0,-4515.0,-4515.0
2022-01-20 15:27:00,0.0,-4515.0,-4515.0
2022-01-20 15:28:00,0.0,-4515.0,-4515.0
2022-01-20 15:29:00,0.0,-4515.0,-4515.0
2022-01-20 15:30:00,0.0,-4515.0,-4515.0
2022-01-27 10:15:00,0.0,0.0,0.0
2022-01-27 10:16:00,-22.5,168.75,146.25
2022-01-27 10:17:00,60.0,-33.75,26.25
2022-01-27 10:18:00,135.0,-138.75,-3.75
2022-01-27 10:19:00,123.75,-60.0,63.75
2022-01-27 10:20:00,258.75,-345.0,-86.25
2022-01-27 10:21:00,693.75,-1421.25,-727.5
2022-01-27 10:22:00,611.25,-1327.5,-716.25
2022-01-27 10:23:00,667.5,-1391.25,-723.75
2022-01-27 10:24:00,660.0,-1473.75,-813.75
2022-01-27 10:25:00,701.25,-1342.5,-641.25
2022-01-27 10:26:00,667.5,-1076.25,-408.75
2022-01-27 10:27:00,491.25,-495.0,-3.75
2022-01-27 10:28:00,592.5,-716.25,-123.75
2022-01-27 10:29:00,663.75,-896.25,-232.5
2022-01-27 10:30:00,678.75,-937.5,-258.75
2022-01-27 10:31:00,543.75,-352.5,191.25
2022-01-27 10:32:00,540.0,-438.75,101.25
2022-01-27 10:33:00,585.0,-543.75,41.25
2022-01-27 10:34:00,540.0,-356.25,183.75
2022-01-27 10:35:00,468.75,-112.5,356.25
2022-01-27 10:36:00,446.25,-26.25,420.0
2022-01-27 10:37:00,506.25,-150.0,356.25
2022-01-27 10:38:00,330.0,318.75,648.75
2022-01-27 10:39:00,427.5,-3.75,423.75
2022-01-27 10:40:00,510.0,-168.75,341.25
2022-01-27 10:41:00,570.0,-296.25,273.75
2022-01-27 10:42:00,495.0,-161.25,333.75
2022-01-27 10:43:00,536.25,-255.0,281.25
2022-01-27 10:44:00,596.25,-450.0,146.25
2022-01-27 10:45:00,472.5,-33.75,438.75
2022-01-27 10:46:00,611.25,-341.25,270.0
2022-01-27 10:47:00,603.75,-371.25,232.5
2022-01-27 10:48:00,697.5,-510.0,187.5
2022-01-27 10:49:00,712.5,-645.0,67.5
2022-01-27 10:50:00,723.75,-630.0,93.75
2022-01-27 10:51:00,783.75,-960.0,-176.25
2022-01-27 10:52:00,776.25,-656.25,120.0
2022-01-27 10:53:00,720.0,-588.75,131.25
2022-01-27 10:54:00,731.25,-607.5,123.75
2022-01-27 10:55:00,783.75,-915.0,-131.25
2022-01-27 10:56:00,877.5,-1368.75,-491.25
2022-01-27 10:57:00,825.0,-1095.0,-270.0
2022-01-27 10:58:00,843.75,-1177.5,-333.75
2022-01-27 10:59:00,866.25,-1417.5,-551.25
2022-01-27 11:00:00,840.0,-1398.75,-558.75
2022-01-27 11:01:00,937.5,-1747.5,-810.0
2022-01-27 11:02:00,877.5,-1368.75,-491.25
2022-01-27 11:03:00,780.0,-776.25,3.75
2022-01-27 11:04:00,768.75,-693.75,75.0
2022-01-27 11:05:00,795.0,-791.25,3.75
2022-01-27 11:06:00,851.25,-1042.5,-191.25
2022-01-27 11:07:00,862.5,-1061.25,-198.75
2022-01-27 11:08:00,903.75,-1125.0,-221.25
2022-01-27 11:09:00,866.25,-870.0,-3.75
2022-01-27 11:10:00,870.0,-967.5,-97.5
2022-01-27 11:11:00,926.25,-1230.0,-303.75
2022-01-27 11:12:00,892.5,-1023.75,-131.25
2022-01-27 11:13:00,926.25,-1222.5,-296.25
2022-01-27 11:14:00,825.0,-540.0,285.0
2022-01-27 11:15:00,836.25,-573.75,262.5
2022-01-27 11:16:00,918.75,-952.5,-33.75
2022-01-27 11:17:00,892.5,-765.0,127.5
2022-01-27 11:18:00,847.5,-450.0,397.5
2022-01-27 11:19:00,911.25,-888.75,22.5
2022-01-27 11:20:00,900.0,-888.75,11.25
2022-01-27 11:21:00,896.25,-780.0,116.25
2022-01-27 11:22:00,952.5,-1166.25,-213.75
2022-01-27 11:23:00,960.0,-1140.0,-180.0
2022-01-27 11:24:00,967.5,-1038.75,-71.25
2022-01-27 11:25:00,971.25,-963.75,7.5
2022-01-27 11:26:00,975.0,-945.0,30.0
2022-01-27 11:27:00,990.0,-937.5,52.5
2022-01-27 11:28:00,1027.5,-1162.5,-135.0
2022-01-27 11:29:00,1106.25,-1353.75,-247.5
2022-01-27 11:30:00,1106.25,-1357.5,-251.25
2022-01-27 11:31:00,1087.5,-1458.75,-371.25
2022-01-27 11:32:00,1038.75,-1170.0,-131.25
2022-01-27 11:33:00,963.75,-1008.75,-45.0
2022-01-27 11:34:00,1263.75,-1410.0,-146.25
2022-01-27 11:35:00,1473.75,-1717.5,-243.75
2022-01-27 11:36:00,1447.5,-1593.75,-146.25
2022-01-27 11:37:00,1927.5,-2673.75,-746.25
2022-01-27 11:38:00,1867.5,-2355.0,-487.5
2022-01-27 11:39:00,1845.0,-2291.25,-446.25
2022-01-27 11:40:00,1758.75,-2107.5,-348.75
2022-01-27 11:41:00,1642.5,-1590.0,52.5
2022-01-27 11:42:00,1417.5,-1226.25,191.25
2022-01-27 11:43:00,1338.75,-1121.25,217.5
2022-01-27 11:44:00,1432.5,-1368.75,63.75
2022-01-27 11:45:00,1428.75,-1372.5,56.25
2022-01-27 11:46:00,1563.75,-1575.0,-11.25
2022-01-27 11:47:00,1215.0,-1083.75,131.25
2022-01-27 11:48:00,1578.75,-1560.0,18.75
2022-01-27 11:49:00,1593.75,-1571.25,22.5
2022-01-27 11:50:00,1728.75,-1905.0,-176.25
2022-01-27 11:51:00,1676.25,-1845.0,-168.75
2022-01-27 11:52:00,1755.0,-2043.75,-288.75
2022-01-27 11:53:00,1796.25,-2032.5,-236.25
2022-01-27 11:54:00,1571.25,-1818.75,-247.5
2022-01-27 11:55:00,1608.75,-1755.0,-146.25
2022-01-27 11:56:00,1665.0,-1938.75,-273.75
2022-01-27 11:57:00,1826.25,-2145.0,-318.75
2022-01-27 11:58:00,1830.0,-2122.5,-292.5
2022-01-27 11:59:00,1680.0,-1773.75,-93.75
2022-01-27 12:00:00,1605.0,-1567.5,37.5
2022-01-27 12:01:00,2047.5,-2448.75,-401.25
2022-01-27 12:02:00,2152.5,-2546.25,-393.75
2022-01-27 12:03:00,2216.25,-2531.25,-315.0
2022-01-27 12:04:00,2261.25,-2685.0,-423.75
2022-01-27 12:05:00,2261.25,-2707.5,-446.25
2022-01-27 12:06:00,2265.0,-2535.0,-270.0
2022-01-27 12:07:00,2340.0,-2745.0,-405.0
2022-01-27 12:08:00,2212.5,-2482.5,-270.0
2022-01-27 12:09:00,2216.25,-2733.75,-517.5
2022-01-27 12:10:00,2272.5,-2812.5,-540.0
2022-01-27 12:11:00,2471.25,-3138.75,-667.5
2022-01-27 12:12:00,2448.75,-3352.5,-903.75
2022-01-27 12:13:00,2568.75,-3765.0,-1196.25
2022-01-27 12:14:00,2561.25,-3611.25,-1050.0
2022-01-27 12:15:00,2636.25,-4091.25,-1455.0
2022-01-27 12:16:00,2760.0,-4278.75,-1518.75
2022-01-27 12:17:00,2692.5,-4065.0,-1372.5
2022-01-27 12:18:00,2891.25,-4248.75,-1357.5
2022-01-27 12:19:00,3101.25,-4477.5,-1376.25
2022-01-27 12:20:00,3135.0,-4451.25,-1316.25
2022-01-27 12:21:00,3195.0,-4440.0,-1245.0
2022-01-27 12:22:00,3082.5,-4248.75,-1166.25
2022-01-27 12:23:00,2823.75,-3877.5,-1053.75
2022-01-27 12:24:00,2617.5,-3498.75,-881.25
2022-01-27 12:25:00,2808.75,-3723.75,-915.0
2022-01-27 12:26:00,2970.0,-4012.5,-1042.5
2022-01-27 12:27:00,2838.75,-3772.5,-933.75
2022-01-27 12:28:00,2602.5,-3360.0,-757.5
2022-01-27 12:29:00,2242.5,-2745.0,-502.5
2022-01-27 12:30:00,2223.75,-2726.25,-502.5
2022-01-27 12:31:00,1623.75,-2126.25,-502.5
2022-01-27 12:32:00,243.75,-742.5,-498.75
2022-01-27 12:33:00,517.5,-993.75,-476.25
2022-01-27 12:34:00,-120.0,-446.25,-566.25
2022-01-27 12:35:00,63.75,-592.5,-528.75
2022-01-27 12:36:00,-18.75,-626.25,-645.0
2022-01-27 12:37:00,663.75,-963.75,-300.0
2022-01-27 12:38:00,476.25,-948.75,-472.5
2022-01-27 12:39:00,1125.0,-1447.5,-322.5
2022-01-27 12:40:00,1110.0,-1518.75,-408.75
2022-01-27 12:41:00,2115.0,-2490.0,-375.0
2022-01-27 12:42:00,1627.5,-1968.75,-341.25
2022-01-27 12:43:00,911.25,-1110.0,-198.75
2022-01-27 12:44:00,1166.25,-1503.75,-337.5
2022-01-27 12:45:00,1106.25,-1286.25,-180.0
2022-01-27 12:46:00,1170.0,-1380.0,-210.0
2022-01-27 12:47:00,1327.5,-1567.5,-240.0
2022-01-27 12:48:00,558.75,-978.75,-420.0
2022-01-27 12:49:00,660.0,-1008.75,-348.75
2022-01-27 12:50:00,870.0,-1136.25,-266.25
2022-01-27 12:51:00,911.25,-1185.0,-273.75
2022-01-27 12:52:00,1305.0,-1458.75,-153.75
2022-01-27 12:53:00,1211.25,-1466.25,-255.0
2022-01-27 12:54:00,1436.25,-1683.75,-247.5
2022-01-27 12:55:00,1083.75,-1436.25,-352.5
2022-01-27 12:56:00,1031.25,-1432.5,-401.25
2022-01-27 12:57:00,903.75,-1256.25,-352.5
2022-01-27 12:58:00,697.5,-1132.5,-435.0
2022-01-27 12:59:00,731.25,-1128.75,-397.5
2022-01-27 13:00:00,1147.5,-1365.0,-217.5
2022-01-27 13:01:00,168.75,-660.0,-491.25
2022-01-27 13:02:00,161.25,-663.75,-502.5
2022-01-27 13:03:00,-1170.0,48.75,-1121.25
2022-01-27 13:04:00,-1492.5,225.0,-1267.5
2022-01-27 13:05:00,-1492.5,307.5,-1185.0
2022-01-27 13:06:00,-1470.0,195.0,-1275.0
2022-01-27 13:07:00,-1646.25,412.5,-1233.75
2022-01-27 13:08:00,-1845.0,712.5,-1132.5
2022-01-27 13:09:00,-1721.25,570.0,-1151.25
2022-01-27 13:10:00,-1702.5,596.25,-1106.25
2022-01-27 13:11:00,-1758.75,690.0,-1068.75
2022-01-27 13:12:00,-2096.25,1057.5,-1038.75
2022-01-27 13:13:00,-2336.25,1256.25,-1080.0
2022-01-27 13:14:00,-2418.75,1316.25,-1102.5
2022-01-27 13:15:00,-3371.25,1451.25,-1920.0
2022-01-27 13:16:00,-3255.0,1492.5,-1762.5
2022-01-27 13:17:00,-2827.5,1271.25,-1556.25
2022-01-27 13:18:00,-2655.0,1125.0,-1530.0
2022-01-27 13:19:00,-2287.5,1072.5,-1215.0
2022-01-27 13:20:00,-3120.0,1342.5,-1777.5
2022-01-27 13:21:00,-2985.0,1267.5,-1717.5
2022-01-27 13:22:00,-2895.0,1226.25,-1668.75
2022-01-27 13:23:00,-2677.5,1083.75,-1593.75
2022-01-27 13:24:00,-3093.75,1301.25,-1792.5
2022-01-27 13:25:00,-3757.5,1533.75,-2223.75
2022-01-27 13:26:00,-3570.0,1515.0,-2055.0
2022-01-27 13:27:00,-2985.0,1308.75,-1676.25
2022-01-27 13:28:00,-3022.5,1312.5,-1710.0
2022-01-27 13:29:00,-2313.75,1057.5,-1256.25
2022-01-27 13:30:00,-2602.5,1233.75,-1368.75
2022-01-27 13:31:00,-2730.0,1267.5,-1462.5
2022-01-27 13:32:00,-3093.75,1477.5,-1616.25
2022-01-27 13:33:00,-3056.25,1447.5,-1608.75
2022-01-27 13:34:00,-3247.5,1518.75,-1728.75
2022-01-27 13:35:00,-3675.0,1732.5,-1942.5
2022-01-27 13:36:00,-3330.0,1593.75,-1736.25
2022-01-27 13:37:00,-3138.75,1601.25,-1537.5
2022-01-27 13:38:00,-4166.25,2118.75,-2047.5
2022-01-27 13:39:00,-4503.75,2137.5,-2366.25
2022-01-27 13:40:00,-4635.0,2148.75,-2486.25
2022-01-27 13:41:00,-3720.0,2036.25,-1683.75
2022-01-27 13:42:00,-3675.0,2010.0,-1665.0
2022-01-27 13:43:00,-3832.5,2073.75,-1758.75
2022-01-27 13:44:00,-4942.5,2332.5,-2610.0
2022-01-27 13:45:00,-4980.0,2332.5,-2647.5
2022-01-27 13:46:00,-4935.0,2283.75,-2651.25
2022-01-27 13:47:00,-4946.25,2265.0,-2681.25
2022-01-27 13:48:00,-5043.75,2407.5,-2636.25
2022-01-27 13:49:00,-5017.5,2437.5,-2580.0
2022-01-27 13:50:00,-5036.25,2452.5,-2583.75
2022-01-27 13:51:00,-5223.75,2531.25,-2692.5
2022-01-27 13:52:00,-5400.0,2568.75,-2831.25
2022-01-27 13:53:00,-5565.0,2542.5,-3022.5
2022-01-27 13:54:00,-4976.25,2351.25,-2625.0
2022-01-27 13:55:00,-5028.75,2310.0,-2718.75
2022-01-27 13:56:00,-4886.25,2246.25,-2640.0
2022-01-27 13:57:00,-4751.25,2058.75,-2692.5
2022-01-27 13:58:00,-4916.25,2351.25,-2565.0
2022-01-27 13:59:00,-5175.0,2501.25,-2673.75
2022-01-27 14:00:00,-5205.0,2516.25,-2688.75
2022-01-27 14:01:00,-5325.0,2531.25,-2793.75
2022-01-27 14:02:00,-5235.0,2471.25,-2763.75
2022-01-27 14:03:00,-5475.0,2505.0,-2970.0
2022-01-27 14:04:00,-5036.25,2366.25,-2670.0
2022-01-27 14:05:00,-5212.5,2418.75,-2793.75
2022-01-27 14:06:00,-5253.75,2467.5,-2786.25
2022-01-27 14:07:00,-5280.0,2460.0,-2820.0
2022-01-27 14:08:00,-5242.5,2452.5,-2790.0
2022-01-27 14:09:00,-5010.0,2358.75,-2651.25
2022-01-27 14:10:00,-5055.0,2403.75,-2651.25
2022-01-27 14:11:00,-5193.75,2493.75,-2700.0
2022-01-27 14:12:00,-5092.5,2448.75,-2643.75
2022-01-27 14:13:00,-5073.75,2463.75,-2610.0
2022-01-27 14:14:00,-5103.75,2486.25,-2617.5
2022-01-27 14:15:00,-4916.25,2392.5,-2523.75
2022-01-27 14:16:00,-5137.5,2542.5,-2595.0
2022-01-27 14:17:00,-5197.5,2617.5,-2580.0
2022-01-27 14:18:00,-5223.75,2655.0,-2568.75
2022-01-27 14:19:00,-5317.5,2692.5,-2625.0
2022-01-27 14:20:00,-5362.5,2722.5,-2640.0
2022-01-27 14:21:00,-5340.0,2715.0,-2625.0
2022-01-27 14:22:00,-5223.75,2700.0,-2523.75
2022-01-27 14:23:00,-5130.0,2692.5,-2437.5
2022-01-27 14:24:00,-5306.25,2741.25,-2565.0
2022-01-27 14:25:00,-5580.0,2782.5,-2797.5
2022-01-27 14:26:00,-5876.25,2906.25,-2970.0
2022-01-27 14:27:00,-5812.5,2943.75,-2868.75
2022-01-27 14:28:00,-5895.0,3033.75,-2861.25
2022-01-27 14:29:00,-5943.75,3045.0,-2898.75
2022-01-27 14:30:00,-6168.75,3123.75,-3045.0
2022-01-27 14:31:00,-5823.75,3033.75,-2790.0
2022-01-27 14:32:00,-6165.0,3157.5,-3007.5
2022-01-27 14:33:00,-6232.5,3168.75,-3063.75
2022-01-27 14:34:00,-6105.0,3168.75,-2936.25
2022-01-27 14:35:00,-6408.75,3262.5,-3146.25
2022-01-27 14:36:00,-6296.25,3262.5,-3033.75
2022-01-27 14:37:00,-6960.0,3356.25,-3603.75
2022-01-27 14:38:00,-7072.5,3348.75,-3723.75
2022-01-27 14:39:00,-6907.5,3330.0,-3577.5
2022-01-27 14:40:00,-6487.5,3288.75,-3198.75
2022-01-27 14:41:00,-6476.25,3277.5,-3198.75
2022-01-27 14:42:00,-6543.75,3277.5,-3266.25
2022-01-27 14:43:00,-6506.25,3270.0,-3236.25
2022-01-27 14:44:00,-6465.0,3285.0,-3180.0
2022-01-27 14:45:00,-6813.75,3356.25,-3457.5
2022-01-27 14:46:00,-6918.75,3435.0,-3483.75
2022-01-27 14:47:00,-6547.5,3015.0,-3532.5
2022-01-27 14:48:00,-6105.0,2482.5,-3622.5
2022-01-27 14:49:00,-5452.5,1102.5,-4350.0
2022-01-27 14:50:00,-5216.25,622.5,-4593.75
2022-01-27 14:51:00,-5265.0,825.0,-4440.0
2022-01-27 14:52:00,-5355.0,1072.5,-4282.5
2022-01-27 14:53:00,-5178.75,618.75,-4560.0
2022-01-27 14:54:00,-4751.25,-937.5,-5688.75
2022-01-27 14:55:00,-4638.75,-1451.25,-6090.0
2022-01-27 14:56:00,-4702.5,-1353.75,-6056.25
2022-01-27 14:57:00,-4623.75,-1500.0,-6123.75
2022-01-27 14:58:00,-4661.25,-1357.5,-6018.75
2022-01-27 14:59:00,-4642.5,-1380.0,-6022.5
2022-01-27 15:00:00,-4578.75,-1421.25,-6000.0
2022-01-27 15:01:00,-4470.0,-1256.25,-5726.25
2022-01-27 15:02:00,-4440.0,-1462.5,-5902.5
2022-01-27 15:03:00,-4402.5,-1796.25,-6198.75
2022-01-27 15:04:00,-4391.25,-1653.75,-6045.0
2022-01-27 15:05:00,-4406.25,-1350.0,-5756.25
2022-01-27 15:06:00,-4443.75,-1177.5,-5621.25
2022-01-27 15:07:00,-4417.5,-1140.0,-5557.5
2022-01-27 15:08:00,-4440.0,-1110.0,-5550.0
2022-01-27 15:09:00,-4440.0,-1095.0,-5535.0
2022-01-27 15:10:00,-4458.75,-1076.25,-5535.0
2022-01-27 15:11:00,-4466.25,-1072.5,-5538.75
2022-01-27 15:12:00,-4477.5,-1080.0,-5557.5
2022-01-27 15:13:00,-4410.0,-1072.5,-5482.5
2022-01-27 15:14:00,-4425.0,-1057.5,-5482.5
2022-01-27 15:15:00,-4398.75,-1042.5,-5441.25
2022-01-27 15:16:00,-4387.5,-1042.5,-5430.0
2022-01-27 15:17:00,-4383.75,-1042.5,-5426.25
2022-01-27 15:18:00,-4376.25,-1042.5,-5418.75
2022-01-27 15:19:00,-4365.0,-1046.25,-5411.25
2022-01-27 15:20:00,-4365.0,-1057.5,-5422.5
2022-01-27 15:21:00,-4365.0,-1057.5,-5422.5
2022-01-27 15:22:00,-4365.0,-1057.5,-5422.5
2022-01-27 15:23:00,-4365.0,-1057.5,-5422.5
2022-01-27 15:24:00,-4365.0,-1057.5,-5422.5
2022-01-27 15:25:00,-4365.0,-1057.5,-5422.5
2022-01-27 15:26:00,-4365.0,-1057.5,-5422.5
2022-01-27 15:27:00,-4365.0,-1057.5,-5422.5
2022-01-27 15:28:00,-4365.0,-1057.5,-5422.5
2022-01-27 15:29:00,-4365.0,-1057.5,-5422.5
2022-01-27 15:30:00,-4365.0,-1057.5,-5422.5
2022-02-03 10:15:00,0.0,0.0,0.0
2022-02-03 10:16:00,56.25,-45.0,11.25
2022-02-03 10:17:00,-18.75,48.75,30.0
2022-02-03 10:18:00,33.75,41.25,75.0
2022-02-03 10:19:00,157.5,-93.75,63.75
2022-02-03 10:20:00,142.5,-90.0,52.5
2022-02-03 10:21:00,82.5,-7.5,75.0
2022-02-03 10:22:00,71.25,45.0,116.25
2022-02-03 10:23:00,180.0,-97.5,82.5
2022-02-03 10:24:00,63.75,48.75,112.5
2022-02-03 10:25:00,120.0,-33.75,86.25
2022-02-03 10:26:00,180.0,-127.5,52.5
2022-02-03 10:27:00,225.0,-172.5,52.5
2022-02-03 10:28:00,240.0,-172.5,67.5
2022-02-03 10:29:00,371.25,-322.5,48.75
2022-02-03 10:30:00,367.5,-367.5,0.0
2022-02-03 10:31:00,270.0,-195.0,75.0
2022-02-03 10:32:00,232.5,-138.75,93.75
2022-02-03 10:33:00,337.5,-277.5,60.0
2022-02-03 10:34:00,236.25,-146.25,90.0
2022-02-03 10:35:00,187.5,-37.5,150.0
2022-02-03 10:36:00,123.75,37.5,161.25
2022-02-03 10:37:00,101.25,60.0,161.25
2022-02-03 10:38:00,82.5,97.5,180.0
2022-02-03 10:39:00,206.25,-18.75,187.5
2022-02-03 10:40:00,258.75,-78.75,180.0
2022-02-03 10:41:00,135.0,60.0,195.0
2022-02-03 10:42:00,97.5,93.75,191.25
2022-02-03 10:43:00,33.75,187.5,221.25
2022-02-03 10:44:00,123.75,101.25,225.0
2022-02-03 10:45:00,3.75,187.5,191.25
2022-02-03 10:46:00,-138.75,318.75,180.0
2022-02-03 10:47:00,-97.5,307.5,210.0
2022-02-03 10:48:00,-157.5,341.25,183.75
2022-02-03 10:49:00,-82.5,296.25,213.75
2022-02-03 10:50:00,-45.0,273.75,228.75
2022-02-03 10:51:00,15.0,251.25,266.25
2022-02-03 10:52:00,97.5,183.75,281.25
2022-02-03 10:53:00,217.5,116.25,333.75
2022-02-03 10:54:00,153.75,161.25,315.0
2022-02-03 10:55:00,180.0,157.5,337.5
2022-02-03 10:56:00,97.5,270.0,367.5
2022-02-03 10:57:00,86.25,307.5,393.75
2022-02-03 10:58:00,48.75,348.75,397.5
2022-02-03 10:59:00,48.75,348.75,397.5
2022-02-03 11:00:00,191.25,228.75,420.0
2022-02-03 11:01:00,255.0,180.0,435.0
2022-02-03 11:02:00,251.25,195.0,446.25
2022-02-03 11:03:00,127.5,311.25,438.75
2022-02-03 11:04:00,213.75,240.0,453.75
2022-02-03 11:05:00,262.5,176.25,438.75
2022-02-03 11:06:00,255.0,191.25,446.25
2022-02-03 11:07:00,303.75,153.75,457.5
2022-02-03 11:08:00,270.0,180.0,450.0
2022-02-03 11:09:00,273.75,172.5,446.25
2022-02-03 11:10:00,330.0,135.0,465.0
2022-02-03 11:11:00,217.5,266.25,483.75
2022-02-03 11:12:00,285.0,168.75,453.75
2022-02-03 11:13:00,266.25,198.75,465.0
2022-02-03 11:14:00,258.75,213.75,472.5
2022-02-03 11:15:00,307.5,172.5,480.0
2022-02-03 11:16:00,442.5,67.5,510.0
2022-02-03 11:17:00,506.25,56.25,562.5
2022-02-03 11:18:00,502.5,3.75,506.25
2022-02-03 11:19:00,551.25,-48.75,502.5
2022-02-03 11:20:00,480.0,33.75,513.75
2022-02-03 11:21:00,457.5,108.75,566.25
2022-02-03 11:22:00,480.0,75.0,555.0
2022-02-03 11:23:00,536.25,-30.0,506.25
2022-02-03 11:24:00,588.75,-138.75,450.0
2022-02-03 11:25:00,618.75,-172.5,446.25
2022-02-03 11:26:00,652.5,-281.25,371.25
2022-02-03 11:27:00,630.0,-303.75,326.25
2022-02-03 11:28:00,630.0,-258.75,371.25
2022-02-03 11:29:00,626.25,-247.5,378.75
2022-02-03 11:30:00,551.25,-41.25,510.0
2022-02-03 11:31:00,472.5,146.25,618.75
2022-02-03 11:32:00,480.0,116.25,596.25
2022-02-03 11:33:00,562.5,-7.5,555.0
2022-02-03 11:34:00,637.5,-146.25,491.25
2022-02-03 11:35:00,663.75,-191.25,472.5
2022-02-03 11:36:00,633.75,-135.0,498.75
2022-02-03 11:37:00,727.5,-303.75,423.75
2022-02-03 11:38:00,723.75,-303.75,420.0
2022-02-03 11:39:00,753.75,-326.25,427.5
2022-02-03 11:40:00,900.0,-813.75,86.25
2022-02-03 11:41:00,922.5,-806.25,116.25
2022-02-03 11:42:00,933.75,-1035.0,-101.25
2022-02-03 11:43:00,952.5,-945.0,7.5
2022-02-03 11:44:00,896.25,-727.5,168.75
2022-02-03 11:45:00,937.5,-1005.0,-67.5
2022-02-03 11:46:00,952.5,-1200.0,-247.5
2022-02-03 11:47:00,1031.25,-1421.25,-390.0
2022-02-03 11:48:00,1042.5,-1323.75,-281.25
2022-02-03 11:49:00,1023.75,-1192.5,-168.75
2022-02-03 11:50:00,1083.75,-1391.25,-307.5
2022-02-03 11:51:00,1117.5,-1563.75,-446.25
2022-02-03 11:52:00,1065.0,-1365.0,-300.0
2022-02-03 11:53:00,1095.0,-1503.75,-408.75
2022-02-03 11:54:00,1117.5,-1627.5,-510.0
2022-02-03 11:55:00,1095.0,-1503.75,-408.75
2022-02-03 11:56:00,1080.0,-1421.25,-341.25
2022-02-03 11:57:00,1136.25,-1653.75,-517.5
2022-02-03 11:58:00,1158.75,-1698.75,-540.0
2022-02-03 11:59:00,1136.25,-1665.0,-528.75
2022-02-03 12:00:00,1106.25,-1477.5,-371.25
2022-02-03 12:01:00,1091.25,-1492.5,-401.25
2022-02-03 12:02:00,1125.0,-1661.25,-536.25
2022-02-03 12:03:00,1147.5,-1860.0,-712.5
2022-02-03 12:04:00,1155.0,-1695.0,-540.0
2022-02-03 12:05:00,1132.5,-1541.25,-408.75
2022-02-03 12:06:00,1065.0,-1286.25,-221.25
2022-02-03 12:07:00,1050.0,-1147.5,-97.5
2022-02-03 12:08:00,1020.0,-986.25,33.75
2022-02-03 12:09:00,1050.0,-1147.5,-97.5
2022-02-03 12:10:00,1121.25,-1421.25,-300.0
2022-02-03 12:11:00,1192.5,-1623.75,-431.25
2022-02-03 12:12:00,1200.0,-1672.5,-472.5
2022-02-03 12:13:00,1267.5,-1837.5,-570.0
2022-02-03 12:14:00,1263.75,-1796.25,-532.5
2022-02-03 12:15:00,1282.5,-1976.25,-693.75
2022-02-03 12:16:00,1335.0,-1980.0,-645.0
2022-02-03 12:17:00,1050.0,-1571.25,-521.25
2022-02-03 12:18:00,926.25,-1406.25,-480.0
2022-02-03 12:19:00,990.0,-1545.0,-555.0
2022-02-03 12:20:00,915.0,-1421.25,-506.25
2022-02-03 12:21:00,806.25,-1275.0,-468.75
2022-02-03 12:22:00,825.0,-1368.75,-543.75
2022-02-03 12:23:00,1132.5,-1687.5,-555.0
2022-02-03 12:24:00,1143.75,-1706.25,-562.5
2022-02-03 12:25:00,993.75,-1567.5,-573.75
2022-02-03 12:26:00,746.25,-1320.0,-573.75
2022-02-03 12:27:00,731.25,-1312.5,-581.25
2022-02-03 12:28:00,622.5,-1248.75,-626.25
2022-02-03 12:29:00,975.0,-1560.0,-585.0
2022-02-03 12:30:00,742.5,-1320.0,-577.5
2022-02-03 12:31:00,712.5,-1297.5,-585.0
2022-02-03 12:32:00,757.5,-1312.5,-555.0
2022-02-03 12:33:00,1038.75,-1503.75,-465.0
2022-02-03 12:34:00,783.75,-1301.25,-517.5
2022-02-03 12:35:00,566.25,-1027.5,-461.25
2022-02-03 12:36:00,390.0,-772.5,-382.5
2022-02-03 12:37:00,476.25,-896.25,-420.0
2022-02-03 12:38:00,195.0,-637.5,-442.5
2022-02-03 12:39:00,-71.25,-416.25,-487.5
2022-02-03 12:40:00,-75.0,-363.75,-438.75
2022-02-03 12:41:00,-483.75,-112.5,-596.25
2022-02-03 12:42:00,-622.5,-7.5,-630.0
2022-02-03 12:43:00,-645.0,-48.75,-693.75
2022-02-03 12:44:00,-506.25,-67.5,-573.75
2022-02-03 12:45:00,-131.25,-228.75,-360.0
2022-02-03 12:46:00,-26.25,-322.5,-348.75
2022-02-03 12:47:00,-210.0,-225.0,-435.0
2022-02-03 12:48:00,-577.5,-41.25,-618.75
2022-02-03 12:49:00,-626.25,15.0,-611.25
2022-02-03 12:50:00,-386.25,-112.5,-498.75
2022-02-03 12:51:00,-712.5,41.25,-671.25
2022-02-03 12:52:00,-1128.75,247.5,-881.25
2022-02-03 12:53:00,-885.0,183.75,-701.25
2022-02-03 12:54:00,-592.5,67.5,-525.0
2022-02-03 12:55:00,-3.75,-180.0,-183.75
2022-02-03 12:56:00,56.25,-236.25,-180.0
2022-02-03 12:57:00,236.25,-386.25,-150.0
2022-02-03 12:58:00,45.0,-270.0,-225.0
2022-02-03 12:59:00,93.75,-281.25,-187.5
2022-02-03 13:00:00,390.0,-367.5,22.5
2022-02-03 13:01:00,682.5,-517.5,165.0
2022-02-03 13:02:00,1177.5,-783.75,393.75
2022-02-03 13:03:00,738.75,-528.75,210.0
2022-02-03 13:04:00,806.25,-566.25,240.0
2022-02-03 13:05:00,941.25,-648.75,292.5
2022-02-03 13:06:00,866.25,-562.5,303.75
2022-02-03 13:07:00,1158.75,-772.5,386.25
2022-02-03 13:08:00,926.25,-525.0,401.25
2022-02-03 13:09:00,735.0,-360.0,375.0
2022-02-03 13:10:00,480.0,-213.75,266.25
2022-02-03 13:11:00,315.0,-52.5,262.5
2022-02-03 13:12:00,225.0,-11.25,213.75
2022-02-03 13:13:00,536.25,-157.5,378.75
2022-02-03 13:14:00,663.75,-281.25,382.5
2022-02-03 13:15:00,618.75,-281.25,337.5
2022-02-03 13:16:00,603.75,-333.75,270.0
2022-02-03 13:17:00,566.25,-315.0,251.25
2022-02-03 13:18:00,761.25,-416.25,345.0
2022-02-03 13:19:00,1005.0,-611.25,393.75
2022-02-03 13:20:00,1488.75,-873.75,615.0
2022-02-03 13:21:00,1560.0,-971.25,588.75
2022-02-03 13:22:00,1807.5,-1282.5,525.0
2022-02-03 13:23:00,1766.25,-1218.75,547.5
2022-02-03 13:24:00,1616.25,-956.25,660.0
2022-02-03 13:25:00,1443.75,-742.5,701.25
2022-02-03 13:26:00,1308.75,-600.0,708.75
2022-02-03 13:27:00,1233.75,-558.75,675.0
2022-02-03 13:28:00,1672.5,-967.5,705.0
2022-02-03 13:29:00,1792.5,-1046.25,746.25
2022-02-03 13:30:00,1646.25,-828.75,817.5
2022-02-03 13:31:00,1395.0,-596.25,798.75
2022-02-03 13:32:00,1421.25,-675.0,746.25
2022-02-03 13:33:00,1290.0,-555.0,735.0
2022-02-03 13:34:00,1125.0,-397.5,727.5
2022-02-03 13:35:00,1443.75,-667.5,776.25
2022-02-03 13:36:00,1477.5,-727.5,750.0
2022-02-03 13:37:00,1222.5,-551.25,671.25
2022-02-03 13:38:00,1410.0,-690.0,720.0
2022-02-03 13:39:00,1886.25,-1151.25,735.0
2022-02-03 13:40:00,2092.5,-1470.0,622.5
2022-02-03 13:41:00,2572.5,-2471.25,101.25
2022-02-03 13:42:00,2400.0,-2115.0,285.0
2022-02-03 13:43:00,2568.75,-2343.75,225.0
2022-02-03 13:44:00,2568.75,-2486.25,82.5
2022-02-03 13:45:00,2643.75,-2696.25,-52.5
2022-02-03 13:46:00,2857.5,-3401.25,-543.75
2022-02-03 13:47:00,2842.5,-3165.0,-322.5
2022-02-03 13:48:00,2718.75,-2782.5,-63.75
2022-02-03 13:49:00,2602.5,-2478.75,123.75
2022-02-03 13:50:00,2906.25,-3037.5,-131.25
2022-02-03 13:51:00,3060.0,-3588.75,-528.75
2022-02-03 13:52:00,3048.75,-3566.25,-517.5
2022-02-03 13:53:00,3101.25,-3761.25,-660.0
2022-02-03 13:54:00,2988.75,-3315.0,-326.25
2022-02-03 13:55:00,2951.25,-3108.75,-157.5
2022-02-03 13:56:00,2778.75,-2538.75,240.0
2022-02-03 13:57:00,2797.5,-2557.5,240.0
2022-02-03 13:58:00,2767.5,-2467.5,300.0
2022-02-03 13:59:00,2861.25,-2576.25,285.0
2022-02-03 14:00:00,2988.75,-2816.25,172.5
2022-02-03 14:01:00,2677.5,-1807.5,870.0
2022-02-03 14:02:00,2733.75,-1897.5,836.25
2022-02-03 14:03:00,2775.0,-1912.5,862.5
2022-02-03 14:04:00,2880.0,-2223.75,656.25
2022-02-03 14:05:00,2767.5,-1747.5,1020.0
2022-02-03 14:06:00,2640.0,-1256.25,1383.75
2022-02-03 14:07:00,3015.0,-1968.75,1046.25
2022-02-03 14:08:00,2981.25,-1901.25,1080.0
2022-02-03 14:09:00,2745.0,-1286.25,1458.75
2022-02-03 14:10:00,2805.0,-1350.0,1455.0
2022-02-03 14:11:00,2853.75,-1447.5,1406.25
2022-02-03 14:12:00,2887.5,-1552.5,1335.0
2022-02-03 14:13:00,2943.75,-1646.25,1297.5
2022-02-03 14:14:00,2857.5,-1372.5,1485.0
2022-02-03 14:15:00,2827.5,-1252.5,1575.0
2022-02-03 14:16:00,2906.25,-1361.25,1545.0
2022-02-03 14:17:00,2880.0,-1286.25,1593.75
2022-02-03 14:18:00,3078.75,-1687.5,1391.25
2022-02-03 14:19:00,3112.5,-1755.0,1357.5
2022-02-03 14:20:00,3277.5,-2130.0,1147.5
2022-02-03 14:21:00,3318.75,-2242.5,1076.25
2022-02-03 14:22:00,3273.75,-2081.25,1192.5
2022-02-03 14:23:00,3262.5,-1976.25,1286.25
2022-02-03 14:24:00,3225.0,-1766.25,1458.75
2022-02-03 14:25:00,3176.25,-1601.25,1575.0
2022-02-03 14:26:00,3037.5,-1252.5,1785.0
2022-02-03 14:27:00,2831.25,-1038.75,1792.5
2022-02-03 14:28:00,2928.75,-1162.5,1766.25
2022-02-03 14:29:00,3003.75,-1327.5,1676.25
2022-02-03 14:30:00,2970.0,-1207.5,1762.5
2022-02-03 14:31:00,2756.25,-678.75,2077.5
2022-02-03 14:32:00,2760.0,-667.5,2092.5
2022-02-03 14:33:00,2891.25,-832.5,2058.75
2022-02-03 14:34:00,2932.5,-885.0,2047.5
2022-02-03 14:35:00,3236.25,-1338.75,1897.5
2022-02-03 14:36:00,3390.0,-1770.0,1620.0
2022-02-03 14:37:00,3337.5,-1627.5,1710.0
2022-02-03 14:38:00,3288.75,-1432.5,1856.25
2022-02-03 14:39:00,3318.75,-1511.25,1807.5
2022-02-03 14:40:00,3386.25,-1687.5,1698.75
2022-02-03 14:41:00,3446.25,-1781.25,1665.0
2022-02-03 14:42:00,3438.75,-1646.25,1792.5
2022-02-03 14:43:00,3618.75,-2171.25,1447.5
2022-02-03 14:44:00,3581.25,-2066.25,1515.0
2022-02-03 14:45:00,3510.0,-1725.0,1785.0
2022-02-03 14:46:00,3596.25,-2013.75,1582.5
2022-02-03 14:47:00,3596.25,-1905.0,1691.25
2022-02-03 14:48:00,3506.25,-1477.5,2028.75
2022-02-03 14:49:00,3393.75,-986.25,2407.5
2022-02-03 14:50:00,3513.75,-1230.0,2283.75
2022-02-03 14:51:00,3592.5,-1458.75,2133.75
2022-02-03 14:52:00,3727.5,-2013.75,1713.75
2022-02-03 14:53:00,3712.5,-1961.25,1751.25
2022-02-03 14:54:00,3738.75,-1871.25,1867.5
2022-02-03 14:55:00,3727.5,-1897.5,1830.0
2022-02-03 14:56:00,3825.0,-2415.0,1410.0
2022-02-03 14:57:00,3862.5,-2546.25,1316.25
2022-02-03 14:58:00,3862.5,-2542.5,1320.0
2022-02-03 14:59:00,3873.75,-2572.5,1301.25
2022-02-03 15:00:00,3888.75,-2546.25,1342.5
2022-02-03 15:01:00,3877.5,-1473.75,2403.75
2022-02-03 15:02:00,3956.25,-1668.75,2287.5
2022-02-03 15:03:00,3937.5,-1421.25,2516.25
2022-02-03 15:04:00,3993.75,-2535.0,1458.75
2022-02-03 15:05:00,4016.25,-2906.25,1110.0
2022-02-03 15:06:00,4016.25,-3318.75,697.5
2022-02-03 15:07:00,4023.75,-3780.0,243.75
2022-02-03 15:08:00,4027.5,-3776.25,251.25
2022-02-03 15:09:00,4035.0,-3952.5,82.5
2022-02-03 15:10:00,4038.75,-3405.0,633.75
2022-02-03 15:11:00,4035.0,-3731.25,303.75
2022-02-03 15:12:00,4035.0,-3753.75,281.25
2022-02-03 15:13:00,4042.5,-3836.25,206.25
2022-02-03 15:14:00,4046.25,-4083.75,-37.5
2022-02-03 15:15:00,4053.75,-3877.5,176.25
2022-02-03 15:16:00,4057.5,-3851.25,206.25
2022-02-03 15:17:00,4061.25,-3967.5,93.75
2022-02-03 15:18:00,4061.25,-3993.75,67.5
2022-02-03 15:19:00,4061.25,-4320.0,-258.75
2022-02-03 15:20:00,4057.5,-4518.75,-461.25
2022-02-03 15:21:00,4057.5,-4518.75,-461.25
2022-02-03 15:22:00,4057.5,-4518.75,-461.25
2022-02-03 15:23:00,4057.5,-4518.75,-461.25
2022-02-03 15:24:00,4057.5,-4518.75,-461.25
2022-02-03 15:25:00,4057.5,-4518.75,-461.25
2022-02-03 15:26:00,4057.5,-4518.75,-461.25
2022-02-03 15:27:00,4057.5,-4518.75,-461.25
2022-02-03 15:28:00,4057.5,-4518.75,-461.25
2022-02-03 15:29:00,4057.5,-4518.75,-461.25
2022-02-03 15:30:00,4057.5,-4518.75,-461.25
2022-02-10 10:15:00,0.0,0.0,0.0
2022-02-10 10:16:00,-135.0,333.75,198.75
2022-02-10 10:17:00,-183.75,453.75,270.0
2022-02-10 10:18:00,-93.75,303.75,210.0
2022-02-10 10:19:00,-11.25,48.75,37.5
2022-02-10 10:20:00,131.25,-112.5,18.75
2022-02-10 10:21:00,348.75,-573.75,-225.0
2022-02-10 10:22:00,187.5,33.75,221.25
2022-02-10 10:23:00,116.25,3.75,120.0
2022-02-10 10:24:00,116.25,60.0,176.25
2022-02-10 10:25:00,33.75,228.75,262.5
2022-02-10 10:26:00,-101.25,423.75,322.5
2022-02-10 10:27:00,-112.5,420.0,307.5
2022-02-10 10:28:00,-108.75,431.25,322.5
2022-02-10 10:29:00,-138.75,491.25,352.5
2022-02-10 10:30:00,-168.75,562.5,393.75
2022-02-10 10:31:00,-217.5,615.0,397.5
2022-02-10 10:32:00,-330.0,630.0,300.0
2022-02-10 10:33:00,-420.0,656.25,236.25
2022-02-10 10:34:00,-667.5,682.5,15.0
2022-02-10 10:35:00,-408.75,618.75,210.0
2022-02-10 10:36:00,-281.25,566.25,285.0
2022-02-10 10:37:00,-570.0,708.75,138.75
2022-02-10 10:38:00,-480.0,701.25,221.25
2022-02-10 10:39:00,-716.25,757.5,41.25
2022-02-10 10:40:00,-690.0,825.0,135.0
2022-02-10 10:41:00,-615.0,787.5,172.5
2022-02-10 10:42:00,-847.5,847.5,0.0
2022-02-10 10:43:00,-907.5,847.5,-60.0
2022-02-10 10:44:00,-1245.0,855.0,-390.0
2022-02-10 10:45:00,-1125.0,821.25,-303.75
2022-02-10 10:46:00,-1042.5,765.0,-277.5
2022-02-10 10:47:00,-855.0,712.5,-142.5
2022-02-10 10:48:00,-761.25,686.25,-75.0
2022-02-10 10:49:00,-551.25,705.0,153.75
2022-02-10 10:50:00,-896.25,806.25,-90.0
2022-02-10 10:51:00,-757.5,753.75,-3.75
2022-02-10 10:52:00,-720.0,750.0,30.0
2022-02-10 10:53:00,-705.0,768.75,63.75
2022-02-10 10:54:00,-746.25,761.25,15.0
2022-02-10 10:55:00,-986.25,847.5,-138.75
2022-02-10 10:56:00,-843.75,806.25,-37.5
2022-02-10 10:57:00,-855.0,772.5,-82.5
2022-02-10 10:58:00,-877.5,787.5,-90.0
2022-02-10 10:59:00,-990.0,828.75,-161.25
2022-02-10 11:00:00,-1087.5,855.0,-232.5
2022-02-10 11:01:00,-997.5,802.5,-195.0
2022-02-10 11:02:00,-1305.0,885.0,-420.0
2022-02-10 11:03:00,-1143.75,828.75,-315.0
2022-02-10 11:04:00,-1211.25,843.75,-367.5
2022-02-10 11:05:00,-1511.25,888.75,-622.5
2022-02-10 11:06:00,-1462.5,847.5,-615.0
2022-02-10 11:07:00,-1398.75,851.25,-547.5
2022-02-10 11:08:00,-1545.0,862.5,-682.5
2022-02-10 11:09:00,-1616.25,870.0,-746.25
2022-02-10 11:10:00,-1492.5,858.75,-633.75
2022-02-10 11:11:00,-1425.0,866.25,-558.75
2022-02-10 11:12:00,-1515.0,888.75,-626.25
2022-02-10 11:13:00,-1290.0,866.25,-423.75
2022-02-10 11:14:00,-1425.0,896.25,-528.75
2022-02-10 11:15:00,-1158.75,888.75,-270.0
2022-02-10 11:16:00,-1155.0,885.0,-270.0
2022-02-10 11:17:00,-990.0,858.75,-131.25
2022-02-10 11:18:00,-945.0,840.0,-105.0
2022-02-10 11:19:00,-1068.75,892.5,-176.25
2022-02-10 11:20:00,-1102.5,892.5,-210.0
2022-02-10 11:21:00,-1072.5,888.75,-183.75
2022-02-10 11:22:00,-930.0,858.75,-71.25
2022-02-10 11:23:00,-881.25,855.0,-26.25
2022-02-10 11:24:00,-825.0,840.0,15.0
2022-02-10 11:25:00,-701.25,813.75,112.5
2022-02-10 11:26:00,-498.75,768.75,270.0
2022-02-10 11:27:00,-862.5,892.5,30.0
2022-02-10 11:28:00,-915.0,907.5,-7.5
2022-02-10 11:29:00,-1050.0,937.5,-112.5
2022-02-10 11:30:00,-1147.5,978.75,-168.75
2022-02-10 11:31:00,-1260.0,1053.75,-206.25
2022-02-10 11:32:00,-1173.75,1027.5,-146.25
2022-02-10 11:33:00,-1413.75,1061.25,-352.5
2022-02-10 11:34:00,-1515.0,1080.0,-435.0
2022-02-10 11:35:00,-1436.25,1076.25,-360.0
2022-02-10 11:36:00,-1357.5,1050.0,-307.5
2022-02-10 11:37:00,-1256.25,1042.5,-213.75
2022-02-10 11:38:00,-1316.25,1038.75,-277.5
2022-02-10 11:39:00,-1256.25,1038.75,-217.5
2022-02-10 11:40:00,-1770.0,1110.0,-660.0
2022-02-10 11:41:00,-1905.0,1222.5,-682.5
2022-02-10 11:42:00,-1991.25,1320.0,-671.25
2022-02-10 11:43:00,-1867.5,1211.25,-656.25
2022-02-10 11:44:00,-1957.5,1286.25,-671.25
2022-02-10 11:45:00,-1867.5,1260.0,-607.5
2022-02-10 11:46:00,-1923.75,1320.0,-603.75
2022-02-10 11:47:00,-1747.5,1271.25,-476.25
2022-02-10 11:48:00,-1736.25,1263.75,-472.5
2022-02-10 11:49:00,-1785.0,1293.75,-491.25
2022-02-10 11:50:00,-2167.5,1590.0,-577.5
2022-02-10 11:51:00,-2032.5,1552.5,-480.0
2022-02-10 11:52:00,-2310.0,1792.5,-517.5
2022-02-10 11:53:00,-2156.25,1747.5,-408.75
2022-02-10 11:54:00,-2036.25,1642.5,-393.75
2022-02-10 11:55:00,-2092.5,1620.0,-472.5
2022-02-10 11:56:00,-2096.25,1631.25,-465.0
2022-02-10 11:57:00,-2178.75,1721.25,-457.5
2022-02-10 11:58:00,-1890.0,1451.25,-438.75
2022-02-10 11:59:00,-1807.5,1391.25,-416.25
2022-02-10 12:00:00,-1905.0,1515.0,-390.0
2022-02-10 12:01:00,-1972.5,1567.5,-405.0
2022-02-10 12:02:00,-1908.75,1533.75,-375.0
2022-02-10 12:03:00,-2017.5,1635.0,-382.5
2022-02-10 12:04:00,-2036.25,1687.5,-348.75
2022-02-10 12:05:00,-2040.0,1698.75,-341.25
2022-02-10 12:06:00,-1856.25,1526.25,-330.0
2022-02-10 12:07:00,-1897.5,1552.5,-345.0
2022-02-10 12:08:00,-1706.25,1413.75,-292.5
2022-02-10 12:09:00,-1526.25,1293.75,-232.5
2022-02-10 12:10:00,-1762.5,1496.25,-266.25
2022-02-10 12:11:00,-1605.0,1316.25,-288.75
2022-02-10 12:12:00,-1571.25,1316.25,-255.0
2022-02-10 12:13:00,-1346.25,1110.0,-236.25
2022-02-10 12:14:00,-1237.5,945.0,-292.5
2022-02-10 12:15:00,-1440.0,1158.75,-281.25
2022-02-10 12:16:00,-1620.0,1357.5,-262.5
2022-02-10 12:17:00,-1646.25,1410.0,-236.25
2022-02-10 12:18:00,-1488.75,1267.5,-221.25
2022-02-10 12:19:00,-1230.0,933.75,-296.25
2022-02-10 12:20:00,-1038.75,712.5,-326.25
2022-02-10 12:21:00,-1020.0,783.75,-236.25
2022-02-10 12:22:00,-795.0,555.0,-240.0
2022-02-10 12:23:00,-918.75,757.5,-161.25
2022-02-10 12:24:00,-836.25,600.0,-236.25
2022-02-10 12:25:00,-836.25,588.75,-247.5
2022-02-10 12:26:00,-817.5,573.75,-243.75
2022-02-10 12:27:00,-975.0,828.75,-146.25
2022-02-10 12:28:00,-866.25,648.75,-217.5
2022-02-10 12:29:00,-941.25,690.0,-251.25
2022-02-10 12:30:00,-1076.25,926.25,-150.0
2022-02-10 12:31:00,-1050.0,937.5,-112.5
2022-02-10 12:32:00,-1091.25,997.5,-93.75
2022-02-10 12:33:00,-982.5,825.0,-157.5
2022-02-10 12:34:00,-1038.75,915.0,-123.75
2022-02-10 12:35:00,-1008.75,873.75,-135.0
2022-02-10 12:36:00,-1128.75,1083.75,-45.0
2022-02-10 12:37:00,-1046.25,926.25,-120.0
2022-02-10 12:38:00,-1080.0,1020.0,-60.0
2022-02-10 12:39:00,-1035.0,967.5,-67.5
2022-02-10 12:40:00,-1106.25,1098.75,-7.5
2022-02-10 12:41:00,-1398.75,1515.0,116.25
2022-02-10 12:42:00,-1383.75,1533.75,150.0
2022-02-10 12:43:00,-1646.25,1833.75,187.5
2022-02-10 12:44:00,-1537.5,1743.75,206.25
2022-02-10 12:45:00,-1582.5,1800.0,217.5
2022-02-10 12:46:00,-1717.5,1976.25,258.75
2022-02-10 12:47:00,-1278.75,1578.75,300.0
2022-02-10 12:48:00,-1312.5,1593.75,281.25
2022-02-10 12:49:00,-1350.0,1627.5,277.5
2022-02-10 12:50:00,-1470.0,1758.75,288.75
2022-02-10 12:51:00,-1500.0,1755.0,255.0
2022-02-10 12:52:00,-1515.0,1781.25,266.25
2022-02-10 12:53:00,-1646.25,1983.75,337.5
2022-02-10 12:54:00,-1563.75,1946.25,382.5
2022-02-10 12:55:00,-1646.25,2028.75,382.5
2022-02-10 12:56:00,-1822.5,2178.75,356.25
2022-02-10 12:57:00,-1698.75,2085.0,386.25
2022-02-10 12:58:00,-1773.75,2152.5,378.75
2022-02-10 12:59:00,-1665.0,2081.25,416.25
2022-02-10 13:00:00,-1856.25,2272.5,416.25
2022-02-10 13:01:00,-1957.5,2343.75,386.25
2022-02-10 13:02:00,-1938.75,2287.5,348.75
2022-02-10 13:03:00,-1923.75,2276.25,352.5
2022-02-10 13:04:00,-1916.25,2261.25,345.0
2022-02-10 13:05:00,-1597.5,2032.5,435.0
2022-02-10 13:06:00,-1470.0,1961.25,491.25
2022-02-10 13:07:00,-1323.75,1863.75,540.0
2022-02-10 13:08:00,-1237.5,1796.25,558.75
2022-02-10 13:09:00,-1541.25,2096.25,555.0
2022-02-10 13:10:00,-1683.75,2227.5,543.75
2022-02-10 13:11:00,-1421.25,2010.0,588.75
2022-02-10 13:12:00,-1098.75,1721.25,622.5
2022-02-10 13:13:00,-1173.75,1770.0,596.25
2022-02-10 13:14:00,-1252.5,1841.25,588.75
2022-02-10 13:15:00,-1395.0,1998.75,603.75
2022-02-10 13:16:00,-1155.0,1777.5,622.5
2022-02-10 13:17:00,-1132.5,1717.5,585.0
2022-02-10 13:18:00,-1293.75,1901.25,607.5
2022-02-10 13:19:00,-832.5,1488.75,656.25
2022-02-10 13:20:00,-712.5,1230.0,517.5
2022-02-10 13:21:00,-720.0,1226.25,506.25
2022-02-10 13:22:00,-1083.75,1800.0,716.25
2022-02-10 13:23:00,-1241.25,2043.75,802.5
2022-02-10 13:24:00,-1252.5,1950.0,697.5
2022-02-10 13:25:00,-1222.5,1927.5,705.0
2022-02-10 13:26:00,-1256.25,1976.25,720.0
2022-02-10 13:27:00,-1286.25,1980.0,693.75
2022-02-10 13:28:00,-1395.0,2062.5,667.5
2022-02-10 13:29:00,-1297.5,2006.25,708.75
2022-02-10 13:30:00,-1297.5,2002.5,705.0
2022-02-10 13:31:00,-1327.5,2062.5,735.0
2022-02-10 13:32:00,-1563.75,2250.0,686.25
2022-02-10 13:33:00,-1631.25,2343.75,712.5
2022-02-10 13:34:00,-1530.0,2287.5,757.5
2022-02-10 13:35:00,-1226.25,2062.5,836.25
2022-02-10 13:36:00,-1398.75,2178.75,780.0
2022-02-10 13:37:00,-1488.75,2216.25,727.5
2022-02-10 13:38:00,-1620.0,2343.75,723.75
2022-02-10 13:39:00,-1871.25,2591.25,720.0
2022-02-10 13:40:00,-1946.25,2595.0,648.75
2022-02-10 13:41:00,-1860.0,2523.75,663.75
2022-02-10 13:42:00,-2073.75,2647.5,573.75
2022-02-10 13:43:00,-2010.0,2583.75,573.75
2022-02-10 13:44:00,-1905.0,2561.25,656.25
2022-02-10 13:45:00,-1766.25,2486.25,720.0
2022-02-10 13:46:00,-1807.5,2523.75,716.25
2022-02-10 13:47:00,-1680.0,2490.0,810.0
2022-02-10 13:48:00,-1893.75,2580.0,686.25
2022-02-10 13:49:00,-1953.75,2643.75,690.0
2022-02-10 13:50:00,-2013.75,2707.5,693.75
2022-02-10 13:51:00,-2201.25,2891.25,690.0
2022-02-10 13:52:00,-2040.0,2835.0,795.0
2022-02-10 13:53:00,-1920.0,2782.5,862.5
2022-02-10 13:54:00,-1987.5,2831.25,843.75
2022-02-10 13:55:00,-2107.5,2891.25,783.75
2022-02-10 13:56:00,-2073.75,2887.5,813.75
2022-02-10 13:57:00,-1826.25,2733.75,907.5
2022-02-10 13:58:00,-1346.25,2523.75,1177.5
2022-02-10 13:59:00,-1575.0,2617.5,1042.5
2022-02-10 14:00:00,-1275.0,2422.5,1147.5
2022-02-10 14:01:00,-1496.25,2572.5,1076.25
2022-02-10 14:02:00,-1428.75,2553.75,1125.0
2022-02-10 14:03:00,-1368.75,2527.5,1158.75
2022-02-10 14:04:00,-1372.5,2505.0,1132.5
2022-02-10 14:05:00,-1196.25,2400.0,1203.75
2022-02-10 14:06:00,-1447.5,2628.75,1181.25
2022-02-10 14:07:00,-1642.5,2786.25,1143.75
2022-02-10 14:08:00,-1552.5,2741.25,1188.75
2022-02-10 14:09:00,-1417.5,2651.25,1233.75
2022-02-10 14:10:00,-1500.0,2707.5,1207.5
2022-02-10 14:11:00,-1406.25,2655.0,1248.75
2022-02-10 14:12:00,-1462.5,2707.5,1245.0
2022-02-10 14:13:00,-1458.75,2752.5,1293.75
2022-02-10 14:14:00,-1507.5,2812.5,1305.0
2022-02-10 14:15:00,-1571.25,2865.0,1293.75
2022-02-10 14:16:00,-1856.25,3176.25,1320.0
2022-02-10 14:17:00,-1950.0,3195.0,1245.0
2022-02-10 14:18:00,-2055.0,3206.25,1151.25
2022-02-10 14:19:00,-2197.5,3240.0,1042.5
2022-02-10 14:20:00,-2186.25,3232.5,1046.25
2022-02-10 14:21:00,-2070.0,3202.5,1132.5
2022-02-10 14:22:00,-2077.5,3180.0,1102.5
2022-02-10 14:23:00,-2047.5,3187.5,1140.0
2022-02-10 14:24:00,-1871.25,3071.25,1200.0
2022-02-10 14:25:00,-1837.5,2970.0,1132.5
2022-02-10 14:26:00,-1822.5,2958.75,1136.25
2022-02-10 14:27:00,-1833.75,2921.25,1087.5
2022-02-10 14:28:00,-1852.5,3056.25,1203.75
2022-02-10 14:29:00,-1785.0,2816.25,1031.25
2022-02-10 14:30:00,-1792.5,2835.0,1042.5
2022-02-10 14:31:00,-1822.5,2925.0,1102.5
2022-02-10 14:32:00,-1777.5,2962.5,1185.0
2022-02-10 14:33:00,-1766.25,2958.75,1192.5
2022-02-10 14:34:00,-1751.25,2988.75,1237.5
2022-02-10 14:35:00,-1725.0,3018.75,1293.75
2022-02-10 14:36:00,-1837.5,3258.75,1421.25
2022-02-10 14:37:00,-1788.75,3251.25,1462.5
2022-02-10 14:38:00,-1781.25,3251.25,1470.0
2022-02-10 14:39:00,-1766.25,3255.0,1488.75
2022-02-10 14:40:00,-1702.5,3202.5,1500.0
2022-02-10 14:41:00,-1563.75,2955.0,1391.25
2022-02-10 14:42:00,-1488.75,2805.0,1316.25
2022-02-10 14:43:00,-1560.0,3150.0,1590.0
2022-02-10 14:44:00,-1571.25,3112.5,1541.25
2022-02-10 14:45:00,-1545.0,3060.0,1515.0
2022-02-10 14:46:00,-1537.5,3018.75,1481.25
2022-02-10 14:47:00,-1548.75,2996.25,1447.5
2022-02-10 14:48:00,-1481.25,2936.25,1455.0
2022-02-10 14:49:00,-1440.0,2925.0,1485.0
2022-02-10 14:50:00,-1387.5,2943.75,1556.25
2022-02-10 14:51:00,-1398.75,2891.25,1492.5
2022-02-10 14:52:00,-1361.25,2831.25,1470.0
2022-02-10 14:53:00,-1357.5,2703.75,1346.25
2022-02-10 14:54:00,-1350.0,2737.5,1387.5
2022-02-10 14:55:00,-1316.25,2617.5,1301.25
2022-02-10 14:56:00,-1293.75,2917.5,1623.75
2022-02-10 14:57:00,-1286.25,3063.75,1777.5
2022-02-10 14:58:00,-1335.0,3108.75,1773.75
2022-02-10 14:59:00,-1395.0,3247.5,1852.5
2022-02-10 15:00:00,-1387.5,3247.5,1860.0
2022-02-10 15:01:00,-1353.75,3427.5,2073.75
2022-02-10 15:02:00,-1350.0,3592.5,2242.5
2022-02-10 15:03:00,-1293.75,3483.75,2190.0
2022-02-10 15:04:00,-1293.75,3570.0,2276.25
2022-02-10 15:05:00,-1282.5,3577.5,2295.0
2022-02-10 15:06:00,-1271.25,3701.25,2430.0
2022-02-10 15:07:00,-1267.5,3821.25,2553.75
2022-02-10 15:08:00,-1248.75,3791.25,2542.5
2022-02-10 15:09:00,-1248.75,3828.75,2580.0
2022-02-10 15:10:00,-1256.25,3832.5,2576.25
2022-02-10 15:11:00,-1252.5,3836.25,2583.75
2022-02-10 15:12:00,-1245.0,3795.0,2550.0
2022-02-10 15:13:00,-1233.75,3791.25,2557.5
2022-02-10 15:14:00,-1233.75,3791.25,2557.5
2022-02-10 15:15:00,-1233.75,3776.25,2542.5
2022-02-10 15:16:00,-1230.0,3802.5,2572.5
2022-02-10 15:17:00,-1233.75,3847.5,2613.75
2022-02-10 15:18:00,-1237.5,3840.0,2602.5
2022-02-10 15:19:00,-1230.0,3843.75,2613.75
2022-02-10 15:20:00,-1230.0,3836.25,2606.25
2022-02-10 15:21:00,-1230.0,3836.25,2606.25
2022-02-10 15:22:00,-1230.0,3836.25,2606.25
2022-02-10 15:23:00,-1230.0,3836.25,2606.25
2022-02-10 15:24:00,-1230.0,3836.25,2606.25
2022-02-10 15:25:00,-1230.0,3836.25,2606.25
2022-02-10 15:26:00,-1230.0,3836.25,2606.25
2022-02-10 15:27:00,-1230.0,3836.25,2606.25
2022-02-10 15:28:00,-1230.0,3836.25,2606.25
2022-02-10 15:29:00,-1230.0,3836.25,2606.25
2022-02-10 15:30:00,-1230.0,3836.25,2606.25
2022-02-17 10:15:00,0.0,0.0,0.0
2022-02-17 10:16:00,-11.25,-11.25,-22.5
2022-02-17 10:17:00,112.5,-138.75,-26.25
2022-02-17 10:18:00,-97.5,187.5,90.0
2022-02-17 10:19:00,-131.25,195.0,63.75
2022-02-17 10:20:00,71.25,67.5,138.75
2022-02-17 10:21:00,127.5,3.75,131.25
2022-02-17 10:22:00,191.25,-52.5,138.75
2022-02-17 10:23:00,393.75,-266.25,127.5
2022-02-17 10:24:00,581.25,-378.75,202.5
2022-02-17 10:25:00,660.0,-528.75,131.25
2022-02-17 10:26:00,765.0,-581.25,183.75
2022-02-17 10:27:00,600.0,-157.5,442.5
2022-02-17 10:28:00,731.25,-461.25,270.0
2022-02-17 10:29:00,847.5,-592.5,255.0
2022-02-17 10:30:00,1140.0,-1290.0,-150.0
2022-02-17 10:31:00,1162.5,-1488.75,-326.25
2022-02-17 10:32:00,1095.0,-1117.5,-22.5
2022-02-17 10:33:00,1072.5,-1050.0,22.5
2022-02-17 10:34:00,926.25,-618.75,307.5
2022-02-17 10:35:00,930.0,-675.0,255.0
2022-02-17 10:36:00,952.5,-810.0,142.5
2022-02-17 10:37:00,866.25,-438.75,427.5
2022-02-17 10:38:00,705.0,-150.0,555.0
2022-02-17 10:39:00,843.75,-416.25,427.5
2022-02-17 10:40:00,675.0,-90.0,585.0
2022-02-17 10:41:00,476.25,262.5,738.75
2022-02-17 10:42:00,281.25,472.5,753.75
2022-02-17 10:43:00,483.75,360.0,843.75
2022-02-17 10:44:00,356.25,581.25,937.5
2022-02-17 10:45:00,82.5,885.0,967.5
2022-02-17 10:46:00,303.75,738.75,1042.5
2022-02-17 10:47:00,15.0,1035.0,1050.0
2022-02-17 10:48:00,52.5,1065.0,1117.5
2022-02-17 10:49:00,127.5,941.25,1068.75
2022-02-17 10:50:00,273.75,866.25,1140.0
2022-02-17 10:51:00,495.0,708.75,1203.75
2022-02-17 10:52:00,431.25,746.25,1177.5
2022-02-17 10:53:00,438.75,761.25,1200.0
2022-02-17 10:54:00,48.75,1147.5,1196.25
2022-02-17 10:55:00,138.75,1076.25,1215.0
2022-02-17 10:56:00,71.25,1203.75,1275.0
2022-02-17 10:57:00,296.25,1110.0,1406.25
2022-02-17 10:58:00,82.5,1211.25,1293.75
2022-02-17 10:59:00,-168.75,1372.5,1203.75
2022-02-17 11:00:00,-618.75,1571.25,952.5
2022-02-17 11:01:00,-577.5,1556.25,978.75
2022-02-17 11:02:00,-1008.75,1620.0,611.25
2022-02-17 11:03:00,-750.0,1586.25,836.25
2022-02-17 11:04:00,-663.75,1518.75,855.0
2022-02-17 11:05:00,-603.75,1503.75,900.0
2022-02-17 11:06:00,-682.5,1563.75,881.25
2022-02-17 11:07:00,-375.0,1391.25,1016.25
2022-02-17 11:08:00,-120.0,1376.25,1256.25
2022-02-17 11:09:00,-712.5,1616.25,903.75
2022-02-17 11:10:00,-723.75,1646.25,922.5
2022-02-17 11:11:00,-405.0,1545.0,1140.0
2022-02-17 11:12:00,-562.5,1586.25,1023.75
2022-02-17 11:13:00,-585.0,1582.5,997.5
2022-02-17 11:14:00,-311.25,1507.5,1196.25
2022-02-17 11:15:00,-416.25,1552.5,1136.25
2022-02-17 11:16:00,-101.25,1458.75,1357.5
2022-02-17 11:17:00,82.5,1436.25,1518.75
2022-02-17 11:18:00,-401.25,1582.5,1181.25
2022-02-17 11:19:00,-191.25,1443.75,1252.5
2022-02-17 11:20:00,-255.0,1455.0,1200.0
2022-02-17 11:21:00,-18.75,1391.25,1372.5
2022-02-17 11:22:00,-375.0,1552.5,1177.5
2022-02-17 11:23:00,-303.75,1526.25,1222.5
2022-02-17 11:24:00,-258.75,1511.25,1252.5
2022-02-17 11:25:00,-671.25,1687.5,1016.25
2022-02-17 11:26:00,-686.25,1691.25,1005.0
2022-02-17 11:27:00,-716.25,1683.75,967.5
2022-02-17 11:28:00,-881.25,1713.75,832.5
2022-02-17 11:29:00,-761.25,1698.75,937.5
2022-02-17 11:30:00,-607.5,1702.5,1095.0
2022-02-17 11:31:00,-581.25,1676.25,1095.0
2022-02-17 11:32:00,-847.5,1732.5,885.0
2022-02-17 11:33:00,-723.75,1732.5,1008.75
2022-02-17 11:34:00,-517.5,1702.5,1185.0
2022-02-17 11:35:00,-682.5,1758.75,1076.25
2022-02-17 11:36:00,-536.25,1710.0,1173.75
2022-02-17 11:37:00,7.5,1556.25,1563.75
2022-02-17 11:38:00,-277.5,1620.0,1342.5
2022-02-17 11:39:00,-217.5,1601.25,1383.75
2022-02-17 11:40:00,26.25,1481.25,1507.5
2022-02-17 11:41:00,570.0,1312.5,1882.5
2022-02-17 11:42:00,630.0,1237.5,1867.5
2022-02-17 11:43:00,431.25,1372.5,1803.75
2022-02-17 11:44:00,330.0,1425.0,1755.0
2022-02-17 11:45:00,476.25,1357.5,1833.75
2022-02-17 11:46:00,416.25,1368.75,1785.0
2022-02-17 11:47:00,311.25,1470.0,1781.25
2022-02-17 11:48:00,393.75,1402.5,1796.25
2022-02-17 11:49:00,303.75,1421.25,1725.0
2022-02-17 11:50:00,251.25,1477.5,1728.75
2022-02-17 11:51:00,101.25,1620.0,1721.25
2022-02-17 11:52:00,307.5,1545.0,1852.5
2022-02-17 11:53:00,442.5,1455.0,1897.5
2022-02-17 11:54:00,330.0,1530.0,1860.0
2022-02-17 11:55:00,378.75,1522.5,1901.25
2022-02-17 11:56:00,240.0,1612.5,1852.5
2022-02-17 11:57:00,116.25,1646.25,1762.5
2022-02-17 11:58:00,33.75,1702.5,1736.25
2022-02-17 11:59:00,-22.5,1747.5,1725.0
2022-02-17 12:00:00,-603.75,1935.0,1331.25
2022-02-17 12:01:00,-483.75,1837.5,1353.75
2022-02-17 12:02:00,-86.25,1758.75,1672.5
2022-02-17 12:03:00,-116.25,1773.75,1657.5
2022-02-17 12:04:00,-322.5,1792.5,1470.0
2022-02-17 12:05:00,-450.0,1826.25,1376.25
2022-02-17 12:06:00,-791.25,1867.5,1076.25
2022-02-17 12:07:00,-926.25,1901.25,975.0
2022-02-17 12:08:00,-862.5,1901.25,1038.75
2022-02-17 12:09:00,-765.0,1886.25,1121.25
2022-02-17 12:10:00,-791.25,1905.0,1113.75
2022-02-17 12:11:00,-810.0,1916.25,1106.25
2022-02-17 12:12:00,-1065.0,1968.75,903.75
2022-02-17 12:13:00,-892.5,1935.0,1042.5
2022-02-17 12:14:00,-716.25,1908.75,1192.5
2022-02-17 12:15:00,-517.5,1878.75,1361.25
2022-02-17 12:16:00,-262.5,1871.25,1608.75
2022-02-17 12:17:00,-675.0,1938.75,1263.75
2022-02-17 12:18:00,-420.0,1897.5,1477.5
2022-02-17 12:19:00,-397.5,1875.0,1477.5
2022-02-17 12:20:00,-285.0,1856.25,1571.25
2022-02-17 12:21:00,-367.5,1863.75,1496.25
2022-02-17 12:22:00,-498.75,1912.5,1413.75
2022-02-17 12:23:00,-217.5,1867.5,1650.0
2022-02-17 12:24:00,-345.0,1893.75,1548.75
2022-02-17 12:25:00,-513.75,1920.0,1406.25
2022-02-17 12:26:00,-952.5,2006.25,1053.75
2022-02-17 12:27:00,-821.25,1995.0,1173.75
2022-02-17 12:28:00,-828.75,1983.75,1155.0
2022-02-17 12:29:00,-727.5,1976.25,1248.75
2022-02-17 12:30:00,-423.75,1946.25,1522.5
2022-02-17 12:31:00,-776.25,1987.5,1211.25
2022-02-17 12:32:00,-780.0,1991.25,1211.25
2022-02-17 12:33:00,-1200.0,2040.0,840.0
2022-02-17 12:34:00,-1151.25,2043.75,892.5
2022-02-17 12:35:00,-1518.75,2088.75,570.0
2022-02-17 12:36:00,-1631.25,2193.75,562.5
2022-02-17 12:37:00,-1342.5,2025.0,682.5
2022-02-17 12:38:00,-1425.0,2002.5,577.5
2022-02-17 12:39:00,-1293.75,1980.0,686.25
2022-02-17 12:40:00,-993.75,1755.0,761.25
2022-02-17 12:41:00,-825.0,1616.25,791.25
2022-02-17 12:42:00,-828.75,1586.25,757.5
2022-02-17 12:43:00,-828.75,1593.75,765.0
2022-02-17 12:44:00,-836.25,1638.75,802.5
2022-02-17 12:45:00,-611.25,1458.75,847.5
2022-02-17 12:46:00,-671.25,1518.75,847.5
2022-02-17 12:47:00,-592.5,1470.0,877.5
2022-02-17 12:48:00,-15.0,787.5,772.5
2022-02-17 12:49:00,-45.0,930.0,885.0
2022-02-17 12:50:00,-285.0,1263.75,978.75
2022-02-17 12:51:00,-56.25,903.75,847.5
2022-02-17 12:52:00,-273.75,1181.25,907.5
2022-02-17 12:53:00,-75.0,978.75,903.75
2022-02-17 12:54:00,-93.75,1031.25,937.5
2022-02-17 12:55:00,-187.5,1222.5,1035.0
2022-02-17 12:56:00,60.0,810.0,870.0
2022-02-17 12:57:00,37.5,922.5,960.0
2022-02-17 12:58:00,-191.25,1443.75,1252.5
2022-02-17 12:59:00,-202.5,1526.25,1323.75
2022-02-17 13:00:00,-480.0,1976.25,1496.25
2022-02-17 13:01:00,-847.5,2426.25,1578.75
2022-02-17 13:02:00,-517.5,2118.75,1601.25
2022-02-17 13:03:00,-648.75,2242.5,1593.75
2022-02-17 13:04:00,-510.0,2085.0,1575.0
2022-02-17 13:05:00,-221.25,1830.0,1608.75
2022-02-17 13:06:00,48.75,1548.75,1597.5
2022-02-17 13:07:00,367.5,1053.75,1421.25
2022-02-17 13:08:00,105.0,1398.75,1503.75
2022-02-17 13:09:00,-277.5,2066.25,1788.75
2022-02-17 13:10:00,-3.75,1713.75,1710.0
2022-02-17 13:11:00,-213.75,2025.0,1811.25
2022-02-17 13:12:00,-360.0,2257.5,1897.5
2022-02-17 13:13:00,-618.75,2486.25,1867.5
2022-02-17 13:14:00,-255.0,2070.0,1815.0
2022-02-17 13:15:00,138.75,1713.75,1852.5
2022-02-17 13:16:00,-198.75,2066.25,1867.5
2022-02-17 13:17:00,-213.75,2043.75,1830.0
2022-02-17 13:18:00,-180.0,1991.25,1811.25
2022-02-17 13:19:00,-221.25,2096.25,1875.0
2022-02-17 13:20:00,-101.25,1953.75,1852.5
2022-02-17 13:21:00,-101.25,1995.0,1893.75
2022-02-17 13:22:00,225.0,1578.75,1803.75
2022-02-17 13:23:00,161.25,1665.0,1826.25
2022-02-17 13:24:00,318.75,1421.25,1740.0
2022-02-17 13:25:00,566.25,982.5,1548.75
2022-02-17 13:26:00,855.0,393.75,1248.75
2022-02-17 13:27:00,828.75,468.75,1297.5
2022-02-17 13:28:00,603.75,1046.25,1650.0
2022-02-17 13:29:00,836.25,633.75,1470.0
2022-02-17 13:30:00,660.0,978.75,1638.75
2022-02-17 13:31:00,292.5,1807.5,2100.0
2022-02-17 13:32:00,180.0,1908.75,2088.75
2022-02-17 13:33:00,-41.25,2280.0,2238.75
2022-02-17 13:34:00,210.0,1957.5,2167.5
2022-02-17 13:35:00,330.0,1796.25,2126.25
2022-02-17 13:36:00,172.5,2032.5,2205.0
2022-02-17 13:37:00,187.5,1991.25,2178.75
2022-02-17 13:38:00,270.0,1935.0,2205.0
2022-02-17 13:39:00,300.0,2043.75,2343.75
2022-02-17 13:40:00,-270.0,2685.0,2415.0
2022-02-17 13:41:00,-427.5,2782.5,2355.0
2022-02-17 13:42:00,-277.5,2643.75,2366.25
2022-02-17 13:43:00,-645.0,2932.5,2287.5
2022-02-17 13:44:00,-750.0,3033.75,2283.75
2022-02-17 13:45:00,-825.0,3045.0,2220.0
2022-02-17 13:46:00,-427.5,2767.5,2340.0
2022-02-17 13:47:00,-637.5,2752.5,2115.0
2022-02-17 13:48:00,-495.0,2778.75,2283.75
2022-02-17 13:49:00,-435.0,2722.5,2287.5
2022-02-17 13:50:00,-671.25,2906.25,2235.0
2022-02-17 13:51:00,-375.0,2786.25,2411.25
2022-02-17 13:52:00,-472.5,2910.0,2437.5
2022-02-17 13:53:00,-408.75,2868.75,2460.0
2022-02-17 13:54:00,-11.25,2666.25,2655.0
2022-02-17 13:55:00,191.25,2516.25,2707.5
2022-02-17 13:56:00,450.0,2197.5,2647.5
2022-02-17 13:57:00,645.0,2062.5,2707.5
2022-02-17 13:58:00,978.75,1496.25,2475.0
2022-02-17 13:59:00,873.75,1552.5,2426.25
2022-02-17 14:00:00,1027.5,1087.5,2115.0
2022-02-17 14:01:00,633.75,2092.5,2726.25
2022-02-17 14:02:00,693.75,1916.25,2610.0
2022-02-17 14:03:00,611.25,2205.0,2816.25
2022-02-17 14:04:00,907.5,1650.0,2557.5
2022-02-17 14:05:00,1237.5,806.25,2043.75
2022-02-17 14:06:00,1395.0,172.5,1567.5
2022-02-17 14:07:00,1271.25,607.5,1878.75
2022-02-17 14:08:00,1271.25,468.75,1740.0
2022-02-17 14:09:00,1177.5,1001.25,2178.75
2022-02-17 14:10:00,1278.75,712.5,1991.25
2022-02-17 14:11:00,1346.25,408.75,1755.0
2022-02-17 14:12:00,1286.25,701.25,1987.5
2022-02-17 14:13:00,1271.25,798.75,2070.0
2022-02-17 14:14:00,1582.5,-97.5,1485.0
2022-02-17 14:15:00,1766.25,-1226.25,540.0
2022-02-17 14:16:00,1758.75,-1398.75,360.0
2022-02-17 14:17:00,1800.0,-2047.5,-247.5
2022-02-17 14:18:00,1792.5,-2025.0,-232.5
2022-02-17 14:19:00,1661.25,-348.75,1312.5
2022-02-17 14:20:00,1706.25,-937.5,768.75
2022-02-17 14:21:00,1548.75,708.75,2257.5
2022-02-17 14:22:00,1672.5,-191.25,1481.25
2022-02-17 14:23:00,1650.0,93.75,1743.75
2022-02-17 14:24:00,1683.75,131.25,1815.0
2022-02-17 14:25:00,1691.25,273.75,1965.0
2022-02-17 14:26:00,1616.25,941.25,2557.5
2022-02-17 14:27:00,1710.0,345.0,2055.0
2022-02-17 14:28:00,1702.5,585.0,2287.5
2022-02-17 14:29:00,1665.0,971.25,2636.25
2022-02-17 14:30:00,1728.75,663.75,2392.5
2022-02-17 14:31:00,1575.0,1631.25,3206.25
2022-02-17 14:32:00,1713.75,1076.25,2790.0
2022-02-17 14:33:00,1822.5,577.5,2400.0
2022-02-17 14:34:00,1890.0,-18.75,1871.25
2022-02-17 14:35:00,1908.75,292.5,2201.25
2022-02-17 14:36:00,1938.75,-86.25,1852.5
2022-02-17 14:37:00,1927.5,255.0,2182.5
2022-02-17 14:38:00,1901.25,716.25,2617.5
2022-02-17 14:39:00,1901.25,450.0,2351.25
2022-02-17 14:40:00,1950.0,228.75,2178.75
2022-02-17 14:41:00,2010.0,-105.0,1905.0
2022-02-17 14:42:00,2017.5,-63.75,1953.75
2022-02-17 14:43:00,2047.5,-232.5,1815.0
2022-02-17 14:44:00,2088.75,-1533.75,555.0
2022-02-17 14:45:00,2103.75,-1218.75,885.0
2022-02-17 14:46:00,2103.75,-2025.0,78.75
2022-02-17 14:47:00,2122.5,-2430.0,-307.5
2022-02-17 14:48:00,2111.25,-2486.25,-375.0
2022-02-17 14:49:00,2137.5,-1953.75,183.75
2022-02-17 14:50:00,2156.25,-2051.25,105.0
2022-02-17 14:51:00,2160.0,-2096.25,63.75
2022-02-17 14:52:00,2171.25,-2283.75,-112.5
2022-02-17 14:53:00,2175.0,-1916.25,258.75
2022-02-17 14:54:00,2175.0,-371.25,1803.75
2022-02-17 14:55:00,2175.0,-791.25,1383.75
2022-02-17 14:56:00,2178.75,-1282.5,896.25
2022-02-17 14:57:00,2178.75,-1147.5,1031.25
2022-02-17 14:58:00,2182.5,-825.0,1357.5
2022-02-17 14:59:00,2182.5,-172.5,2010.0
2022-02-17 15:00:00,2186.25,-723.75,1462.5
2022-02-17 15:01:00,2156.25,-108.75,2047.5
2022-02-17 15:02:00,2182.5,-592.5,1590.0
2022-02-17 15:03:00,2178.75,-1001.25,1177.5
2022-02-17 15:04:00,2186.25,-386.25,1800.0
2022-02-17 15:05:00,2186.25,-296.25,1890.0
2022-02-17 15:06:00,2178.75,480.0,2658.75
2022-02-17 15:07:00,2182.5,405.0,2587.5
2022-02-17 15:08:00,2182.5,330.0,2512.5
2022-02-17 15:09:00,2182.5,-93.75,2088.75
2022-02-17 15:10:00,2197.5,-93.75,2103.75
2022-02-17 15:11:00,2197.5,-397.5,1800.0
2022-02-17 15:12:00,2201.25,-802.5,1398.75
2022-02-17 15:13:00,2201.25,-798.75,1402.5
2022-02-17 15:14:00,2208.75,-1327.5,881.25
2022-02-17 15:15:00,2212.5,-2227.5,-15.0
2022-02-17 15:16:00,2208.75,-1567.5,641.25
2022-02-17 15:17:00,2208.75,-2201.25,7.5
2022-02-17 15:18:00,2212.5,-2501.25,-288.75
2022-02-17 15:19:00,2212.5,-2141.25,71.25
2022-02-17 15:20:00,2212.5,-2220.0,-7.5
2022-02-17 15:21:00,2212.5,-2220.0,-7.5
2022-02-17 15:22:00,2212.5,-2220.0,-7.5
2022-02-17 15:23:00,2212.5,-2220.0,-7.5
2022-02-17 15:24:00,2212.5,-2220.0,-7.5
2022-02-17 15:25:00,2212.5,-2220.0,-7.5
2022-02-17 15:26:00,2212.5,-2220.0,-7.5
2022-02-17 15:27:00,2212.5,-2220.0,-7.5
2022-02-17 15:28:00,2212.5,-2220.0,-7.5
2022-02-17 15:29:00,2212.5,-2220.0,-7.5
2022-02-17 15:30:00,2212.5,-2220.0,-7.5
2022-02-24 10:15:00,0.0,0.0,0.0
2022-02-24 10:16:00,-37.5,22.5,-15.0
2022-02-24 10:17:00,3.75,-11.25,-7.5
2022-02-24 10:18:00,-210.0,431.25,221.25
2022-02-24 10:19:00,-311.25,521.25,210.0
2022-02-24 10:20:00,-483.75,787.5,303.75
2022-02-24 10:21:00,-660.0,780.0,120.0
2022-02-24 10:22:00,-513.75,551.25,37.5
2022-02-24 10:23:00,-1072.5,982.5,-90.0
2022-02-24 10:24:00,-1308.75,1027.5,-281.25
2022-02-24 10:25:00,-1267.5,926.25,-341.25
2022-02-24 10:26:00,-1113.75,791.25,-322.5
2022-02-24 10:27:00,-1346.25,963.75,-382.5
2022-02-24 10:28:00,-1117.5,828.75,-288.75
2022-02-24 10:29:00,-1068.75,731.25,-337.5
2022-02-24 10:30:00,-1166.25,783.75,-382.5
2022-02-24 10:31:00,-1211.25,832.5,-378.75
2022-02-24 10:32:00,-1207.5,855.0,-352.5
2022-02-24 10:33:00,-967.5,783.75,-183.75
2022-02-24 10:34:00,-172.5,483.75,311.25
2022-02-24 10:35:00,-236.25,517.5,281.25
2022-02-24 10:36:00,-52.5,551.25,498.75
2022-02-24 10:37:00,123.75,525.0,648.75
2022-02-24 10:38:00,150.0,551.25,701.25
2022-02-24 10:39:00,153.75,577.5,731.25
2022-02-24 10:40:00,210.0,596.25,806.25
2022-02-24 10:41:00,-26.25,911.25,885.0
2022-02-24 10:42:00,138.75,802.5,941.25
2022-02-24 10:43:00,-236.25,1222.5,986.25
2022-02-24 10:44:00,-337.5,1256.25,918.75
2022-02-24 10:45:00,-525.0,1323.75,798.75
2022-02-24 10:46:00,-243.75,1177.5,933.75
2022-02-24 10:47:00,-322.5,1263.75,941.25
2022-02-24 10:48:00,-510.0,1316.25,806.25
2022-02-24 10:49:00,-318.75,1237.5,918.75
2022-02-24 10:50:00,-273.75,1226.25,952.5
2022-02-24 10:51:00,-108.75,1125.0,1016.25
2022-02-24 10:52:00,-251.25,1177.5,926.25
2022-02-24 10:53:00,-48.75,1113.75,1065.0
2022-02-24 10:54:00,131.25,1143.75,1275.0
2022-02-24 10:55:00,-157.5,1387.5,1230.0
2022-02-24 10:56:00,-90.0,1290.0,1200.0
2022-02-24 10:57:00,-18.75,1218.75,1200.0
2022-02-24 10:58:00,-172.5,1380.0,1207.5
2022-02-24 10:59:00,-112.5,1335.0,1222.5
2022-02-24 11:00:00,-86.25,1380.0,1293.75
2022-02-24 11:01:00,131.25,1248.75,1380.0
2022-02-24 11:02:00,236.25,1155.0,1391.25
2022-02-24 11:03:00,131.25,1241.25,1372.5
2022-02-24 11:04:00,405.0,1098.75,1503.75
2022-02-24 11:05:00,300.0,1162.5,1462.5
2022-02-24 11:06:00,307.5,1136.25,1443.75
2022-02-24 11:07:00,292.5,1143.75,1436.25
2022-02-24 11:08:00,123.75,1263.75,1387.5
2022-02-24 11:09:00,258.75,1185.0,1443.75
2022-02-24 11:10:00,311.25,1121.25,1432.5
2022-02-24 11:11:00,273.75,1166.25,1440.0
2022-02-24 11:12:00,363.75,1147.5,1511.25
2022-02-24 11:13:00,330.0,1185.0,1515.0
2022-02-24 11:14:00,183.75,1278.75,1462.5
2022-02-24 11:15:00,131.25,1241.25,1372.5
2022-02-24 11:16:00,82.5,1301.25,1383.75
2022-02-24 11:17:00,-633.75,1582.5,948.75
2022-02-24 11:18:00,-641.25,1601.25,960.0
2022-02-24 11:19:00,-757.5,1710.0,952.5
2022-02-24 11:20:00,-667.5,1713.75,1046.25
2022-02-24 11:21:00,-570.0,1698.75,1128.75
2022-02-24 11:22:00,-1046.25,1901.25,855.0
2022-02-24 11:23:00,-1578.75,2085.0,506.25
2022-02-24 11:24:00,-1548.75,2036.25,487.5
2022-02-24 11:25:00,-1327.5,2002.5,675.0
2022-02-24 11:26:00,-1305.0,2006.25,701.25
2022-02-24 11:27:00,-1248.75,1942.5,693.75
2022-02-24 11:28:00,-937.5,1893.75,956.25
2022-02-24 11:29:00,-907.5,1908.75,1001.25
2022-02-24 11:30:00,-851.25,1837.5,986.25
2022-02-24 11:31:00,-862.5,1852.5,990.0
2022-02-24 11:32:00,-963.75,1856.25,892.5
2022-02-24 11:33:00,-956.25,1893.75,937.5
2022-02-24 11:34:00,-1740.0,2122.5,382.5
2022-02-24 11:35:00,-2006.25,2066.25,60.0
2022-02-24 11:36:00,-2010.0,2028.75,18.75
2022-02-24 11:37:00,-1998.75,2062.5,63.75
2022-02-24 11:38:00,-1515.0,1991.25,476.25
2022-02-24 11:39:00,-1822.5,2047.5,225.0
2022-02-24 11:40:00,-1920.0,2043.75,123.75
2022-02-24 11:41:00,-1683.75,1875.0,191.25
2022-02-24 11:42:00,-1702.5,2036.25,333.75
2022-02-24 11:43:00,-1627.5,1822.5,195.0
2022-02-24 11:44:00,-1181.25,1477.5,296.25
2022-02-24 11:45:00,-1222.5,1526.25,303.75
2022-02-24 11:46:00,-828.75,1128.75,300.0
2022-02-24 11:47:00,-1005.0,1458.75,453.75
2022-02-24 11:48:00,-626.25,1215.0,588.75
2022-02-24 11:49:00,-746.25,1376.25,630.0
2022-02-24 11:50:00,-971.25,1623.75,652.5
2022-02-24 11:51:00,-622.5,1267.5,645.0
2022-02-24 11:52:00,-183.75,858.75,675.0
2022-02-24 11:53:00,-56.25,588.75,532.5
2022-02-24 11:54:00,-146.25,821.25,675.0
2022-02-24 11:55:00,-37.5,776.25,738.75
2022-02-24 11:56:00,-60.0,843.75,783.75
2022-02-24 11:57:00,-86.25,911.25,825.0
2022-02-24 11:58:00,592.5,-408.75,183.75
2022-02-24 11:59:00,607.5,-641.25,-33.75
2022-02-24 12:00:00,731.25,-930.0,-198.75
2022-02-24 12:01:00,855.0,-1485.0,-630.0
2022-02-24 12:02:00,866.25,-1492.5,-626.25
2022-02-24 12:03:00,900.0,-1361.25,-461.25
2022-02-24 12:04:00,791.25,-900.0,-108.75
2022-02-24 12:05:00,930.0,-1398.75,-468.75
2022-02-24 12:06:00,843.75,-847.5,-3.75
2022-02-24 12:07:00,742.5,-633.75,108.75
2022-02-24 12:08:00,765.0,-547.5,217.5
2022-02-24 12:09:00,862.5,-806.25,56.25
2022-02-24 12:10:00,990.0,-915.0,75.0
2022-02-24 12:11:00,1143.75,-1095.0,48.75
2022-02-24 12:12:00,1215.0,-1192.5,22.5
2022-02-24 12:13:00,1125.0,-907.5,217.5
2022-02-24 12:14:00,997.5,-510.0,487.5
2022-02-24 12:15:00,821.25,210.0,1031.25
2022-02-24 12:16:00,795.0,18.75,813.75
2022-02-24 12:17:00,873.75,-78.75,795.0
2022-02-24 12:18:00,795.0,243.75,1038.75
2022-02-24 12:19:00,870.0,135.0,1005.0
2022-02-24 12:20:00,1522.5,-1552.5,-30.0
2022-02-24 12:21:00,1657.5,-2242.5,-585.0
2022-02-24 12:22:00,1428.75,-1571.25,-142.5
2022-02-24 12:23:00,1451.25,-1492.5,-41.25
2022-02-24 12:24:00,1488.75,-1522.5,-33.75
2022-02-24 12:25:00,1605.0,-1695.0,-90.0
2022-02-24 12:26:00,1548.75,-1432.5,116.25
2022-02-24 12:27:00,1458.75,-1050.0,408.75
2022-02-24 12:28:00,1488.75,-843.75,645.0
2022-02-24 12:29:00,1567.5,-1192.5,375.0
2022-02-24 12:30:00,1657.5,-1470.0,187.5
2022-02-24 12:31:00,1586.25,-1095.0,491.25
2022-02-24 12:32:00,1683.75,-1425.0,258.75
2022-02-24 12:33:00,1740.0,-1672.5,67.5
2022-02-24 12:34:00,1717.5,-1608.75,108.75
2022-02-24 12:35:00,1845.0,-1875.0,-30.0
2022-02-24 12:36:00,1968.75,-2197.5,-228.75
2022-02-24 12:37:00,1837.5,-1773.75,63.75
2022-02-24 12:38:00,1942.5,-1901.25,41.25
2022-02-24 12:39:00,1848.75,-1642.5,206.25
2022-02-24 12:40:00,1893.75,-1856.25,37.5
2022-02-24 12:41:00,1901.25,-1856.25,45.0
2022-02-24 12:42:00,2066.25,-2703.75,-637.5
2022-02-24 12:43:00,2137.5,-3465.0,-1327.5
2022-02-24 12:44:00,2216.25,-4203.75,-1987.5
2022-02-24 12:45:00,2216.25,-3945.0,-1728.75
2022-02-24 12:46:00,2238.75,-4162.5,-1923.75
2022-02-24 12:47:00,2373.75,-5632.5,-3258.75
2022-02-24 12:48:00,2403.75,-5538.75,-3135.0
2022-02-24 12:49:00,2490.0,-6078.75,-3588.75
2022-02-24 12:50:00,2471.25,-4976.25,-2505.0
2022-02-24 12:51:00,2711.25,-5231.25,-2520.0
2022-02-24 12:52:00,2591.25,-5212.5,-2621.25
2022-02-24 12:53:00,2928.75,-5463.75,-2535.0
2022-02-24 12:54:00,2955.0,-5456.25,-2501.25
2022-02-24 12:55:00,3003.75,-5853.75,-2850.0
2022-02-24 12:56:00,2861.25,-5418.75,-2557.5
2022-02-24 12:57:00,2891.25,-5385.0,-2493.75
2022-02-24 12:58:00,3086.25,-5782.5,-2696.25
2022-02-24 12:59:00,2925.0,-5482.5,-2557.5
2022-02-24 13:00:00,2778.75,-5268.75,-2490.0
2022-02-24 13:01:00,2426.25,-4638.75,-2212.5
2022-02-24 13:02:00,1931.25,-4410.0,-2478.75
2022-02-24 13:03:00,2403.75,-4657.5,-2253.75
2022-02-24 13:04:00,2040.0,-4458.75,-2418.75
2022-02-24 13:05:00,2092.5,-4286.25,-2193.75
2022-02-24 13:06:00,2478.75,-4526.25,-2047.5
2022-02-24 13:07:00,2081.25,-4245.0,-2163.75
2022-02-24 13:08:00,2055.0,-4196.25,-2141.25
2022-02-24 13:09:00,2205.0,-4260.0,-2055.0
2022-02-24 13:10:00,2295.0,-4271.25,-1976.25
2022-02-24 13:11:00,2625.0,-4425.0,-1800.0
2022-02-24 13:12:00,2212.5,-4233.75,-2021.25
2022-02-24 13:13:00,2100.0,-4181.25,-2081.25
2022-02-24 13:14:00,2126.25,-4102.5,-1976.25
2022-02-24 13:15:00,1638.75,-3843.75,-2205.0
2022-02-24 13:16:00,2025.0,-4016.25,-1991.25
2022-02-24 13:17:00,2441.25,-4215.0,-1773.75
2022-02-24 13:18:00,2745.0,-4436.25,-1691.25
2022-02-24 13:19:00,2970.0,-4657.5,-1687.5
2022-02-24 13:20:00,2958.75,-4601.25,-1642.5
2022-02-24 13:21:00,3191.25,-4807.5,-1616.25
2022-02-24 13:22:00,3041.25,-4620.0,-1578.75
2022-02-24 13:23:00,3123.75,-4612.5,-1488.75
2022-02-24 13:24:00,3123.75,-4575.0,-1451.25
2022-02-24 13:25:00,3367.5,-4901.25,-1533.75
2022-02-24 13:26:00,3311.25,-4998.75,-1687.5
2022-02-24 13:27:00,3255.0,-5118.75,-1863.75
2022-02-24 13:28:00,3303.75,-5426.25,-2122.5
2022-02-24 13:29:00,3045.0,-4755.0,-1710.0
2022-02-24 13:30:00,3292.5,-5313.75,-2021.25
2022-02-24 13:31:00,3468.75,-5617.5,-2148.75
2022-02-24 13:32:00,3435.0,-5685.0,-2250.0
2022-02-24 13:33:00,3465.0,-5670.0,-2205.0
2022-02-24 13:34:00,3371.25,-5332.5,-1961.25
2022-02-24 13:35:00,3506.25,-5726.25,-2220.0
2022-02-24 13:36:00,3397.5,-5253.75,-1856.25
2022-02-24 13:37:00,3292.5,-5013.75,-1721.25
2022-02-24 13:38:00,3405.0,-5058.75,-1653.75
2022-02-24 13:39:00,3386.25,-4758.75,-1372.5
2022-02-24 13:40:00,3551.25,-4935.0,-1383.75
2022-02-24 13:41:00,3570.0,-4912.5,-1342.5
2022-02-24 13:42:00,3570.0,-4800.0,-1230.0
2022-02-24 13:43:00,3573.75,-4766.25,-1192.5
2022-02-24 13:44:00,3735.0,-5235.0,-1500.0
2022-02-24 13:45:00,3821.25,-5865.0,-2043.75
2022-02-24 13:46:00,3761.25,-5651.25,-1890.0
2022-02-24 13:47:00,3682.5,-5145.0,-1462.5
2022-02-24 13:48:00,3082.5,-4327.5,-1245.0
2022-02-24 13:49:00,3348.75,-4706.25,-1357.5
2022-02-24 13:50:00,3285.0,-4582.5,-1297.5
2022-02-24 13:51:00,2396.25,-4106.25,-1710.0
2022-02-24 13:52:00,2718.75,-4181.25,-1462.5
2022-02-24 13:53:00,2437.5,-4117.5,-1680.0
2022-02-24 13:54:00,2891.25,-4488.75,-1597.5
2022-02-24 13:55:00,2673.75,-4271.25,-1597.5
2022-02-24 13:56:00,2531.25,-4230.0,-1698.75
2022-02-24 13:57:00,2520.0,-4192.5,-1672.5
2022-02-24 13:58:00,2880.0,-4248.75,-1368.75
2022-02-24 13:59:00,3356.25,-4515.0,-1158.75
2022-02-24 14:00:00,3303.75,-4436.25,-1132.5
2022-02-24 14:01:00,3266.25,-4443.75,-1177.5
2022-02-24 14:02:00,3375.0,-4492.5,-1117.5
2022-02-24 14:03:00,3412.5,-4500.0,-1087.5
2022-02-24 14:04:00,3540.0,-4676.25,-1136.25
2022-02-24 14:05:00,3453.75,-4462.5,-1008.75
2022-02-24 14:06:00,3592.5,-4597.5,-1005.0
2022-02-24 14:07:00,3686.25,-4657.5,-971.25
2022-02-24 14:08:00,3671.25,-4620.0,-948.75
2022-02-24 14:09:00,3615.0,-4395.0,-780.0
2022-02-24 14:10:00,3596.25,-4372.5,-776.25
2022-02-24 14:11:00,3633.75,-4331.25,-697.5
2022-02-24 14:12:00,3727.5,-4578.75,-851.25
2022-02-24 14:13:00,3667.5,-4515.0,-847.5
2022-02-24 14:14:00,3731.25,-4500.0,-768.75
2022-02-24 14:15:00,3787.5,-4571.25,-783.75
2022-02-24 14:16:00,3810.0,-4582.5,-772.5
2022-02-24 14:17:00,3877.5,-4590.0,-712.5
2022-02-24 14:18:00,3813.75,-4395.0,-581.25
2022-02-24 14:19:00,3761.25,-4188.75,-427.5
2022-02-24 14:20:00,3682.5,-3971.25,-288.75
2022-02-24 14:21:00,3978.75,-4706.25,-727.5
2022-02-24 14:22:00,3937.5,-4616.25,-678.75
2022-02-24 14:23:00,3967.5,-4890.0,-922.5
2022-02-24 14:24:00,3937.5,-4811.25,-873.75
2022-02-24 14:25:00,4020.0,-5171.25,-1151.25
2022-02-24 14:26:00,4005.0,-4912.5,-907.5
2022-02-24 14:27:00,4057.5,-4905.0,-847.5
2022-02-24 14:28:00,4098.75,-5261.25,-1162.5
2022-02-24 14:29:00,4106.25,-5568.75,-1462.5
2022-02-24 14:30:00,4102.5,-5553.75,-1451.25
2022-02-24 14:31:00,4091.25,-4935.0,-843.75
2022-02-24 14:32:00,4102.5,-5546.25,-1443.75
2022-02-24 14:33:00,4121.25,-5118.75,-997.5
2022-02-24 14:34:00,4147.5,-5561.25,-1413.75
2022-02-24 14:35:00,4121.25,-5756.25,-1635.0
2022-02-24 14:36:00,4121.25,-5707.5,-1586.25
2022-02-24 14:37:00,4128.75,-6330.0,-2201.25
2022-02-24 14:38:00,4098.75,-5850.0,-1751.25
2022-02-24 14:39:00,4042.5,-4717.5,-675.0
2022-02-24 14:40:00,4068.75,-4998.75,-930.0
2022-02-24 14:41:00,4110.0,-5088.75,-978.75
2022-02-24 14:42:00,4098.75,-4976.25,-877.5
2022-02-24 14:43:00,4140.0,-5051.25,-911.25
2022-02-24 14:44:00,4177.5,-5208.75,-1031.25
2022-02-24 14:45:00,4211.25,-5220.0,-1008.75
2022-02-24 14:46:00,4211.25,-5280.0,-1068.75
2022-02-24 14:47:00,4218.75,-5377.5,-1158.75
2022-02-24 14:48:00,4230.0,-5268.75,-1038.75
2022-02-24 14:49:00,4248.75,-5055.0,-806.25
2022-02-24 14:50:00,4263.75,-5223.75,-960.0
2022-02-24 14:51:00,4256.25,-4665.0,-408.75
2022-02-24 14:52:00,4267.5,-5175.0,-907.5
2022-02-24 14:53:00,4248.75,-5640.0,-1391.25
2022-02-24 14:54:00,4237.5,-5906.25,-1668.75
2022-02-24 14:55:00,4233.75,-6592.5,-2358.75
2022-02-24 14:56:00,4241.25,-6933.75,-2692.5
2022-02-24 14:57:00,4245.0,-6727.5,-2482.5
2022-02-24 14:58:00,4241.25,-6577.5,-2336.25
2022-02-24 14:59:00,4252.5,-7098.75,-2846.25
2022-02-24 15:00:00,4256.25,-8021.25,-3765.0
2022-02-24 15:01:00,4260.0,-9146.25,-4886.25
2022-02-24 15:02:00,4271.25,-10263.75,-5992.5
2022-02-24 15:03:00,4267.5,-11835.0,-7567.5
2022-02-24 15:04:00,4275.0,-13631.25,-9356.25
2022-02-24 15:05:00,4275.0,-13320.0,-9045.0
2022-02-24 15:06:00,4275.0,-13593.75,-9318.75
2022-02-24 15:07:00,4286.25,-15450.0,-11163.75
2022-02-24 15:08:00,4290.0,-14891.25,-10601.25
2022-02-24 15:09:00,4301.25,-14711.25,-10410.0
2022-02-24 15:10:00,4305.0,-12142.5,-7837.5
2022-02-24 15:11:00,4301.25,-12333.75,-8032.5
2022-02-24 15:12:00,4305.0,-12165.0,-7860.0
2022-02-24 15:13:00,4308.75,-12101.25,-7792.5
2022-02-24 15:14:00,4305.0,-13012.5,-8707.5
2022-02-24 15:15:00,4312.5,-13005.0,-8692.5
2022-02-24 15:16:00,4316.25,-12975.0,-8658.75
2022-02-24 15:17:00,4312.5,-13785.0,-9472.5
2022-02-24 15:18:00,4316.25,-14280.0,-9963.75
2022-02-24 15:19:00,4320.0,-14718.75,-10398.75
2022-02-24 15:20:00,4327.5,-14553.75,-10226.25
2022-02-24 15:21:00,4327.5,-14553.75,-10226.25
2022-02-24 15:22:00,4327.5,-14553.75,-10226.25
2022-02-24 15:23:00,4327.5,-14553.75,-10226.25
2022-02-24 15:24:00,4327.5,-14553.75,-10226.25
2022-02-24 15:25:00,4327.5,-14553.75,-10226.25
2022-02-24 15:26:00,4327.5,-14553.75,-10226.25
2022-02-24 15:27:00,4327.5,-14553.75,-10226.25
2022-02-24 15:28:00,4327.5,-14553.75,-10226.25
2022-02-24 15:29:00,4327.5,-14553.75,-10226.25
2022-02-24 15:30:00,4327.5,-14553.75,-10226.25
2022-03-03 10:15:00,0.0,0.0,0.0
2022-03-03 10:16:00,26.25,150.0,176.25
2022-03-03 10:17:00,116.25,-22.5,93.75
2022-03-03 10:18:00,273.75,-146.25,127.5
2022-03-03 10:19:00,390.0,-333.75,56.25
2022-03-03 10:20:00,461.25,-307.5,153.75
2022-03-03 10:21:00,375.0,-195.0,180.0
2022-03-03 10:22:00,600.0,-468.75,131.25
2022-03-03 10:23:00,588.75,-566.25,22.5
2022-03-03 10:24:00,416.25,-236.25,180.0
2022-03-03 10:25:00,367.5,-67.5,300.0
2022-03-03 10:26:00,367.5,-172.5,195.0
2022-03-03 10:27:00,427.5,-311.25,116.25
2022-03-03 10:28:00,558.75,-498.75,60.0
2022-03-03 10:29:00,438.75,-303.75,135.0
2022-03-03 10:30:00,446.25,-270.0,176.25
2022-03-03 10:31:00,435.0,-225.0,210.0
2022-03-03 10:32:00,378.75,-146.25,232.5
2022-03-03 10:33:00,517.5,-330.0,187.5
2022-03-03 10:34:00,525.0,-326.25,198.75
2022-03-03 10:35:00,472.5,-157.5,315.0
2022-03-03 10:36:00,420.0,-120.0,300.0
2022-03-03 10:37:00,311.25,82.5,393.75
2022-03-03 10:38:00,183.75,446.25,630.0
2022-03-03 10:39:00,75.0,750.0,825.0
2022-03-03 10:40:00,206.25,517.5,723.75
2022-03-03 10:41:00,198.75,521.25,720.0
2022-03-03 10:42:00,300.0,363.75,663.75
2022-03-03 10:43:00,273.75,341.25,615.0
2022-03-03 10:44:00,288.75,277.5,566.25
2022-03-03 10:45:00,322.5,247.5,570.0
2022-03-03 10:46:00,446.25,67.5,513.75
2022-03-03 10:47:00,510.0,-3.75,506.25
2022-03-03 10:48:00,435.0,180.0,615.0
2022-03-03 10:49:00,596.25,-86.25,510.0
2022-03-03 10:50:00,543.75,-60.0,483.75
2022-03-03 10:51:00,555.0,3.75,558.75
2022-03-03 10:52:00,675.0,-217.5,457.5
2022-03-03 10:53:00,746.25,-255.0,491.25
2022-03-03 10:54:00,768.75,-270.0,498.75
2022-03-03 10:55:00,787.5,-217.5,570.0
2022-03-03 10:56:00,690.0,-78.75,611.25
2022-03-03 10:57:00,746.25,-123.75,622.5
2022-03-03 10:58:00,633.75,138.75,772.5
2022-03-03 10:59:00,693.75,-11.25,682.5
2022-03-03 11:00:00,772.5,-101.25,671.25
2022-03-03 11:01:00,663.75,262.5,926.25
2022-03-03 11:02:00,521.25,472.5,993.75
2022-03-03 11:03:00,562.5,412.5,975.0
2022-03-03 11:04:00,618.75,311.25,930.0
2022-03-03 11:05:00,641.25,300.0,941.25
2022-03-03 11:06:00,712.5,217.5,930.0
2022-03-03 11:07:00,581.25,442.5,1023.75
2022-03-03 11:08:00,555.0,401.25,956.25
2022-03-03 11:09:00,528.75,513.75,1042.5
2022-03-03 11:10:00,592.5,461.25,1053.75
2022-03-03 11:11:00,577.5,536.25,1113.75
2022-03-03 11:12:00,457.5,667.5,1125.0
2022-03-03 11:13:00,390.0,723.75,1113.75
2022-03-03 11:14:00,348.75,802.5,1151.25
2022-03-03 11:15:00,288.75,933.75,1222.5
2022-03-03 11:16:00,367.5,896.25,1263.75
2022-03-03 11:17:00,333.75,941.25,1275.0
2022-03-03 11:18:00,191.25,1151.25,1342.5
2022-03-03 11:19:00,236.25,1177.5,1413.75
2022-03-03 11:20:00,356.25,1038.75,1395.0
2022-03-03 11:21:00,483.75,933.75,1417.5
2022-03-03 11:22:00,573.75,877.5,1451.25
2022-03-03 11:23:00,491.25,1005.0,1496.25
2022-03-03 11:24:00,457.5,1038.75,1496.25
2022-03-03 11:25:00,386.25,1170.0,1556.25
2022-03-03 11:26:00,322.5,1267.5,1590.0
2022-03-03 11:27:00,285.0,1380.0,1665.0
2022-03-03 11:28:00,423.75,1282.5,1706.25
2022-03-03 11:29:00,532.5,1181.25,1713.75
2022-03-03 11:30:00,416.25,1320.0,1736.25
2022-03-03 11:31:00,528.75,1230.0,1758.75
2022-03-03 11:32:00,513.75,1293.75,1807.5
2022-03-03 11:33:00,562.5,1188.75,1751.25
2022-03-03 11:34:00,585.0,1192.5,1777.5
2022-03-03 11:35:00,506.25,1305.0,1811.25
2022-03-03 11:36:00,487.5,1361.25,1848.75
2022-03-03 11:37:00,521.25,1383.75,1905.0
2022-03-03 11:38:00,577.5,1327.5,1905.0
2022-03-03 11:39:00,738.75,1158.75,1897.5
2022-03-03 11:40:00,881.25,1053.75,1935.0
2022-03-03 11:41:00,828.75,1177.5,2006.25
2022-03-03 11:42:00,821.25,1230.0,2051.25
2022-03-03 11:43:00,922.5,1098.75,2021.25
2022-03-03 11:44:00,945.0,1113.75,2058.75
2022-03-03 11:45:00,937.5,1155.0,2092.5
2022-03-03 11:46:00,933.75,1140.0,2073.75
2022-03-03 11:47:00,937.5,1147.5,2085.0
2022-03-03 11:48:00,885.0,1237.5,2122.5
2022-03-03 11:49:00,873.75,1248.75,2122.5
2022-03-03 11:50:00,870.0,1275.0,2145.0
2022-03-03 11:51:00,840.0,1320.0,2160.0
2022-03-03 11:52:00,821.25,1305.0,2126.25
2022-03-03 11:53:00,967.5,1177.5,2145.0
2022-03-03 11:54:00,885.0,1278.75,2163.75
2022-03-03 11:55:00,907.5,1275.0,2182.5
2022-03-03 11:56:00,945.0,1203.75,2148.75
2022-03-03 11:57:00,952.5,1196.25,2148.75
2022-03-03 11:58:00,1158.75,1068.75,2227.5
2022-03-03 11:59:00,1230.0,1053.75,2283.75
2022-03-03 12:00:00,1211.25,1113.75,2325.0
2022-03-03 12:01:00,1203.75,1110.0,2313.75
2022-03-03 12:02:00,1162.5,1226.25,2388.75
2022-03-03 12:03:00,1083.75,1398.75,2482.5
2022-03-03 12:04:00,1076.25,1413.75,2490.0
2022-03-03 12:05:00,1020.0,1552.5,2572.5
2022-03-03 12:06:00,963.75,1601.25,2565.0
2022-03-03 12:07:00,896.25,1608.75,2505.0
2022-03-03 12:08:00,911.25,1567.5,2478.75
2022-03-03 12:09:00,960.0,1481.25,2441.25
2022-03-03 12:10:00,1027.5,1440.0,2467.5
2022-03-03 12:11:00,1106.25,1376.25,2482.5
2022-03-03 12:12:00,1140.0,1387.5,2527.5
2022-03-03 12:13:00,1177.5,1346.25,2523.75
2022-03-03 12:14:00,1162.5,1383.75,2546.25
2022-03-03 12:15:00,1218.75,1278.75,2497.5
2022-03-03 12:16:00,1320.0,1106.25,2426.25
2022-03-03 12:17:00,1301.25,1158.75,2460.0
2022-03-03 12:18:00,1413.75,866.25,2280.0
2022-03-03 12:19:00,1395.0,806.25,2201.25
2022-03-03 12:20:00,1511.25,341.25,1852.5
2022-03-03 12:21:00,1582.5,195.0,1777.5
2022-03-03 12:22:00,1687.5,-603.75,1083.75
2022-03-03 12:23:00,1635.0,-450.0,1185.0
2022-03-03 12:24:00,1623.75,-446.25,1177.5
2022-03-03 12:25:00,1687.5,-603.75,1083.75
2022-03-03 12:26:00,1695.0,-322.5,1372.5
2022-03-03 12:27:00,1676.25,-348.75,1327.5
2022-03-03 12:28:00,1672.5,-322.5,1350.0
2022-03-03 12:29:00,1702.5,-521.25,1181.25
2022-03-03 12:30:00,1743.75,-720.0,1023.75
2022-03-03 12:31:00,1792.5,-1110.0,682.5
2022-03-03 12:32:00,1781.25,-720.0,1061.25
2022-03-03 12:33:00,1800.0,-1012.5,787.5
2022-03-03 12:34:00,1845.0,-1376.25,468.75
2022-03-03 12:35:00,1826.25,-1443.75,382.5
2022-03-03 12:36:00,1683.75,-1335.0,348.75
2022-03-03 12:37:00,1841.25,-1428.75,412.5
2022-03-03 12:38:00,1995.0,-1631.25,363.75
2022-03-03 12:39:00,1890.0,-1503.75,386.25
2022-03-03 12:40:00,1582.5,-1023.75,558.75
2022-03-03 12:41:00,1567.5,-832.5,735.0
2022-03-03 12:42:00,1485.0,-622.5,862.5
2022-03-03 12:43:00,1338.75,-457.5,881.25
2022-03-03 12:44:00,1436.25,-536.25,900.0
2022-03-03 12:45:00,1770.0,-813.75,956.25
2022-03-03 12:46:00,1657.5,-663.75,993.75
2022-03-03 12:47:00,1612.5,-607.5,1005.0
2022-03-03 12:48:00,1365.0,-270.0,1095.0
2022-03-03 12:49:00,1458.75,-438.75,1020.0
2022-03-03 12:50:00,1511.25,-416.25,1095.0
2022-03-03 12:51:00,1406.25,-225.0,1181.25
2022-03-03 12:52:00,1290.0,11.25,1301.25
2022-03-03 12:53:00,915.0,243.75,1158.75
2022-03-03 12:54:00,1256.25,-172.5,1083.75
2022-03-03 12:55:00,1410.0,-240.0,1170.0
2022-03-03 12:56:00,2043.75,-907.5,1136.25
2022-03-03 12:57:00,2456.25,-1290.0,1166.25
2022-03-03 12:58:00,2467.5,-1200.0,1267.5
2022-03-03 12:59:00,2808.75,-1683.75,1125.0
2022-03-03 13:00:00,2733.75,-1477.5,1256.25
2022-03-03 13:01:00,3172.5,-2055.0,1117.5
2022-03-03 13:02:00,3318.75,-2306.25,1012.5
2022-03-03 13:03:00,3161.25,-1890.0,1271.25
2022-03-03 13:04:00,3176.25,-1897.5,1278.75
2022-03-03 13:05:00,3041.25,-1597.5,1443.75
2022-03-03 13:06:00,3030.0,-1443.75,1586.25
2022-03-03 13:07:00,3288.75,-1878.75,1410.0
2022-03-03 13:08:00,3318.75,-1878.75,1440.0
2022-03-03 13:09:00,3450.0,-2066.25,1383.75
2022-03-03 13:10:00,3581.25,-2197.5,1383.75
2022-03-03 13:11:00,3675.0,-2250.0,1425.0
2022-03-03 13:12:00,3540.0,-2103.75,1436.25
2022-03-03 13:13:00,3667.5,-2310.0,1357.5
2022-03-03 13:14:00,3423.75,-1886.25,1537.5
2022-03-03 13:15:00,3296.25,-1736.25,1560.0
2022-03-03 13:16:00,3585.0,-2197.5,1387.5
2022-03-03 13:17:00,3210.0,-1473.75,1736.25
2022-03-03 13:18:00,3157.5,-1372.5,1785.0
2022-03-03 13:19:00,3716.25,-2216.25,1500.0
2022-03-03 13:20:00,3596.25,-2077.5,1518.75
2022-03-03 13:21:00,3731.25,-2250.0,1481.25
2022-03-03 13:22:00,4031.25,-3123.75,907.5
2022-03-03 13:23:00,4046.25,-3048.75,997.5
2022-03-03 13:24:00,4113.75,-3333.75,780.0
2022-03-03 13:25:00,3907.5,-2707.5,1200.0
2022-03-03 13:26:00,3832.5,-2606.25,1226.25
2022-03-03 13:27:00,4065.0,-3033.75,1031.25
2022-03-03 13:28:00,4290.0,-3510.0,780.0
2022-03-03 13:29:00,4368.75,-3603.75,765.0
2022-03-03 13:30:00,4312.5,-3536.25,776.25
2022-03-03 13:31:00,4128.75,-3093.75,1035.0
2022-03-03 13:32:00,3262.5,-1440.0,1822.5
2022-03-03 13:33:00,3352.5,-1721.25,1631.25
2022-03-03 13:34:00,3468.75,-1841.25,1627.5
2022-03-03 13:35:00,3078.75,-1200.0,1878.75
2022-03-03 13:36:00,2812.5,-791.25,2021.25
2022-03-03 13:37:00,3217.5,-1256.25,1961.25
2022-03-03 13:38:00,2760.0,-682.5,2077.5
2022-03-03 13:39:00,2752.5,-663.75,2088.75
2022-03-03 13:40:00,2715.0,-472.5,2242.5
2022-03-03 13:41:00,3101.25,-810.0,2291.25
2022-03-03 13:42:00,3431.25,-1248.75,2182.5
2022-03-03 13:43:00,3288.75,-1091.25,2197.5
2022-03-03 13:44:00,3037.5,-731.25,2306.25
2022-03-03 13:45:00,2576.25,-172.5,2403.75
2022-03-03 13:46:00,1755.0,555.0,2310.0
2022-03-03 13:47:00,1983.75,513.75,2497.5
2022-03-03 13:48:00,1923.75,453.75,2377.5
2022-03-03 13:49:00,1920.0,491.25,2411.25
2022-03-03 13:50:00,1980.0,528.75,2508.75
2022-03-03 13:51:00,2073.75,446.25,2520.0
2022-03-03 13:52:00,2415.0,318.75,2733.75
2022-03-03 13:53:00,2805.0,-30.0,2775.0
2022-03-03 13:54:00,2317.5,416.25,2733.75
2022-03-03 13:55:00,2010.0,603.75,2613.75
2022-03-03 13:56:00,2306.25,408.75,2715.0
2022-03-03 13:57:00,2137.5,588.75,2726.25
2022-03-03 13:58:00,2403.75,517.5,2921.25
2022-03-03 13:59:00,2103.75,693.75,2797.5
2022-03-03 14:00:00,2471.25,446.25,2917.5
2022-03-03 14:01:00,3333.75,-191.25,3142.5
2022-03-03 14:02:00,3558.75,-540.0,3018.75
2022-03-03 14:03:00,3378.75,-240.0,3138.75
2022-03-03 14:04:00,3566.25,-438.75,3127.5
2022-03-03 14:05:00,3795.0,-645.0,3150.0
2022-03-03 14:06:00,4098.75,-1113.75,2985.0
2022-03-03 14:07:00,4113.75,-1128.75,2985.0
2022-03-03 14:08:00,4001.25,-802.5,3198.75
2022-03-03 14:09:00,4192.5,-1125.0,3067.5
2022-03-03 14:10:00,4218.75,-1102.5,3116.25
2022-03-03 14:11:00,4597.5,-1623.75,2973.75
2022-03-03 14:12:00,4612.5,-1657.5,2955.0
2022-03-03 14:13:00,4432.5,-1327.5,3105.0
2022-03-03 14:14:00,4496.25,-1548.75,2947.5
2022-03-03 14:15:00,4552.5,-1642.5,2910.0
2022-03-03 14:16:00,4830.0,-2411.25,2418.75
2022-03-03 14:17:00,4605.0,-1395.0,3210.0
2022-03-03 14:18:00,4687.5,-1706.25,2981.25
2022-03-03 14:19:00,4732.5,-1875.0,2857.5
2022-03-03 14:20:00,4777.5,-1927.5,2850.0
2022-03-03 14:21:00,4886.25,-2193.75,2692.5
2022-03-03 14:22:00,4571.25,-1286.25,3285.0
2022-03-03 14:23:00,4301.25,-708.75,3592.5
2022-03-03 14:24:00,4342.5,-656.25,3686.25
2022-03-03 14:25:00,4425.0,-712.5,3712.5
2022-03-03 14:26:00,4312.5,-352.5,3960.0
2022-03-03 14:27:00,3903.75,487.5,4391.25
2022-03-03 14:28:00,4136.25,198.75,4335.0
2022-03-03 14:29:00,4128.75,408.75,4537.5
2022-03-03 14:30:00,4586.25,-135.0,4451.25
2022-03-03 14:31:00,4087.5,652.5,4740.0
2022-03-03 14:32:00,4001.25,832.5,4833.75
2022-03-03 14:33:00,4267.5,468.75,4736.25
2022-03-03 14:34:00,4020.0,787.5,4807.5
2022-03-03 14:35:00,3851.25,1076.25,4927.5
2022-03-03 14:36:00,3588.75,1421.25,5010.0
2022-03-03 14:37:00,3663.75,1368.75,5032.5
2022-03-03 14:38:00,3896.25,1162.5,5058.75
2022-03-03 14:39:00,3986.25,1035.0,5021.25
2022-03-03 14:40:00,4361.25,693.75,5055.0
2022-03-03 14:41:00,4920.0,-56.25,4863.75
2022-03-03 14:42:00,4953.75,33.75,4987.5
2022-03-03 14:43:00,4796.25,341.25,5137.5
2022-03-03 14:44:00,4728.75,450.0,5178.75
2022-03-03 14:45:00,4320.0,993.75,5313.75
2022-03-03 14:46:00,4597.5,607.5,5205.0
2022-03-03 14:47:00,4481.25,843.75,5325.0
2022-03-03 14:48:00,4582.5,585.0,5167.5
2022-03-03 14:49:00,4893.75,202.5,5096.25
2022-03-03 14:50:00,4931.25,183.75,5115.0
2022-03-03 14:51:00,4995.0,3.75,4998.75
2022-03-03 14:52:00,4946.25,232.5,5178.75
2022-03-03 14:53:00,5107.5,-63.75,5043.75
2022-03-03 14:54:00,5122.5,52.5,5175.0
2022-03-03 14:55:00,5085.0,-22.5,5062.5
2022-03-03 14:56:00,5280.0,-138.75,5141.25
2022-03-03 14:57:00,5520.0,-540.0,4980.0
2022-03-03 14:58:00,5471.25,-183.75,5287.5
2022-03-03 14:59:00,5561.25,-243.75,5317.5
2022-03-03 15:00:00,5685.0,-663.75,5021.25
2022-03-03 15:01:00,5883.75,-1766.25,4117.5
2022-03-03 15:02:00,5940.0,-2358.75,3581.25
2022-03-03 15:03:00,5943.75,-1770.0,4173.75
2022-03-03 15:04:00,5996.25,-2883.75,3112.5
2022-03-03 15:05:00,5988.75,-1878.75,4110.0
2022-03-03 15:06:00,6003.75,-2726.25,3277.5
2022-03-03 15:07:00,6003.75,-2426.25,3577.5
2022-03-03 15:08:00,6000.0,-2853.75,3146.25
2022-03-03 15:09:00,6015.0,-3018.75,2996.25
2022-03-03 15:10:00,6015.0,-3465.0,2550.0
2022-03-03 15:11:00,6022.5,-3686.25,2336.25
2022-03-03 15:12:00,6015.0,-2220.0,3795.0
2022-03-03 15:13:00,6000.0,-483.75,5516.25
2022-03-03 15:14:00,5985.0,-903.75,5081.25
2022-03-03 15:15:00,5880.0,438.75,6318.75
2022-03-03 15:16:00,5951.25,776.25,6727.5
2022-03-03 15:17:00,5977.5,172.5,6150.0
2022-03-03 15:18:00,5985.0,285.0,6270.0
2022-03-03 15:19:00,5973.75,555.0,6528.75
2022-03-03 15:20:00,5992.5,135.0,6127.5
2022-03-03 15:21:00,5992.5,135.0,6127.5
2022-03-03 15:22:00,5992.5,135.0,6127.5
2022-03-03 15:23:00,5992.5,135.0,6127.5
2022-03-03 15:24:00,5992.5,135.0,6127.5
2022-03-03 15:25:00,5992.5,135.0,6127.5
2022-03-03 15:26:00,5992.5,135.0,6127.5
2022-03-03 15:27:00,5992.5,135.0,6127.5
2022-03-03 15:28:00,5992.5,135.0,6127.5
2022-03-03 15:29:00,5992.5,135.0,6127.5
2022-03-03 15:30:00,5992.5,135.0,6127.5
2022-03-10 10:15:00,0.0,0.0,0.0
2022-03-10 10:16:00,63.75,-52.5,11.25
2022-03-10 10:17:00,-97.5,307.5,210.0
2022-03-10 10:18:00,-165.0,427.5,262.5
2022-03-10 10:19:00,-75.0,352.5,277.5
2022-03-10 10:20:00,30.0,228.75,258.75
2022-03-10 10:21:00,33.75,146.25,180.0
2022-03-10 10:22:00,-123.75,345.0,221.25
2022-03-10 10:23:00,-63.75,300.0,236.25
2022-03-10 10:24:00,-71.25,266.25,195.0
2022-03-10 10:25:00,-71.25,375.0,303.75
2022-03-10 10:26:00,-52.5,352.5,300.0
2022-03-10 10:27:00,-97.5,435.0,337.5
2022-03-10 10:28:00,-262.5,618.75,356.25
2022-03-10 10:29:00,-281.25,648.75,367.5
2022-03-10 10:30:00,-375.0,746.25,371.25
2022-03-10 10:31:00,-243.75,603.75,360.0
2022-03-10 10:32:00,-213.75,491.25,277.5
2022-03-10 10:33:00,-3.75,326.25,322.5
2022-03-10 10:34:00,-112.5,363.75,251.25
2022-03-10 10:35:00,48.75,273.75,322.5
2022-03-10 10:36:00,30.0,266.25,296.25
2022-03-10 10:37:00,-30.0,386.25,356.25
2022-03-10 10:38:00,-176.25,461.25,285.0
2022-03-10 10:39:00,-221.25,581.25,360.0
2022-03-10 10:40:00,-135.0,438.75,303.75
2022-03-10 10:41:00,-97.5,386.25,288.75
2022-03-10 10:42:00,-71.25,401.25,330.0
2022-03-10 10:43:00,7.5,281.25,288.75
2022-03-10 10:44:00,243.75,93.75,337.5
2022-03-10 10:45:00,626.25,-161.25,465.0
2022-03-10 10:46:00,326.25,-26.25,300.0
2022-03-10 10:47:00,176.25,221.25,397.5
2022-03-10 10:48:00,120.0,210.0,330.0
2022-03-10 10:49:00,240.0,78.75,318.75
2022-03-10 10:50:00,187.5,210.0,397.5
2022-03-10 10:51:00,318.75,56.25,375.0
2022-03-10 10:52:00,168.75,247.5,416.25
2022-03-10 10:53:00,123.75,285.0,408.75
2022-03-10 10:54:00,101.25,322.5,423.75
2022-03-10 10:55:00,228.75,135.0,363.75
2022-03-10 10:56:00,165.0,251.25,416.25
2022-03-10 10:57:00,300.0,112.5,412.5
2022-03-10 10:58:00,296.25,161.25,457.5
2022-03-10 10:59:00,315.0,138.75,453.75
2022-03-10 11:00:00,228.75,307.5,536.25
2022-03-10 11:01:00,63.75,648.75,712.5
2022-03-10 11:02:00,120.0,585.0,705.0
2022-03-10 11:03:00,138.75,528.75,667.5
2022-03-10 11:04:00,161.25,472.5,633.75
2022-03-10 11:05:00,315.0,330.0,645.0
2022-03-10 11:06:00,258.75,356.25,615.0
2022-03-10 11:07:00,243.75,416.25,660.0
2022-03-10 11:08:00,153.75,562.5,716.25
2022-03-10 11:09:00,210.0,483.75,693.75
2022-03-10 11:10:00,198.75,562.5,761.25
2022-03-10 11:11:00,217.5,555.0,772.5
2022-03-10 11:12:00,202.5,555.0,757.5
2022-03-10 11:13:00,142.5,648.75,791.25
2022-03-10 11:14:00,-37.5,851.25,813.75
2022-03-10 11:15:00,0.0,821.25,821.25
2022-03-10 11:16:00,123.75,690.0,813.75
2022-03-10 11:17:00,101.25,753.75,855.0
2022-03-10 11:18:00,168.75,701.25,870.0
2022-03-10 11:19:00,187.5,701.25,888.75
2022-03-10 11:20:00,153.75,772.5,926.25
2022-03-10 11:21:00,213.75,675.0,888.75
2022-03-10 11:22:00,142.5,832.5,975.0
2022-03-10 11:23:00,251.25,727.5,978.75
2022-03-10 11:24:00,296.25,648.75,945.0
2022-03-10 11:25:00,251.25,697.5,948.75
2022-03-10 11:26:00,322.5,675.0,997.5
2022-03-10 11:27:00,513.75,487.5,1001.25
2022-03-10 11:28:00,397.5,536.25,933.75
2022-03-10 11:29:00,390.0,547.5,937.5
2022-03-10 11:30:00,397.5,468.75,866.25
2022-03-10 11:31:00,450.0,375.0,825.0
2022-03-10 11:32:00,540.0,187.5,727.5
2022-03-10 11:33:00,671.25,15.0,686.25
2022-03-10 11:34:00,513.75,153.75,667.5
2022-03-10 11:35:00,517.5,202.5,720.0
2022-03-10 11:36:00,682.5,-210.0,472.5
2022-03-10 11:37:00,637.5,-86.25,551.25
2022-03-10 11:38:00,573.75,7.5,581.25
2022-03-10 11:39:00,656.25,-112.5,543.75
2022-03-10 11:40:00,705.0,-243.75,461.25
2022-03-10 11:41:00,843.75,-491.25,352.5
2022-03-10 11:42:00,731.25,-307.5,423.75
2022-03-10 11:43:00,742.5,-262.5,480.0
2022-03-10 11:44:00,521.25,228.75,750.0
2022-03-10 11:45:00,352.5,645.0,997.5
2022-03-10 11:46:00,322.5,697.5,1020.0
2022-03-10 11:47:00,307.5,723.75,1031.25
2022-03-10 11:48:00,311.25,768.75,1080.0
2022-03-10 11:49:00,555.0,483.75,1038.75
2022-03-10 11:50:00,517.5,416.25,933.75
2022-03-10 11:51:00,525.0,262.5,787.5
2022-03-10 11:52:00,483.75,363.75,847.5
2022-03-10 11:53:00,585.0,225.0,810.0
2022-03-10 11:54:00,603.75,240.0,843.75
2022-03-10 11:55:00,600.0,281.25,881.25
2022-03-10 11:56:00,693.75,153.75,847.5
2022-03-10 11:57:00,603.75,277.5,881.25
2022-03-10 11:58:00,536.25,438.75,975.0
2022-03-10 11:59:00,517.5,498.75,1016.25
2022-03-10 12:00:00,581.25,476.25,1057.5
2022-03-10 12:01:00,615.0,393.75,1008.75
2022-03-10 12:02:00,532.5,570.0,1102.5
2022-03-10 12:03:00,521.25,570.0,1091.25
2022-03-10 12:04:00,660.0,382.5,1042.5
2022-03-10 12:05:00,697.5,202.5,900.0
2022-03-10 12:06:00,682.5,195.0,877.5
2022-03-10 12:07:00,682.5,202.5,885.0
2022-03-10 12:08:00,675.0,221.25,896.25
2022-03-10 12:09:00,630.0,453.75,1083.75
2022-03-10 12:10:00,738.75,168.75,907.5
2022-03-10 12:11:00,708.75,255.0,963.75
2022-03-10 12:12:00,952.5,-112.5,840.0
2022-03-10 12:13:00,1046.25,-292.5,753.75
2022-03-10 12:14:00,1005.0,-168.75,836.25
2022-03-10 12:15:00,978.75,-142.5,836.25
2022-03-10 12:16:00,1128.75,-416.25,712.5
2022-03-10 12:17:00,1282.5,-705.0,577.5
2022-03-10 12:18:00,1147.5,-356.25,791.25
2022-03-10 12:19:00,1158.75,-393.75,765.0
2022-03-10 12:20:00,1042.5,-322.5,720.0
2022-03-10 12:21:00,1095.0,-435.0,660.0
2022-03-10 12:22:00,1072.5,-360.0,712.5
2022-03-10 12:23:00,1098.75,-333.75,765.0
2022-03-10 12:24:00,1166.25,-465.0,701.25
2022-03-10 12:25:00,1125.0,-345.0,780.0
2022-03-10 12:26:00,952.5,213.75,1166.25
2022-03-10 12:27:00,787.5,600.0,1387.5
2022-03-10 12:28:00,817.5,528.75,1346.25
2022-03-10 12:29:00,967.5,266.25,1233.75
2022-03-10 12:30:00,903.75,333.75,1237.5
2022-03-10 12:31:00,1132.5,-22.5,1110.0
2022-03-10 12:32:00,1106.25,33.75,1140.0
2022-03-10 12:33:00,1173.75,-150.0,1023.75
2022-03-10 12:34:00,1158.75,-281.25,877.5
2022-03-10 12:35:00,1301.25,-667.5,633.75
2022-03-10 12:36:00,1290.0,-723.75,566.25
2022-03-10 12:37:00,1316.25,-847.5,468.75
2022-03-10 12:38:00,1410.0,-1391.25,18.75
2022-03-10 12:39:00,1376.25,-1211.25,165.0
2022-03-10 12:40:00,1376.25,-1305.0,71.25
2022-03-10 12:41:00,1312.5,-862.5,450.0
2022-03-10 12:42:00,1395.0,-1376.25,18.75
2022-03-10 12:43:00,1552.5,-1826.25,-273.75
2022-03-10 12:44:00,1560.0,-1616.25,-56.25
2022-03-10 12:45:00,1582.5,-1713.75,-131.25
2022-03-10 12:46:00,1657.5,-1620.0,37.5
2022-03-10 12:47:00,1586.25,-1657.5,-71.25
2022-03-10 12:48:00,1830.0,-1935.0,-105.0
2022-03-10 12:49:00,2265.0,-2471.25,-206.25
2022-03-10 12:50:00,2347.5,-2692.5,-345.0
2022-03-10 12:51:00,2235.0,-2475.0,-240.0
2022-03-10 12:52:00,2073.75,-2197.5,-123.75
2022-03-10 12:53:00,2208.75,-2418.75,-210.0
2022-03-10 12:54:00,2283.75,-2430.0,-146.25
2022-03-10 12:55:00,2523.75,-2842.5,-318.75
2022-03-10 12:56:00,2066.25,-1822.5,243.75
2022-03-10 12:57:00,1676.25,-1076.25,600.0
2022-03-10 12:58:00,1653.75,-960.0,693.75
2022-03-10 12:59:00,1687.5,-1031.25,656.25
2022-03-10 13:00:00,1601.25,-915.0,686.25
2022-03-10 13:01:00,1732.5,-1267.5,465.0
2022-03-10 13:02:00,2028.75,-1575.0,453.75
2022-03-10 13:03:00,2306.25,-1893.75,412.5
2022-03-10 13:04:00,2355.0,-2002.5,352.5
2022-03-10 13:05:00,2167.5,-1646.25,521.25
2022-03-10 13:06:00,2208.75,-1710.0,498.75
2022-03-10 13:07:00,2096.25,-1567.5,528.75
2022-03-10 13:08:00,2362.5,-1961.25,401.25
2022-03-10 13:09:00,2527.5,-2298.75,228.75
2022-03-10 13:10:00,2685.0,-2463.75,221.25
2022-03-10 13:11:00,3093.75,-3135.0,-41.25
2022-03-10 13:12:00,2557.5,-1815.0,742.5
2022-03-10 13:13:00,2557.5,-1901.25,656.25
2022-03-10 13:14:00,2681.25,-2216.25,465.0
2022-03-10 13:15:00,2628.75,-2092.5,536.25
2022-03-10 13:16:00,2066.25,-1068.75,997.5
2022-03-10 13:17:00,1968.75,-948.75,1020.0
2022-03-10 13:18:00,1725.0,-630.0,1095.0
2022-03-10 13:19:00,2100.0,-960.0,1140.0
2022-03-10 13:20:00,1867.5,-693.75,1173.75
2022-03-10 13:21:00,2250.0,-1128.75,1121.25
2022-03-10 13:22:00,2231.25,-1008.75,1222.5
2022-03-10 13:23:00,1702.5,-311.25,1391.25
2022-03-10 13:24:00,1331.25,-52.5,1278.75
2022-03-10 13:25:00,1642.5,-191.25,1451.25
2022-03-10 13:26:00,1646.25,-195.0,1451.25
2022-03-10 13:27:00,1837.5,-326.25,1511.25
2022-03-10 13:28:00,2190.0,-596.25,1593.75
2022-03-10 13:29:00,2040.0,-517.5,1522.5
2022-03-10 13:30:00,2182.5,-648.75,1533.75
2022-03-10 13:31:00,2430.0,-881.25,1548.75
2022-03-10 13:32:00,2550.0,-1065.0,1485.0
2022-03-10 13:33:00,2373.75,-780.0,1593.75
2022-03-10 13:34:00,2332.5,-753.75,1578.75
2022-03-10 13:35:00,2520.0,-855.0,1665.0
2022-03-10 13:36:00,2441.25,-780.0,1661.25
2022-03-10 13:37:00,2520.0,-821.25,1698.75
2022-03-10 13:38:00,2310.0,-502.5,1807.5
2022-03-10 13:39:00,2580.0,-787.5,1792.5
2022-03-10 13:40:00,2497.5,-592.5,1905.0
2022-03-10 13:41:00,3210.0,-1432.5,1777.5
2022-03-10 13:42:00,3348.75,-2156.25,1192.5
2022-03-10 13:43:00,3495.0,-2602.5,892.5
2022-03-10 13:44:00,3731.25,-3513.75,217.5
2022-03-10 13:45:00,3611.25,-3348.75,262.5
2022-03-10 13:46:00,3836.25,-4308.75,-472.5
2022-03-10 13:47:00,3930.0,-4293.75,-363.75
2022-03-10 13:48:00,3776.25,-3682.5,93.75
2022-03-10 13:49:00,4143.75,-4653.75,-510.0
2022-03-10 13:50:00,4278.75,-5471.25,-1192.5
2022-03-10 13:51:00,4323.75,-5610.0,-1286.25
2022-03-10 13:52:00,4425.0,-6228.75,-1803.75
2022-03-10 13:53:00,4301.25,-6153.75,-1852.5
2022-03-10 13:54:00,4286.25,-5808.75,-1522.5
2022-03-10 13:55:00,4383.75,-6251.25,-1867.5
2022-03-10 13:56:00,4398.75,-6435.0,-2036.25
2022-03-10 13:57:00,4357.5,-6341.25,-1983.75
2022-03-10 13:58:00,4312.5,-6108.75,-1796.25
2022-03-10 13:59:00,4297.5,-6090.0,-1792.5
2022-03-10 14:00:00,4305.0,-5955.0,-1650.0
2022-03-10 14:01:00,4455.0,-6506.25,-2051.25
2022-03-10 14:02:00,4413.75,-6138.75,-1725.0
2022-03-10 14:03:00,4492.5,-6843.75,-2351.25
2022-03-10 14:04:00,4518.75,-7597.5,-3078.75
2022-03-10 14:05:00,4541.25,-8133.75,-3592.5
2022-03-10 14:06:00,4522.5,-7777.5,-3255.0
2022-03-10 14:07:00,4473.75,-6971.25,-2497.5
2022-03-10 14:08:00,4500.0,-6986.25,-2486.25
2022-03-10 14:09:00,4470.0,-6206.25,-1736.25
2022-03-10 14:10:00,4485.0,-6802.5,-2317.5
2022-03-10 14:11:00,4496.25,-6813.75,-2317.5
2022-03-10 14:12:00,4503.75,-6671.25,-2167.5
2022-03-10 14:13:00,4492.5,-6528.75,-2036.25
2022-03-10 14:14:00,4518.75,-6442.5,-1923.75
2022-03-10 14:15:00,4485.0,-5745.0,-1260.0
2022-03-10 14:16:00,4548.75,-6416.25,-1867.5
2022-03-10 14:17:00,4522.5,-6153.75,-1631.25
2022-03-10 14:18:00,4537.5,-5906.25,-1368.75
2022-03-10 14:19:00,4541.25,-5842.5,-1301.25
2022-03-10 14:20:00,4601.25,-6037.5,-1436.25
2022-03-10 14:21:00,4657.5,-6536.25,-1878.75
2022-03-10 14:22:00,4683.75,-6678.75,-1995.0
2022-03-10 14:23:00,4676.25,-6251.25,-1575.0
2022-03-10 14:24:00,4672.5,-6360.0,-1687.5
2022-03-10 14:25:00,4680.0,-6273.75,-1593.75
2022-03-10 14:26:00,4680.0,-6217.5,-1537.5
2022-03-10 14:27:00,4695.0,-6367.5,-1672.5
2022-03-10 14:28:00,4695.0,-6135.0,-1440.0
2022-03-10 14:29:00,4713.75,-6180.0,-1466.25
2022-03-10 14:30:00,4702.5,-6060.0,-1357.5
2022-03-10 14:31:00,4590.0,-5392.5,-802.5
2022-03-10 14:32:00,4455.0,-4995.0,-540.0
2022-03-10 14:33:00,4293.75,-4987.5,-693.75
2022-03-10 14:34:00,4387.5,-4972.5,-585.0
2022-03-10 14:35:00,4391.25,-4860.0,-468.75
2022-03-10 14:36:00,4477.5,-4905.0,-427.5
2022-03-10 14:37:00,4428.75,-4818.75,-390.0
2022-03-10 14:38:00,4316.25,-4833.75,-517.5
2022-03-10 14:39:00,4346.25,-4841.25,-495.0
2022-03-10 14:40:00,4211.25,-4762.5,-551.25
2022-03-10 14:41:00,4230.0,-4788.75,-558.75
2022-03-10 14:42:00,4488.75,-4826.25,-337.5
2022-03-10 14:43:00,4642.5,-4845.0,-202.5
2022-03-10 14:44:00,4556.25,-4792.5,-236.25
2022-03-10 14:45:00,4563.75,-4781.25,-217.5
2022-03-10 14:46:00,4657.5,-4845.0,-187.5
2022-03-10 14:47:00,4665.0,-4890.0,-225.0
2022-03-10 14:48:00,4672.5,-4860.0,-187.5
2022-03-10 14:49:00,4691.25,-4848.75,-157.5
2022-03-10 14:50:00,4721.25,-4811.25,-90.0
2022-03-10 14:51:00,4706.25,-4830.0,-123.75
2022-03-10 14:52:00,4713.75,-4755.0,-41.25
2022-03-10 14:53:00,4706.25,-4728.75,-22.5
2022-03-10 14:54:00,4623.75,-4687.5,-63.75
2022-03-10 14:55:00,4635.0,-4687.5,-52.5
2022-03-10 14:56:00,4702.5,-4713.75,-11.25
2022-03-10 14:57:00,4695.0,-4706.25,-11.25
2022-03-10 14:58:00,4680.0,-4683.75,-3.75
2022-03-10 14:59:00,4706.25,-4676.25,30.0
2022-03-10 15:00:00,4740.0,-4770.0,-30.0
2022-03-10 15:01:00,4713.75,-4683.75,30.0
2022-03-10 15:02:00,4680.0,-4650.0,30.0
2022-03-10 15:03:00,4740.0,-4650.0,90.0
2022-03-10 15:04:00,4758.75,-4657.5,101.25
2022-03-10 15:05:00,4770.0,-4627.5,142.5
2022-03-10 15:06:00,4781.25,-4616.25,165.0
2022-03-10 15:07:00,4792.5,-4612.5,180.0
2022-03-10 15:08:00,4785.0,-4605.0,180.0
2022-03-10 15:09:00,4796.25,-4605.0,191.25
2022-03-10 15:10:00,4792.5,-4601.25,191.25
2022-03-10 15:11:00,4792.5,-4601.25,191.25
2022-03-10 15:12:00,4792.5,-4597.5,195.0
2022-03-10 15:13:00,4766.25,-4593.75,172.5
2022-03-10 15:14:00,4785.0,-4590.0,195.0
2022-03-10 15:15:00,4803.75,-4590.0,213.75
2022-03-10 15:16:00,4811.25,-4590.0,221.25
2022-03-10 15:17:00,4818.75,-4590.0,228.75
2022-03-10 15:18:00,4822.5,-4582.5,240.0
2022-03-10 15:19:00,4826.25,-4586.25,240.0
2022-03-10 15:20:00,4826.25,-4578.75,247.5
2022-03-10 15:21:00,4826.25,-4578.75,247.5
2022-03-10 15:22:00,4826.25,-4578.75,247.5
2022-03-10 15:23:00,4826.25,-4578.75,247.5
2022-03-10 15:24:00,4826.25,-4578.75,247.5
2022-03-10 15:25:00,4826.25,-4578.75,247.5
2022-03-10 15:26:00,4826.25,-4578.75,247.5
2022-03-10 15:27:00,4826.25,-4578.75,247.5
2022-03-10 15:28:00,4826.25,-4578.75,247.5
2022-03-10 15:29:00,4826.25,-4578.75,247.5
2022-03-10 15:30:00,4826.25,-4578.75,247.5
2022-03-17 10:15:00,0.0,0.0,0.0
2022-03-17 10:16:00,-52.5,78.75,26.25
2022-03-17 10:17:00,-60.0,82.5,22.5
2022-03-17 10:18:00,-187.5,180.0,-7.5
2022-03-17 10:19:00,-67.5,82.5,15.0
2022-03-17 10:20:00,11.25,-41.25,-30.0
2022-03-17 10:21:00,71.25,-198.75,-127.5
2022-03-17 10:22:00,78.75,-221.25,-142.5
2022-03-17 10:23:00,135.0,-228.75,-93.75
2022-03-17 10:24:00,138.75,-217.5,-78.75
2022-03-17 10:25:00,150.0,-232.5,-82.5
2022-03-17 10:26:00,78.75,-131.25,-52.5
2022-03-17 10:27:00,-11.25,48.75,37.5
2022-03-17 10:28:00,-37.5,63.75,26.25
2022-03-17 10:29:00,93.75,-183.75,-90.0
2022-03-17 10:30:00,116.25,-213.75,-97.5
2022-03-17 10:31:00,67.5,-138.75,-71.25
2022-03-17 10:32:00,101.25,-161.25,-60.0
2022-03-17 10:33:00,176.25,-270.0,-93.75
2022-03-17 10:34:00,198.75,-307.5,-108.75
2022-03-17 10:35:00,228.75,-258.75,-30.0
2022-03-17 10:36:00,131.25,-78.75,52.5
2022-03-17 10:37:00,236.25,-296.25,-60.0
2022-03-17 10:38:00,217.5,-296.25,-78.75
2022-03-17 10:39:00,262.5,-307.5,-45.0
2022-03-17 10:40:00,311.25,-341.25,-30.0
2022-03-17 10:41:00,322.5,-378.75,-56.25
2022-03-17 10:42:00,326.25,-213.75,112.5
2022-03-17 10:43:00,243.75,-41.25,202.5
2022-03-17 10:44:00,213.75,22.5,236.25
2022-03-17 10:45:00,187.5,52.5,240.0
2022-03-17 10:46:00,116.25,165.0,281.25
2022-03-17 10:47:00,127.5,165.0,292.5
2022-03-17 10:48:00,168.75,105.0,273.75
2022-03-17 10:49:00,213.75,41.25,255.0
2022-03-17 10:50:00,202.5,60.0,262.5
2022-03-17 10:51:00,232.5,63.75,296.25
2022-03-17 10:52:00,330.0,-93.75,236.25
2022-03-17 10:53:00,315.0,-108.75,206.25
2022-03-17 10:54:00,341.25,-146.25,195.0
2022-03-17 10:55:00,371.25,-153.75,217.5
2022-03-17 10:56:00,356.25,-183.75,172.5
2022-03-17 10:57:00,345.0,-120.0,225.0
2022-03-17 10:58:00,375.0,-161.25,213.75
2022-03-17 10:59:00,300.0,41.25,341.25
2022-03-17 11:00:00,240.0,146.25,386.25
2022-03-17 11:01:00,333.75,18.75,352.5
2022-03-17 11:02:00,322.5,48.75,371.25
2022-03-17 11:03:00,318.75,45.0,363.75
2022-03-17 11:04:00,247.5,168.75,416.25
2022-03-17 11:05:00,281.25,108.75,390.0
2022-03-17 11:06:00,326.25,37.5,363.75
2022-03-17 11:07:00,367.5,-71.25,296.25
2022-03-17 11:08:00,375.0,-105.0,270.0
2022-03-17 11:09:00,333.75,-41.25,292.5
2022-03-17 11:10:00,348.75,37.5,386.25
2022-03-17 11:11:00,371.25,15.0,386.25
2022-03-17 11:12:00,408.75,-75.0,333.75
2022-03-17 11:13:00,375.0,-11.25,363.75
2022-03-17 11:14:00,348.75,150.0,498.75
2022-03-17 11:15:00,341.25,150.0,491.25
2022-03-17 11:16:00,315.0,202.5,517.5
2022-03-17 11:17:00,337.5,142.5,480.0
2022-03-17 11:18:00,326.25,142.5,468.75
2022-03-17 11:19:00,412.5,26.25,438.75
2022-03-17 11:20:00,408.75,75.0,483.75
2022-03-17 11:21:00,363.75,157.5,521.25
2022-03-17 11:22:00,420.0,48.75,468.75
2022-03-17 11:23:00,375.0,165.0,540.0
2022-03-17 11:24:00,363.75,183.75,547.5
2022-03-17 11:25:00,390.0,157.5,547.5
2022-03-17 11:26:00,408.75,131.25,540.0
2022-03-17 11:27:00,386.25,138.75,525.0
2022-03-17 11:28:00,367.5,165.0,532.5
2022-03-17 11:29:00,401.25,101.25,502.5
2022-03-17 11:30:00,131.25,746.25,877.5
2022-03-17 11:31:00,-3.75,847.5,843.75
2022-03-17 11:32:00,-225.0,832.5,607.5
2022-03-17 11:33:00,-157.5,806.25,648.75
2022-03-17 11:34:00,-232.5,881.25,648.75
2022-03-17 11:35:00,-210.0,821.25,611.25
2022-03-17 11:36:00,-90.0,798.75,708.75
2022-03-17 11:37:00,-82.5,776.25,693.75
2022-03-17 11:38:00,-153.75,866.25,712.5
2022-03-17 11:39:00,-123.75,843.75,720.0
2022-03-17 11:40:00,-236.25,896.25,660.0
2022-03-17 11:41:00,-270.0,978.75,708.75
2022-03-17 11:42:00,-266.25,971.25,705.0
2022-03-17 11:43:00,-213.75,918.75,705.0
2022-03-17 11:44:00,-198.75,918.75,720.0
2022-03-17 11:45:00,-180.0,945.0,765.0
2022-03-17 11:46:00,-393.75,1143.75,750.0
2022-03-17 11:47:00,-303.75,1057.5,753.75
2022-03-17 11:48:00,-311.25,1087.5,776.25
2022-03-17 11:49:00,-468.75,1203.75,735.0
2022-03-17 11:50:00,-427.5,1218.75,791.25
2022-03-17 11:51:00,-408.75,1196.25,787.5
2022-03-17 11:52:00,-322.5,1143.75,821.25
2022-03-17 11:53:00,-348.75,1147.5,798.75
2022-03-17 11:54:00,-513.75,1211.25,697.5
2022-03-17 11:55:00,-693.75,1267.5,573.75
2022-03-17 11:56:00,-626.25,1241.25,615.0
2022-03-17 11:57:00,-551.25,1207.5,656.25
2022-03-17 11:58:00,-487.5,1218.75,731.25
2022-03-17 11:59:00,-461.25,1166.25,705.0
2022-03-17 12:00:00,-420.0,1125.0,705.0
2022-03-17 12:01:00,-461.25,1102.5,641.25
2022-03-17 12:02:00,-405.0,1080.0,675.0
2022-03-17 12:03:00,-247.5,1023.75,776.25
2022-03-17 12:04:00,-333.75,1072.5,738.75
2022-03-17 12:05:00,-161.25,971.25,810.0
2022-03-17 12:06:00,-225.0,1005.0,780.0
2022-03-17 12:07:00,-277.5,1053.75,776.25
2022-03-17 12:08:00,-153.75,975.0,821.25
2022-03-17 12:09:00,191.25,757.5,948.75
2022-03-17 12:10:00,127.5,757.5,885.0
2022-03-17 12:11:00,-33.75,933.75,900.0
2022-03-17 12:12:00,-63.75,915.0,851.25
2022-03-17 12:13:00,-71.25,930.0,858.75
2022-03-17 12:14:00,-150.0,1001.25,851.25
2022-03-17 12:15:00,-131.25,1005.0,873.75
2022-03-17 12:16:00,-123.75,971.25,847.5
2022-03-17 12:17:00,-82.5,960.0,877.5
2022-03-17 12:18:00,0.0,873.75,873.75
2022-03-17 12:19:00,48.75,836.25,885.0
2022-03-17 12:20:00,108.75,772.5,881.25
2022-03-17 12:21:00,-71.25,986.25,915.0
2022-03-17 12:22:00,11.25,877.5,888.75
2022-03-17 12:23:00,-33.75,870.0,836.25
2022-03-17 12:24:00,-187.5,1038.75,851.25
2022-03-17 12:25:00,-168.75,1031.25,862.5
2022-03-17 12:26:00,-375.0,1260.0,885.0
2022-03-17 12:27:00,-525.0,1402.5,877.5
2022-03-17 12:28:00,-461.25,1327.5,866.25
2022-03-17 12:29:00,-412.5,1316.25,903.75
2022-03-17 12:30:00,-543.75,1350.0,806.25
2022-03-17 12:31:00,-701.25,1443.75,742.5
2022-03-17 12:32:00,-532.5,1368.75,836.25
2022-03-17 12:33:00,-626.25,1436.25,810.0
2022-03-17 12:34:00,-592.5,1395.0,802.5
2022-03-17 12:35:00,-618.75,1395.0,776.25
2022-03-17 12:36:00,-761.25,1548.75,787.5
2022-03-17 12:37:00,-622.5,1537.5,915.0
2022-03-17 12:38:00,-742.5,1631.25,888.75
2022-03-17 12:39:00,-948.75,1668.75,720.0
2022-03-17 12:40:00,-1087.5,1710.0,622.5
2022-03-17 12:41:00,-765.0,1623.75,858.75
2022-03-17 12:42:00,-742.5,1601.25,858.75
2022-03-17 12:43:00,-705.0,1620.0,915.0
2022-03-17 12:44:00,-783.75,1623.75,840.0
2022-03-17 12:45:00,-705.0,1601.25,896.25
2022-03-17 12:46:00,-731.25,1668.75,937.5
2022-03-17 12:47:00,-633.75,1605.0,971.25
2022-03-17 12:48:00,-776.25,1706.25,930.0
2022-03-17 12:49:00,-825.0,1766.25,941.25
2022-03-17 12:50:00,-637.5,1687.5,1050.0
2022-03-17 12:51:00,-573.75,1590.0,1016.25
2022-03-17 12:52:00,-367.5,1567.5,1200.0
2022-03-17 12:53:00,-457.5,1567.5,1110.0
2022-03-17 12:54:00,-378.75,1515.0,1136.25
2022-03-17 12:55:00,-341.25,1522.5,1181.25
2022-03-17 12:56:00,-457.5,1575.0,1117.5
2022-03-17 12:57:00,-333.75,1477.5,1143.75
2022-03-17 12:58:00,-292.5,1417.5,1125.0
2022-03-17 12:59:00,-198.75,1402.5,1203.75
2022-03-17 13:00:00,-168.75,1387.5,1218.75
2022-03-17 13:01:00,-356.25,1488.75,1132.5
2022-03-17 13:02:00,-431.25,1582.5,1151.25
2022-03-17 13:03:00,-303.75,1443.75,1140.0
2022-03-17 13:04:00,-176.25,1361.25,1185.0
2022-03-17 13:05:00,-18.75,1196.25,1177.5
2022-03-17 13:06:00,-45.0,1278.75,1233.75
2022-03-17 13:07:00,-26.25,1297.5,1271.25
2022-03-17 13:08:00,-131.25,1335.0,1203.75
2022-03-17 13:09:00,-240.0,1466.25,1226.25
2022-03-17 13:10:00,-243.75,1466.25,1222.5
2022-03-17 13:11:00,-157.5,1368.75,1211.25
2022-03-17 13:12:00,-123.75,1368.75,1245.0
2022-03-17 13:13:00,-142.5,1383.75,1241.25
2022-03-17 13:14:00,-243.75,1477.5,1233.75
2022-03-17 13:15:00,-240.0,1462.5,1222.5
2022-03-17 13:16:00,-311.25,1545.0,1233.75
2022-03-17 13:17:00,-217.5,1443.75,1226.25
2022-03-17 13:18:00,-288.75,1518.75,1230.0
2022-03-17 13:19:00,-266.25,1530.0,1263.75
2022-03-17 13:20:00,-176.25,1440.0,1263.75
2022-03-17 13:21:00,63.75,1233.75,1297.5
2022-03-17 13:22:00,56.25,1286.25,1342.5
2022-03-17 13:23:00,-97.5,1447.5,1350.0
2022-03-17 13:24:00,-176.25,1563.75,1387.5
2022-03-17 13:25:00,-60.0,1432.5,1372.5
2022-03-17 13:26:00,86.25,1290.0,1376.25
2022-03-17 13:27:00,90.0,1271.25,1361.25
2022-03-17 13:28:00,56.25,1331.25,1387.5
2022-03-17 13:29:00,240.0,1218.75,1458.75
2022-03-17 13:30:00,150.0,1323.75,1473.75
2022-03-17 13:31:00,120.0,1368.75,1488.75
2022-03-17 13:32:00,93.75,1410.0,1503.75
2022-03-17 13:33:00,123.75,1383.75,1507.5
2022-03-17 13:34:00,-37.5,1593.75,1556.25
2022-03-17 13:35:00,97.5,1458.75,1556.25
2022-03-17 13:36:00,108.75,1432.5,1541.25
2022-03-17 13:37:00,165.0,1383.75,1548.75
2022-03-17 13:38:00,202.5,1380.0,1582.5
2022-03-17 13:39:00,255.0,1376.25,1631.25
2022-03-17 13:40:00,236.25,1436.25,1672.5
2022-03-17 13:41:00,225.0,1458.75,1683.75
2022-03-17 13:42:00,131.25,1567.5,1698.75
2022-03-17 13:43:00,183.75,1556.25,1740.0
2022-03-17 13:44:00,0.0,1732.5,1732.5
2022-03-17 13:45:00,210.0,1586.25,1796.25
2022-03-17 13:46:00,551.25,1402.5,1953.75
2022-03-17 13:47:00,427.5,1466.25,1893.75
2022-03-17 13:48:00,236.25,1627.5,1863.75
2022-03-17 13:49:00,266.25,1582.5,1848.75
2022-03-17 13:50:00,157.5,1657.5,1815.0
2022-03-17 13:51:00,176.25,1665.0,1841.25
2022-03-17 13:52:00,127.5,1687.5,1815.0
2022-03-17 13:53:00,63.75,1755.0,1818.75
2022-03-17 13:54:00,-108.75,1942.5,1833.75
2022-03-17 13:55:00,-3.75,1953.75,1950.0
2022-03-17 13:56:00,-195.0,2085.0,1890.0
2022-03-17 13:57:00,-191.25,2133.75,1942.5
2022-03-17 13:58:00,-168.75,2145.0,1976.25
2022-03-17 13:59:00,-187.5,2160.0,1972.5
2022-03-17 14:00:00,22.5,2103.75,2126.25
2022-03-17 14:01:00,15.0,2096.25,2111.25
2022-03-17 14:02:00,-86.25,2070.0,1983.75
2022-03-17 14:03:00,-41.25,2081.25,2040.0
2022-03-17 14:04:00,-120.0,2133.75,2013.75
2022-03-17 14:05:00,-198.75,2163.75,1965.0
2022-03-17 14:06:00,-228.75,2257.5,2028.75
2022-03-17 14:07:00,-453.75,2280.0,1826.25
2022-03-17 14:08:00,-592.5,2366.25,1773.75
2022-03-17 14:09:00,-753.75,2388.75,1635.0
2022-03-17 14:10:00,-630.0,2332.5,1702.5
2022-03-17 14:11:00,-401.25,2313.75,1912.5
2022-03-17 14:12:00,-97.5,2227.5,2130.0
2022-03-17 14:13:00,108.75,2186.25,2295.0
2022-03-17 14:14:00,513.75,1987.5,2501.25
2022-03-17 14:15:00,232.5,2137.5,2370.0
2022-03-17 14:16:00,240.0,2118.75,2358.75
2022-03-17 14:17:00,213.75,2141.25,2355.0
2022-03-17 14:18:00,266.25,2111.25,2377.5
2022-03-17 14:19:00,345.0,2103.75,2448.75
2022-03-17 14:20:00,288.75,2148.75,2437.5
2022-03-17 14:21:00,258.75,2167.5,2426.25
2022-03-17 14:22:00,86.25,2302.5,2388.75
2022-03-17 14:23:00,176.25,2310.0,2486.25
2022-03-17 14:24:00,247.5,2313.75,2561.25
2022-03-17 14:25:00,105.0,2385.0,2490.0
2022-03-17 14:26:00,232.5,2325.0,2557.5
2022-03-17 14:27:00,322.5,2313.75,2636.25
2022-03-17 14:28:00,300.0,2310.0,2610.0
2022-03-17 14:29:00,3.75,2445.0,2448.75
2022-03-17 14:30:00,157.5,2415.0,2572.5
2022-03-17 14:31:00,52.5,2456.25,2508.75
2022-03-17 14:32:00,78.75,2456.25,2535.0
2022-03-17 14:33:00,37.5,2482.5,2520.0
2022-03-17 14:34:00,176.25,2478.75,2655.0
2022-03-17 14:35:00,82.5,2475.0,2557.5
2022-03-17 14:36:00,97.5,2471.25,2568.75
2022-03-17 14:37:00,183.75,2467.5,2651.25
2022-03-17 14:38:00,513.75,2415.0,2928.75
2022-03-17 14:39:00,596.25,2385.0,2981.25
2022-03-17 14:40:00,618.75,2415.0,3033.75
2022-03-17 14:41:00,555.0,2467.5,3022.5
2022-03-17 14:42:00,435.0,2497.5,2932.5
2022-03-17 14:43:00,581.25,2467.5,3048.75
2022-03-17 14:44:00,735.0,2422.5,3157.5
2022-03-17 14:45:00,746.25,2422.5,3168.75
2022-03-17 14:46:00,772.5,2437.5,3210.0
2022-03-17 14:47:00,990.0,2351.25,3341.25
2022-03-17 14:48:00,1001.25,2340.0,3341.25
2022-03-17 14:49:00,990.0,2370.0,3360.0
2022-03-17 14:50:00,1087.5,2276.25,3363.75
2022-03-17 14:51:00,1113.75,2280.0,3393.75
2022-03-17 14:52:00,1117.5,2381.25,3498.75
2022-03-17 14:53:00,1125.0,2475.0,3600.0
2022-03-17 14:54:00,1038.75,2538.75,3577.5
2022-03-17 14:55:00,1080.0,2523.75,3603.75
2022-03-17 14:56:00,1121.25,2512.5,3633.75
2022-03-17 14:57:00,1098.75,2546.25,3645.0
2022-03-17 14:58:00,1042.5,2591.25,3633.75
2022-03-17 14:59:00,1016.25,2583.75,3600.0
2022-03-17 15:00:00,941.25,2606.25,3547.5
2022-03-17 15:01:00,1136.25,2625.0,3761.25
2022-03-17 15:02:00,1353.75,2606.25,3960.0
2022-03-17 15:03:00,1346.25,2613.75,3960.0
2022-03-17 15:04:00,1323.75,2643.75,3967.5
2022-03-17 15:05:00,1342.5,2643.75,3986.25
2022-03-17 15:06:00,1391.25,2640.0,4031.25
2022-03-17 15:07:00,1410.0,2655.0,4065.0
2022-03-17 15:08:00,1432.5,2655.0,4087.5
2022-03-17 15:09:00,1436.25,2643.75,4080.0
2022-03-17 15:10:00,1443.75,2632.5,4076.25
2022-03-17 15:11:00,1443.75,2632.5,4076.25
2022-03-17 15:12:00,1455.0,2617.5,4072.5
2022-03-17 15:13:00,1451.25,2651.25,4102.5
2022-03-17 15:14:00,1447.5,2655.0,4102.5
2022-03-17 15:15:00,1455.0,2655.0,4110.0
2022-03-17 15:16:00,1455.0,2670.0,4125.0
2022-03-17 15:17:00,1455.0,2681.25,4136.25
2022-03-17 15:18:00,1455.0,2685.0,4140.0
2022-03-17 15:19:00,1455.0,2688.75,4143.75
2022-03-17 15:20:00,1458.75,2692.5,4151.25
2022-03-17 15:21:00,1458.75,2692.5,4151.25
2022-03-17 15:22:00,1458.75,2692.5,4151.25
2022-03-17 15:23:00,1458.75,2692.5,4151.25
2022-03-17 15:24:00,1458.75,2692.5,4151.25
2022-03-17 15:25:00,1458.75,2692.5,4151.25
2022-03-17 15:26:00,1458.75,2692.5,4151.25
2022-03-17 15:27:00,1458.75,2692.5,4151.25
2022-03-17 15:28:00,1458.75,2692.5,4151.25
2022-03-17 15:29:00,1458.75,2692.5,4151.25
2022-03-17 15:30:00,1458.75,2692.5,4151.25
2022-03-24 10:15:00,0.0,0.0,0.0
2022-03-24 10:16:00,183.75,-176.25,7.5
2022-03-24 10:17:00,288.75,-318.75,-30.0
2022-03-24 10:18:00,378.75,-288.75,90.0
2022-03-24 10:19:00,352.5,-311.25,41.25
2022-03-24 10:20:00,551.25,-401.25,150.0
2022-03-24 10:21:00,525.0,-266.25,258.75
2022-03-24 10:22:00,648.75,-465.0,183.75
2022-03-24 10:23:00,551.25,-303.75,247.5
2022-03-24 10:24:00,757.5,-596.25,161.25
2022-03-24 10:25:00,678.75,-446.25,232.5
2022-03-24 10:26:00,701.25,-468.75,232.5
2022-03-24 10:27:00,648.75,-333.75,315.0
2022-03-24 10:28:00,708.75,-438.75,270.0
2022-03-24 10:29:00,806.25,-588.75,217.5
2022-03-24 10:30:00,768.75,-446.25,322.5
2022-03-24 10:31:00,768.75,-495.0,273.75
2022-03-24 10:32:00,558.75,-187.5,371.25
2022-03-24 10:33:00,570.0,-165.0,405.0
2022-03-24 10:34:00,686.25,-296.25,390.0
2022-03-24 10:35:00,750.0,-386.25,363.75
2022-03-24 10:36:00,701.25,-221.25,480.0
2022-03-24 10:37:00,682.5,-206.25,476.25
2022-03-24 10:38:00,708.75,-232.5,476.25
2022-03-24 10:39:00,697.5,-232.5,465.0
2022-03-24 10:40:00,693.75,-217.5,476.25
2022-03-24 10:41:00,693.75,-183.75,510.0
2022-03-24 10:42:00,753.75,-285.0,468.75
2022-03-24 10:43:00,768.75,-345.0,423.75
2022-03-24 10:44:00,776.25,-412.5,363.75
2022-03-24 10:45:00,798.75,-420.0,378.75
2022-03-24 10:46:00,645.0,-56.25,588.75
2022-03-24 10:47:00,540.0,60.0,600.0
2022-03-24 10:48:00,603.75,-3.75,600.0
2022-03-24 10:49:00,667.5,-67.5,600.0
2022-03-24 10:50:00,738.75,-138.75,600.0
2022-03-24 10:51:00,757.5,-183.75,573.75
2022-03-24 10:52:00,735.0,-135.0,600.0
2022-03-24 10:53:00,701.25,-63.75,637.5
2022-03-24 10:54:00,735.0,-131.25,603.75
2022-03-24 10:55:00,735.0,-97.5,637.5
2022-03-24 10:56:00,693.75,-18.75,675.0
2022-03-24 10:57:00,671.25,18.75,690.0
2022-03-24 10:58:00,600.0,82.5,682.5
2022-03-24 10:59:00,633.75,75.0,708.75
2022-03-24 11:00:00,660.0,48.75,708.75
2022-03-24 11:01:00,686.25,33.75,720.0
2022-03-24 11:02:00,727.5,-11.25,716.25
2022-03-24 11:03:00,618.75,150.0,768.75
2022-03-24 11:04:00,405.0,487.5,892.5
2022-03-24 11:05:00,240.0,577.5,817.5
2022-03-24 11:06:00,247.5,540.0,787.5
2022-03-24 11:07:00,281.25,540.0,821.25
2022-03-24 11:08:00,251.25,592.5,843.75
2022-03-24 11:09:00,210.0,618.75,828.75
2022-03-24 11:10:00,-258.75,851.25,592.5
2022-03-24 11:11:00,-71.25,783.75,712.5
2022-03-24 11:12:00,-63.75,780.0,716.25
2022-03-24 11:13:00,-97.5,750.0,652.5
2022-03-24 11:14:00,-123.75,772.5,648.75
2022-03-24 11:15:00,-120.0,783.75,663.75
2022-03-24 11:16:00,-7.5,735.0,727.5
2022-03-24 11:17:00,41.25,738.75,780.0
2022-03-24 11:18:00,71.25,693.75,765.0
2022-03-24 11:19:00,187.5,652.5,840.0
2022-03-24 11:20:00,296.25,630.0,926.25
2022-03-24 11:21:00,288.75,641.25,930.0
2022-03-24 11:22:00,228.75,667.5,896.25
2022-03-24 11:23:00,191.25,705.0,896.25
2022-03-24 11:24:00,127.5,738.75,866.25
2022-03-24 11:25:00,-138.75,896.25,757.5
2022-03-24 11:26:00,-56.25,892.5,836.25
2022-03-24 11:27:00,3.75,870.0,873.75
2022-03-24 11:28:00,-3.75,866.25,862.5
2022-03-24 11:29:00,-7.5,870.0,862.5
2022-03-24 11:30:00,-30.0,888.75,858.75
2022-03-24 11:31:00,-191.25,952.5,761.25
2022-03-24 11:32:00,60.0,855.0,915.0
2022-03-24 11:33:00,52.5,862.5,915.0
2022-03-24 11:34:00,-48.75,881.25,832.5
2022-03-24 11:35:00,7.5,862.5,870.0
2022-03-24 11:36:00,86.25,847.5,933.75
2022-03-24 11:37:00,112.5,840.0,952.5
2022-03-24 11:38:00,-26.25,903.75,877.5
2022-03-24 11:39:00,-22.5,900.0,877.5
2022-03-24 11:40:00,67.5,855.0,922.5
2022-03-24 11:41:00,-3.75,885.0,881.25
2022-03-24 11:42:00,146.25,810.0,956.25
2022-03-24 11:43:00,228.75,795.0,1023.75
2022-03-24 11:44:00,288.75,783.75,1072.5
2022-03-24 11:45:00,453.75,731.25,1185.0
2022-03-24 11:46:00,592.5,712.5,1305.0
2022-03-24 11:47:00,671.25,660.0,1331.25
2022-03-24 11:48:00,810.0,645.0,1455.0
2022-03-24 11:49:00,881.25,555.0,1436.25
2022-03-24 11:50:00,828.75,600.0,1428.75
2022-03-24 11:51:00,997.5,442.5,1440.0
2022-03-24 11:52:00,1072.5,382.5,1455.0
2022-03-24 11:53:00,1091.25,240.0,1331.25
2022-03-24 11:54:00,1042.5,401.25,1443.75
2022-03-24 11:55:00,1046.25,397.5,1443.75
2022-03-24 11:56:00,930.0,581.25,1511.25
2022-03-24 11:57:00,1057.5,266.25,1323.75
2022-03-24 11:58:00,1188.75,176.25,1365.0
2022-03-24 11:59:00,1057.5,442.5,1500.0
2022-03-24 12:00:00,1095.0,356.25,1451.25
2022-03-24 12:01:00,1102.5,337.5,1440.0
2022-03-24 12:02:00,1091.25,330.0,1421.25
2022-03-24 12:03:00,1080.0,442.5,1522.5
2022-03-24 12:04:00,1263.75,127.5,1391.25
2022-03-24 12:05:00,1323.75,63.75,1387.5
2022-03-24 12:06:00,1323.75,-15.0,1308.75
2022-03-24 12:07:00,1353.75,-116.25,1237.5
2022-03-24 12:08:00,1335.0,-48.75,1286.25
2022-03-24 12:09:00,1342.5,22.5,1365.0
2022-03-24 12:10:00,1301.25,161.25,1462.5
2022-03-24 12:11:00,1308.75,86.25,1395.0
2022-03-24 12:12:00,1308.75,18.75,1327.5
2022-03-24 12:13:00,1323.75,-48.75,1275.0
2022-03-24 12:14:00,1391.25,-483.75,907.5
2022-03-24 12:15:00,1425.0,-791.25,633.75
2022-03-24 12:16:00,1458.75,-1177.5,281.25
2022-03-24 12:17:00,1496.25,-1248.75,247.5
2022-03-24 12:18:00,1462.5,-761.25,701.25
2022-03-24 12:19:00,1462.5,-558.75,903.75
2022-03-24 12:20:00,1496.25,-813.75,682.5
2022-03-24 12:21:00,1455.0,-525.0,930.0
2022-03-24 12:22:00,1492.5,-1042.5,450.0
2022-03-24 12:23:00,1605.0,-1530.0,75.0
2022-03-24 12:24:00,1593.75,-1912.5,-318.75
2022-03-24 12:25:00,1567.5,-1488.75,78.75
2022-03-24 12:26:00,1548.75,-1301.25,247.5
2022-03-24 12:27:00,1537.5,-1290.0,247.5
2022-03-24 12:28:00,1530.0,-1211.25,318.75
2022-03-24 12:29:00,1541.25,-1275.0,266.25
2022-03-24 12:30:00,1582.5,-1687.5,-105.0
2022-03-24 12:31:00,1567.5,-1188.75,378.75
2022-03-24 12:32:00,1582.5,-1147.5,435.0
2022-03-24 12:33:00,1571.25,-975.0,596.25
2022-03-24 12:34:00,1548.75,-738.75,810.0
2022-03-24 12:35:00,1537.5,-843.75,693.75
2022-03-24 12:36:00,1552.5,-986.25,566.25
2022-03-24 12:37:00,1571.25,-1181.25,390.0
2022-03-24 12:38:00,1578.75,-1398.75,180.0
2022-03-24 12:39:00,1563.75,-1215.0,348.75
2022-03-24 12:40:00,1552.5,-1151.25,401.25
2022-03-24 12:41:00,1552.5,-1263.75,288.75
2022-03-24 12:42:00,1545.0,-1061.25,483.75
2022-03-24 12:43:00,1488.75,-472.5,1016.25
2022-03-24 12:44:00,1515.0,-633.75,881.25
2022-03-24 12:45:00,1522.5,-660.0,862.5
2022-03-24 12:46:00,1552.5,-978.75,573.75
2022-03-24 12:47:00,1526.25,-626.25,900.0
2022-03-24 12:48:00,1511.25,-438.75,1072.5
2022-03-24 12:49:00,1537.5,-675.0,862.5
2022-03-24 12:50:00,1518.75,-600.0,918.75
2022-03-24 12:51:00,1515.0,-558.75,956.25
2022-03-24 12:52:00,1518.75,-498.75,1020.0
2022-03-24 12:53:00,1548.75,-705.0,843.75
2022-03-24 12:54:00,1582.5,-941.25,641.25
2022-03-24 12:55:00,1605.0,-1185.0,420.0
2022-03-24 12:56:00,1593.75,-997.5,596.25
2022-03-24 12:57:00,1578.75,-806.25,772.5
2022-03-24 12:58:00,1590.0,-821.25,768.75
2022-03-24 12:59:00,1597.5,-855.0,742.5
2022-03-24 13:00:00,1593.75,-585.0,1008.75
2022-03-24 13:01:00,1601.25,-540.0,1061.25
2022-03-24 13:02:00,1590.0,-480.0,1110.0
2022-03-24 13:03:00,1578.75,-273.75,1305.0
2022-03-24 13:04:00,1582.5,-187.5,1395.0
2022-03-24 13:05:00,1556.25,-45.0,1511.25
2022-03-24 13:06:00,1578.75,-198.75,1380.0
2022-03-24 13:07:00,1593.75,-258.75,1335.0
2022-03-24 13:08:00,1597.5,-300.0,1297.5
2022-03-24 13:09:00,1608.75,-420.0,1188.75
2022-03-24 13:10:00,1605.0,-337.5,1267.5
2022-03-24 13:11:00,1623.75,-453.75,1170.0
2022-03-24 13:12:00,1657.5,-558.75,1098.75
2022-03-24 13:13:00,1661.25,-386.25,1275.0
2022-03-24 13:14:00,1728.75,-997.5,731.25
2022-03-24 13:15:00,1721.25,-1398.75,322.5
2022-03-24 13:16:00,1706.25,-915.0,791.25
2022-03-24 13:17:00,1706.25,-896.25,810.0
2022-03-24 13:18:00,1691.25,-577.5,1113.75
2022-03-24 13:19:00,1698.75,-671.25,1027.5
2022-03-24 13:20:00,1691.25,-480.0,1211.25
2022-03-24 13:21:00,1691.25,-352.5,1338.75
2022-03-24 13:22:00,1702.5,-551.25,1151.25
2022-03-24 13:23:00,1691.25,-427.5,1263.75
2022-03-24 13:24:00,1698.75,-465.0,1233.75
2022-03-24 13:25:00,1710.0,-457.5,1252.5
2022-03-24 13:26:00,1713.75,-585.0,1128.75
2022-03-24 13:27:00,1631.25,247.5,1878.75
2022-03-24 13:28:00,1571.25,675.0,2246.25
2022-03-24 13:29:00,1515.0,832.5,2347.5
2022-03-24 13:30:00,1571.25,742.5,2313.75
2022-03-24 13:31:00,1590.0,701.25,2291.25
2022-03-24 13:32:00,1620.0,675.0,2295.0
2022-03-24 13:33:00,1567.5,843.75,2411.25
2022-03-24 13:34:00,1601.25,855.0,2456.25
2022-03-24 13:35:00,1605.0,870.0,2475.0
2022-03-24 13:36:00,1661.25,765.0,2426.25
2022-03-24 13:37:00,1676.25,697.5,2373.75
2022-03-24 13:38:00,1650.0,701.25,2351.25
2022-03-24 13:39:00,1676.25,641.25,2317.5
2022-03-24 13:40:00,1687.5,405.0,2092.5
2022-03-24 13:41:00,1698.75,378.75,2077.5
2022-03-24 13:42:00,1717.5,108.75,1826.25
2022-03-24 13:43:00,1702.5,157.5,1860.0
2022-03-24 13:44:00,1721.25,150.0,1871.25
2022-03-24 13:45:00,1717.5,221.25,1938.75
2022-03-24 13:46:00,1721.25,-48.75,1672.5
2022-03-24 13:47:00,1747.5,-375.0,1372.5
2022-03-24 13:48:00,1740.0,-345.0,1395.0
2022-03-24 13:49:00,1736.25,-198.75,1537.5
2022-03-24 13:50:00,1728.75,-22.5,1706.25
2022-03-24 13:51:00,1725.0,270.0,1995.0
2022-03-24 13:52:00,1721.25,202.5,1923.75
2022-03-24 13:53:00,1728.75,123.75,1852.5
2022-03-24 13:54:00,1713.75,318.75,2032.5
2022-03-24 13:55:00,1717.5,281.25,1998.75
2022-03-24 13:56:00,1725.0,281.25,2006.25
2022-03-24 13:57:00,1740.0,30.0,1770.0
2022-03-24 13:58:00,1747.5,22.5,1770.0
2022-03-24 13:59:00,1751.25,191.25,1942.5
2022-03-24 14:00:00,1762.5,93.75,1856.25
2022-03-24 14:01:00,1736.25,292.5,2028.75
2022-03-24 14:02:00,1743.75,371.25,2115.0
2022-03-24 14:03:00,1736.25,427.5,2163.75
2022-03-24 14:04:00,1728.75,506.25,2235.0
2022-03-24 14:05:00,1687.5,825.0,2512.5
2022-03-24 14:06:00,1732.5,787.5,2520.0
2022-03-24 14:07:00,1717.5,896.25,2613.75
2022-03-24 14:08:00,1698.75,948.75,2647.5
2022-03-24 14:09:00,1710.0,907.5,2617.5
2022-03-24 14:10:00,1702.5,997.5,2700.0
2022-03-24 14:11:00,1698.75,1008.75,2707.5
2022-03-24 14:12:00,1691.25,1166.25,2857.5
2022-03-24 14:13:00,1706.25,1200.0,2906.25
2022-03-24 14:14:00,1691.25,1233.75,2925.0
2022-03-24 14:15:00,1695.0,1226.25,2921.25
2022-03-24 14:16:00,1751.25,1061.25,2812.5
2022-03-24 14:17:00,1743.75,1143.75,2887.5
2022-03-24 14:18:00,1758.75,1177.5,2936.25
2022-03-24 14:19:00,1766.25,1098.75,2865.0
2022-03-24 14:20:00,1781.25,1008.75,2790.0
2022-03-24 14:21:00,1788.75,930.0,2718.75
2022-03-24 14:22:00,1796.25,1080.0,2876.25
2022-03-24 14:23:00,1788.75,1181.25,2970.0
2022-03-24 14:24:00,1762.5,1278.75,3041.25
2022-03-24 14:25:00,1770.0,1301.25,3071.25
2022-03-24 14:26:00,1785.0,1290.0,3075.0
2022-03-24 14:27:00,1773.75,1372.5,3146.25
2022-03-24 14:28:00,1736.25,1421.25,3157.5
2022-03-24 14:29:00,1740.0,1440.0,3180.0
2022-03-24 14:30:00,1736.25,1440.0,3176.25
2022-03-24 14:31:00,1732.5,1458.75,3191.25
2022-03-24 14:32:00,1803.75,1391.25,3195.0
2022-03-24 14:33:00,1785.0,1372.5,3157.5
2022-03-24 14:34:00,1785.0,1473.75,3258.75
2022-03-24 14:35:00,1781.25,1470.0,3251.25
2022-03-24 14:36:00,1785.0,1458.75,3243.75
2022-03-24 14:37:00,1796.25,1421.25,3217.5
2022-03-24 14:38:00,1796.25,1466.25,3262.5
2022-03-24 14:39:00,1792.5,1473.75,3266.25
2022-03-24 14:40:00,1803.75,1481.25,3285.0
2022-03-24 14:41:00,1815.0,1451.25,3266.25
2022-03-24 14:42:00,1818.75,1481.25,3300.0
2022-03-24 14:43:00,1815.0,1492.5,3307.5
2022-03-24 14:44:00,1818.75,1473.75,3292.5
2022-03-24 14:45:00,1822.5,1485.0,3307.5
2022-03-24 14:46:00,1822.5,1500.0,3322.5
2022-03-24 14:47:00,1822.5,1530.0,3352.5
2022-03-24 14:48:00,1822.5,1548.75,3371.25
2022-03-24 14:49:00,1815.0,1575.0,3390.0
2022-03-24 14:50:00,1822.5,1567.5,3390.0
2022-03-24 14:51:00,1826.25,1578.75,3405.0
2022-03-24 14:52:00,1830.0,1578.75,3408.75
2022-03-24 14:53:00,1837.5,1537.5,3375.0
2022-03-24 14:54:00,1841.25,1526.25,3367.5
2022-03-24 14:55:00,1841.25,1571.25,3412.5
2022-03-24 14:56:00,1841.25,1556.25,3397.5
2022-03-24 14:57:00,1841.25,1575.0,3416.25
2022-03-24 14:58:00,1833.75,1578.75,3412.5
2022-03-24 14:59:00,1830.0,1593.75,3423.75
2022-03-24 15:00:00,1837.5,1582.5,3420.0
2022-03-24 15:01:00,1830.0,1605.0,3435.0
2022-03-24 15:02:00,1841.25,1605.0,3446.25
2022-03-24 15:03:00,1837.5,1582.5,3420.0
2022-03-24 15:04:00,1837.5,1601.25,3438.75
2022-03-24 15:05:00,1841.25,1620.0,3461.25
2022-03-24 15:06:00,1845.0,1616.25,3461.25
2022-03-24 15:07:00,1845.0,1631.25,3476.25
2022-03-24 15:08:00,1848.75,1631.25,3480.0
2022-03-24 15:09:00,1848.75,1638.75,3487.5
2022-03-24 15:10:00,1852.5,1635.0,3487.5
2022-03-24 15:11:00,1852.5,1642.5,3495.0
2022-03-24 15:12:00,1852.5,1646.25,3498.75
2022-03-24 15:13:00,1852.5,1650.0,3502.5
2022-03-24 15:14:00,1856.25,1646.25,3502.5
2022-03-24 15:15:00,1856.25,1650.0,3506.25
2022-03-24 15:16:00,1860.0,1650.0,3510.0
2022-03-24 15:17:00,1860.0,1650.0,3510.0
2022-03-24 15:18:00,1860.0,1653.75,3513.75
2022-03-24 15:19:00,1860.0,1653.75,3513.75
2022-03-24 15:20:00,1856.25,1653.75,3510.0
2022-03-24 15:21:00,1856.25,1653.75,3510.0
2022-03-24 15:22:00,1856.25,1653.75,3510.0
2022-03-24 15:23:00,1856.25,1653.75,3510.0
2022-03-24 15:24:00,1856.25,1653.75,3510.0
2022-03-24 15:25:00,1856.25,1653.75,3510.0
2022-03-24 15:26:00,1856.25,1653.75,3510.0
2022-03-24 15:27:00,1856.25,1653.75,3510.0
2022-03-24 15:28:00,1856.25,1653.75,3510.0
2022-03-24 15:29:00,1856.25,1653.75,3510.0
2022-03-24 15:30:00,1856.25,1653.75,3510.0
2022-03-31 10:15:00,0.0,0.0,0.0
2022-03-31 10:16:00,-48.75,52.5,3.75
2022-03-31 10:17:00,-37.5,18.75,-18.75
2022-03-31 10:18:00,82.5,-67.5,15.0
2022-03-31 10:19:00,101.25,-127.5,-26.25
2022-03-31 10:20:00,210.0,-262.5,-52.5
2022-03-31 10:21:00,176.25,-311.25,-135.0
2022-03-31 10:22:00,161.25,-300.0,-138.75
2022-03-31 10:23:00,183.75,-341.25,-157.5
2022-03-31 10:24:00,202.5,-345.0,-142.5
2022-03-31 10:25:00,176.25,-341.25,-165.0
2022-03-31 10:26:00,202.5,-390.0,-187.5
2022-03-31 10:27:00,142.5,-296.25,-153.75
2022-03-31 10:28:00,187.5,-375.0,-187.5
2022-03-31 10:29:00,176.25,-311.25,-135.0
2022-03-31 10:30:00,213.75,-360.0,-146.25
2022-03-31 10:31:00,157.5,-206.25,-48.75
2022-03-31 10:32:00,176.25,-262.5,-86.25
2022-03-31 10:33:00,273.75,-506.25,-232.5
2022-03-31 10:34:00,270.0,-525.0,-255.0
2022-03-31 10:35:00,262.5,-465.0,-202.5
2022-03-31 10:36:00,262.5,-468.75,-206.25
2022-03-31 10:37:00,348.75,-611.25,-262.5
2022-03-31 10:38:00,352.5,-570.0,-217.5
2022-03-31 10:39:00,405.0,-585.0,-180.0
2022-03-31 10:40:00,480.0,-735.0,-255.0
2022-03-31 10:41:00,427.5,-592.5,-165.0
2022-03-31 10:42:00,427.5,-592.5,-165.0
2022-03-31 10:43:00,386.25,-427.5,-41.25
2022-03-31 10:44:00,465.0,-652.5,-187.5
2022-03-31 10:45:00,442.5,-573.75,-131.25
2022-03-31 10:46:00,367.5,-416.25,-48.75
2022-03-31 10:47:00,367.5,-461.25,-93.75
2022-03-31 10:48:00,427.5,-615.0,-187.5
2022-03-31 10:49:00,438.75,-727.5,-288.75
2022-03-31 10:50:00,476.25,-858.75,-382.5
2022-03-31 10:51:00,457.5,-678.75,-221.25
2022-03-31 10:52:00,442.5,-570.0,-127.5
2022-03-31 10:53:00,397.5,-476.25,-78.75
2022-03-31 10:54:00,423.75,-562.5,-138.75
2022-03-31 10:55:00,382.5,-435.0,-52.5
2022-03-31 10:56:00,348.75,-345.0,3.75
2022-03-31 10:57:00,330.0,-326.25,3.75
2022-03-31 10:58:00,296.25,-180.0,116.25
2022-03-31 10:59:00,303.75,-157.5,146.25
2022-03-31 11:00:00,300.0,-191.25,108.75
2022-03-31 11:01:00,333.75,-270.0,63.75
2022-03-31 11:02:00,382.5,-318.75,63.75
2022-03-31 11:03:00,408.75,-375.0,33.75
2022-03-31 11:04:00,360.0,-221.25,138.75
2022-03-31 11:05:00,420.0,-363.75,56.25
2022-03-31 11:06:00,390.0,-281.25,108.75
2022-03-31 11:07:00,420.0,-423.75,-3.75
2022-03-31 11:08:00,457.5,-506.25,-48.75
2022-03-31 11:09:00,461.25,-483.75,-22.5
2022-03-31 11:10:00,438.75,-472.5,-33.75
2022-03-31 11:11:00,450.0,-480.0,-30.0
2022-03-31 11:12:00,521.25,-660.0,-138.75
2022-03-31 11:13:00,517.5,-678.75,-161.25
2022-03-31 11:14:00,513.75,-731.25,-217.5
2022-03-31 11:15:00,472.5,-532.5,-60.0
2022-03-31 11:16:00,498.75,-667.5,-168.75
2022-03-31 11:17:00,487.5,-566.25,-78.75
2022-03-31 11:18:00,543.75,-817.5,-273.75
2022-03-31 11:19:00,562.5,-836.25,-273.75
2022-03-31 11:20:00,577.5,-960.0,-382.5
2022-03-31 11:21:00,547.5,-716.25,-168.75
2022-03-31 11:22:00,555.0,-888.75,-333.75
2022-03-31 11:23:00,547.5,-738.75,-191.25
2022-03-31 11:24:00,495.0,-491.25,3.75
2022-03-31 11:25:00,513.75,-618.75,-105.0
2022-03-31 11:26:00,510.0,-607.5,-97.5
2022-03-31 11:27:00,513.75,-682.5,-168.75
2022-03-31 11:28:00,521.25,-622.5,-101.25
2022-03-31 11:29:00,528.75,-652.5,-123.75
2022-03-31 11:30:00,600.0,-858.75,-258.75
2022-03-31 11:31:00,607.5,-858.75,-251.25
2022-03-31 11:32:00,570.0,-705.0,-135.0
2022-03-31 11:33:00,536.25,-540.0,-3.75
2022-03-31 11:34:00,566.25,-716.25,-150.0
2022-03-31 11:35:00,656.25,-1421.25,-765.0
2022-03-31 11:36:00,558.75,-1312.5,-753.75
2022-03-31 11:37:00,498.75,-1143.75,-645.0
2022-03-31 11:38:00,510.0,-1110.0,-600.0
2022-03-31 11:39:00,577.5,-1290.0,-712.5
2022-03-31 11:40:00,525.0,-1203.75,-678.75
2022-03-31 11:41:00,540.0,-1125.0,-585.0
2022-03-31 11:42:00,603.75,-1211.25,-607.5
2022-03-31 11:43:00,798.75,-1571.25,-772.5
2022-03-31 11:44:00,765.0,-1380.0,-615.0
2022-03-31 11:45:00,952.5,-1732.5,-780.0
2022-03-31 11:46:00,885.0,-1447.5,-562.5
2022-03-31 11:47:00,1001.25,-1567.5,-566.25
2022-03-31 11:48:00,1065.0,-1661.25,-596.25
2022-03-31 11:49:00,1117.5,-1627.5,-510.0
2022-03-31 11:50:00,1095.0,-1507.5,-412.5
2022-03-31 11:51:00,1053.75,-1563.75,-510.0
2022-03-31 11:52:00,1035.0,-1496.25,-461.25
2022-03-31 11:53:00,1065.0,-1627.5,-562.5
2022-03-31 11:54:00,1143.75,-1942.5,-798.75
2022-03-31 11:55:00,1200.0,-2025.0,-825.0
2022-03-31 11:56:00,1252.5,-2261.25,-1008.75
2022-03-31 11:57:00,1338.75,-2411.25,-1072.5
2022-03-31 11:58:00,1327.5,-2265.0,-937.5
2022-03-31 11:59:00,1245.0,-1946.25,-701.25
2022-03-31 12:00:00,1188.75,-1807.5,-618.75
2022-03-31 12:01:00,1181.25,-1961.25,-780.0
2022-03-31 12:02:00,1113.75,-1792.5,-678.75
2022-03-31 12:03:00,1065.0,-1638.75,-573.75
2022-03-31 12:04:00,1162.5,-1893.75,-731.25
2022-03-31 12:05:00,1173.75,-2055.0,-881.25
2022-03-31 12:06:00,1166.25,-2010.0,-843.75
2022-03-31 12:07:00,1207.5,-2096.25,-888.75
2022-03-31 12:08:00,1222.5,-2201.25,-978.75
2022-03-31 12:09:00,1256.25,-2156.25,-900.0
2022-03-31 12:10:00,1432.5,-2591.25,-1158.75
2022-03-31 12:11:00,1477.5,-2835.0,-1357.5
2022-03-31 12:12:00,1447.5,-2437.5,-990.0
2022-03-31 12:13:00,1447.5,-2508.75,-1061.25
2022-03-31 12:14:00,1312.5,-2096.25,-783.75
2022-03-31 12:15:00,1207.5,-1732.5,-525.0
2022-03-31 12:16:00,1128.75,-1575.0,-446.25
2022-03-31 12:17:00,1263.75,-1751.25,-487.5
2022-03-31 12:18:00,1155.0,-1593.75,-438.75
2022-03-31 12:19:00,1110.0,-1458.75,-348.75
2022-03-31 12:20:00,1095.0,-1447.5,-352.5
2022-03-31 12:21:00,1143.75,-1443.75,-300.0
2022-03-31 12:22:00,1042.5,-1181.25,-138.75
2022-03-31 12:23:00,1158.75,-1432.5,-273.75
2022-03-31 12:24:00,1102.5,-1338.75,-236.25
2022-03-31 12:25:00,1083.75,-1293.75,-210.0
2022-03-31 12:26:00,1158.75,-1443.75,-285.0
2022-03-31 12:27:00,1215.0,-1552.5,-337.5
2022-03-31 12:28:00,1203.75,-1496.25,-292.5
2022-03-31 12:29:00,1185.0,-1485.0,-300.0
2022-03-31 12:30:00,1020.0,-963.75,56.25
2022-03-31 12:31:00,877.5,-738.75,138.75
2022-03-31 12:32:00,693.75,-468.75,225.0
2022-03-31 12:33:00,738.75,-536.25,202.5
2022-03-31 12:34:00,772.5,-566.25,206.25
2022-03-31 12:35:00,911.25,-690.0,221.25
2022-03-31 12:36:00,851.25,-671.25,180.0
2022-03-31 12:37:00,746.25,-558.75,187.5
2022-03-31 12:38:00,798.75,-652.5,146.25
2022-03-31 12:39:00,750.0,-543.75,206.25
2022-03-31 12:40:00,690.0,-405.0,285.0
2022-03-31 12:41:00,735.0,-423.75,311.25
2022-03-31 12:42:00,742.5,-390.0,352.5
2022-03-31 12:43:00,915.0,-532.5,382.5
2022-03-31 12:44:00,933.75,-517.5,416.25
2022-03-31 12:45:00,926.25,-547.5,378.75
2022-03-31 12:46:00,1121.25,-618.75,502.5
2022-03-31 12:47:00,1237.5,-731.25,506.25
2022-03-31 12:48:00,1008.75,-506.25,502.5
2022-03-31 12:49:00,926.25,-416.25,510.0
2022-03-31 12:50:00,791.25,-322.5,468.75
2022-03-31 12:51:00,873.75,-412.5,461.25
2022-03-31 12:52:00,870.0,-423.75,446.25
2022-03-31 12:53:00,956.25,-498.75,457.5
2022-03-31 12:54:00,1016.25,-532.5,483.75
2022-03-31 12:55:00,1128.75,-693.75,435.0
2022-03-31 12:56:00,1102.5,-607.5,495.0
2022-03-31 12:57:00,1102.5,-641.25,461.25
2022-03-31 12:58:00,1038.75,-483.75,555.0
2022-03-31 12:59:00,930.0,-345.0,585.0
2022-03-31 13:00:00,963.75,-423.75,540.0
2022-03-31 13:01:00,918.75,-378.75,540.0
2022-03-31 13:02:00,690.0,153.75,843.75
2022-03-31 13:03:00,678.75,240.0,918.75
2022-03-31 13:04:00,633.75,277.5,911.25
2022-03-31 13:05:00,810.0,157.5,967.5
2022-03-31 13:06:00,847.5,168.75,1016.25
2022-03-31 13:07:00,708.75,258.75,967.5
2022-03-31 13:08:00,596.25,363.75,960.0
2022-03-31 13:09:00,435.0,468.75,903.75
2022-03-31 13:10:00,281.25,532.5,813.75
2022-03-31 13:11:00,525.0,401.25,926.25
2022-03-31 13:12:00,585.0,371.25,956.25
2022-03-31 13:13:00,686.25,345.0,1031.25
2022-03-31 13:14:00,660.0,375.0,1035.0
2022-03-31 13:15:00,813.75,281.25,1095.0
2022-03-31 13:16:00,780.0,273.75,1053.75
2022-03-31 13:17:00,1143.75,15.0,1158.75
2022-03-31 13:18:00,1230.0,-18.75,1211.25
2022-03-31 13:19:00,1312.5,-138.75,1173.75
2022-03-31 13:20:00,1335.0,-180.0,1155.0
2022-03-31 13:21:00,1368.75,-281.25,1087.5
2022-03-31 13:22:00,1488.75,-498.75,990.0
2022-03-31 13:23:00,1601.25,-570.0,1031.25
2022-03-31 13:24:00,1590.0,-393.75,1196.25
2022-03-31 13:25:00,1687.5,-536.25,1151.25
2022-03-31 13:26:00,1601.25,-435.0,1166.25
2022-03-31 13:27:00,1462.5,-198.75,1263.75
2022-03-31 13:28:00,1402.5,-63.75,1338.75
2022-03-31 13:29:00,1466.25,-296.25,1170.0
2022-03-31 13:30:00,1751.25,-1012.5,738.75
2022-03-31 13:31:00,1612.5,-648.75,963.75
2022-03-31 13:32:00,1676.25,-798.75,877.5
2022-03-31 13:33:00,1710.0,-742.5,967.5
2022-03-31 13:34:00,1687.5,-723.75,963.75
2022-03-31 13:35:00,1706.25,-817.5,888.75
2022-03-31 13:36:00,1560.0,-243.75,1316.25
2022-03-31 13:37:00,1672.5,-615.0,1057.5
2022-03-31 13:38:00,1642.5,-543.75,1098.75
2022-03-31 13:39:00,1668.75,-686.25,982.5
2022-03-31 13:40:00,1736.25,-851.25,885.0
2022-03-31 13:41:00,1717.5,-776.25,941.25
2022-03-31 13:42:00,1713.75,-600.0,1113.75
2022-03-31 13:43:00,1766.25,-720.0,1046.25
2022-03-31 13:44:00,1755.0,-637.5,1117.5
2022-03-31 13:45:00,1878.75,-798.75,1080.0
2022-03-31 13:46:00,2010.0,-960.0,1050.0
2022-03-31 13:47:00,1980.0,-678.75,1301.25
2022-03-31 13:48:00,1957.5,-588.75,1368.75
2022-03-31 13:49:00,1946.25,-615.0,1331.25
2022-03-31 13:50:00,1983.75,-735.0,1248.75
2022-03-31 13:51:00,2036.25,-847.5,1188.75
2022-03-31 13:52:00,1987.5,-671.25,1316.25
2022-03-31 13:53:00,2021.25,-828.75,1192.5
2022-03-31 13:54:00,2043.75,-948.75,1095.0
2022-03-31 13:55:00,2028.75,-787.5,1241.25
2022-03-31 13:56:00,1923.75,-217.5,1706.25
2022-03-31 13:57:00,1852.5,-393.75,1458.75
2022-03-31 13:58:00,1897.5,-690.0,1207.5
2022-03-31 13:59:00,1908.75,-753.75,1155.0
2022-03-31 14:00:00,1923.75,-821.25,1102.5
2022-03-31 14:01:00,2058.75,-1290.0,768.75
2022-03-31 14:02:00,2077.5,-1335.0,742.5
2022-03-31 14:03:00,2122.5,-1533.75,588.75
2022-03-31 14:04:00,2122.5,-1428.75,693.75
2022-03-31 14:05:00,2130.0,-1515.0,615.0
2022-03-31 14:06:00,2141.25,-2347.5,-206.25
2022-03-31 14:07:00,2186.25,-1965.0,221.25
2022-03-31 14:08:00,2186.25,-1845.0,341.25
2022-03-31 14:09:00,2220.0,-2370.0,-150.0
2022-03-31 14:10:00,2223.75,-2298.75,-75.0
2022-03-31 14:11:00,2201.25,-2250.0,-48.75
2022-03-31 14:12:00,2163.75,-2220.0,-56.25
2022-03-31 14:13:00,2201.25,-2208.75,-7.5
2022-03-31 14:14:00,2212.5,-2186.25,26.25
2022-03-31 14:15:00,2231.25,-2182.5,48.75
2022-03-31 14:16:00,2208.75,-2178.75,30.0
2022-03-31 14:17:00,2212.5,-2205.0,7.5
2022-03-31 14:18:00,2220.0,-2208.75,11.25
2022-03-31 14:19:00,2182.5,-2175.0,7.5
2022-03-31 14:20:00,2227.5,-2186.25,41.25
2022-03-31 14:21:00,2227.5,-2167.5,60.0
2022-03-31 14:22:00,2238.75,-2160.0,78.75
2022-03-31 14:23:00,2220.0,-2160.0,60.0
2022-03-31 14:24:00,2220.0,-2130.0,90.0
2022-03-31 14:25:00,2216.25,-2111.25,105.0
2022-03-31 14:26:00,2148.75,-2118.75,30.0
2022-03-31 14:27:00,2115.0,-2115.0,0.0
2022-03-31 14:28:00,2182.5,-2111.25,71.25
2022-03-31 14:29:00,2133.75,-2111.25,22.5
2022-03-31 14:30:00,2130.0,-2103.75,26.25
2022-03-31 14:31:00,2216.25,-2103.75,112.5
2022-03-31 14:32:00,2298.75,-2111.25,187.5
2022-03-31 14:33:00,2366.25,-2122.5,243.75
2022-03-31 14:34:00,2343.75,-2126.25,217.5
2022-03-31 14:35:00,2347.5,-2126.25,221.25
2022-03-31 14:36:00,2362.5,-2133.75,228.75
2022-03-31 14:37:00,2377.5,-2141.25,236.25
2022-03-31 14:38:00,2362.5,-2122.5,240.0
2022-03-31 14:39:00,2370.0,-2126.25,243.75
2022-03-31 14:40:00,2392.5,-2141.25,251.25
2022-03-31 14:41:00,2415.0,-2145.0,270.0
2022-03-31 14:42:00,2411.25,-2126.25,285.0
2022-03-31 14:43:00,2430.0,-2137.5,292.5
2022-03-31 14:44:00,2422.5,-2133.75,288.75
2022-03-31 14:45:00,2422.5,-2130.0,292.5
2022-03-31 14:46:00,2426.25,-2118.75,307.5
2022-03-31 14:47:00,2433.75,-2103.75,330.0
2022-03-31 14:48:00,2441.25,-2115.0,326.25
2022-03-31 14:49:00,2445.0,-2107.5,337.5
2022-03-31 14:50:00,2445.0,-2103.75,341.25
2022-03-31 14:51:00,2448.75,-2100.0,348.75
2022-03-31 14:52:00,2445.0,-2092.5,352.5
2022-03-31 14:53:00,2445.0,-2088.75,356.25
2022-03-31 14:54:00,2452.5,-2085.0,367.5
2022-03-31 14:55:00,2448.75,-2081.25,367.5
2022-03-31 14:56:00,2452.5,-2081.25,371.25
2022-03-31 14:57:00,2463.75,-2081.25,382.5
2022-03-31 14:58:00,2478.75,-2088.75,390.0
2022-03-31 14:59:00,2467.5,-2085.0,382.5
2022-03-31 15:00:00,2475.0,-2081.25,393.75
2022-03-31 15:01:00,2471.25,-2073.75,397.5
2022-03-31 15:02:00,2463.75,-2077.5,386.25
2022-03-31 15:03:00,2463.75,-2073.75,390.0
2022-03-31 15:04:00,2478.75,-2070.0,408.75
2022-03-31 15:05:00,2493.75,-2070.0,423.75
2022-03-31 15:06:00,2486.25,-2062.5,423.75
2022-03-31 15:07:00,2486.25,-2062.5,423.75
2022-03-31 15:08:00,2490.0,-2066.25,423.75
2022-03-31 15:09:00,2501.25,-2058.75,442.5
2022-03-31 15:10:00,2505.0,-2062.5,442.5
2022-03-31 15:11:00,2512.5,-2058.75,453.75
2022-03-31 15:12:00,2512.5,-2058.75,453.75
2022-03-31 15:13:00,2508.75,-2062.5,446.25
2022-03-31 15:14:00,2516.25,-2062.5,453.75
2022-03-31 15:15:00,2512.5,-2062.5,450.0
2022-03-31 15:16:00,2516.25,-2058.75,457.5
2022-03-31 15:17:00,2516.25,-2058.75,457.5
2022-03-31 15:18:00,2520.0,-2058.75,461.25
2022-03-31 15:19:00,2512.5,-2058.75,453.75
2022-03-31 15:20:00,2523.75,-2062.5,461.25
2022-03-31 15:21:00,2523.75,-2062.5,461.25
2022-03-31 15:22:00,2523.75,-2062.5,461.25
2022-03-31 15:23:00,2523.75,-2062.5,461.25
2022-03-31 15:24:00,2523.75,-2062.5,461.25
2022-03-31 15:25:00,2523.75,-2062.5,461.25
2022-03-31 15:26:00,2523.75,-2062.5,461.25
2022-03-31 15:27:00,2523.75,-2062.5,461.25
2022-03-31 15:28:00,2523.75,-2062.5,461.25
2022-03-31 15:29:00,2523.75,-2062.5,461.25
2022-03-31 15:30:00,2523.75,-2062.5,461.25
2022-04-07 10:15:00,0.0,0.0,0.0
2022-04-07 10:16:00,0.0,180.0,180.0
2022-04-07 10:17:00,0.0,172.5,172.5
2022-04-07 10:18:00,0.0,-11.25,-11.25
2022-04-07 10:19:00,0.0,-37.5,-37.5
2022-04-07 10:20:00,0.0,131.25,131.25
2022-04-07 10:21:00,0.0,-48.75,-48.75
2022-04-07 10:22:00,0.0,-78.75,-78.75
2022-04-07 10:23:00,0.0,-112.5,-112.5
2022-04-07 10:24:00,0.0,-247.5,-247.5
2022-04-07 10:25:00,0.0,-251.25,-251.25
2022-04-07 10:26:00,0.0,-382.5,-382.5
2022-04-07 10:27:00,0.0,-513.75,-513.75
2022-04-07 10:28:00,0.0,-712.5,-712.5
2022-04-07 10:29:00,0.0,-701.25,-701.25
2022-04-07 10:30:00,0.0,-1031.25,-1031.25
2022-04-07 10:31:00,-82.5,-881.25,-963.75
2022-04-07 10:32:00,187.5,-1417.5,-1230.0
2022-04-07 10:33:00,90.0,-1177.5,-1087.5
2022-04-07 10:34:00,202.5,-1267.5,-1065.0
2022-04-07 10:35:00,232.5,-1402.5,-1170.0
2022-04-07 10:36:00,45.0,-1031.25,-986.25
2022-04-07 10:37:00,228.75,-1275.0,-1046.25
2022-04-07 10:38:00,232.5,-1346.25,-1113.75
2022-04-07 10:39:00,390.0,-1672.5,-1282.5
2022-04-07 10:40:00,135.0,-1192.5,-1057.5
2022-04-07 10:41:00,86.25,-1245.0,-1158.75
2022-04-07 10:42:00,26.25,-1080.0,-1053.75
2022-04-07 10:43:00,75.0,-1151.25,-1076.25
2022-04-07 10:44:00,-135.0,-738.75,-873.75
2022-04-07 10:45:00,-101.25,-810.0,-911.25
2022-04-07 10:46:00,-172.5,-735.0,-907.5
2022-04-07 10:47:00,-33.75,-915.0,-948.75
2022-04-07 10:48:00,-26.25,-926.25,-952.5
2022-04-07 10:49:00,18.75,-945.0,-926.25
2022-04-07 10:50:00,-26.25,-967.5,-993.75
2022-04-07 10:51:00,41.25,-1020.0,-978.75
2022-04-07 10:52:00,112.5,-1087.5,-975.0
2022-04-07 10:53:00,183.75,-1200.0,-1016.25
2022-04-07 10:54:00,86.25,-1072.5,-986.25
2022-04-07 10:55:00,131.25,-1087.5,-956.25
2022-04-07 10:56:00,195.0,-1177.5,-982.5
2022-04-07 10:57:00,161.25,-1128.75,-967.5
2022-04-07 10:58:00,311.25,-1316.25,-1005.0
2022-04-07 10:59:00,348.75,-1365.0,-1016.25
2022-04-07 11:00:00,360.0,-1312.5,-952.5
2022-04-07 11:01:00,270.0,-1110.0,-840.0
2022-04-07 11:02:00,187.5,-982.5,-795.0
2022-04-07 11:03:00,108.75,-960.0,-851.25
2022-04-07 11:04:00,0.0,-810.0,-810.0
2022-04-07 11:05:00,78.75,-896.25,-817.5
2022-04-07 11:06:00,60.0,-911.25,-851.25
2022-04-07 11:07:00,67.5,-915.0,-847.5
2022-04-07 11:08:00,-165.0,-641.25,-806.25
2022-04-07 11:09:00,-341.25,-360.0,-701.25
2022-04-07 11:10:00,-532.5,-262.5,-795.0
2022-04-07 11:11:00,-300.0,-480.0,-780.0
2022-04-07 11:12:00,-206.25,-558.75,-765.0
2022-04-07 11:13:00,-202.5,-510.0,-712.5
2022-04-07 11:14:00,-131.25,-581.25,-712.5
2022-04-07 11:15:00,11.25,-663.75,-652.5
2022-04-07 11:16:00,157.5,-825.0,-667.5
2022-04-07 11:17:00,-90.0,-573.75,-663.75
2022-04-07 11:18:00,-75.0,-596.25,-671.25
2022-04-07 11:19:00,-41.25,-615.0,-656.25
2022-04-07 11:20:00,-116.25,-577.5,-693.75
2022-04-07 11:21:00,0.0,-697.5,-697.5
2022-04-07 11:22:00,-255.0,-420.0,-675.0
2022-04-07 11:23:00,-168.75,-521.25,-690.0
2022-04-07 11:24:00,-180.0,-521.25,-701.25
2022-04-07 11:25:00,-243.75,-431.25,-675.0
2022-04-07 11:26:00,-322.5,-397.5,-720.0
2022-04-07 11:27:00,-626.25,-37.5,-663.75
2022-04-07 11:28:00,-603.75,-63.75,-667.5
2022-04-07 11:29:00,-513.75,-112.5,-626.25
2022-04-07 11:30:00,-735.0,52.5,-682.5
2022-04-07 11:31:00,-525.0,-86.25,-611.25
2022-04-07 11:32:00,-393.75,-228.75,-622.5
2022-04-07 11:33:00,-386.25,-221.25,-607.5
2022-04-07 11:34:00,-607.5,-116.25,-723.75
2022-04-07 11:35:00,-862.5,48.75,-813.75
2022-04-07 11:36:00,-686.25,-52.5,-738.75
2022-04-07 11:37:00,-592.5,-97.5,-690.0
2022-04-07 11:38:00,-581.25,-67.5,-648.75
2022-04-07 11:39:00,-1098.75,311.25,-787.5
2022-04-07 11:40:00,-888.75,243.75,-645.0
2022-04-07 11:41:00,-1207.5,495.0,-712.5
2022-04-07 11:42:00,-963.75,341.25,-622.5
2022-04-07 11:43:00,-791.25,213.75,-577.5
2022-04-07 11:44:00,-626.25,142.5,-483.75
2022-04-07 11:45:00,-667.5,146.25,-521.25
2022-04-07 11:46:00,-1012.5,378.75,-633.75
2022-04-07 11:47:00,-1038.75,431.25,-607.5
2022-04-07 11:48:00,-971.25,401.25,-570.0
2022-04-07 11:49:00,-1305.0,615.0,-690.0
2022-04-07 11:50:00,-1166.25,570.0,-596.25
2022-04-07 11:51:00,-1188.75,543.75,-645.0
2022-04-07 11:52:00,-1650.0,742.5,-907.5
2022-04-07 11:53:00,-1470.0,708.75,-761.25
2022-04-07 11:54:00,-1417.5,648.75,-768.75
2022-04-07 11:55:00,-1083.75,513.75,-570.0
2022-04-07 11:56:00,-1687.5,742.5,-945.0
2022-04-07 11:57:00,-1717.5,753.75,-963.75
2022-04-07 11:58:00,-1815.0,783.75,-1031.25
2022-04-07 11:59:00,-1743.75,761.25,-982.5
2022-04-07 12:00:00,-2295.0,986.25,-1308.75
2022-04-07 12:01:00,-2295.0,1087.5,-1207.5
2022-04-07 12:02:00,-2295.0,1252.5,-1042.5
2022-04-07 12:03:00,-2295.0,1211.25,-1083.75
2022-04-07 12:04:00,-2295.0,1185.0,-1110.0
2022-04-07 12:05:00,-2295.0,1215.0,-1080.0
2022-04-07 12:06:00,-2295.0,1256.25,-1038.75
2022-04-07 12:07:00,-2295.0,1196.25,-1098.75
2022-04-07 12:08:00,-2295.0,1117.5,-1177.5
2022-04-07 12:09:00,-2295.0,1166.25,-1128.75
2022-04-07 12:10:00,-2295.0,1245.0,-1050.0
2022-04-07 12:11:00,-2295.0,1173.75,-1121.25
2022-04-07 12:12:00,-2295.0,1155.0,-1140.0
2022-04-07 12:13:00,-2295.0,1170.0,-1125.0
2022-04-07 12:14:00,-2295.0,1143.75,-1151.25
2022-04-07 12:15:00,-2295.0,1185.0,-1110.0
2022-04-07 12:16:00,-2295.0,1128.75,-1166.25
2022-04-07 12:17:00,-2295.0,1012.5,-1282.5
2022-04-07 12:18:00,-2295.0,1005.0,-1290.0
2022-04-07 12:19:00,-2295.0,993.75,-1301.25
2022-04-07 12:20:00,-2295.0,948.75,-1346.25
2022-04-07 12:21:00,-2295.0,948.75,-1346.25
2022-04-07 12:22:00,-2295.0,978.75,-1316.25
2022-04-07 12:23:00,-2295.0,993.75,-1301.25
2022-04-07 12:24:00,-2295.0,1023.75,-1271.25
2022-04-07 12:25:00,-2295.0,1050.0,-1245.0
2022-04-07 12:26:00,-2295.0,1080.0,-1215.0
2022-04-07 12:27:00,-2295.0,1207.5,-1087.5
2022-04-07 12:28:00,-2295.0,1218.75,-1076.25
2022-04-07 12:29:00,-2295.0,1218.75,-1076.25
2022-04-07 12:30:00,-2295.0,1372.5,-922.5
2022-04-07 12:31:00,-2295.0,1410.0,-885.0
2022-04-07 12:32:00,-2295.0,1406.25,-888.75
2022-04-07 12:33:00,-2295.0,1357.5,-937.5
2022-04-07 12:34:00,-2295.0,1305.0,-990.0
2022-04-07 12:35:00,-2295.0,1335.0,-960.0
2022-04-07 12:36:00,-2295.0,1398.75,-896.25
2022-04-07 12:37:00,-2295.0,1447.5,-847.5
2022-04-07 12:38:00,-2295.0,1357.5,-937.5
2022-04-07 12:39:00,-2295.0,1376.25,-918.75
2022-04-07 12:40:00,-2295.0,1372.5,-922.5
2022-04-07 12:41:00,-2295.0,1413.75,-881.25
2022-04-07 12:42:00,-2295.0,1395.0,-900.0
2022-04-07 12:43:00,-2295.0,1473.75,-821.25
2022-04-07 12:44:00,-2295.0,1462.5,-832.5
2022-04-07 12:45:00,-2295.0,1455.0,-840.0
2022-04-07 12:46:00,-2295.0,1443.75,-851.25
2022-04-07 12:47:00,-2295.0,1406.25,-888.75
2022-04-07 12:48:00,-2295.0,1368.75,-926.25
2022-04-07 12:49:00,-2295.0,1320.0,-975.0
2022-04-07 12:50:00,-2295.0,1233.75,-1061.25
2022-04-07 12:51:00,-2295.0,1177.5,-1117.5
2022-04-07 12:52:00,-2295.0,1252.5,-1042.5
2022-04-07 12:53:00,-2295.0,1458.75,-836.25
2022-04-07 12:54:00,-2295.0,1425.0,-870.0
2022-04-07 12:55:00,-2295.0,1421.25,-873.75
2022-04-07 12:56:00,-2295.0,1383.75,-911.25
2022-04-07 12:57:00,-2295.0,1346.25,-948.75
2022-04-07 12:58:00,-2295.0,1323.75,-971.25
2022-04-07 12:59:00,-2295.0,1346.25,-948.75
2022-04-07 13:00:00,-2295.0,1338.75,-956.25
2022-04-07 13:01:00,-2295.0,1297.5,-997.5
2022-04-07 13:02:00,-2295.0,1297.5,-997.5
2022-04-07 13:03:00,-2295.0,1233.75,-1061.25
2022-04-07 13:04:00,-2295.0,1245.0,-1050.0
2022-04-07 13:05:00,-2295.0,1286.25,-1008.75
2022-04-07 13:06:00,-2295.0,1278.75,-1016.25
2022-04-07 13:07:00,-2295.0,1267.5,-1027.5
2022-04-07 13:08:00,-2295.0,1233.75,-1061.25
2022-04-07 13:09:00,-2295.0,1353.75,-941.25
2022-04-07 13:10:00,-2295.0,1485.0,-810.0
2022-04-07 13:11:00,-2295.0,1395.0,-900.0
2022-04-07 13:12:00,-2295.0,1327.5,-967.5
2022-04-07 13:13:00,-2295.0,1320.0,-975.0
2022-04-07 13:14:00,-2295.0,1297.5,-997.5
2022-04-07 13:15:00,-2295.0,1252.5,-1042.5
2022-04-07 13:16:00,-2295.0,1252.5,-1042.5
2022-04-07 13:17:00,-2295.0,1260.0,-1035.0
2022-04-07 13:18:00,-2295.0,1297.5,-997.5
2022-04-07 13:19:00,-2295.0,1353.75,-941.25
2022-04-07 13:20:00,-2295.0,1286.25,-1008.75
2022-04-07 13:21:00,-2295.0,1335.0,-960.0
2022-04-07 13:22:00,-2295.0,1353.75,-941.25
2022-04-07 13:23:00,-2295.0,1338.75,-956.25
2022-04-07 13:24:00,-2295.0,1346.25,-948.75
2022-04-07 13:25:00,-2295.0,1402.5,-892.5
2022-04-07 13:26:00,-2295.0,1391.25,-903.75
2022-04-07 13:27:00,-2295.0,1346.25,-948.75
2022-04-07 13:28:00,-2295.0,1297.5,-997.5
2022-04-07 13:29:00,-2295.0,1188.75,-1106.25
2022-04-07 13:30:00,-2295.0,1181.25,-1113.75
2022-04-07 13:31:00,-2295.0,1065.0,-1230.0
2022-04-07 13:32:00,-2295.0,821.25,-1473.75
2022-04-07 13:33:00,-2295.0,641.25,-1653.75
2022-04-07 13:34:00,-2295.0,768.75,-1526.25
2022-04-07 13:35:00,-2295.0,900.0,-1395.0
2022-04-07 13:36:00,-2295.0,678.75,-1616.25
2022-04-07 13:37:00,-2295.0,922.5,-1372.5
2022-04-07 13:38:00,-2295.0,982.5,-1312.5
2022-04-07 13:39:00,-2295.0,682.5,-1612.5
2022-04-07 13:40:00,-2295.0,986.25,-1308.75
2022-04-07 13:41:00,-2295.0,847.5,-1447.5
2022-04-07 13:42:00,-2295.0,761.25,-1533.75
2022-04-07 13:43:00,-2295.0,536.25,-1758.75
2022-04-07 13:44:00,-2295.0,768.75,-1526.25
2022-04-07 13:45:00,-2295.0,495.0,-1800.0
2022-04-07 13:46:00,-2295.0,322.5,-1972.5
2022-04-07 13:47:00,-2295.0,101.25,-2193.75
2022-04-07 13:48:00,-2295.0,135.0,-2160.0
2022-04-07 13:49:00,-2295.0,157.5,-2137.5
2022-04-07 13:50:00,-2295.0,-615.0,-2910.0
2022-04-07 13:51:00,-2295.0,-352.5,-2647.5
2022-04-07 13:52:00,-2295.0,-532.5,-2827.5
2022-04-07 13:53:00,-2295.0,-375.0,-2670.0
2022-04-07 13:54:00,-2295.0,-765.0,-3060.0
2022-04-07 13:55:00,-2295.0,-375.0,-2670.0
2022-04-07 13:56:00,-2295.0,-581.25,-2876.25
2022-04-07 13:57:00,-2295.0,-911.25,-3206.25
2022-04-07 13:58:00,-2295.0,-378.75,-2673.75
2022-04-07 13:59:00,-2295.0,-341.25,-2636.25
2022-04-07 14:00:00,-2295.0,-468.75,-2763.75
2022-04-07 14:01:00,-2295.0,-352.5,-2647.5
2022-04-07 14:02:00,-2295.0,-138.75,-2433.75
2022-04-07 14:03:00,-2295.0,322.5,-1972.5
2022-04-07 14:04:00,-2295.0,187.5,-2107.5
2022-04-07 14:05:00,-2295.0,-93.75,-2388.75
2022-04-07 14:06:00,-2295.0,-127.5,-2422.5
2022-04-07 14:07:00,-2295.0,-93.75,-2388.75
2022-04-07 14:08:00,-2295.0,71.25,-2223.75
2022-04-07 14:09:00,-2295.0,-337.5,-2632.5
2022-04-07 14:10:00,-2295.0,-138.75,-2433.75
2022-04-07 14:11:00,-2295.0,-491.25,-2786.25
2022-04-07 14:12:00,-2295.0,-952.5,-3247.5
2022-04-07 14:13:00,-2295.0,-1143.75,-3438.75
2022-04-07 14:14:00,-2295.0,-2085.0,-4380.0
2022-04-07 14:15:00,-2295.0,-1998.75,-4293.75
2022-04-07 14:16:00,-2295.0,-2381.25,-4676.25
2022-04-07 14:17:00,-2295.0,-2501.25,-4796.25
2022-04-07 14:18:00,-2295.0,-1837.5,-4132.5
2022-04-07 14:19:00,-2295.0,-1852.5,-4147.5
2022-04-07 14:20:00,-2295.0,-2347.5,-4642.5
2022-04-07 14:21:00,-2295.0,-2178.75,-4473.75
2022-04-07 14:22:00,-2295.0,-2062.5,-4357.5
2022-04-07 14:23:00,-2295.0,-1713.75,-4008.75
2022-04-07 14:24:00,-2295.0,-1477.5,-3772.5
2022-04-07 14:25:00,-2295.0,-1353.75,-3648.75
2022-04-07 14:26:00,-2295.0,-1353.75,-3648.75
2022-04-07 14:27:00,-2295.0,-1353.75,-3648.75
2022-04-07 14:28:00,-2295.0,-1353.75,-3648.75
2022-04-07 14:29:00,-2295.0,-1353.75,-3648.75
2022-04-07 14:30:00,-2295.0,-1353.75,-3648.75
2022-04-07 14:31:00,-2295.0,-1353.75,-3648.75
2022-04-07 14:32:00,-2295.0,-1353.75,-3648.75
2022-04-07 14:33:00,-2295.0,-1353.75,-3648.75
2022-04-07 14:34:00,-2295.0,-1353.75,-3648.75
2022-04-07 14:35:00,-2295.0,-1353.75,-3648.75
2022-04-07 14:36:00,-2295.0,-1353.75,-3648.75
2022-04-07 14:37:00,-2295.0,-1353.75,-3648.75
2022-04-07 14:38:00,-2295.0,-1353.75,-3648.75
2022-04-07 14:39:00,-2295.0,-1353.75,-3648.75
2022-04-07 14:40:00,-2295.0,-1353.75,-3648.75
2022-04-07 14:41:00,-2295.0,-1353.75,-3648.75
2022-04-07 14:42:00,-2295.0,-1353.75,-3648.75
2022-04-07 14:43:00,-2295.0,-1353.75,-3648.75
2022-04-07 14:44:00,-2295.0,-1353.75,-3648.75
2022-04-07 14:45:00,-2295.0,-1353.75,-3648.75
2022-04-07 14:46:00,-2295.0,-1353.75,-3648.75
2022-04-07 14:47:00,-2295.0,-1353.75,-3648.75
2022-04-07 14:48:00,-2295.0,-1353.75,-3648.75
2022-04-07 14:49:00,-2295.0,-1353.75,-3648.75
2022-04-07 14:50:00,-2295.0,-1353.75,-3648.75
2022-04-07 14:51:00,-2295.0,-1353.75,-3648.75
2022-04-07 14:52:00,-2295.0,-1353.75,-3648.75
2022-04-07 14:53:00,-2295.0,-1353.75,-3648.75
2022-04-07 14:54:00,-2295.0,-1353.75,-3648.75
2022-04-07 14:55:00,-2295.0,-1353.75,-3648.75
2022-04-07 14:56:00,-2295.0,-1353.75,-3648.75
2022-04-07 14:57:00,-2295.0,-1353.75,-3648.75
2022-04-07 14:58:00,-2295.0,-1353.75,-3648.75
2022-04-07 14:59:00,-2295.0,-1353.75,-3648.75
2022-04-07 15:00:00,-2295.0,-1353.75,-3648.75
2022-04-07 15:01:00,-2295.0,-1353.75,-3648.75
2022-04-07 15:02:00,-2295.0,-1353.75,-3648.75
2022-04-07 15:03:00,-2295.0,-1353.75,-3648.75
2022-04-07 15:04:00,-2295.0,-1353.75,-3648.75
2022-04-07 15:05:00,-2295.0,-1353.75,-3648.75
2022-04-07 15:06:00,-2295.0,-1353.75,-3648.75
2022-04-07 15:07:00,-2295.0,-1353.75,-3648.75
2022-04-07 15:08:00,-2295.0,-1353.75,-3648.75
2022-04-07 15:09:00,-2295.0,-1353.75,-3648.75
2022-04-07 15:10:00,-2295.0,-1353.75,-3648.75
2022-04-07 15:11:00,-2295.0,-1353.75,-3648.75
2022-04-07 15:12:00,-2295.0,-1353.75,-3648.75
2022-04-07 15:13:00,-2295.0,-1353.75,-3648.75
2022-04-07 15:14:00,-2295.0,-1353.75,-3648.75
2022-04-07 15:15:00,-2295.0,-1353.75,-3648.75
2022-04-07 15:16:00,-2295.0,-1353.75,-3648.75
2022-04-07 15:17:00,-2295.0,-1353.75,-3648.75
2022-04-07 15:18:00,-2295.0,-1353.75,-3648.75
2022-04-07 15:19:00,-2295.0,-1353.75,-3648.75
2022-04-07 15:20:00,-2295.0,-1353.75,-3648.75
2022-04-07 15:21:00,-2295.0,-1353.75,-3648.75
2022-04-07 15:22:00,-2295.0,-1353.75,-3648.75
2022-04-07 15:23:00,-2295.0,-1353.75,-3648.75
2022-04-07 15:24:00,-2295.0,-1353.75,-3648.75
2022-04-07 15:25:00,-2295.0,-1353.75,-3648.75
2022-04-07 15:26:00,-2295.0,-1353.75,-3648.75
2022-04-07 15:27:00,-2295.0,-1353.75,-3648.75
2022-04-07 15:28:00,-2295.0,-1353.75,-3648.75
2022-04-07 15:29:00,-2295.0,-1353.75,-3648.75
2022-04-07 15:30:00,-2295.0,-1353.75,-3648.75
2022-04-13 10:15:00,0.0,0.0,0.0
2022-04-13 10:16:00,-168.75,108.75,-60.0
2022-04-13 10:17:00,-360.0,401.25,41.25
2022-04-13 10:18:00,-423.75,476.25,52.5
2022-04-13 10:19:00,-168.75,292.5,123.75
2022-04-13 10:20:00,-71.25,168.75,97.5
2022-04-13 10:21:00,-258.75,270.0,11.25
2022-04-13 10:22:00,-183.75,150.0,-33.75
2022-04-13 10:23:00,-240.0,236.25,-3.75
2022-04-13 10:24:00,-165.0,195.0,30.0
2022-04-13 10:25:00,-33.75,135.0,101.25
2022-04-13 10:26:00,11.25,26.25,37.5
2022-04-13 10:27:00,431.25,-401.25,30.0
2022-04-13 10:28:00,416.25,-607.5,-191.25
2022-04-13 10:29:00,213.75,-255.0,-41.25
2022-04-13 10:30:00,270.0,-453.75,-183.75
2022-04-13 10:31:00,273.75,-427.5,-153.75
2022-04-13 10:32:00,251.25,-483.75,-232.5
2022-04-13 10:33:00,168.75,-153.75,15.0
2022-04-13 10:34:00,217.5,-165.0,52.5
2022-04-13 10:35:00,165.0,-45.0,120.0
2022-04-13 10:36:00,3.75,315.0,318.75
2022-04-13 10:37:00,-90.0,337.5,247.5
2022-04-13 10:38:00,-33.75,300.0,266.25
2022-04-13 10:39:00,86.25,138.75,225.0
2022-04-13 10:40:00,112.5,60.0,172.5
2022-04-13 10:41:00,52.5,127.5,180.0
2022-04-13 10:42:00,52.5,82.5,135.0
2022-04-13 10:43:00,108.75,-7.5,101.25
2022-04-13 10:44:00,288.75,-187.5,101.25
2022-04-13 10:45:00,322.5,-232.5,90.0
2022-04-13 10:46:00,318.75,-326.25,-7.5
2022-04-13 10:47:00,135.0,78.75,213.75
2022-04-13 10:48:00,157.5,41.25,198.75
2022-04-13 10:49:00,281.25,-142.5,138.75
2022-04-13 10:50:00,367.5,-348.75,18.75
2022-04-13 10:51:00,213.75,3.75,217.5
2022-04-13 10:52:00,146.25,90.0,236.25
2022-04-13 10:53:00,97.5,101.25,198.75
2022-04-13 10:54:00,161.25,-33.75,127.5
2022-04-13 10:55:00,157.5,0.0,157.5
2022-04-13 10:56:00,322.5,-251.25,71.25
2022-04-13 10:57:00,232.5,-86.25,146.25
2022-04-13 10:58:00,356.25,-307.5,48.75
2022-04-13 10:59:00,255.0,-135.0,120.0
2022-04-13 11:00:00,176.25,18.75,195.0
2022-04-13 11:01:00,243.75,-112.5,131.25
2022-04-13 11:02:00,322.5,-206.25,116.25
2022-04-13 11:03:00,356.25,-288.75,67.5
2022-04-13 11:04:00,363.75,-322.5,41.25
2022-04-13 11:05:00,157.5,-7.5,150.0
2022-04-13 11:06:00,60.0,105.0,165.0
2022-04-13 11:07:00,45.0,191.25,236.25
2022-04-13 11:08:00,127.5,86.25,213.75
2022-04-13 11:09:00,236.25,7.5,243.75
2022-04-13 11:10:00,221.25,-7.5,213.75
2022-04-13 11:11:00,195.0,33.75,228.75
2022-04-13 11:12:00,210.0,86.25,296.25
2022-04-13 11:13:00,258.75,30.0,288.75
2022-04-13 11:14:00,303.75,-78.75,225.0
2022-04-13 11:15:00,292.5,-15.0,277.5
2022-04-13 11:16:00,330.0,-93.75,236.25
2022-04-13 11:17:00,217.5,112.5,330.0
2022-04-13 11:18:00,322.5,-60.0,262.5
2022-04-13 11:19:00,240.0,56.25,296.25
2022-04-13 11:20:00,225.0,97.5,322.5
2022-04-13 11:21:00,315.0,-41.25,273.75
2022-04-13 11:22:00,116.25,180.0,296.25
2022-04-13 11:23:00,180.0,131.25,311.25
2022-04-13 11:24:00,251.25,78.75,330.0
2022-04-13 11:25:00,303.75,48.75,352.5
2022-04-13 11:26:00,198.75,142.5,341.25
2022-04-13 11:27:00,266.25,37.5,303.75
2022-04-13 11:28:00,251.25,75.0,326.25
2022-04-13 11:29:00,191.25,120.0,311.25
2022-04-13 11:30:00,142.5,225.0,367.5
2022-04-13 11:31:00,153.75,195.0,348.75
2022-04-13 11:32:00,183.75,183.75,367.5
2022-04-13 11:33:00,153.75,221.25,375.0
2022-04-13 11:34:00,7.5,378.75,386.25
2022-04-13 11:35:00,-7.5,423.75,416.25
2022-04-13 11:36:00,63.75,337.5,401.25
2022-04-13 11:37:00,288.75,105.0,393.75
2022-04-13 11:38:00,318.75,7.5,326.25
2022-04-13 11:39:00,420.0,-183.75,236.25
2022-04-13 11:40:00,596.25,-277.5,318.75
2022-04-13 11:41:00,633.75,-393.75,240.0
2022-04-13 11:42:00,645.0,-397.5,247.5
2022-04-13 11:43:00,630.0,-412.5,217.5
2022-04-13 11:44:00,738.75,-581.25,157.5
2022-04-13 11:45:00,952.5,-1260.0,-307.5
2022-04-13 11:46:00,915.0,-1192.5,-277.5
2022-04-13 11:47:00,862.5,-1061.25,-198.75
2022-04-13 11:48:00,810.0,-922.5,-112.5
2022-04-13 11:49:00,787.5,-870.0,-82.5
2022-04-13 11:50:00,705.0,-746.25,-41.25
2022-04-13 11:51:00,708.75,-648.75,60.0
2022-04-13 11:52:00,566.25,-138.75,427.5
2022-04-13 11:53:00,607.5,-318.75,288.75
2022-04-13 11:54:00,731.25,-600.0,131.25
2022-04-13 11:55:00,727.5,-573.75,153.75
2022-04-13 11:56:00,798.75,-712.5,86.25
2022-04-13 11:57:00,757.5,-600.0,157.5
2022-04-13 11:58:00,716.25,-528.75,187.5
2022-04-13 11:59:00,727.5,-656.25,71.25
2022-04-13 12:00:00,727.5,-648.75,78.75
2022-04-13 12:01:00,750.0,-566.25,183.75
2022-04-13 12:02:00,753.75,-622.5,131.25
2022-04-13 12:03:00,802.5,-720.0,82.5
2022-04-13 12:04:00,926.25,-990.0,-63.75
2022-04-13 12:05:00,1087.5,-1121.25,-33.75
2022-04-13 12:06:00,1091.25,-1413.75,-322.5
2022-04-13 12:07:00,1132.5,-1548.75,-416.25
2022-04-13 12:08:00,967.5,-1316.25,-348.75
2022-04-13 12:09:00,993.75,-1387.5,-393.75
2022-04-13 12:10:00,1008.75,-1376.25,-367.5
2022-04-13 12:11:00,960.0,-1192.5,-232.5
2022-04-13 12:12:00,967.5,-1222.5,-255.0
2022-04-13 12:13:00,1038.75,-1481.25,-442.5
2022-04-13 12:14:00,1095.0,-1642.5,-547.5
2022-04-13 12:15:00,1316.25,-2550.0,-1233.75
2022-04-13 12:16:00,915.0,-1912.5,-997.5
2022-04-13 12:17:00,941.25,-2010.0,-1068.75
2022-04-13 12:18:00,971.25,-2257.5,-1286.25
2022-04-13 12:19:00,1241.25,-2486.25,-1245.0
2022-04-13 12:20:00,1057.5,-2250.0,-1192.5
2022-04-13 12:21:00,960.0,-2246.25,-1286.25
2022-04-13 12:22:00,986.25,-2178.75,-1192.5
2022-04-13 12:23:00,956.25,-2100.0,-1143.75
2022-04-13 12:24:00,978.75,-2055.0,-1076.25
2022-04-13 12:25:00,956.25,-1953.75,-997.5
2022-04-13 12:26:00,1068.75,-2073.75,-1005.0
2022-04-13 12:27:00,1368.75,-2317.5,-948.75
2022-04-13 12:28:00,1597.5,-2505.0,-907.5
2022-04-13 12:29:00,1601.25,-2475.0,-873.75
2022-04-13 12:30:00,1785.0,-2598.75,-813.75
2022-04-13 12:31:00,1961.25,-2651.25,-690.0
2022-04-13 12:32:00,1781.25,-1972.5,-191.25
2022-04-13 12:33:00,1402.5,-1785.0,-382.5
2022-04-13 12:34:00,738.75,-1226.25,-487.5
2022-04-13 12:35:00,1188.75,-1518.75,-330.0
2022-04-13 12:36:00,1080.0,-1470.0,-390.0
2022-04-13 12:37:00,903.75,-1200.0,-296.25
2022-04-13 12:38:00,1466.25,-1796.25,-330.0
2022-04-13 12:39:00,1121.25,-1361.25,-240.0
2022-04-13 12:40:00,1338.75,-1612.5,-273.75
2022-04-13 12:41:00,1121.25,-1327.5,-206.25
2022-04-13 12:42:00,1350.0,-1608.75,-258.75
2022-04-13 12:43:00,1320.0,-1676.25,-356.25
2022-04-13 12:44:00,1530.0,-1725.0,-195.0
2022-04-13 12:45:00,1173.75,-1368.75,-195.0
2022-04-13 12:46:00,1353.75,-1638.75,-285.0
2022-04-13 12:47:00,1267.5,-1492.5,-225.0
2022-04-13 12:48:00,1245.0,-1376.25,-131.25
2022-04-13 12:49:00,1117.5,-1241.25,-123.75
2022-04-13 12:50:00,1346.25,-1477.5,-131.25
2022-04-13 12:51:00,1462.5,-1440.0,22.5
2022-04-13 12:52:00,1548.75,-1507.5,41.25
2022-04-13 12:53:00,1931.25,-1845.0,86.25
2022-04-13 12:54:00,2077.5,-1972.5,105.0
2022-04-13 12:55:00,1968.75,-1927.5,41.25
2022-04-13 12:56:00,2246.25,-2190.0,56.25
2022-04-13 12:57:00,2070.0,-1743.75,326.25
2022-04-13 12:58:00,2066.25,-1683.75,382.5
2022-04-13 12:59:00,2073.75,-1740.0,333.75
2022-04-13 13:00:00,1938.75,-1563.75,375.0
2022-04-13 13:01:00,1893.75,-1470.0,423.75
2022-04-13 13:02:00,2070.0,-1616.25,453.75
2022-04-13 13:03:00,2088.75,-1563.75,525.0
2022-04-13 13:04:00,2411.25,-1867.5,543.75
2022-04-13 13:05:00,2512.5,-1908.75,603.75
2022-04-13 13:06:00,2411.25,-1710.0,701.25
2022-04-13 13:07:00,2246.25,-1541.25,705.0
2022-04-13 13:08:00,2193.75,-1428.75,765.0
2022-04-13 13:09:00,2010.0,-1271.25,738.75
2022-04-13 13:10:00,1927.5,-1140.0,787.5
2022-04-13 13:11:00,1593.75,-858.75,735.0
2022-04-13 13:12:00,1158.75,-307.5,851.25
2022-04-13 13:13:00,990.0,-236.25,753.75
2022-04-13 13:14:00,1065.0,-285.0,780.0
2022-04-13 13:15:00,1005.0,-172.5,832.5
2022-04-13 13:16:00,772.5,-37.5,735.0
2022-04-13 13:17:00,813.75,-90.0,723.75
2022-04-13 13:18:00,963.75,-116.25,847.5
2022-04-13 13:19:00,1410.0,-386.25,1023.75
2022-04-13 13:20:00,888.75,-48.75,840.0
2022-04-13 13:21:00,948.75,-108.75,840.0
2022-04-13 13:22:00,787.5,18.75,806.25
2022-04-13 13:23:00,1676.25,-255.0,1421.25
2022-04-13 13:24:00,1590.0,-300.0,1290.0
2022-04-13 13:25:00,1601.25,-285.0,1316.25
2022-04-13 13:26:00,2291.25,-697.5,1593.75
2022-04-13 13:27:00,2430.0,-787.5,1642.5
2022-04-13 13:28:00,2238.75,-592.5,1646.25
2022-04-13 13:29:00,2328.75,-821.25,1507.5
2022-04-13 13:30:00,2396.25,-843.75,1552.5
2022-04-13 13:31:00,2411.25,-787.5,1623.75
2022-04-13 13:32:00,2302.5,-772.5,1530.0
2022-04-13 13:33:00,1961.25,-453.75,1507.5
2022-04-13 13:34:00,1777.5,-311.25,1466.25
2022-04-13 13:35:00,2310.0,-682.5,1627.5
2022-04-13 13:36:00,1893.75,-408.75,1485.0
2022-04-13 13:37:00,1897.5,-412.5,1485.0
2022-04-13 13:38:00,1946.25,-397.5,1548.75
2022-04-13 13:39:00,1867.5,-281.25,1586.25
2022-04-13 13:40:00,2396.25,-622.5,1773.75
2022-04-13 13:41:00,2220.0,-420.0,1800.0
2022-04-13 13:42:00,2692.5,-971.25,1721.25
2022-04-13 13:43:00,2561.25,-768.75,1792.5
2022-04-13 13:44:00,2520.0,-712.5,1807.5
2022-04-13 13:45:00,2516.25,-738.75,1777.5
2022-04-13 13:46:00,2535.0,-678.75,1856.25
2022-04-13 13:47:00,2647.5,-675.0,1972.5
2022-04-13 13:48:00,2685.0,-802.5,1882.5
2022-04-13 13:49:00,2853.75,-1016.25,1837.5
2022-04-13 13:50:00,3168.75,-1331.25,1837.5
2022-04-13 13:51:00,3281.25,-1263.75,2017.5
2022-04-13 13:52:00,3127.5,-911.25,2216.25
2022-04-13 13:53:00,3071.25,-783.75,2287.5
2022-04-13 13:54:00,3075.0,-798.75,2276.25
2022-04-13 13:55:00,2658.75,-262.5,2396.25
2022-04-13 13:56:00,2797.5,-506.25,2291.25
2022-04-13 13:57:00,2823.75,-555.0,2268.75
2022-04-13 13:58:00,2895.0,-637.5,2257.5
2022-04-13 13:59:00,2958.75,-592.5,2366.25
2022-04-13 14:00:00,2891.25,-495.0,2396.25
2022-04-13 14:01:00,3112.5,-787.5,2325.0
2022-04-13 14:02:00,2167.5,281.25,2448.75
2022-04-13 14:03:00,2591.25,-176.25,2415.0
2022-04-13 14:04:00,2437.5,-52.5,2385.0
2022-04-13 14:05:00,2711.25,-221.25,2490.0
2022-04-13 14:06:00,2748.75,-255.0,2493.75
2022-04-13 14:07:00,2808.75,-258.75,2550.0
2022-04-13 14:08:00,2666.25,-86.25,2580.0
2022-04-13 14:09:00,2711.25,-105.0,2606.25
2022-04-13 14:10:00,2696.25,-75.0,2621.25
2022-04-13 14:11:00,2715.0,-82.5,2632.5
2022-04-13 14:12:00,2565.0,60.0,2625.0
2022-04-13 14:13:00,2388.75,187.5,2576.25
2022-04-13 14:14:00,2433.75,131.25,2565.0
2022-04-13 14:15:00,2238.75,318.75,2557.5
2022-04-13 14:16:00,2167.5,303.75,2471.25
2022-04-13 14:17:00,1972.5,457.5,2430.0
2022-04-13 14:18:00,1515.0,693.75,2208.75
2022-04-13 14:19:00,1732.5,630.0,2362.5
2022-04-13 14:20:00,1818.75,498.75,2317.5
2022-04-13 14:21:00,2628.75,210.0,2838.75
2022-04-13 14:22:00,2186.25,435.0,2621.25
2022-04-13 14:23:00,2493.75,296.25,2790.0
2022-04-13 14:24:00,2355.0,375.0,2730.0
2022-04-13 14:25:00,2666.25,258.75,2925.0
2022-04-13 14:26:00,3251.25,-37.5,3213.75
2022-04-13 14:27:00,3217.5,101.25,3318.75
2022-04-13 14:28:00,3101.25,165.0,3266.25
2022-04-13 14:29:00,2801.25,363.75,3165.0
2022-04-13 14:30:00,2681.25,416.25,3097.5
2022-04-13 14:31:00,2677.5,487.5,3165.0
2022-04-13 14:32:00,2673.75,483.75,3157.5
2022-04-13 14:33:00,2771.25,431.25,3202.5
2022-04-13 14:34:00,2891.25,367.5,3258.75
2022-04-13 14:35:00,2958.75,352.5,3311.25
2022-04-13 14:36:00,2992.5,371.25,3363.75
2022-04-13 14:37:00,2962.5,420.0,3382.5
2022-04-13 14:38:00,3026.25,341.25,3367.5
2022-04-13 14:39:00,3011.25,378.75,3390.0
2022-04-13 14:40:00,3033.75,457.5,3491.25
2022-04-13 14:41:00,2808.75,626.25,3435.0
2022-04-13 14:42:00,2640.0,690.0,3330.0
2022-04-13 14:43:00,2332.5,855.0,3187.5
2022-04-13 14:44:00,2587.5,783.75,3371.25
2022-04-13 14:45:00,2568.75,780.0,3348.75
2022-04-13 14:46:00,2775.0,671.25,3446.25
2022-04-13 14:47:00,2955.0,633.75,3588.75
2022-04-13 14:48:00,3026.25,618.75,3645.0
2022-04-13 14:49:00,3198.75,630.0,3828.75
2022-04-13 14:50:00,3180.0,633.75,3813.75
2022-04-13 14:51:00,3363.75,540.0,3903.75
2022-04-13 14:52:00,3532.5,521.25,4053.75
2022-04-13 14:53:00,3487.5,585.0,4072.5
2022-04-13 14:54:00,3457.5,615.0,4072.5
2022-04-13 14:55:00,3431.25,697.5,4128.75
2022-04-13 14:56:00,3300.0,768.75,4068.75
2022-04-13 14:57:00,3045.0,892.5,3937.5
2022-04-13 14:58:00,3266.25,720.0,3986.25
2022-04-13 14:59:00,3738.75,442.5,4181.25
2022-04-13 15:00:00,4038.75,202.5,4241.25
2022-04-13 15:01:00,4222.5,157.5,4380.0
2022-04-13 15:02:00,4196.25,446.25,4642.5
2022-04-13 15:03:00,4368.75,281.25,4650.0
2022-04-13 15:04:00,4458.75,-48.75,4410.0
2022-04-13 15:05:00,4466.25,270.0,4736.25
2022-04-13 15:06:00,4485.0,3.75,4488.75
2022-04-13 15:07:00,4470.0,191.25,4661.25
2022-04-13 15:08:00,4507.5,367.5,4875.0
2022-04-13 15:09:00,4563.75,11.25,4575.0
2022-04-13 15:10:00,4586.25,-131.25,4455.0
2022-04-13 15:11:00,4593.75,-307.5,4286.25
2022-04-13 15:12:00,4575.0,-206.25,4368.75
2022-04-13 15:13:00,4601.25,-315.0,4286.25
2022-04-13 15:14:00,4605.0,-536.25,4068.75
2022-04-13 15:15:00,4605.0,-536.25,4068.75
2022-04-13 15:16:00,4612.5,-588.75,4023.75
2022-04-13 15:17:00,4612.5,-420.0,4192.5
2022-04-13 15:18:00,4612.5,-228.75,4383.75
2022-04-13 15:19:00,4608.75,-138.75,4470.0
2022-04-13 15:20:00,4612.5,-217.5,4395.0
2022-04-13 15:21:00,4612.5,-217.5,4395.0
2022-04-13 15:22:00,4612.5,-217.5,4395.0
2022-04-13 15:23:00,4612.5,-217.5,4395.0
2022-04-13 15:24:00,4612.5,-217.5,4395.0
2022-04-13 15:25:00,4612.5,-217.5,4395.0
2022-04-13 15:26:00,4612.5,-217.5,4395.0
2022-04-13 15:27:00,4612.5,-217.5,4395.0
2022-04-13 15:28:00,4612.5,-217.5,4395.0
2022-04-13 15:29:00,4612.5,-217.5,4395.0
2022-04-13 15:30:00,4612.5,-217.5,4395.0
2022-04-21 10:15:00,0.0,0.0,0.0
2022-04-21 10:16:00,-82.5,75.0,-7.5
2022-04-21 10:17:00,-90.0,52.5,-37.5
2022-04-21 10:18:00,-60.0,41.25,-18.75
2022-04-21 10:19:00,-120.0,71.25,-48.75
2022-04-21 10:20:00,-127.5,26.25,-101.25
2022-04-21 10:21:00,-300.0,71.25,-228.75
2022-04-21 10:22:00,-461.25,153.75,-307.5
2022-04-21 10:23:00,-333.75,105.0,-228.75
2022-04-21 10:24:00,-198.75,15.0,-183.75
2022-04-21 10:25:00,45.0,-105.0,-60.0
2022-04-21 10:26:00,-18.75,-60.0,-78.75
2022-04-21 10:27:00,48.75,-135.0,-86.25
2022-04-21 10:28:00,135.0,-198.75,-63.75
2022-04-21 10:29:00,150.0,-202.5,-52.5
2022-04-21 10:30:00,127.5,-135.0,-7.5
2022-04-21 10:31:00,165.0,-168.75,-3.75
2022-04-21 10:32:00,120.0,-105.0,15.0
2022-04-21 10:33:00,75.0,7.5,82.5
2022-04-21 10:34:00,82.5,60.0,142.5
2022-04-21 10:35:00,112.5,30.0,142.5
2022-04-21 10:36:00,0.0,165.0,165.0
2022-04-21 10:37:00,7.5,157.5,165.0
2022-04-21 10:38:00,-78.75,172.5,93.75
2022-04-21 10:39:00,-15.0,108.75,93.75
2022-04-21 10:40:00,-67.5,138.75,71.25
2022-04-21 10:41:00,-3.75,131.25,127.5
2022-04-21 10:42:00,7.5,101.25,108.75
2022-04-21 10:43:00,-18.75,101.25,82.5
2022-04-21 10:44:00,-56.25,131.25,75.0
2022-04-21 10:45:00,-7.5,168.75,161.25
2022-04-21 10:46:00,-213.75,236.25,22.5
2022-04-21 10:47:00,-247.5,243.75,-3.75
2022-04-21 10:48:00,-262.5,221.25,-41.25
2022-04-21 10:49:00,-225.0,213.75,-11.25
2022-04-21 10:50:00,-153.75,187.5,33.75
2022-04-21 10:51:00,-120.0,183.75,63.75
2022-04-21 10:52:00,-112.5,176.25,63.75
2022-04-21 10:53:00,-86.25,195.0,108.75
2022-04-21 10:54:00,-382.5,352.5,-30.0
2022-04-21 10:55:00,-551.25,480.0,-71.25
2022-04-21 10:56:00,-461.25,367.5,-93.75
2022-04-21 10:57:00,-573.75,367.5,-206.25
2022-04-21 10:58:00,-502.5,322.5,-180.0
2022-04-21 10:59:00,-468.75,307.5,-161.25
2022-04-21 11:00:00,-798.75,378.75,-420.0
2022-04-21 11:01:00,-892.5,420.0,-472.5
2022-04-21 11:02:00,-963.75,461.25,-502.5
2022-04-21 11:03:00,-1008.75,487.5,-521.25
2022-04-21 11:04:00,-1230.0,536.25,-693.75
2022-04-21 11:05:00,-1436.25,573.75,-862.5
2022-04-21 11:06:00,-2025.0,757.5,-1267.5
2022-04-21 11:07:00,-1725.0,682.5,-1042.5
2022-04-21 11:08:00,-1777.5,667.5,-1110.0
2022-04-21 11:09:00,-1946.25,697.5,-1248.75
2022-04-21 11:10:00,-2467.5,843.75,-1623.75
2022-04-21 11:11:00,-2621.25,888.75,-1732.5
2022-04-21 11:12:00,-2835.0,963.75,-1871.25
2022-04-21 11:13:00,-2557.5,915.0,-1642.5
2022-04-21 11:14:00,-2538.75,956.25,-1582.5
2022-04-21 11:15:00,-3120.0,1136.25,-1983.75
2022-04-21 11:16:00,-2778.75,930.0,-1848.75
2022-04-21 11:17:00,-2760.0,731.25,-2028.75
2022-04-21 11:18:00,-2816.25,798.75,-2017.5
2022-04-21 11:19:00,-2640.0,570.0,-2070.0
2022-04-21 11:20:00,-2707.5,731.25,-1976.25
2022-04-21 11:21:00,-2711.25,780.0,-1931.25
2022-04-21 11:22:00,-2655.0,765.0,-1890.0
2022-04-21 11:23:00,-2797.5,1068.75,-1728.75
2022-04-21 11:24:00,-2838.75,1110.0,-1728.75
2022-04-21 11:25:00,-3566.25,1785.0,-1781.25
2022-04-21 11:26:00,-3791.25,1818.75,-1972.5
2022-04-21 11:27:00,-3648.75,1695.0,-1953.75
2022-04-21 11:28:00,-3236.25,1353.75,-1882.5
2022-04-21 11:29:00,-3427.5,1447.5,-1980.0
2022-04-21 11:30:00,-3630.0,1635.0,-1995.0
2022-04-21 11:31:00,-2985.0,1083.75,-1901.25
2022-04-21 11:32:00,-3093.75,1181.25,-1912.5
2022-04-21 11:33:00,-3243.75,1353.75,-1890.0
2022-04-21 11:34:00,-3206.25,1338.75,-1867.5
2022-04-21 11:35:00,-3056.25,1222.5,-1833.75
2022-04-21 11:36:00,-2996.25,1170.0,-1826.25
2022-04-21 11:37:00,-2752.5,1027.5,-1725.0
2022-04-21 11:38:00,-2613.75,930.0,-1683.75
2022-04-21 11:39:00,-2550.0,937.5,-1612.5
2022-04-21 11:40:00,-2531.25,881.25,-1650.0
2022-04-21 11:41:00,-2730.0,1061.25,-1668.75
2022-04-21 11:42:00,-2718.75,1091.25,-1627.5
2022-04-21 11:43:00,-2673.75,1117.5,-1556.25
2022-04-21 11:44:00,-2553.75,978.75,-1575.0
2022-04-21 11:45:00,-2677.5,1147.5,-1530.0
2022-04-21 11:46:00,-2148.75,611.25,-1537.5
2022-04-21 11:47:00,-2317.5,735.0,-1582.5
2022-04-21 11:48:00,-2302.5,765.0,-1537.5
2022-04-21 11:49:00,-2332.5,870.0,-1462.5
2022-04-21 11:50:00,-2741.25,1477.5,-1263.75
2022-04-21 11:51:00,-2921.25,1601.25,-1320.0
2022-04-21 11:52:00,-2940.0,1657.5,-1282.5
2022-04-21 11:53:00,-2808.75,1451.25,-1357.5
2022-04-21 11:54:00,-2793.75,1443.75,-1350.0
2022-04-21 11:55:00,-2670.0,1391.25,-1278.75
2022-04-21 11:56:00,-2726.25,1428.75,-1297.5
2022-04-21 11:57:00,-2767.5,1511.25,-1256.25
2022-04-21 11:58:00,-3105.0,2043.75,-1061.25
2022-04-21 11:59:00,-3176.25,2070.0,-1106.25
2022-04-21 12:00:00,-3180.0,2118.75,-1061.25
2022-04-21 12:01:00,-3123.75,2036.25,-1087.5
2022-04-21 12:02:00,-3093.75,2006.25,-1087.5
2022-04-21 12:03:00,-3146.25,2096.25,-1050.0
2022-04-21 12:04:00,-3363.75,2291.25,-1072.5
2022-04-21 12:05:00,-2891.25,1946.25,-945.0
2022-04-21 12:06:00,-2868.75,1856.25,-1012.5
2022-04-21 12:07:00,-2910.0,1901.25,-1008.75
2022-04-21 12:08:00,-2797.5,1822.5,-975.0
2022-04-21 12:09:00,-3217.5,2182.5,-1035.0
2022-04-21 12:10:00,-3082.5,2088.75,-993.75
2022-04-21 12:11:00,-2943.75,1920.0,-1023.75
2022-04-21 12:12:00,-2827.5,1830.0,-997.5
2022-04-21 12:13:00,-2925.0,1901.25,-1023.75
2022-04-21 12:14:00,-2947.5,1927.5,-1020.0
2022-04-21 12:15:00,-3048.75,2047.5,-1001.25
2022-04-21 12:16:00,-3015.0,2013.75,-1001.25
2022-04-21 12:17:00,-2981.25,1976.25,-1005.0
2022-04-21 12:18:00,-2906.25,1905.0,-1001.25
2022-04-21 12:19:00,-2546.25,1548.75,-997.5
2022-04-21 12:20:00,-2640.0,1616.25,-1023.75
2022-04-21 12:21:00,-2745.0,1702.5,-1042.5
2022-04-21 12:22:00,-2501.25,1428.75,-1072.5
2022-04-21 12:23:00,-2553.75,1522.5,-1031.25
2022-04-21 12:24:00,-2643.75,1653.75,-990.0
2022-04-21 12:25:00,-2520.0,1511.25,-1008.75
2022-04-21 12:26:00,-2460.0,1383.75,-1076.25
2022-04-21 12:27:00,-2756.25,1773.75,-982.5
2022-04-21 12:28:00,-2977.5,2137.5,-840.0
2022-04-21 12:29:00,-2861.25,1991.25,-870.0
2022-04-21 12:30:00,-2805.0,1931.25,-873.75
2022-04-21 12:31:00,-2598.75,1653.75,-945.0
2022-04-21 12:32:00,-2816.25,1980.0,-836.25
2022-04-21 12:33:00,-2981.25,2175.0,-806.25
2022-04-21 12:34:00,-3502.5,2775.0,-727.5
2022-04-21 12:35:00,-3202.5,2437.5,-765.0
2022-04-21 12:36:00,-2981.25,2310.0,-671.25
2022-04-21 12:37:00,-2940.0,2227.5,-712.5
2022-04-21 12:38:00,-2928.75,2216.25,-712.5
2022-04-21 12:39:00,-3090.0,2340.0,-750.0
2022-04-21 12:40:00,-3251.25,2441.25,-810.0
2022-04-21 12:41:00,-3086.25,2355.0,-731.25
2022-04-21 12:42:00,-3202.5,2418.75,-783.75
2022-04-21 12:43:00,-3558.75,2651.25,-907.5
2022-04-21 12:44:00,-4185.0,3120.0,-1065.0
2022-04-21 12:45:00,-4173.75,3266.25,-907.5
2022-04-21 12:46:00,-4188.75,3390.0,-798.75
2022-04-21 12:47:00,-4181.25,3423.75,-757.5
2022-04-21 12:48:00,-4218.75,3405.0,-813.75
2022-04-21 12:49:00,-4256.25,3442.5,-813.75
2022-04-21 12:50:00,-4365.0,3453.75,-911.25
2022-04-21 12:51:00,-4233.75,3453.75,-780.0
2022-04-21 12:52:00,-3832.5,3307.5,-525.0
2022-04-21 12:53:00,-3423.75,3030.0,-393.75
2022-04-21 12:54:00,-3288.75,2816.25,-472.5
2022-04-21 12:55:00,-3345.0,2838.75,-506.25
2022-04-21 12:56:00,-3285.0,2801.25,-483.75
2022-04-21 12:57:00,-3378.75,2880.0,-498.75
2022-04-21 12:58:00,-3588.75,3258.75,-330.0
2022-04-21 12:59:00,-3532.5,3217.5,-315.0
2022-04-21 13:00:00,-3633.75,3378.75,-255.0
2022-04-21 13:01:00,-3937.5,3573.75,-363.75
2022-04-21 13:02:00,-3705.0,3371.25,-333.75
2022-04-21 13:03:00,-3637.5,3270.0,-367.5
2022-04-21 13:04:00,-3690.0,3296.25,-393.75
2022-04-21 13:05:00,-3885.0,3528.75,-356.25
2022-04-21 13:06:00,-3888.75,3487.5,-401.25
2022-04-21 13:07:00,-3870.0,3438.75,-431.25
2022-04-21 13:08:00,-3828.75,3412.5,-416.25
2022-04-21 13:09:00,-3933.75,3502.5,-431.25
2022-04-21 13:10:00,-3918.75,3450.0,-468.75
2022-04-21 13:11:00,-3847.5,3382.5,-465.0
2022-04-21 13:12:00,-3596.25,3135.0,-461.25
2022-04-21 13:13:00,-3945.0,3596.25,-348.75
2022-04-21 13:14:00,-4125.0,3757.5,-367.5
2022-04-21 13:15:00,-3708.75,3382.5,-326.25
2022-04-21 13:16:00,-3577.5,3375.0,-202.5
2022-04-21 13:17:00,-3686.25,3483.75,-202.5
2022-04-21 13:18:00,-3798.75,3577.5,-221.25
2022-04-21 13:19:00,-3787.5,3588.75,-198.75
2022-04-21 13:20:00,-3678.75,3506.25,-172.5
2022-04-21 13:21:00,-3690.0,3528.75,-161.25
2022-04-21 13:22:00,-3663.75,3521.25,-142.5
2022-04-21 13:23:00,-3566.25,3390.0,-176.25
2022-04-21 13:24:00,-3551.25,3333.75,-217.5
2022-04-21 13:25:00,-3588.75,3416.25,-172.5
2022-04-21 13:26:00,-3588.75,3510.0,-78.75
2022-04-21 13:27:00,-3836.25,3810.0,-26.25
2022-04-21 13:28:00,-4001.25,3907.5,-93.75
2022-04-21 13:29:00,-3971.25,3896.25,-75.0
2022-04-21 13:30:00,-4406.25,4128.75,-277.5
2022-04-21 13:31:00,-4237.5,3978.75,-258.75
2022-04-21 13:32:00,-4102.5,3945.0,-157.5
2022-04-21 13:33:00,-4237.5,4031.25,-206.25
2022-04-21 13:34:00,-4113.75,3993.75,-120.0
2022-04-21 13:35:00,-4001.25,3960.0,-41.25
2022-04-21 13:36:00,-3877.5,3877.5,0.0
2022-04-21 13:37:00,-3735.0,3772.5,37.5
2022-04-21 13:38:00,-3978.75,3993.75,15.0
2022-04-21 13:39:00,-3956.25,4053.75,97.5
2022-04-21 13:40:00,-3948.75,4027.5,78.75
2022-04-21 13:41:00,-3888.75,3986.25,97.5
2022-04-21 13:42:00,-4031.25,4068.75,37.5
2022-04-21 13:43:00,-4188.75,4305.0,116.25
2022-04-21 13:44:00,-4275.0,4252.5,-22.5
2022-04-21 13:45:00,-4680.0,4470.0,-210.0
2022-04-21 13:46:00,-4578.75,4417.5,-161.25
2022-04-21 13:47:00,-4601.25,4410.0,-191.25
2022-04-21 13:48:00,-4466.25,4357.5,-108.75
2022-04-21 13:49:00,-4417.5,4391.25,-26.25
2022-04-21 13:50:00,-4192.5,4316.25,123.75
2022-04-21 13:51:00,-4200.0,4316.25,116.25
2022-04-21 13:52:00,-4252.5,4335.0,82.5
2022-04-21 13:53:00,-4410.0,4432.5,22.5
2022-04-21 13:54:00,-4196.25,4365.0,168.75
2022-04-21 13:55:00,-4008.75,4267.5,258.75
2022-04-21 13:56:00,-4106.25,4305.0,198.75
2022-04-21 13:57:00,-4023.75,4271.25,247.5
2022-04-21 13:58:00,-3716.25,4147.5,431.25
2022-04-21 13:59:00,-3723.75,4061.25,337.5
2022-04-21 14:00:00,-3495.0,3900.0,405.0
2022-04-21 14:01:00,-3603.75,4035.0,431.25
2022-04-21 14:02:00,-3798.75,4308.75,510.0
2022-04-21 14:03:00,-3543.75,4065.0,521.25
2022-04-21 14:04:00,-3592.5,4110.0,517.5
2022-04-21 14:05:00,-3678.75,4380.0,701.25
2022-04-21 14:06:00,-3765.0,4338.75,573.75
2022-04-21 14:07:00,-3701.25,4357.5,656.25
2022-04-21 14:08:00,-3858.75,4387.5,528.75
2022-04-21 14:09:00,-3963.75,4526.25,562.5
2022-04-21 14:10:00,-3873.75,4492.5,618.75
2022-04-21 14:11:00,-4091.25,4725.0,633.75
2022-04-21 14:12:00,-4035.0,4687.5,652.5
2022-04-21 14:13:00,-3926.25,4627.5,701.25
2022-04-21 14:14:00,-4065.0,4713.75,648.75
2022-04-21 14:15:00,-4181.25,4803.75,622.5
2022-04-21 14:16:00,-4357.5,4908.75,551.25
2022-04-21 14:17:00,-4338.75,4938.75,600.0
2022-04-21 14:18:00,-4586.25,4953.75,367.5
2022-04-21 14:19:00,-4837.5,4998.75,161.25
2022-04-21 14:20:00,-4593.75,4938.75,345.0
2022-04-21 14:21:00,-4635.0,4942.5,307.5
2022-04-21 14:22:00,-4841.25,5025.0,183.75
2022-04-21 14:23:00,-4725.0,5002.5,277.5
2022-04-21 14:24:00,-4863.75,5051.25,187.5
2022-04-21 14:25:00,-5328.75,5088.75,-240.0
2022-04-21 14:26:00,-4935.0,5032.5,97.5
2022-04-21 14:27:00,-4837.5,5021.25,183.75
2022-04-21 14:28:00,-5118.75,5085.0,-33.75
2022-04-21 14:29:00,-5103.75,5088.75,-15.0
2022-04-21 14:30:00,-5752.5,5175.0,-577.5
2022-04-21 14:31:00,-5681.25,5156.25,-525.0
2022-04-21 14:32:00,-5696.25,5242.5,-453.75
2022-04-21 14:33:00,-5718.75,5280.0,-438.75
2022-04-21 14:34:00,-5692.5,5313.75,-378.75
2022-04-21 14:35:00,-5625.0,5216.25,-408.75
2022-04-21 14:36:00,-5606.25,5220.0,-386.25
2022-04-21 14:37:00,-5636.25,5197.5,-438.75
2022-04-21 14:38:00,-5613.75,5152.5,-461.25
2022-04-21 14:39:00,-5621.25,5160.0,-461.25
2022-04-21 14:40:00,-5621.25,5193.75,-427.5
2022-04-21 14:41:00,-5625.0,5235.0,-390.0
2022-04-21 14:42:00,-5640.0,5272.5,-367.5
2022-04-21 14:43:00,-5617.5,5223.75,-393.75
2022-04-21 14:44:00,-5583.75,5205.0,-378.75
2022-04-21 14:45:00,-5583.75,5257.5,-326.25
2022-04-21 14:46:00,-5568.75,5227.5,-341.25
2022-04-21 14:47:00,-5568.75,5156.25,-412.5
2022-04-21 14:48:00,-5572.5,5265.0,-307.5
2022-04-21 14:49:00,-5576.25,5332.5,-243.75
2022-04-21 14:50:00,-5572.5,5328.75,-243.75
2022-04-21 14:51:00,-5572.5,5325.0,-247.5
2022-04-21 14:52:00,-5576.25,5388.75,-187.5
2022-04-21 14:53:00,-5583.75,5396.25,-187.5
2022-04-21 14:54:00,-5606.25,5441.25,-165.0
2022-04-21 14:55:00,-5583.75,5422.5,-161.25
2022-04-21 14:56:00,-5576.25,5418.75,-157.5
2022-04-21 14:57:00,-5572.5,5403.75,-168.75
2022-04-21 14:58:00,-5561.25,5418.75,-142.5
2022-04-21 14:59:00,-5565.0,5433.75,-131.25
2022-04-21 15:00:00,-5568.75,5437.5,-131.25
2022-04-21 15:01:00,-5553.75,5478.75,-75.0
2022-04-21 15:02:00,-5542.5,5501.25,-41.25
2022-04-21 15:03:00,-5531.25,5520.0,-11.25
2022-04-21 15:04:00,-5527.5,5520.0,-7.5
2022-04-21 15:05:00,-5527.5,5508.75,-18.75
2022-04-21 15:06:00,-5523.75,5460.0,-63.75
2022-04-21 15:07:00,-5516.25,5467.5,-48.75
2022-04-21 15:08:00,-5516.25,5490.0,-26.25
2022-04-21 15:09:00,-5516.25,5441.25,-75.0
2022-04-21 15:10:00,-5512.5,5482.5,-30.0
2022-04-21 15:11:00,-5512.5,5523.75,11.25
2022-04-21 15:12:00,-5516.25,5520.0,3.75
2022-04-21 15:13:00,-5516.25,5523.75,7.5
2022-04-21 15:14:00,-5516.25,5527.5,11.25
2022-04-21 15:15:00,-5516.25,5535.0,18.75
2022-04-21 15:16:00,-5512.5,5535.0,22.5
2022-04-21 15:17:00,-5512.5,5550.0,37.5
2022-04-21 15:18:00,-5508.75,5557.5,48.75
2022-04-21 15:19:00,-5508.75,5553.75,45.0
2022-04-21 15:20:00,-5512.5,5550.0,37.5
2022-04-21 15:21:00,-5512.5,5550.0,37.5
2022-04-21 15:22:00,-5512.5,5550.0,37.5
2022-04-21 15:23:00,-5512.5,5550.0,37.5
2022-04-21 15:24:00,-5512.5,5550.0,37.5
2022-04-21 15:25:00,-5512.5,5550.0,37.5
2022-04-21 15:26:00,-5512.5,5550.0,37.5
2022-04-21 15:27:00,-5512.5,5550.0,37.5
2022-04-21 15:28:00,-5512.5,5550.0,37.5
2022-04-21 15:29:00,-5512.5,5550.0,37.5
2022-04-21 15:30:00,-5512.5,5550.0,37.5
2022-04-28 10:15:00,0.0,0.0,0.0
2022-04-28 10:16:00,90.0,-78.75,11.25
2022-04-28 10:17:00,-75.0,78.75,3.75
2022-04-28 10:18:00,-7.5,60.0,52.5
2022-04-28 10:19:00,-3.75,26.25,22.5
2022-04-28 10:20:00,-3.75,41.25,37.5
2022-04-28 10:21:00,-131.25,213.75,82.5
2022-04-28 10:22:00,-131.25,191.25,60.0
2022-04-28 10:23:00,-105.0,165.0,60.0
2022-04-28 10:24:00,0.0,112.5,112.5
2022-04-28 10:25:00,-18.75,138.75,120.0
2022-04-28 10:26:00,-18.75,116.25,97.5
2022-04-28 10:27:00,60.0,-48.75,11.25
2022-04-28 10:28:00,105.0,-108.75,-3.75
2022-04-28 10:29:00,26.25,-3.75,22.5
2022-04-28 10:30:00,131.25,-86.25,45.0
2022-04-28 10:31:00,206.25,-127.5,78.75
2022-04-28 10:32:00,232.5,-90.0,142.5
2022-04-28 10:33:00,183.75,-37.5,146.25
2022-04-28 10:34:00,240.0,-67.5,172.5
2022-04-28 10:35:00,476.25,-311.25,165.0
2022-04-28 10:36:00,397.5,-198.75,198.75
2022-04-28 10:37:00,333.75,-75.0,258.75
2022-04-28 10:38:00,371.25,-86.25,285.0
2022-04-28 10:39:00,360.0,-157.5,202.5
2022-04-28 10:40:00,375.0,-146.25,228.75
2022-04-28 10:41:00,378.75,-262.5,116.25
2022-04-28 10:42:00,566.25,-375.0,191.25
2022-04-28 10:43:00,671.25,-330.0,341.25
2022-04-28 10:44:00,720.0,-405.0,315.0
2022-04-28 10:45:00,731.25,-397.5,333.75
2022-04-28 10:46:00,828.75,-708.75,120.0
2022-04-28 10:47:00,795.0,-521.25,273.75
2022-04-28 10:48:00,735.0,-423.75,311.25
2022-04-28 10:49:00,682.5,-322.5,360.0
2022-04-28 10:50:00,690.0,-360.0,330.0
2022-04-28 10:51:00,611.25,-251.25,360.0
2022-04-28 10:52:00,585.0,-142.5,442.5
2022-04-28 10:53:00,517.5,-45.0,472.5
2022-04-28 10:54:00,498.75,3.75,502.5
2022-04-28 10:55:00,405.0,153.75,558.75
2022-04-28 10:56:00,341.25,217.5,558.75
2022-04-28 10:57:00,213.75,367.5,581.25
2022-04-28 10:58:00,217.5,348.75,566.25
2022-04-28 10:59:00,221.25,356.25,577.5
2022-04-28 11:00:00,285.0,345.0,630.0
2022-04-28 11:01:00,393.75,232.5,626.25
2022-04-28 11:02:00,408.75,243.75,652.5
2022-04-28 11:03:00,476.25,180.0,656.25
2022-04-28 11:04:00,453.75,161.25,615.0
2022-04-28 11:05:00,311.25,307.5,618.75
2022-04-28 11:06:00,337.5,236.25,573.75
2022-04-28 11:07:00,303.75,251.25,555.0
2022-04-28 11:08:00,221.25,345.0,566.25
2022-04-28 11:09:00,240.0,318.75,558.75
2022-04-28 11:10:00,251.25,311.25,562.5
2022-04-28 11:11:00,423.75,225.0,648.75
2022-04-28 11:12:00,412.5,236.25,648.75
2022-04-28 11:13:00,528.75,165.0,693.75
2022-04-28 11:14:00,487.5,172.5,660.0
2022-04-28 11:15:00,487.5,198.75,686.25
2022-04-28 11:16:00,397.5,285.0,682.5
2022-04-28 11:17:00,333.75,311.25,645.0
2022-04-28 11:18:00,341.25,360.0,701.25
2022-04-28 11:19:00,315.0,393.75,708.75
2022-04-28 11:20:00,176.25,570.0,746.25
2022-04-28 11:21:00,202.5,517.5,720.0
2022-04-28 11:22:00,138.75,547.5,686.25
2022-04-28 11:23:00,180.0,487.5,667.5
2022-04-28 11:24:00,112.5,543.75,656.25
2022-04-28 11:25:00,56.25,570.0,626.25
2022-04-28 11:26:00,-138.75,768.75,630.0
2022-04-28 11:27:00,-90.0,720.0,630.0
2022-04-28 11:28:00,-123.75,776.25,652.5
2022-04-28 11:29:00,-127.5,813.75,686.25
2022-04-28 11:30:00,-300.0,933.75,633.75
2022-04-28 11:31:00,-255.0,971.25,716.25
2022-04-28 11:32:00,-457.5,1098.75,641.25
2022-04-28 11:33:00,-517.5,1076.25,558.75
2022-04-28 11:34:00,-408.75,1035.0,626.25
2022-04-28 11:35:00,-397.5,1005.0,607.5
2022-04-28 11:36:00,-581.25,1068.75,487.5
2022-04-28 11:37:00,-360.0,1020.0,660.0
2022-04-28 11:38:00,-423.75,1008.75,585.0
2022-04-28 11:39:00,-397.5,997.5,600.0
2022-04-28 11:40:00,-390.0,1001.25,611.25
2022-04-28 11:41:00,-243.75,975.0,731.25
2022-04-28 11:42:00,-101.25,937.5,836.25
2022-04-28 11:43:00,-296.25,1001.25,705.0
2022-04-28 11:44:00,-326.25,1023.75,697.5
2022-04-28 11:45:00,-371.25,1031.25,660.0
2022-04-28 11:46:00,-611.25,1211.25,600.0
2022-04-28 11:47:00,-832.5,1256.25,423.75
2022-04-28 11:48:00,-866.25,1301.25,435.0
2022-04-28 11:49:00,-967.5,1346.25,378.75
2022-04-28 11:50:00,-1095.0,1417.5,322.5
2022-04-28 11:51:00,-892.5,1376.25,483.75
2022-04-28 11:52:00,-922.5,1365.0,442.5
2022-04-28 11:53:00,-1057.5,1391.25,333.75
2022-04-28 11:54:00,-982.5,1395.0,412.5
2022-04-28 11:55:00,-888.75,1387.5,498.75
2022-04-28 11:56:00,-975.0,1380.0,405.0
2022-04-28 11:57:00,-1053.75,1398.75,345.0
2022-04-28 11:58:00,-937.5,1368.75,431.25
2022-04-28 11:59:00,-881.25,1387.5,506.25
2022-04-28 12:00:00,-892.5,1398.75,506.25
2022-04-28 12:01:00,-1143.75,1466.25,322.5
2022-04-28 12:02:00,-1425.0,1522.5,97.5
2022-04-28 12:03:00,-1391.25,1530.0,138.75
2022-04-28 12:04:00,-1293.75,1533.75,240.0
2022-04-28 12:05:00,-1462.5,1522.5,60.0
2022-04-28 12:06:00,-1402.5,1507.5,105.0
2022-04-28 12:07:00,-1320.0,1485.0,165.0
2022-04-28 12:08:00,-1353.75,1485.0,131.25
2022-04-28 12:09:00,-1680.0,1548.75,-131.25
2022-04-28 12:10:00,-1496.25,1541.25,45.0
2022-04-28 12:11:00,-1338.75,1522.5,183.75
2022-04-28 12:12:00,-1260.0,1500.0,240.0
2022-04-28 12:13:00,-1098.75,1462.5,363.75
2022-04-28 12:14:00,-1282.5,1462.5,180.0
2022-04-28 12:15:00,-1185.0,1447.5,262.5
2022-04-28 12:16:00,-1233.75,1436.25,202.5
2022-04-28 12:17:00,-1248.75,1436.25,187.5
2022-04-28 12:18:00,-1421.25,1485.0,63.75
2022-04-28 12:19:00,-1676.25,1548.75,-127.5
2022-04-28 12:20:00,-1721.25,1548.75,-172.5
2022-04-28 12:21:00,-1871.25,1571.25,-300.0
2022-04-28 12:22:00,-1848.75,1560.0,-288.75
2022-04-28 12:23:00,-1683.75,1552.5,-131.25
2022-04-28 12:24:00,-1770.0,1552.5,-217.5
2022-04-28 12:25:00,-1518.75,1545.0,26.25
2022-04-28 12:26:00,-1357.5,1522.5,165.0
2022-04-28 12:27:00,-1316.25,1515.0,198.75
2022-04-28 12:28:00,-1271.25,1500.0,228.75
2022-04-28 12:29:00,-1612.5,1537.5,-75.0
2022-04-28 12:30:00,-1905.0,1560.0,-345.0
2022-04-28 12:31:00,-1725.0,1530.0,-195.0
2022-04-28 12:32:00,-1826.25,1552.5,-273.75
2022-04-28 12:33:00,-2276.25,1605.0,-671.25
2022-04-28 12:34:00,-2418.75,1608.75,-810.0
2022-04-28 12:35:00,-2613.75,1605.0,-1008.75
2022-04-28 12:36:00,-2478.75,1590.0,-888.75
2022-04-28 12:37:00,-2366.25,1593.75,-772.5
2022-04-28 12:38:00,-2478.75,1605.0,-873.75
2022-04-28 12:39:00,-2621.25,1635.0,-986.25
2022-04-28 12:40:00,-2647.5,1642.5,-1005.0
2022-04-28 12:41:00,-2471.25,1661.25,-810.0
2022-04-28 12:42:00,-2580.0,1657.5,-922.5
2022-04-28 12:43:00,-2688.75,1702.5,-986.25
2022-04-28 12:44:00,-2636.25,1725.0,-911.25
2022-04-28 12:45:00,-2568.75,1713.75,-855.0
2022-04-28 12:46:00,-2508.75,1702.5,-806.25
2022-04-28 12:47:00,-2512.5,1680.0,-832.5
2022-04-28 12:48:00,-2493.75,1676.25,-817.5
2022-04-28 12:49:00,-2478.75,1668.75,-810.0
2022-04-28 12:50:00,-2527.5,1676.25,-851.25
2022-04-28 12:51:00,-2666.25,1725.0,-941.25
2022-04-28 12:52:00,-2632.5,1725.0,-907.5
2022-04-28 12:53:00,-2576.25,1740.0,-836.25
2022-04-28 12:54:00,-2553.75,1736.25,-817.5
2022-04-28 12:55:00,-2666.25,1736.25,-930.0
2022-04-28 12:56:00,-2546.25,1728.75,-817.5
2022-04-28 12:57:00,-2613.75,1728.75,-885.0
2022-04-28 12:58:00,-2640.0,1743.75,-896.25
2022-04-28 12:59:00,-2722.5,1743.75,-978.75
2022-04-28 13:00:00,-2730.0,1762.5,-967.5
2022-04-28 13:01:00,-2831.25,1755.0,-1076.25
2022-04-28 13:02:00,-3176.25,1747.5,-1428.75
2022-04-28 13:03:00,-3101.25,1766.25,-1335.0
2022-04-28 13:04:00,-3157.5,1751.25,-1406.25
2022-04-28 13:05:00,-3221.25,1747.5,-1473.75
2022-04-28 13:06:00,-3457.5,1751.25,-1706.25
2022-04-28 13:07:00,-3401.25,1766.25,-1635.0
2022-04-28 13:08:00,-3363.75,1766.25,-1597.5
2022-04-28 13:09:00,-3510.0,1762.5,-1747.5
2022-04-28 13:10:00,-3753.75,1762.5,-1991.25
2022-04-28 13:11:00,-3648.75,1758.75,-1890.0
2022-04-28 13:12:00,-3300.0,1758.75,-1541.25
2022-04-28 13:13:00,-3536.25,1755.0,-1781.25
2022-04-28 13:14:00,-3555.0,1755.0,-1800.0
2022-04-28 13:15:00,-3645.0,1755.0,-1890.0
2022-04-28 13:16:00,-3352.5,1747.5,-1605.0
2022-04-28 13:17:00,-3243.75,1725.0,-1518.75
2022-04-28 13:18:00,-2985.0,1706.25,-1278.75
2022-04-28 13:19:00,-3266.25,1721.25,-1545.0
2022-04-28 13:20:00,-3367.5,1751.25,-1616.25
2022-04-28 13:21:00,-3135.0,1758.75,-1376.25
2022-04-28 13:22:00,-3011.25,1747.5,-1263.75
2022-04-28 13:23:00,-2951.25,1740.0,-1211.25
2022-04-28 13:24:00,-2883.75,1743.75,-1140.0
2022-04-28 13:25:00,-2962.5,1755.0,-1207.5
2022-04-28 13:26:00,-2925.0,1762.5,-1162.5
2022-04-28 13:27:00,-2966.25,1762.5,-1203.75
2022-04-28 13:28:00,-3146.25,1766.25,-1380.0
2022-04-28 13:29:00,-2936.25,1762.5,-1173.75
2022-04-28 13:30:00,-2917.5,1762.5,-1155.0
2022-04-28 13:31:00,-3075.0,1777.5,-1297.5
2022-04-28 13:32:00,-3303.75,1807.5,-1496.25
2022-04-28 13:33:00,-3202.5,1833.75,-1368.75
2022-04-28 13:34:00,-3063.75,1830.0,-1233.75
2022-04-28 13:35:00,-3135.0,1822.5,-1312.5
2022-04-28 13:36:00,-3296.25,1822.5,-1473.75
2022-04-28 13:37:00,-3330.0,1837.5,-1492.5
2022-04-28 13:38:00,-3431.25,1841.25,-1590.0
2022-04-28 13:39:00,-3363.75,1845.0,-1518.75
2022-04-28 13:40:00,-3303.75,1848.75,-1455.0
2022-04-28 13:41:00,-3315.0,1841.25,-1473.75
2022-04-28 13:42:00,-3367.5,1848.75,-1518.75
2022-04-28 13:43:00,-3618.75,1852.5,-1766.25
2022-04-28 13:44:00,-3926.25,1848.75,-2077.5
2022-04-28 13:45:00,-3761.25,1852.5,-1908.75
2022-04-28 13:46:00,-4076.25,2186.25,-1890.0
2022-04-28 13:47:00,-3907.5,1972.5,-1935.0
2022-04-28 13:48:00,-3982.5,2036.25,-1946.25
2022-04-28 13:49:00,-3915.0,1980.0,-1935.0
2022-04-28 13:50:00,-3847.5,1923.75,-1923.75
2022-04-28 13:51:00,-3791.25,1860.0,-1931.25
2022-04-28 13:52:00,-3761.25,1923.75,-1837.5
2022-04-28 13:53:00,-3693.75,1773.75,-1920.0
2022-04-28 13:54:00,-3491.25,1575.0,-1916.25
2022-04-28 13:55:00,-3543.75,1646.25,-1897.5
2022-04-28 13:56:00,-3712.5,1886.25,-1826.25
2022-04-28 13:57:00,-3765.0,1897.5,-1867.5
2022-04-28 13:58:00,-3911.25,2197.5,-1713.75
2022-04-28 13:59:00,-4241.25,2583.75,-1657.5
2022-04-28 14:00:00,-4650.0,2943.75,-1706.25
2022-04-28 14:01:00,-4646.25,2910.0,-1736.25
2022-04-28 14:02:00,-4863.75,3045.0,-1818.75
2022-04-28 14:03:00,-5051.25,3090.0,-1961.25
2022-04-28 14:04:00,-4950.0,3086.25,-1863.75
2022-04-28 14:05:00,-4758.75,3041.25,-1717.5
2022-04-28 14:06:00,-5208.75,3476.25,-1732.5
2022-04-28 14:07:00,-5426.25,3585.0,-1841.25
2022-04-28 14:08:00,-5426.25,3570.0,-1856.25
2022-04-28 14:09:00,-5197.5,3337.5,-1860.0
2022-04-28 14:10:00,-5220.0,3397.5,-1822.5
2022-04-28 14:11:00,-5508.75,3630.0,-1878.75
2022-04-28 14:12:00,-5332.5,3468.75,-1863.75
2022-04-28 14:13:00,-5478.75,3585.0,-1893.75
2022-04-28 14:14:00,-5557.5,3645.0,-1912.5
2022-04-28 14:15:00,-5580.0,3667.5,-1912.5
2022-04-28 14:16:00,-5347.5,3487.5,-1860.0
2022-04-28 14:17:00,-5242.5,3408.75,-1833.75
2022-04-28 14:18:00,-5167.5,3371.25,-1796.25
2022-04-28 14:19:00,-5561.25,3795.0,-1766.25
2022-04-28 14:20:00,-4473.75,3063.75,-1410.0
2022-04-28 14:21:00,-4470.0,2981.25,-1488.75
2022-04-28 14:22:00,-4537.5,3003.75,-1533.75
2022-04-28 14:23:00,-4646.25,3093.75,-1552.5
2022-04-28 14:24:00,-4676.25,3172.5,-1503.75
2022-04-28 14:25:00,-5156.25,3648.75,-1507.5
2022-04-28 14:26:00,-4897.5,3371.25,-1526.25
2022-04-28 14:27:00,-4743.75,3258.75,-1485.0
2022-04-28 14:28:00,-4875.0,3435.0,-1440.0
2022-04-28 14:29:00,-5152.5,3701.25,-1451.25
2022-04-28 14:30:00,-5493.75,4038.75,-1455.0
2022-04-28 14:31:00,-5426.25,3956.25,-1470.0
2022-04-28 14:32:00,-4942.5,3618.75,-1323.75
2022-04-28 14:33:00,-4950.0,3570.0,-1380.0
2022-04-28 14:34:00,-5051.25,3596.25,-1455.0
2022-04-28 14:35:00,-5302.5,3817.5,-1485.0
2022-04-28 14:36:00,-5565.0,4061.25,-1503.75
2022-04-28 14:37:00,-5565.0,4087.5,-1477.5
2022-04-28 14:38:00,-5752.5,4233.75,-1518.75
2022-04-28 14:39:00,-5718.75,4215.0,-1503.75
2022-04-28 14:40:00,-5685.0,4211.25,-1473.75
2022-04-28 14:41:00,-5505.0,4211.25,-1293.75
2022-04-28 14:42:00,-5032.5,4211.25,-821.25
2022-04-28 14:43:00,-5760.0,4211.25,-1548.75
2022-04-28 14:44:00,-5621.25,4211.25,-1410.0
2022-04-28 14:45:00,-5651.25,4211.25,-1440.0
2022-04-28 14:46:00,-5673.75,4211.25,-1462.5
2022-04-28 14:47:00,-5463.75,4211.25,-1252.5
2022-04-28 14:48:00,-6011.25,4211.25,-1800.0
2022-04-28 14:49:00,-6075.0,4211.25,-1863.75
2022-04-28 14:50:00,-5891.25,4211.25,-1680.0
2022-04-28 14:51:00,-6446.25,4211.25,-2235.0
2022-04-28 14:52:00,-6851.25,4211.25,-2640.0
2022-04-28 14:53:00,-6791.25,4211.25,-2580.0
2022-04-28 14:54:00,-6660.0,4211.25,-2448.75
2022-04-28 14:55:00,-6615.0,4211.25,-2403.75
2022-04-28 14:56:00,-6615.0,4211.25,-2403.75
2022-04-28 14:57:00,-6615.0,4211.25,-2403.75
2022-04-28 14:58:00,-6615.0,4211.25,-2403.75
2022-04-28 14:59:00,-6615.0,4211.25,-2403.75
2022-04-28 15:00:00,-6615.0,4211.25,-2403.75
2022-04-28 15:01:00,-6615.0,4211.25,-2403.75
2022-04-28 15:02:00,-6615.0,4211.25,-2403.75
2022-04-28 15:03:00,-6615.0,4211.25,-2403.75
2022-04-28 15:04:00,-6615.0,4211.25,-2403.75
2022-04-28 15:05:00,-6615.0,4211.25,-2403.75
2022-04-28 15:06:00,-6615.0,4211.25,-2403.75
2022-04-28 15:07:00,-6615.0,4211.25,-2403.75
2022-04-28 15:08:00,-6615.0,4211.25,-2403.75
2022-04-28 15:09:00,-6615.0,4211.25,-2403.75
2022-04-28 15:10:00,-6615.0,4211.25,-2403.75
2022-04-28 15:11:00,-6615.0,4211.25,-2403.75
2022-04-28 15:12:00,-6615.0,4211.25,-2403.75
2022-04-28 15:13:00,-6615.0,4211.25,-2403.75
2022-04-28 15:14:00,-6615.0,4211.25,-2403.75
2022-04-28 15:15:00,-6615.0,4211.25,-2403.75
2022-04-28 15:16:00,-6615.0,4211.25,-2403.75
2022-04-28 15:17:00,-6615.0,4211.25,-2403.75
2022-04-28 15:18:00,-6615.0,4211.25,-2403.75
2022-04-28 15:19:00,-6615.0,4211.25,-2403.75
2022-04-28 15:20:00,-6615.0,4211.25,-2403.75
2022-04-28 15:21:00,-6615.0,4211.25,-2403.75
2022-04-28 15:22:00,-6615.0,4211.25,-2403.75
2022-04-28 15:23:00,-6615.0,4211.25,-2403.75
2022-04-28 15:24:00,-6615.0,4211.25,-2403.75
2022-04-28 15:25:00,-6615.0,4211.25,-2403.75
2022-04-28 15:26:00,-6615.0,4211.25,-2403.75
2022-04-28 15:27:00,-6615.0,4211.25,-2403.75
2022-04-28 15:28:00,-6615.0,4211.25,-2403.75
2022-04-28 15:29:00,-6615.0,4211.25,-2403.75
2022-04-28 15:30:00,-6615.0,4211.25,-2403.75
2022-05-05 10:15:00,0.0,0.0,0.0
2022-05-05 10:16:00,-198.75,270.0,71.25
2022-05-05 10:17:00,-153.75,315.0,161.25
2022-05-05 10:18:00,-345.0,465.0,120.0
2022-05-05 10:19:00,-285.0,438.75,153.75
2022-05-05 10:20:00,-187.5,363.75,176.25
2022-05-05 10:21:00,-30.0,318.75,288.75
2022-05-05 10:22:00,108.75,191.25,300.0
2022-05-05 10:23:00,213.75,180.0,393.75
2022-05-05 10:24:00,165.0,213.75,378.75
2022-05-05 10:25:00,337.5,67.5,405.0
2022-05-05 10:26:00,157.5,146.25,303.75
2022-05-05 10:27:00,112.5,195.0,307.5
2022-05-05 10:28:00,127.5,180.0,307.5
2022-05-05 10:29:00,176.25,120.0,296.25
2022-05-05 10:30:00,-138.75,476.25,337.5
2022-05-05 10:31:00,45.0,363.75,408.75
2022-05-05 10:32:00,232.5,202.5,435.0
2022-05-05 10:33:00,90.0,251.25,341.25
2022-05-05 10:34:00,180.0,165.0,345.0
2022-05-05 10:35:00,187.5,131.25,318.75
2022-05-05 10:36:00,202.5,165.0,367.5
2022-05-05 10:37:00,225.0,120.0,345.0
2022-05-05 10:38:00,457.5,-67.5,390.0
2022-05-05 10:39:00,457.5,-82.5,375.0
2022-05-05 10:40:00,442.5,-90.0,352.5
2022-05-05 10:41:00,483.75,-281.25,202.5
2022-05-05 10:42:00,438.75,-176.25,262.5
2022-05-05 10:43:00,450.0,-165.0,285.0
2022-05-05 10:44:00,600.0,-330.0,270.0
2022-05-05 10:45:00,690.0,-465.0,225.0
2022-05-05 10:46:00,787.5,-495.0,292.5
2022-05-05 10:47:00,787.5,-442.5,345.0
2022-05-05 10:48:00,697.5,-378.75,318.75
2022-05-05 10:49:00,555.0,-131.25,423.75
2022-05-05 10:50:00,596.25,-300.0,296.25
2022-05-05 10:51:00,686.25,-457.5,228.75
2022-05-05 10:52:00,596.25,-240.0,356.25
2022-05-05 10:53:00,386.25,180.0,566.25
2022-05-05 10:54:00,243.75,371.25,615.0
2022-05-05 10:55:00,393.75,202.5,596.25
2022-05-05 10:56:00,356.25,232.5,588.75
2022-05-05 10:57:00,431.25,86.25,517.5
2022-05-05 10:58:00,483.75,11.25,495.0
2022-05-05 10:59:00,498.75,0.0,498.75
2022-05-05 11:00:00,592.5,-142.5,450.0
2022-05-05 11:01:00,618.75,-183.75,435.0
2022-05-05 11:02:00,491.25,-7.5,483.75
2022-05-05 11:03:00,498.75,-52.5,446.25
2022-05-05 11:04:00,450.0,37.5,487.5
2022-05-05 11:05:00,333.75,202.5,536.25
2022-05-05 11:06:00,210.0,360.0,570.0
2022-05-05 11:07:00,322.5,232.5,555.0
2022-05-05 11:08:00,288.75,183.75,472.5
2022-05-05 11:09:00,296.25,258.75,555.0
2022-05-05 11:10:00,300.0,262.5,562.5
2022-05-05 11:11:00,303.75,288.75,592.5
2022-05-05 11:12:00,393.75,213.75,607.5
2022-05-05 11:13:00,442.5,161.25,603.75
2022-05-05 11:14:00,180.0,551.25,731.25
2022-05-05 11:15:00,303.75,378.75,682.5
2022-05-05 11:16:00,457.5,150.0,607.5
2022-05-05 11:17:00,626.25,-67.5,558.75
2022-05-05 11:18:00,555.0,56.25,611.25
2022-05-05 11:19:00,607.5,-52.5,555.0
2022-05-05 11:20:00,637.5,-127.5,510.0
2022-05-05 11:21:00,697.5,-206.25,491.25
2022-05-05 11:22:00,701.25,-172.5,528.75
2022-05-05 11:23:00,693.75,-123.75,570.0
2022-05-05 11:24:00,720.0,-176.25,543.75
2022-05-05 11:25:00,585.0,41.25,626.25
2022-05-05 11:26:00,525.0,157.5,682.5
2022-05-05 11:27:00,641.25,-135.0,506.25
2022-05-05 11:28:00,723.75,-255.0,468.75
2022-05-05 11:29:00,851.25,-408.75,442.5
2022-05-05 11:30:00,802.5,-150.0,652.5
2022-05-05 11:31:00,840.0,-450.0,390.0
2022-05-05 11:32:00,1023.75,-693.75,330.0
2022-05-05 11:33:00,1008.75,-652.5,356.25
2022-05-05 11:34:00,918.75,-487.5,431.25
2022-05-05 11:35:00,1046.25,-885.0,161.25
2022-05-05 11:36:00,1267.5,-1402.5,-135.0
2022-05-05 11:37:00,1215.0,-1526.25,-311.25
2022-05-05 11:38:00,1143.75,-1267.5,-123.75
2022-05-05 11:39:00,1188.75,-1413.75,-225.0
2022-05-05 11:40:00,1158.75,-1365.0,-206.25
2022-05-05 11:41:00,1151.25,-1338.75,-187.5
2022-05-05 11:42:00,1076.25,-881.25,195.0
2022-05-05 11:43:00,1053.75,-1038.75,15.0
2022-05-05 11:44:00,1053.75,-930.0,123.75
2022-05-05 11:45:00,1110.0,-1222.5,-112.5
2022-05-05 11:46:00,1117.5,-1065.0,52.5
2022-05-05 11:47:00,1008.75,-648.75,360.0
2022-05-05 11:48:00,1035.0,-765.0,270.0
2022-05-05 11:49:00,1023.75,-645.0,378.75
2022-05-05 11:50:00,982.5,-543.75,438.75
2022-05-05 11:51:00,1012.5,-592.5,420.0
2022-05-05 11:52:00,1023.75,-697.5,326.25
2022-05-05 11:53:00,1008.75,-663.75,345.0
2022-05-05 11:54:00,1005.0,-712.5,292.5
2022-05-05 11:55:00,1057.5,-885.0,172.5
2022-05-05 11:56:00,1166.25,-1278.75,-112.5
2022-05-05 11:57:00,1181.25,-1395.0,-213.75
2022-05-05 11:58:00,1316.25,-1800.0,-483.75
2022-05-05 11:59:00,1323.75,-1717.5,-393.75
2022-05-05 12:00:00,1365.0,-2137.5,-772.5
2022-05-05 12:01:00,1263.75,-1950.0,-686.25
2022-05-05 12:02:00,1582.5,-1968.75,-386.25
2022-05-05 12:03:00,1211.25,-1500.0,-288.75
2022-05-05 12:04:00,1425.0,-1931.25,-506.25
2022-05-05 12:05:00,1417.5,-1968.75,-551.25
2022-05-05 12:06:00,1256.25,-1710.0,-453.75
2022-05-05 12:07:00,1076.25,-1560.0,-483.75
2022-05-05 12:08:00,855.0,-1166.25,-311.25
2022-05-05 12:09:00,948.75,-1432.5,-483.75
2022-05-05 12:10:00,1147.5,-1691.25,-543.75
2022-05-05 12:11:00,1368.75,-1923.75,-555.0
2022-05-05 12:12:00,1233.75,-1503.75,-270.0
2022-05-05 12:13:00,1203.75,-1500.0,-296.25
2022-05-05 12:14:00,1211.25,-1537.5,-326.25
2022-05-05 12:15:00,1290.0,-1680.0,-390.0
2022-05-05 12:16:00,1140.0,-1545.0,-405.0
2022-05-05 12:17:00,1061.25,-1308.75,-247.5
2022-05-05 12:18:00,727.5,-960.0,-232.5
2022-05-05 12:19:00,716.25,-1065.0,-348.75
2022-05-05 12:20:00,798.75,-1087.5,-288.75
2022-05-05 12:21:00,1128.75,-1365.0,-236.25
2022-05-05 12:22:00,1151.25,-1380.0,-228.75
2022-05-05 12:23:00,1121.25,-1320.0,-198.75
2022-05-05 12:24:00,933.75,-1008.75,-75.0
2022-05-05 12:25:00,1166.25,-1308.75,-142.5
2022-05-05 12:26:00,738.75,-765.0,-26.25
2022-05-05 12:27:00,476.25,-641.25,-165.0
2022-05-05 12:28:00,686.25,-873.75,-187.5
2022-05-05 12:29:00,945.0,-1095.0,-150.0
2022-05-05 12:30:00,693.75,-802.5,-108.75
2022-05-05 12:31:00,911.25,-1023.75,-112.5
2022-05-05 12:32:00,626.25,-701.25,-75.0
2022-05-05 12:33:00,0.0,-330.0,-330.0
2022-05-05 12:34:00,33.75,-150.0,-116.25
2022-05-05 12:35:00,-1061.25,341.25,-720.0
2022-05-05 12:36:00,-472.5,217.5,-255.0
2022-05-05 12:37:00,-495.0,161.25,-333.75
2022-05-05 12:38:00,-367.5,105.0,-262.5
2022-05-05 12:39:00,-213.75,30.0,-183.75
2022-05-05 12:40:00,-592.5,195.0,-397.5
2022-05-05 12:41:00,-382.5,161.25,-221.25
2022-05-05 12:42:00,97.5,-30.0,67.5
2022-05-05 12:43:00,-48.75,15.0,-33.75
2022-05-05 12:44:00,307.5,-153.75,153.75
2022-05-05 12:45:00,697.5,-375.0,322.5
2022-05-05 12:46:00,806.25,-318.75,487.5
2022-05-05 12:47:00,1511.25,-885.0,626.25
2022-05-05 12:48:00,1290.0,-607.5,682.5
2022-05-05 12:49:00,993.75,-375.0,618.75
2022-05-05 12:50:00,487.5,-93.75,393.75
2022-05-05 12:51:00,-30.0,285.0,255.0
2022-05-05 12:52:00,-67.5,213.75,146.25
2022-05-05 12:53:00,-232.5,270.0,37.5
2022-05-05 12:54:00,30.0,161.25,191.25
2022-05-05 12:55:00,547.5,-33.75,513.75
2022-05-05 12:56:00,648.75,-60.0,588.75
2022-05-05 12:57:00,1278.75,-435.0,843.75
2022-05-05 12:58:00,847.5,-150.0,697.5
2022-05-05 12:59:00,423.75,108.75,532.5
2022-05-05 13:00:00,1091.25,-292.5,798.75
2022-05-05 13:01:00,787.5,-187.5,600.0
2022-05-05 13:02:00,825.0,-150.0,675.0
2022-05-05 13:03:00,1072.5,-326.25,746.25
2022-05-05 13:04:00,1271.25,-532.5,738.75
2022-05-05 13:05:00,1286.25,-540.0,746.25
2022-05-05 13:06:00,1552.5,-678.75,873.75
2022-05-05 13:07:00,1301.25,-356.25,945.0
2022-05-05 13:08:00,1147.5,-176.25,971.25
2022-05-05 13:09:00,1882.5,-896.25,986.25
2022-05-05 13:10:00,2636.25,-1346.25,1290.0
2022-05-05 13:11:00,2505.0,-1147.5,1357.5
2022-05-05 13:12:00,2722.5,-1623.75,1098.75
2022-05-05 13:13:00,3225.0,-2242.5,982.5
2022-05-05 13:14:00,3217.5,-2122.5,1095.0
2022-05-05 13:15:00,3225.0,-2490.0,735.0
2022-05-05 13:16:00,3551.25,-3446.25,105.0
2022-05-05 13:17:00,3615.0,-3686.25,-71.25
2022-05-05 13:18:00,3356.25,-2610.0,746.25
2022-05-05 13:19:00,3116.25,-2058.75,1057.5
2022-05-05 13:20:00,2981.25,-1515.0,1466.25
2022-05-05 13:21:00,3135.0,-1995.0,1140.0
2022-05-05 13:22:00,2872.5,-1256.25,1616.25
2022-05-05 13:23:00,3041.25,-1432.5,1608.75
2022-05-05 13:24:00,2981.25,-1372.5,1608.75
2022-05-05 13:25:00,2992.5,-1436.25,1556.25
2022-05-05 13:26:00,2981.25,-1402.5,1578.75
2022-05-05 13:27:00,3183.75,-1668.75,1515.0
2022-05-05 13:28:00,2981.25,-1226.25,1755.0
2022-05-05 13:29:00,3052.5,-1305.0,1747.5
2022-05-05 13:30:00,2970.0,-1143.75,1826.25
2022-05-05 13:31:00,3093.75,-1440.0,1653.75
2022-05-05 13:32:00,2673.75,-566.25,2107.5
2022-05-05 13:33:00,2775.0,-750.0,2025.0
2022-05-05 13:34:00,3352.5,-1683.75,1668.75
2022-05-05 13:35:00,3491.25,-2118.75,1372.5
2022-05-05 13:36:00,3551.25,-2340.0,1211.25
2022-05-05 13:37:00,3558.75,-2377.5,1181.25
2022-05-05 13:38:00,3513.75,-2212.5,1301.25
2022-05-05 13:39:00,3675.0,-2606.25,1068.75
2022-05-05 13:40:00,3761.25,-3018.75,742.5
2022-05-05 13:41:00,3791.25,-2970.0,821.25
2022-05-05 13:42:00,3716.25,-3262.5,453.75
2022-05-05 13:43:00,3780.0,-3251.25,528.75
2022-05-05 13:44:00,4031.25,-4567.5,-536.25
2022-05-05 13:45:00,4162.5,-5373.75,-1211.25
2022-05-05 13:46:00,4087.5,-5306.25,-1218.75
2022-05-05 13:47:00,4031.25,-5261.25,-1230.0
2022-05-05 13:48:00,4166.25,-5366.25,-1200.0
2022-05-05 13:49:00,4110.0,-5328.75,-1218.75
2022-05-05 13:50:00,4110.0,-5317.5,-1207.5
2022-05-05 13:51:00,3975.0,-5227.5,-1252.5
2022-05-05 13:52:00,3941.25,-5212.5,-1271.25
2022-05-05 13:53:00,3982.5,-5220.0,-1237.5
2022-05-05 13:54:00,4117.5,-5283.75,-1166.25
2022-05-05 13:55:00,4132.5,-5298.75,-1166.25
2022-05-05 13:56:00,4177.5,-5295.0,-1117.5
2022-05-05 13:57:00,4143.75,-5253.75,-1110.0
2022-05-05 13:58:00,4218.75,-5317.5,-1098.75
2022-05-05 13:59:00,4286.25,-5328.75,-1042.5
2022-05-05 14:00:00,4275.0,-5347.5,-1072.5
2022-05-05 14:01:00,4346.25,-5433.75,-1087.5
2022-05-05 14:02:00,4372.5,-5430.0,-1057.5
2022-05-05 14:03:00,4368.75,-5486.25,-1117.5
2022-05-05 14:04:00,4380.0,-5576.25,-1196.25
2022-05-05 14:05:00,4357.5,-5565.0,-1207.5
2022-05-05 14:06:00,4346.25,-5628.75,-1282.5
2022-05-05 14:07:00,4320.0,-5486.25,-1166.25
2022-05-05 14:08:00,4335.0,-5651.25,-1316.25
2022-05-05 14:09:00,4338.75,-5752.5,-1413.75
2022-05-05 14:10:00,4387.5,-6116.25,-1728.75
2022-05-05 14:11:00,4380.0,-6041.25,-1661.25
2022-05-05 14:12:00,4391.25,-6161.25,-1770.0
2022-05-05 14:13:00,4380.0,-5992.5,-1612.5
2022-05-05 14:14:00,4361.25,-5561.25,-1200.0
2022-05-05 14:15:00,4357.5,-5801.25,-1443.75
2022-05-05 14:16:00,4410.0,-6112.5,-1702.5
2022-05-05 14:17:00,4413.75,-5861.25,-1447.5
2022-05-05 14:18:00,4428.75,-5947.5,-1518.75
2022-05-05 14:19:00,4462.5,-6108.75,-1646.25
2022-05-05 14:20:00,4451.25,-5996.25,-1545.0
2022-05-05 14:21:00,4451.25,-6108.75,-1657.5
2022-05-05 14:22:00,4466.25,-6288.75,-1822.5
2022-05-05 14:23:00,4466.25,-6517.5,-2051.25
2022-05-05 14:24:00,4473.75,-6952.5,-2478.75
2022-05-05 14:25:00,4462.5,-6033.75,-1571.25
2022-05-05 14:26:00,4451.25,-5898.75,-1447.5
2022-05-05 14:27:00,4436.25,-5568.75,-1132.5
2022-05-05 14:28:00,4410.0,-5388.75,-978.75
2022-05-05 14:29:00,4432.5,-5377.5,-945.0
2022-05-05 14:30:00,4425.0,-5422.5,-997.5
2022-05-05 14:31:00,4436.25,-5396.25,-960.0
2022-05-05 14:32:00,4447.5,-5576.25,-1128.75
2022-05-05 14:33:00,4455.0,-5621.25,-1166.25
2022-05-05 14:34:00,4473.75,-5756.25,-1282.5
2022-05-05 14:35:00,4481.25,-5662.5,-1181.25
2022-05-05 14:36:00,4473.75,-5647.5,-1173.75
2022-05-05 14:37:00,4473.75,-5565.0,-1091.25
2022-05-05 14:38:00,4477.5,-5598.75,-1121.25
2022-05-05 14:39:00,4492.5,-5557.5,-1065.0
2022-05-05 14:40:00,4492.5,-5557.5,-1065.0
2022-05-05 14:41:00,4492.5,-5325.0,-832.5
2022-05-05 14:42:00,4500.0,-5253.75,-753.75
2022-05-05 14:43:00,4518.75,-5381.25,-862.5
2022-05-05 14:44:00,4533.75,-5358.75,-825.0
2022-05-05 14:45:00,4537.5,-5486.25,-948.75
2022-05-05 14:46:00,4545.0,-5625.0,-1080.0
2022-05-05 14:47:00,4537.5,-5238.75,-701.25
2022-05-05 14:48:00,4503.75,-5171.25,-667.5
2022-05-05 14:49:00,4526.25,-5235.0,-708.75
2022-05-05 14:50:00,4533.75,-5220.0,-686.25
2022-05-05 14:51:00,4533.75,-5212.5,-678.75
2022-05-05 14:52:00,4537.5,-5175.0,-637.5
2022-05-05 14:53:00,4530.0,-5156.25,-626.25
2022-05-05 14:54:00,4541.25,-5141.25,-600.0
2022-05-05 14:55:00,4541.25,-5152.5,-611.25
2022-05-05 14:56:00,4545.0,-5141.25,-596.25
2022-05-05 14:57:00,4548.75,-5088.75,-540.0
2022-05-05 14:58:00,4545.0,-5073.75,-528.75
2022-05-05 14:59:00,4548.75,-5077.5,-528.75
2022-05-05 15:00:00,4556.25,-5111.25,-555.0
2022-05-05 15:01:00,4556.25,-5190.0,-633.75
2022-05-05 15:02:00,4563.75,-5193.75,-630.0
2022-05-05 15:03:00,4560.0,-5126.25,-566.25
2022-05-05 15:04:00,4567.5,-5190.0,-622.5
2022-05-05 15:05:00,4571.25,-5152.5,-581.25
2022-05-05 15:06:00,4567.5,-5175.0,-607.5
2022-05-05 15:07:00,4571.25,-5291.25,-720.0
2022-05-05 15:08:00,4571.25,-5208.75,-637.5
2022-05-05 15:09:00,4575.0,-5058.75,-483.75
2022-05-05 15:10:00,4575.0,-5096.25,-521.25
2022-05-05 15:11:00,4582.5,-5115.0,-532.5
2022-05-05 15:12:00,4578.75,-5100.0,-521.25
2022-05-05 15:13:00,4578.75,-5077.5,-498.75
2022-05-05 15:14:00,4578.75,-5051.25,-472.5
2022-05-05 15:15:00,4582.5,-5043.75,-461.25
2022-05-05 15:16:00,4582.5,-5028.75,-446.25
2022-05-05 15:17:00,4578.75,-5028.75,-450.0
2022-05-05 15:18:00,4582.5,-5025.0,-442.5
2022-05-05 15:19:00,4582.5,-5025.0,-442.5
2022-05-05 15:20:00,4586.25,-5021.25,-435.0
2022-05-05 15:21:00,4586.25,-5021.25,-435.0
2022-05-05 15:22:00,4586.25,-5021.25,-435.0
2022-05-05 15:23:00,4586.25,-5021.25,-435.0
2022-05-05 15:24:00,4586.25,-5021.25,-435.0
2022-05-05 15:25:00,4586.25,-5021.25,-435.0
2022-05-05 15:26:00,4586.25,-5021.25,-435.0
2022-05-05 15:27:00,4586.25,-5021.25,-435.0
2022-05-05 15:28:00,4586.25,-5021.25,-435.0
2022-05-05 15:29:00,4586.25,-5021.25,-435.0
2022-05-05 15:30:00,4586.25,-5021.25,-435.0
2022-05-12 10:15:00,0.0,0.0,0.0
2022-05-12 10:16:00,101.25,71.25,172.5
2022-05-12 10:17:00,-86.25,165.0,78.75
2022-05-12 10:18:00,-213.75,281.25,67.5
2022-05-12 10:19:00,-213.75,300.0,86.25
2022-05-12 10:20:00,-240.0,416.25,176.25
2022-05-12 10:21:00,-386.25,570.0,183.75
2022-05-12 10:22:00,-363.75,495.0,131.25
2022-05-12 10:23:00,-510.0,697.5,187.5
2022-05-12 10:24:00,-423.75,607.5,183.75
2022-05-12 10:25:00,-255.0,472.5,217.5
2022-05-12 10:26:00,-412.5,543.75,131.25
2022-05-12 10:27:00,-378.75,536.25,157.5
2022-05-12 10:28:00,-450.0,652.5,202.5
2022-05-12 10:29:00,-682.5,772.5,90.0
2022-05-12 10:30:00,-630.0,843.75,213.75
2022-05-12 10:31:00,-476.25,686.25,210.0
2022-05-12 10:32:00,-371.25,618.75,247.5
2022-05-12 10:33:00,-825.0,975.0,150.0
2022-05-12 10:34:00,-1061.25,1267.5,206.25
2022-05-12 10:35:00,-911.25,1181.25,270.0
2022-05-12 10:36:00,-738.75,1110.0,371.25
2022-05-12 10:37:00,-607.5,1031.25,423.75
2022-05-12 10:38:00,-472.5,915.0,442.5
2022-05-12 10:39:00,-753.75,1057.5,303.75
2022-05-12 10:40:00,-873.75,1117.5,243.75
2022-05-12 10:41:00,-896.25,1147.5,251.25
2022-05-12 10:42:00,-716.25,982.5,266.25
2022-05-12 10:43:00,-585.0,963.75,378.75
2022-05-12 10:44:00,-656.25,1005.0,348.75
2022-05-12 10:45:00,-543.75,900.0,356.25
2022-05-12 10:46:00,-532.5,896.25,363.75
2022-05-12 10:47:00,-296.25,772.5,476.25
2022-05-12 10:48:00,-356.25,825.0,468.75
2022-05-12 10:49:00,-273.75,765.0,491.25
2022-05-12 10:50:00,-330.0,840.0,510.0
2022-05-12 10:51:00,-161.25,738.75,577.5
2022-05-12 10:52:00,-108.75,697.5,588.75
2022-05-12 10:53:00,-131.25,742.5,611.25
2022-05-12 10:54:00,-33.75,630.0,596.25
2022-05-12 10:55:00,210.0,408.75,618.75
2022-05-12 10:56:00,221.25,311.25,532.5
2022-05-12 10:57:00,337.5,296.25,633.75
2022-05-12 10:58:00,465.0,67.5,532.5
2022-05-12 10:59:00,742.5,-165.0,577.5
2022-05-12 11:00:00,555.0,63.75,618.75
2022-05-12 11:01:00,547.5,78.75,626.25
2022-05-12 11:02:00,551.25,37.5,588.75
2022-05-12 11:03:00,495.0,90.0,585.0
2022-05-12 11:04:00,506.25,120.0,626.25
2022-05-12 11:05:00,573.75,93.75,667.5
2022-05-12 11:06:00,472.5,172.5,645.0
2022-05-12 11:07:00,532.5,112.5,645.0
2022-05-12 11:08:00,412.5,300.0,712.5
2022-05-12 11:09:00,690.0,-138.75,551.25
2022-05-12 11:10:00,585.0,0.0,585.0
2022-05-12 11:11:00,453.75,183.75,637.5
2022-05-12 11:12:00,487.5,146.25,633.75
2022-05-12 11:13:00,622.5,-45.0,577.5
2022-05-12 11:14:00,746.25,-236.25,510.0
2022-05-12 11:15:00,1020.0,-517.5,502.5
2022-05-12 11:16:00,1042.5,-513.75,528.75
2022-05-12 11:17:00,1046.25,-461.25,585.0
2022-05-12 11:18:00,945.0,-202.5,742.5
2022-05-12 11:19:00,862.5,-153.75,708.75
2022-05-12 11:20:00,978.75,-337.5,641.25
2022-05-12 11:21:00,948.75,-303.75,645.0
2022-05-12 11:22:00,1076.25,-506.25,570.0
2022-05-12 11:23:00,1068.75,-483.75,585.0
2022-05-12 11:24:00,1080.0,-375.0,705.0
2022-05-12 11:25:00,1158.75,-408.75,750.0
2022-05-12 11:26:00,1038.75,-161.25,877.5
2022-05-12 11:27:00,956.25,142.5,1098.75
2022-05-12 11:28:00,941.25,-45.0,896.25
2022-05-12 11:29:00,1008.75,-142.5,866.25
2022-05-12 11:30:00,1008.75,-127.5,881.25
2022-05-12 11:31:00,982.5,-37.5,945.0
2022-05-12 11:32:00,963.75,30.0,993.75
2022-05-12 11:33:00,967.5,41.25,1008.75
2022-05-12 11:34:00,907.5,221.25,1128.75
2022-05-12 11:35:00,907.5,281.25,1188.75
2022-05-12 11:36:00,847.5,487.5,1335.0
2022-05-12 11:37:00,720.0,750.0,1470.0
2022-05-12 11:38:00,521.25,975.0,1496.25
2022-05-12 11:39:00,502.5,1072.5,1575.0
2022-05-12 11:40:00,480.0,1080.0,1560.0
2022-05-12 11:41:00,390.0,1087.5,1477.5
2022-05-12 11:42:00,498.75,1008.75,1507.5
2022-05-12 11:43:00,517.5,1008.75,1526.25
2022-05-12 11:44:00,540.0,960.0,1500.0
2022-05-12 11:45:00,645.0,873.75,1518.75
2022-05-12 11:46:00,971.25,581.25,1552.5
2022-05-12 11:47:00,1035.0,540.0,1575.0
2022-05-12 11:48:00,1211.25,251.25,1462.5
2022-05-12 11:49:00,1203.75,296.25,1500.0
2022-05-12 11:50:00,1260.0,281.25,1541.25
2022-05-12 11:51:00,1335.0,127.5,1462.5
2022-05-12 11:52:00,1215.0,255.0,1470.0
2022-05-12 11:53:00,1008.75,716.25,1725.0
2022-05-12 11:54:00,843.75,937.5,1781.25
2022-05-12 11:55:00,772.5,922.5,1695.0
2022-05-12 11:56:00,978.75,626.25,1605.0
2022-05-12 11:57:00,735.0,885.0,1620.0
2022-05-12 11:58:00,761.25,885.0,1646.25
2022-05-12 11:59:00,847.5,791.25,1638.75
2022-05-12 12:00:00,1031.25,540.0,1571.25
2022-05-12 12:01:00,1035.0,521.25,1556.25
2022-05-12 12:02:00,858.75,810.0,1668.75
2022-05-12 12:03:00,817.5,795.0,1612.5
2022-05-12 12:04:00,918.75,678.75,1597.5
2022-05-12 12:05:00,802.5,828.75,1631.25
2022-05-12 12:06:00,802.5,780.0,1582.5
2022-05-12 12:07:00,675.0,866.25,1541.25
2022-05-12 12:08:00,881.25,723.75,1605.0
2022-05-12 12:09:00,761.25,821.25,1582.5
2022-05-12 12:10:00,885.0,738.75,1623.75
2022-05-12 12:11:00,761.25,855.0,1616.25
2022-05-12 12:12:00,948.75,622.5,1571.25
2022-05-12 12:13:00,847.5,821.25,1668.75
2022-05-12 12:14:00,802.5,780.0,1582.5
2022-05-12 12:15:00,637.5,1031.25,1668.75
2022-05-12 12:16:00,768.75,821.25,1590.0
2022-05-12 12:17:00,843.75,802.5,1646.25
2022-05-12 12:18:00,1128.75,577.5,1706.25
2022-05-12 12:19:00,1061.25,633.75,1695.0
2022-05-12 12:20:00,993.75,611.25,1605.0
2022-05-12 12:21:00,1038.75,607.5,1646.25
2022-05-12 12:22:00,1106.25,607.5,1713.75
2022-05-12 12:23:00,1278.75,390.0,1668.75
2022-05-12 12:24:00,1203.75,573.75,1777.5
2022-05-12 12:25:00,1365.0,292.5,1657.5
2022-05-12 12:26:00,1380.0,431.25,1811.25
2022-05-12 12:27:00,1215.0,618.75,1833.75
2022-05-12 12:28:00,1365.0,333.75,1698.75
2022-05-12 12:29:00,1518.75,168.75,1687.5
2022-05-12 12:30:00,1608.75,97.5,1706.25
2022-05-12 12:31:00,1728.75,-90.0,1638.75
2022-05-12 12:32:00,1818.75,-375.0,1443.75
2022-05-12 12:33:00,1908.75,-382.5,1526.25
2022-05-12 12:34:00,1905.0,-45.0,1860.0
2022-05-12 12:35:00,1830.0,56.25,1886.25
2022-05-12 12:36:00,1822.5,67.5,1890.0
2022-05-12 12:37:00,1841.25,37.5,1878.75
2022-05-12 12:38:00,1856.25,-7.5,1848.75
2022-05-12 12:39:00,1766.25,386.25,2152.5
2022-05-12 12:40:00,1717.5,326.25,2043.75
2022-05-12 12:41:00,1762.5,277.5,2040.0
2022-05-12 12:42:00,1680.0,423.75,2103.75
2022-05-12 12:43:00,1717.5,371.25,2088.75
2022-05-12 12:44:00,1781.25,307.5,2088.75
2022-05-12 12:45:00,1638.75,615.0,2253.75
2022-05-12 12:46:00,1713.75,517.5,2231.25
2022-05-12 12:47:00,1522.5,825.0,2347.5
2022-05-12 12:48:00,1668.75,596.25,2265.0
2022-05-12 12:49:00,1796.25,435.0,2231.25
2022-05-12 12:50:00,1912.5,311.25,2223.75
2022-05-12 12:51:00,2201.25,-217.5,1983.75
2022-05-12 12:52:00,2141.25,-7.5,2133.75
2022-05-12 12:53:00,2118.75,-26.25,2092.5
2022-05-12 12:54:00,2107.5,150.0,2257.5
2022-05-12 12:55:00,2002.5,401.25,2403.75
2022-05-12 12:56:00,2002.5,255.0,2257.5
2022-05-12 12:57:00,1920.0,427.5,2347.5
2022-05-12 12:58:00,2010.0,225.0,2235.0
2022-05-12 12:59:00,1852.5,585.0,2437.5
2022-05-12 13:00:00,1920.0,491.25,2411.25
2022-05-12 13:01:00,1972.5,311.25,2283.75
2022-05-12 13:02:00,2070.0,120.0,2190.0
2022-05-12 13:03:00,2036.25,153.75,2190.0
2022-05-12 13:04:00,2017.5,311.25,2328.75
2022-05-12 13:05:00,1968.75,446.25,2415.0
2022-05-12 13:06:00,1950.0,356.25,2306.25
2022-05-12 13:07:00,1920.0,483.75,2403.75
2022-05-12 13:08:00,2137.5,7.5,2145.0
2022-05-12 13:09:00,2025.0,138.75,2163.75
2022-05-12 13:10:00,2130.0,-142.5,1987.5
2022-05-12 13:11:00,2193.75,-435.0,1758.75
2022-05-12 13:12:00,2137.5,-22.5,2115.0
2022-05-12 13:13:00,2107.5,221.25,2328.75
2022-05-12 13:14:00,2126.25,135.0,2261.25
2022-05-12 13:15:00,2047.5,352.5,2400.0
2022-05-12 13:16:00,1968.75,525.0,2493.75
2022-05-12 13:17:00,1736.25,727.5,2463.75
2022-05-12 13:18:00,1541.25,1248.75,2790.0
2022-05-12 13:19:00,1398.75,1560.0,2958.75
2022-05-12 13:20:00,1256.25,1608.75,2865.0
2022-05-12 13:21:00,1511.25,1290.0,2801.25
2022-05-12 13:22:00,1578.75,1308.75,2887.5
2022-05-12 13:23:00,1646.25,1260.0,2906.25
2022-05-12 13:24:00,1683.75,1271.25,2955.0
2022-05-12 13:25:00,1713.75,1166.25,2880.0
2022-05-12 13:26:00,1725.0,1211.25,2936.25
2022-05-12 13:27:00,1545.0,1357.5,2902.5
2022-05-12 13:28:00,1706.25,1241.25,2947.5
2022-05-12 13:29:00,1646.25,1331.25,2977.5
2022-05-12 13:30:00,1575.0,1515.0,3090.0
2022-05-12 13:31:00,1387.5,1740.0,3127.5
2022-05-12 13:32:00,1653.75,1455.0,3108.75
2022-05-12 13:33:00,1650.0,1462.5,3112.5
2022-05-12 13:34:00,1976.25,1233.75,3210.0
2022-05-12 13:35:00,1968.75,1278.75,3247.5
2022-05-12 13:36:00,1927.5,1290.0,3217.5
2022-05-12 13:37:00,2021.25,1203.75,3225.0
2022-05-12 13:38:00,2002.5,1226.25,3228.75
2022-05-12 13:39:00,2017.5,1166.25,3183.75
2022-05-12 13:40:00,1927.5,1361.25,3288.75
2022-05-12 13:41:00,1961.25,1350.0,3311.25
2022-05-12 13:42:00,1950.0,1308.75,3258.75
2022-05-12 13:43:00,1897.5,1372.5,3270.0
2022-05-12 13:44:00,1935.0,1308.75,3243.75
2022-05-12 13:45:00,1878.75,1376.25,3255.0
2022-05-12 13:46:00,1931.25,1327.5,3258.75
2022-05-12 13:47:00,1961.25,1286.25,3247.5
2022-05-12 13:48:00,1983.75,1271.25,3255.0
2022-05-12 13:49:00,2025.0,1305.0,3330.0
2022-05-12 13:50:00,2261.25,1083.75,3345.0
2022-05-12 13:51:00,2508.75,461.25,2970.0
2022-05-12 13:52:00,2411.25,611.25,3022.5
2022-05-12 13:53:00,2448.75,375.0,2823.75
2022-05-12 13:54:00,2490.0,202.5,2692.5
2022-05-12 13:55:00,2463.75,322.5,2786.25
2022-05-12 13:56:00,2422.5,716.25,3138.75
2022-05-12 13:57:00,2471.25,341.25,2812.5
2022-05-12 13:58:00,2418.75,667.5,3086.25
2022-05-12 13:59:00,2456.25,495.0,2951.25
2022-05-12 14:00:00,2452.5,498.75,2951.25
2022-05-12 14:01:00,2403.75,836.25,3240.0
2022-05-12 14:02:00,2463.75,566.25,3030.0
2022-05-12 14:03:00,2475.0,498.75,2973.75
2022-05-12 14:04:00,2508.75,382.5,2891.25
2022-05-12 14:05:00,2535.0,348.75,2883.75
2022-05-12 14:06:00,2625.0,-97.5,2527.5
2022-05-12 14:07:00,2647.5,-348.75,2298.75
2022-05-12 14:08:00,2640.0,-150.0,2490.0
2022-05-12 14:09:00,2651.25,-273.75,2377.5
2022-05-12 14:10:00,2647.5,-176.25,2471.25
2022-05-12 14:11:00,1995.0,697.5,2692.5
2022-05-12 14:12:00,2880.0,-337.5,2542.5
2022-05-12 14:13:00,2771.25,-168.75,2602.5
2022-05-12 14:14:00,2853.75,-172.5,2681.25
2022-05-12 14:15:00,2865.0,37.5,2902.5
2022-05-12 14:16:00,3071.25,-277.5,2793.75
2022-05-12 14:17:00,3543.75,-562.5,2981.25
2022-05-12 14:18:00,3888.75,-1061.25,2827.5
2022-05-12 14:19:00,3761.25,-1035.0,2726.25
2022-05-12 14:20:00,3825.0,-1057.5,2767.5
2022-05-12 14:21:00,3630.0,-705.0,2925.0
2022-05-12 14:22:00,3600.0,-723.75,2876.25
2022-05-12 14:23:00,3405.0,-281.25,3123.75
2022-05-12 14:24:00,3146.25,30.0,3176.25
2022-05-12 14:25:00,3547.5,-300.0,3247.5
2022-05-12 14:26:00,3217.5,90.0,3307.5
2022-05-12 14:27:00,3367.5,-105.0,3262.5
2022-05-12 14:28:00,3648.75,-412.5,3236.25
2022-05-12 14:29:00,3532.5,-240.0,3292.5
2022-05-12 14:30:00,3682.5,-393.75,3288.75
2022-05-12 14:31:00,3600.0,-397.5,3202.5
2022-05-12 14:32:00,3682.5,-510.0,3172.5
2022-05-12 14:33:00,4008.75,-915.0,3093.75
2022-05-12 14:34:00,4380.0,-1552.5,2827.5
2022-05-12 14:35:00,4481.25,-2040.0,2441.25
2022-05-12 14:36:00,4571.25,-2036.25,2535.0
2022-05-12 14:37:00,4492.5,-1781.25,2711.25
2022-05-12 14:38:00,4503.75,-1792.5,2711.25
2022-05-12 14:39:00,4447.5,-1657.5,2790.0
2022-05-12 14:40:00,4447.5,-1432.5,3015.0
2022-05-12 14:41:00,4530.0,-1496.25,3033.75
2022-05-12 14:42:00,4230.0,-618.75,3611.25
2022-05-12 14:43:00,4155.0,-472.5,3682.5
2022-05-12 14:44:00,3986.25,-266.25,3720.0
2022-05-12 14:45:00,4046.25,-337.5,3708.75
2022-05-12 14:46:00,3933.75,-101.25,3832.5
2022-05-12 14:47:00,4027.5,-123.75,3903.75
2022-05-12 14:48:00,4050.0,-71.25,3978.75
2022-05-12 14:49:00,3573.75,720.0,4293.75
2022-05-12 14:50:00,3367.5,1222.5,4590.0
2022-05-12 14:51:00,3187.5,1458.75,4646.25
2022-05-12 14:52:00,3213.75,1436.25,4650.0
2022-05-12 14:53:00,2992.5,1635.0,4627.5
2022-05-12 14:54:00,2996.25,1743.75,4740.0
2022-05-12 14:55:00,2992.5,1942.5,4935.0
2022-05-12 14:56:00,3450.0,1563.75,5013.75
2022-05-12 14:57:00,2655.0,2028.75,4683.75
2022-05-12 14:58:00,2291.25,2242.5,4533.75
2022-05-12 14:59:00,3090.0,1908.75,4998.75
2022-05-12 15:00:00,3157.5,1980.0,5137.5
2022-05-12 15:01:00,4466.25,1398.75,5865.0
2022-05-12 15:02:00,4256.25,1582.5,5838.75
2022-05-12 15:03:00,4593.75,1218.75,5812.5
2022-05-12 15:04:00,4893.75,757.5,5651.25
2022-05-12 15:05:00,4725.0,1327.5,6052.5
2022-05-12 15:06:00,4680.0,1338.75,6018.75
2022-05-12 15:07:00,4882.5,1278.75,6161.25
2022-05-12 15:08:00,4830.0,1661.25,6491.25
2022-05-12 15:09:00,4908.75,1695.0,6603.75
2022-05-12 15:10:00,4886.25,1788.75,6675.0
2022-05-12 15:11:00,4837.5,2017.5,6855.0
2022-05-12 15:12:00,4672.5,2456.25,7128.75
2022-05-12 15:13:00,4440.0,2602.5,7042.5
2022-05-12 15:14:00,4777.5,2531.25,7308.75
2022-05-12 15:15:00,4447.5,2632.5,7080.0
2022-05-12 15:16:00,4665.0,2692.5,7357.5
2022-05-12 15:17:00,4747.5,2636.25,7383.75
2022-05-12 15:18:00,4740.0,2718.75,7458.75
2022-05-12 15:19:00,4740.0,2726.25,7466.25
2022-05-12 15:20:00,4552.5,2763.75,7316.25
2022-05-12 15:21:00,4552.5,2763.75,7316.25
2022-05-12 15:22:00,4552.5,2763.75,7316.25
2022-05-12 15:23:00,4552.5,2763.75,7316.25
2022-05-12 15:24:00,4552.5,2763.75,7316.25
2022-05-12 15:25:00,4552.5,2763.75,7316.25
2022-05-12 15:26:00,4552.5,2763.75,7316.25
2022-05-12 15:27:00,4552.5,2763.75,7316.25
2022-05-12 15:28:00,4552.5,2763.75,7316.25
2022-05-12 15:29:00,4552.5,2763.75,7316.25
2022-05-12 15:30:00,4552.5,2763.75,7316.25
2022-05-19 10:15:00,0.0,0.0,0.0
2022-05-19 10:16:00,131.25,-105.0,26.25
2022-05-19 10:17:00,11.25,-30.0,-18.75
2022-05-19 10:18:00,142.5,-41.25,101.25
2022-05-19 10:19:00,-52.5,142.5,90.0
2022-05-19 10:20:00,-108.75,127.5,18.75
2022-05-19 10:21:00,-123.75,150.0,26.25
2022-05-19 10:22:00,-101.25,172.5,71.25
2022-05-19 10:23:00,-11.25,108.75,97.5
2022-05-19 10:24:00,-15.0,127.5,112.5
2022-05-19 10:25:00,116.25,22.5,138.75
2022-05-19 10:26:00,228.75,-93.75,135.0
2022-05-19 10:27:00,307.5,-255.0,52.5
2022-05-19 10:28:00,240.0,-217.5,22.5
2022-05-19 10:29:00,266.25,-183.75,82.5
2022-05-19 10:30:00,258.75,-116.25,142.5
2022-05-19 10:31:00,210.0,-56.25,153.75
2022-05-19 10:32:00,22.5,135.0,157.5
2022-05-19 10:33:00,138.75,48.75,187.5
2022-05-19 10:34:00,176.25,30.0,206.25
2022-05-19 10:35:00,255.0,-52.5,202.5
2022-05-19 10:36:00,210.0,101.25,311.25
2022-05-19 10:37:00,195.0,78.75,273.75
2022-05-19 10:38:00,225.0,78.75,303.75
2022-05-19 10:39:00,326.25,0.0,326.25
2022-05-19 10:40:00,251.25,120.0,371.25
2022-05-19 10:41:00,243.75,116.25,360.0
2022-05-19 10:42:00,258.75,82.5,341.25
2022-05-19 10:43:00,288.75,48.75,337.5
2022-05-19 10:44:00,708.75,-187.5,521.25
2022-05-19 10:45:00,540.0,-150.0,390.0
2022-05-19 10:46:00,765.0,-352.5,412.5
2022-05-19 10:47:00,630.0,-247.5,382.5
2022-05-19 10:48:00,600.0,-142.5,457.5
2022-05-19 10:49:00,641.25,-236.25,405.0
2022-05-19 10:50:00,480.0,-78.75,401.25
2022-05-19 10:51:00,461.25,-22.5,438.75
2022-05-19 10:52:00,442.5,-11.25,431.25
2022-05-19 10:53:00,461.25,3.75,465.0
2022-05-19 10:54:00,408.75,78.75,487.5
2022-05-19 10:55:00,498.75,15.0,513.75
2022-05-19 10:56:00,453.75,75.0,528.75
2022-05-19 10:57:00,532.5,26.25,558.75
2022-05-19 10:58:00,521.25,45.0,566.25
2022-05-19 10:59:00,427.5,142.5,570.0
2022-05-19 11:00:00,416.25,168.75,585.0
2022-05-19 11:01:00,521.25,82.5,603.75
2022-05-19 11:02:00,292.5,277.5,570.0
2022-05-19 11:03:00,412.5,195.0,607.5
2022-05-19 11:04:00,603.75,48.75,652.5
2022-05-19 11:05:00,630.0,-15.0,615.0
2022-05-19 11:06:00,738.75,-71.25,667.5
2022-05-19 11:07:00,956.25,-270.0,686.25
2022-05-19 11:08:00,843.75,-210.0,633.75
2022-05-19 11:09:00,836.25,-228.75,607.5
2022-05-19 11:10:00,922.5,-315.0,607.5
2022-05-19 11:11:00,836.25,-138.75,697.5
2022-05-19 11:12:00,821.25,-142.5,678.75
2022-05-19 11:13:00,821.25,-120.0,701.25
2022-05-19 11:14:00,888.75,-127.5,761.25
2022-05-19 11:15:00,866.25,-93.75,772.5
2022-05-19 11:16:00,933.75,-217.5,716.25
2022-05-19 11:17:00,930.0,-172.5,757.5
2022-05-19 11:18:00,975.0,-232.5,742.5
2022-05-19 11:19:00,993.75,-228.75,765.0
2022-05-19 11:20:00,1275.0,-682.5,592.5
2022-05-19 11:21:00,1155.0,-465.0,690.0
2022-05-19 11:22:00,1132.5,-476.25,656.25
2022-05-19 11:23:00,1203.75,-592.5,611.25
2022-05-19 11:24:00,1196.25,-506.25,690.0
2022-05-19 11:25:00,1443.75,-1211.25,232.5
2022-05-19 11:26:00,1470.0,-1252.5,217.5
2022-05-19 11:27:00,1507.5,-1327.5,180.0
2022-05-19 11:28:00,1597.5,-1353.75,243.75
2022-05-19 11:29:00,1575.0,-1155.0,420.0
2022-05-19 11:30:00,1597.5,-1293.75,303.75
2022-05-19 11:31:00,1552.5,-1121.25,431.25
2022-05-19 11:32:00,1578.75,-1327.5,251.25
2022-05-19 11:33:00,1612.5,-1365.0,247.5
2022-05-19 11:34:00,1623.75,-1398.75,225.0
2022-05-19 11:35:00,1642.5,-1503.75,138.75
2022-05-19 11:36:00,1683.75,-1575.0,108.75
2022-05-19 11:37:00,1683.75,-1552.5,131.25
2022-05-19 11:38:00,1665.0,-1402.5,262.5
2022-05-19 11:39:00,1635.0,-1380.0,255.0
2022-05-19 11:40:00,1582.5,-1083.75,498.75
2022-05-19 11:41:00,1616.25,-1147.5,468.75
2022-05-19 11:42:00,1605.0,-1080.0,525.0
2022-05-19 11:43:00,1560.0,-930.0,630.0
2022-05-19 11:44:00,1571.25,-948.75,622.5
2022-05-19 11:45:00,1605.0,-926.25,678.75
2022-05-19 11:46:00,1605.0,-1050.0,555.0
2022-05-19 11:47:00,1612.5,-1038.75,573.75
2022-05-19 11:48:00,1590.0,-1020.0,570.0
2022-05-19 11:49:00,1608.75,-1068.75,540.0
2022-05-19 11:50:00,1642.5,-1128.75,513.75
2022-05-19 11:51:00,1650.0,-1068.75,581.25
2022-05-19 11:52:00,1683.75,-1203.75,480.0
2022-05-19 11:53:00,1706.25,-1188.75,517.5
2022-05-19 11:54:00,1755.0,-1267.5,487.5
2022-05-19 11:55:00,1788.75,-1398.75,390.0
2022-05-19 11:56:00,1755.0,-1226.25,528.75
2022-05-19 11:57:00,1766.25,-1278.75,487.5
2022-05-19 11:58:00,1818.75,-1436.25,382.5
2022-05-19 11:59:00,1792.5,-1271.25,521.25
2022-05-19 12:00:00,1777.5,-1260.0,517.5
2022-05-19 12:01:00,1747.5,-1098.75,648.75
2022-05-19 12:02:00,1642.5,-945.0,697.5
2022-05-19 12:03:00,1683.75,-982.5,701.25
2022-05-19 12:04:00,1650.0,-881.25,768.75
2022-05-19 12:05:00,1702.5,-997.5,705.0
2022-05-19 12:06:00,1766.25,-1181.25,585.0
2022-05-19 12:07:00,1751.25,-1136.25,615.0
2022-05-19 12:08:00,1706.25,-922.5,783.75
2022-05-19 12:09:00,1687.5,-926.25,761.25
2022-05-19 12:10:00,1728.75,-1016.25,712.5
2022-05-19 12:11:00,1717.5,-978.75,738.75
2022-05-19 12:12:00,1710.0,-1080.0,630.0
2022-05-19 12:13:00,1725.0,-1136.25,588.75
2022-05-19 12:14:00,1796.25,-1323.75,472.5
2022-05-19 12:15:00,1803.75,-1391.25,412.5
2022-05-19 12:16:00,1766.25,-1038.75,727.5
2022-05-19 12:17:00,1751.25,-1005.0,746.25
2022-05-19 12:18:00,1788.75,-1158.75,630.0
2022-05-19 12:19:00,1755.0,-1057.5,697.5
2022-05-19 12:20:00,1758.75,-1053.75,705.0
2022-05-19 12:21:00,1755.0,-1020.0,735.0
2022-05-19 12:22:00,1792.5,-1128.75,663.75
2022-05-19 12:23:00,1773.75,-1042.5,731.25
2022-05-19 12:24:00,1751.25,-915.0,836.25
2022-05-19 12:25:00,1796.25,-1057.5,738.75
2022-05-19 12:26:00,1818.75,-1181.25,637.5
2022-05-19 12:27:00,1773.75,-851.25,922.5
2022-05-19 12:28:00,1815.0,-765.0,1050.0
2022-05-19 12:29:00,1803.75,-701.25,1102.5
2022-05-19 12:30:00,1807.5,-671.25,1136.25
2022-05-19 12:31:00,1845.0,-802.5,1042.5
2022-05-19 12:32:00,1856.25,-873.75,982.5
2022-05-19 12:33:00,1882.5,-1106.25,776.25
2022-05-19 12:34:00,1912.5,-1203.75,708.75
2022-05-19 12:35:00,1916.25,-986.25,930.0
2022-05-19 12:36:00,1905.0,-907.5,997.5
2022-05-19 12:37:00,1916.25,-986.25,930.0
2022-05-19 12:38:00,1953.75,-1173.75,780.0
2022-05-19 12:39:00,1935.0,-933.75,1001.25
2022-05-19 12:40:00,1938.75,-918.75,1020.0
2022-05-19 12:41:00,1946.25,-997.5,948.75
2022-05-19 12:42:00,1972.5,-1110.0,862.5
2022-05-19 12:43:00,1983.75,-1050.0,933.75
2022-05-19 12:44:00,1998.75,-1162.5,836.25
2022-05-19 12:45:00,2010.0,-1233.75,776.25
2022-05-19 12:46:00,1848.75,-1106.25,742.5
2022-05-19 12:47:00,1912.5,-1140.0,772.5
2022-05-19 12:48:00,1908.75,-1125.0,783.75
2022-05-19 12:49:00,2100.0,-1200.0,900.0
2022-05-19 12:50:00,2261.25,-1271.25,990.0
2022-05-19 12:51:00,2298.75,-1267.5,1031.25
2022-05-19 12:52:00,2017.5,-1072.5,945.0
2022-05-19 12:53:00,2047.5,-1158.75,888.75
2022-05-19 12:54:00,2306.25,-1248.75,1057.5
2022-05-19 12:55:00,2073.75,-1125.0,948.75
2022-05-19 12:56:00,2133.75,-1143.75,990.0
2022-05-19 12:57:00,2137.5,-1147.5,990.0
2022-05-19 12:58:00,1991.25,-975.0,1016.25
2022-05-19 12:59:00,2313.75,-1211.25,1102.5
2022-05-19 13:00:00,2298.75,-1203.75,1095.0
2022-05-19 13:01:00,2370.0,-1305.0,1065.0
2022-05-19 13:02:00,2321.25,-1226.25,1095.0
2022-05-19 13:03:00,2527.5,-1376.25,1151.25
2022-05-19 13:04:00,2475.0,-1312.5,1162.5
2022-05-19 13:05:00,2377.5,-1192.5,1185.0
2022-05-19 13:06:00,2610.0,-1391.25,1218.75
2022-05-19 13:07:00,2700.0,-1447.5,1252.5
2022-05-19 13:08:00,2838.75,-1796.25,1042.5
2022-05-19 13:09:00,3048.75,-1998.75,1050.0
2022-05-19 13:10:00,3225.0,-2527.5,697.5
2022-05-19 13:11:00,3116.25,-2242.5,873.75
2022-05-19 13:12:00,3097.5,-2002.5,1095.0
2022-05-19 13:13:00,3195.0,-2205.0,990.0
2022-05-19 13:14:00,3296.25,-2355.0,941.25
2022-05-19 13:15:00,3041.25,-1935.0,1106.25
2022-05-19 13:16:00,2958.75,-1871.25,1087.5
2022-05-19 13:17:00,2947.5,-1890.0,1057.5
2022-05-19 13:18:00,2591.25,-1372.5,1218.75
2022-05-19 13:19:00,2613.75,-1515.0,1098.75
2022-05-19 13:20:00,2580.0,-1473.75,1106.25
2022-05-19 13:21:00,2726.25,-1605.0,1121.25
2022-05-19 13:22:00,2752.5,-1695.0,1057.5
2022-05-19 13:23:00,2962.5,-1871.25,1091.25
2022-05-19 13:24:00,3000.0,-1777.5,1222.5
2022-05-19 13:25:00,2996.25,-1691.25,1305.0
2022-05-19 13:26:00,2812.5,-1605.0,1207.5
2022-05-19 13:27:00,2610.0,-1305.0,1305.0
2022-05-19 13:28:00,2418.75,-1196.25,1222.5
2022-05-19 13:29:00,2452.5,-1245.0,1207.5
2022-05-19 13:30:00,2133.75,-881.25,1252.5
2022-05-19 13:31:00,2336.25,-1023.75,1312.5
2022-05-19 13:32:00,2433.75,-1158.75,1275.0
2022-05-19 13:33:00,2362.5,-1061.25,1301.25
2022-05-19 13:34:00,2760.0,-1380.0,1380.0
2022-05-19 13:35:00,2898.75,-1440.0,1458.75
2022-05-19 13:36:00,3075.0,-1616.25,1458.75
2022-05-19 13:37:00,3551.25,-2006.25,1545.0
2022-05-19 13:38:00,3333.75,-1875.0,1458.75
2022-05-19 13:39:00,3150.0,-1713.75,1436.25
2022-05-19 13:40:00,2895.0,-1380.0,1515.0
2022-05-19 13:41:00,2823.75,-1211.25,1612.5
2022-05-19 13:42:00,2880.0,-1286.25,1593.75
2022-05-19 13:43:00,2763.75,-1155.0,1608.75
2022-05-19 13:44:00,2793.75,-1222.5,1571.25
2022-05-19 13:45:00,2471.25,-903.75,1567.5
2022-05-19 13:46:00,2831.25,-1286.25,1545.0
2022-05-19 13:47:00,2643.75,-1061.25,1582.5
2022-05-19 13:48:00,2595.0,-1057.5,1537.5
2022-05-19 13:49:00,2658.75,-997.5,1661.25
2022-05-19 13:50:00,3011.25,-1215.0,1796.25
2022-05-19 13:51:00,2992.5,-1308.75,1683.75
2022-05-19 13:52:00,3142.5,-1410.0,1732.5
2022-05-19 13:53:00,2812.5,-1087.5,1725.0
2022-05-19 13:54:00,2767.5,-1061.25,1706.25
2022-05-19 13:55:00,2662.5,-945.0,1717.5
2022-05-19 13:56:00,2587.5,-795.0,1792.5
2022-05-19 13:57:00,2973.75,-1012.5,1961.25
2022-05-19 13:58:00,2827.5,-862.5,1965.0
2022-05-19 13:59:00,2868.75,-975.0,1893.75
2022-05-19 14:00:00,2865.0,-915.0,1950.0
2022-05-19 14:01:00,2902.5,-971.25,1931.25
2022-05-19 14:02:00,2865.0,-941.25,1923.75
2022-05-19 14:03:00,2711.25,-742.5,1968.75
2022-05-19 14:04:00,2595.0,-592.5,2002.5
2022-05-19 14:05:00,2970.0,-881.25,2088.75
2022-05-19 14:06:00,3345.0,-1098.75,2246.25
2022-05-19 14:07:00,3442.5,-1282.5,2160.0
2022-05-19 14:08:00,3562.5,-1402.5,2160.0
2022-05-19 14:09:00,3356.25,-990.0,2366.25
2022-05-19 14:10:00,3431.25,-1215.0,2216.25
2022-05-19 14:11:00,3701.25,-1533.75,2167.5
2022-05-19 14:12:00,3768.75,-1590.0,2178.75
2022-05-19 14:13:00,3761.25,-1586.25,2175.0
2022-05-19 14:14:00,3900.0,-1713.75,2186.25
2022-05-19 14:15:00,4005.0,-1983.75,2021.25
2022-05-19 14:16:00,3945.0,-1837.5,2107.5
2022-05-19 14:17:00,3708.75,-1350.0,2358.75
2022-05-19 14:18:00,3870.0,-1650.0,2220.0
2022-05-19 14:19:00,3825.0,-1627.5,2197.5
2022-05-19 14:20:00,4121.25,-2182.5,1938.75
2022-05-19 14:21:00,4053.75,-1713.75,2340.0
2022-05-19 14:22:00,4053.75,-1743.75,2310.0
2022-05-19 14:23:00,4136.25,-1931.25,2205.0
2022-05-19 14:24:00,4008.75,-1533.75,2475.0
2022-05-19 14:25:00,3795.0,-1106.25,2688.75
2022-05-19 14:26:00,3746.25,-1050.0,2696.25
2022-05-19 14:27:00,3896.25,-1380.0,2516.25
2022-05-19 14:28:00,4091.25,-1657.5,2433.75
2022-05-19 14:29:00,4012.5,-1346.25,2666.25
2022-05-19 14:30:00,4297.5,-1916.25,2381.25
2022-05-19 14:31:00,4245.0,-1938.75,2306.25
2022-05-19 14:32:00,4185.0,-1571.25,2613.75
2022-05-19 14:33:00,4226.25,-1646.25,2580.0
2022-05-19 14:34:00,4305.0,-1695.0,2610.0
2022-05-19 14:35:00,4428.75,-1987.5,2441.25
2022-05-19 14:36:00,4361.25,-1905.0,2456.25
2022-05-19 14:37:00,4331.25,-1781.25,2550.0
2022-05-19 14:38:00,4260.0,-1593.75,2666.25
2022-05-19 14:39:00,4275.0,-1545.0,2730.0
2022-05-19 14:40:00,4353.75,-1691.25,2662.5
2022-05-19 14:41:00,4275.0,-1413.75,2861.25
2022-05-19 14:42:00,4425.0,-1740.0,2685.0
2022-05-19 14:43:00,4623.75,-2385.0,2238.75
2022-05-19 14:44:00,4702.5,-2666.25,2036.25
2022-05-19 14:45:00,4755.0,-2673.75,2081.25
2022-05-19 14:46:00,4785.0,-2820.0,1965.0
2022-05-19 14:47:00,4807.5,-2745.0,2062.5
2022-05-19 14:48:00,4773.75,-2681.25,2092.5
2022-05-19 14:49:00,4755.0,-2580.0,2175.0
2022-05-19 14:50:00,4800.0,-2737.5,2062.5
2022-05-19 14:51:00,4781.25,-2546.25,2235.0
2022-05-19 14:52:00,4822.5,-2696.25,2126.25
2022-05-19 14:53:00,4826.25,-2617.5,2208.75
2022-05-19 14:54:00,4773.75,-2036.25,2737.5
2022-05-19 14:55:00,4830.0,-2336.25,2493.75
2022-05-19 14:56:00,4762.5,-1860.0,2902.5
2022-05-19 14:57:00,4747.5,-1740.0,3007.5
2022-05-19 14:58:00,4766.25,-1635.0,3131.25
2022-05-19 14:59:00,4852.5,-1860.0,2992.5
2022-05-19 15:00:00,4826.25,-1635.0,3191.25
2022-05-19 15:01:00,4841.25,-1323.75,3517.5
2022-05-19 15:02:00,4781.25,-270.0,4511.25
2022-05-19 15:03:00,4822.5,-120.0,4702.5
2022-05-19 15:04:00,4860.0,-277.5,4582.5
2022-05-19 15:05:00,4905.0,-1038.75,3866.25
2022-05-19 15:06:00,4946.25,-1668.75,3277.5
2022-05-19 15:07:00,4950.0,-1267.5,3682.5
2022-05-19 15:08:00,4968.75,-1350.0,3618.75
2022-05-19 15:09:00,4968.75,-1593.75,3375.0
2022-05-19 15:10:00,4976.25,-1548.75,3427.5
2022-05-19 15:11:00,4980.0,-1368.75,3611.25
2022-05-19 15:12:00,4972.5,-1710.0,3262.5
2022-05-19 15:13:00,4976.25,-2478.75,2497.5
2022-05-19 15:14:00,4980.0,-2235.0,2745.0
2022-05-19 15:15:00,4980.0,-2100.0,2880.0
2022-05-19 15:16:00,4983.75,-1717.5,3266.25
2022-05-19 15:17:00,4980.0,-1267.5,3712.5
2022-05-19 15:18:00,4976.25,-1297.5,3678.75
2022-05-19 15:19:00,4980.0,-1271.25,3708.75
2022-05-19 15:20:00,4980.0,-1316.25,3663.75
2022-05-19 15:21:00,4980.0,-1316.25,3663.75
2022-05-19 15:22:00,4980.0,-1316.25,3663.75
2022-05-19 15:23:00,4980.0,-1316.25,3663.75
2022-05-19 15:24:00,4980.0,-1316.25,3663.75
2022-05-19 15:25:00,4980.0,-1316.25,3663.75
2022-05-19 15:26:00,4980.0,-1316.25,3663.75
2022-05-19 15:27:00,4980.0,-1316.25,3663.75
2022-05-19 15:28:00,4980.0,-1316.25,3663.75
2022-05-19 15:29:00,4980.0,-1316.25,3663.75
2022-05-19 15:30:00,4980.0,-1316.25,3663.75
2022-05-26 10:15:00,0.0,0.0,0.0
2022-05-26 10:16:00,-198.75,221.25,22.5
2022-05-26 10:17:00,-86.25,71.25,-15.0
2022-05-26 10:18:00,-71.25,37.5,-33.75
2022-05-26 10:19:00,-97.5,82.5,-15.0
2022-05-26 10:20:00,-60.0,48.75,-11.25
2022-05-26 10:21:00,-127.5,138.75,11.25
2022-05-26 10:22:00,3.75,11.25,15.0
2022-05-26 10:23:00,75.0,-67.5,7.5
2022-05-26 10:24:00,18.75,-22.5,-3.75
2022-05-26 10:25:00,71.25,-90.0,-18.75
2022-05-26 10:26:00,217.5,-251.25,-33.75
2022-05-26 10:27:00,273.75,-461.25,-187.5
2022-05-26 10:28:00,472.5,-1023.75,-551.25
2022-05-26 10:29:00,581.25,-1890.0,-1308.75
2022-05-26 10:30:00,723.75,-2073.75,-1350.0
2022-05-26 10:31:00,720.0,-1706.25,-986.25
2022-05-26 10:32:00,757.5,-1987.5,-1230.0
2022-05-26 10:33:00,806.25,-1995.0,-1188.75
2022-05-26 10:34:00,903.75,-2310.0,-1406.25
2022-05-26 10:35:00,1016.25,-2505.0,-1488.75
2022-05-26 10:36:00,1072.5,-2880.0,-1807.5
2022-05-26 10:37:00,1076.25,-3337.5,-2261.25
2022-05-26 10:38:00,1038.75,-3303.75,-2265.0
2022-05-26 10:39:00,1027.5,-3217.5,-2190.0
2022-05-26 10:40:00,1057.5,-3367.5,-2310.0
2022-05-26 10:41:00,870.0,-3108.75,-2238.75
2022-05-26 10:42:00,802.5,-3123.75,-2321.25
2022-05-26 10:43:00,772.5,-3120.0,-2347.5
2022-05-26 10:44:00,941.25,-3213.75,-2272.5
2022-05-26 10:45:00,840.0,-3003.75,-2163.75
2022-05-26 10:46:00,885.0,-3056.25,-2171.25
2022-05-26 10:47:00,1725.0,-3967.5,-2242.5
2022-05-26 10:48:00,1597.5,-3900.0,-2302.5
2022-05-26 10:49:00,1642.5,-3941.25,-2298.75
2022-05-26 10:50:00,1537.5,-3813.75,-2276.25
2022-05-26 10:51:00,1552.5,-3806.25,-2253.75
2022-05-26 10:52:00,1552.5,-3738.75,-2186.25
2022-05-26 10:53:00,1691.25,-3761.25,-2070.0
2022-05-26 10:54:00,1755.0,-3836.25,-2081.25
2022-05-26 10:55:00,2002.5,-4102.5,-2100.0
2022-05-26 10:56:00,1968.75,-4110.0,-2141.25
2022-05-26 10:57:00,1965.0,-3918.75,-1953.75
2022-05-26 10:58:00,1773.75,-3783.75,-2010.0
2022-05-26 10:59:00,1706.25,-3708.75,-2002.5
2022-05-26 11:00:00,1372.5,-3131.25,-1758.75
2022-05-26 11:01:00,1417.5,-3232.5,-1815.0
2022-05-26 11:02:00,1372.5,-3236.25,-1863.75
2022-05-26 11:03:00,1590.0,-3401.25,-1811.25
2022-05-26 11:04:00,1661.25,-3521.25,-1860.0
2022-05-26 11:05:00,1638.75,-3465.0,-1826.25
2022-05-26 11:06:00,1593.75,-3427.5,-1833.75
2022-05-26 11:07:00,1691.25,-3517.5,-1826.25
2022-05-26 11:08:00,1642.5,-3442.5,-1800.0
2022-05-26 11:09:00,1822.5,-3622.5,-1800.0
2022-05-26 11:10:00,1991.25,-3802.5,-1811.25
2022-05-26 11:11:00,1893.75,-3573.75,-1680.0
2022-05-26 11:12:00,1755.0,-3363.75,-1608.75
2022-05-26 11:13:00,1740.0,-3356.25,-1616.25
2022-05-26 11:14:00,1781.25,-3438.75,-1657.5
2022-05-26 11:15:00,1717.5,-3378.75,-1661.25
2022-05-26 11:16:00,1642.5,-3243.75,-1601.25
2022-05-26 11:17:00,1368.75,-2876.25,-1507.5
2022-05-26 11:18:00,1447.5,-3037.5,-1590.0
2022-05-26 11:19:00,1485.0,-2955.0,-1470.0
2022-05-26 11:20:00,1248.75,-2565.0,-1316.25
2022-05-26 11:21:00,1687.5,-3015.0,-1327.5
2022-05-26 11:22:00,1860.0,-3277.5,-1417.5
2022-05-26 11:23:00,2013.75,-3540.0,-1526.25
2022-05-26 11:24:00,1837.5,-3236.25,-1398.75
2022-05-26 11:25:00,2062.5,-3566.25,-1503.75
2022-05-26 11:26:00,1980.0,-3435.0,-1455.0
2022-05-26 11:27:00,2295.0,-3836.25,-1541.25
2022-05-26 11:28:00,2475.0,-4038.75,-1563.75
2022-05-26 11:29:00,2497.5,-4106.25,-1608.75
2022-05-26 11:30:00,2340.0,-3750.0,-1410.0
2022-05-26 11:31:00,2445.0,-3930.0,-1485.0
2022-05-26 11:32:00,2358.75,-3701.25,-1342.5
2022-05-26 11:33:00,2388.75,-3727.5,-1338.75
2022-05-26 11:34:00,2407.5,-3660.0,-1252.5
2022-05-26 11:35:00,2377.5,-3656.25,-1278.75
2022-05-26 11:36:00,2242.5,-3502.5,-1260.0
2022-05-26 11:37:00,2422.5,-3712.5,-1290.0
2022-05-26 11:38:00,2505.0,-3712.5,-1207.5
2022-05-26 11:39:00,2561.25,-3765.0,-1203.75
2022-05-26 11:40:00,2741.25,-3975.0,-1233.75
2022-05-26 11:41:00,2662.5,-3956.25,-1293.75
2022-05-26 11:42:00,2572.5,-3690.0,-1117.5
2022-05-26 11:43:00,2583.75,-3798.75,-1215.0
2022-05-26 11:44:00,2512.5,-3671.25,-1158.75
2022-05-26 11:45:00,2546.25,-3753.75,-1207.5
2022-05-26 11:46:00,2437.5,-3551.25,-1113.75
2022-05-26 11:47:00,2370.0,-3416.25,-1046.25
2022-05-26 11:48:00,2295.0,-3273.75,-978.75
2022-05-26 11:49:00,2328.75,-3386.25,-1057.5
2022-05-26 11:50:00,2310.0,-3423.75,-1113.75
2022-05-26 11:51:00,2381.25,-3558.75,-1177.5
2022-05-26 11:52:00,2328.75,-3416.25,-1087.5
2022-05-26 11:53:00,2396.25,-3367.5,-971.25
2022-05-26 11:54:00,2160.0,-3086.25,-926.25
2022-05-26 11:55:00,2081.25,-2947.5,-866.25
2022-05-26 11:56:00,2055.0,-2906.25,-851.25
2022-05-26 11:57:00,2122.5,-3108.75,-986.25
2022-05-26 11:58:00,2445.0,-3397.5,-952.5
2022-05-26 11:59:00,2340.0,-3255.0,-915.0
2022-05-26 12:00:00,2486.25,-3390.0,-903.75
2022-05-26 12:01:00,2561.25,-3420.0,-858.75
2022-05-26 12:02:00,2231.25,-2835.0,-603.75
2022-05-26 12:03:00,2355.0,-3078.75,-723.75
2022-05-26 12:04:00,2167.5,-2801.25,-633.75
2022-05-26 12:05:00,2066.25,-2872.5,-806.25
2022-05-26 12:06:00,1991.25,-2865.0,-873.75
2022-05-26 12:07:00,1980.0,-2846.25,-866.25
2022-05-26 12:08:00,2178.75,-3033.75,-855.0
2022-05-26 12:09:00,2310.0,-3213.75,-903.75
2022-05-26 12:10:00,2058.75,-2823.75,-765.0
2022-05-26 12:11:00,2085.0,-2913.75,-828.75
2022-05-26 12:12:00,1938.75,-2737.5,-798.75
2022-05-26 12:13:00,1698.75,-2265.0,-566.25
2022-05-26 12:14:00,1833.75,-2433.75,-600.0
2022-05-26 12:15:00,1863.75,-2403.75,-540.0
2022-05-26 12:16:00,1398.75,-1912.5,-513.75
2022-05-26 12:17:00,1365.0,-1672.5,-307.5
2022-05-26 12:18:00,1323.75,-1440.0,-116.25
2022-05-26 12:19:00,1331.25,-1548.75,-217.5
2022-05-26 12:20:00,1263.75,-1425.0,-161.25
2022-05-26 12:21:00,1271.25,-1447.5,-176.25
2022-05-26 12:22:00,1605.0,-1762.5,-157.5
2022-05-26 12:23:00,1473.75,-1717.5,-243.75
2022-05-26 12:24:00,1455.0,-1650.0,-195.0
2022-05-26 12:25:00,1537.5,-1878.75,-341.25
2022-05-26 12:26:00,1875.0,-2115.0,-240.0
2022-05-26 12:27:00,2445.0,-2580.0,-135.0
2022-05-26 12:28:00,2805.0,-3127.5,-322.5
2022-05-26 12:29:00,2801.25,-3063.75,-262.5
2022-05-26 12:30:00,2707.5,-2996.25,-288.75
2022-05-26 12:31:00,2617.5,-2831.25,-213.75
2022-05-26 12:32:00,2467.5,-2602.5,-135.0
2022-05-26 12:33:00,2321.25,-2385.0,-63.75
2022-05-26 12:34:00,2231.25,-2321.25,-90.0
2022-05-26 12:35:00,2448.75,-2557.5,-108.75
2022-05-26 12:36:00,2253.75,-2201.25,52.5
2022-05-26 12:37:00,1942.5,-1927.5,15.0
2022-05-26 12:38:00,1560.0,-1556.25,3.75
2022-05-26 12:39:00,1421.25,-1436.25,-15.0
2022-05-26 12:40:00,1275.0,-1312.5,-37.5
2022-05-26 12:41:00,1346.25,-1335.0,11.25
2022-05-26 12:42:00,1286.25,-1387.5,-101.25
2022-05-26 12:43:00,1320.0,-1368.75,-48.75
2022-05-26 12:44:00,1623.75,-1575.0,48.75
2022-05-26 12:45:00,1263.75,-1200.0,63.75
2022-05-26 12:46:00,1451.25,-1308.75,142.5
2022-05-26 12:47:00,1177.5,-1012.5,165.0
2022-05-26 12:48:00,941.25,-693.75,247.5
2022-05-26 12:49:00,1620.0,-1207.5,412.5
2022-05-26 12:50:00,1421.25,-1016.25,405.0
2022-05-26 12:51:00,1297.5,-982.5,315.0
2022-05-26 12:52:00,1353.75,-937.5,416.25
2022-05-26 12:53:00,1177.5,-765.0,412.5
2022-05-26 12:54:00,806.25,-375.0,431.25
2022-05-26 12:55:00,-161.25,-63.75,-225.0
2022-05-26 12:56:00,371.25,-266.25,105.0
2022-05-26 12:57:00,491.25,-273.75,217.5
2022-05-26 12:58:00,780.0,-480.0,300.0
2022-05-26 12:59:00,633.75,-348.75,285.0
2022-05-26 13:00:00,285.0,-112.5,172.5
2022-05-26 13:01:00,-1368.75,723.75,-645.0
2022-05-26 13:02:00,-2726.25,1072.5,-1653.75
2022-05-26 13:03:00,-4391.25,1185.0,-3206.25
2022-05-26 13:04:00,-5433.75,1166.25,-4267.5
2022-05-26 13:05:00,-6723.75,1256.25,-5467.5
2022-05-26 13:06:00,-6532.5,1188.75,-5343.75
2022-05-26 13:07:00,-6341.25,1316.25,-5025.0
2022-05-26 13:08:00,-6821.25,1736.25,-5085.0
2022-05-26 13:09:00,-6656.25,1721.25,-4935.0
2022-05-26 13:10:00,-6528.75,1481.25,-5047.5
2022-05-26 13:11:00,-6453.75,1308.75,-5145.0
2022-05-26 13:12:00,-6795.0,1676.25,-5118.75
2022-05-26 13:13:00,-6993.75,1676.25,-5317.5
2022-05-26 13:14:00,-7087.5,1691.25,-5396.25
2022-05-26 13:15:00,-7601.25,1916.25,-5685.0
2022-05-26 13:16:00,-9386.25,2096.25,-7290.0
2022-05-26 13:17:00,-8853.75,1916.25,-6937.5
2022-05-26 13:18:00,-9757.5,2073.75,-7683.75
2022-05-26 13:19:00,-10282.5,2216.25,-8066.25
2022-05-26 13:20:00,-10053.75,2133.75,-7920.0
2022-05-26 13:21:00,-9022.5,1473.75,-7548.75
2022-05-26 13:22:00,-9266.25,1920.0,-7346.25
2022-05-26 13:23:00,-9292.5,1852.5,-7440.0
2022-05-26 13:24:00,-9716.25,2077.5,-7638.75
2022-05-26 13:25:00,-9461.25,1916.25,-7545.0
2022-05-26 13:26:00,-8872.5,1320.0,-7552.5
2022-05-26 13:27:00,-9052.5,1548.75,-7503.75
2022-05-26 13:28:00,-9277.5,2002.5,-7275.0
2022-05-26 13:29:00,-8823.75,1492.5,-7331.25
2022-05-26 13:30:00,-8917.5,1732.5,-7185.0
2022-05-26 13:31:00,-8801.25,1612.5,-7188.75
2022-05-26 13:32:00,-9637.5,2445.0,-7192.5
2022-05-26 13:33:00,-9161.25,2122.5,-7038.75
2022-05-26 13:34:00,-9127.5,1822.5,-7305.0
2022-05-26 13:35:00,-9135.0,2092.5,-7042.5
2022-05-26 13:36:00,-8051.25,1387.5,-6663.75
2022-05-26 13:37:00,-9450.0,2707.5,-6742.5
2022-05-26 13:38:00,-10282.5,3540.0,-6742.5
2022-05-26 13:39:00,-10215.0,3543.75,-6671.25
2022-05-26 13:40:00,-9832.5,3390.0,-6442.5
2022-05-26 13:41:00,-10068.75,3378.75,-6690.0
2022-05-26 13:42:00,-10252.5,3543.75,-6708.75
2022-05-26 13:43:00,-10008.75,3457.5,-6551.25
2022-05-26 13:44:00,-9978.75,3420.0,-6558.75
2022-05-26 13:45:00,-9292.5,2973.75,-6318.75
2022-05-26 13:46:00,-9067.5,2831.25,-6236.25
2022-05-26 13:47:00,-8951.25,2977.5,-5973.75
2022-05-26 13:48:00,-9232.5,3277.5,-5955.0
2022-05-26 13:49:00,-9247.5,3303.75,-5943.75
2022-05-26 13:50:00,-8850.0,3090.0,-5760.0
2022-05-26 13:51:00,-8868.75,2981.25,-5887.5
2022-05-26 13:52:00,-8456.25,2632.5,-5823.75
2022-05-26 13:53:00,-7736.25,1972.5,-5763.75
2022-05-26 13:54:00,-7882.5,2283.75,-5598.75
2022-05-26 13:55:00,-7166.25,1297.5,-5868.75
2022-05-26 13:56:00,-6907.5,521.25,-6386.25
2022-05-26 13:57:00,-6787.5,573.75,-6213.75
2022-05-26 13:58:00,-6540.0,345.0,-6195.0
2022-05-26 13:59:00,-6007.5,-547.5,-6555.0
2022-05-26 14:00:00,-6510.0,1192.5,-5317.5
2022-05-26 14:01:00,-6671.25,1293.75,-5377.5
2022-05-26 14:02:00,-6285.0,457.5,-5827.5
2022-05-26 14:03:00,-6498.75,1005.0,-5493.75
2022-05-26 14:04:00,-6090.0,221.25,-5868.75
2022-05-26 14:05:00,-6108.75,457.5,-5651.25
2022-05-26 14:06:00,-5898.75,93.75,-5805.0
2022-05-26 14:07:00,-5542.5,-746.25,-6288.75
2022-05-26 14:08:00,-5542.5,-607.5,-6150.0
2022-05-26 14:09:00,-5718.75,-191.25,-5910.0
2022-05-26 14:10:00,-5801.25,247.5,-5553.75
2022-05-26 14:11:00,-5643.75,-311.25,-5955.0
2022-05-26 14:12:00,-5632.5,-281.25,-5913.75
2022-05-26 14:13:00,-5621.25,-150.0,-5771.25
2022-05-26 14:14:00,-6018.75,765.0,-5253.75
2022-05-26 14:15:00,-5865.0,453.75,-5411.25
2022-05-26 14:16:00,-6333.75,1338.75,-4995.0
2022-05-26 14:17:00,-6382.5,1650.0,-4732.5
2022-05-26 14:18:00,-6386.25,1661.25,-4725.0
2022-05-26 14:19:00,-6416.25,1777.5,-4638.75
2022-05-26 14:20:00,-6326.25,1548.75,-4777.5
2022-05-26 14:21:00,-6930.0,2715.0,-4215.0
2022-05-26 14:22:00,-7770.0,3461.25,-4308.75
2022-05-26 14:23:00,-7785.0,3588.75,-4196.25
2022-05-26 14:24:00,-8088.75,3772.5,-4316.25
2022-05-26 14:25:00,-7357.5,3356.25,-4001.25
2022-05-26 14:26:00,-7758.75,3693.75,-4065.0
2022-05-26 14:27:00,-8156.25,4023.75,-4132.5
2022-05-26 14:28:00,-7582.5,3795.0,-3787.5
2022-05-26 14:29:00,-6896.25,3127.5,-3768.75
2022-05-26 14:30:00,-7068.75,3322.5,-3746.25
2022-05-26 14:31:00,-7196.25,3382.5,-3813.75
2022-05-26 14:32:00,-6491.25,2718.75,-3772.5
2022-05-26 14:33:00,-6693.75,2910.0,-3783.75
2022-05-26 14:34:00,-6656.25,2838.75,-3817.5
2022-05-26 14:35:00,-6626.25,2872.5,-3753.75
2022-05-26 14:36:00,-6176.25,2445.0,-3731.25
2022-05-26 14:37:00,-5613.75,1567.5,-4046.25
2022-05-26 14:38:00,-5925.0,2036.25,-3888.75
2022-05-26 14:39:00,-6255.0,2677.5,-3577.5
2022-05-26 14:40:00,-6836.25,3386.25,-3450.0
2022-05-26 14:41:00,-6465.0,2932.5,-3532.5
2022-05-26 14:42:00,-6930.0,3461.25,-3468.75
2022-05-26 14:43:00,-6768.75,3352.5,-3416.25
2022-05-26 14:44:00,-7725.0,4282.5,-3442.5
2022-05-26 14:45:00,-8130.0,4552.5,-3577.5
2022-05-26 14:46:00,-9240.0,5137.5,-4102.5
2022-05-26 14:47:00,-8947.5,5051.25,-3896.25
2022-05-26 14:48:00,-8655.0,5036.25,-3618.75
2022-05-26 14:49:00,-8883.75,5171.25,-3712.5
2022-05-26 14:50:00,-8373.75,5025.0,-3348.75
2022-05-26 14:51:00,-8662.5,5160.0,-3502.5
2022-05-26 14:52:00,-9127.5,5411.25,-3716.25
2022-05-26 14:53:00,-9206.25,5366.25,-3840.0
2022-05-26 14:54:00,-10091.25,5775.0,-4316.25
2022-05-26 14:55:00,-9952.5,5865.0,-4087.5
2022-05-26 14:56:00,-9881.25,5868.75,-4012.5
2022-05-26 14:57:00,-9772.5,5865.0,-3907.5
2022-05-26 14:58:00,-9510.0,5853.75,-3656.25
2022-05-26 14:59:00,-9986.25,5861.25,-4125.0
2022-05-26 15:00:00,-10308.75,5865.0,-4443.75
2022-05-26 15:01:00,-9183.75,5861.25,-3322.5
2022-05-26 15:02:00,-8456.25,5857.5,-2598.75
2022-05-26 15:03:00,-8137.5,5861.25,-2276.25
2022-05-26 15:04:00,-7721.25,5861.25,-1860.0
2022-05-26 15:05:00,-8722.5,5868.75,-2853.75
2022-05-26 15:06:00,-8538.75,5865.0,-2673.75
2022-05-26 15:07:00,-7998.75,5872.5,-2126.25
2022-05-26 15:08:00,-7398.75,5872.5,-1526.25
2022-05-26 15:09:00,-7413.75,5880.0,-1533.75
2022-05-26 15:10:00,-8152.5,5880.0,-2272.5
2022-05-26 15:11:00,-8178.75,5880.0,-2298.75
2022-05-26 15:12:00,-8411.25,5880.0,-2531.25
2022-05-26 15:13:00,-8632.5,5887.5,-2745.0
2022-05-26 15:14:00,-8928.75,5883.75,-3045.0
2022-05-26 15:15:00,-9300.0,5887.5,-3412.5
2022-05-26 15:16:00,-9213.75,5887.5,-3326.25
2022-05-26 15:17:00,-9183.75,5891.25,-3292.5
2022-05-26 15:18:00,-9708.75,5891.25,-3817.5
2022-05-26 15:19:00,-9502.5,5891.25,-3611.25
2022-05-26 15:20:00,-9652.5,5891.25,-3761.25
2022-05-26 15:21:00,-9652.5,5891.25,-3761.25
2022-05-26 15:22:00,-9652.5,5891.25,-3761.25
2022-05-26 15:23:00,-9652.5,5891.25,-3761.25
2022-05-26 15:24:00,-9652.5,5891.25,-3761.25
2022-05-26 15:25:00,-9652.5,5891.25,-3761.25
2022-05-26 15:26:00,-9652.5,5891.25,-3761.25
2022-05-26 15:27:00,-9652.5,5891.25,-3761.25
2022-05-26 15:28:00,-9652.5,5891.25,-3761.25
2022-05-26 15:29:00,-9652.5,5891.25,-3761.25
2022-05-26 15:30:00,-9652.5,5891.25,-3761.25
2022-06-02 10:15:00,0.0,0.0,0.0
2022-06-02 10:16:00,101.25,-63.75,37.5
2022-06-02 10:17:00,30.0,-30.0,0.0
2022-06-02 10:18:00,-288.75,206.25,-82.5
2022-06-02 10:19:00,-217.5,228.75,11.25
2022-06-02 10:20:00,-108.75,116.25,7.5
2022-06-02 10:21:00,15.0,30.0,45.0
2022-06-02 10:22:00,-63.75,63.75,0.0
2022-06-02 10:23:00,-41.25,67.5,26.25
2022-06-02 10:24:00,-33.75,60.0,26.25
2022-06-02 10:25:00,30.0,15.0,45.0
2022-06-02 10:26:00,266.25,-127.5,138.75
2022-06-02 10:27:00,-22.5,187.5,165.0
2022-06-02 10:28:00,-360.0,408.75,48.75
2022-06-02 10:29:00,-206.25,311.25,105.0
2022-06-02 10:30:00,-202.5,333.75,131.25
2022-06-02 10:31:00,-322.5,337.5,15.0
2022-06-02 10:32:00,-408.75,446.25,37.5
2022-06-02 10:33:00,-791.25,656.25,-135.0
2022-06-02 10:34:00,-1342.5,832.5,-510.0
2022-06-02 10:35:00,-1132.5,750.0,-382.5
2022-06-02 10:36:00,-1177.5,757.5,-420.0
2022-06-02 10:37:00,-1492.5,918.75,-573.75
2022-06-02 10:38:00,-1230.0,813.75,-416.25
2022-06-02 10:39:00,-1327.5,798.75,-528.75
2022-06-02 10:40:00,-1241.25,727.5,-513.75
2022-06-02 10:41:00,-1057.5,667.5,-390.0
2022-06-02 10:42:00,-768.75,562.5,-206.25
2022-06-02 10:43:00,-903.75,581.25,-322.5
2022-06-02 10:44:00,-532.5,405.0,-127.5
2022-06-02 10:45:00,-450.0,442.5,-7.5
2022-06-02 10:46:00,-180.0,300.0,120.0
2022-06-02 10:47:00,-18.75,202.5,183.75
2022-06-02 10:48:00,71.25,150.0,221.25
2022-06-02 10:49:00,240.0,-52.5,187.5
2022-06-02 10:50:00,195.0,-22.5,172.5
2022-06-02 10:51:00,270.0,-60.0,210.0
2022-06-02 10:52:00,457.5,-277.5,180.0
2022-06-02 10:53:00,570.0,-420.0,150.0
2022-06-02 10:54:00,438.75,-142.5,296.25
2022-06-02 10:55:00,258.75,3.75,262.5
2022-06-02 10:56:00,408.75,-273.75,135.0
2022-06-02 10:57:00,416.25,-217.5,198.75
2022-06-02 10:58:00,341.25,-101.25,240.0
2022-06-02 10:59:00,502.5,-251.25,251.25
2022-06-02 11:00:00,412.5,-157.5,255.0
2022-06-02 11:01:00,341.25,18.75,360.0
2022-06-02 11:02:00,465.0,-202.5,262.5
2022-06-02 11:03:00,495.0,-251.25,243.75
2022-06-02 11:04:00,660.0,-397.5,262.5
2022-06-02 11:05:00,607.5,-360.0,247.5
2022-06-02 11:06:00,491.25,-273.75,217.5
2022-06-02 11:07:00,457.5,-112.5,345.0
2022-06-02 11:08:00,502.5,-262.5,240.0
2022-06-02 11:09:00,675.0,-468.75,206.25
2022-06-02 11:10:00,783.75,-491.25,292.5
2022-06-02 11:11:00,618.75,-236.25,382.5
2022-06-02 11:12:00,521.25,-120.0,401.25
2022-06-02 11:13:00,495.0,-33.75,461.25
2022-06-02 11:14:00,472.5,22.5,495.0
2022-06-02 11:15:00,431.25,157.5,588.75
2022-06-02 11:16:00,277.5,356.25,633.75
2022-06-02 11:17:00,202.5,438.75,641.25
2022-06-02 11:18:00,315.0,315.0,630.0
2022-06-02 11:19:00,255.0,416.25,671.25
2022-06-02 11:20:00,543.75,138.75,682.5
2022-06-02 11:21:00,618.75,45.0,663.75
2022-06-02 11:22:00,521.25,172.5,693.75
2022-06-02 11:23:00,487.5,138.75,626.25
2022-06-02 11:24:00,506.25,150.0,656.25
2022-06-02 11:25:00,288.75,397.5,686.25
2022-06-02 11:26:00,318.75,356.25,675.0
2022-06-02 11:27:00,348.75,258.75,607.5
2022-06-02 11:28:00,363.75,270.0,633.75
2022-06-02 11:29:00,420.0,202.5,622.5
2022-06-02 11:30:00,153.75,592.5,746.25
2022-06-02 11:31:00,-37.5,656.25,618.75
2022-06-02 11:32:00,-206.25,708.75,502.5
2022-06-02 11:33:00,-311.25,742.5,431.25
2022-06-02 11:34:00,-168.75,671.25,502.5
2022-06-02 11:35:00,-112.5,641.25,528.75
2022-06-02 11:36:00,-60.0,603.75,543.75
2022-06-02 11:37:00,-75.0,656.25,581.25
2022-06-02 11:38:00,-120.0,682.5,562.5
2022-06-02 11:39:00,-322.5,750.0,427.5
2022-06-02 11:40:00,-461.25,810.0,348.75
2022-06-02 11:41:00,-420.0,761.25,341.25
2022-06-02 11:42:00,-232.5,690.0,457.5
2022-06-02 11:43:00,-393.75,746.25,352.5
2022-06-02 11:44:00,-318.75,723.75,405.0
2022-06-02 11:45:00,-180.0,682.5,502.5
2022-06-02 11:46:00,-67.5,615.0,547.5
2022-06-02 11:47:00,-52.5,581.25,528.75
2022-06-02 11:48:00,101.25,543.75,645.0
2022-06-02 11:49:00,255.0,465.0,720.0
2022-06-02 11:50:00,30.0,577.5,607.5
2022-06-02 11:51:00,-146.25,686.25,540.0
2022-06-02 11:52:00,-82.5,588.75,506.25
2022-06-02 11:53:00,-45.0,600.0,555.0
2022-06-02 11:54:00,-116.25,660.0,543.75
2022-06-02 11:55:00,-423.75,836.25,412.5
2022-06-02 11:56:00,-521.25,937.5,416.25
2022-06-02 11:57:00,-318.75,798.75,480.0
2022-06-02 11:58:00,-258.75,750.0,491.25
2022-06-02 11:59:00,-187.5,708.75,521.25
2022-06-02 12:00:00,-266.25,765.0,498.75
2022-06-02 12:01:00,-86.25,667.5,581.25
2022-06-02 12:02:00,45.0,603.75,648.75
2022-06-02 12:03:00,-135.0,686.25,551.25
2022-06-02 12:04:00,-37.5,682.5,645.0
2022-06-02 12:05:00,-3.75,633.75,630.0
2022-06-02 12:06:00,-146.25,690.0,543.75
2022-06-02 12:07:00,-161.25,712.5,551.25
2022-06-02 12:08:00,-138.75,701.25,562.5
2022-06-02 12:09:00,-142.5,693.75,551.25
2022-06-02 12:10:00,-225.0,753.75,528.75
2022-06-02 12:11:00,-150.0,693.75,543.75
2022-06-02 12:12:00,-138.75,690.0,551.25
2022-06-02 12:13:00,-405.0,851.25,446.25
2022-06-02 12:14:00,-367.5,817.5,450.0
2022-06-02 12:15:00,-127.5,705.0,577.5
2022-06-02 12:16:00,-258.75,768.75,510.0
2022-06-02 12:17:00,-240.0,780.0,540.0
2022-06-02 12:18:00,-405.0,903.75,498.75
2022-06-02 12:19:00,-401.25,877.5,476.25
2022-06-02 12:20:00,-540.0,945.0,405.0
2022-06-02 12:21:00,-427.5,888.75,461.25
2022-06-02 12:22:00,-337.5,851.25,513.75
2022-06-02 12:23:00,-510.0,926.25,416.25
2022-06-02 12:24:00,-735.0,1020.0,285.0
2022-06-02 12:25:00,-675.0,967.5,292.5
2022-06-02 12:26:00,-802.5,1005.0,202.5
2022-06-02 12:27:00,-738.75,945.0,206.25
2022-06-02 12:28:00,-798.75,986.25,187.5
2022-06-02 12:29:00,-1072.5,1027.5,-45.0
2022-06-02 12:30:00,-1061.25,1091.25,30.0
2022-06-02 12:31:00,-978.75,1057.5,78.75
2022-06-02 12:32:00,-945.0,1027.5,82.5
2022-06-02 12:33:00,-821.25,990.0,168.75
2022-06-02 12:34:00,-945.0,1035.0,90.0
2022-06-02 12:35:00,-1620.0,1207.5,-412.5
2022-06-02 12:36:00,-1237.5,1222.5,-15.0
2022-06-02 12:37:00,-1218.75,1173.75,-45.0
2022-06-02 12:38:00,-1301.25,1192.5,-108.75
2022-06-02 12:39:00,-982.5,1151.25,168.75
2022-06-02 12:40:00,-1057.5,1125.0,67.5
2022-06-02 12:41:00,-1226.25,1196.25,-30.0
2022-06-02 12:42:00,-881.25,1121.25,240.0
2022-06-02 12:43:00,-723.75,1087.5,363.75
2022-06-02 12:44:00,-963.75,1151.25,187.5
2022-06-02 12:45:00,-956.25,1158.75,202.5
2022-06-02 12:46:00,-851.25,1132.5,281.25
2022-06-02 12:47:00,-720.0,1080.0,360.0
2022-06-02 12:48:00,-521.25,1031.25,510.0
2022-06-02 12:49:00,-510.0,1008.75,498.75
2022-06-02 12:50:00,-723.75,1113.75,390.0
2022-06-02 12:51:00,-551.25,1042.5,491.25
2022-06-02 12:52:00,-603.75,1061.25,457.5
2022-06-02 12:53:00,-896.25,1143.75,247.5
2022-06-02 12:54:00,-821.25,1140.0,318.75
2022-06-02 12:55:00,-776.25,1143.75,367.5
2022-06-02 12:56:00,-1035.0,1218.75,183.75
2022-06-02 12:57:00,-1312.5,1335.0,22.5
2022-06-02 12:58:00,-1057.5,1282.5,225.0
2022-06-02 12:59:00,-1125.0,1293.75,168.75
2022-06-02 13:00:00,-1095.0,1305.0,210.0
2022-06-02 13:01:00,-1091.25,1338.75,247.5
2022-06-02 13:02:00,-1271.25,1402.5,131.25
2022-06-02 13:03:00,-1038.75,1417.5,378.75
2022-06-02 13:04:00,-566.25,1290.0,723.75
2022-06-02 13:05:00,-461.25,1222.5,761.25
2022-06-02 13:06:00,-150.0,1117.5,967.5
2022-06-02 13:07:00,-296.25,1158.75,862.5
2022-06-02 13:08:00,-420.0,1271.25,851.25
2022-06-02 13:09:00,-495.0,1308.75,813.75
2022-06-02 13:10:00,-603.75,1338.75,735.0
2022-06-02 13:11:00,-427.5,1331.25,903.75
2022-06-02 13:12:00,-300.0,1278.75,978.75
2022-06-02 13:13:00,-255.0,1271.25,1016.25
2022-06-02 13:14:00,-202.5,1260.0,1057.5
2022-06-02 13:15:00,-498.75,1376.25,877.5
2022-06-02 13:16:00,-236.25,1260.0,1023.75
2022-06-02 13:17:00,-236.25,1241.25,1005.0
2022-06-02 13:18:00,-225.0,1252.5,1027.5
2022-06-02 13:19:00,0.0,1155.0,1155.0
2022-06-02 13:20:00,195.0,1110.0,1305.0
2022-06-02 13:21:00,438.75,1061.25,1500.0
2022-06-02 13:22:00,296.25,1162.5,1458.75
2022-06-02 13:23:00,93.75,1286.25,1380.0
2022-06-02 13:24:00,41.25,1357.5,1398.75
2022-06-02 13:25:00,-22.5,1391.25,1368.75
2022-06-02 13:26:00,93.75,1372.5,1466.25
2022-06-02 13:27:00,217.5,1346.25,1563.75
2022-06-02 13:28:00,292.5,1312.5,1605.0
2022-06-02 13:29:00,7.5,1417.5,1425.0
2022-06-02 13:30:00,-22.5,1466.25,1443.75
2022-06-02 13:31:00,120.0,1466.25,1586.25
2022-06-02 13:32:00,341.25,1372.5,1713.75
2022-06-02 13:33:00,172.5,1485.0,1657.5
2022-06-02 13:34:00,52.5,1533.75,1586.25
2022-06-02 13:35:00,-697.5,1717.5,1020.0
2022-06-02 13:36:00,-183.75,1605.0,1421.25
2022-06-02 13:37:00,67.5,1563.75,1631.25
2022-06-02 13:38:00,3.75,1586.25,1590.0
2022-06-02 13:39:00,-75.0,1638.75,1563.75
2022-06-02 13:40:00,-60.0,1653.75,1593.75
2022-06-02 13:41:00,-187.5,1683.75,1496.25
2022-06-02 13:42:00,-318.75,1710.0,1391.25
2022-06-02 13:43:00,-423.75,1732.5,1308.75
2022-06-02 13:44:00,-907.5,1766.25,858.75
2022-06-02 13:45:00,-1113.75,1811.25,697.5
2022-06-02 13:46:00,-1537.5,2025.0,487.5
2022-06-02 13:47:00,-1248.75,1878.75,630.0
2022-06-02 13:48:00,-1387.5,2062.5,675.0
2022-06-02 13:49:00,-1515.0,2238.75,723.75
2022-06-02 13:50:00,-1665.0,2441.25,776.25
2022-06-02 13:51:00,-1638.75,2415.0,776.25
2022-06-02 13:52:00,-1267.5,2235.0,967.5
2022-06-02 13:53:00,-907.5,2096.25,1188.75
2022-06-02 13:54:00,-423.75,1732.5,1308.75
2022-06-02 13:55:00,-697.5,1953.75,1256.25
2022-06-02 13:56:00,-1065.0,2377.5,1312.5
2022-06-02 13:57:00,-960.0,2268.75,1308.75
2022-06-02 13:58:00,-1016.25,2250.0,1233.75
2022-06-02 13:59:00,-1125.0,2332.5,1207.5
2022-06-02 14:00:00,-1102.5,2253.75,1151.25
2022-06-02 14:01:00,-930.0,2115.0,1185.0
2022-06-02 14:02:00,-1158.75,2291.25,1132.5
2022-06-02 14:03:00,-1031.25,2201.25,1170.0
2022-06-02 14:04:00,-1488.75,2730.0,1241.25
2022-06-02 14:05:00,-1841.25,3105.0,1263.75
2022-06-02 14:06:00,-1503.75,2951.25,1447.5
2022-06-02 14:07:00,-1155.0,2805.0,1650.0
2022-06-02 14:08:00,-1207.5,2767.5,1560.0
2022-06-02 14:09:00,-1095.0,2647.5,1552.5
2022-06-02 14:10:00,-1042.5,2602.5,1560.0
2022-06-02 14:11:00,-941.25,2606.25,1665.0
2022-06-02 14:12:00,-1076.25,2778.75,1702.5
2022-06-02 14:13:00,-787.5,2512.5,1725.0
2022-06-02 14:14:00,-1136.25,2831.25,1695.0
2022-06-02 14:15:00,-1552.5,3048.75,1496.25
2022-06-02 14:16:00,-1785.0,3236.25,1451.25
2022-06-02 14:17:00,-1728.75,3341.25,1612.5
2022-06-02 14:18:00,-1308.75,3221.25,1912.5
2022-06-02 14:19:00,-1507.5,3247.5,1740.0
2022-06-02 14:20:00,-1395.0,3277.5,1882.5
2022-06-02 14:21:00,-1275.0,3135.0,1860.0
2022-06-02 14:22:00,-1016.25,2973.75,1957.5
2022-06-02 14:23:00,-1170.0,3075.0,1905.0
2022-06-02 14:24:00,-1248.75,3120.0,1871.25
2022-06-02 14:25:00,-1102.5,3052.5,1950.0
2022-06-02 14:26:00,-915.0,2928.75,2013.75
2022-06-02 14:27:00,-911.25,2992.5,2081.25
2022-06-02 14:28:00,-986.25,3041.25,2055.0
2022-06-02 14:29:00,-633.75,2816.25,2182.5
2022-06-02 14:30:00,-547.5,2827.5,2280.0
2022-06-02 14:31:00,-708.75,2951.25,2242.5
2022-06-02 14:32:00,-836.25,3281.25,2445.0
2022-06-02 14:33:00,-791.25,3232.5,2441.25
2022-06-02 14:34:00,-375.0,2970.0,2595.0
2022-06-02 14:35:00,-457.5,3011.25,2553.75
2022-06-02 14:36:00,-573.75,3183.75,2610.0
2022-06-02 14:37:00,-900.0,3416.25,2516.25
2022-06-02 14:38:00,-1297.5,3697.5,2400.0
2022-06-02 14:39:00,-1271.25,3562.5,2291.25
2022-06-02 14:40:00,-1353.75,3656.25,2302.5
2022-06-02 14:41:00,-1278.75,3678.75,2400.0
2022-06-02 14:42:00,-1053.75,3570.0,2516.25
2022-06-02 14:43:00,-956.25,3555.0,2598.75
2022-06-02 14:44:00,-802.5,3536.25,2733.75
2022-06-02 14:45:00,-581.25,3446.25,2865.0
2022-06-02 14:46:00,-802.5,3641.25,2838.75
2022-06-02 14:47:00,-806.25,3791.25,2985.0
2022-06-02 14:48:00,-840.0,3742.5,2902.5
2022-06-02 14:49:00,-705.0,3652.5,2947.5
2022-06-02 14:50:00,-757.5,3705.0,2947.5
2022-06-02 14:51:00,-783.75,3761.25,2977.5
2022-06-02 14:52:00,-851.25,3825.0,2973.75
2022-06-02 14:53:00,-768.75,3840.0,3071.25
2022-06-02 14:54:00,-626.25,3828.75,3202.5
2022-06-02 14:55:00,-821.25,4012.5,3191.25
2022-06-02 14:56:00,-1732.5,4256.25,2523.75
2022-06-02 14:57:00,-1927.5,4282.5,2355.0
2022-06-02 14:58:00,-1785.0,4320.0,2535.0
2022-06-02 14:59:00,-1117.5,4230.0,3112.5
2022-06-02 15:00:00,-1166.25,4248.75,3082.5
2022-06-02 15:01:00,-187.5,4038.75,3851.25
2022-06-02 15:02:00,847.5,3675.0,4522.5
2022-06-02 15:03:00,678.75,3948.75,4627.5
2022-06-02 15:04:00,877.5,3761.25,4638.75
2022-06-02 15:05:00,573.75,4080.0,4653.75
2022-06-02 15:06:00,562.5,4173.75,4736.25
2022-06-02 15:07:00,547.5,4275.0,4822.5
2022-06-02 15:08:00,-120.0,4432.5,4312.5
2022-06-02 15:09:00,150.0,4455.0,4605.0
2022-06-02 15:10:00,472.5,4455.0,4927.5
2022-06-02 15:11:00,3.75,4511.25,4515.0
2022-06-02 15:12:00,-476.25,4578.75,4102.5
2022-06-02 15:13:00,-543.75,4590.0,4046.25
2022-06-02 15:14:00,-333.75,4601.25,4267.5
2022-06-02 15:15:00,-348.75,4605.0,4256.25
2022-06-02 15:16:00,-585.0,4616.25,4031.25
2022-06-02 15:17:00,-592.5,4623.75,4031.25
2022-06-02 15:18:00,-375.0,4623.75,4248.75
2022-06-02 15:19:00,-213.75,4623.75,4410.0
2022-06-02 15:20:00,-416.25,4620.0,4203.75
2022-06-02 15:21:00,-416.25,4620.0,4203.75
2022-06-02 15:22:00,-416.25,4620.0,4203.75
2022-06-02 15:23:00,-416.25,4620.0,4203.75
2022-06-02 15:24:00,-416.25,4620.0,4203.75
2022-06-02 15:25:00,-416.25,4620.0,4203.75
2022-06-02 15:26:00,-416.25,4620.0,4203.75
2022-06-02 15:27:00,-416.25,4620.0,4203.75
2022-06-02 15:28:00,-416.25,4620.0,4203.75
2022-06-02 15:29:00,-416.25,4620.0,4203.75
2022-06-02 15:30:00,-416.25,4620.0,4203.75
2022-06-09 10:15:00,0.0,0.0,0.0
2022-06-09 10:16:00,112.5,-30.0,82.5
2022-06-09 10:17:00,-251.25,191.25,-60.0
2022-06-09 10:18:00,-446.25,363.75,-82.5
2022-06-09 10:19:00,-352.5,281.25,-71.25
2022-06-09 10:20:00,-423.75,341.25,-82.5
2022-06-09 10:21:00,-667.5,528.75,-138.75
2022-06-09 10:22:00,-1230.0,930.0,-300.0
2022-06-09 10:23:00,-1038.75,873.75,-165.0
2022-06-09 10:24:00,-1451.25,941.25,-510.0
2022-06-09 10:25:00,-1143.75,806.25,-337.5
2022-06-09 10:26:00,-1571.25,975.0,-596.25
2022-06-09 10:27:00,-1293.75,885.0,-408.75
2022-06-09 10:28:00,-1282.5,900.0,-382.5
2022-06-09 10:29:00,-1406.25,911.25,-495.0
2022-06-09 10:30:00,-1762.5,1023.75,-738.75
2022-06-09 10:31:00,-1627.5,911.25,-716.25
2022-06-09 10:32:00,-1575.0,922.5,-652.5
2022-06-09 10:33:00,-1436.25,686.25,-750.0
2022-06-09 10:34:00,-1421.25,742.5,-678.75
2022-06-09 10:35:00,-1616.25,986.25,-630.0
2022-06-09 10:36:00,-1680.0,1091.25,-588.75
2022-06-09 10:37:00,-1657.5,1076.25,-581.25
2022-06-09 10:38:00,-1616.25,990.0,-626.25
2022-06-09 10:39:00,-1642.5,1102.5,-540.0
2022-06-09 10:40:00,-1807.5,1395.0,-412.5
2022-06-09 10:41:00,-1605.0,1113.75,-491.25
2022-06-09 10:42:00,-1642.5,1233.75,-408.75
2022-06-09 10:43:00,-1683.75,1338.75,-345.0
2022-06-09 10:44:00,-1826.25,1410.0,-416.25
2022-06-09 10:45:00,-1998.75,1672.5,-326.25
2022-06-09 10:46:00,-1642.5,1451.25,-191.25
2022-06-09 10:47:00,-1402.5,1162.5,-240.0
2022-06-09 10:48:00,-1263.75,1008.75,-255.0
2022-06-09 10:49:00,-1293.75,1061.25,-232.5
2022-06-09 10:50:00,-1320.0,1110.0,-210.0
2022-06-09 10:51:00,-1443.75,1338.75,-105.0
2022-06-09 10:52:00,-1593.75,1470.0,-123.75
2022-06-09 10:53:00,-1248.75,1136.25,-112.5
2022-06-09 10:54:00,-1125.0,885.0,-240.0
2022-06-09 10:55:00,-1320.0,1151.25,-168.75
2022-06-09 10:56:00,-1511.25,1342.5,-168.75
2022-06-09 10:57:00,-1485.0,1260.0,-225.0
2022-06-09 10:58:00,-1661.25,1500.0,-161.25
2022-06-09 10:59:00,-1773.75,1593.75,-180.0
2022-06-09 11:00:00,-2021.25,1998.75,-22.5
2022-06-09 11:01:00,-2568.75,2527.5,-41.25
2022-06-09 11:02:00,-2182.5,2250.0,67.5
2022-06-09 11:03:00,-2043.75,2085.0,41.25
2022-06-09 11:04:00,-1893.75,1942.5,48.75
2022-06-09 11:05:00,-1841.25,1882.5,41.25
2022-06-09 11:06:00,-1710.0,1732.5,22.5
2022-06-09 11:07:00,-2002.5,1976.25,-26.25
2022-06-09 11:08:00,-1920.0,1897.5,-22.5
2022-06-09 11:09:00,-1860.0,1773.75,-86.25
2022-06-09 11:10:00,-1515.0,1522.5,7.5
2022-06-09 11:11:00,-1563.75,1616.25,52.5
2022-06-09 11:12:00,-1316.25,1425.0,108.75
2022-06-09 11:13:00,-1136.25,1226.25,90.0
2022-06-09 11:14:00,-1297.5,1477.5,180.0
2022-06-09 11:15:00,-1271.25,1372.5,101.25
2022-06-09 11:16:00,-1162.5,1196.25,33.75
2022-06-09 11:17:00,-1203.75,1327.5,123.75
2022-06-09 11:18:00,-693.75,791.25,97.5
2022-06-09 11:19:00,-997.5,1192.5,195.0
2022-06-09 11:20:00,-1211.25,1522.5,311.25
2022-06-09 11:21:00,-1151.25,1387.5,236.25
2022-06-09 11:22:00,-1087.5,1271.25,183.75
2022-06-09 11:23:00,-1106.25,1398.75,292.5
2022-06-09 11:24:00,-948.75,1125.0,176.25
2022-06-09 11:25:00,-660.0,750.0,90.0
2022-06-09 11:26:00,-525.0,528.75,3.75
2022-06-09 11:27:00,-483.75,461.25,-22.5
2022-06-09 11:28:00,-686.25,933.75,247.5
2022-06-09 11:29:00,-701.25,903.75,202.5
2022-06-09 11:30:00,-453.75,551.25,97.5
2022-06-09 11:31:00,-656.25,810.0,153.75
2022-06-09 11:32:00,-360.0,386.25,26.25
2022-06-09 11:33:00,-273.75,251.25,-22.5
2022-06-09 11:34:00,-386.25,408.75,22.5
2022-06-09 11:35:00,-536.25,611.25,75.0
2022-06-09 11:36:00,-731.25,948.75,217.5
2022-06-09 11:37:00,-986.25,1372.5,386.25
2022-06-09 11:38:00,-510.0,720.0,210.0
2022-06-09 11:39:00,-798.75,1005.0,206.25
2022-06-09 11:40:00,-1068.75,1380.0,311.25
2022-06-09 11:41:00,-810.0,1125.0,315.0
2022-06-09 11:42:00,-806.25,1106.25,300.0
2022-06-09 11:43:00,-888.75,1162.5,273.75
2022-06-09 11:44:00,-855.0,1125.0,270.0
2022-06-09 11:45:00,-941.25,1323.75,382.5
2022-06-09 11:46:00,-851.25,1185.0,333.75
2022-06-09 11:47:00,-843.75,1188.75,345.0
2022-06-09 11:48:00,-780.0,1113.75,333.75
2022-06-09 11:49:00,-716.25,1042.5,326.25
2022-06-09 11:50:00,-600.0,862.5,262.5
2022-06-09 11:51:00,-652.5,937.5,285.0
2022-06-09 11:52:00,-753.75,1095.0,341.25
2022-06-09 11:53:00,-765.0,1050.0,285.0
2022-06-09 11:54:00,-701.25,963.75,262.5
2022-06-09 11:55:00,-521.25,787.5,266.25
2022-06-09 11:56:00,-465.0,708.75,243.75
2022-06-09 11:57:00,-480.0,731.25,251.25
2022-06-09 11:58:00,-311.25,566.25,255.0
2022-06-09 11:59:00,-615.0,1031.25,416.25
2022-06-09 12:00:00,-611.25,1050.0,438.75
2022-06-09 12:01:00,-817.5,1245.0,427.5
2022-06-09 12:02:00,-618.75,997.5,378.75
2022-06-09 12:03:00,-742.5,1121.25,378.75
2022-06-09 12:04:00,-735.0,1260.0,525.0
2022-06-09 12:05:00,-678.75,1185.0,506.25
2022-06-09 12:06:00,-832.5,1361.25,528.75
2022-06-09 12:07:00,-941.25,1571.25,630.0
2022-06-09 12:08:00,-948.75,1605.0,656.25
2022-06-09 12:09:00,-1252.5,1995.0,742.5
2022-06-09 12:10:00,-1301.25,1953.75,652.5
2022-06-09 12:11:00,-1271.25,1893.75,622.5
2022-06-09 12:12:00,-1290.0,1965.0,675.0
2022-06-09 12:13:00,-1331.25,2017.5,686.25
2022-06-09 12:14:00,-1541.25,2227.5,686.25
2022-06-09 12:15:00,-1466.25,2253.75,787.5
2022-06-09 12:16:00,-1188.75,1935.0,746.25
2022-06-09 12:17:00,-1308.75,2013.75,705.0
2022-06-09 12:18:00,-1413.75,2167.5,753.75
2022-06-09 12:19:00,-1361.25,2122.5,761.25
2022-06-09 12:20:00,-1218.75,1968.75,750.0
2022-06-09 12:21:00,-1316.25,2066.25,750.0
2022-06-09 12:22:00,-1162.5,1987.5,825.0
2022-06-09 12:23:00,-1312.5,2081.25,768.75
2022-06-09 12:24:00,-1387.5,2205.0,817.5
2022-06-09 12:25:00,-1582.5,2328.75,746.25
2022-06-09 12:26:00,-1751.25,2568.75,817.5
2022-06-09 12:27:00,-1792.5,2610.0,817.5
2022-06-09 12:28:00,-1863.75,2812.5,948.75
2022-06-09 12:29:00,-2021.25,2958.75,937.5
2022-06-09 12:30:00,-1830.0,2842.5,1012.5
2022-06-09 12:31:00,-1695.0,2715.0,1020.0
2022-06-09 12:32:00,-1770.0,2681.25,911.25
2022-06-09 12:33:00,-2010.0,2865.0,855.0
2022-06-09 12:34:00,-2205.0,2973.75,768.75
2022-06-09 12:35:00,-2493.75,3033.75,540.0
2022-06-09 12:36:00,-3465.0,3375.0,-90.0
2022-06-09 12:37:00,-3521.25,3341.25,-180.0
2022-06-09 12:38:00,-4080.0,3536.25,-543.75
2022-06-09 12:39:00,-3600.0,3360.0,-240.0
2022-06-09 12:40:00,-3870.0,3461.25,-408.75
2022-06-09 12:41:00,-3757.5,3393.75,-363.75
2022-06-09 12:42:00,-3555.0,3270.0,-285.0
2022-06-09 12:43:00,-3648.75,3213.75,-435.0
2022-06-09 12:44:00,-3656.25,3266.25,-390.0
2022-06-09 12:45:00,-3630.0,3243.75,-386.25
2022-06-09 12:46:00,-3547.5,3135.0,-412.5
2022-06-09 12:47:00,-3566.25,3078.75,-487.5
2022-06-09 12:48:00,-3450.0,2955.0,-495.0
2022-06-09 12:49:00,-3270.0,2692.5,-577.5
2022-06-09 12:50:00,-3225.0,2775.0,-450.0
2022-06-09 12:51:00,-3105.0,2572.5,-532.5
2022-06-09 12:52:00,-3067.5,2366.25,-701.25
2022-06-09 12:53:00,-3090.0,2407.5,-682.5
2022-06-09 12:54:00,-3123.75,2512.5,-611.25
2022-06-09 12:55:00,-3090.0,2415.0,-675.0
2022-06-09 12:56:00,-3120.0,2538.75,-581.25
2022-06-09 12:57:00,-3172.5,2808.75,-363.75
2022-06-09 12:58:00,-3131.25,2550.0,-581.25
2022-06-09 12:59:00,-3131.25,2565.0,-566.25
2022-06-09 13:00:00,-3120.0,2640.0,-480.0
2022-06-09 13:01:00,-3101.25,2583.75,-517.5
2022-06-09 13:02:00,-2921.25,1743.75,-1177.5
2022-06-09 13:03:00,-2913.75,1608.75,-1305.0
2022-06-09 13:04:00,-2895.0,1286.25,-1608.75
2022-06-09 13:05:00,-2887.5,1106.25,-1781.25
2022-06-09 13:06:00,-2898.75,1522.5,-1376.25
2022-06-09 13:07:00,-2921.25,1893.75,-1027.5
2022-06-09 13:08:00,-2850.0,1023.75,-1826.25
2022-06-09 13:09:00,-2868.75,1368.75,-1500.0
2022-06-09 13:10:00,-2876.25,1792.5,-1083.75
2022-06-09 13:11:00,-2895.0,1927.5,-967.5
2022-06-09 13:12:00,-2906.25,2051.25,-855.0
2022-06-09 13:13:00,-2913.75,2028.75,-885.0
2022-06-09 13:14:00,-2872.5,1548.75,-1323.75
2022-06-09 13:15:00,-2898.75,1920.0,-978.75
2022-06-09 13:16:00,-2883.75,2002.5,-881.25
2022-06-09 13:17:00,-2898.75,2448.75,-450.0
2022-06-09 13:18:00,-2913.75,2471.25,-442.5
2022-06-09 13:19:00,-2913.75,2396.25,-517.5
2022-06-09 13:20:00,-2891.25,2276.25,-615.0
2022-06-09 13:21:00,-2902.5,2441.25,-461.25
2022-06-09 13:22:00,-2902.5,2508.75,-393.75
2022-06-09 13:23:00,-2925.0,2842.5,-82.5
2022-06-09 13:24:00,-2936.25,2887.5,-48.75
2022-06-09 13:25:00,-2902.5,2681.25,-221.25
2022-06-09 13:26:00,-2898.75,2621.25,-277.5
2022-06-09 13:27:00,-2868.75,2445.0,-423.75
2022-06-09 13:28:00,-2880.0,2613.75,-266.25
2022-06-09 13:29:00,-2906.25,3123.75,217.5
2022-06-09 13:30:00,-2887.5,3030.0,142.5
2022-06-09 13:31:00,-2861.25,2730.0,-131.25
2022-06-09 13:32:00,-2883.75,3093.75,210.0
2022-06-09 13:33:00,-2887.5,3015.0,127.5
2022-06-09 13:34:00,-2865.0,2790.0,-75.0
2022-06-09 13:35:00,-2876.25,2913.75,37.5
2022-06-09 13:36:00,-2842.5,2733.75,-108.75
2022-06-09 13:37:00,-2793.75,2426.25,-367.5
2022-06-09 13:38:00,-2782.5,2340.0,-442.5
2022-06-09 13:39:00,-2801.25,2613.75,-187.5
2022-06-09 13:40:00,-2812.5,2797.5,-15.0
2022-06-09 13:41:00,-2808.75,2895.0,86.25
2022-06-09 13:42:00,-2842.5,3213.75,371.25
2022-06-09 13:43:00,-2805.0,2947.5,142.5
2022-06-09 13:44:00,-2797.5,2805.0,7.5
2022-06-09 13:45:00,-2816.25,3056.25,240.0
2022-06-09 13:46:00,-2793.75,2992.5,198.75
2022-06-09 13:47:00,-2812.5,3131.25,318.75
2022-06-09 13:48:00,-2820.0,3210.0,390.0
2022-06-09 13:49:00,-2876.25,3555.0,678.75
2022-06-09 13:50:00,-2846.25,3506.25,660.0
2022-06-09 13:51:00,-2857.5,3558.75,701.25
2022-06-09 13:52:00,-2816.25,3262.5,446.25
2022-06-09 13:53:00,-2812.5,3240.0,427.5
2022-06-09 13:54:00,-2805.0,3277.5,472.5
2022-06-09 13:55:00,-2805.0,3333.75,528.75
2022-06-09 13:56:00,-2812.5,3461.25,648.75
2022-06-09 13:57:00,-2801.25,3412.5,611.25
2022-06-09 13:58:00,-2797.5,3363.75,566.25
2022-06-09 13:59:00,-2782.5,3390.0,607.5
2022-06-09 14:00:00,-2797.5,3701.25,903.75
2022-06-09 14:01:00,-2838.75,3978.75,1140.0
2022-06-09 14:02:00,-2846.25,3892.5,1046.25
2022-06-09 14:03:00,-2801.25,3708.75,907.5
2022-06-09 14:04:00,-2775.0,3528.75,753.75
2022-06-09 14:05:00,-2790.0,3648.75,858.75
2022-06-09 14:06:00,-2790.0,3660.0,870.0
2022-06-09 14:07:00,-2835.0,3975.0,1140.0
2022-06-09 14:08:00,-2872.5,4095.0,1222.5
2022-06-09 14:09:00,-2846.25,4012.5,1166.25
2022-06-09 14:10:00,-2857.5,4016.25,1158.75
2022-06-09 14:11:00,-2962.5,4245.0,1282.5
2022-06-09 14:12:00,-2928.75,4241.25,1312.5
2022-06-09 14:13:00,-2880.0,4196.25,1316.25
2022-06-09 14:14:00,-2876.25,4132.5,1256.25
2022-06-09 14:15:00,-2823.75,4076.25,1252.5
2022-06-09 14:16:00,-2823.75,3911.25,1087.5
2022-06-09 14:17:00,-2808.75,3828.75,1020.0
2022-06-09 14:18:00,-2816.25,4053.75,1237.5
2022-06-09 14:19:00,-2823.75,4042.5,1218.75
2022-06-09 14:20:00,-2872.5,4233.75,1361.25
2022-06-09 14:21:00,-2943.75,4323.75,1380.0
2022-06-09 14:22:00,-2902.5,4275.0,1372.5
2022-06-09 14:23:00,-2932.5,4290.0,1357.5
2022-06-09 14:24:00,-2906.25,4256.25,1350.0
2022-06-09 14:25:00,-2876.25,4301.25,1425.0
2022-06-09 14:26:00,-2910.0,4338.75,1428.75
2022-06-09 14:27:00,-3086.25,4481.25,1395.0
2022-06-09 14:28:00,-3202.5,4586.25,1383.75
2022-06-09 14:29:00,-3078.75,4575.0,1496.25
2022-06-09 14:30:00,-3075.0,4593.75,1518.75
2022-06-09 14:31:00,-3018.75,4578.75,1560.0
2022-06-09 14:32:00,-3153.75,4661.25,1507.5
2022-06-09 14:33:00,-3056.25,4650.0,1593.75
2022-06-09 14:34:00,-3108.75,4657.5,1548.75
2022-06-09 14:35:00,-3071.25,4642.5,1571.25
2022-06-09 14:36:00,-3071.25,4612.5,1541.25
2022-06-09 14:37:00,-2925.0,4567.5,1642.5
2022-06-09 14:38:00,-2955.0,4597.5,1642.5
2022-06-09 14:39:00,-3161.25,4683.75,1522.5
2022-06-09 14:40:00,-3225.0,4751.25,1526.25
2022-06-09 14:41:00,-3386.25,4755.0,1368.75
2022-06-09 14:42:00,-3311.25,4755.0,1443.75
2022-06-09 14:43:00,-3288.75,4785.0,1496.25
2022-06-09 14:44:00,-3378.75,4811.25,1432.5
2022-06-09 14:45:00,-3453.75,4803.75,1350.0
2022-06-09 14:46:00,-3555.0,4811.25,1256.25
2022-06-09 14:47:00,-3243.75,4826.25,1582.5
2022-06-09 14:48:00,-3153.75,4826.25,1672.5
2022-06-09 14:49:00,-3348.75,4856.25,1507.5
2022-06-09 14:50:00,-3315.0,4863.75,1548.75
2022-06-09 14:51:00,-3397.5,4867.5,1470.0
2022-06-09 14:52:00,-3465.0,4871.25,1406.25
2022-06-09 14:53:00,-3742.5,4878.75,1136.25
2022-06-09 14:54:00,-3502.5,4871.25,1368.75
2022-06-09 14:55:00,-3671.25,4871.25,1200.0
2022-06-09 14:56:00,-3750.0,4875.0,1125.0
2022-06-09 14:57:00,-4106.25,4871.25,765.0
2022-06-09 14:58:00,-3791.25,4878.75,1087.5
2022-06-09 14:59:00,-3731.25,4875.0,1143.75
2022-06-09 15:00:00,-3438.75,4867.5,1428.75
2022-06-09 15:01:00,-3877.5,4875.0,997.5
2022-06-09 15:02:00,-3697.5,4890.0,1192.5
2022-06-09 15:03:00,-4057.5,4893.75,836.25
2022-06-09 15:04:00,-4031.25,4897.5,866.25
2022-06-09 15:05:00,-4293.75,4897.5,603.75
2022-06-09 15:06:00,-4173.75,4893.75,720.0
2022-06-09 15:07:00,-3836.25,4901.25,1065.0
2022-06-09 15:08:00,-3570.0,4901.25,1331.25
2022-06-09 15:09:00,-4016.25,4905.0,888.75
2022-06-09 15:10:00,-4432.5,4905.0,472.5
2022-06-09 15:11:00,-4091.25,4912.5,821.25
2022-06-09 15:12:00,-4102.5,4908.75,806.25
2022-06-09 15:13:00,-4203.75,4912.5,708.75
2022-06-09 15:14:00,-4117.5,4923.75,806.25
2022-06-09 15:15:00,-4286.25,4923.75,637.5
2022-06-09 15:16:00,-4548.75,4916.25,367.5
2022-06-09 15:17:00,-4320.0,4923.75,603.75
2022-06-09 15:18:00,-4263.75,4927.5,663.75
2022-06-09 15:19:00,-4492.5,4923.75,431.25
2022-06-09 15:20:00,-4425.0,4923.75,498.75
2022-06-09 15:21:00,-4425.0,4923.75,498.75
2022-06-09 15:22:00,-4425.0,4923.75,498.75
2022-06-09 15:23:00,-4425.0,4923.75,498.75
2022-06-09 15:24:00,-4425.0,4923.75,498.75
2022-06-09 15:25:00,-4425.0,4923.75,498.75
2022-06-09 15:26:00,-4425.0,4923.75,498.75
2022-06-09 15:27:00,-4425.0,4923.75,498.75
2022-06-09 15:28:00,-4425.0,4923.75,498.75
2022-06-09 15:29:00,-4425.0,4923.75,498.75
2022-06-09 15:30:00,-4425.0,4923.75,498.75
2022-06-16 10:15:00,0.0,0.0,0.0
2022-06-16 10:16:00,-67.5,-26.25,-93.75
2022-06-16 10:17:00,45.0,-195.0,-150.0
2022-06-16 10:18:00,165.0,-386.25,-221.25
2022-06-16 10:19:00,165.0,-303.75,-138.75
2022-06-16 10:20:00,150.0,-165.0,-15.0
2022-06-16 10:21:00,135.0,-183.75,-48.75
2022-06-16 10:22:00,225.0,-315.0,-90.0
2022-06-16 10:23:00,333.75,-446.25,-112.5
2022-06-16 10:24:00,420.0,-735.0,-315.0
2022-06-16 10:25:00,382.5,-656.25,-273.75
2022-06-16 10:26:00,397.5,-686.25,-288.75
2022-06-16 10:27:00,307.5,-450.0,-142.5
2022-06-16 10:28:00,371.25,-701.25,-330.0
2022-06-16 10:29:00,348.75,-645.0,-296.25
2022-06-16 10:30:00,416.25,-727.5,-311.25
2022-06-16 10:31:00,525.0,-948.75,-423.75
2022-06-16 10:32:00,483.75,-903.75,-420.0
2022-06-16 10:33:00,506.25,-945.0,-438.75
2022-06-16 10:34:00,356.25,-626.25,-270.0
2022-06-16 10:35:00,285.0,-461.25,-176.25
2022-06-16 10:36:00,165.0,-26.25,138.75
2022-06-16 10:37:00,221.25,-206.25,15.0
2022-06-16 10:38:00,300.0,-457.5,-157.5
2022-06-16 10:39:00,435.0,-753.75,-318.75
2022-06-16 10:40:00,408.75,-720.0,-311.25
2022-06-16 10:41:00,371.25,-573.75,-202.5
2022-06-16 10:42:00,360.0,-645.0,-285.0
2022-06-16 10:43:00,540.0,-956.25,-416.25
2022-06-16 10:44:00,577.5,-1207.5,-630.0
2022-06-16 10:45:00,663.75,-1196.25,-532.5
2022-06-16 10:46:00,626.25,-1406.25,-780.0
2022-06-16 10:47:00,536.25,-1068.75,-532.5
2022-06-16 10:48:00,536.25,-1095.0,-558.75
2022-06-16 10:49:00,588.75,-1305.0,-716.25
2022-06-16 10:50:00,626.25,-1278.75,-652.5
2022-06-16 10:51:00,528.75,-926.25,-397.5
2022-06-16 10:52:00,476.25,-825.0,-348.75
2022-06-16 10:53:00,555.0,-1147.5,-592.5
2022-06-16 10:54:00,513.75,-1005.0,-491.25
2022-06-16 10:55:00,517.5,-896.25,-378.75
2022-06-16 10:56:00,472.5,-813.75,-341.25
2022-06-16 10:57:00,435.0,-738.75,-303.75
2022-06-16 10:58:00,345.0,-438.75,-93.75
2022-06-16 10:59:00,446.25,-701.25,-255.0
2022-06-16 11:00:00,532.5,-862.5,-330.0
2022-06-16 11:01:00,412.5,-671.25,-258.75
2022-06-16 11:02:00,476.25,-851.25,-375.0
2022-06-16 11:03:00,581.25,-1113.75,-532.5
2022-06-16 11:04:00,532.5,-990.0,-457.5
2022-06-16 11:05:00,592.5,-1151.25,-558.75
2022-06-16 11:06:00,637.5,-1241.25,-603.75
2022-06-16 11:07:00,693.75,-1443.75,-750.0
2022-06-16 11:08:00,720.0,-1751.25,-1031.25
2022-06-16 11:09:00,742.5,-1901.25,-1158.75
2022-06-16 11:10:00,757.5,-2141.25,-1383.75
2022-06-16 11:11:00,690.0,-1965.0,-1275.0
2022-06-16 11:12:00,510.0,-1638.75,-1128.75
2022-06-16 11:13:00,521.25,-1661.25,-1140.0
2022-06-16 11:14:00,783.75,-2006.25,-1222.5
2022-06-16 11:15:00,746.25,-1976.25,-1230.0
2022-06-16 11:16:00,975.0,-2295.0,-1320.0
2022-06-16 11:17:00,1050.0,-2445.0,-1395.0
2022-06-16 11:18:00,1275.0,-3067.5,-1792.5
2022-06-16 11:19:00,1391.25,-3731.25,-2340.0
2022-06-16 11:20:00,1391.25,-4245.0,-2853.75
2022-06-16 11:21:00,1856.25,-5280.0,-3423.75
2022-06-16 11:22:00,2002.5,-5647.5,-3645.0
2022-06-16 11:23:00,2040.0,-5643.75,-3603.75
2022-06-16 11:24:00,2047.5,-5767.5,-3720.0
2022-06-16 11:25:00,1980.0,-5415.0,-3435.0
2022-06-16 11:26:00,1732.5,-4878.75,-3146.25
2022-06-16 11:27:00,1803.75,-5013.75,-3210.0
2022-06-16 11:28:00,1717.5,-4721.25,-3003.75
2022-06-16 11:29:00,2456.25,-5595.0,-3138.75
2022-06-16 11:30:00,2595.0,-5497.5,-2902.5
2022-06-16 11:31:00,2336.25,-4871.25,-2535.0
2022-06-16 11:32:00,1957.5,-4530.0,-2572.5
2022-06-16 11:33:00,1998.75,-4560.0,-2561.25
2022-06-16 11:34:00,1672.5,-4072.5,-2400.0
2022-06-16 11:35:00,1796.25,-4278.75,-2482.5
2022-06-16 11:36:00,1462.5,-3997.5,-2535.0
2022-06-16 11:37:00,1916.25,-4417.5,-2501.25
2022-06-16 11:38:00,2351.25,-4777.5,-2426.25
2022-06-16 11:39:00,2392.5,-4878.75,-2486.25
2022-06-16 11:40:00,2325.0,-4770.0,-2445.0
2022-06-16 11:41:00,3138.75,-5812.5,-2673.75
2022-06-16 11:42:00,3442.5,-6063.75,-2621.25
2022-06-16 11:43:00,3787.5,-6476.25,-2688.75
2022-06-16 11:44:00,3337.5,-5677.5,-2340.0
2022-06-16 11:45:00,3292.5,-5640.0,-2347.5
2022-06-16 11:46:00,3015.0,-5426.25,-2411.25
2022-06-16 11:47:00,3120.0,-5677.5,-2557.5
2022-06-16 11:48:00,3637.5,-6352.5,-2715.0
2022-06-16 11:49:00,4005.0,-6997.5,-2992.5
2022-06-16 11:50:00,3937.5,-6866.25,-2928.75
2022-06-16 11:51:00,4110.0,-7050.0,-2940.0
2022-06-16 11:52:00,3701.25,-6540.0,-2838.75
2022-06-16 11:53:00,3877.5,-6671.25,-2793.75
2022-06-16 11:54:00,3963.75,-6768.75,-2805.0
2022-06-16 11:55:00,3772.5,-6506.25,-2733.75
2022-06-16 11:56:00,3611.25,-6465.0,-2853.75
2022-06-16 11:57:00,3772.5,-6663.75,-2891.25
2022-06-16 11:58:00,3558.75,-6390.0,-2831.25
2022-06-16 11:59:00,3596.25,-6555.0,-2958.75
2022-06-16 12:00:00,3731.25,-6678.75,-2947.5
2022-06-16 12:01:00,3768.75,-6660.0,-2891.25
2022-06-16 12:02:00,4207.5,-7143.75,-2936.25
2022-06-16 12:03:00,4552.5,-7331.25,-2778.75
2022-06-16 12:04:00,4571.25,-7766.25,-3195.0
2022-06-16 12:05:00,4732.5,-7848.75,-3116.25
2022-06-16 12:06:00,4807.5,-7683.75,-2876.25
2022-06-16 12:07:00,4788.75,-7728.75,-2940.0
2022-06-16 12:08:00,4923.75,-8426.25,-3502.5
2022-06-16 12:09:00,5051.25,-8497.5,-3446.25
2022-06-16 12:10:00,5081.25,-8996.25,-3915.0
2022-06-16 12:11:00,4908.75,-8512.5,-3603.75
2022-06-16 12:12:00,4871.25,-8366.25,-3495.0
2022-06-16 12:13:00,4668.75,-7976.25,-3307.5
2022-06-16 12:14:00,4740.0,-8145.0,-3405.0
2022-06-16 12:15:00,4530.0,-7676.25,-3146.25
2022-06-16 12:16:00,4065.0,-6858.75,-2793.75
2022-06-16 12:17:00,3746.25,-6378.75,-2632.5
2022-06-16 12:18:00,4016.25,-6667.5,-2651.25
2022-06-16 12:19:00,3918.75,-6483.75,-2565.0
2022-06-16 12:20:00,4353.75,-6926.25,-2572.5
2022-06-16 12:21:00,4496.25,-7188.75,-2692.5
2022-06-16 12:22:00,4601.25,-7541.25,-2940.0
2022-06-16 12:23:00,4496.25,-7548.75,-3052.5
2022-06-16 12:24:00,4612.5,-7680.0,-3067.5
2022-06-16 12:25:00,4541.25,-7608.75,-3067.5
2022-06-16 12:26:00,4695.0,-7860.0,-3165.0
2022-06-16 12:27:00,4736.25,-7980.0,-3243.75
2022-06-16 12:28:00,4920.0,-8272.5,-3352.5
2022-06-16 12:29:00,4976.25,-8366.25,-3390.0
2022-06-16 12:30:00,4803.75,-8103.75,-3300.0
2022-06-16 12:31:00,4807.5,-8115.0,-3307.5
2022-06-16 12:32:00,4665.0,-7646.25,-2981.25
2022-06-16 12:33:00,4466.25,-7147.5,-2681.25
2022-06-16 12:34:00,4815.0,-7751.25,-2936.25
2022-06-16 12:35:00,4623.75,-7500.0,-2876.25
2022-06-16 12:36:00,4563.75,-7342.5,-2778.75
2022-06-16 12:37:00,4552.5,-7230.0,-2677.5
2022-06-16 12:38:00,4443.75,-7012.5,-2568.75
2022-06-16 12:39:00,4646.25,-7402.5,-2756.25
2022-06-16 12:40:00,4713.75,-7402.5,-2688.75
2022-06-16 12:41:00,5036.25,-7811.25,-2775.0
2022-06-16 12:42:00,5388.75,-8208.75,-2820.0
2022-06-16 12:43:00,5655.0,-8880.0,-3225.0
2022-06-16 12:44:00,5722.5,-9056.25,-3333.75
2022-06-16 12:45:00,5587.5,-8490.0,-2902.5
2022-06-16 12:46:00,5670.0,-8917.5,-3247.5
2022-06-16 12:47:00,5737.5,-9438.75,-3701.25
2022-06-16 12:48:00,5730.0,-8966.25,-3236.25
2022-06-16 12:49:00,5767.5,-9356.25,-3588.75
2022-06-16 12:50:00,5805.0,-9285.0,-3480.0
2022-06-16 12:51:00,5748.75,-9105.0,-3356.25
2022-06-16 12:52:00,5812.5,-9510.0,-3697.5
2022-06-16 12:53:00,5865.0,-10031.25,-4166.25
2022-06-16 12:54:00,5778.75,-9671.25,-3892.5
2022-06-16 12:55:00,5850.0,-10031.25,-4181.25
2022-06-16 12:56:00,5880.0,-10376.25,-4496.25
2022-06-16 12:57:00,5876.25,-10436.25,-4560.0
2022-06-16 12:58:00,5718.75,-9442.5,-3723.75
2022-06-16 12:59:00,5658.75,-8681.25,-3022.5
2022-06-16 13:00:00,5737.5,-8992.5,-3255.0
2022-06-16 13:01:00,5936.25,-9881.25,-3945.0
2022-06-16 13:02:00,5936.25,-10076.25,-4140.0
2022-06-16 13:03:00,6135.0,-10965.0,-4830.0
2022-06-16 13:04:00,6127.5,-11595.0,-5467.5
2022-06-16 13:05:00,6142.5,-11850.0,-5707.5
2022-06-16 13:06:00,6120.0,-11842.5,-5722.5
2022-06-16 13:07:00,6138.75,-12018.75,-5880.0
2022-06-16 13:08:00,6240.0,-11988.75,-5748.75
2022-06-16 13:09:00,6191.25,-12142.5,-5951.25
2022-06-16 13:10:00,6183.75,-12045.0,-5861.25
2022-06-16 13:11:00,6225.0,-12108.75,-5883.75
2022-06-16 13:12:00,6217.5,-12067.5,-5850.0
2022-06-16 13:13:00,6228.75,-12108.75,-5880.0
2022-06-16 13:14:00,6225.0,-12146.25,-5921.25
2022-06-16 13:15:00,6206.25,-12082.5,-5876.25
2022-06-16 13:16:00,6225.0,-12003.75,-5778.75
2022-06-16 13:17:00,6232.5,-12018.75,-5786.25
2022-06-16 13:18:00,6255.0,-12018.75,-5763.75
2022-06-16 13:19:00,6322.5,-12093.75,-5771.25
2022-06-16 13:20:00,6330.0,-12120.0,-5790.0
2022-06-16 13:21:00,6363.75,-12210.0,-5846.25
2022-06-16 13:22:00,6330.0,-12060.0,-5730.0
2022-06-16 13:23:00,6367.5,-12183.75,-5816.25
2022-06-16 13:24:00,6375.0,-12393.75,-6018.75
2022-06-16 13:25:00,6363.75,-12435.0,-6071.25
2022-06-16 13:26:00,6352.5,-12513.75,-6161.25
2022-06-16 13:27:00,6363.75,-12630.0,-6266.25
2022-06-16 13:28:00,6397.5,-12960.0,-6562.5
2022-06-16 13:29:00,6390.0,-12933.75,-6543.75
2022-06-16 13:30:00,6401.25,-13203.75,-6802.5
2022-06-16 13:31:00,6397.5,-13290.0,-6892.5
2022-06-16 13:32:00,6435.0,-14407.5,-7972.5
2022-06-16 13:33:00,6378.75,-13927.5,-7548.75
2022-06-16 13:34:00,6333.75,-12727.5,-6393.75
2022-06-16 13:35:00,6277.5,-12438.75,-6161.25
2022-06-16 13:36:00,6255.0,-12468.75,-6213.75
2022-06-16 13:37:00,6315.0,-12521.25,-6206.25
2022-06-16 13:38:00,6262.5,-11962.5,-5700.0
2022-06-16 13:39:00,6195.0,-11887.5,-5692.5
2022-06-16 13:40:00,6300.0,-12075.0,-5775.0
2022-06-16 13:41:00,6423.75,-12420.0,-5996.25
2022-06-16 13:42:00,6423.75,-12690.0,-6266.25
2022-06-16 13:43:00,6438.75,-12622.5,-6183.75
2022-06-16 13:44:00,6457.5,-12465.0,-6007.5
2022-06-16 13:45:00,6453.75,-12457.5,-6003.75
2022-06-16 13:46:00,6446.25,-12307.5,-5861.25
2022-06-16 13:47:00,6465.0,-12247.5,-5782.5
2022-06-16 13:48:00,6438.75,-12217.5,-5778.75
2022-06-16 13:49:00,6468.75,-12142.5,-5673.75
2022-06-16 13:50:00,6457.5,-12086.25,-5628.75
2022-06-16 13:51:00,6450.0,-12015.0,-5565.0
2022-06-16 13:52:00,6435.0,-12221.25,-5786.25
2022-06-16 13:53:00,6431.25,-12221.25,-5790.0
2022-06-16 13:54:00,6446.25,-12112.5,-5666.25
2022-06-16 13:55:00,6465.0,-12146.25,-5681.25
2022-06-16 13:56:00,6483.75,-12172.5,-5688.75
2022-06-16 13:57:00,6513.75,-12078.75,-5565.0
2022-06-16 13:58:00,6510.0,-12052.5,-5542.5
2022-06-16 13:59:00,6513.75,-11872.5,-5358.75
2022-06-16 14:00:00,6483.75,-11801.25,-5317.5
2022-06-16 14:01:00,6480.0,-11790.0,-5310.0
2022-06-16 14:02:00,6521.25,-11910.0,-5388.75
2022-06-16 14:03:00,6525.0,-11872.5,-5347.5
2022-06-16 14:04:00,6540.0,-11808.75,-5268.75
2022-06-16 14:05:00,6551.25,-11853.75,-5302.5
2022-06-16 14:06:00,6585.0,-12093.75,-5508.75
2022-06-16 14:07:00,6588.75,-12240.0,-5651.25
2022-06-16 14:08:00,6573.75,-12131.25,-5557.5
2022-06-16 14:09:00,6585.0,-12146.25,-5561.25
2022-06-16 14:10:00,6581.25,-11992.5,-5411.25
2022-06-16 14:11:00,6588.75,-12045.0,-5456.25
2022-06-16 14:12:00,6585.0,-11958.75,-5373.75
2022-06-16 14:13:00,6592.5,-11936.25,-5343.75
2022-06-16 14:14:00,6611.25,-12033.75,-5422.5
2022-06-16 14:15:00,6615.0,-12273.75,-5658.75
2022-06-16 14:16:00,6622.5,-12532.5,-5910.0
2022-06-16 14:17:00,6615.0,-12322.5,-5707.5
2022-06-16 14:18:00,6615.0,-12641.25,-6026.25
2022-06-16 14:19:00,6622.5,-12780.0,-6157.5
2022-06-16 14:20:00,6615.0,-12600.0,-5985.0
2022-06-16 14:21:00,6618.75,-12918.75,-6300.0
2022-06-16 14:22:00,6603.75,-12690.0,-6086.25
2022-06-16 14:23:00,6615.0,-12791.25,-6176.25
2022-06-16 14:24:00,6622.5,-12543.75,-5921.25
2022-06-16 14:25:00,6622.5,-12622.5,-6000.0
2022-06-16 14:26:00,6618.75,-12213.75,-5595.0
2022-06-16 14:27:00,6618.75,-11966.25,-5347.5
2022-06-16 14:28:00,6615.0,-12041.25,-5426.25
2022-06-16 14:29:00,6603.75,-11786.25,-5182.5
2022-06-16 14:30:00,6618.75,-11913.75,-5295.0
2022-06-16 14:31:00,6626.25,-12090.0,-5463.75
2022-06-16 14:32:00,6626.25,-12030.0,-5403.75
2022-06-16 14:33:00,6633.75,-12056.25,-5422.5
2022-06-16 14:34:00,6637.5,-12217.5,-5580.0
2022-06-16 14:35:00,6645.0,-12240.0,-5595.0
2022-06-16 14:36:00,6641.25,-12360.0,-5718.75
2022-06-16 14:37:00,6648.75,-12716.25,-6067.5
2022-06-16 14:38:00,6648.75,-12671.25,-6022.5
2022-06-16 14:39:00,6652.5,-12907.5,-6255.0
2022-06-16 14:40:00,6648.75,-12678.75,-6030.0
2022-06-16 14:41:00,6652.5,-12708.75,-6056.25
2022-06-16 14:42:00,6652.5,-12450.0,-5797.5
2022-06-16 14:43:00,6645.0,-12558.75,-5913.75
2022-06-16 14:44:00,6652.5,-12603.75,-5951.25
2022-06-16 14:45:00,6656.25,-12555.0,-5898.75
2022-06-16 14:46:00,6652.5,-12412.5,-5760.0
2022-06-16 14:47:00,6656.25,-12495.0,-5838.75
2022-06-16 14:48:00,6648.75,-12611.25,-5962.5
2022-06-16 14:49:00,6656.25,-12363.75,-5707.5
2022-06-16 14:50:00,6660.0,-12723.75,-6063.75
2022-06-16 14:51:00,6671.25,-12746.25,-6075.0
2022-06-16 14:52:00,6660.0,-12821.25,-6161.25
2022-06-16 14:53:00,6675.0,-12543.75,-5868.75
2022-06-16 14:54:00,6678.75,-12397.5,-5718.75
2022-06-16 14:55:00,6678.75,-12210.0,-5531.25
2022-06-16 14:56:00,6671.25,-11763.75,-5092.5
2022-06-16 14:57:00,6671.25,-11662.5,-4991.25
2022-06-16 14:58:00,6675.0,-11613.75,-4938.75
2022-06-16 14:59:00,6678.75,-11748.75,-5070.0
2022-06-16 15:00:00,6682.5,-11790.0,-5107.5
2022-06-16 15:01:00,6686.25,-11756.25,-5070.0
2022-06-16 15:02:00,6690.0,-11598.75,-4908.75
2022-06-16 15:03:00,6690.0,-11610.0,-4920.0
2022-06-16 15:04:00,6701.25,-11576.25,-4875.0
2022-06-16 15:05:00,6697.5,-11598.75,-4901.25
2022-06-16 15:06:00,6701.25,-11583.75,-4882.5
2022-06-16 15:07:00,6701.25,-11617.5,-4916.25
2022-06-16 15:08:00,6708.75,-11482.5,-4773.75
2022-06-16 15:09:00,6708.75,-11516.25,-4807.5
2022-06-16 15:10:00,6705.0,-11493.75,-4788.75
2022-06-16 15:11:00,6708.75,-11471.25,-4762.5
2022-06-16 15:12:00,6712.5,-11448.75,-4736.25
2022-06-16 15:13:00,6708.75,-11433.75,-4725.0
2022-06-16 15:14:00,6708.75,-11456.25,-4747.5
2022-06-16 15:15:00,6712.5,-11497.5,-4785.0
2022-06-16 15:16:00,6720.0,-11471.25,-4751.25
2022-06-16 15:17:00,6720.0,-11452.5,-4732.5
2022-06-16 15:18:00,6720.0,-11475.0,-4755.0
2022-06-16 15:19:00,6720.0,-11501.25,-4781.25
2022-06-16 15:20:00,6720.0,-11482.5,-4762.5
2022-06-16 15:21:00,6720.0,-11482.5,-4762.5
2022-06-16 15:22:00,6720.0,-11482.5,-4762.5
2022-06-16 15:23:00,6720.0,-11482.5,-4762.5
2022-06-16 15:24:00,6720.0,-11482.5,-4762.5
2022-06-16 15:25:00,6720.0,-11482.5,-4762.5
2022-06-16 15:26:00,6720.0,-11482.5,-4762.5
2022-06-16 15:27:00,6720.0,-11482.5,-4762.5
2022-06-16 15:28:00,6720.0,-11482.5,-4762.5
2022-06-16 15:29:00,6720.0,-11482.5,-4762.5
2022-06-16 15:30:00,6720.0,-11482.5,-4762.5
2022-06-23 10:15:00,0.0,0.0,0.0
2022-06-23 10:16:00,153.75,-146.25,7.5
2022-06-23 10:17:00,90.0,-146.25,-56.25
2022-06-23 10:18:00,26.25,-86.25,-60.0
2022-06-23 10:19:00,142.5,-165.0,-22.5
2022-06-23 10:20:00,63.75,-101.25,-37.5
2022-06-23 10:21:00,318.75,-307.5,11.25
2022-06-23 10:22:00,-7.5,-86.25,-93.75
2022-06-23 10:23:00,-105.0,30.0,-75.0
2022-06-23 10:24:00,153.75,-63.75,90.0
2022-06-23 10:25:00,146.25,-105.0,41.25
2022-06-23 10:26:00,97.5,-56.25,41.25
2022-06-23 10:27:00,37.5,-7.5,30.0
2022-06-23 10:28:00,120.0,-67.5,52.5
2022-06-23 10:29:00,183.75,-93.75,90.0
2022-06-23 10:30:00,296.25,-172.5,123.75
2022-06-23 10:31:00,217.5,-131.25,86.25
2022-06-23 10:32:00,202.5,-93.75,108.75
2022-06-23 10:33:00,180.0,-108.75,71.25
2022-06-23 10:34:00,273.75,-202.5,71.25
2022-06-23 10:35:00,285.0,-217.5,67.5
2022-06-23 10:36:00,337.5,-228.75,108.75
2022-06-23 10:37:00,277.5,-161.25,116.25
2022-06-23 10:38:00,258.75,-202.5,56.25
2022-06-23 10:39:00,198.75,-90.0,108.75
2022-06-23 10:40:00,127.5,-11.25,116.25
2022-06-23 10:41:00,108.75,-37.5,71.25
2022-06-23 10:42:00,112.5,-60.0,52.5
2022-06-23 10:43:00,292.5,-120.0,172.5
2022-06-23 10:44:00,442.5,-266.25,176.25
2022-06-23 10:45:00,641.25,-450.0,191.25
2022-06-23 10:46:00,558.75,-281.25,277.5
2022-06-23 10:47:00,360.0,-105.0,255.0
2022-06-23 10:48:00,367.5,-120.0,247.5
2022-06-23 10:49:00,420.0,-165.0,255.0
2022-06-23 10:50:00,506.25,-243.75,262.5
2022-06-23 10:51:00,326.25,-7.5,318.75
2022-06-23 10:52:00,356.25,-86.25,270.0
2022-06-23 10:53:00,270.0,-33.75,236.25
2022-06-23 10:54:00,367.5,-86.25,281.25
2022-06-23 10:55:00,330.0,-93.75,236.25
2022-06-23 10:56:00,123.75,7.5,131.25
2022-06-23 10:57:00,7.5,150.0,157.5
2022-06-23 10:58:00,33.75,138.75,172.5
2022-06-23 10:59:00,75.0,127.5,202.5
2022-06-23 11:00:00,-71.25,292.5,221.25
2022-06-23 11:01:00,-123.75,386.25,262.5
2022-06-23 11:02:00,-191.25,360.0,168.75
2022-06-23 11:03:00,-228.75,367.5,138.75
2022-06-23 11:04:00,-232.5,371.25,138.75
2022-06-23 11:05:00,-127.5,345.0,217.5
2022-06-23 11:06:00,-408.75,446.25,37.5
2022-06-23 11:07:00,-603.75,442.5,-161.25
2022-06-23 11:08:00,-607.5,438.75,-168.75
2022-06-23 11:09:00,-292.5,375.0,82.5
2022-06-23 11:10:00,-322.5,363.75,41.25
2022-06-23 11:11:00,-240.0,352.5,112.5
2022-06-23 11:12:00,-183.75,333.75,150.0
2022-06-23 11:13:00,-101.25,318.75,217.5
2022-06-23 11:14:00,-112.5,318.75,206.25
2022-06-23 11:15:00,-183.75,322.5,138.75
2022-06-23 11:16:00,-333.75,405.0,71.25
2022-06-23 11:17:00,-423.75,450.0,26.25
2022-06-23 11:18:00,-427.5,408.75,-18.75
2022-06-23 11:19:00,-273.75,322.5,48.75
2022-06-23 11:20:00,-225.0,337.5,112.5
2022-06-23 11:21:00,-337.5,348.75,11.25
2022-06-23 11:22:00,-277.5,363.75,86.25
2022-06-23 11:23:00,-352.5,397.5,45.0
2022-06-23 11:24:00,-198.75,337.5,138.75
2022-06-23 11:25:00,-71.25,307.5,236.25
2022-06-23 11:26:00,-195.0,352.5,157.5
2022-06-23 11:27:00,-405.0,521.25,116.25
2022-06-23 11:28:00,-277.5,401.25,123.75
2022-06-23 11:29:00,-232.5,371.25,138.75
2022-06-23 11:30:00,-232.5,423.75,191.25
2022-06-23 11:31:00,-202.5,393.75,191.25
2022-06-23 11:32:00,-15.0,341.25,326.25
2022-06-23 11:33:00,116.25,240.0,356.25
2022-06-23 11:34:00,-131.25,356.25,225.0
2022-06-23 11:35:00,-33.75,326.25,292.5
2022-06-23 11:36:00,30.0,288.75,318.75
2022-06-23 11:37:00,300.0,120.0,420.0
2022-06-23 11:38:00,408.75,82.5,491.25
2022-06-23 11:39:00,408.75,82.5,491.25
2022-06-23 11:40:00,258.75,198.75,457.5
2022-06-23 11:41:00,375.0,142.5,517.5
2022-06-23 11:42:00,266.25,240.0,506.25
2022-06-23 11:43:00,540.0,60.0,600.0
2022-06-23 11:44:00,780.0,-26.25,753.75
2022-06-23 11:45:00,851.25,-48.75,802.5
2022-06-23 11:46:00,903.75,-123.75,780.0
2022-06-23 11:47:00,900.0,-161.25,738.75
2022-06-23 11:48:00,1042.5,-300.0,742.5
2022-06-23 11:49:00,1012.5,-277.5,735.0
2022-06-23 11:50:00,1196.25,-562.5,633.75
2022-06-23 11:51:00,1353.75,-798.75,555.0
2022-06-23 11:52:00,1503.75,-1076.25,427.5
2022-06-23 11:53:00,1556.25,-1170.0,386.25
2022-06-23 11:54:00,1522.5,-1222.5,300.0
2022-06-23 11:55:00,1537.5,-1218.75,318.75
2022-06-23 11:56:00,1500.0,-761.25,738.75
2022-06-23 11:57:00,1481.25,-1001.25,480.0
2022-06-23 11:58:00,1620.0,-1515.0,105.0
2022-06-23 11:59:00,1593.75,-1200.0,393.75
2022-06-23 12:00:00,1586.25,-1391.25,195.0
2022-06-23 12:01:00,1597.5,-1725.0,-127.5
2022-06-23 12:02:00,1548.75,-1305.0,243.75
2022-06-23 12:03:00,1537.5,-1402.5,135.0
2022-06-23 12:04:00,1575.0,-1515.0,60.0
2022-06-23 12:05:00,1638.75,-1845.0,-206.25
2022-06-23 12:06:00,1590.0,-1582.5,7.5
2022-06-23 12:07:00,1571.25,-1421.25,150.0
2022-06-23 12:08:00,1545.0,-1320.0,225.0
2022-06-23 12:09:00,1518.75,-1417.5,101.25
2022-06-23 12:10:00,1470.0,-1222.5,247.5
2022-06-23 12:11:00,1391.25,-993.75,397.5
2022-06-23 12:12:00,1372.5,-510.0,862.5
2022-06-23 12:13:00,1500.0,-975.0,525.0
2022-06-23 12:14:00,1522.5,-1076.25,446.25
2022-06-23 12:15:00,1511.25,-986.25,525.0
2022-06-23 12:16:00,1485.0,-1038.75,446.25
2022-06-23 12:17:00,1560.0,-1353.75,206.25
2022-06-23 12:18:00,1586.25,-1447.5,138.75
2022-06-23 12:19:00,1620.0,-1503.75,116.25
2022-06-23 12:20:00,1627.5,-1586.25,41.25
2022-06-23 12:21:00,1661.25,-1792.5,-131.25
2022-06-23 12:22:00,1785.0,-3195.0,-1410.0
2022-06-23 12:23:00,1792.5,-3592.5,-1800.0
2022-06-23 12:24:00,1777.5,-3262.5,-1485.0
2022-06-23 12:25:00,1773.75,-3041.25,-1267.5
2022-06-23 12:26:00,2130.0,-3750.0,-1620.0
2022-06-23 12:27:00,1668.75,-3048.75,-1380.0
2022-06-23 12:28:00,1822.5,-3255.0,-1432.5
2022-06-23 12:29:00,1631.25,-2981.25,-1350.0
2022-06-23 12:30:00,2381.25,-4068.75,-1687.5
2022-06-23 12:31:00,2253.75,-3862.5,-1608.75
2022-06-23 12:32:00,2137.5,-3630.0,-1492.5
2022-06-23 12:33:00,2205.0,-3622.5,-1417.5
2022-06-23 12:34:00,1980.0,-3300.0,-1320.0
2022-06-23 12:35:00,2070.0,-3393.75,-1323.75
2022-06-23 12:36:00,2058.75,-3341.25,-1282.5
2022-06-23 12:37:00,2025.0,-3172.5,-1147.5
2022-06-23 12:38:00,1897.5,-2973.75,-1076.25
2022-06-23 12:39:00,2291.25,-3577.5,-1286.25
2022-06-23 12:40:00,2415.0,-3750.0,-1335.0
2022-06-23 12:41:00,2366.25,-3742.5,-1376.25
2022-06-23 12:42:00,2418.75,-3626.25,-1207.5
2022-06-23 12:43:00,2467.5,-3671.25,-1203.75
2022-06-23 12:44:00,2407.5,-3532.5,-1125.0
2022-06-23 12:45:00,2332.5,-3510.0,-1177.5
2022-06-23 12:46:00,2876.25,-4383.75,-1507.5
2022-06-23 12:47:00,3075.0,-4747.5,-1672.5
2022-06-23 12:48:00,3142.5,-4965.0,-1822.5
2022-06-23 12:49:00,3247.5,-5557.5,-2310.0
2022-06-23 12:50:00,3240.0,-5827.5,-2587.5
2022-06-23 12:51:00,3352.5,-5985.0,-2632.5
2022-06-23 12:52:00,3292.5,-5625.0,-2332.5
2022-06-23 12:53:00,3273.75,-5745.0,-2471.25
2022-06-23 12:54:00,3210.0,-5715.0,-2505.0
2022-06-23 12:55:00,3517.5,-6003.75,-2486.25
2022-06-23 12:56:00,3551.25,-6041.25,-2490.0
2022-06-23 12:57:00,3525.0,-6048.75,-2523.75
2022-06-23 12:58:00,3491.25,-6007.5,-2516.25
2022-06-23 12:59:00,3420.0,-5771.25,-2351.25
2022-06-23 13:00:00,3371.25,-5628.75,-2257.5
2022-06-23 13:01:00,3435.0,-5782.5,-2347.5
2022-06-23 13:02:00,3453.75,-5752.5,-2298.75
2022-06-23 13:03:00,3427.5,-5808.75,-2381.25
2022-06-23 13:04:00,3375.0,-5602.5,-2227.5
2022-06-23 13:05:00,3296.25,-5381.25,-2085.0
2022-06-23 13:06:00,3367.5,-5598.75,-2231.25
2022-06-23 13:07:00,3543.75,-5831.25,-2287.5
2022-06-23 13:08:00,3757.5,-6191.25,-2433.75
2022-06-23 13:09:00,3757.5,-6600.0,-2842.5
2022-06-23 13:10:00,3817.5,-6825.0,-3007.5
2022-06-23 13:11:00,3791.25,-6915.0,-3123.75
2022-06-23 13:12:00,3802.5,-6847.5,-3045.0
2022-06-23 13:13:00,3742.5,-6611.25,-2868.75
2022-06-23 13:14:00,3746.25,-6607.5,-2861.25
2022-06-23 13:15:00,3738.75,-6487.5,-2748.75
2022-06-23 13:16:00,3750.0,-6487.5,-2737.5
2022-06-23 13:17:00,3641.25,-6086.25,-2445.0
2022-06-23 13:18:00,3708.75,-6198.75,-2490.0
2022-06-23 13:19:00,3795.0,-6562.5,-2767.5
2022-06-23 13:20:00,3712.5,-6258.75,-2546.25
2022-06-23 13:21:00,3720.0,-6296.25,-2576.25
2022-06-23 13:22:00,3776.25,-6288.75,-2512.5
2022-06-23 13:23:00,3765.0,-6307.5,-2542.5
2022-06-23 13:24:00,3690.0,-6056.25,-2366.25
2022-06-23 13:25:00,3720.0,-6146.25,-2426.25
2022-06-23 13:26:00,3708.75,-6015.0,-2306.25
2022-06-23 13:27:00,3663.75,-5891.25,-2227.5
2022-06-23 13:28:00,3716.25,-6056.25,-2340.0
2022-06-23 13:29:00,3746.25,-6112.5,-2366.25
2022-06-23 13:30:00,3753.75,-6101.25,-2347.5
2022-06-23 13:31:00,3588.75,-5467.5,-1878.75
2022-06-23 13:32:00,3442.5,-4942.5,-1500.0
2022-06-23 13:33:00,3138.75,-4740.0,-1601.25
2022-06-23 13:34:00,3060.0,-4522.5,-1462.5
2022-06-23 13:35:00,2493.75,-4526.25,-2032.5
2022-06-23 13:36:00,2475.0,-4500.0,-2025.0
2022-06-23 13:37:00,892.5,-4458.75,-3566.25
2022-06-23 13:38:00,3.75,-4575.0,-4571.25
2022-06-23 13:39:00,1098.75,-4575.0,-3476.25
2022-06-23 13:40:00,705.0,-4522.5,-3817.5
2022-06-23 13:41:00,862.5,-4548.75,-3686.25
2022-06-23 13:42:00,405.0,-4470.0,-4065.0
2022-06-23 13:43:00,566.25,-4436.25,-3870.0
2022-06-23 13:44:00,-697.5,-4323.75,-5021.25
2022-06-23 13:45:00,-1005.0,-4338.75,-5343.75
2022-06-23 13:46:00,-1008.75,-4376.25,-5385.0
2022-06-23 13:47:00,-836.25,-4563.75,-5400.0
2022-06-23 13:48:00,-723.75,-4683.75,-5407.5
2022-06-23 13:49:00,-798.75,-4620.0,-5418.75
2022-06-23 13:50:00,-821.25,-4511.25,-5332.5
2022-06-23 13:51:00,-858.75,-4597.5,-5456.25
2022-06-23 13:52:00,-817.5,-4601.25,-5418.75
2022-06-23 13:53:00,-795.0,-4593.75,-5388.75
2022-06-23 13:54:00,-783.75,-4488.75,-5272.5
2022-06-23 13:55:00,-937.5,-4335.0,-5272.5
2022-06-23 13:56:00,-1023.75,-4282.5,-5306.25
2022-06-23 13:57:00,-1072.5,-4342.5,-5415.0
2022-06-23 13:58:00,-1080.0,-4327.5,-5407.5
2022-06-23 13:59:00,-1050.0,-4485.0,-5535.0
2022-06-23 14:00:00,-1050.0,-4507.5,-5557.5
2022-06-23 14:01:00,-836.25,-4620.0,-5456.25
2022-06-23 14:02:00,-798.75,-4556.25,-5355.0
2022-06-23 14:03:00,-843.75,-4477.5,-5321.25
2022-06-23 14:04:00,-780.0,-4556.25,-5336.25
2022-06-23 14:05:00,-757.5,-4511.25,-5268.75
2022-06-23 14:06:00,-686.25,-4635.0,-5321.25
2022-06-23 14:07:00,-776.25,-4477.5,-5253.75
2022-06-23 14:08:00,-708.75,-4537.5,-5246.25
2022-06-23 14:09:00,-663.75,-4518.75,-5182.5
2022-06-23 14:10:00,-600.0,-4702.5,-5302.5
2022-06-23 14:11:00,-648.75,-4601.25,-5250.0
2022-06-23 14:12:00,-660.0,-4620.0,-5280.0
2022-06-23 14:13:00,-615.0,-4627.5,-5242.5
2022-06-23 14:14:00,-596.25,-4747.5,-5343.75
2022-06-23 14:15:00,-577.5,-4833.75,-5411.25
2022-06-23 14:16:00,-585.0,-4665.0,-5250.0
2022-06-23 14:17:00,-596.25,-4541.25,-5137.5
2022-06-23 14:18:00,-596.25,-4515.0,-5111.25
2022-06-23 14:19:00,-622.5,-4267.5,-4890.0
2022-06-23 14:20:00,-630.0,-4230.0,-4860.0
2022-06-23 14:21:00,-585.0,-4432.5,-5017.5
2022-06-23 14:22:00,-570.0,-4447.5,-5017.5
2022-06-23 14:23:00,-577.5,-4308.75,-4886.25
2022-06-23 14:24:00,-562.5,-4391.25,-4953.75
2022-06-23 14:25:00,-555.0,-4368.75,-4923.75
2022-06-23 14:26:00,-555.0,-4436.25,-4991.25
2022-06-23 14:27:00,-536.25,-4485.0,-5021.25
2022-06-23 14:28:00,-532.5,-4522.5,-5055.0
2022-06-23 14:29:00,-532.5,-4335.0,-4867.5
2022-06-23 14:30:00,-536.25,-4252.5,-4788.75
2022-06-23 14:31:00,-558.75,-4151.25,-4710.0
2022-06-23 14:32:00,-592.5,-4091.25,-4683.75
2022-06-23 14:33:00,-652.5,-4046.25,-4698.75
2022-06-23 14:34:00,-581.25,-4076.25,-4657.5
2022-06-23 14:35:00,-570.0,-4083.75,-4653.75
2022-06-23 14:36:00,-547.5,-4065.0,-4612.5
2022-06-23 14:37:00,-555.0,-4008.75,-4563.75
2022-06-23 14:38:00,-558.75,-3986.25,-4545.0
2022-06-23 14:39:00,-600.0,-3952.5,-4552.5
2022-06-23 14:40:00,-566.25,-3971.25,-4537.5
2022-06-23 14:41:00,-607.5,-3948.75,-4556.25
2022-06-23 14:42:00,-596.25,-3937.5,-4533.75
2022-06-23 14:43:00,-555.0,-3945.0,-4500.0
2022-06-23 14:44:00,-566.25,-3922.5,-4488.75
2022-06-23 14:45:00,-645.0,-3903.75,-4548.75
2022-06-23 14:46:00,-611.25,-3911.25,-4522.5
2022-06-23 14:47:00,-588.75,-3915.0,-4503.75
2022-06-23 14:48:00,-566.25,-3903.75,-4470.0
2022-06-23 14:49:00,-540.0,-3911.25,-4451.25
2022-06-23 14:50:00,-525.0,-3922.5,-4447.5
2022-06-23 14:51:00,-528.75,-3907.5,-4436.25
2022-06-23 14:52:00,-521.25,-3903.75,-4425.0
2022-06-23 14:53:00,-517.5,-3896.25,-4413.75
2022-06-23 14:54:00,-517.5,-3885.0,-4402.5
2022-06-23 14:55:00,-513.75,-3881.25,-4395.0
2022-06-23 14:56:00,-502.5,-3881.25,-4383.75
2022-06-23 14:57:00,-506.25,-3885.0,-4391.25
2022-06-23 14:58:00,-517.5,-3881.25,-4398.75
2022-06-23 14:59:00,-510.0,-3881.25,-4391.25
2022-06-23 15:00:00,-532.5,-3877.5,-4410.0
2022-06-23 15:01:00,-495.0,-3881.25,-4376.25
2022-06-23 15:02:00,-483.75,-3877.5,-4361.25
2022-06-23 15:03:00,-487.5,-3870.0,-4357.5
2022-06-23 15:04:00,-480.0,-3866.25,-4346.25
2022-06-23 15:05:00,-480.0,-3858.75,-4338.75
2022-06-23 15:06:00,-476.25,-3851.25,-4327.5
2022-06-23 15:07:00,-476.25,-3847.5,-4323.75
2022-06-23 15:08:00,-476.25,-3847.5,-4323.75
2022-06-23 15:09:00,-476.25,-3840.0,-4316.25
2022-06-23 15:10:00,-472.5,-3836.25,-4308.75
2022-06-23 15:11:00,-468.75,-3836.25,-4305.0
2022-06-23 15:12:00,-468.75,-3832.5,-4301.25
2022-06-23 15:13:00,-468.75,-3832.5,-4301.25
2022-06-23 15:14:00,-472.5,-3832.5,-4305.0
2022-06-23 15:15:00,-468.75,-3828.75,-4297.5
2022-06-23 15:16:00,-468.75,-3828.75,-4297.5
2022-06-23 15:17:00,-468.75,-3828.75,-4297.5
2022-06-23 15:18:00,-468.75,-3821.25,-4290.0
2022-06-23 15:19:00,-468.75,-3825.0,-4293.75
2022-06-23 15:20:00,-468.75,-3825.0,-4293.75
2022-06-23 15:21:00,-468.75,-3825.0,-4293.75
2022-06-23 15:22:00,-468.75,-3825.0,-4293.75
2022-06-23 15:23:00,-468.75,-3825.0,-4293.75
2022-06-23 15:24:00,-468.75,-3825.0,-4293.75
2022-06-23 15:25:00,-468.75,-3825.0,-4293.75
2022-06-23 15:26:00,-468.75,-3825.0,-4293.75
2022-06-23 15:27:00,-468.75,-3825.0,-4293.75
2022-06-23 15:28:00,-468.75,-3825.0,-4293.75
2022-06-23 15:29:00,-468.75,-3825.0,-4293.75
2022-06-23 15:30:00,-468.75,-3825.0,-4293.75
2022-06-30 10:15:00,0.0,0.0,0.0
2022-06-30 10:16:00,251.25,-296.25,-45.0
2022-06-30 10:17:00,116.25,-172.5,-56.25
2022-06-30 10:18:00,405.0,-423.75,-18.75
2022-06-30 10:19:00,536.25,-641.25,-105.0
2022-06-30 10:20:00,652.5,-997.5,-345.0
2022-06-30 10:21:00,555.0,-1113.75,-558.75
2022-06-30 10:22:00,423.75,-787.5,-363.75
2022-06-30 10:23:00,345.0,-615.0,-270.0
2022-06-30 10:24:00,461.25,-825.0,-363.75
2022-06-30 10:25:00,322.5,-495.0,-172.5
2022-06-30 10:26:00,262.5,-453.75,-191.25
2022-06-30 10:27:00,277.5,-532.5,-255.0
2022-06-30 10:28:00,375.0,-592.5,-217.5
2022-06-30 10:29:00,315.0,-487.5,-172.5
2022-06-30 10:30:00,378.75,-656.25,-277.5
2022-06-30 10:31:00,446.25,-720.0,-273.75
2022-06-30 10:32:00,630.0,-978.75,-348.75
2022-06-30 10:33:00,570.0,-945.0,-375.0
2022-06-30 10:34:00,412.5,-626.25,-213.75
2022-06-30 10:35:00,480.0,-690.0,-210.0
2022-06-30 10:36:00,427.5,-656.25,-228.75
2022-06-30 10:37:00,483.75,-712.5,-228.75
2022-06-30 10:38:00,532.5,-750.0,-217.5
2022-06-30 10:39:00,483.75,-693.75,-210.0
2022-06-30 10:40:00,416.25,-573.75,-157.5
2022-06-30 10:41:00,318.75,-465.0,-146.25
2022-06-30 10:42:00,262.5,-378.75,-116.25
2022-06-30 10:43:00,397.5,-468.75,-71.25
2022-06-30 10:44:00,330.0,-408.75,-78.75
2022-06-30 10:45:00,112.5,-15.0,97.5
2022-06-30 10:46:00,-153.75,416.25,262.5
2022-06-30 10:47:00,-60.0,356.25,296.25
2022-06-30 10:48:00,-33.75,240.0,206.25
2022-06-30 10:49:00,3.75,153.75,157.5
2022-06-30 10:50:00,108.75,60.0,168.75
2022-06-30 10:51:00,461.25,-345.0,116.25
2022-06-30 10:52:00,480.0,-446.25,33.75
2022-06-30 10:53:00,510.0,-521.25,-11.25
2022-06-30 10:54:00,487.5,-521.25,-33.75
2022-06-30 10:55:00,615.0,-637.5,-22.5
2022-06-30 10:56:00,776.25,-1001.25,-225.0
2022-06-30 10:57:00,693.75,-836.25,-142.5
2022-06-30 10:58:00,757.5,-986.25,-228.75
2022-06-30 10:59:00,667.5,-813.75,-146.25
2022-06-30 11:00:00,615.0,-746.25,-131.25
2022-06-30 11:01:00,783.75,-1113.75,-330.0
2022-06-30 11:02:00,746.25,-1016.25,-270.0
2022-06-30 11:03:00,753.75,-1076.25,-322.5
2022-06-30 11:04:00,738.75,-1016.25,-277.5
2022-06-30 11:05:00,682.5,-836.25,-153.75
2022-06-30 11:06:00,618.75,-761.25,-142.5
2022-06-30 11:07:00,716.25,-930.0,-213.75
2022-06-30 11:08:00,772.5,-1125.0,-352.5
2022-06-30 11:09:00,757.5,-997.5,-240.0
2022-06-30 11:10:00,656.25,-840.0,-183.75
2022-06-30 11:11:00,776.25,-1053.75,-277.5
2022-06-30 11:12:00,907.5,-1323.75,-416.25
2022-06-30 11:13:00,858.75,-1200.0,-341.25
2022-06-30 11:14:00,952.5,-1503.75,-551.25
2022-06-30 11:15:00,1125.0,-1830.0,-705.0
2022-06-30 11:16:00,1038.75,-1503.75,-465.0
2022-06-30 11:17:00,1020.0,-1590.0,-570.0
2022-06-30 11:18:00,993.75,-1425.0,-431.25
2022-06-30 11:19:00,971.25,-1365.0,-393.75
2022-06-30 11:20:00,1042.5,-1578.75,-536.25
2022-06-30 11:21:00,1027.5,-1496.25,-468.75
2022-06-30 11:22:00,963.75,-1305.0,-341.25
2022-06-30 11:23:00,915.0,-1286.25,-371.25
2022-06-30 11:24:00,941.25,-1282.5,-341.25
2022-06-30 11:25:00,986.25,-1443.75,-457.5
2022-06-30 11:26:00,978.75,-1361.25,-382.5
2022-06-30 11:27:00,768.75,-753.75,15.0
2022-06-30 11:28:00,810.0,-926.25,-116.25
2022-06-30 11:29:00,791.25,-821.25,-30.0
2022-06-30 11:30:00,633.75,-502.5,131.25
2022-06-30 11:31:00,776.25,-765.0,11.25
2022-06-30 11:32:00,825.0,-776.25,48.75
2022-06-30 11:33:00,933.75,-937.5,-3.75
2022-06-30 11:34:00,1012.5,-1087.5,-75.0
2022-06-30 11:35:00,1023.75,-1132.5,-108.75
2022-06-30 11:36:00,1001.25,-1095.0,-93.75
2022-06-30 11:37:00,1046.25,-1188.75,-142.5
2022-06-30 11:38:00,1072.5,-1301.25,-228.75
2022-06-30 11:39:00,1143.75,-1507.5,-363.75
2022-06-30 11:40:00,1147.5,-1492.5,-345.0
2022-06-30 11:41:00,1155.0,-1560.0,-405.0
2022-06-30 11:42:00,1110.0,-1410.0,-300.0
2022-06-30 11:43:00,1080.0,-1267.5,-187.5
2022-06-30 11:44:00,1031.25,-1046.25,-15.0
2022-06-30 11:45:00,1046.25,-1072.5,-26.25
2022-06-30 11:46:00,1042.5,-1083.75,-41.25
2022-06-30 11:47:00,930.0,-810.0,120.0
2022-06-30 11:48:00,967.5,-930.0,37.5
2022-06-30 11:49:00,1121.25,-1233.75,-112.5
2022-06-30 11:50:00,1098.75,-1215.0,-116.25
2022-06-30 11:51:00,1061.25,-1068.75,-7.5
2022-06-30 11:52:00,1061.25,-1132.5,-71.25
2022-06-30 11:53:00,1098.75,-1226.25,-127.5
2022-06-30 11:54:00,1068.75,-1125.0,-56.25
2022-06-30 11:55:00,993.75,-885.0,108.75
2022-06-30 11:56:00,967.5,-862.5,105.0
2022-06-30 11:57:00,945.0,-843.75,101.25
2022-06-30 11:58:00,960.0,-888.75,71.25
2022-06-30 11:59:00,1042.5,-993.75,48.75
2022-06-30 12:00:00,1050.0,-1008.75,41.25
2022-06-30 12:01:00,1155.0,-1181.25,-26.25
2022-06-30 12:02:00,1110.0,-1087.5,22.5
2022-06-30 12:03:00,1136.25,-1053.75,82.5
2022-06-30 12:04:00,1151.25,-1035.0,116.25
2022-06-30 12:05:00,1173.75,-1125.0,48.75
2022-06-30 12:06:00,1233.75,-1293.75,-60.0
2022-06-30 12:07:00,1342.5,-1477.5,-135.0
2022-06-30 12:08:00,1481.25,-1781.25,-300.0
2022-06-30 12:09:00,1365.0,-1308.75,56.25
2022-06-30 12:10:00,1353.75,-1466.25,-112.5
2022-06-30 12:11:00,1350.0,-1395.0,-45.0
2022-06-30 12:12:00,1421.25,-1680.0,-258.75
2022-06-30 12:13:00,1537.5,-2096.25,-558.75
2022-06-30 12:14:00,1653.75,-2212.5,-558.75
2022-06-30 12:15:00,1601.25,-2118.75,-517.5
2022-06-30 12:16:00,1635.0,-2242.5,-607.5
2022-06-30 12:17:00,1601.25,-2235.0,-633.75
2022-06-30 12:18:00,1582.5,-1987.5,-405.0
2022-06-30 12:19:00,1548.75,-1758.75,-210.0
2022-06-30 12:20:00,1582.5,-1893.75,-311.25
2022-06-30 12:21:00,1575.0,-1811.25,-236.25
2022-06-30 12:22:00,1586.25,-1912.5,-326.25
2022-06-30 12:23:00,1650.0,-2111.25,-461.25
2022-06-30 12:24:00,1635.0,-2070.0,-435.0
2022-06-30 12:25:00,1638.75,-2043.75,-405.0
2022-06-30 12:26:00,1635.0,-2040.0,-405.0
2022-06-30 12:27:00,1650.0,-1961.25,-311.25
2022-06-30 12:28:00,1631.25,-1871.25,-240.0
2022-06-30 12:29:00,1608.75,-1743.75,-135.0
2022-06-30 12:30:00,1721.25,-2272.5,-551.25
2022-06-30 12:31:00,2006.25,-2598.75,-592.5
2022-06-30 12:32:00,2058.75,-2700.0,-641.25
2022-06-30 12:33:00,1998.75,-2538.75,-540.0
2022-06-30 12:34:00,2062.5,-2625.0,-562.5
2022-06-30 12:35:00,1991.25,-2591.25,-600.0
2022-06-30 12:36:00,2156.25,-2838.75,-682.5
2022-06-30 12:37:00,1882.5,-2426.25,-543.75
2022-06-30 12:38:00,1785.0,-2362.5,-577.5
2022-06-30 12:39:00,1387.5,-1931.25,-543.75
2022-06-30 12:40:00,146.25,-472.5,-326.25
2022-06-30 12:41:00,-570.0,191.25,-378.75
2022-06-30 12:42:00,127.5,-198.75,-71.25
2022-06-30 12:43:00,296.25,-397.5,-101.25
2022-06-30 12:44:00,1128.75,-1252.5,-123.75
2022-06-30 12:45:00,1425.0,-1488.75,-63.75
2022-06-30 12:46:00,1293.75,-1545.0,-251.25
2022-06-30 12:47:00,1391.25,-1627.5,-236.25
2022-06-30 12:48:00,1890.0,-2250.0,-360.0
2022-06-30 12:49:00,1627.5,-1983.75,-356.25
2022-06-30 12:50:00,1616.25,-2013.75,-397.5
2022-06-30 12:51:00,1481.25,-1788.75,-307.5
2022-06-30 12:52:00,1571.25,-1935.0,-363.75
2022-06-30 12:53:00,1672.5,-2028.75,-356.25
2022-06-30 12:54:00,1627.5,-1897.5,-270.0
2022-06-30 12:55:00,1515.0,-1811.25,-296.25
2022-06-30 12:56:00,1443.75,-1725.0,-281.25
2022-06-30 12:57:00,1271.25,-1556.25,-285.0
2022-06-30 12:58:00,1106.25,-1342.5,-236.25
2022-06-30 12:59:00,1136.25,-1278.75,-142.5
2022-06-30 13:00:00,1346.25,-1488.75,-142.5
2022-06-30 13:01:00,1406.25,-1533.75,-127.5
2022-06-30 13:02:00,1327.5,-1458.75,-131.25
2022-06-30 13:03:00,1095.0,-1185.0,-90.0
2022-06-30 13:04:00,1140.0,-1200.0,-60.0
2022-06-30 13:05:00,963.75,-1005.0,-41.25
2022-06-30 13:06:00,1008.75,-1012.5,-3.75
2022-06-30 13:07:00,390.0,-450.0,-60.0
2022-06-30 13:08:00,596.25,-483.75,112.5
2022-06-30 13:09:00,810.0,-525.0,285.0
2022-06-30 13:10:00,450.0,-153.75,296.25
2022-06-30 13:11:00,483.75,-228.75,255.0
2022-06-30 13:12:00,930.0,-521.25,408.75
2022-06-30 13:13:00,450.0,-206.25,243.75
2022-06-30 13:14:00,330.0,-67.5,262.5
2022-06-30 13:15:00,37.5,210.0,247.5
2022-06-30 13:16:00,303.75,75.0,378.75
2022-06-30 13:17:00,281.25,11.25,292.5
2022-06-30 13:18:00,-150.0,341.25,191.25
2022-06-30 13:19:00,-367.5,585.0,217.5
2022-06-30 13:20:00,-813.75,738.75,-75.0
2022-06-30 13:21:00,-45.0,431.25,386.25
2022-06-30 13:22:00,52.5,405.0,457.5
2022-06-30 13:23:00,-206.25,543.75,337.5
2022-06-30 13:24:00,112.5,491.25,603.75
2022-06-30 13:25:00,843.75,150.0,993.75
2022-06-30 13:26:00,1020.0,105.0,1125.0
2022-06-30 13:27:00,405.0,528.75,933.75
2022-06-30 13:28:00,637.5,277.5,915.0
2022-06-30 13:29:00,390.0,427.5,817.5
2022-06-30 13:30:00,510.0,390.0,900.0
2022-06-30 13:31:00,307.5,510.0,817.5
2022-06-30 13:32:00,266.25,615.0,881.25
2022-06-30 13:33:00,-615.0,1128.75,513.75
2022-06-30 13:34:00,3.75,1042.5,1046.25
2022-06-30 13:35:00,-611.25,1361.25,750.0
2022-06-30 13:36:00,-622.5,1447.5,825.0
2022-06-30 13:37:00,-600.0,1503.75,903.75
2022-06-30 13:38:00,-427.5,1286.25,858.75
2022-06-30 13:39:00,-352.5,1177.5,825.0
2022-06-30 13:40:00,-427.5,1316.25,888.75
2022-06-30 13:41:00,-341.25,1203.75,862.5
2022-06-30 13:42:00,-435.0,1316.25,881.25
2022-06-30 13:43:00,-438.75,1342.5,903.75
2022-06-30 13:44:00,-408.75,1308.75,900.0
2022-06-30 13:45:00,-442.5,1443.75,1001.25
2022-06-30 13:46:00,-536.25,1608.75,1072.5
2022-06-30 13:47:00,-352.5,1353.75,1001.25
2022-06-30 13:48:00,-378.75,1383.75,1005.0
2022-06-30 13:49:00,-472.5,1575.0,1102.5
2022-06-30 13:50:00,-116.25,967.5,851.25
2022-06-30 13:51:00,-153.75,971.25,817.5
2022-06-30 13:52:00,-120.0,941.25,821.25
2022-06-30 13:53:00,-195.0,1151.25,956.25
2022-06-30 13:54:00,-255.0,1383.75,1128.75
2022-06-30 13:55:00,-195.0,1233.75,1038.75
2022-06-30 13:56:00,-221.25,1312.5,1091.25
2022-06-30 13:57:00,-157.5,1143.75,986.25
2022-06-30 13:58:00,-135.0,1196.25,1061.25
2022-06-30 13:59:00,-52.5,1035.0,982.5
2022-06-30 14:00:00,63.75,900.0,963.75
2022-06-30 14:01:00,176.25,540.0,716.25
2022-06-30 14:02:00,75.0,990.0,1065.0
2022-06-30 14:03:00,-18.75,1188.75,1170.0
2022-06-30 14:04:00,52.5,1080.0,1132.5
2022-06-30 14:05:00,48.75,1027.5,1076.25
2022-06-30 14:06:00,33.75,1147.5,1181.25
2022-06-30 14:07:00,71.25,1046.25,1117.5
2022-06-30 14:08:00,127.5,997.5,1125.0
2022-06-30 14:09:00,0.0,1552.5,1552.5
2022-06-30 14:10:00,-15.0,1526.25,1511.25
2022-06-30 14:11:00,-15.0,1556.25,1541.25
2022-06-30 14:12:00,-120.0,1788.75,1668.75
2022-06-30 14:13:00,-255.0,1998.75,1743.75
2022-06-30 14:14:00,-285.0,2028.75,1743.75
2022-06-30 14:15:00,-360.0,2190.0,1830.0
2022-06-30 14:16:00,-315.0,2137.5,1822.5
2022-06-30 14:17:00,-97.5,2028.75,1931.25
2022-06-30 14:18:00,-232.5,2148.75,1916.25
2022-06-30 14:19:00,-187.5,2096.25,1908.75
2022-06-30 14:20:00,-187.5,2118.75,1931.25
2022-06-30 14:21:00,-243.75,2163.75,1920.0
2022-06-30 14:22:00,-348.75,2336.25,1987.5
2022-06-30 14:23:00,-251.25,2317.5,2066.25
2022-06-30 14:24:00,-138.75,2280.0,2141.25
2022-06-30 14:25:00,-142.5,2291.25,2148.75
2022-06-30 14:26:00,-26.25,2220.0,2193.75
2022-06-30 14:27:00,-63.75,2302.5,2238.75
2022-06-30 14:28:00,0.0,2250.0,2250.0
2022-06-30 14:29:00,-90.0,2407.5,2317.5
2022-06-30 14:30:00,7.5,2310.0,2317.5
2022-06-30 14:31:00,75.0,2276.25,2351.25
2022-06-30 14:32:00,78.75,2306.25,2385.0
2022-06-30 14:33:00,198.75,2205.0,2403.75
2022-06-30 14:34:00,251.25,2193.75,2445.0
2022-06-30 14:35:00,270.0,2115.0,2385.0
2022-06-30 14:36:00,217.5,2306.25,2523.75
2022-06-30 14:37:00,206.25,2310.0,2516.25
2022-06-30 14:38:00,281.25,2205.0,2486.25
2022-06-30 14:39:00,273.75,2295.0,2568.75
2022-06-30 14:40:00,315.0,2107.5,2422.5
2022-06-30 14:41:00,375.0,1935.0,2310.0
2022-06-30 14:42:00,360.0,1867.5,2227.5
2022-06-30 14:43:00,390.0,1841.25,2231.25
2022-06-30 14:44:00,371.25,2077.5,2448.75
2022-06-30 14:45:00,378.75,1916.25,2295.0
2022-06-30 14:46:00,367.5,1987.5,2355.0
2022-06-30 14:47:00,367.5,2190.0,2557.5
2022-06-30 14:48:00,375.0,2175.0,2550.0
2022-06-30 14:49:00,375.0,2298.75,2673.75
2022-06-30 14:50:00,371.25,2437.5,2808.75
2022-06-30 14:51:00,393.75,2351.25,2745.0
2022-06-30 14:52:00,408.75,2422.5,2831.25
2022-06-30 14:53:00,405.0,2433.75,2838.75
2022-06-30 14:54:00,412.5,2415.0,2827.5
2022-06-30 14:55:00,408.75,2520.0,2928.75
2022-06-30 14:56:00,408.75,2486.25,2895.0
2022-06-30 14:57:00,420.0,2550.0,2970.0
2022-06-30 14:58:00,423.75,2602.5,3026.25
2022-06-30 14:59:00,405.0,2703.75,3108.75
2022-06-30 15:00:00,416.25,2696.25,3112.5
2022-06-30 15:01:00,442.5,2670.0,3112.5
2022-06-30 15:02:00,450.0,2662.5,3112.5
2022-06-30 15:03:00,461.25,2576.25,3037.5
2022-06-30 15:04:00,461.25,2715.0,3176.25
2022-06-30 15:05:00,461.25,2748.75,3210.0
2022-06-30 15:06:00,465.0,2752.5,3217.5
2022-06-30 15:07:00,465.0,2767.5,3232.5
2022-06-30 15:08:00,465.0,2737.5,3202.5
2022-06-30 15:09:00,468.75,2748.75,3217.5
2022-06-30 15:10:00,468.75,2741.25,3210.0
2022-06-30 15:11:00,468.75,2715.0,3183.75
2022-06-30 15:12:00,468.75,2756.25,3225.0
2022-06-30 15:13:00,468.75,2756.25,3225.0
2022-06-30 15:14:00,468.75,2752.5,3221.25
2022-06-30 15:15:00,468.75,2775.0,3243.75
2022-06-30 15:16:00,472.5,2775.0,3247.5
2022-06-30 15:17:00,472.5,2760.0,3232.5
2022-06-30 15:18:00,472.5,2767.5,3240.0
2022-06-30 15:19:00,472.5,2760.0,3232.5
2022-06-30 15:20:00,472.5,2775.0,3247.5
2022-06-30 15:21:00,472.5,2775.0,3247.5
2022-06-30 15:22:00,472.5,2775.0,3247.5
2022-06-30 15:23:00,472.5,2775.0,3247.5
2022-06-30 15:24:00,472.5,2775.0,3247.5
2022-06-30 15:25:00,472.5,2775.0,3247.5
2022-06-30 15:26:00,472.5,2775.0,3247.5
2022-06-30 15:27:00,472.5,2775.0,3247.5
2022-06-30 15:28:00,472.5,2775.0,3247.5
2022-06-30 15:29:00,472.5,2775.0,3247.5
2022-06-30 15:30:00,472.5,2775.0,3247.5
2022-07-07 10:15:00,0.0,0.0,0.0
2022-07-07 10:16:00,41.25,-45.0,-3.75
2022-07-07 10:17:00,-180.0,153.75,-26.25
2022-07-07 10:18:00,-131.25,135.0,3.75
2022-07-07 10:19:00,-86.25,112.5,26.25
2022-07-07 10:20:00,-157.5,138.75,-18.75
2022-07-07 10:21:00,-131.25,146.25,15.0
2022-07-07 10:22:00,-11.25,60.0,48.75
2022-07-07 10:23:00,138.75,-7.5,131.25
2022-07-07 10:24:00,-22.5,101.25,78.75
2022-07-07 10:25:00,-168.75,232.5,63.75
2022-07-07 10:26:00,-393.75,386.25,-7.5
2022-07-07 10:27:00,-146.25,221.25,75.0
2022-07-07 10:28:00,-228.75,266.25,37.5
2022-07-07 10:29:00,-176.25,258.75,82.5
2022-07-07 10:30:00,-153.75,210.0,56.25
2022-07-07 10:31:00,-266.25,337.5,71.25
2022-07-07 10:32:00,-195.0,292.5,97.5
2022-07-07 10:33:00,-108.75,221.25,112.5
2022-07-07 10:34:00,-243.75,371.25,127.5
2022-07-07 10:35:00,-345.0,431.25,86.25
2022-07-07 10:36:00,-480.0,543.75,63.75
2022-07-07 10:37:00,-480.0,562.5,82.5
2022-07-07 10:38:00,-356.25,540.0,183.75
2022-07-07 10:39:00,-322.5,468.75,146.25
2022-07-07 10:40:00,-450.0,551.25,101.25
2022-07-07 10:41:00,-438.75,510.0,71.25
2022-07-07 10:42:00,-345.0,502.5,157.5
2022-07-07 10:43:00,-607.5,607.5,0.0
2022-07-07 10:44:00,-577.5,667.5,90.0
2022-07-07 10:45:00,-626.25,731.25,105.0
2022-07-07 10:46:00,-596.25,663.75,67.5
2022-07-07 10:47:00,-423.75,581.25,157.5
2022-07-07 10:48:00,-322.5,536.25,213.75
2022-07-07 10:49:00,-277.5,487.5,210.0
2022-07-07 10:50:00,-356.25,588.75,232.5
2022-07-07 10:51:00,-495.0,656.25,161.25
2022-07-07 10:52:00,-510.0,667.5,157.5
2022-07-07 10:53:00,-352.5,573.75,221.25
2022-07-07 10:54:00,-225.0,483.75,258.75
2022-07-07 10:55:00,-195.0,495.0,300.0
2022-07-07 10:56:00,-228.75,506.25,277.5
2022-07-07 10:57:00,-82.5,420.0,337.5
2022-07-07 10:58:00,97.5,337.5,435.0
2022-07-07 10:59:00,11.25,390.0,401.25
2022-07-07 11:00:00,30.0,367.5,397.5
2022-07-07 11:01:00,165.0,322.5,487.5
2022-07-07 11:02:00,461.25,172.5,633.75
2022-07-07 11:03:00,307.5,292.5,600.0
2022-07-07 11:04:00,375.0,225.0,600.0
2022-07-07 11:05:00,427.5,183.75,611.25
2022-07-07 11:06:00,258.75,341.25,600.0
2022-07-07 11:07:00,-11.25,551.25,540.0
2022-07-07 11:08:00,165.0,427.5,592.5
2022-07-07 11:09:00,292.5,292.5,585.0
2022-07-07 11:10:00,495.0,135.0,630.0
2022-07-07 11:11:00,671.25,131.25,802.5
2022-07-07 11:12:00,476.25,292.5,768.75
2022-07-07 11:13:00,510.0,217.5,727.5
2022-07-07 11:14:00,495.0,281.25,776.25
2022-07-07 11:15:00,562.5,228.75,791.25
2022-07-07 11:16:00,513.75,288.75,802.5
2022-07-07 11:17:00,645.0,195.0,840.0
2022-07-07 11:18:00,765.0,142.5,907.5
2022-07-07 11:19:00,806.25,150.0,956.25
2022-07-07 11:20:00,780.0,176.25,956.25
2022-07-07 11:21:00,780.0,161.25,941.25
2022-07-07 11:22:00,540.0,468.75,1008.75
2022-07-07 11:23:00,588.75,457.5,1046.25
2022-07-07 11:24:00,712.5,285.0,997.5
2022-07-07 11:25:00,742.5,240.0,982.5
2022-07-07 11:26:00,555.0,405.0,960.0
2022-07-07 11:27:00,562.5,405.0,967.5
2022-07-07 11:28:00,562.5,450.0,1012.5
2022-07-07 11:29:00,592.5,427.5,1020.0
2022-07-07 11:30:00,603.75,416.25,1020.0
2022-07-07 11:31:00,528.75,483.75,1012.5
2022-07-07 11:32:00,592.5,457.5,1050.0
2022-07-07 11:33:00,420.0,573.75,993.75
2022-07-07 11:34:00,255.0,690.0,945.0
2022-07-07 11:35:00,442.5,570.0,1012.5
2022-07-07 11:36:00,393.75,585.0,978.75
2022-07-07 11:37:00,292.5,697.5,990.0
2022-07-07 11:38:00,108.75,836.25,945.0
2022-07-07 11:39:00,135.0,851.25,986.25
2022-07-07 11:40:00,-30.0,915.0,885.0
2022-07-07 11:41:00,168.75,870.0,1038.75
2022-07-07 11:42:00,221.25,832.5,1053.75
2022-07-07 11:43:00,412.5,686.25,1098.75
2022-07-07 11:44:00,390.0,787.5,1177.5
2022-07-07 11:45:00,438.75,727.5,1166.25
2022-07-07 11:46:00,318.75,806.25,1125.0
2022-07-07 11:47:00,378.75,817.5,1196.25
2022-07-07 11:48:00,412.5,780.0,1192.5
2022-07-07 11:49:00,232.5,907.5,1140.0
2022-07-07 11:50:00,296.25,877.5,1173.75
2022-07-07 11:51:00,345.0,855.0,1200.0
2022-07-07 11:52:00,375.0,836.25,1211.25
2022-07-07 11:53:00,510.0,742.5,1252.5
2022-07-07 11:54:00,596.25,720.0,1316.25
2022-07-07 11:55:00,498.75,772.5,1271.25
2022-07-07 11:56:00,543.75,753.75,1297.5
2022-07-07 11:57:00,348.75,877.5,1226.25
2022-07-07 11:58:00,292.5,915.0,1207.5
2022-07-07 11:59:00,251.25,926.25,1177.5
2022-07-07 12:00:00,165.0,1091.25,1256.25
2022-07-07 12:01:00,168.75,1035.0,1203.75
2022-07-07 12:02:00,217.5,1016.25,1233.75
2022-07-07 12:03:00,382.5,971.25,1353.75
2022-07-07 12:04:00,367.5,1005.0,1372.5
2022-07-07 12:05:00,513.75,888.75,1402.5
2022-07-07 12:06:00,596.25,892.5,1488.75
2022-07-07 12:07:00,416.25,993.75,1410.0
2022-07-07 12:08:00,412.5,975.0,1387.5
2022-07-07 12:09:00,570.0,888.75,1458.75
2022-07-07 12:10:00,727.5,817.5,1545.0
2022-07-07 12:11:00,712.5,817.5,1530.0
2022-07-07 12:12:00,903.75,735.0,1638.75
2022-07-07 12:13:00,851.25,813.75,1665.0
2022-07-07 12:14:00,915.0,746.25,1661.25
2022-07-07 12:15:00,960.0,742.5,1702.5
2022-07-07 12:16:00,1091.25,697.5,1788.75
2022-07-07 12:17:00,877.5,911.25,1788.75
2022-07-07 12:18:00,761.25,993.75,1755.0
2022-07-07 12:19:00,806.25,948.75,1755.0
2022-07-07 12:20:00,731.25,986.25,1717.5
2022-07-07 12:21:00,690.0,1065.0,1755.0
2022-07-07 12:22:00,645.0,1050.0,1695.0
2022-07-07 12:23:00,626.25,1087.5,1713.75
2022-07-07 12:24:00,686.25,1072.5,1758.75
2022-07-07 12:25:00,648.75,1068.75,1717.5
2022-07-07 12:26:00,840.0,982.5,1822.5
2022-07-07 12:27:00,866.25,971.25,1837.5
2022-07-07 12:28:00,828.75,975.0,1803.75
2022-07-07 12:29:00,821.25,978.75,1800.0
2022-07-07 12:30:00,915.0,918.75,1833.75
2022-07-07 12:31:00,806.25,993.75,1800.0
2022-07-07 12:32:00,787.5,1001.25,1788.75
2022-07-07 12:33:00,693.75,1057.5,1751.25
2022-07-07 12:34:00,817.5,990.0,1807.5
2022-07-07 12:35:00,855.0,975.0,1830.0
2022-07-07 12:36:00,697.5,1080.0,1777.5
2022-07-07 12:37:00,795.0,1050.0,1845.0
2022-07-07 12:38:00,693.75,1083.75,1777.5
2022-07-07 12:39:00,622.5,1098.75,1721.25
2022-07-07 12:40:00,705.0,1091.25,1796.25
2022-07-07 12:41:00,843.75,1053.75,1897.5
2022-07-07 12:42:00,783.75,1065.0,1848.75
2022-07-07 12:43:00,806.25,1061.25,1867.5
2022-07-07 12:44:00,858.75,1031.25,1890.0
2022-07-07 12:45:00,1173.75,843.75,2017.5
2022-07-07 12:46:00,1053.75,866.25,1920.0
2022-07-07 12:47:00,1166.25,768.75,1935.0
2022-07-07 12:48:00,1087.5,870.0,1957.5
2022-07-07 12:49:00,1170.0,810.0,1980.0
2022-07-07 12:50:00,1053.75,952.5,2006.25
2022-07-07 12:51:00,1046.25,967.5,2013.75
2022-07-07 12:52:00,1087.5,870.0,1957.5
2022-07-07 12:53:00,997.5,1012.5,2010.0
2022-07-07 12:54:00,873.75,1106.25,1980.0
2022-07-07 12:55:00,918.75,1143.75,2062.5
2022-07-07 12:56:00,862.5,1203.75,2066.25
2022-07-07 12:57:00,915.0,1147.5,2062.5
2022-07-07 12:58:00,1083.75,1080.0,2163.75
2022-07-07 12:59:00,1050.0,1083.75,2133.75
2022-07-07 13:00:00,986.25,1132.5,2118.75
2022-07-07 13:01:00,735.0,1320.0,2055.0
2022-07-07 13:02:00,618.75,1305.0,1923.75
2022-07-07 13:03:00,378.75,1350.0,1728.75
2022-07-07 13:04:00,303.75,1368.75,1672.5
2022-07-07 13:05:00,210.0,1406.25,1616.25
2022-07-07 13:06:00,206.25,1372.5,1578.75
2022-07-07 13:07:00,468.75,1361.25,1830.0
2022-07-07 13:08:00,453.75,1365.0,1818.75
2022-07-07 13:09:00,573.75,1357.5,1931.25
2022-07-07 13:10:00,491.25,1365.0,1856.25
2022-07-07 13:11:00,352.5,1421.25,1773.75
2022-07-07 13:12:00,588.75,1383.75,1972.5
2022-07-07 13:13:00,671.25,1357.5,2028.75
2022-07-07 13:14:00,765.0,1357.5,2122.5
2022-07-07 13:15:00,836.25,1331.25,2167.5
2022-07-07 13:16:00,585.0,1421.25,2006.25
2022-07-07 13:17:00,693.75,1372.5,2066.25
2022-07-07 13:18:00,510.0,1440.0,1950.0
2022-07-07 13:19:00,326.25,1503.75,1830.0
2022-07-07 13:20:00,412.5,1518.75,1931.25
2022-07-07 13:21:00,592.5,1481.25,2073.75
2022-07-07 13:22:00,491.25,1503.75,1995.0
2022-07-07 13:23:00,483.75,1500.0,1983.75
2022-07-07 13:24:00,315.0,1548.75,1863.75
2022-07-07 13:25:00,480.0,1522.5,2002.5
2022-07-07 13:26:00,251.25,1575.0,1826.25
2022-07-07 13:27:00,390.0,1578.75,1968.75
2022-07-07 13:28:00,333.75,1578.75,1912.5
2022-07-07 13:29:00,502.5,1571.25,2073.75
2022-07-07 13:30:00,675.0,1567.5,2242.5
2022-07-07 13:31:00,566.25,1593.75,2160.0
2022-07-07 13:32:00,618.75,1582.5,2201.25
2022-07-07 13:33:00,615.0,1590.0,2205.0
2022-07-07 13:34:00,450.0,1635.0,2085.0
2022-07-07 13:35:00,633.75,1616.25,2250.0
2022-07-07 13:36:00,483.75,1646.25,2130.0
2022-07-07 13:37:00,457.5,1661.25,2118.75
2022-07-07 13:38:00,438.75,1672.5,2111.25
2022-07-07 13:39:00,352.5,1698.75,2051.25
2022-07-07 13:40:00,303.75,1691.25,1995.0
2022-07-07 13:41:00,450.0,1672.5,2122.5
2022-07-07 13:42:00,532.5,1661.25,2193.75
2022-07-07 13:43:00,690.0,1650.0,2340.0
2022-07-07 13:44:00,705.0,1657.5,2362.5
2022-07-07 13:45:00,686.25,1657.5,2343.75
2022-07-07 13:46:00,1188.75,1593.75,2782.5
2022-07-07 13:47:00,1335.0,1526.25,2861.25
2022-07-07 13:48:00,1511.25,1500.0,3011.25
2022-07-07 13:49:00,1443.75,1541.25,2985.0
2022-07-07 13:50:00,1357.5,1593.75,2951.25
2022-07-07 13:51:00,1290.0,1586.25,2876.25
2022-07-07 13:52:00,1402.5,1548.75,2951.25
2022-07-07 13:53:00,1308.75,1586.25,2895.0
2022-07-07 13:54:00,1312.5,1601.25,2913.75
2022-07-07 13:55:00,1278.75,1638.75,2917.5
2022-07-07 13:56:00,1320.0,1635.0,2955.0
2022-07-07 13:57:00,1248.75,1650.0,2898.75
2022-07-07 13:58:00,1586.25,1541.25,3127.5
2022-07-07 13:59:00,1533.75,1578.75,3112.5
2022-07-07 14:00:00,1597.5,1552.5,3150.0
2022-07-07 14:01:00,1541.25,1590.0,3131.25
2022-07-07 14:02:00,1755.0,1451.25,3206.25
2022-07-07 14:03:00,1863.75,1447.5,3311.25
2022-07-07 14:04:00,1905.0,1357.5,3262.5
2022-07-07 14:05:00,1927.5,1365.0,3292.5
2022-07-07 14:06:00,1826.25,1485.0,3311.25
2022-07-07 14:07:00,1833.75,1503.75,3337.5
2022-07-07 14:08:00,1818.75,1485.0,3303.75
2022-07-07 14:09:00,1942.5,1376.25,3318.75
2022-07-07 14:10:00,1890.0,1451.25,3341.25
2022-07-07 14:11:00,1946.25,1376.25,3322.5
2022-07-07 14:12:00,2043.75,1185.0,3228.75
2022-07-07 14:13:00,2032.5,1282.5,3315.0
2022-07-07 14:14:00,2043.75,1200.0,3243.75
2022-07-07 14:15:00,2085.0,967.5,3052.5
2022-07-07 14:16:00,2118.75,1020.0,3138.75
2022-07-07 14:17:00,2103.75,948.75,3052.5
2022-07-07 14:18:00,2088.75,1140.0,3228.75
2022-07-07 14:19:00,2100.0,948.75,3048.75
2022-07-07 14:20:00,2081.25,1113.75,3195.0
2022-07-07 14:21:00,2066.25,1458.75,3525.0
2022-07-07 14:22:00,2010.0,1511.25,3521.25
2022-07-07 14:23:00,2006.25,1612.5,3618.75
2022-07-07 14:24:00,2006.25,1571.25,3577.5
2022-07-07 14:25:00,1935.0,1627.5,3562.5
2022-07-07 14:26:00,2036.25,1530.0,3566.25
2022-07-07 14:27:00,2066.25,1590.0,3656.25
2022-07-07 14:28:00,2032.5,1616.25,3648.75
2022-07-07 14:29:00,2062.5,1563.75,3626.25
2022-07-07 14:30:00,2006.25,1657.5,3663.75
2022-07-07 14:31:00,1833.75,1728.75,3562.5
2022-07-07 14:32:00,1897.5,1721.25,3618.75
2022-07-07 14:33:00,1856.25,1770.0,3626.25
2022-07-07 14:34:00,1935.0,1736.25,3671.25
2022-07-07 14:35:00,1897.5,1766.25,3663.75
2022-07-07 14:36:00,1998.75,1747.5,3746.25
2022-07-07 14:37:00,2025.0,1751.25,3776.25
2022-07-07 14:38:00,1961.25,1755.0,3716.25
2022-07-07 14:39:00,1950.0,1785.0,3735.0
2022-07-07 14:40:00,1886.25,1807.5,3693.75
2022-07-07 14:41:00,1901.25,1811.25,3712.5
2022-07-07 14:42:00,1957.5,1833.75,3791.25
2022-07-07 14:43:00,1983.75,1815.0,3798.75
2022-07-07 14:44:00,1972.5,1833.75,3806.25
2022-07-07 14:45:00,1908.75,1837.5,3746.25
2022-07-07 14:46:00,1886.25,1841.25,3727.5
2022-07-07 14:47:00,1976.25,1837.5,3813.75
2022-07-07 14:48:00,1927.5,1841.25,3768.75
2022-07-07 14:49:00,1777.5,1852.5,3630.0
2022-07-07 14:50:00,1830.0,1860.0,3690.0
2022-07-07 14:51:00,1762.5,1856.25,3618.75
2022-07-07 14:52:00,1841.25,1856.25,3697.5
2022-07-07 14:53:00,1942.5,1852.5,3795.0
2022-07-07 14:54:00,1998.75,1856.25,3855.0
2022-07-07 14:55:00,1938.75,1860.0,3798.75
2022-07-07 14:56:00,1860.0,1860.0,3720.0
2022-07-07 14:57:00,1961.25,1863.75,3825.0
2022-07-07 14:58:00,1961.25,1863.75,3825.0
2022-07-07 14:59:00,2043.75,1863.75,3907.5
2022-07-07 15:00:00,2058.75,1863.75,3922.5
2022-07-07 15:01:00,2175.0,1863.75,4038.75
2022-07-07 15:02:00,2220.0,1860.0,4080.0
2022-07-07 15:03:00,2178.75,1871.25,4050.0
2022-07-07 15:04:00,2085.0,1871.25,3956.25
2022-07-07 15:05:00,2167.5,1878.75,4046.25
2022-07-07 15:06:00,2096.25,1878.75,3975.0
2022-07-07 15:07:00,2036.25,1882.5,3918.75
2022-07-07 15:08:00,2141.25,1886.25,4027.5
2022-07-07 15:09:00,2205.0,1882.5,4087.5
2022-07-07 15:10:00,2163.75,1886.25,4050.0
2022-07-07 15:11:00,2190.0,1886.25,4076.25
2022-07-07 15:12:00,2208.75,1886.25,4095.0
2022-07-07 15:13:00,2235.0,1882.5,4117.5
2022-07-07 15:14:00,2242.5,1882.5,4125.0
2022-07-07 15:15:00,2250.0,1886.25,4136.25
2022-07-07 15:16:00,2253.75,1882.5,4136.25
2022-07-07 15:17:00,2253.75,1882.5,4136.25
2022-07-07 15:18:00,2253.75,1886.25,4140.0
2022-07-07 15:19:00,2257.5,1886.25,4143.75
2022-07-07 15:20:00,2253.75,1882.5,4136.25
2022-07-07 15:21:00,2253.75,1882.5,4136.25
2022-07-07 15:22:00,2253.75,1882.5,4136.25
2022-07-07 15:23:00,2253.75,1882.5,4136.25
2022-07-07 15:24:00,2253.75,1882.5,4136.25
2022-07-07 15:25:00,2253.75,1882.5,4136.25
2022-07-07 15:26:00,2253.75,1882.5,4136.25
2022-07-07 15:27:00,2253.75,1882.5,4136.25
2022-07-07 15:28:00,2253.75,1882.5,4136.25
2022-07-07 15:29:00,2253.75,1882.5,4136.25
2022-07-07 15:30:00,2253.75,1882.5,4136.25
2022-07-14 10:15:00,0.0,0.0,0.0
2022-07-14 10:16:00,236.25,-240.0,-3.75
2022-07-14 10:17:00,285.0,-225.0,60.0
2022-07-14 10:18:00,330.0,-243.75,86.25
2022-07-14 10:19:00,303.75,-232.5,71.25
2022-07-14 10:20:00,127.5,-93.75,33.75
2022-07-14 10:21:00,165.0,-108.75,56.25
2022-07-14 10:22:00,363.75,-255.0,108.75
2022-07-14 10:23:00,453.75,-296.25,157.5
2022-07-14 10:24:00,543.75,-360.0,183.75
2022-07-14 10:25:00,603.75,-412.5,191.25
2022-07-14 10:26:00,525.0,-322.5,202.5
2022-07-14 10:27:00,727.5,-596.25,131.25
2022-07-14 10:28:00,686.25,-521.25,165.0
2022-07-14 10:29:00,735.0,-581.25,153.75
2022-07-14 10:30:00,847.5,-701.25,146.25
2022-07-14 10:31:00,671.25,-363.75,307.5
2022-07-14 10:32:00,626.25,-423.75,202.5
2022-07-14 10:33:00,652.5,-483.75,168.75
2022-07-14 10:34:00,626.25,-468.75,157.5
2022-07-14 10:35:00,633.75,-438.75,195.0
2022-07-14 10:36:00,596.25,-405.0,191.25
2022-07-14 10:37:00,761.25,-555.0,206.25
2022-07-14 10:38:00,806.25,-648.75,157.5
2022-07-14 10:39:00,836.25,-678.75,157.5
2022-07-14 10:40:00,896.25,-712.5,183.75
2022-07-14 10:41:00,1050.0,-945.0,105.0
2022-07-14 10:42:00,1016.25,-892.5,123.75
2022-07-14 10:43:00,967.5,-776.25,191.25
2022-07-14 10:44:00,1001.25,-858.75,142.5
2022-07-14 10:45:00,851.25,-588.75,262.5
2022-07-14 10:46:00,802.5,-506.25,296.25
2022-07-14 10:47:00,903.75,-682.5,221.25
2022-07-14 10:48:00,930.0,-750.0,180.0
2022-07-14 10:49:00,862.5,-600.0,262.5
2022-07-14 10:50:00,798.75,-547.5,251.25
2022-07-14 10:51:00,836.25,-570.0,266.25
2022-07-14 10:52:00,825.0,-603.75,221.25
2022-07-14 10:53:00,851.25,-566.25,285.0
2022-07-14 10:54:00,798.75,-442.5,356.25
2022-07-14 10:55:00,618.75,-153.75,465.0
2022-07-14 10:56:00,645.0,-187.5,457.5
2022-07-14 10:57:00,720.0,-277.5,442.5
2022-07-14 10:58:00,795.0,-322.5,472.5
2022-07-14 10:59:00,738.75,-195.0,543.75
2022-07-14 11:00:00,723.75,-165.0,558.75
2022-07-14 11:01:00,641.25,-15.0,626.25
2022-07-14 11:02:00,738.75,-123.75,615.0
2022-07-14 11:03:00,975.0,-495.0,480.0
2022-07-14 11:04:00,1121.25,-611.25,510.0
2022-07-14 11:05:00,1023.75,-446.25,577.5
2022-07-14 11:06:00,1046.25,-427.5,618.75
2022-07-14 11:07:00,1027.5,-423.75,603.75
2022-07-14 11:08:00,1185.0,-648.75,536.25
2022-07-14 11:09:00,1188.75,-648.75,540.0
2022-07-14 11:10:00,1320.0,-836.25,483.75
2022-07-14 11:11:00,1320.0,-881.25,438.75
2022-07-14 11:12:00,1293.75,-873.75,420.0
2022-07-14 11:13:00,1413.75,-1211.25,202.5
2022-07-14 11:14:00,1376.25,-1005.0,371.25
2022-07-14 11:15:00,1421.25,-1230.0,191.25
2022-07-14 11:16:00,1496.25,-1361.25,135.0
2022-07-14 11:17:00,1578.75,-1833.75,-255.0
2022-07-14 11:18:00,1635.0,-2145.0,-510.0
2022-07-14 11:19:00,1605.0,-2160.0,-555.0
2022-07-14 11:20:00,1597.5,-2208.75,-611.25
2022-07-14 11:21:00,1417.5,-1882.5,-465.0
2022-07-14 11:22:00,1627.5,-2242.5,-615.0
2022-07-14 11:23:00,1571.25,-2133.75,-562.5
2022-07-14 11:24:00,1691.25,-2238.75,-547.5
2022-07-14 11:25:00,1953.75,-2557.5,-603.75
2022-07-14 11:26:00,1781.25,-2310.0,-528.75
2022-07-14 11:27:00,1687.5,-2212.5,-525.0
2022-07-14 11:28:00,1563.75,-2100.0,-536.25
2022-07-14 11:29:00,1620.0,-2201.25,-581.25
2022-07-14 11:30:00,1803.75,-2385.0,-581.25
2022-07-14 11:31:00,1875.0,-2531.25,-656.25
2022-07-14 11:32:00,2088.75,-2943.75,-855.0
2022-07-14 11:33:00,2343.75,-3431.25,-1087.5
2022-07-14 11:34:00,2205.0,-3007.5,-802.5
2022-07-14 11:35:00,2366.25,-3412.5,-1046.25
2022-07-14 11:36:00,2291.25,-3262.5,-971.25
2022-07-14 11:37:00,2160.0,-2951.25,-791.25
2022-07-14 11:38:00,2197.5,-3003.75,-806.25
2022-07-14 11:39:00,2100.0,-2857.5,-757.5
2022-07-14 11:40:00,2040.0,-2677.5,-637.5
2022-07-14 11:41:00,1837.5,-2272.5,-435.0
2022-07-14 11:42:00,1946.25,-2411.25,-465.0
2022-07-14 11:43:00,2006.25,-2538.75,-532.5
2022-07-14 11:44:00,1901.25,-2362.5,-461.25
2022-07-14 11:45:00,1980.0,-2430.0,-450.0
2022-07-14 11:46:00,2268.75,-2838.75,-570.0
2022-07-14 11:47:00,2403.75,-3048.75,-645.0
2022-07-14 11:48:00,2542.5,-3150.0,-607.5
2022-07-14 11:49:00,2403.75,-2925.0,-521.25
2022-07-14 11:50:00,2430.0,-2880.0,-450.0
2022-07-14 11:51:00,2550.0,-3075.0,-525.0
2022-07-14 11:52:00,2400.0,-2715.0,-315.0
2022-07-14 11:53:00,2287.5,-2501.25,-213.75
2022-07-14 11:54:00,2422.5,-2778.75,-356.25
2022-07-14 11:55:00,2662.5,-3168.75,-506.25
2022-07-14 11:56:00,2587.5,-2981.25,-393.75
2022-07-14 11:57:00,2737.5,-3255.0,-517.5
2022-07-14 11:58:00,2703.75,-3311.25,-607.5
2022-07-14 11:59:00,2748.75,-3131.25,-382.5
2022-07-14 12:00:00,2688.75,-2962.5,-273.75
2022-07-14 12:01:00,2936.25,-3483.75,-547.5
2022-07-14 12:02:00,2921.25,-3326.25,-405.0
2022-07-14 12:03:00,3041.25,-3540.0,-498.75
2022-07-14 12:04:00,3123.75,-3570.0,-446.25
2022-07-14 12:05:00,3191.25,-3592.5,-401.25
2022-07-14 12:06:00,3093.75,-3476.25,-382.5
2022-07-14 12:07:00,3120.0,-3611.25,-491.25
2022-07-14 12:08:00,3266.25,-3866.25,-600.0
2022-07-14 12:09:00,3333.75,-4065.0,-731.25
2022-07-14 12:10:00,3187.5,-3708.75,-521.25
2022-07-14 12:11:00,3195.0,-3780.0,-585.0
2022-07-14 12:12:00,3093.75,-3596.25,-502.5
2022-07-14 12:13:00,3007.5,-3371.25,-363.75
2022-07-14 12:14:00,2838.75,-2977.5,-138.75
2022-07-14 12:15:00,2906.25,-3165.0,-258.75
2022-07-14 12:16:00,2501.25,-2445.0,56.25
2022-07-14 12:17:00,2580.0,-2595.0,-15.0
2022-07-14 12:18:00,2358.75,-2197.5,161.25
2022-07-14 12:19:00,2160.0,-1890.0,270.0
2022-07-14 12:20:00,2336.25,-2126.25,210.0
2022-07-14 12:21:00,2167.5,-1792.5,375.0
2022-07-14 12:22:00,2475.0,-2103.75,371.25
2022-07-14 12:23:00,2550.0,-2220.0,330.0
2022-07-14 12:24:00,2730.0,-2430.0,300.0
2022-07-14 12:25:00,2955.0,-2718.75,236.25
2022-07-14 12:26:00,2857.5,-2651.25,206.25
2022-07-14 12:27:00,3015.0,-2910.0,105.0
2022-07-14 12:28:00,3037.5,-2895.0,142.5
2022-07-14 12:29:00,3153.75,-3033.75,120.0
2022-07-14 12:30:00,3075.0,-2902.5,172.5
2022-07-14 12:31:00,2737.5,-2272.5,465.0
2022-07-14 12:32:00,2595.0,-2130.0,465.0
2022-07-14 12:33:00,2602.5,-2156.25,446.25
2022-07-14 12:34:00,2797.5,-2463.75,333.75
2022-07-14 12:35:00,2842.5,-2602.5,240.0
2022-07-14 12:36:00,3120.0,-3093.75,26.25
2022-07-14 12:37:00,3082.5,-3007.5,75.0
2022-07-14 12:38:00,3131.25,-3105.0,26.25
2022-07-14 12:39:00,3213.75,-3270.0,-56.25
2022-07-14 12:40:00,3116.25,-3172.5,-56.25
2022-07-14 12:41:00,3078.75,-2977.5,101.25
2022-07-14 12:42:00,3011.25,-2737.5,273.75
2022-07-14 12:43:00,3097.5,-2925.0,172.5
2022-07-14 12:44:00,3206.25,-3262.5,-56.25
2022-07-14 12:45:00,3202.5,-3296.25,-93.75
2022-07-14 12:46:00,3180.0,-3161.25,18.75
2022-07-14 12:47:00,3037.5,-2962.5,75.0
2022-07-14 12:48:00,2865.0,-2628.75,236.25
2022-07-14 12:49:00,3003.75,-2797.5,206.25
2022-07-14 12:50:00,2996.25,-2846.25,150.0
2022-07-14 12:51:00,2857.5,-2617.5,240.0
2022-07-14 12:52:00,2913.75,-2677.5,236.25
2022-07-14 12:53:00,3071.25,-2861.25,210.0
2022-07-14 12:54:00,3093.75,-2925.0,168.75
2022-07-14 12:55:00,3048.75,-2823.75,225.0
2022-07-14 12:56:00,2895.0,-2602.5,292.5
2022-07-14 12:57:00,3000.0,-2707.5,292.5
2022-07-14 12:58:00,3033.75,-2718.75,315.0
2022-07-14 12:59:00,2752.5,-2302.5,450.0
2022-07-14 13:00:00,2141.25,-1432.5,708.75
2022-07-14 13:01:00,1773.75,-840.0,933.75
2022-07-14 13:02:00,1860.0,-817.5,1042.5
2022-07-14 13:03:00,1901.25,-930.0,971.25
2022-07-14 13:04:00,2767.5,-1635.0,1132.5
2022-07-14 13:05:00,2865.0,-1901.25,963.75
2022-07-14 13:06:00,2628.75,-1687.5,941.25
2022-07-14 13:07:00,2520.0,-1492.5,1027.5
2022-07-14 13:08:00,2317.5,-1312.5,1005.0
2022-07-14 13:09:00,2662.5,-1680.0,982.5
2022-07-14 13:10:00,2838.75,-1908.75,930.0
2022-07-14 13:11:00,3071.25,-2171.25,900.0
2022-07-14 13:12:00,3000.0,-2175.0,825.0
2022-07-14 13:13:00,2756.25,-1803.75,952.5
2022-07-14 13:14:00,2655.0,-1496.25,1158.75
2022-07-14 13:15:00,2805.0,-1762.5,1042.5
2022-07-14 13:16:00,2947.5,-1965.0,982.5
2022-07-14 13:17:00,2977.5,-2186.25,791.25
2022-07-14 13:18:00,2763.75,-1770.0,993.75
2022-07-14 13:19:00,2962.5,-2047.5,915.0
2022-07-14 13:20:00,3243.75,-2531.25,712.5
2022-07-14 13:21:00,3273.75,-2700.0,573.75
2022-07-14 13:22:00,3551.25,-3183.75,367.5
2022-07-14 13:23:00,3821.25,-4020.0,-198.75
2022-07-14 13:24:00,3885.0,-4245.0,-360.0
2022-07-14 13:25:00,3855.0,-4076.25,-221.25
2022-07-14 13:26:00,3806.25,-4038.75,-232.5
2022-07-14 13:27:00,3885.0,-4042.5,-157.5
2022-07-14 13:28:00,3892.5,-3933.75,-41.25
2022-07-14 13:29:00,3922.5,-3937.5,-15.0
2022-07-14 13:30:00,3870.0,-3761.25,108.75
2022-07-14 13:31:00,3952.5,-3926.25,26.25
2022-07-14 13:32:00,3877.5,-3558.75,318.75
2022-07-14 13:33:00,3825.0,-3427.5,397.5
2022-07-14 13:34:00,3975.0,-3941.25,33.75
2022-07-14 13:35:00,3982.5,-3828.75,153.75
2022-07-14 13:36:00,4050.0,-4125.0,-75.0
2022-07-14 13:37:00,4035.0,-4057.5,-22.5
2022-07-14 13:38:00,4087.5,-4320.0,-232.5
2022-07-14 13:39:00,3945.0,-3585.0,360.0
2022-07-14 13:40:00,3975.0,-3637.5,337.5
2022-07-14 13:41:00,4091.25,-4203.75,-112.5
2022-07-14 13:42:00,4091.25,-4031.25,60.0
2022-07-14 13:43:00,4053.75,-3881.25,172.5
2022-07-14 13:44:00,4005.0,-3727.5,277.5
2022-07-14 13:45:00,3993.75,-3551.25,442.5
2022-07-14 13:46:00,3933.75,-3356.25,577.5
2022-07-14 13:47:00,3903.75,-3086.25,817.5
2022-07-14 13:48:00,3930.0,-3138.75,791.25
2022-07-14 13:49:00,4128.75,-3780.0,348.75
2022-07-14 13:50:00,3990.0,-3082.5,907.5
2022-07-14 13:51:00,4046.25,-3296.25,750.0
2022-07-14 13:52:00,4065.0,-3457.5,607.5
2022-07-14 13:53:00,4050.0,-3371.25,678.75
2022-07-14 13:54:00,4173.75,-3787.5,386.25
2022-07-14 13:55:00,4226.25,-4181.25,45.0
2022-07-14 13:56:00,4327.5,-4192.5,135.0
2022-07-14 13:57:00,4338.75,-4207.5,131.25
2022-07-14 13:58:00,4357.5,-4218.75,138.75
2022-07-14 13:59:00,4346.25,-4170.0,176.25
2022-07-14 14:00:00,4387.5,-4308.75,78.75
2022-07-14 14:01:00,4406.25,-4391.25,15.0
2022-07-14 14:02:00,4413.75,-4350.0,63.75
2022-07-14 14:03:00,4398.75,-4263.75,135.0
2022-07-14 14:04:00,4406.25,-4297.5,108.75
2022-07-14 14:05:00,4425.0,-4335.0,90.0
2022-07-14 14:06:00,4391.25,-4143.75,247.5
2022-07-14 14:07:00,4391.25,-4106.25,285.0
2022-07-14 14:08:00,4376.25,-4080.0,296.25
2022-07-14 14:09:00,4380.0,-4087.5,292.5
2022-07-14 14:10:00,4458.75,-4192.5,266.25
2022-07-14 14:11:00,4492.5,-4282.5,210.0
2022-07-14 14:12:00,4526.25,-4372.5,153.75
2022-07-14 14:13:00,4541.25,-4488.75,52.5
2022-07-14 14:14:00,4552.5,-4646.25,-93.75
2022-07-14 14:15:00,4567.5,-4683.75,-116.25
2022-07-14 14:16:00,4560.0,-4578.75,-18.75
2022-07-14 14:17:00,4560.0,-4623.75,-63.75
2022-07-14 14:18:00,4563.75,-4507.5,56.25
2022-07-14 14:19:00,4563.75,-4496.25,67.5
2022-07-14 14:20:00,4567.5,-4417.5,150.0
2022-07-14 14:21:00,4601.25,-4511.25,90.0
2022-07-14 14:22:00,4616.25,-4582.5,33.75
2022-07-14 14:23:00,4612.5,-4886.25,-273.75
2022-07-14 14:24:00,4608.75,-4923.75,-315.0
2022-07-14 14:25:00,4608.75,-4710.0,-101.25
2022-07-14 14:26:00,4620.0,-4965.0,-345.0
2022-07-14 14:27:00,4608.75,-4578.75,30.0
2022-07-14 14:28:00,4608.75,-4541.25,67.5
2022-07-14 14:29:00,4608.75,-4462.5,146.25
2022-07-14 14:30:00,4612.5,-4653.75,-41.25
2022-07-14 14:31:00,4597.5,-4511.25,86.25
2022-07-14 14:32:00,4608.75,-4462.5,146.25
2022-07-14 14:33:00,4601.25,-4391.25,210.0
2022-07-14 14:34:00,4597.5,-4260.0,337.5
2022-07-14 14:35:00,4586.25,-4121.25,465.0
2022-07-14 14:36:00,4601.25,-4215.0,386.25
2022-07-14 14:37:00,4575.0,-4020.0,555.0
2022-07-14 14:38:00,4567.5,-3952.5,615.0
2022-07-14 14:39:00,4571.25,-3948.75,622.5
2022-07-14 14:40:00,4560.0,-3888.75,671.25
2022-07-14 14:41:00,4556.25,-3862.5,693.75
2022-07-14 14:42:00,4593.75,-3870.0,723.75
2022-07-14 14:43:00,4608.75,-3888.75,720.0
2022-07-14 14:44:00,4601.25,-3832.5,768.75
2022-07-14 14:45:00,4612.5,-3817.5,795.0
2022-07-14 14:46:00,4623.75,-3776.25,847.5
2022-07-14 14:47:00,4635.0,-3798.75,836.25
2022-07-14 14:48:00,4642.5,-3798.75,843.75
2022-07-14 14:49:00,4653.75,-3843.75,810.0
2022-07-14 14:50:00,4661.25,-3843.75,817.5
2022-07-14 14:51:00,4657.5,-3840.0,817.5
2022-07-14 14:52:00,4657.5,-3787.5,870.0
2022-07-14 14:53:00,4665.0,-3813.75,851.25
2022-07-14 14:54:00,4665.0,-3881.25,783.75
2022-07-14 14:55:00,4672.5,-3918.75,753.75
2022-07-14 14:56:00,4668.75,-3787.5,881.25
2022-07-14 14:57:00,4668.75,-3795.0,873.75
2022-07-14 14:58:00,4672.5,-3731.25,941.25
2022-07-14 14:59:00,4676.25,-3738.75,937.5
2022-07-14 15:00:00,4676.25,-3731.25,945.0
2022-07-14 15:01:00,4665.0,-3690.0,975.0
2022-07-14 15:02:00,4668.75,-3682.5,986.25
2022-07-14 15:03:00,4676.25,-3686.25,990.0
2022-07-14 15:04:00,4672.5,-3675.0,997.5
2022-07-14 15:05:00,4672.5,-3667.5,1005.0
2022-07-14 15:06:00,4676.25,-3663.75,1012.5
2022-07-14 15:07:00,4676.25,-3663.75,1012.5
2022-07-14 15:08:00,4680.0,-3660.0,1020.0
2022-07-14 15:09:00,4672.5,-3660.0,1012.5
2022-07-14 15:10:00,4680.0,-3663.75,1016.25
2022-07-14 15:11:00,4676.25,-3656.25,1020.0
2022-07-14 15:12:00,4665.0,-3660.0,1005.0
2022-07-14 15:13:00,4668.75,-3660.0,1008.75
2022-07-14 15:14:00,4676.25,-3656.25,1020.0
2022-07-14 15:15:00,4672.5,-3656.25,1016.25
2022-07-14 15:16:00,4683.75,-3660.0,1023.75
2022-07-14 15:17:00,4687.5,-3660.0,1027.5
2022-07-14 15:18:00,4683.75,-3660.0,1023.75
2022-07-14 15:19:00,4687.5,-3656.25,1031.25
2022-07-14 15:20:00,4687.5,-3656.25,1031.25
2022-07-14 15:21:00,4687.5,-3656.25,1031.25
2022-07-14 15:22:00,4687.5,-3656.25,1031.25
2022-07-14 15:23:00,4687.5,-3656.25,1031.25
2022-07-14 15:24:00,4687.5,-3656.25,1031.25
2022-07-14 15:25:00,4687.5,-3656.25,1031.25
2022-07-14 15:26:00,4687.5,-3656.25,1031.25
2022-07-14 15:27:00,4687.5,-3656.25,1031.25
2022-07-14 15:28:00,4687.5,-3656.25,1031.25
2022-07-14 15:29:00,4687.5,-3656.25,1031.25
2022-07-14 15:30:00,4687.5,-3656.25,1031.25
2022-07-21 10:15:00,0.0,0.0,0.0
2022-07-21 10:16:00,150.0,-60.0,90.0
2022-07-21 10:17:00,116.25,-63.75,52.5
2022-07-21 10:18:00,-45.0,63.75,18.75
2022-07-21 10:19:00,-127.5,86.25,-41.25
2022-07-21 10:20:00,-101.25,33.75,-67.5
2022-07-21 10:21:00,-41.25,-22.5,-63.75
2022-07-21 10:22:00,67.5,-86.25,-18.75
2022-07-21 10:23:00,-15.0,-26.25,-41.25
2022-07-21 10:24:00,33.75,-52.5,-18.75
2022-07-21 10:25:00,-67.5,7.5,-60.0
2022-07-21 10:26:00,142.5,-142.5,0.0
2022-07-21 10:27:00,172.5,-127.5,45.0
2022-07-21 10:28:00,153.75,-116.25,37.5
2022-07-21 10:29:00,165.0,-131.25,33.75
2022-07-21 10:30:00,180.0,-97.5,82.5
2022-07-21 10:31:00,363.75,-206.25,157.5
2022-07-21 10:32:00,330.0,-176.25,153.75
2022-07-21 10:33:00,408.75,-195.0,213.75
2022-07-21 10:34:00,420.0,-202.5,217.5
2022-07-21 10:35:00,255.0,-45.0,210.0
2022-07-21 10:36:00,206.25,37.5,243.75
2022-07-21 10:37:00,401.25,-168.75,232.5
2022-07-21 10:38:00,371.25,-172.5,198.75
2022-07-21 10:39:00,337.5,-146.25,191.25
2022-07-21 10:40:00,345.0,-142.5,202.5
2022-07-21 10:41:00,337.5,-116.25,221.25
2022-07-21 10:42:00,405.0,-153.75,251.25
2022-07-21 10:43:00,360.0,-123.75,236.25
2022-07-21 10:44:00,393.75,-120.0,273.75
2022-07-21 10:45:00,270.0,7.5,277.5
2022-07-21 10:46:00,243.75,33.75,277.5
2022-07-21 10:47:00,221.25,30.0,251.25
2022-07-21 10:48:00,270.0,22.5,292.5
2022-07-21 10:49:00,157.5,180.0,337.5
2022-07-21 10:50:00,213.75,82.5,296.25
2022-07-21 10:51:00,217.5,101.25,318.75
2022-07-21 10:52:00,180.0,127.5,307.5
2022-07-21 10:53:00,213.75,108.75,322.5
2022-07-21 10:54:00,206.25,123.75,330.0
2022-07-21 10:55:00,82.5,270.0,352.5
2022-07-21 10:56:00,127.5,240.0,367.5
2022-07-21 10:57:00,146.25,213.75,360.0
2022-07-21 10:58:00,131.25,236.25,367.5
2022-07-21 10:59:00,240.0,206.25,446.25
2022-07-21 11:00:00,356.25,116.25,472.5
2022-07-21 11:01:00,277.5,150.0,427.5
2022-07-21 11:02:00,187.5,247.5,435.0
2022-07-21 11:03:00,255.0,195.0,450.0
2022-07-21 11:04:00,240.0,198.75,438.75
2022-07-21 11:05:00,600.0,26.25,626.25
2022-07-21 11:06:00,806.25,-135.0,671.25
2022-07-21 11:07:00,645.0,-3.75,641.25
2022-07-21 11:08:00,483.75,97.5,581.25
2022-07-21 11:09:00,378.75,191.25,570.0
2022-07-21 11:10:00,382.5,217.5,600.0
2022-07-21 11:11:00,341.25,198.75,540.0
2022-07-21 11:12:00,311.25,217.5,528.75
2022-07-21 11:13:00,363.75,206.25,570.0
2022-07-21 11:14:00,198.75,333.75,532.5
2022-07-21 11:15:00,307.5,247.5,555.0
2022-07-21 11:16:00,311.25,247.5,558.75
2022-07-21 11:17:00,330.0,255.0,585.0
2022-07-21 11:18:00,427.5,168.75,596.25
2022-07-21 11:19:00,326.25,266.25,592.5
2022-07-21 11:20:00,281.25,277.5,558.75
2022-07-21 11:21:00,251.25,300.0,551.25
2022-07-21 11:22:00,213.75,315.0,528.75
2022-07-21 11:23:00,67.5,438.75,506.25
2022-07-21 11:24:00,101.25,378.75,480.0
2022-07-21 11:25:00,86.25,408.75,495.0
2022-07-21 11:26:00,67.5,423.75,491.25
2022-07-21 11:27:00,-71.25,483.75,412.5
2022-07-21 11:28:00,-33.75,453.75,420.0
2022-07-21 11:29:00,-30.0,483.75,453.75
2022-07-21 11:30:00,-93.75,547.5,453.75
2022-07-21 11:31:00,-67.5,472.5,405.0
2022-07-21 11:32:00,-15.0,487.5,472.5
2022-07-21 11:33:00,-56.25,510.0,453.75
2022-07-21 11:34:00,11.25,480.0,491.25
2022-07-21 11:35:00,33.75,483.75,517.5
2022-07-21 11:36:00,180.0,405.0,585.0
2022-07-21 11:37:00,-7.5,491.25,483.75
2022-07-21 11:38:00,-56.25,525.0,468.75
2022-07-21 11:39:00,-71.25,555.0,483.75
2022-07-21 11:40:00,-157.5,581.25,423.75
2022-07-21 11:41:00,-363.75,615.0,251.25
2022-07-21 11:42:00,-232.5,600.0,367.5
2022-07-21 11:43:00,-60.0,532.5,472.5
2022-07-21 11:44:00,-11.25,498.75,487.5
2022-07-21 11:45:00,-56.25,517.5,461.25
2022-07-21 11:46:00,142.5,431.25,573.75
2022-07-21 11:47:00,221.25,375.0,596.25
2022-07-21 11:48:00,63.75,491.25,555.0
2022-07-21 11:49:00,-22.5,547.5,525.0
2022-07-21 11:50:00,-26.25,547.5,521.25
2022-07-21 11:51:00,135.0,472.5,607.5
2022-07-21 11:52:00,146.25,461.25,607.5
2022-07-21 11:53:00,86.25,465.0,551.25
2022-07-21 11:54:00,191.25,405.0,596.25
2022-07-21 11:55:00,217.5,408.75,626.25
2022-07-21 11:56:00,251.25,416.25,667.5
2022-07-21 11:57:00,202.5,435.0,637.5
2022-07-21 11:58:00,82.5,468.75,551.25
2022-07-21 11:59:00,187.5,420.0,607.5
2022-07-21 12:00:00,352.5,371.25,723.75
2022-07-21 12:01:00,465.0,326.25,791.25
2022-07-21 12:02:00,480.0,292.5,772.5
2022-07-21 12:03:00,558.75,236.25,795.0
2022-07-21 12:04:00,502.5,367.5,870.0
2022-07-21 12:05:00,483.75,423.75,907.5
2022-07-21 12:06:00,363.75,423.75,787.5
2022-07-21 12:07:00,435.0,408.75,843.75
2022-07-21 12:08:00,360.0,495.0,855.0
2022-07-21 12:09:00,341.25,506.25,847.5
2022-07-21 12:10:00,300.0,536.25,836.25
2022-07-21 12:11:00,333.75,510.0,843.75
2022-07-21 12:12:00,390.0,461.25,851.25
2022-07-21 12:13:00,495.0,420.0,915.0
2022-07-21 12:14:00,465.0,405.0,870.0
2022-07-21 12:15:00,468.75,438.75,907.5
2022-07-21 12:16:00,480.0,405.0,885.0
2022-07-21 12:17:00,506.25,405.0,911.25
2022-07-21 12:18:00,532.5,360.0,892.5
2022-07-21 12:19:00,495.0,427.5,922.5
2022-07-21 12:20:00,585.0,360.0,945.0
2022-07-21 12:21:00,720.0,281.25,1001.25
2022-07-21 12:22:00,693.75,326.25,1020.0
2022-07-21 12:23:00,697.5,326.25,1023.75
2022-07-21 12:24:00,675.0,311.25,986.25
2022-07-21 12:25:00,637.5,363.75,1001.25
2022-07-21 12:26:00,611.25,367.5,978.75
2022-07-21 12:27:00,596.25,420.0,1016.25
2022-07-21 12:28:00,697.5,322.5,1020.0
2022-07-21 12:29:00,753.75,303.75,1057.5
2022-07-21 12:30:00,686.25,386.25,1072.5
2022-07-21 12:31:00,607.5,435.0,1042.5
2022-07-21 12:32:00,607.5,423.75,1031.25
2022-07-21 12:33:00,585.0,438.75,1023.75
2022-07-21 12:34:00,633.75,450.0,1083.75
2022-07-21 12:35:00,686.25,412.5,1098.75
2022-07-21 12:36:00,712.5,386.25,1098.75
2022-07-21 12:37:00,716.25,390.0,1106.25
2022-07-21 12:38:00,701.25,397.5,1098.75
2022-07-21 12:39:00,697.5,416.25,1113.75
2022-07-21 12:40:00,671.25,457.5,1128.75
2022-07-21 12:41:00,656.25,483.75,1140.0
2022-07-21 12:42:00,592.5,525.0,1117.5
2022-07-21 12:43:00,442.5,630.0,1072.5
2022-07-21 12:44:00,450.0,648.75,1098.75
2022-07-21 12:45:00,480.0,633.75,1113.75
2022-07-21 12:46:00,622.5,558.75,1181.25
2022-07-21 12:47:00,855.0,457.5,1312.5
2022-07-21 12:48:00,768.75,491.25,1260.0
2022-07-21 12:49:00,753.75,566.25,1320.0
2022-07-21 12:50:00,585.0,656.25,1241.25
2022-07-21 12:51:00,603.75,615.0,1218.75
2022-07-21 12:52:00,401.25,757.5,1158.75
2022-07-21 12:53:00,506.25,727.5,1233.75
2022-07-21 12:54:00,450.0,738.75,1188.75
2022-07-21 12:55:00,390.0,813.75,1203.75
2022-07-21 12:56:00,341.25,817.5,1158.75
2022-07-21 12:57:00,506.25,753.75,1260.0
2022-07-21 12:58:00,637.5,690.0,1327.5
2022-07-21 12:59:00,723.75,648.75,1372.5
2022-07-21 13:00:00,821.25,566.25,1387.5
2022-07-21 13:01:00,1061.25,435.0,1496.25
2022-07-21 13:02:00,1185.0,210.0,1395.0
2022-07-21 13:03:00,1170.0,210.0,1380.0
2022-07-21 13:04:00,1087.5,401.25,1488.75
2022-07-21 13:05:00,1222.5,135.0,1357.5
2022-07-21 13:06:00,1170.0,258.75,1428.75
2022-07-21 13:07:00,1143.75,258.75,1402.5
2022-07-21 13:08:00,1143.75,247.5,1391.25
2022-07-21 13:09:00,1177.5,228.75,1406.25
2022-07-21 13:10:00,1095.0,390.0,1485.0
2022-07-21 13:11:00,1012.5,588.75,1601.25
2022-07-21 13:12:00,1128.75,288.75,1417.5
2022-07-21 13:13:00,1173.75,138.75,1312.5
2022-07-21 13:14:00,1215.0,138.75,1353.75
2022-07-21 13:15:00,1252.5,56.25,1308.75
2022-07-21 13:16:00,1203.75,228.75,1432.5
2022-07-21 13:17:00,1143.75,333.75,1477.5
2022-07-21 13:18:00,1173.75,243.75,1417.5
2022-07-21 13:19:00,1173.75,348.75,1522.5
2022-07-21 13:20:00,1192.5,273.75,1466.25
2022-07-21 13:21:00,1230.0,206.25,1436.25
2022-07-21 13:22:00,1162.5,266.25,1428.75
2022-07-21 13:23:00,1151.25,375.0,1526.25
2022-07-21 13:24:00,1177.5,348.75,1526.25
2022-07-21 13:25:00,1113.75,536.25,1650.0
2022-07-21 13:26:00,1151.25,401.25,1552.5
2022-07-21 13:27:00,1245.0,266.25,1511.25
2022-07-21 13:28:00,1215.0,300.0,1515.0
2022-07-21 13:29:00,1286.25,195.0,1481.25
2022-07-21 13:30:00,1372.5,176.25,1548.75
2022-07-21 13:31:00,1485.0,37.5,1522.5
2022-07-21 13:32:00,1365.0,352.5,1717.5
2022-07-21 13:33:00,1410.0,232.5,1642.5
2022-07-21 13:34:00,1398.75,251.25,1650.0
2022-07-21 13:35:00,1436.25,213.75,1650.0
2022-07-21 13:36:00,1455.0,217.5,1672.5
2022-07-21 13:37:00,1500.0,52.5,1552.5
2022-07-21 13:38:00,1440.0,318.75,1758.75
2022-07-21 13:39:00,1455.0,210.0,1665.0
2022-07-21 13:40:00,1455.0,183.75,1638.75
2022-07-21 13:41:00,1417.5,296.25,1713.75
2022-07-21 13:42:00,1443.75,270.0,1713.75
2022-07-21 13:43:00,1496.25,138.75,1635.0
2022-07-21 13:44:00,1466.25,236.25,1702.5
2022-07-21 13:45:00,1496.25,206.25,1702.5
2022-07-21 13:46:00,1492.5,210.0,1702.5
2022-07-21 13:47:00,1462.5,386.25,1848.75
2022-07-21 13:48:00,1488.75,243.75,1732.5
2022-07-21 13:49:00,1503.75,240.0,1743.75
2022-07-21 13:50:00,1518.75,262.5,1781.25
2022-07-21 13:51:00,1522.5,255.0,1777.5
2022-07-21 13:52:00,1503.75,326.25,1830.0
2022-07-21 13:53:00,1488.75,367.5,1856.25
2022-07-21 13:54:00,1601.25,75.0,1676.25
2022-07-21 13:55:00,1612.5,-262.5,1350.0
2022-07-21 13:56:00,1590.0,45.0,1635.0
2022-07-21 13:57:00,1605.0,22.5,1627.5
2022-07-21 13:58:00,1623.75,-67.5,1556.25
2022-07-21 13:59:00,1627.5,11.25,1638.75
2022-07-21 14:00:00,1608.75,187.5,1796.25
2022-07-21 14:01:00,1571.25,315.0,1886.25
2022-07-21 14:02:00,1522.5,630.0,2152.5
2022-07-21 14:03:00,1488.75,705.0,2193.75
2022-07-21 14:04:00,1485.0,701.25,2186.25
2022-07-21 14:05:00,1365.0,986.25,2351.25
2022-07-21 14:06:00,1256.25,993.75,2250.0
2022-07-21 14:07:00,1391.25,941.25,2332.5
2022-07-21 14:08:00,1391.25,993.75,2385.0
2022-07-21 14:09:00,1406.25,918.75,2325.0
2022-07-21 14:10:00,1443.75,948.75,2392.5
2022-07-21 14:11:00,1455.0,918.75,2373.75
2022-07-21 14:12:00,1545.0,851.25,2396.25
2022-07-21 14:13:00,1488.75,922.5,2411.25
2022-07-21 14:14:00,1481.25,960.0,2441.25
2022-07-21 14:15:00,1421.25,1046.25,2467.5
2022-07-21 14:16:00,1368.75,1147.5,2516.25
2022-07-21 14:17:00,1316.25,1136.25,2452.5
2022-07-21 14:18:00,1372.5,1132.5,2505.0
2022-07-21 14:19:00,1380.0,1125.0,2505.0
2022-07-21 14:20:00,1477.5,1091.25,2568.75
2022-07-21 14:21:00,1417.5,1087.5,2505.0
2022-07-21 14:22:00,1361.25,1110.0,2471.25
2022-07-21 14:23:00,1432.5,1087.5,2520.0
2022-07-21 14:24:00,1383.75,1125.0,2508.75
2022-07-21 14:25:00,1312.5,1147.5,2460.0
2022-07-21 14:26:00,1376.25,1177.5,2553.75
2022-07-21 14:27:00,1331.25,1196.25,2527.5
2022-07-21 14:28:00,1263.75,1218.75,2482.5
2022-07-21 14:29:00,1218.75,1233.75,2452.5
2022-07-21 14:30:00,963.75,1241.25,2205.0
2022-07-21 14:31:00,933.75,1226.25,2160.0
2022-07-21 14:32:00,817.5,1241.25,2058.75
2022-07-21 14:33:00,915.0,1248.75,2163.75
2022-07-21 14:34:00,1222.5,1215.0,2437.5
2022-07-21 14:35:00,787.5,1271.25,2058.75
2022-07-21 14:36:00,761.25,1275.0,2036.25
2022-07-21 14:37:00,592.5,1278.75,1871.25
2022-07-21 14:38:00,716.25,1286.25,2002.5
2022-07-21 14:39:00,918.75,1275.0,2193.75
2022-07-21 14:40:00,993.75,1275.0,2268.75
2022-07-21 14:41:00,963.75,1278.75,2242.5
2022-07-21 14:42:00,1192.5,1267.5,2460.0
2022-07-21 14:43:00,1301.25,1256.25,2557.5
2022-07-21 14:44:00,1151.25,1282.5,2433.75
2022-07-21 14:45:00,1185.0,1282.5,2467.5
2022-07-21 14:46:00,1301.25,1275.0,2576.25
2022-07-21 14:47:00,1432.5,1282.5,2715.0
2022-07-21 14:48:00,1481.25,1308.75,2790.0
2022-07-21 14:49:00,1492.5,1316.25,2808.75
2022-07-21 14:50:00,1552.5,1316.25,2868.75
2022-07-21 14:51:00,1623.75,1308.75,2932.5
2022-07-21 14:52:00,1586.25,1316.25,2902.5
2022-07-21 14:53:00,1612.5,1320.0,2932.5
2022-07-21 14:54:00,1676.25,1293.75,2970.0
2022-07-21 14:55:00,1653.75,1323.75,2977.5
2022-07-21 14:56:00,1627.5,1327.5,2955.0
2022-07-21 14:57:00,1601.25,1331.25,2932.5
2022-07-21 14:58:00,1653.75,1331.25,2985.0
2022-07-21 14:59:00,1657.5,1335.0,2992.5
2022-07-21 15:00:00,1702.5,1331.25,3033.75
2022-07-21 15:01:00,1721.25,1327.5,3048.75
2022-07-21 15:02:00,1721.25,1338.75,3060.0
2022-07-21 15:03:00,1743.75,1335.0,3078.75
2022-07-21 15:04:00,1743.75,1338.75,3082.5
2022-07-21 15:05:00,1747.5,1346.25,3093.75
2022-07-21 15:06:00,1751.25,1350.0,3101.25
2022-07-21 15:07:00,1725.0,1350.0,3075.0
2022-07-21 15:08:00,1638.75,1353.75,2992.5
2022-07-21 15:09:00,1582.5,1353.75,2936.25
2022-07-21 15:10:00,1466.25,1357.5,2823.75
2022-07-21 15:11:00,1571.25,1353.75,2925.0
2022-07-21 15:12:00,1473.75,1353.75,2827.5
2022-07-21 15:13:00,1376.25,1353.75,2730.0
2022-07-21 15:14:00,1665.0,1357.5,3022.5
2022-07-21 15:15:00,1496.25,1353.75,2850.0
2022-07-21 15:16:00,1646.25,1353.75,3000.0
2022-07-21 15:17:00,1627.5,1353.75,2981.25
2022-07-21 15:18:00,1447.5,1353.75,2801.25
2022-07-21 15:19:00,1473.75,1353.75,2827.5
2022-07-21 15:20:00,1477.5,1353.75,2831.25
2022-07-21 15:21:00,1477.5,1353.75,2831.25
2022-07-21 15:22:00,1477.5,1353.75,2831.25
2022-07-21 15:23:00,1477.5,1353.75,2831.25
2022-07-21 15:24:00,1477.5,1353.75,2831.25
2022-07-21 15:25:00,1477.5,1353.75,2831.25
2022-07-21 15:26:00,1477.5,1353.75,2831.25
2022-07-21 15:27:00,1477.5,1353.75,2831.25
2022-07-21 15:28:00,1477.5,1353.75,2831.25
2022-07-21 15:29:00,1477.5,1353.75,2831.25
2022-07-21 15:30:00,1477.5,1353.75,2831.25
2022-07-28 10:15:00,0.0,0.0,0.0
2022-07-28 10:16:00,311.25,-101.25,210.0
2022-07-28 10:17:00,15.0,15.0,30.0
2022-07-28 10:18:00,-180.0,142.5,-37.5
2022-07-28 10:19:00,-206.25,165.0,-41.25
2022-07-28 10:20:00,-247.5,172.5,-75.0
2022-07-28 10:21:00,-352.5,228.75,-123.75
2022-07-28 10:22:00,-476.25,236.25,-240.0
2022-07-28 10:23:00,-465.0,217.5,-247.5
2022-07-28 10:24:00,-637.5,273.75,-363.75
2022-07-28 10:25:00,-596.25,232.5,-363.75
2022-07-28 10:26:00,-761.25,296.25,-465.0
2022-07-28 10:27:00,-933.75,348.75,-585.0
2022-07-28 10:28:00,-971.25,348.75,-622.5
2022-07-28 10:29:00,-843.75,315.0,-528.75
2022-07-28 10:30:00,-618.75,240.0,-378.75
2022-07-28 10:31:00,-438.75,240.0,-198.75
2022-07-28 10:32:00,-457.5,266.25,-191.25
2022-07-28 10:33:00,-727.5,307.5,-420.0
2022-07-28 10:34:00,-877.5,386.25,-491.25
2022-07-28 10:35:00,-607.5,326.25,-281.25
2022-07-28 10:36:00,-356.25,251.25,-105.0
2022-07-28 10:37:00,-360.0,217.5,-142.5
2022-07-28 10:38:00,-420.0,255.0,-165.0
2022-07-28 10:39:00,-513.75,285.0,-228.75
2022-07-28 10:40:00,-525.0,303.75,-221.25
2022-07-28 10:41:00,-645.0,360.0,-285.0
2022-07-28 10:42:00,-442.5,292.5,-150.0
2022-07-28 10:43:00,-457.5,292.5,-165.0
2022-07-28 10:44:00,-540.0,303.75,-236.25
2022-07-28 10:45:00,-363.75,255.0,-108.75
2022-07-28 10:46:00,-416.25,262.5,-153.75
2022-07-28 10:47:00,-600.0,345.0,-255.0
2022-07-28 10:48:00,-483.75,300.0,-183.75
2022-07-28 10:49:00,-386.25,266.25,-120.0
2022-07-28 10:50:00,-453.75,292.5,-161.25
2022-07-28 10:51:00,-543.75,345.0,-198.75
2022-07-28 10:52:00,-303.75,270.0,-33.75
2022-07-28 10:53:00,-337.5,262.5,-75.0
2022-07-28 10:54:00,-318.75,270.0,-48.75
2022-07-28 10:55:00,-408.75,315.0,-93.75
2022-07-28 10:56:00,-648.75,450.0,-198.75
2022-07-28 10:57:00,-660.0,450.0,-210.0
2022-07-28 10:58:00,-712.5,491.25,-221.25
2022-07-28 10:59:00,-791.25,517.5,-273.75
2022-07-28 11:00:00,-648.75,498.75,-150.0
2022-07-28 11:01:00,-825.0,798.75,-26.25
2022-07-28 11:02:00,-851.25,783.75,-67.5
2022-07-28 11:03:00,-836.25,720.0,-116.25
2022-07-28 11:04:00,-1068.75,945.0,-123.75
2022-07-28 11:05:00,-1001.25,922.5,-78.75
2022-07-28 11:06:00,-1050.0,978.75,-71.25
2022-07-28 11:07:00,-1076.25,1035.0,-41.25
2022-07-28 11:08:00,-1222.5,1102.5,-120.0
2022-07-28 11:09:00,-1091.25,1072.5,-18.75
2022-07-28 11:10:00,-1353.75,1207.5,-146.25
2022-07-28 11:11:00,-1110.0,1046.25,-63.75
2022-07-28 11:12:00,-982.5,978.75,-3.75
2022-07-28 11:13:00,-1140.0,1102.5,-37.5
2022-07-28 11:14:00,-1200.0,1185.0,-15.0
2022-07-28 11:15:00,-1485.0,1357.5,-127.5
2022-07-28 11:16:00,-1631.25,1432.5,-198.75
2022-07-28 11:17:00,-1398.75,1376.25,-22.5
2022-07-28 11:18:00,-1428.75,1338.75,-90.0
2022-07-28 11:19:00,-1308.75,1263.75,-45.0
2022-07-28 11:20:00,-1233.75,1267.5,33.75
2022-07-28 11:21:00,-937.5,1140.0,202.5
2022-07-28 11:22:00,-937.5,1151.25,213.75
2022-07-28 11:23:00,-828.75,1095.0,266.25
2022-07-28 11:24:00,-952.5,1185.0,232.5
2022-07-28 11:25:00,-768.75,1128.75,360.0
2022-07-28 11:26:00,-978.75,1245.0,266.25
2022-07-28 11:27:00,-1042.5,1252.5,210.0
2022-07-28 11:28:00,-1091.25,1248.75,157.5
2022-07-28 11:29:00,-1001.25,1215.0,213.75
2022-07-28 11:30:00,-1072.5,1260.0,187.5
2022-07-28 11:31:00,-1308.75,1500.0,191.25
2022-07-28 11:32:00,-1425.0,1653.75,228.75
2022-07-28 11:33:00,-1443.75,1691.25,247.5
2022-07-28 11:34:00,-1425.0,1631.25,206.25
2022-07-28 11:35:00,-1391.25,1575.0,183.75
2022-07-28 11:36:00,-1387.5,1608.75,221.25
2022-07-28 11:37:00,-1432.5,1631.25,198.75
2022-07-28 11:38:00,-1218.75,1511.25,292.5
2022-07-28 11:39:00,-1440.0,1601.25,161.25
2022-07-28 11:40:00,-1788.75,1732.5,-56.25
2022-07-28 11:41:00,-1743.75,1691.25,-52.5
2022-07-28 11:42:00,-1732.5,1710.0,-22.5
2022-07-28 11:43:00,-1728.75,1736.25,7.5
2022-07-28 11:44:00,-1728.75,1777.5,48.75
2022-07-28 11:45:00,-1706.25,1713.75,7.5
2022-07-28 11:46:00,-1736.25,1743.75,7.5
2022-07-28 11:47:00,-1736.25,1710.0,-26.25
2022-07-28 11:48:00,-1732.5,1713.75,-18.75
2022-07-28 11:49:00,-1762.5,1815.0,52.5
2022-07-28 11:50:00,-1736.25,1706.25,-30.0
2022-07-28 11:51:00,-1713.75,1698.75,-15.0
2022-07-28 11:52:00,-1683.75,1668.75,-15.0
2022-07-28 11:53:00,-1725.0,1777.5,52.5
2022-07-28 11:54:00,-1736.25,1796.25,60.0
2022-07-28 11:55:00,-1702.5,1713.75,11.25
2022-07-28 11:56:00,-1691.25,1702.5,11.25
2022-07-28 11:57:00,-1668.75,1668.75,0.0
2022-07-28 11:58:00,-1635.0,1590.0,-45.0
2022-07-28 11:59:00,-1623.75,1541.25,-82.5
2022-07-28 12:00:00,-1620.0,1560.0,-60.0
2022-07-28 12:01:00,-1575.0,1526.25,-48.75
2022-07-28 12:02:00,-1653.75,1653.75,0.0
2022-07-28 12:03:00,-1665.0,1721.25,56.25
2022-07-28 12:04:00,-1710.0,1781.25,71.25
2022-07-28 12:05:00,-1713.75,1830.0,116.25
2022-07-28 12:06:00,-1702.5,1822.5,120.0
2022-07-28 12:07:00,-1751.25,1972.5,221.25
2022-07-28 12:08:00,-1758.75,2021.25,262.5
2022-07-28 12:09:00,-1770.0,1995.0,225.0
2022-07-28 12:10:00,-1788.75,2028.75,240.0
2022-07-28 12:11:00,-1815.0,1950.0,135.0
2022-07-28 12:12:00,-1796.25,1935.0,138.75
2022-07-28 12:13:00,-1803.75,1957.5,153.75
2022-07-28 12:14:00,-1845.0,1965.0,120.0
2022-07-28 12:15:00,-1826.25,1942.5,116.25
2022-07-28 12:16:00,-1740.0,1890.0,150.0
2022-07-28 12:17:00,-1785.0,1890.0,105.0
2022-07-28 12:18:00,-1758.75,1856.25,97.5
2022-07-28 12:19:00,-1706.25,1818.75,112.5
2022-07-28 12:20:00,-1792.5,1923.75,131.25
2022-07-28 12:21:00,-1792.5,1920.0,127.5
2022-07-28 12:22:00,-1788.75,1920.0,131.25
2022-07-28 12:23:00,-1785.0,1882.5,97.5
2022-07-28 12:24:00,-1833.75,1957.5,123.75
2022-07-28 12:25:00,-1822.5,1923.75,101.25
2022-07-28 12:26:00,-1953.75,1998.75,45.0
2022-07-28 12:27:00,-1938.75,1987.5,48.75
2022-07-28 12:28:00,-1946.25,1920.0,-26.25
2022-07-28 12:29:00,-1905.0,1890.0,-15.0
2022-07-28 12:30:00,-1916.25,1920.0,3.75
2022-07-28 12:31:00,-1860.0,1912.5,52.5
2022-07-28 12:32:00,-1882.5,1908.75,26.25
2022-07-28 12:33:00,-1886.25,1965.0,78.75
2022-07-28 12:34:00,-1822.5,1875.0,52.5
2022-07-28 12:35:00,-1785.0,1867.5,82.5
2022-07-28 12:36:00,-1758.75,1867.5,108.75
2022-07-28 12:37:00,-1740.0,1897.5,157.5
2022-07-28 12:38:00,-1740.0,1912.5,172.5
2022-07-28 12:39:00,-1908.75,2190.0,281.25
2022-07-28 12:40:00,-2013.75,2276.25,262.5
2022-07-28 12:41:00,-2032.5,2212.5,180.0
2022-07-28 12:42:00,-1946.25,2201.25,255.0
2022-07-28 12:43:00,-1912.5,2167.5,255.0
2022-07-28 12:44:00,-1938.75,2193.75,255.0
2022-07-28 12:45:00,-1980.0,2238.75,258.75
2022-07-28 12:46:00,-1927.5,2186.25,258.75
2022-07-28 12:47:00,-1942.5,2167.5,225.0
2022-07-28 12:48:00,-1987.5,2178.75,191.25
2022-07-28 12:49:00,-1998.75,2220.0,221.25
2022-07-28 12:50:00,-2238.75,2242.5,3.75
2022-07-28 12:51:00,-2175.0,2261.25,86.25
2022-07-28 12:52:00,-2430.0,2250.0,-180.0
2022-07-28 12:53:00,-2370.0,2280.0,-90.0
2022-07-28 12:54:00,-2280.0,2261.25,-18.75
2022-07-28 12:55:00,-2186.25,2223.75,37.5
2022-07-28 12:56:00,-2325.0,2257.5,-67.5
2022-07-28 12:57:00,-2220.0,2223.75,3.75
2022-07-28 12:58:00,-2148.75,2205.0,56.25
2022-07-28 12:59:00,-2047.5,2167.5,120.0
2022-07-28 13:00:00,-2010.0,2126.25,116.25
2022-07-28 13:01:00,-2010.0,2055.0,45.0
2022-07-28 13:02:00,-1803.75,1916.25,112.5
2022-07-28 13:03:00,-1710.0,1833.75,123.75
2022-07-28 13:04:00,-1781.25,1912.5,131.25
2022-07-28 13:05:00,-1818.75,2077.5,258.75
2022-07-28 13:06:00,-1912.5,2231.25,318.75
2022-07-28 13:07:00,-2040.0,2205.0,165.0
2022-07-28 13:08:00,-2077.5,2265.0,187.5
2022-07-28 13:09:00,-2002.5,2231.25,228.75
2022-07-28 13:10:00,-2002.5,2272.5,270.0
2022-07-28 13:11:00,-2051.25,2287.5,236.25
2022-07-28 13:12:00,-2077.5,2381.25,303.75
2022-07-28 13:13:00,-2077.5,2366.25,288.75
2022-07-28 13:14:00,-2047.5,2362.5,315.0
2022-07-28 13:15:00,-2055.0,2355.0,300.0
2022-07-28 13:16:00,-2077.5,2362.5,285.0
2022-07-28 13:17:00,-1908.75,2302.5,393.75
2022-07-28 13:18:00,-1901.25,2276.25,375.0
2022-07-28 13:19:00,-1852.5,2280.0,427.5
2022-07-28 13:20:00,-1897.5,2448.75,551.25
2022-07-28 13:21:00,-1863.75,2347.5,483.75
2022-07-28 13:22:00,-1935.0,2407.5,472.5
2022-07-28 13:23:00,-2073.75,2535.0,461.25
2022-07-28 13:24:00,-2130.0,2568.75,438.75
2022-07-28 13:25:00,-2280.0,2598.75,318.75
2022-07-28 13:26:00,-2193.75,2602.5,408.75
2022-07-28 13:27:00,-2133.75,2576.25,442.5
2022-07-28 13:28:00,-2055.0,2553.75,498.75
2022-07-28 13:29:00,-2055.0,2550.0,495.0
2022-07-28 13:30:00,-2043.75,2546.25,502.5
2022-07-28 13:31:00,-2092.5,2542.5,450.0
2022-07-28 13:32:00,-2025.0,2535.0,510.0
2022-07-28 13:33:00,-1848.75,2463.75,615.0
2022-07-28 13:34:00,-1957.5,2516.25,558.75
2022-07-28 13:35:00,-1942.5,2508.75,566.25
2022-07-28 13:36:00,-1935.0,2508.75,573.75
2022-07-28 13:37:00,-1818.75,2508.75,690.0
2022-07-28 13:38:00,-1792.5,2463.75,671.25
2022-07-28 13:39:00,-1811.25,2422.5,611.25
2022-07-28 13:40:00,-1886.25,2527.5,641.25
2022-07-28 13:41:00,-1965.0,2595.0,630.0
2022-07-28 13:42:00,-1998.75,2580.0,581.25
2022-07-28 13:43:00,-1946.25,2568.75,622.5
2022-07-28 13:44:00,-1961.25,2602.5,641.25
2022-07-28 13:45:00,-1852.5,2565.0,712.5
2022-07-28 13:46:00,-1863.75,2568.75,705.0
2022-07-28 13:47:00,-1901.25,2568.75,667.5
2022-07-28 13:48:00,-1923.75,2610.0,686.25
2022-07-28 13:49:00,-1961.25,2651.25,690.0
2022-07-28 13:50:00,-2096.25,2700.0,603.75
2022-07-28 13:51:00,-2070.0,2696.25,626.25
2022-07-28 13:52:00,-2058.75,2726.25,667.5
2022-07-28 13:53:00,-2058.75,2730.0,671.25
2022-07-28 13:54:00,-1938.75,2711.25,772.5
2022-07-28 13:55:00,-1931.25,2711.25,780.0
2022-07-28 13:56:00,-1905.0,2707.5,802.5
2022-07-28 13:57:00,-1867.5,2696.25,828.75
2022-07-28 13:58:00,-1950.0,2718.75,768.75
2022-07-28 13:59:00,-2051.25,2741.25,690.0
2022-07-28 14:00:00,-2025.0,2726.25,701.25
2022-07-28 14:01:00,-1916.25,2707.5,791.25
2022-07-28 14:02:00,-1882.5,2711.25,828.75
2022-07-28 14:03:00,-1845.0,2700.0,855.0
2022-07-28 14:04:00,-1728.75,2677.5,948.75
2022-07-28 14:05:00,-1755.0,2658.75,903.75
2022-07-28 14:06:00,-1710.0,2610.0,900.0
2022-07-28 14:07:00,-1848.75,2688.75,840.0
2022-07-28 14:08:00,-1863.75,2726.25,862.5
2022-07-28 14:09:00,-1736.25,2677.5,941.25
2022-07-28 14:10:00,-1751.25,2670.0,918.75
2022-07-28 14:11:00,-1755.0,2673.75,918.75
2022-07-28 14:12:00,-1721.25,2658.75,937.5
2022-07-28 14:13:00,-1841.25,2760.0,918.75
2022-07-28 14:14:00,-1788.75,2756.25,967.5
2022-07-28 14:15:00,-1818.75,2790.0,971.25
2022-07-28 14:16:00,-1845.0,2790.0,945.0
2022-07-28 14:17:00,-1758.75,2775.0,1016.25
2022-07-28 14:18:00,-1717.5,2767.5,1050.0
2022-07-28 14:19:00,-1631.25,2767.5,1136.25
2022-07-28 14:20:00,-1736.25,2812.5,1076.25
2022-07-28 14:21:00,-1668.75,2797.5,1128.75
2022-07-28 14:22:00,-1657.5,2801.25,1143.75
2022-07-28 14:23:00,-1533.75,2778.75,1245.0
2022-07-28 14:24:00,-1541.25,2775.0,1233.75
2022-07-28 14:25:00,-1642.5,2801.25,1158.75
2022-07-28 14:26:00,-1631.25,2820.0,1188.75
2022-07-28 14:27:00,-1616.25,2831.25,1215.0
2022-07-28 14:28:00,-1668.75,2857.5,1188.75
2022-07-28 14:29:00,-1683.75,2857.5,1173.75
2022-07-28 14:30:00,-1605.0,2853.75,1248.75
2022-07-28 14:31:00,-1526.25,2846.25,1320.0
2022-07-28 14:32:00,-1413.75,2831.25,1417.5
2022-07-28 14:33:00,-1436.25,2820.0,1383.75
2022-07-28 14:34:00,-1428.75,2812.5,1383.75
2022-07-28 14:35:00,-1447.5,2805.0,1357.5
2022-07-28 14:36:00,-1353.75,2733.75,1380.0
2022-07-28 14:37:00,-1391.25,2782.5,1391.25
2022-07-28 14:38:00,-1413.75,2793.75,1380.0
2022-07-28 14:39:00,-1391.25,2797.5,1406.25
2022-07-28 14:40:00,-1357.5,2775.0,1417.5
2022-07-28 14:41:00,-1305.0,2756.25,1451.25
2022-07-28 14:42:00,-1263.75,2711.25,1447.5
2022-07-28 14:43:00,-1260.0,2756.25,1496.25
2022-07-28 14:44:00,-1233.75,2767.5,1533.75
2022-07-28 14:45:00,-1226.25,2786.25,1560.0
2022-07-28 14:46:00,-1222.5,2786.25,1563.75
2022-07-28 14:47:00,-1218.75,2808.75,1590.0
2022-07-28 14:48:00,-1211.25,2823.75,1612.5
2022-07-28 14:49:00,-1215.0,2872.5,1657.5
2022-07-28 14:50:00,-1256.25,2898.75,1642.5
2022-07-28 14:51:00,-1215.0,2883.75,1668.75
2022-07-28 14:52:00,-1215.0,2895.0,1680.0
2022-07-28 14:53:00,-1218.75,2891.25,1672.5
2022-07-28 14:54:00,-1211.25,2891.25,1680.0
2022-07-28 14:55:00,-1207.5,2883.75,1676.25
2022-07-28 14:56:00,-1192.5,2872.5,1680.0
2022-07-28 14:57:00,-1188.75,2865.0,1676.25
2022-07-28 14:58:00,-1192.5,2891.25,1698.75
2022-07-28 14:59:00,-1192.5,2880.0,1687.5
2022-07-28 15:00:00,-1211.25,2906.25,1695.0
2022-07-28 15:01:00,-1211.25,2925.0,1713.75
2022-07-28 15:02:00,-1248.75,2932.5,1683.75
2022-07-28 15:03:00,-1215.0,2928.75,1713.75
2022-07-28 15:04:00,-1207.5,2928.75,1721.25
2022-07-28 15:05:00,-1211.25,2932.5,1721.25
2022-07-28 15:06:00,-1222.5,2932.5,1710.0
2022-07-28 15:07:00,-1218.75,2928.75,1710.0
2022-07-28 15:08:00,-1222.5,2936.25,1713.75
2022-07-28 15:09:00,-1267.5,2936.25,1668.75
2022-07-28 15:10:00,-1267.5,2932.5,1665.0
2022-07-28 15:11:00,-1203.75,2943.75,1740.0
2022-07-28 15:12:00,-1192.5,2943.75,1751.25
2022-07-28 15:13:00,-1218.75,2943.75,1725.0
2022-07-28 15:14:00,-1196.25,2943.75,1747.5
2022-07-28 15:15:00,-1185.0,2940.0,1755.0
2022-07-28 15:16:00,-1185.0,2943.75,1758.75
2022-07-28 15:17:00,-1185.0,2947.5,1762.5
2022-07-28 15:18:00,-1170.0,2947.5,1777.5
2022-07-28 15:19:00,-1170.0,2943.75,1773.75
2022-07-28 15:20:00,-1170.0,2947.5,1777.5
2022-07-28 15:21:00,-1170.0,2947.5,1777.5
2022-07-28 15:22:00,-1170.0,2947.5,1777.5
2022-07-28 15:23:00,-1170.0,2947.5,1777.5
2022-07-28 15:24:00,-1170.0,2947.5,1777.5
2022-07-28 15:25:00,-1170.0,2947.5,1777.5
2022-07-28 15:26:00,-1170.0,2947.5,1777.5
2022-07-28 15:27:00,-1170.0,2947.5,1777.5
2022-07-28 15:28:00,-1170.0,2947.5,1777.5
2022-07-28 15:29:00,-1170.0,2947.5,1777.5
2022-07-28 15:30:00,-1170.0,2947.5,1777.5
2022-08-04 10:15:00,0.0,0.0,0.0
2022-08-04 10:16:00,-183.75,322.5,138.75
2022-08-04 10:17:00,-273.75,386.25,112.5
2022-08-04 10:18:00,-56.25,108.75,52.5
2022-08-04 10:19:00,-116.25,240.0,123.75
2022-08-04 10:20:00,-213.75,371.25,157.5
2022-08-04 10:21:00,-202.5,352.5,150.0
2022-08-04 10:22:00,-60.0,146.25,86.25
2022-08-04 10:23:00,41.25,-15.0,26.25
2022-08-04 10:24:00,-41.25,150.0,108.75
2022-08-04 10:25:00,78.75,-78.75,0.0
2022-08-04 10:26:00,217.5,-210.0,7.5
2022-08-04 10:27:00,75.0,-86.25,-11.25
2022-08-04 10:28:00,71.25,-172.5,-101.25
2022-08-04 10:29:00,217.5,-315.0,-97.5
2022-08-04 10:30:00,285.0,-315.0,-30.0
2022-08-04 10:31:00,131.25,-45.0,86.25
2022-08-04 10:32:00,367.5,-461.25,-93.75
2022-08-04 10:33:00,311.25,-397.5,-86.25
2022-08-04 10:34:00,228.75,-296.25,-67.5
2022-08-04 10:35:00,157.5,-165.0,-7.5
2022-08-04 10:36:00,176.25,-138.75,37.5
2022-08-04 10:37:00,153.75,-93.75,60.0
2022-08-04 10:38:00,165.0,-172.5,-7.5
2022-08-04 10:39:00,258.75,-303.75,-45.0
2022-08-04 10:40:00,311.25,-375.0,-63.75
2022-08-04 10:41:00,180.0,-120.0,60.0
2022-08-04 10:42:00,187.5,-135.0,52.5
2022-08-04 10:43:00,378.75,-363.75,15.0
2022-08-04 10:44:00,393.75,-457.5,-63.75
2022-08-04 10:45:00,341.25,-288.75,52.5
2022-08-04 10:46:00,348.75,-285.0,63.75
2022-08-04 10:47:00,266.25,-123.75,142.5
2022-08-04 10:48:00,41.25,326.25,367.5
2022-08-04 10:49:00,82.5,318.75,401.25
2022-08-04 10:50:00,198.75,168.75,367.5
2022-08-04 10:51:00,255.0,52.5,307.5
2022-08-04 10:52:00,142.5,225.0,367.5
2022-08-04 10:53:00,82.5,348.75,431.25
2022-08-04 10:54:00,213.75,138.75,352.5
2022-08-04 10:55:00,176.25,191.25,367.5
2022-08-04 10:56:00,191.25,198.75,390.0
2022-08-04 10:57:00,198.75,213.75,412.5
2022-08-04 10:58:00,172.5,277.5,450.0
2022-08-04 10:59:00,277.5,101.25,378.75
2022-08-04 11:00:00,341.25,-22.5,318.75
2022-08-04 11:01:00,285.0,75.0,360.0
2022-08-04 11:02:00,438.75,-191.25,247.5
2022-08-04 11:03:00,450.0,-191.25,258.75
2022-08-04 11:04:00,352.5,-7.5,345.0
2022-08-04 11:05:00,382.5,-37.5,345.0
2022-08-04 11:06:00,367.5,7.5,375.0
2022-08-04 11:07:00,375.0,-30.0,345.0
2022-08-04 11:08:00,435.0,-120.0,315.0
2022-08-04 11:09:00,416.25,-135.0,281.25
2022-08-04 11:10:00,528.75,-311.25,217.5
2022-08-04 11:11:00,450.0,-123.75,326.25
2022-08-04 11:12:00,446.25,-123.75,322.5
2022-08-04 11:13:00,532.5,-363.75,168.75
2022-08-04 11:14:00,637.5,-465.0,172.5
2022-08-04 11:15:00,753.75,-967.5,-213.75
2022-08-04 11:16:00,1188.75,-1560.0,-371.25
2022-08-04 11:17:00,1252.5,-2306.25,-1053.75
2022-08-04 11:18:00,1447.5,-2666.25,-1218.75
2022-08-04 11:19:00,1316.25,-2617.5,-1301.25
2022-08-04 11:20:00,1331.25,-2598.75,-1267.5
2022-08-04 11:21:00,1305.0,-2471.25,-1166.25
2022-08-04 11:22:00,1271.25,-2276.25,-1005.0
2022-08-04 11:23:00,1218.75,-2126.25,-907.5
2022-08-04 11:24:00,1361.25,-2415.0,-1053.75
2022-08-04 11:25:00,1687.5,-3262.5,-1575.0
2022-08-04 11:26:00,1916.25,-3562.5,-1646.25
2022-08-04 11:27:00,1901.25,-4245.0,-2343.75
2022-08-04 11:28:00,2013.75,-4890.0,-2876.25
2022-08-04 11:29:00,1957.5,-5853.75,-3896.25
2022-08-04 11:30:00,1998.75,-6967.5,-4968.75
2022-08-04 11:31:00,1826.25,-6412.5,-4586.25
2022-08-04 11:32:00,2111.25,-7305.0,-5193.75
2022-08-04 11:33:00,2257.5,-8092.5,-5835.0
2022-08-04 11:34:00,2171.25,-8197.5,-6026.25
2022-08-04 11:35:00,2231.25,-8658.75,-6427.5
2022-08-04 11:36:00,2028.75,-8283.75,-6255.0
2022-08-04 11:37:00,1893.75,-7443.75,-5550.0
2022-08-04 11:38:00,1890.0,-7582.5,-5692.5
2022-08-04 11:39:00,1871.25,-7331.25,-5460.0
2022-08-04 11:40:00,2070.0,-7653.75,-5583.75
2022-08-04 11:41:00,2145.0,-8002.5,-5857.5
2022-08-04 11:42:00,2156.25,-7987.5,-5831.25
2022-08-04 11:43:00,2385.0,-8238.75,-5853.75
2022-08-04 11:44:00,2426.25,-8377.5,-5951.25
2022-08-04 11:45:00,2490.0,-8820.0,-6330.0
2022-08-04 11:46:00,2527.5,-9528.75,-7001.25
2022-08-04 11:47:00,2531.25,-10601.25,-8070.0
2022-08-04 11:48:00,2745.0,-12307.5,-9562.5
2022-08-04 11:49:00,2553.75,-9375.0,-6821.25
2022-08-04 11:50:00,2475.0,-10421.25,-7946.25
2022-08-04 11:51:00,2452.5,-10518.75,-8066.25
2022-08-04 11:52:00,2355.0,-9495.0,-7140.0
2022-08-04 11:53:00,2328.75,-9270.0,-6941.25
2022-08-04 11:54:00,2100.0,-8088.75,-5988.75
2022-08-04 11:55:00,2010.0,-7863.75,-5853.75
2022-08-04 11:56:00,2328.75,-8460.0,-6131.25
2022-08-04 11:57:00,2366.25,-8497.5,-6131.25
2022-08-04 11:58:00,2212.5,-8073.75,-5861.25
2022-08-04 11:59:00,2261.25,-8208.75,-5947.5
2022-08-04 12:00:00,2568.75,-8617.5,-6048.75
2022-08-04 12:01:00,2415.0,-8426.25,-6011.25
2022-08-04 12:02:00,2385.0,-8298.75,-5913.75
2022-08-04 12:03:00,2373.75,-8246.25,-5872.5
2022-08-04 12:04:00,2313.75,-7871.25,-5557.5
2022-08-04 12:05:00,2302.5,-7496.25,-5193.75
2022-08-04 12:06:00,2160.0,-6851.25,-4691.25
2022-08-04 12:07:00,2163.75,-6693.75,-4530.0
2022-08-04 12:08:00,2253.75,-6641.25,-4387.5
2022-08-04 12:09:00,2133.75,-6412.5,-4278.75
2022-08-04 12:10:00,2133.75,-6378.75,-4245.0
2022-08-04 12:11:00,2002.5,-6090.0,-4087.5
2022-08-04 12:12:00,2028.75,-6146.25,-4117.5
2022-08-04 12:13:00,2343.75,-6390.0,-4046.25
2022-08-04 12:14:00,2077.5,-6195.0,-4117.5
2022-08-04 12:15:00,2178.75,-6206.25,-4027.5
2022-08-04 12:16:00,2396.25,-6487.5,-4091.25
2022-08-04 12:17:00,2276.25,-6345.0,-4068.75
2022-08-04 12:18:00,2381.25,-6412.5,-4031.25
2022-08-04 12:19:00,2313.75,-6326.25,-4012.5
2022-08-04 12:20:00,2280.0,-6191.25,-3911.25
2022-08-04 12:21:00,2257.5,-6142.5,-3885.0
2022-08-04 12:22:00,2392.5,-6255.0,-3862.5
2022-08-04 12:23:00,2388.75,-6311.25,-3922.5
2022-08-04 12:24:00,2775.0,-6532.5,-3757.5
2022-08-04 12:25:00,2797.5,-6960.0,-4162.5
2022-08-04 12:26:00,2700.0,-6990.0,-4290.0
2022-08-04 12:27:00,2610.0,-6596.25,-3986.25
2022-08-04 12:28:00,2523.75,-6307.5,-3783.75
2022-08-04 12:29:00,2625.0,-6375.0,-3750.0
2022-08-04 12:30:00,2625.0,-6483.75,-3858.75
2022-08-04 12:31:00,2565.0,-6371.25,-3806.25
2022-08-04 12:32:00,2625.0,-6468.75,-3843.75
2022-08-04 12:33:00,2711.25,-6892.5,-4181.25
2022-08-04 12:34:00,2621.25,-6412.5,-3791.25
2022-08-04 12:35:00,2655.0,-6446.25,-3791.25
2022-08-04 12:36:00,2662.5,-6228.75,-3566.25
2022-08-04 12:37:00,2647.5,-6082.5,-3435.0
2022-08-04 12:38:00,2621.25,-6075.0,-3453.75
2022-08-04 12:39:00,2557.5,-5973.75,-3416.25
2022-08-04 12:40:00,2647.5,-6198.75,-3551.25
2022-08-04 12:41:00,2677.5,-6255.0,-3577.5
2022-08-04 12:42:00,2677.5,-6195.0,-3517.5
2022-08-04 12:43:00,2703.75,-6243.75,-3540.0
2022-08-04 12:44:00,2700.0,-6123.75,-3423.75
2022-08-04 12:45:00,2621.25,-6071.25,-3450.0
2022-08-04 12:46:00,2666.25,-6078.75,-3412.5
2022-08-04 12:47:00,2688.75,-6161.25,-3472.5
2022-08-04 12:48:00,2700.0,-6180.0,-3480.0
2022-08-04 12:49:00,2767.5,-6266.25,-3498.75
2022-08-04 12:50:00,2688.75,-6075.0,-3386.25
2022-08-04 12:51:00,2700.0,-6060.0,-3360.0
2022-08-04 12:52:00,2692.5,-6045.0,-3352.5
2022-08-04 12:53:00,2737.5,-6090.0,-3352.5
2022-08-04 12:54:00,2580.0,-5715.0,-3135.0
2022-08-04 12:55:00,2598.75,-5763.75,-3165.0
2022-08-04 12:56:00,2666.25,-5763.75,-3097.5
2022-08-04 12:57:00,2643.75,-5748.75,-3105.0
2022-08-04 12:58:00,2542.5,-5685.0,-3142.5
2022-08-04 12:59:00,2512.5,-5628.75,-3116.25
2022-08-04 13:00:00,2550.0,-5621.25,-3071.25
2022-08-04 13:01:00,2426.25,-5565.0,-3138.75
2022-08-04 13:02:00,2426.25,-5617.5,-3191.25
2022-08-04 13:03:00,2280.0,-5568.75,-3288.75
2022-08-04 13:04:00,2220.0,-5565.0,-3345.0
2022-08-04 13:05:00,2546.25,-5632.5,-3086.25
2022-08-04 13:06:00,2441.25,-5628.75,-3187.5
2022-08-04 13:07:00,2523.75,-5621.25,-3097.5
2022-08-04 13:08:00,2801.25,-5775.0,-2973.75
2022-08-04 13:09:00,2715.0,-5677.5,-2962.5
2022-08-04 13:10:00,2913.75,-5958.75,-3045.0
2022-08-04 13:11:00,2786.25,-5966.25,-3180.0
2022-08-04 13:12:00,2730.0,-5748.75,-3018.75
2022-08-04 13:13:00,2820.0,-5880.0,-3060.0
2022-08-04 13:14:00,2793.75,-5797.5,-3003.75
2022-08-04 13:15:00,2790.0,-5775.0,-2985.0
2022-08-04 13:16:00,2782.5,-5756.25,-2973.75
2022-08-04 13:17:00,2756.25,-5625.0,-2868.75
2022-08-04 13:18:00,2778.75,-5647.5,-2868.75
2022-08-04 13:19:00,2726.25,-5598.75,-2872.5
2022-08-04 13:20:00,2737.5,-5587.5,-2850.0
2022-08-04 13:21:00,2733.75,-5568.75,-2835.0
2022-08-04 13:22:00,2715.0,-5531.25,-2816.25
2022-08-04 13:23:00,2775.0,-5550.0,-2775.0
2022-08-04 13:24:00,2812.5,-5606.25,-2793.75
2022-08-04 13:25:00,2891.25,-5685.0,-2793.75
2022-08-04 13:26:00,2902.5,-5662.5,-2760.0
2022-08-04 13:27:00,2910.0,-5692.5,-2782.5
2022-08-04 13:28:00,2883.75,-5610.0,-2726.25
2022-08-04 13:29:00,2925.0,-5640.0,-2715.0
2022-08-04 13:30:00,2857.5,-5546.25,-2688.75
2022-08-04 13:31:00,2880.0,-5591.25,-2711.25
2022-08-04 13:32:00,2943.75,-5610.0,-2666.25
2022-08-04 13:33:00,2947.5,-5658.75,-2711.25
2022-08-04 13:34:00,2962.5,-5666.25,-2703.75
2022-08-04 13:35:00,2992.5,-5760.0,-2767.5
2022-08-04 13:36:00,3037.5,-5835.0,-2797.5
2022-08-04 13:37:00,3067.5,-5745.0,-2677.5
2022-08-04 13:38:00,3011.25,-5632.5,-2621.25
2022-08-04 13:39:00,2996.25,-5636.25,-2640.0
2022-08-04 13:40:00,2925.0,-5538.75,-2613.75
2022-08-04 13:41:00,2887.5,-5546.25,-2658.75
2022-08-04 13:42:00,2951.25,-5561.25,-2610.0
2022-08-04 13:43:00,2940.0,-5516.25,-2576.25
2022-08-04 13:44:00,2928.75,-5531.25,-2602.5
2022-08-04 13:45:00,3015.0,-5531.25,-2516.25
2022-08-04 13:46:00,2895.0,-5426.25,-2531.25
2022-08-04 13:47:00,3071.25,-5561.25,-2490.0
2022-08-04 13:48:00,2996.25,-5467.5,-2471.25
2022-08-04 13:49:00,3007.5,-5482.5,-2475.0
2022-08-04 13:50:00,3011.25,-5475.0,-2463.75
2022-08-04 13:51:00,2973.75,-5478.75,-2505.0
2022-08-04 13:52:00,3022.5,-5493.75,-2471.25
2022-08-04 13:53:00,3052.5,-5535.0,-2482.5
2022-08-04 13:54:00,3041.25,-5493.75,-2452.5
2022-08-04 13:55:00,3071.25,-5493.75,-2422.5
2022-08-04 13:56:00,3090.0,-5501.25,-2411.25
2022-08-04 13:57:00,3120.0,-5561.25,-2441.25
2022-08-04 13:58:00,3116.25,-5625.0,-2508.75
2022-08-04 13:59:00,3146.25,-5662.5,-2516.25
2022-08-04 14:00:00,3138.75,-5591.25,-2452.5
2022-08-04 14:01:00,3165.0,-5756.25,-2591.25
2022-08-04 14:02:00,3191.25,-6052.5,-2861.25
2022-08-04 14:03:00,3195.0,-5846.25,-2651.25
2022-08-04 14:04:00,3206.25,-5951.25,-2745.0
2022-08-04 14:05:00,3206.25,-5876.25,-2670.0
2022-08-04 14:06:00,3187.5,-5651.25,-2463.75
2022-08-04 14:07:00,3206.25,-5812.5,-2606.25
2022-08-04 14:08:00,3232.5,-6018.75,-2786.25
2022-08-04 14:09:00,3243.75,-6101.25,-2857.5
2022-08-04 14:10:00,3236.25,-6097.5,-2861.25
2022-08-04 14:11:00,3217.5,-5973.75,-2756.25
2022-08-04 14:12:00,3221.25,-5868.75,-2647.5
2022-08-04 14:13:00,3232.5,-6007.5,-2775.0
2022-08-04 14:14:00,3217.5,-5756.25,-2538.75
2022-08-04 14:15:00,3217.5,-5715.0,-2497.5
2022-08-04 14:16:00,3221.25,-5606.25,-2385.0
2022-08-04 14:17:00,3232.5,-5613.75,-2381.25
2022-08-04 14:18:00,3240.0,-5666.25,-2426.25
2022-08-04 14:19:00,3225.0,-5576.25,-2351.25
2022-08-04 14:20:00,3210.0,-5471.25,-2261.25
2022-08-04 14:21:00,3225.0,-5591.25,-2366.25
2022-08-04 14:22:00,3266.25,-5673.75,-2407.5
2022-08-04 14:23:00,3285.0,-5666.25,-2381.25
2022-08-04 14:24:00,3281.25,-5568.75,-2287.5
2022-08-04 14:25:00,3292.5,-5587.5,-2295.0
2022-08-04 14:26:00,3292.5,-5523.75,-2231.25
2022-08-04 14:27:00,3311.25,-5606.25,-2295.0
2022-08-04 14:28:00,3315.0,-5576.25,-2261.25
2022-08-04 14:29:00,3315.0,-5490.0,-2175.0
2022-08-04 14:30:00,3315.0,-5542.5,-2227.5
2022-08-04 14:31:00,3307.5,-5456.25,-2148.75
2022-08-04 14:32:00,3311.25,-5411.25,-2100.0
2022-08-04 14:33:00,3281.25,-5373.75,-2092.5
2022-08-04 14:34:00,3273.75,-5347.5,-2073.75
2022-08-04 14:35:00,3281.25,-5347.5,-2066.25
2022-08-04 14:36:00,3288.75,-5347.5,-2058.75
2022-08-04 14:37:00,3318.75,-5336.25,-2017.5
2022-08-04 14:38:00,3330.0,-5355.0,-2025.0
2022-08-04 14:39:00,3322.5,-5332.5,-2010.0
2022-08-04 14:40:00,3318.75,-5336.25,-2017.5
2022-08-04 14:41:00,3322.5,-5336.25,-2013.75
2022-08-04 14:42:00,3315.0,-5302.5,-1987.5
2022-08-04 14:43:00,3300.0,-5268.75,-1968.75
2022-08-04 14:44:00,3303.75,-5268.75,-1965.0
2022-08-04 14:45:00,3311.25,-5268.75,-1957.5
2022-08-04 14:46:00,3330.0,-5272.5,-1942.5
2022-08-04 14:47:00,3326.25,-5242.5,-1916.25
2022-08-04 14:48:00,3307.5,-5250.0,-1942.5
2022-08-04 14:49:00,3326.25,-5246.25,-1920.0
2022-08-04 14:50:00,3337.5,-5246.25,-1908.75
2022-08-04 14:51:00,3341.25,-5257.5,-1916.25
2022-08-04 14:52:00,3341.25,-5238.75,-1897.5
2022-08-04 14:53:00,3348.75,-5235.0,-1886.25
2022-08-04 14:54:00,3318.75,-5250.0,-1931.25
2022-08-04 14:55:00,3303.75,-5246.25,-1942.5
2022-08-04 14:56:00,3318.75,-5242.5,-1923.75
2022-08-04 14:57:00,3337.5,-5242.5,-1905.0
2022-08-04 14:58:00,3330.0,-5238.75,-1908.75
2022-08-04 14:59:00,3333.75,-5231.25,-1897.5
2022-08-04 15:00:00,3337.5,-5223.75,-1886.25
2022-08-04 15:01:00,3326.25,-5216.25,-1890.0
2022-08-04 15:02:00,3341.25,-5212.5,-1871.25
2022-08-04 15:03:00,3273.75,-5212.5,-1938.75
2022-08-04 15:04:00,3360.0,-5208.75,-1848.75
2022-08-04 15:05:00,3345.0,-5205.0,-1860.0
2022-08-04 15:06:00,3360.0,-5201.25,-1841.25
2022-08-04 15:07:00,3378.75,-5201.25,-1822.5
2022-08-04 15:08:00,3378.75,-5197.5,-1818.75
2022-08-04 15:09:00,3390.0,-5201.25,-1811.25
2022-08-04 15:10:00,3390.0,-5193.75,-1803.75
2022-08-04 15:11:00,3397.5,-5193.75,-1796.25
2022-08-04 15:12:00,3397.5,-5193.75,-1796.25
2022-08-04 15:13:00,3397.5,-5190.0,-1792.5
2022-08-04 15:14:00,3408.75,-5197.5,-1788.75
2022-08-04 15:15:00,3416.25,-5193.75,-1777.5
2022-08-04 15:16:00,3408.75,-5190.0,-1781.25
2022-08-04 15:17:00,3423.75,-5190.0,-1766.25
2022-08-04 15:18:00,3423.75,-5193.75,-1770.0
2022-08-04 15:19:00,3427.5,-5190.0,-1762.5
2022-08-04 15:20:00,3427.5,-5193.75,-1766.25
2022-08-04 15:21:00,3427.5,-5193.75,-1766.25
2022-08-04 15:22:00,3427.5,-5193.75,-1766.25
2022-08-04 15:23:00,3427.5,-5193.75,-1766.25
2022-08-04 15:24:00,3427.5,-5193.75,-1766.25
2022-08-04 15:25:00,3427.5,-5193.75,-1766.25
2022-08-04 15:26:00,3427.5,-5193.75,-1766.25
2022-08-04 15:27:00,3427.5,-5193.75,-1766.25
2022-08-04 15:28:00,3427.5,-5193.75,-1766.25
2022-08-04 15:29:00,3427.5,-5193.75,-1766.25
2022-08-04 15:30:00,3427.5,-5193.75,-1766.25
2022-08-11 10:15:00,0.0,0.0,0.0
2022-08-11 10:16:00,-71.25,93.75,22.5
2022-08-11 10:17:00,-101.25,120.0,18.75
2022-08-11 10:18:00,-153.75,240.0,86.25
2022-08-11 10:19:00,-105.0,195.0,90.0
2022-08-11 10:20:00,-127.5,150.0,22.5
2022-08-11 10:21:00,-108.75,172.5,63.75
2022-08-11 10:22:00,-135.0,240.0,105.0
2022-08-11 10:23:00,-138.75,255.0,116.25
2022-08-11 10:24:00,-108.75,210.0,101.25
2022-08-11 10:25:00,-153.75,262.5,108.75
2022-08-11 10:26:00,-138.75,213.75,75.0
2022-08-11 10:27:00,-86.25,195.0,108.75
2022-08-11 10:28:00,-93.75,221.25,127.5
2022-08-11 10:29:00,-86.25,232.5,146.25
2022-08-11 10:30:00,-105.0,258.75,153.75
2022-08-11 10:31:00,-172.5,457.5,285.0
2022-08-11 10:32:00,-228.75,427.5,198.75
2022-08-11 10:33:00,-217.5,382.5,165.0
2022-08-11 10:34:00,-187.5,367.5,180.0
2022-08-11 10:35:00,-206.25,397.5,191.25
2022-08-11 10:36:00,-168.75,393.75,225.0
2022-08-11 10:37:00,-183.75,397.5,213.75
2022-08-11 10:38:00,-101.25,352.5,251.25
2022-08-11 10:39:00,-161.25,405.0,243.75
2022-08-11 10:40:00,-195.0,472.5,277.5
2022-08-11 10:41:00,-153.75,431.25,277.5
2022-08-11 10:42:00,-123.75,393.75,270.0
2022-08-11 10:43:00,-157.5,420.0,262.5
2022-08-11 10:44:00,-116.25,386.25,270.0
2022-08-11 10:45:00,-75.0,356.25,281.25
2022-08-11 10:46:00,-112.5,420.0,307.5
2022-08-11 10:47:00,-78.75,378.75,300.0
2022-08-11 10:48:00,116.25,292.5,408.75
2022-08-11 10:49:00,67.5,288.75,356.25
2022-08-11 10:50:00,45.0,315.0,360.0
2022-08-11 10:51:00,7.5,375.0,382.5
2022-08-11 10:52:00,67.5,345.0,412.5
2022-08-11 10:53:00,37.5,393.75,431.25
2022-08-11 10:54:00,22.5,435.0,457.5
2022-08-11 10:55:00,0.0,446.25,446.25
2022-08-11 10:56:00,30.0,405.0,435.0
2022-08-11 10:57:00,97.5,348.75,446.25
2022-08-11 10:58:00,112.5,341.25,453.75
2022-08-11 10:59:00,112.5,300.0,412.5
2022-08-11 11:00:00,90.0,352.5,442.5
2022-08-11 11:01:00,116.25,333.75,450.0
2022-08-11 11:02:00,120.0,363.75,483.75
2022-08-11 11:03:00,123.75,393.75,517.5
2022-08-11 11:04:00,318.75,247.5,566.25
2022-08-11 11:05:00,281.25,243.75,525.0
2022-08-11 11:06:00,240.0,315.0,555.0
2022-08-11 11:07:00,255.0,281.25,536.25
2022-08-11 11:08:00,266.25,210.0,476.25
2022-08-11 11:09:00,270.0,247.5,517.5
2022-08-11 11:10:00,262.5,303.75,566.25
2022-08-11 11:11:00,326.25,176.25,502.5
2022-08-11 11:12:00,240.0,375.0,615.0
2022-08-11 11:13:00,236.25,333.75,570.0
2022-08-11 11:14:00,217.5,371.25,588.75
2022-08-11 11:15:00,210.0,405.0,615.0
2022-08-11 11:16:00,251.25,375.0,626.25
2022-08-11 11:17:00,180.0,435.0,615.0
2022-08-11 11:18:00,157.5,431.25,588.75
2022-08-11 11:19:00,165.0,450.0,615.0
2022-08-11 11:20:00,90.0,540.0,630.0
2022-08-11 11:21:00,112.5,495.0,607.5
2022-08-11 11:22:00,157.5,472.5,630.0
2022-08-11 11:23:00,255.0,442.5,697.5
2022-08-11 11:24:00,262.5,408.75,671.25
2022-08-11 11:25:00,292.5,412.5,705.0
2022-08-11 11:26:00,281.25,435.0,716.25
2022-08-11 11:27:00,281.25,405.0,686.25
2022-08-11 11:28:00,386.25,266.25,652.5
2022-08-11 11:29:00,382.5,-720.0,-337.5
2022-08-11 11:30:00,311.25,138.75,450.0
2022-08-11 11:31:00,273.75,123.75,397.5
2022-08-11 11:32:00,472.5,-303.75,168.75
2022-08-11 11:33:00,412.5,-97.5,315.0
2022-08-11 11:34:00,450.0,-120.0,330.0
2022-08-11 11:35:00,491.25,-273.75,217.5
2022-08-11 11:36:00,513.75,-161.25,352.5
2022-08-11 11:37:00,472.5,-18.75,453.75
2022-08-11 11:38:00,495.0,-93.75,401.25
2022-08-11 11:39:00,588.75,-225.0,363.75
2022-08-11 11:40:00,618.75,-138.75,480.0
2022-08-11 11:41:00,630.0,-131.25,498.75
2022-08-11 11:42:00,611.25,-71.25,540.0
2022-08-11 11:43:00,570.0,30.0,600.0
2022-08-11 11:44:00,528.75,228.75,757.5
2022-08-11 11:45:00,630.0,37.5,667.5
2022-08-11 11:46:00,570.0,60.0,630.0
2022-08-11 11:47:00,641.25,-26.25,615.0
2022-08-11 11:48:00,618.75,-3.75,615.0
2022-08-11 11:49:00,573.75,150.0,723.75
2022-08-11 11:50:00,562.5,120.0,682.5
2022-08-11 11:51:00,558.75,138.75,697.5
2022-08-11 11:52:00,555.0,236.25,791.25
2022-08-11 11:53:00,558.75,288.75,847.5
2022-08-11 11:54:00,562.5,255.0,817.5
2022-08-11 11:55:00,603.75,198.75,802.5
2022-08-11 11:56:00,592.5,217.5,810.0
2022-08-11 11:57:00,592.5,277.5,870.0
2022-08-11 11:58:00,581.25,303.75,885.0
2022-08-11 11:59:00,603.75,221.25,825.0
2022-08-11 12:00:00,585.0,285.0,870.0
2022-08-11 12:01:00,566.25,401.25,967.5
2022-08-11 12:02:00,547.5,427.5,975.0
2022-08-11 12:03:00,603.75,345.0,948.75
2022-08-11 12:04:00,660.0,243.75,903.75
2022-08-11 12:05:00,648.75,345.0,993.75
2022-08-11 12:06:00,746.25,75.0,821.25
2022-08-11 12:07:00,693.75,213.75,907.5
2022-08-11 12:08:00,663.75,363.75,1027.5
2022-08-11 12:09:00,678.75,333.75,1012.5
2022-08-11 12:10:00,671.25,322.5,993.75
2022-08-11 12:11:00,652.5,378.75,1031.25
2022-08-11 12:12:00,671.25,307.5,978.75
2022-08-11 12:13:00,667.5,341.25,1008.75
2022-08-11 12:14:00,660.0,341.25,1001.25
2022-08-11 12:15:00,652.5,303.75,956.25
2022-08-11 12:16:00,660.0,337.5,997.5
2022-08-11 12:17:00,600.0,525.0,1125.0
2022-08-11 12:18:00,611.25,487.5,1098.75
2022-08-11 12:19:00,457.5,806.25,1263.75
2022-08-11 12:20:00,435.0,862.5,1297.5
2022-08-11 12:21:00,457.5,870.0,1327.5
2022-08-11 12:22:00,446.25,851.25,1297.5
2022-08-11 12:23:00,382.5,911.25,1293.75
2022-08-11 12:24:00,416.25,885.0,1301.25
2022-08-11 12:25:00,450.0,892.5,1342.5
2022-08-11 12:26:00,438.75,866.25,1305.0
2022-08-11 12:27:00,423.75,888.75,1312.5
2022-08-11 12:28:00,435.0,881.25,1316.25
2022-08-11 12:29:00,431.25,881.25,1312.5
2022-08-11 12:30:00,393.75,956.25,1350.0
2022-08-11 12:31:00,416.25,945.0,1361.25
2022-08-11 12:32:00,510.0,896.25,1406.25
2022-08-11 12:33:00,487.5,873.75,1361.25
2022-08-11 12:34:00,506.25,840.0,1346.25
2022-08-11 12:35:00,570.0,795.0,1365.0
2022-08-11 12:36:00,547.5,836.25,1383.75
2022-08-11 12:37:00,558.75,817.5,1376.25
2022-08-11 12:38:00,555.0,828.75,1383.75
2022-08-11 12:39:00,532.5,817.5,1350.0
2022-08-11 12:40:00,573.75,795.0,1368.75
2022-08-11 12:41:00,555.0,866.25,1421.25
2022-08-11 12:42:00,532.5,877.5,1410.0
2022-08-11 12:43:00,513.75,918.75,1432.5
2022-08-11 12:44:00,521.25,896.25,1417.5
2022-08-11 12:45:00,525.0,903.75,1428.75
2022-08-11 12:46:00,521.25,922.5,1443.75
2022-08-11 12:47:00,521.25,926.25,1447.5
2022-08-11 12:48:00,626.25,885.0,1511.25
2022-08-11 12:49:00,622.5,877.5,1500.0
2022-08-11 12:50:00,656.25,866.25,1522.5
2022-08-11 12:51:00,682.5,825.0,1507.5
2022-08-11 12:52:00,720.0,776.25,1496.25
2022-08-11 12:53:00,746.25,697.5,1443.75
2022-08-11 12:54:00,735.0,746.25,1481.25
2022-08-11 12:55:00,675.0,828.75,1503.75
2022-08-11 12:56:00,690.0,821.25,1511.25
2022-08-11 12:57:00,690.0,810.0,1500.0
2022-08-11 12:58:00,690.0,817.5,1507.5
2022-08-11 12:59:00,708.75,795.0,1503.75
2022-08-11 13:00:00,750.0,705.0,1455.0
2022-08-11 13:01:00,780.0,622.5,1402.5
2022-08-11 13:02:00,787.5,671.25,1458.75
2022-08-11 13:03:00,757.5,780.0,1537.5
2022-08-11 13:04:00,705.0,851.25,1556.25
2022-08-11 13:05:00,697.5,888.75,1586.25
2022-08-11 13:06:00,682.5,915.0,1597.5
2022-08-11 13:07:00,690.0,926.25,1616.25
2022-08-11 13:08:00,708.75,922.5,1631.25
2022-08-11 13:09:00,723.75,885.0,1608.75
2022-08-11 13:10:00,768.75,836.25,1605.0
2022-08-11 13:11:00,753.75,888.75,1642.5
2022-08-11 13:12:00,772.5,866.25,1638.75
2022-08-11 13:13:00,761.25,900.0,1661.25
2022-08-11 13:14:00,738.75,930.0,1668.75
2022-08-11 13:15:00,806.25,896.25,1702.5
2022-08-11 13:16:00,802.5,941.25,1743.75
2022-08-11 13:17:00,817.5,907.5,1725.0
2022-08-11 13:18:00,843.75,896.25,1740.0
2022-08-11 13:19:00,866.25,873.75,1740.0
2022-08-11 13:20:00,922.5,746.25,1668.75
2022-08-11 13:21:00,926.25,667.5,1593.75
2022-08-11 13:22:00,918.75,738.75,1657.5
2022-08-11 13:23:00,888.75,716.25,1605.0
2022-08-11 13:24:00,963.75,423.75,1387.5
2022-08-11 13:25:00,945.0,573.75,1518.75
2022-08-11 13:26:00,963.75,367.5,1331.25
2022-08-11 13:27:00,956.25,566.25,1522.5
2022-08-11 13:28:00,963.75,581.25,1545.0
2022-08-11 13:29:00,990.0,416.25,1406.25
2022-08-11 13:30:00,1012.5,371.25,1383.75
2022-08-11 13:31:00,1050.0,307.5,1357.5
2022-08-11 13:32:00,1038.75,326.25,1365.0
2022-08-11 13:33:00,1001.25,641.25,1642.5
2022-08-11 13:34:00,986.25,525.0,1511.25
2022-08-11 13:35:00,1005.0,465.0,1470.0
2022-08-11 13:36:00,1012.5,423.75,1436.25
2022-08-11 13:37:00,1020.0,405.0,1425.0
2022-08-11 13:38:00,982.5,652.5,1635.0
2022-08-11 13:39:00,975.0,825.0,1800.0
2022-08-11 13:40:00,956.25,825.0,1781.25
2022-08-11 13:41:00,933.75,971.25,1905.0
2022-08-11 13:42:00,997.5,870.0,1867.5
2022-08-11 13:43:00,990.0,885.0,1875.0
2022-08-11 13:44:00,1012.5,828.75,1841.25
2022-08-11 13:45:00,1023.75,933.75,1957.5
2022-08-11 13:46:00,1001.25,933.75,1935.0
2022-08-11 13:47:00,990.0,960.0,1950.0
2022-08-11 13:48:00,978.75,1143.75,2122.5
2022-08-11 13:49:00,986.25,1158.75,2145.0
2022-08-11 13:50:00,1020.0,1106.25,2126.25
2022-08-11 13:51:00,1012.5,1098.75,2111.25
2022-08-11 13:52:00,1031.25,1083.75,2115.0
2022-08-11 13:53:00,1023.75,1117.5,2141.25
2022-08-11 13:54:00,1057.5,1016.25,2073.75
2022-08-11 13:55:00,1038.75,1083.75,2122.5
2022-08-11 13:56:00,1053.75,993.75,2047.5
2022-08-11 13:57:00,1057.5,1035.0,2092.5
2022-08-11 13:58:00,1057.5,1083.75,2141.25
2022-08-11 13:59:00,1068.75,1061.25,2130.0
2022-08-11 14:00:00,1072.5,1042.5,2115.0
2022-08-11 14:01:00,1072.5,1020.0,2092.5
2022-08-11 14:02:00,1106.25,945.0,2051.25
2022-08-11 14:03:00,1102.5,1005.0,2107.5
2022-08-11 14:04:00,1098.75,1005.0,2103.75
2022-08-11 14:05:00,1095.0,1020.0,2115.0
2022-08-11 14:06:00,1106.25,1020.0,2126.25
2022-08-11 14:07:00,1143.75,956.25,2100.0
2022-08-11 14:08:00,1147.5,963.75,2111.25
2022-08-11 14:09:00,1136.25,1072.5,2208.75
2022-08-11 14:10:00,1140.0,1008.75,2148.75
2022-08-11 14:11:00,1147.5,975.0,2122.5
2022-08-11 14:12:00,1155.0,993.75,2148.75
2022-08-11 14:13:00,1158.75,885.0,2043.75
2022-08-11 14:14:00,1162.5,847.5,2010.0
2022-08-11 14:15:00,1158.75,881.25,2040.0
2022-08-11 14:16:00,1166.25,870.0,2036.25
2022-08-11 14:17:00,1173.75,870.0,2043.75
2022-08-11 14:18:00,1166.25,982.5,2148.75
2022-08-11 14:19:00,1166.25,975.0,2141.25
2022-08-11 14:20:00,1166.25,918.75,2085.0
2022-08-11 14:21:00,1162.5,1035.0,2197.5
2022-08-11 14:22:00,1121.25,1173.75,2295.0
2022-08-11 14:23:00,1091.25,1301.25,2392.5
2022-08-11 14:24:00,1113.75,1271.25,2385.0
2022-08-11 14:25:00,1110.0,1256.25,2366.25
2022-08-11 14:26:00,1128.75,1241.25,2370.0
2022-08-11 14:27:00,1140.0,1256.25,2396.25
2022-08-11 14:28:00,1140.0,1290.0,2430.0
2022-08-11 14:29:00,1110.0,1372.5,2482.5
2022-08-11 14:30:00,1128.75,1338.75,2467.5
2022-08-11 14:31:00,1136.25,1342.5,2478.75
2022-08-11 14:32:00,1166.25,1316.25,2482.5
2022-08-11 14:33:00,1173.75,1338.75,2512.5
2022-08-11 14:34:00,1110.0,1406.25,2516.25
2022-08-11 14:35:00,1147.5,1395.0,2542.5
2022-08-11 14:36:00,1158.75,1368.75,2527.5
2022-08-11 14:37:00,1166.25,1365.0,2531.25
2022-08-11 14:38:00,1170.0,1380.0,2550.0
2022-08-11 14:39:00,1173.75,1327.5,2501.25
2022-08-11 14:40:00,1177.5,1342.5,2520.0
2022-08-11 14:41:00,1181.25,1305.0,2486.25
2022-08-11 14:42:00,1192.5,1286.25,2478.75
2022-08-11 14:43:00,1196.25,1323.75,2520.0
2022-08-11 14:44:00,1200.0,1323.75,2523.75
2022-08-11 14:45:00,1207.5,1335.0,2542.5
2022-08-11 14:46:00,1203.75,1312.5,2516.25
2022-08-11 14:47:00,1203.75,1327.5,2531.25
2022-08-11 14:48:00,1207.5,1316.25,2523.75
2022-08-11 14:49:00,1207.5,1410.0,2617.5
2022-08-11 14:50:00,1188.75,1410.0,2598.75
2022-08-11 14:51:00,1200.0,1425.0,2625.0
2022-08-11 14:52:00,1200.0,1432.5,2632.5
2022-08-11 14:53:00,1207.5,1477.5,2685.0
2022-08-11 14:54:00,1207.5,1470.0,2677.5
2022-08-11 14:55:00,1207.5,1447.5,2655.0
2022-08-11 14:56:00,1218.75,1447.5,2666.25
2022-08-11 14:57:00,1222.5,1436.25,2658.75
2022-08-11 14:58:00,1218.75,1451.25,2670.0
2022-08-11 14:59:00,1218.75,1436.25,2655.0
2022-08-11 15:00:00,1222.5,1500.0,2722.5
2022-08-11 15:01:00,1218.75,1500.0,2718.75
2022-08-11 15:02:00,1226.25,1511.25,2737.5
2022-08-11 15:03:00,1222.5,1530.0,2752.5
2022-08-11 15:04:00,1222.5,1537.5,2760.0
2022-08-11 15:05:00,1230.0,1537.5,2767.5
2022-08-11 15:06:00,1226.25,1533.75,2760.0
2022-08-11 15:07:00,1230.0,1530.0,2760.0
2022-08-11 15:08:00,1230.0,1533.75,2763.75
2022-08-11 15:09:00,1233.75,1533.75,2767.5
2022-08-11 15:10:00,1237.5,1533.75,2771.25
2022-08-11 15:11:00,1241.25,1533.75,2775.0
2022-08-11 15:12:00,1241.25,1537.5,2778.75
2022-08-11 15:13:00,1241.25,1541.25,2782.5
2022-08-11 15:14:00,1241.25,1545.0,2786.25
2022-08-11 15:15:00,1241.25,1541.25,2782.5
2022-08-11 15:16:00,1241.25,1541.25,2782.5
2022-08-11 15:17:00,1237.5,1545.0,2782.5
2022-08-11 15:18:00,1241.25,1548.75,2790.0
2022-08-11 15:19:00,1241.25,1548.75,2790.0
2022-08-11 15:20:00,1241.25,1548.75,2790.0
2022-08-11 15:21:00,1241.25,1548.75,2790.0
2022-08-11 15:22:00,1241.25,1548.75,2790.0
2022-08-11 15:23:00,1241.25,1548.75,2790.0
2022-08-11 15:24:00,1241.25,1548.75,2790.0
2022-08-11 15:25:00,1241.25,1548.75,2790.0
2022-08-11 15:26:00,1241.25,1548.75,2790.0
2022-08-11 15:27:00,1241.25,1548.75,2790.0
2022-08-11 15:28:00,1241.25,1548.75,2790.0
2022-08-11 15:29:00,1241.25,1548.75,2790.0
2022-08-11 15:30:00,1241.25,1548.75,2790.0
2022-08-18 10:15:00,0.0,0.0,0.0
2022-08-18 10:16:00,131.25,-157.5,-26.25
2022-08-18 10:17:00,-30.0,41.25,11.25
2022-08-18 10:18:00,71.25,-101.25,-30.0
2022-08-18 10:19:00,168.75,-247.5,-78.75
2022-08-18 10:20:00,138.75,-195.0,-56.25
2022-08-18 10:21:00,213.75,-273.75,-60.0
2022-08-18 10:22:00,285.0,-330.0,-45.0
2022-08-18 10:23:00,255.0,-247.5,7.5
2022-08-18 10:24:00,232.5,-232.5,0.0
2022-08-18 10:25:00,247.5,-195.0,52.5
2022-08-18 10:26:00,255.0,-251.25,3.75
2022-08-18 10:27:00,420.0,-483.75,-63.75
2022-08-18 10:28:00,498.75,-678.75,-180.0
2022-08-18 10:29:00,588.75,-933.75,-345.0
2022-08-18 10:30:00,622.5,-1286.25,-663.75
2022-08-18 10:31:00,663.75,-1488.75,-825.0
2022-08-18 10:32:00,701.25,-1747.5,-1046.25
2022-08-18 10:33:00,611.25,-1492.5,-881.25
2022-08-18 10:34:00,716.25,-1762.5,-1046.25
2022-08-18 10:35:00,693.75,-1713.75,-1020.0
2022-08-18 10:36:00,517.5,-1481.25,-963.75
2022-08-18 10:37:00,277.5,-1185.0,-907.5
2022-08-18 10:38:00,93.75,-1110.0,-1016.25
2022-08-18 10:39:00,337.5,-1376.25,-1038.75
2022-08-18 10:40:00,195.0,-1151.25,-956.25
2022-08-18 10:41:00,240.0,-1106.25,-866.25
2022-08-18 10:42:00,-33.75,-817.5,-851.25
2022-08-18 10:43:00,-45.0,-712.5,-757.5
2022-08-18 10:44:00,225.0,-926.25,-701.25
2022-08-18 10:45:00,161.25,-843.75,-682.5
2022-08-18 10:46:00,67.5,-772.5,-705.0
2022-08-18 10:47:00,300.0,-948.75,-648.75
2022-08-18 10:48:00,277.5,-888.75,-611.25
2022-08-18 10:49:00,232.5,-783.75,-551.25
2022-08-18 10:50:00,360.0,-866.25,-506.25
2022-08-18 10:51:00,262.5,-761.25,-498.75
2022-08-18 10:52:00,63.75,-551.25,-487.5
2022-08-18 10:53:00,120.0,-562.5,-442.5
2022-08-18 10:54:00,131.25,-630.0,-498.75
2022-08-18 10:55:00,210.0,-686.25,-476.25
2022-08-18 10:56:00,86.25,-551.25,-465.0
2022-08-18 10:57:00,108.75,-558.75,-450.0
2022-08-18 10:58:00,120.0,-547.5,-427.5
2022-08-18 10:59:00,120.0,-577.5,-457.5
2022-08-18 11:00:00,-41.25,-356.25,-397.5
2022-08-18 11:01:00,168.75,-536.25,-367.5
2022-08-18 11:02:00,315.0,-720.0,-405.0
2022-08-18 11:03:00,405.0,-723.75,-318.75
2022-08-18 11:04:00,356.25,-720.0,-363.75
2022-08-18 11:05:00,457.5,-813.75,-356.25
2022-08-18 11:06:00,382.5,-697.5,-315.0
2022-08-18 11:07:00,367.5,-660.0,-292.5
2022-08-18 11:08:00,480.0,-765.0,-285.0
2022-08-18 11:09:00,543.75,-851.25,-307.5
2022-08-18 11:10:00,573.75,-836.25,-262.5
2022-08-18 11:11:00,652.5,-922.5,-270.0
2022-08-18 11:12:00,555.0,-776.25,-221.25
2022-08-18 11:13:00,626.25,-757.5,-131.25
2022-08-18 11:14:00,825.0,-1012.5,-187.5
2022-08-18 11:15:00,828.75,-1046.25,-217.5
2022-08-18 11:16:00,1023.75,-1320.0,-296.25
2022-08-18 11:17:00,1293.75,-1440.0,-146.25
2022-08-18 11:18:00,1218.75,-1586.25,-367.5
2022-08-18 11:19:00,1218.75,-1571.25,-352.5
2022-08-18 11:20:00,1290.0,-1706.25,-416.25
2022-08-18 11:21:00,1241.25,-1620.0,-378.75
2022-08-18 11:22:00,1147.5,-1466.25,-318.75
2022-08-18 11:23:00,1136.25,-1432.5,-296.25
2022-08-18 11:24:00,1211.25,-1695.0,-483.75
2022-08-18 11:25:00,1252.5,-1653.75,-401.25
2022-08-18 11:26:00,1290.0,-1665.0,-375.0
2022-08-18 11:27:00,1357.5,-1916.25,-558.75
2022-08-18 11:28:00,1335.0,-1777.5,-442.5
2022-08-18 11:29:00,1440.0,-1953.75,-513.75
2022-08-18 11:30:00,1455.0,-2100.0,-645.0
2022-08-18 11:31:00,1462.5,-2107.5,-645.0
2022-08-18 11:32:00,1515.0,-2250.0,-735.0
2022-08-18 11:33:00,1567.5,-2321.25,-753.75
2022-08-18 11:34:00,1601.25,-2628.75,-1027.5
2022-08-18 11:35:00,1563.75,-2370.0,-806.25
2022-08-18 11:36:00,1417.5,-1950.0,-532.5
2022-08-18 11:37:00,1350.0,-1548.75,-198.75
2022-08-18 11:38:00,1361.25,-1668.75,-307.5
2022-08-18 11:39:00,1372.5,-1721.25,-348.75
2022-08-18 11:40:00,1353.75,-1575.0,-221.25
2022-08-18 11:41:00,1282.5,-1428.75,-146.25
2022-08-18 11:42:00,1320.0,-1541.25,-221.25
2022-08-18 11:43:00,1350.0,-1518.75,-168.75
2022-08-18 11:44:00,1432.5,-1657.5,-225.0
2022-08-18 11:45:00,1391.25,-1548.75,-157.5
2022-08-18 11:46:00,1560.0,-1826.25,-266.25
2022-08-18 11:47:00,1650.0,-2145.0,-495.0
2022-08-18 11:48:00,1627.5,-2126.25,-498.75
2022-08-18 11:49:00,1556.25,-1815.0,-258.75
2022-08-18 11:50:00,1458.75,-1567.5,-108.75
2022-08-18 11:51:00,1522.5,-1826.25,-303.75
2022-08-18 11:52:00,1518.75,-1807.5,-288.75
2022-08-18 11:53:00,1601.25,-1841.25,-240.0
2022-08-18 11:54:00,1638.75,-2043.75,-405.0
2022-08-18 11:55:00,1560.0,-1908.75,-348.75
2022-08-18 11:56:00,1575.0,-1950.0,-375.0
2022-08-18 11:57:00,1631.25,-2216.25,-585.0
2022-08-18 11:58:00,1616.25,-2238.75,-622.5
2022-08-18 11:59:00,1683.75,-2512.5,-828.75
2022-08-18 12:00:00,1623.75,-2471.25,-847.5
2022-08-18 12:01:00,1743.75,-2970.0,-1226.25
2022-08-18 12:02:00,1762.5,-3093.75,-1331.25
2022-08-18 12:03:00,1725.0,-2906.25,-1181.25
2022-08-18 12:04:00,1672.5,-2662.5,-990.0
2022-08-18 12:05:00,1657.5,-2628.75,-971.25
2022-08-18 12:06:00,1665.0,-2392.5,-727.5
2022-08-18 12:07:00,1530.0,-1931.25,-401.25
2022-08-18 12:08:00,1601.25,-2051.25,-450.0
2022-08-18 12:09:00,1627.5,-2130.0,-502.5
2022-08-18 12:10:00,1691.25,-2287.5,-596.25
2022-08-18 12:11:00,1642.5,-2036.25,-393.75
2022-08-18 12:12:00,1758.75,-2463.75,-705.0
2022-08-18 12:13:00,1728.75,-2388.75,-660.0
2022-08-18 12:14:00,1702.5,-2295.0,-592.5
2022-08-18 12:15:00,1631.25,-1991.25,-360.0
2022-08-18 12:16:00,1616.25,-1822.5,-206.25
2022-08-18 12:17:00,1653.75,-1968.75,-315.0
2022-08-18 12:18:00,1725.0,-2100.0,-375.0
2022-08-18 12:19:00,1683.75,-1980.0,-296.25
2022-08-18 12:20:00,1698.75,-2043.75,-345.0
2022-08-18 12:21:00,1713.75,-2006.25,-292.5
2022-08-18 12:22:00,1676.25,-1912.5,-236.25
2022-08-18 12:23:00,1695.0,-1792.5,-97.5
2022-08-18 12:24:00,1672.5,-1751.25,-78.75
2022-08-18 12:25:00,1676.25,-1612.5,63.75
2022-08-18 12:26:00,1743.75,-1777.5,-33.75
2022-08-18 12:27:00,1743.75,-1728.75,15.0
2022-08-18 12:28:00,1668.75,-1286.25,382.5
2022-08-18 12:29:00,1796.25,-1443.75,352.5
2022-08-18 12:30:00,1882.5,-1638.75,243.75
2022-08-18 12:31:00,1860.0,-1605.0,255.0
2022-08-18 12:32:00,1815.0,-1361.25,453.75
2022-08-18 12:33:00,1706.25,-851.25,855.0
2022-08-18 12:34:00,1740.0,-986.25,753.75
2022-08-18 12:35:00,1747.5,-1012.5,735.0
2022-08-18 12:36:00,1785.0,-1200.0,585.0
2022-08-18 12:37:00,1822.5,-1155.0,667.5
2022-08-18 12:38:00,1762.5,-855.0,907.5
2022-08-18 12:39:00,1803.75,-847.5,956.25
2022-08-18 12:40:00,1743.75,-705.0,1038.75
2022-08-18 12:41:00,1751.25,-720.0,1031.25
2022-08-18 12:42:00,1788.75,-693.75,1095.0
2022-08-18 12:43:00,1818.75,-712.5,1106.25
2022-08-18 12:44:00,1773.75,-326.25,1447.5
2022-08-18 12:45:00,1698.75,-206.25,1492.5
2022-08-18 12:46:00,1721.25,-322.5,1398.75
2022-08-18 12:47:00,1732.5,-367.5,1365.0
2022-08-18 12:48:00,1822.5,-588.75,1233.75
2022-08-18 12:49:00,1890.0,-817.5,1072.5
2022-08-18 12:50:00,2077.5,-1110.0,967.5
2022-08-18 12:51:00,2160.0,-1305.0,855.0
2022-08-18 12:52:00,2115.0,-1061.25,1053.75
2022-08-18 12:53:00,2085.0,-926.25,1158.75
2022-08-18 12:54:00,2085.0,-761.25,1323.75
2022-08-18 12:55:00,2070.0,-765.0,1305.0
2022-08-18 12:56:00,2036.25,-656.25,1380.0
2022-08-18 12:57:00,1972.5,-622.5,1350.0
2022-08-18 12:58:00,2051.25,-903.75,1147.5
2022-08-18 12:59:00,2002.5,-626.25,1376.25
2022-08-18 13:00:00,1972.5,-585.0,1387.5
2022-08-18 13:01:00,1927.5,-521.25,1406.25
2022-08-18 13:02:00,1927.5,-435.0,1492.5
2022-08-18 13:03:00,1923.75,-465.0,1458.75
2022-08-18 13:04:00,1961.25,-435.0,1526.25
2022-08-18 13:05:00,2017.5,-558.75,1458.75
2022-08-18 13:06:00,2130.0,-746.25,1383.75
2022-08-18 13:07:00,2163.75,-686.25,1477.5
2022-08-18 13:08:00,2107.5,-337.5,1770.0
2022-08-18 13:09:00,1972.5,-153.75,1818.75
2022-08-18 13:10:00,1800.0,-22.5,1777.5
2022-08-18 13:11:00,1762.5,176.25,1938.75
2022-08-18 13:12:00,1751.25,168.75,1920.0
2022-08-18 13:13:00,1822.5,198.75,2021.25
2022-08-18 13:14:00,1923.75,101.25,2025.0
2022-08-18 13:15:00,1931.25,135.0,2066.25
2022-08-18 13:16:00,1848.75,86.25,1935.0
2022-08-18 13:17:00,1706.25,198.75,1905.0
2022-08-18 13:18:00,1785.0,146.25,1931.25
2022-08-18 13:19:00,1747.5,161.25,1908.75
2022-08-18 13:20:00,1657.5,333.75,1991.25
2022-08-18 13:21:00,1717.5,318.75,2036.25
2022-08-18 13:22:00,1803.75,228.75,2032.5
2022-08-18 13:23:00,1773.75,225.0,1998.75
2022-08-18 13:24:00,1852.5,138.75,1991.25
2022-08-18 13:25:00,1867.5,191.25,2058.75
2022-08-18 13:26:00,1848.75,195.0,2043.75
2022-08-18 13:27:00,1856.25,213.75,2070.0
2022-08-18 13:28:00,1792.5,408.75,2201.25
2022-08-18 13:29:00,1781.25,378.75,2160.0
2022-08-18 13:30:00,1777.5,427.5,2205.0
2022-08-18 13:31:00,1845.0,386.25,2231.25
2022-08-18 13:32:00,1867.5,255.0,2122.5
2022-08-18 13:33:00,1863.75,382.5,2246.25
2022-08-18 13:34:00,1815.0,438.75,2253.75
2022-08-18 13:35:00,1822.5,435.0,2257.5
2022-08-18 13:36:00,1890.0,307.5,2197.5
2022-08-18 13:37:00,1856.25,420.0,2276.25
2022-08-18 13:38:00,1860.0,408.75,2268.75
2022-08-18 13:39:00,1871.25,401.25,2272.5
2022-08-18 13:40:00,2013.75,120.0,2133.75
2022-08-18 13:41:00,1968.75,270.0,2238.75
2022-08-18 13:42:00,2077.5,153.75,2231.25
2022-08-18 13:43:00,2220.0,-3.75,2216.25
2022-08-18 13:44:00,2242.5,-120.0,2122.5
2022-08-18 13:45:00,2212.5,-33.75,2178.75
2022-08-18 13:46:00,2130.0,210.0,2340.0
2022-08-18 13:47:00,2055.0,311.25,2366.25
2022-08-18 13:48:00,2107.5,247.5,2355.0
2022-08-18 13:49:00,2100.0,258.75,2358.75
2022-08-18 13:50:00,2111.25,232.5,2343.75
2022-08-18 13:51:00,2332.5,-420.0,1912.5
2022-08-18 13:52:00,2283.75,-423.75,1860.0
2022-08-18 13:53:00,2295.0,-371.25,1923.75
2022-08-18 13:54:00,2272.5,-165.0,2107.5
2022-08-18 13:55:00,2227.5,93.75,2321.25
2022-08-18 13:56:00,2238.75,-22.5,2216.25
2022-08-18 13:57:00,2272.5,-183.75,2088.75
2022-08-18 13:58:00,2257.5,-168.75,2088.75
2022-08-18 13:59:00,2265.0,-101.25,2163.75
2022-08-18 14:00:00,2261.25,-41.25,2220.0
2022-08-18 14:01:00,2283.75,-198.75,2085.0
2022-08-18 14:02:00,2317.5,-292.5,2025.0
2022-08-18 14:03:00,2362.5,-292.5,2070.0
2022-08-18 14:04:00,2340.0,-232.5,2107.5
2022-08-18 14:05:00,2280.0,18.75,2298.75
2022-08-18 14:06:00,2265.0,273.75,2538.75
2022-08-18 14:07:00,2190.0,555.0,2745.0
2022-08-18 14:08:00,2077.5,720.0,2797.5
2022-08-18 14:09:00,2163.75,521.25,2685.0
2022-08-18 14:10:00,2280.0,322.5,2602.5
2022-08-18 14:11:00,2227.5,401.25,2628.75
2022-08-18 14:12:00,2156.25,577.5,2733.75
2022-08-18 14:13:00,2103.75,645.0,2748.75
2022-08-18 14:14:00,2126.25,735.0,2861.25
2022-08-18 14:15:00,1815.0,948.75,2763.75
2022-08-18 14:16:00,2055.0,888.75,2943.75
2022-08-18 14:17:00,2032.5,847.5,2880.0
2022-08-18 14:18:00,1935.0,1072.5,3007.5
2022-08-18 14:19:00,2002.5,1001.25,3003.75
2022-08-18 14:20:00,2010.0,1020.0,3030.0
2022-08-18 14:21:00,2025.0,945.0,2970.0
2022-08-18 14:22:00,1950.0,1065.0,3015.0
2022-08-18 14:23:00,1965.0,1035.0,3000.0
2022-08-18 14:24:00,1897.5,1140.0,3037.5
2022-08-18 14:25:00,1965.0,1102.5,3067.5
2022-08-18 14:26:00,2066.25,1065.0,3131.25
2022-08-18 14:27:00,2010.0,1132.5,3142.5
2022-08-18 14:28:00,2032.5,1113.75,3146.25
2022-08-18 14:29:00,2092.5,1046.25,3138.75
2022-08-18 14:30:00,2043.75,1125.0,3168.75
2022-08-18 14:31:00,1976.25,1155.0,3131.25
2022-08-18 14:32:00,1912.5,1256.25,3168.75
2022-08-18 14:33:00,1995.0,1256.25,3251.25
2022-08-18 14:34:00,1972.5,1293.75,3266.25
2022-08-18 14:35:00,1916.25,1372.5,3288.75
2022-08-18 14:36:00,1908.75,1383.75,3292.5
2022-08-18 14:37:00,1927.5,1421.25,3348.75
2022-08-18 14:38:00,1927.5,1398.75,3326.25
2022-08-18 14:39:00,1957.5,1425.0,3382.5
2022-08-18 14:40:00,2062.5,1436.25,3498.75
2022-08-18 14:41:00,1998.75,1515.0,3513.75
2022-08-18 14:42:00,1631.25,1560.0,3191.25
2022-08-18 14:43:00,1676.25,1545.0,3221.25
2022-08-18 14:44:00,1616.25,1560.0,3176.25
2022-08-18 14:45:00,1706.25,1552.5,3258.75
2022-08-18 14:46:00,1627.5,1556.25,3183.75
2022-08-18 14:47:00,1563.75,1563.75,3127.5
2022-08-18 14:48:00,1605.0,1571.25,3176.25
2022-08-18 14:49:00,1605.0,1605.0,3210.0
2022-08-18 14:50:00,1653.75,1601.25,3255.0
2022-08-18 14:51:00,2055.0,1522.5,3577.5
2022-08-18 14:52:00,2186.25,1533.75,3720.0
2022-08-18 14:53:00,1965.0,1593.75,3558.75
2022-08-18 14:54:00,1886.25,1586.25,3472.5
2022-08-18 14:55:00,1946.25,1560.0,3506.25
2022-08-18 14:56:00,1976.25,1590.0,3566.25
2022-08-18 14:57:00,1545.0,1672.5,3217.5
2022-08-18 14:58:00,1665.0,1661.25,3326.25
2022-08-18 14:59:00,1916.25,1635.0,3551.25
2022-08-18 15:00:00,1755.0,1650.0,3405.0
2022-08-18 15:01:00,1672.5,1706.25,3378.75
2022-08-18 15:02:00,1912.5,1713.75,3626.25
2022-08-18 15:03:00,2250.0,1698.75,3948.75
2022-08-18 15:04:00,2321.25,1691.25,4012.5
2022-08-18 15:05:00,2328.75,1702.5,4031.25
2022-08-18 15:06:00,2208.75,1713.75,3922.5
2022-08-18 15:07:00,2058.75,1732.5,3791.25
2022-08-18 15:08:00,2025.0,1740.0,3765.0
2022-08-18 15:09:00,1893.75,1743.75,3637.5
2022-08-18 15:10:00,1897.5,1743.75,3641.25
2022-08-18 15:11:00,2141.25,1747.5,3888.75
2022-08-18 15:12:00,1890.0,1747.5,3637.5
2022-08-18 15:13:00,1953.75,1751.25,3705.0
2022-08-18 15:14:00,2081.25,1751.25,3832.5
2022-08-18 15:15:00,2032.5,1751.25,3783.75
2022-08-18 15:16:00,2148.75,1751.25,3900.0
2022-08-18 15:17:00,2178.75,1751.25,3930.0
2022-08-18 15:18:00,2340.0,1751.25,4091.25
2022-08-18 15:19:00,2253.75,1755.0,4008.75
2022-08-18 15:20:00,2238.75,1758.75,3997.5
2022-08-18 15:21:00,2238.75,1758.75,3997.5
2022-08-18 15:22:00,2238.75,1758.75,3997.5
2022-08-18 15:23:00,2238.75,1758.75,3997.5
2022-08-18 15:24:00,2238.75,1758.75,3997.5
2022-08-18 15:25:00,2238.75,1758.75,3997.5
2022-08-18 15:26:00,2238.75,1758.75,3997.5
2022-08-18 15:27:00,2238.75,1758.75,3997.5
2022-08-18 15:28:00,2238.75,1758.75,3997.5
2022-08-18 15:29:00,2238.75,1758.75,3997.5
2022-08-18 15:30:00,2238.75,1758.75,3997.5
2022-08-25 10:15:00,0.0,0.0,0.0
2022-08-25 10:16:00,-11.25,0.0,-11.25
2022-08-25 10:17:00,172.5,-270.0,-97.5
2022-08-25 10:18:00,183.75,-232.5,-48.75
2022-08-25 10:19:00,240.0,-228.75,11.25
2022-08-25 10:20:00,243.75,-206.25,37.5
2022-08-25 10:21:00,45.0,112.5,157.5
2022-08-25 10:22:00,22.5,142.5,165.0
2022-08-25 10:23:00,-78.75,401.25,322.5
2022-08-25 10:24:00,-60.0,307.5,247.5
2022-08-25 10:25:00,-45.0,330.0,285.0
2022-08-25 10:26:00,67.5,146.25,213.75
2022-08-25 10:27:00,116.25,101.25,217.5
2022-08-25 10:28:00,150.0,45.0,195.0
2022-08-25 10:29:00,112.5,82.5,195.0
2022-08-25 10:30:00,187.5,-90.0,97.5
2022-08-25 10:31:00,78.75,146.25,225.0
2022-08-25 10:32:00,146.25,82.5,228.75
2022-08-25 10:33:00,213.75,-105.0,108.75
2022-08-25 10:34:00,138.75,0.0,138.75
2022-08-25 10:35:00,150.0,63.75,213.75
2022-08-25 10:36:00,112.5,161.25,273.75
2022-08-25 10:37:00,41.25,330.0,371.25
2022-08-25 10:38:00,37.5,285.0,322.5
2022-08-25 10:39:00,45.0,285.0,330.0
2022-08-25 10:40:00,176.25,157.5,333.75
2022-08-25 10:41:00,191.25,101.25,292.5
2022-08-25 10:42:00,135.0,206.25,341.25
2022-08-25 10:43:00,198.75,26.25,225.0
2022-08-25 10:44:00,161.25,97.5,258.75
2022-08-25 10:45:00,210.0,60.0,270.0
2022-08-25 10:46:00,288.75,-75.0,213.75
2022-08-25 10:47:00,277.5,-30.0,247.5
2022-08-25 10:48:00,195.0,168.75,363.75
2022-08-25 10:49:00,97.5,371.25,468.75
2022-08-25 10:50:00,138.75,292.5,431.25
2022-08-25 10:51:00,165.0,285.0,450.0
2022-08-25 10:52:00,157.5,292.5,450.0
2022-08-25 10:53:00,191.25,292.5,483.75
2022-08-25 10:54:00,198.75,307.5,506.25
2022-08-25 10:55:00,168.75,326.25,495.0
2022-08-25 10:56:00,153.75,423.75,577.5
2022-08-25 10:57:00,157.5,405.0,562.5
2022-08-25 10:58:00,183.75,397.5,581.25
2022-08-25 10:59:00,93.75,611.25,705.0
2022-08-25 11:00:00,45.0,633.75,678.75
2022-08-25 11:01:00,71.25,611.25,682.5
2022-08-25 11:02:00,258.75,453.75,712.5
2022-08-25 11:03:00,270.0,393.75,663.75
2022-08-25 11:04:00,255.0,352.5,607.5
2022-08-25 11:05:00,206.25,401.25,607.5
2022-08-25 11:06:00,273.75,315.0,588.75
2022-08-25 11:07:00,326.25,258.75,585.0
2022-08-25 11:08:00,288.75,326.25,615.0
2022-08-25 11:09:00,405.0,161.25,566.25
2022-08-25 11:10:00,555.0,-18.75,536.25
2022-08-25 11:11:00,498.75,-11.25,487.5
2022-08-25 11:12:00,442.5,123.75,566.25
2022-08-25 11:13:00,435.0,165.0,600.0
2022-08-25 11:14:00,513.75,-112.5,401.25
2022-08-25 11:15:00,540.0,-195.0,345.0
2022-08-25 11:16:00,558.75,-326.25,232.5
2022-08-25 11:17:00,521.25,-165.0,356.25
2022-08-25 11:18:00,521.25,-210.0,311.25
2022-08-25 11:19:00,585.0,-322.5,262.5
2022-08-25 11:20:00,600.0,-315.0,285.0
2022-08-25 11:21:00,727.5,-596.25,131.25
2022-08-25 11:22:00,712.5,-663.75,48.75
2022-08-25 11:23:00,720.0,-667.5,52.5
2022-08-25 11:24:00,712.5,-663.75,48.75
2022-08-25 11:25:00,783.75,-1335.0,-551.25
2022-08-25 11:26:00,637.5,-907.5,-270.0
2022-08-25 11:27:00,607.5,-892.5,-285.0
2022-08-25 11:28:00,652.5,-1087.5,-435.0
2022-08-25 11:29:00,562.5,-787.5,-225.0
2022-08-25 11:30:00,712.5,-1087.5,-375.0
2022-08-25 11:31:00,686.25,-1083.75,-397.5
2022-08-25 11:32:00,525.0,-723.75,-198.75
2022-08-25 11:33:00,600.0,-1012.5,-412.5
2022-08-25 11:34:00,682.5,-990.0,-307.5
2022-08-25 11:35:00,536.25,-705.0,-168.75
2022-08-25 11:36:00,682.5,-993.75,-311.25
2022-08-25 11:37:00,866.25,-1477.5,-611.25
2022-08-25 11:38:00,663.75,-1106.25,-442.5
2022-08-25 11:39:00,795.0,-1098.75,-303.75
2022-08-25 11:40:00,727.5,-930.0,-202.5
2022-08-25 11:41:00,540.0,-603.75,-63.75
2022-08-25 11:42:00,476.25,-240.0,236.25
2022-08-25 11:43:00,367.5,-93.75,273.75
2022-08-25 11:44:00,56.25,266.25,322.5
2022-08-25 11:45:00,71.25,292.5,363.75
2022-08-25 11:46:00,-105.0,453.75,348.75
2022-08-25 11:47:00,-431.25,678.75,247.5
2022-08-25 11:48:00,-341.25,626.25,285.0
2022-08-25 11:49:00,-652.5,708.75,56.25
2022-08-25 11:50:00,-690.0,716.25,26.25
2022-08-25 11:51:00,-607.5,648.75,41.25
2022-08-25 11:52:00,-416.25,603.75,187.5
2022-08-25 11:53:00,-663.75,693.75,30.0
2022-08-25 11:54:00,-652.5,675.0,22.5
2022-08-25 11:55:00,-491.25,596.25,105.0
2022-08-25 11:56:00,-656.25,622.5,-33.75
2022-08-25 11:57:00,-558.75,607.5,48.75
2022-08-25 11:58:00,-502.5,648.75,146.25
2022-08-25 11:59:00,-652.5,690.0,37.5
2022-08-25 12:00:00,-618.75,675.0,56.25
2022-08-25 12:01:00,-671.25,701.25,30.0
2022-08-25 12:02:00,-465.0,611.25,146.25
2022-08-25 12:03:00,-596.25,697.5,101.25
2022-08-25 12:04:00,-645.0,738.75,93.75
2022-08-25 12:05:00,-1031.25,877.5,-153.75
2022-08-25 12:06:00,-1203.75,877.5,-326.25
2022-08-25 12:07:00,-892.5,828.75,-63.75
2022-08-25 12:08:00,-1012.5,858.75,-153.75
2022-08-25 12:09:00,-937.5,832.5,-105.0
2022-08-25 12:10:00,-1083.75,896.25,-187.5
2022-08-25 12:11:00,-997.5,858.75,-138.75
2022-08-25 12:12:00,-892.5,813.75,-78.75
2022-08-25 12:13:00,-975.0,896.25,-78.75
2022-08-25 12:14:00,-1162.5,915.0,-247.5
2022-08-25 12:15:00,-993.75,870.0,-123.75
2022-08-25 12:16:00,-986.25,847.5,-138.75
2022-08-25 12:17:00,-1020.0,862.5,-157.5
2022-08-25 12:18:00,-896.25,843.75,-52.5
2022-08-25 12:19:00,-1076.25,885.0,-191.25
2022-08-25 12:20:00,-1170.0,907.5,-262.5
2022-08-25 12:21:00,-1616.25,1053.75,-562.5
2022-08-25 12:22:00,-1383.75,1016.25,-367.5
2022-08-25 12:23:00,-1616.25,1091.25,-525.0
2022-08-25 12:24:00,-1586.25,1068.75,-517.5
2022-08-25 12:25:00,-1533.75,1068.75,-465.0
2022-08-25 12:26:00,-1462.5,1035.0,-427.5
2022-08-25 12:27:00,-1477.5,1038.75,-438.75
2022-08-25 12:28:00,-1421.25,993.75,-427.5
2022-08-25 12:29:00,-1297.5,941.25,-356.25
2022-08-25 12:30:00,-1196.25,870.0,-326.25
2022-08-25 12:31:00,-1140.0,795.0,-345.0
2022-08-25 12:32:00,-1215.0,798.75,-416.25
2022-08-25 12:33:00,-1263.75,911.25,-352.5
2022-08-25 12:34:00,-1305.0,960.0,-345.0
2022-08-25 12:35:00,-1263.75,956.25,-307.5
2022-08-25 12:36:00,-1297.5,975.0,-322.5
2022-08-25 12:37:00,-1203.75,888.75,-315.0
2022-08-25 12:38:00,-1256.25,933.75,-322.5
2022-08-25 12:39:00,-1290.0,978.75,-311.25
2022-08-25 12:40:00,-1211.25,933.75,-277.5
2022-08-25 12:41:00,-1233.75,926.25,-307.5
2022-08-25 12:42:00,-1301.25,990.0,-311.25
2022-08-25 12:43:00,-1230.0,941.25,-288.75
2022-08-25 12:44:00,-1218.75,960.0,-258.75
2022-08-25 12:45:00,-1185.0,937.5,-247.5
2022-08-25 12:46:00,-1211.25,1008.75,-202.5
2022-08-25 12:47:00,-1395.0,1222.5,-172.5
2022-08-25 12:48:00,-1601.25,1368.75,-232.5
2022-08-25 12:49:00,-1548.75,1353.75,-195.0
2022-08-25 12:50:00,-1616.25,1361.25,-255.0
2022-08-25 12:51:00,-1488.75,1323.75,-165.0
2022-08-25 12:52:00,-1477.5,1305.0,-172.5
2022-08-25 12:53:00,-1488.75,1286.25,-202.5
2022-08-25 12:54:00,-1556.25,1365.0,-191.25
2022-08-25 12:55:00,-1616.25,1365.0,-251.25
2022-08-25 12:56:00,-1522.5,1357.5,-165.0
2022-08-25 12:57:00,-1642.5,1406.25,-236.25
2022-08-25 12:58:00,-1620.0,1413.75,-206.25
2022-08-25 12:59:00,-1683.75,1466.25,-217.5
2022-08-25 13:00:00,-1680.0,1466.25,-213.75
2022-08-25 13:01:00,-1485.0,1432.5,-52.5
2022-08-25 13:02:00,-1466.25,1387.5,-78.75
2022-08-25 13:03:00,-1301.25,1387.5,86.25
2022-08-25 13:04:00,-1305.0,1365.0,60.0
2022-08-25 13:05:00,-1233.75,1361.25,127.5
2022-08-25 13:06:00,-1395.0,1440.0,45.0
2022-08-25 13:07:00,-1290.0,1376.25,86.25
2022-08-25 13:08:00,-1342.5,1402.5,60.0
2022-08-25 13:09:00,-1151.25,1323.75,172.5
2022-08-25 13:10:00,-948.75,1267.5,318.75
2022-08-25 13:11:00,-1080.0,1342.5,262.5
2022-08-25 13:12:00,-1128.75,1402.5,273.75
2022-08-25 13:13:00,-1207.5,1492.5,285.0
2022-08-25 13:14:00,-1188.75,1496.25,307.5
2022-08-25 13:15:00,-1132.5,1485.0,352.5
2022-08-25 13:16:00,-1196.25,1511.25,315.0
2022-08-25 13:17:00,-1113.75,1518.75,405.0
2022-08-25 13:18:00,-1035.0,1455.0,420.0
2022-08-25 13:19:00,-975.0,1380.0,405.0
2022-08-25 13:20:00,-1020.0,1402.5,382.5
2022-08-25 13:21:00,-997.5,1357.5,360.0
2022-08-25 13:22:00,-817.5,1248.75,431.25
2022-08-25 13:23:00,-926.25,1395.0,468.75
2022-08-25 13:24:00,-990.0,1530.0,540.0
2022-08-25 13:25:00,-1020.0,1526.25,506.25
2022-08-25 13:26:00,-1076.25,1533.75,457.5
2022-08-25 13:27:00,-1016.25,1515.0,498.75
2022-08-25 13:28:00,-1065.0,1537.5,472.5
2022-08-25 13:29:00,-1012.5,1515.0,502.5
2022-08-25 13:30:00,-967.5,1485.0,517.5
2022-08-25 13:31:00,-1001.25,1522.5,521.25
2022-08-25 13:32:00,-930.0,1410.0,480.0
2022-08-25 13:33:00,-956.25,1443.75,487.5
2022-08-25 13:34:00,-1005.0,1488.75,483.75
2022-08-25 13:35:00,-990.0,1481.25,491.25
2022-08-25 13:36:00,-960.0,1488.75,528.75
2022-08-25 13:37:00,-1016.25,1518.75,502.5
2022-08-25 13:38:00,-1008.75,1537.5,528.75
2022-08-25 13:39:00,-1053.75,1582.5,528.75
2022-08-25 13:40:00,-1001.25,1556.25,555.0
2022-08-25 13:41:00,-885.0,1500.0,615.0
2022-08-25 13:42:00,-892.5,1511.25,618.75
2022-08-25 13:43:00,-918.75,1545.0,626.25
2022-08-25 13:44:00,-858.75,1470.0,611.25
2022-08-25 13:45:00,-900.0,1515.0,615.0
2022-08-25 13:46:00,-847.5,1466.25,618.75
2022-08-25 13:47:00,-825.0,1436.25,611.25
2022-08-25 13:48:00,-693.75,1305.0,611.25
2022-08-25 13:49:00,-787.5,1406.25,618.75
2022-08-25 13:50:00,-813.75,1485.0,671.25
2022-08-25 13:51:00,-836.25,1522.5,686.25
2022-08-25 13:52:00,-817.5,1477.5,660.0
2022-08-25 13:53:00,-783.75,1413.75,630.0
2022-08-25 13:54:00,-765.0,1443.75,678.75
2022-08-25 13:55:00,-802.5,1496.25,693.75
2022-08-25 13:56:00,-855.0,1545.0,690.0
2022-08-25 13:57:00,-791.25,1537.5,746.25
2022-08-25 13:58:00,-783.75,1488.75,705.0
2022-08-25 13:59:00,-712.5,1413.75,701.25
2022-08-25 14:00:00,-727.5,1440.0,712.5
2022-08-25 14:01:00,-697.5,1436.25,738.75
2022-08-25 14:02:00,-667.5,1425.0,757.5
2022-08-25 14:03:00,-750.0,1530.0,780.0
2022-08-25 14:04:00,-708.75,1466.25,757.5
2022-08-25 14:05:00,-712.5,1500.0,787.5
2022-08-25 14:06:00,-660.0,1421.25,761.25
2022-08-25 14:07:00,-615.0,1391.25,776.25
2022-08-25 14:08:00,-615.0,1312.5,697.5
2022-08-25 14:09:00,-585.0,1305.0,720.0
2022-08-25 14:10:00,-603.75,1335.0,731.25
2022-08-25 14:11:00,-626.25,1440.0,813.75
2022-08-25 14:12:00,-630.0,1410.0,780.0
2022-08-25 14:13:00,-596.25,1323.75,727.5
2022-08-25 14:14:00,-633.75,1451.25,817.5
2022-08-25 14:15:00,-663.75,1526.25,862.5
2022-08-25 14:16:00,-656.25,1492.5,836.25
2022-08-25 14:17:00,-607.5,1455.0,847.5
2022-08-25 14:18:00,-596.25,1447.5,851.25
2022-08-25 14:19:00,-573.75,1462.5,888.75
2022-08-25 14:20:00,-551.25,1406.25,855.0
2022-08-25 14:21:00,-483.75,1128.75,645.0
2022-08-25 14:22:00,-483.75,1335.0,851.25
2022-08-25 14:23:00,-495.0,1368.75,873.75
2022-08-25 14:24:00,-491.25,1425.0,933.75
2022-08-25 14:25:00,-472.5,1327.5,855.0
2022-08-25 14:26:00,-405.0,1237.5,832.5
2022-08-25 14:27:00,-386.25,963.75,577.5
2022-08-25 14:28:00,-378.75,1087.5,708.75
2022-08-25 14:29:00,-367.5,1042.5,675.0
2022-08-25 14:30:00,-382.5,1072.5,690.0
2022-08-25 14:31:00,-367.5,1155.0,787.5
2022-08-25 14:32:00,-341.25,948.75,607.5
2022-08-25 14:33:00,-333.75,562.5,228.75
2022-08-25 14:34:00,-326.25,618.75,292.5
2022-08-25 14:35:00,-318.75,138.75,-180.0
2022-08-25 14:36:00,-326.25,378.75,52.5
2022-08-25 14:37:00,-333.75,645.0,311.25
2022-08-25 14:38:00,-318.75,517.5,198.75
2022-08-25 14:39:00,-300.0,67.5,-232.5
2022-08-25 14:40:00,-277.5,-262.5,-540.0
2022-08-25 14:41:00,-273.75,-1567.5,-1841.25
2022-08-25 14:42:00,-285.0,-731.25,-1016.25
2022-08-25 14:43:00,-292.5,11.25,-281.25
2022-08-25 14:44:00,-296.25,412.5,116.25
2022-08-25 14:45:00,-296.25,405.0,108.75
2022-08-25 14:46:00,-296.25,907.5,611.25
2022-08-25 14:47:00,-273.75,543.75,270.0
2022-08-25 14:48:00,-262.5,-75.0,-337.5
2022-08-25 14:49:00,-262.5,577.5,315.0
2022-08-25 14:50:00,-262.5,532.5,270.0
2022-08-25 14:51:00,-255.0,405.0,150.0
2022-08-25 14:52:00,-247.5,232.5,-15.0
2022-08-25 14:53:00,-243.75,-622.5,-866.25
2022-08-25 14:54:00,-240.0,-1050.0,-1290.0
2022-08-25 14:55:00,-247.5,-1762.5,-2010.0
2022-08-25 14:56:00,-255.0,-2651.25,-2906.25
2022-08-25 14:57:00,-255.0,-3191.25,-3446.25
2022-08-25 14:58:00,-255.0,-2617.5,-2872.5
2022-08-25 14:59:00,-247.5,-3727.5,-3975.0
2022-08-25 15:00:00,-247.5,-3573.75,-3821.25
2022-08-25 15:01:00,-251.25,-5295.0,-5546.25
2022-08-25 15:02:00,-240.0,-7087.5,-7327.5
2022-08-25 15:03:00,-236.25,-6296.25,-6532.5
2022-08-25 15:04:00,-236.25,-5640.0,-5876.25
2022-08-25 15:05:00,-243.75,-5913.75,-6157.5
2022-08-25 15:06:00,-243.75,-6435.0,-6678.75
2022-08-25 15:07:00,-243.75,-6416.25,-6660.0
2022-08-25 15:08:00,-232.5,-6903.75,-7136.25
2022-08-25 15:09:00,-228.75,-5508.75,-5737.5
2022-08-25 15:10:00,-228.75,-4875.0,-5103.75
2022-08-25 15:11:00,-225.0,-5977.5,-6202.5
2022-08-25 15:12:00,-225.0,-7200.0,-7425.0
2022-08-25 15:13:00,-221.25,-8655.0,-8876.25
2022-08-25 15:14:00,-217.5,-9311.25,-9528.75
2022-08-25 15:15:00,-217.5,-8722.5,-8940.0
2022-08-25 15:16:00,-213.75,-8801.25,-9015.0
2022-08-25 15:17:00,-213.75,-8193.75,-8407.5
2022-08-25 15:18:00,-210.0,-8017.5,-8227.5
2022-08-25 15:19:00,-213.75,-8527.5,-8741.25
2022-08-25 15:20:00,-213.75,-8512.5,-8726.25
2022-08-25 15:21:00,-213.75,-8512.5,-8726.25
2022-08-25 15:22:00,-213.75,-8512.5,-8726.25
2022-08-25 15:23:00,-213.75,-8512.5,-8726.25
2022-08-25 15:24:00,-213.75,-8512.5,-8726.25
2022-08-25 15:25:00,-213.75,-8512.5,-8726.25
2022-08-25 15:26:00,-213.75,-8512.5,-8726.25
2022-08-25 15:27:00,-213.75,-8512.5,-8726.25
2022-08-25 15:28:00,-213.75,-8512.5,-8726.25
2022-08-25 15:29:00,-213.75,-8512.5,-8726.25
2022-08-25 15:30:00,-213.75,-8512.5,-8726.25
2022-09-01 10:15:00,0.0,0.0,0.0
2022-09-01 10:16:00,-101.25,56.25,-45.0
2022-09-01 10:17:00,41.25,-168.75,-127.5
2022-09-01 10:18:00,-56.25,-82.5,-138.75
2022-09-01 10:19:00,-217.5,-30.0,-247.5
2022-09-01 10:20:00,-138.75,-116.25,-255.0
2022-09-01 10:21:00,3.75,-255.0,-251.25
2022-09-01 10:22:00,-15.0,-146.25,-161.25
2022-09-01 10:23:00,-225.0,138.75,-86.25
2022-09-01 10:24:00,-240.0,150.0,-90.0
2022-09-01 10:25:00,-656.25,371.25,-285.0
2022-09-01 10:26:00,-615.0,341.25,-273.75
2022-09-01 10:27:00,-378.75,172.5,-206.25
2022-09-01 10:28:00,-277.5,138.75,-138.75
2022-09-01 10:29:00,-495.0,191.25,-303.75
2022-09-01 10:30:00,-472.5,236.25,-236.25
2022-09-01 10:31:00,-382.5,176.25,-206.25
2022-09-01 10:32:00,-217.5,105.0,-112.5
2022-09-01 10:33:00,-195.0,82.5,-112.5
2022-09-01 10:34:00,-150.0,30.0,-120.0
2022-09-01 10:35:00,56.25,-172.5,-116.25
2022-09-01 10:36:00,228.75,-153.75,75.0
2022-09-01 10:37:00,285.0,-116.25,168.75
2022-09-01 10:38:00,457.5,-397.5,60.0
2022-09-01 10:39:00,573.75,-772.5,-198.75
2022-09-01 10:40:00,720.0,-1068.75,-348.75
2022-09-01 10:41:00,386.25,-262.5,123.75
2022-09-01 10:42:00,311.25,-386.25,-75.0
2022-09-01 10:43:00,311.25,-345.0,-33.75
2022-09-01 10:44:00,142.5,56.25,198.75
2022-09-01 10:45:00,337.5,-303.75,33.75
2022-09-01 10:46:00,251.25,-206.25,45.0
2022-09-01 10:47:00,127.5,-52.5,75.0
2022-09-01 10:48:00,206.25,-180.0,26.25
2022-09-01 10:49:00,386.25,-442.5,-56.25
2022-09-01 10:50:00,393.75,-457.5,-63.75
2022-09-01 10:51:00,423.75,-513.75,-90.0
2022-09-01 10:52:00,431.25,-491.25,-60.0
2022-09-01 10:53:00,450.0,-510.0,-60.0
2022-09-01 10:54:00,513.75,-483.75,30.0
2022-09-01 10:55:00,405.0,-258.75,146.25
2022-09-01 10:56:00,517.5,-472.5,45.0
2022-09-01 10:57:00,427.5,-356.25,71.25
2022-09-01 10:58:00,300.0,15.0,315.0
2022-09-01 10:59:00,318.75,-48.75,270.0
2022-09-01 11:00:00,337.5,-63.75,273.75
2022-09-01 11:01:00,547.5,-393.75,153.75
2022-09-01 11:02:00,615.0,-536.25,78.75
2022-09-01 11:03:00,731.25,-566.25,165.0
2022-09-01 11:04:00,742.5,-611.25,131.25
2022-09-01 11:05:00,678.75,-506.25,172.5
2022-09-01 11:06:00,847.5,-933.75,-86.25
2022-09-01 11:07:00,750.0,-738.75,11.25
2022-09-01 11:08:00,813.75,-828.75,-15.0
2022-09-01 11:09:00,727.5,-607.5,120.0
2022-09-01 11:10:00,783.75,-772.5,11.25
2022-09-01 11:11:00,881.25,-960.0,-78.75
2022-09-01 11:12:00,693.75,-532.5,161.25
2022-09-01 11:13:00,727.5,-525.0,202.5
2022-09-01 11:14:00,675.0,-367.5,307.5
2022-09-01 11:15:00,615.0,-401.25,213.75
2022-09-01 11:16:00,603.75,-311.25,292.5
2022-09-01 11:17:00,551.25,-195.0,356.25
2022-09-01 11:18:00,341.25,123.75,465.0
2022-09-01 11:19:00,270.0,262.5,532.5
2022-09-01 11:20:00,446.25,-26.25,420.0
2022-09-01 11:21:00,551.25,-236.25,315.0
2022-09-01 11:22:00,416.25,-75.0,341.25
2022-09-01 11:23:00,352.5,82.5,435.0
2022-09-01 11:24:00,378.75,71.25,450.0
2022-09-01 11:25:00,382.5,127.5,510.0
2022-09-01 11:26:00,476.25,18.75,495.0
2022-09-01 11:27:00,431.25,33.75,465.0
2022-09-01 11:28:00,435.0,60.0,495.0
2022-09-01 11:29:00,453.75,105.0,558.75
2022-09-01 11:30:00,517.5,18.75,536.25
2022-09-01 11:31:00,468.75,168.75,637.5
2022-09-01 11:32:00,521.25,105.0,626.25
2022-09-01 11:33:00,543.75,105.0,648.75
2022-09-01 11:34:00,742.5,-97.5,645.0
2022-09-01 11:35:00,791.25,-146.25,645.0
2022-09-01 11:36:00,840.0,-311.25,528.75
2022-09-01 11:37:00,832.5,-206.25,626.25
2022-09-01 11:38:00,813.75,-183.75,630.0
2022-09-01 11:39:00,870.0,-390.0,480.0
2022-09-01 11:40:00,858.75,-333.75,525.0
2022-09-01 11:41:00,855.0,-375.0,480.0
2022-09-01 11:42:00,821.25,-333.75,487.5
2022-09-01 11:43:00,851.25,-367.5,483.75
2022-09-01 11:44:00,855.0,-356.25,498.75
2022-09-01 11:45:00,817.5,-296.25,521.25
2022-09-01 11:46:00,918.75,-540.0,378.75
2022-09-01 11:47:00,1110.0,-993.75,116.25
2022-09-01 11:48:00,1068.75,-1320.0,-251.25
2022-09-01 11:49:00,1117.5,-1590.0,-472.5
2022-09-01 11:50:00,1151.25,-1743.75,-592.5
2022-09-01 11:51:00,1098.75,-1297.5,-198.75
2022-09-01 11:52:00,1098.75,-1383.75,-285.0
2022-09-01 11:53:00,1083.75,-1601.25,-517.5
2022-09-01 11:54:00,1143.75,-1897.5,-753.75
2022-09-01 11:55:00,1245.0,-2703.75,-1458.75
2022-09-01 11:56:00,1661.25,-3093.75,-1432.5
2022-09-01 11:57:00,1725.0,-2880.0,-1155.0
2022-09-01 11:58:00,1721.25,-2883.75,-1162.5
2022-09-01 11:59:00,1402.5,-2163.75,-761.25
2022-09-01 12:00:00,1308.75,-2231.25,-922.5
2022-09-01 12:01:00,1398.75,-2422.5,-1023.75
2022-09-01 12:02:00,870.0,-1293.75,-423.75
2022-09-01 12:03:00,978.75,-1586.25,-607.5
2022-09-01 12:04:00,1181.25,-1875.0,-693.75
2022-09-01 12:05:00,903.75,-1410.0,-506.25
2022-09-01 12:06:00,1005.0,-1488.75,-483.75
2022-09-01 12:07:00,693.75,-1106.25,-412.5
2022-09-01 12:08:00,855.0,-1368.75,-513.75
2022-09-01 12:09:00,858.75,-1335.0,-476.25
2022-09-01 12:10:00,1076.25,-1507.5,-431.25
2022-09-01 12:11:00,926.25,-1406.25,-480.0
2022-09-01 12:12:00,836.25,-1177.5,-341.25
2022-09-01 12:13:00,765.0,-1158.75,-393.75
2022-09-01 12:14:00,618.75,-926.25,-307.5
2022-09-01 12:15:00,540.0,-870.0,-330.0
2022-09-01 12:16:00,753.75,-1023.75,-270.0
2022-09-01 12:17:00,660.0,-978.75,-318.75
2022-09-01 12:18:00,547.5,-881.25,-333.75
2022-09-01 12:19:00,791.25,-1147.5,-356.25
2022-09-01 12:20:00,963.75,-1252.5,-288.75
2022-09-01 12:21:00,933.75,-1252.5,-318.75
2022-09-01 12:22:00,1177.5,-1507.5,-330.0
2022-09-01 12:23:00,1185.0,-1488.75,-303.75
2022-09-01 12:24:00,1233.75,-1623.75,-390.0
2022-09-01 12:25:00,1196.25,-1425.0,-228.75
2022-09-01 12:26:00,1151.25,-1357.5,-206.25
2022-09-01 12:27:00,1181.25,-1492.5,-311.25
2022-09-01 12:28:00,1192.5,-1421.25,-228.75
2022-09-01 12:29:00,1353.75,-1698.75,-345.0
2022-09-01 12:30:00,1477.5,-1755.0,-277.5
2022-09-01 12:31:00,1721.25,-2010.0,-288.75
2022-09-01 12:32:00,1586.25,-1830.0,-243.75
2022-09-01 12:33:00,1638.75,-1998.75,-360.0
2022-09-01 12:34:00,1458.75,-1582.5,-123.75
2022-09-01 12:35:00,1451.25,-1593.75,-142.5
2022-09-01 12:36:00,1398.75,-1635.0,-236.25
2022-09-01 12:37:00,1252.5,-1425.0,-172.5
2022-09-01 12:38:00,1593.75,-2013.75,-420.0
2022-09-01 12:39:00,1500.0,-1965.0,-465.0
2022-09-01 12:40:00,1286.25,-1511.25,-225.0
2022-09-01 12:41:00,1372.5,-1668.75,-296.25
2022-09-01 12:42:00,1353.75,-1593.75,-240.0
2022-09-01 12:43:00,1155.0,-1293.75,-138.75
2022-09-01 12:44:00,1278.75,-1477.5,-198.75
2022-09-01 12:45:00,1001.25,-997.5,3.75
2022-09-01 12:46:00,787.5,-723.75,63.75
2022-09-01 12:47:00,847.5,-765.0,82.5
2022-09-01 12:48:00,1282.5,-1282.5,0.0
2022-09-01 12:49:00,1443.75,-1488.75,-45.0
2022-09-01 12:50:00,1608.75,-1762.5,-153.75
2022-09-01 12:51:00,1762.5,-1908.75,-146.25
2022-09-01 12:52:00,1496.25,-1575.0,-78.75
2022-09-01 12:53:00,1447.5,-1383.75,63.75
2022-09-01 12:54:00,1608.75,-1650.0,-41.25
2022-09-01 12:55:00,1605.0,-1721.25,-116.25
2022-09-01 12:56:00,1736.25,-1856.25,-120.0
2022-09-01 12:57:00,1657.5,-1638.75,18.75
2022-09-01 12:58:00,1702.5,-1725.0,-22.5
2022-09-01 12:59:00,1983.75,-2493.75,-510.0
2022-09-01 13:00:00,2448.75,-3210.0,-761.25
2022-09-01 13:01:00,2576.25,-3465.0,-888.75
2022-09-01 13:02:00,2456.25,-2943.75,-487.5
2022-09-01 13:03:00,2310.0,-2306.25,3.75
2022-09-01 13:04:00,2411.25,-2876.25,-465.0
2022-09-01 13:05:00,2381.25,-2617.5,-236.25
2022-09-01 13:06:00,2347.5,-2433.75,-86.25
2022-09-01 13:07:00,2366.25,-2452.5,-86.25
2022-09-01 13:08:00,2463.75,-2808.75,-345.0
2022-09-01 13:09:00,2610.0,-3112.5,-502.5
2022-09-01 13:10:00,2688.75,-3217.5,-528.75
2022-09-01 13:11:00,2887.5,-3810.0,-922.5
2022-09-01 13:12:00,2943.75,-3712.5,-768.75
2022-09-01 13:13:00,3048.75,-3615.0,-566.25
2022-09-01 13:14:00,3018.75,-3825.0,-806.25
2022-09-01 13:15:00,2928.75,-3506.25,-577.5
2022-09-01 13:16:00,2876.25,-3341.25,-465.0
2022-09-01 13:17:00,2936.25,-3521.25,-585.0
2022-09-01 13:18:00,2891.25,-3285.0,-393.75
2022-09-01 13:19:00,2767.5,-2647.5,120.0
2022-09-01 13:20:00,2775.0,-2711.25,63.75
2022-09-01 13:21:00,2722.5,-2715.0,7.5
2022-09-01 13:22:00,2516.25,-1920.0,596.25
2022-09-01 13:23:00,2730.0,-2463.75,266.25
2022-09-01 13:24:00,2827.5,-2790.0,37.5
2022-09-01 13:25:00,2861.25,-2898.75,-37.5
2022-09-01 13:26:00,2782.5,-2628.75,153.75
2022-09-01 13:27:00,2782.5,-2651.25,131.25
2022-09-01 13:28:00,2842.5,-2835.0,7.5
2022-09-01 13:29:00,2797.5,-2640.0,157.5
2022-09-01 13:30:00,2726.25,-2388.75,337.5
2022-09-01 13:31:00,2598.75,-2002.5,596.25
2022-09-01 13:32:00,2816.25,-2508.75,307.5
2022-09-01 13:33:00,3026.25,-3030.0,-3.75
2022-09-01 13:34:00,2958.75,-2865.0,93.75
2022-09-01 13:35:00,2947.5,-2565.0,382.5
2022-09-01 13:36:00,2958.75,-2685.0,273.75
2022-09-01 13:37:00,2887.5,-2385.0,502.5
2022-09-01 13:38:00,2902.5,-2565.0,337.5
2022-09-01 13:39:00,2988.75,-2846.25,142.5
2022-09-01 13:40:00,3056.25,-3206.25,-150.0
2022-09-01 13:41:00,3097.5,-3217.5,-120.0
2022-09-01 13:42:00,3187.5,-3870.0,-682.5
2022-09-01 13:43:00,3191.25,-3465.0,-273.75
2022-09-01 13:44:00,3198.75,-3435.0,-236.25
2022-09-01 13:45:00,3127.5,-2910.0,217.5
2022-09-01 13:46:00,3135.0,-3116.25,18.75
2022-09-01 13:47:00,3258.75,-3967.5,-708.75
2022-09-01 13:48:00,3221.25,-3506.25,-285.0
2022-09-01 13:49:00,3243.75,-3562.5,-318.75
2022-09-01 13:50:00,3326.25,-4046.25,-720.0
2022-09-01 13:51:00,3386.25,-4342.5,-956.25
2022-09-01 13:52:00,3363.75,-4076.25,-712.5
2022-09-01 13:53:00,3405.0,-4777.5,-1372.5
2022-09-01 13:54:00,3393.75,-4965.0,-1571.25
2022-09-01 13:55:00,3453.75,-5666.25,-2212.5
2022-09-01 13:56:00,3420.0,-5876.25,-2456.25
2022-09-01 13:57:00,3431.25,-5842.5,-2411.25
2022-09-01 13:58:00,3468.75,-5951.25,-2482.5
2022-09-01 13:59:00,3532.5,-6003.75,-2471.25
2022-09-01 14:00:00,3517.5,-6082.5,-2565.0
2022-09-01 14:01:00,3506.25,-5865.0,-2358.75
2022-09-01 14:02:00,3480.0,-5895.0,-2415.0
2022-09-01 14:03:00,3532.5,-5925.0,-2392.5
2022-09-01 14:04:00,3540.0,-5876.25,-2336.25
2022-09-01 14:05:00,3528.75,-5868.75,-2340.0
2022-09-01 14:06:00,3562.5,-5962.5,-2400.0
2022-09-01 14:07:00,3555.0,-5865.0,-2310.0
2022-09-01 14:08:00,3566.25,-5958.75,-2392.5
2022-09-01 14:09:00,3528.75,-5895.0,-2366.25
2022-09-01 14:10:00,3540.0,-5910.0,-2370.0
2022-09-01 14:11:00,3566.25,-5958.75,-2392.5
2022-09-01 14:12:00,3510.0,-5625.0,-2115.0
2022-09-01 14:13:00,3438.75,-5632.5,-2193.75
2022-09-01 14:14:00,3375.0,-5565.0,-2190.0
2022-09-01 14:15:00,3416.25,-5598.75,-2182.5
2022-09-01 14:16:00,3483.75,-5636.25,-2152.5
2022-09-01 14:17:00,3472.5,-5651.25,-2178.75
2022-09-01 14:18:00,3498.75,-5636.25,-2137.5
2022-09-01 14:19:00,3543.75,-5628.75,-2085.0
2022-09-01 14:20:00,3562.5,-5636.25,-2073.75
2022-09-01 14:21:00,3558.75,-5617.5,-2058.75
2022-09-01 14:22:00,3570.0,-5625.0,-2055.0
2022-09-01 14:23:00,3607.5,-5610.0,-2002.5
2022-09-01 14:24:00,3600.0,-5591.25,-1991.25
2022-09-01 14:25:00,3581.25,-5583.75,-2002.5
2022-09-01 14:26:00,3585.0,-5553.75,-1968.75
2022-09-01 14:27:00,3502.5,-5512.5,-2010.0
2022-09-01 14:28:00,3581.25,-5475.0,-1893.75
2022-09-01 14:29:00,3510.0,-5467.5,-1957.5
2022-09-01 14:30:00,3532.5,-5486.25,-1953.75
2022-09-01 14:31:00,3543.75,-5482.5,-1938.75
2022-09-01 14:32:00,3498.75,-5478.75,-1980.0
2022-09-01 14:33:00,3465.0,-5467.5,-2002.5
2022-09-01 14:34:00,3382.5,-5448.75,-2066.25
2022-09-01 14:35:00,3450.0,-5452.5,-2002.5
2022-09-01 14:36:00,3405.0,-5460.0,-2055.0
2022-09-01 14:37:00,3457.5,-5471.25,-2013.75
2022-09-01 14:38:00,3536.25,-5463.75,-1927.5
2022-09-01 14:39:00,3573.75,-5460.0,-1886.25
2022-09-01 14:40:00,3637.5,-5467.5,-1830.0
2022-09-01 14:41:00,3637.5,-5486.25,-1848.75
2022-09-01 14:42:00,3600.0,-5445.0,-1845.0
2022-09-01 14:43:00,3622.5,-5448.75,-1826.25
2022-09-01 14:44:00,3630.0,-5441.25,-1811.25
2022-09-01 14:45:00,3600.0,-5426.25,-1826.25
2022-09-01 14:46:00,3592.5,-5426.25,-1833.75
2022-09-01 14:47:00,3607.5,-5422.5,-1815.0
2022-09-01 14:48:00,3626.25,-5422.5,-1796.25
2022-09-01 14:49:00,3663.75,-5433.75,-1770.0
2022-09-01 14:50:00,3701.25,-5437.5,-1736.25
2022-09-01 14:51:00,3701.25,-5456.25,-1755.0
2022-09-01 14:52:00,3757.5,-5497.5,-1740.0
2022-09-01 14:53:00,3731.25,-5422.5,-1691.25
2022-09-01 14:54:00,3738.75,-5422.5,-1683.75
2022-09-01 14:55:00,3731.25,-5418.75,-1687.5
2022-09-01 14:56:00,3731.25,-5411.25,-1680.0
2022-09-01 14:57:00,3757.5,-5403.75,-1646.25
2022-09-01 14:58:00,3757.5,-5407.5,-1650.0
2022-09-01 14:59:00,3757.5,-5400.0,-1642.5
2022-09-01 15:00:00,3772.5,-5396.25,-1623.75
2022-09-01 15:01:00,3795.0,-5407.5,-1612.5
2022-09-01 15:02:00,3810.0,-5407.5,-1597.5
2022-09-01 15:03:00,3798.75,-5400.0,-1601.25
2022-09-01 15:04:00,3806.25,-5388.75,-1582.5
2022-09-01 15:05:00,3810.0,-5392.5,-1582.5
2022-09-01 15:06:00,3813.75,-5385.0,-1571.25
2022-09-01 15:07:00,3810.0,-5381.25,-1571.25
2022-09-01 15:08:00,3817.5,-5377.5,-1560.0
2022-09-01 15:09:00,3817.5,-5381.25,-1563.75
2022-09-01 15:10:00,3817.5,-5373.75,-1556.25
2022-09-01 15:11:00,3813.75,-5373.75,-1560.0
2022-09-01 15:12:00,3813.75,-5373.75,-1560.0
2022-09-01 15:13:00,3810.0,-5370.0,-1560.0
2022-09-01 15:14:00,3821.25,-5373.75,-1552.5
2022-09-01 15:15:00,3832.5,-5370.0,-1537.5
2022-09-01 15:16:00,3832.5,-5370.0,-1537.5
2022-09-01 15:17:00,3836.25,-5366.25,-1530.0
2022-09-01 15:18:00,3840.0,-5366.25,-1526.25
2022-09-01 15:19:00,3840.0,-5366.25,-1526.25
2022-09-01 15:20:00,3847.5,-5366.25,-1518.75
2022-09-01 15:21:00,3847.5,-5366.25,-1518.75
2022-09-01 15:22:00,3847.5,-5366.25,-1518.75
2022-09-01 15:23:00,3847.5,-5366.25,-1518.75
2022-09-01 15:24:00,3847.5,-5366.25,-1518.75
2022-09-01 15:25:00,3847.5,-5366.25,-1518.75
2022-09-01 15:26:00,3847.5,-5366.25,-1518.75
2022-09-01 15:27:00,3847.5,-5366.25,-1518.75
2022-09-01 15:28:00,3847.5,-5366.25,-1518.75
2022-09-01 15:29:00,3847.5,-5366.25,-1518.75
2022-09-01 15:30:00,3847.5,-5366.25,-1518.75
2022-09-08 10:15:00,0.0,0.0,0.0
2022-09-08 10:16:00,-168.75,198.75,30.0
2022-09-08 10:17:00,-262.5,322.5,60.0
2022-09-08 10:18:00,-240.0,270.0,30.0
2022-09-08 10:19:00,-191.25,172.5,-18.75
2022-09-08 10:20:00,-157.5,168.75,11.25
2022-09-08 10:21:00,-172.5,191.25,18.75
2022-09-08 10:22:00,-75.0,131.25,56.25
2022-09-08 10:23:00,3.75,63.75,67.5
2022-09-08 10:24:00,63.75,0.0,63.75
2022-09-08 10:25:00,-60.0,127.5,67.5
2022-09-08 10:26:00,-22.5,63.75,41.25
2022-09-08 10:27:00,-15.0,56.25,41.25
2022-09-08 10:28:00,-11.25,56.25,45.0
2022-09-08 10:29:00,-18.75,78.75,60.0
2022-09-08 10:30:00,30.0,18.75,48.75
2022-09-08 10:31:00,-3.75,22.5,18.75
2022-09-08 10:32:00,56.25,-48.75,7.5
2022-09-08 10:33:00,67.5,-63.75,3.75
2022-09-08 10:34:00,48.75,-7.5,41.25
2022-09-08 10:35:00,11.25,33.75,45.0
2022-09-08 10:36:00,60.0,-86.25,-26.25
2022-09-08 10:37:00,105.0,-146.25,-41.25
2022-09-08 10:38:00,45.0,18.75,63.75
2022-09-08 10:39:00,18.75,75.0,93.75
2022-09-08 10:40:00,48.75,18.75,67.5
2022-09-08 10:41:00,75.0,-15.0,60.0
2022-09-08 10:42:00,123.75,-131.25,-7.5
2022-09-08 10:43:00,311.25,-551.25,-240.0
2022-09-08 10:44:00,311.25,-468.75,-157.5
2022-09-08 10:45:00,360.0,-675.0,-315.0
2022-09-08 10:46:00,468.75,-768.75,-300.0
2022-09-08 10:47:00,363.75,-483.75,-120.0
2022-09-08 10:48:00,311.25,-262.5,48.75
2022-09-08 10:49:00,296.25,-206.25,90.0
2022-09-08 10:50:00,382.5,-476.25,-93.75
2022-09-08 10:51:00,367.5,-453.75,-86.25
2022-09-08 10:52:00,330.0,-307.5,22.5
2022-09-08 10:53:00,352.5,-412.5,-60.0
2022-09-08 10:54:00,375.0,-570.0,-195.0
2022-09-08 10:55:00,397.5,-498.75,-101.25
2022-09-08 10:56:00,375.0,-468.75,-93.75
2022-09-08 10:57:00,420.0,-528.75,-108.75
2022-09-08 10:58:00,371.25,-356.25,15.0
2022-09-08 10:59:00,363.75,-281.25,82.5
2022-09-08 11:00:00,371.25,-243.75,127.5
2022-09-08 11:01:00,337.5,-172.5,165.0
2022-09-08 11:02:00,322.5,-7.5,315.0
2022-09-08 11:03:00,315.0,3.75,318.75
2022-09-08 11:04:00,315.0,0.0,315.0
2022-09-08 11:05:00,371.25,-71.25,300.0
2022-09-08 11:06:00,356.25,-30.0,326.25
2022-09-08 11:07:00,367.5,-26.25,341.25
2022-09-08 11:08:00,375.0,3.75,378.75
2022-09-08 11:09:00,412.5,-11.25,401.25
2022-09-08 11:10:00,371.25,78.75,450.0
2022-09-08 11:11:00,378.75,26.25,405.0
2022-09-08 11:12:00,412.5,-18.75,393.75
2022-09-08 11:13:00,502.5,-157.5,345.0
2022-09-08 11:14:00,555.0,-315.0,240.0
2022-09-08 11:15:00,562.5,-378.75,183.75
2022-09-08 11:16:00,626.25,-536.25,90.0
2022-09-08 11:17:00,626.25,-510.0,116.25
2022-09-08 11:18:00,656.25,-648.75,7.5
2022-09-08 11:19:00,693.75,-843.75,-150.0
2022-09-08 11:20:00,645.0,-626.25,18.75
2022-09-08 11:21:00,652.5,-746.25,-93.75
2022-09-08 11:22:00,660.0,-720.0,-60.0
2022-09-08 11:23:00,633.75,-423.75,210.0
2022-09-08 11:24:00,611.25,-307.5,303.75
2022-09-08 11:25:00,660.0,-517.5,142.5
2022-09-08 11:26:00,686.25,-757.5,-71.25
2022-09-08 11:27:00,705.0,-821.25,-116.25
2022-09-08 11:28:00,690.0,-757.5,-67.5
2022-09-08 11:29:00,667.5,-498.75,168.75
2022-09-08 11:30:00,641.25,-345.0,296.25
2022-09-08 11:31:00,660.0,-495.0,165.0
2022-09-08 11:32:00,678.75,-600.0,78.75
2022-09-08 11:33:00,716.25,-622.5,93.75
2022-09-08 11:34:00,705.0,-513.75,191.25
2022-09-08 11:35:00,678.75,-457.5,221.25
2022-09-08 11:36:00,697.5,-592.5,105.0
2022-09-08 11:37:00,697.5,-633.75,63.75
2022-09-08 11:38:00,678.75,-543.75,135.0
2022-09-08 11:39:00,682.5,-562.5,120.0
2022-09-08 11:40:00,708.75,-581.25,127.5
2022-09-08 11:41:00,705.0,-630.0,75.0
2022-09-08 11:42:00,678.75,-431.25,247.5
2022-09-08 11:43:00,611.25,-78.75,532.5
2022-09-08 11:44:00,585.0,86.25,671.25
2022-09-08 11:45:00,600.0,71.25,671.25
2022-09-08 11:46:00,573.75,153.75,727.5
2022-09-08 11:47:00,596.25,33.75,630.0
2022-09-08 11:48:00,615.0,56.25,671.25
2022-09-08 11:49:00,637.5,15.0,652.5
2022-09-08 11:50:00,588.75,180.0,768.75
2022-09-08 11:51:00,540.0,322.5,862.5
2022-09-08 11:52:00,495.0,330.0,825.0
2022-09-08 11:53:00,547.5,236.25,783.75
2022-09-08 11:54:00,510.0,251.25,761.25
2022-09-08 11:55:00,502.5,300.0,802.5
2022-09-08 11:56:00,532.5,206.25,738.75
2022-09-08 11:57:00,603.75,135.0,738.75
2022-09-08 11:58:00,585.0,131.25,716.25
2022-09-08 11:59:00,570.0,217.5,787.5
2022-09-08 12:00:00,528.75,266.25,795.0
2022-09-08 12:01:00,558.75,150.0,708.75
2022-09-08 12:02:00,577.5,86.25,663.75
2022-09-08 12:03:00,528.75,262.5,791.25
2022-09-08 12:04:00,468.75,375.0,843.75
2022-09-08 12:05:00,465.0,390.0,855.0
2022-09-08 12:06:00,547.5,228.75,776.25
2022-09-08 12:07:00,528.75,266.25,795.0
2022-09-08 12:08:00,585.0,108.75,693.75
2022-09-08 12:09:00,633.75,-11.25,622.5
2022-09-08 12:10:00,611.25,78.75,690.0
2022-09-08 12:11:00,607.5,86.25,693.75
2022-09-08 12:12:00,637.5,0.0,637.5
2022-09-08 12:13:00,585.0,206.25,791.25
2022-09-08 12:14:00,573.75,251.25,825.0
2022-09-08 12:15:00,573.75,266.25,840.0
2022-09-08 12:16:00,588.75,228.75,817.5
2022-09-08 12:17:00,637.5,127.5,765.0
2022-09-08 12:18:00,637.5,146.25,783.75
2022-09-08 12:19:00,615.0,202.5,817.5
2022-09-08 12:20:00,603.75,221.25,825.0
2022-09-08 12:21:00,622.5,176.25,798.75
2022-09-08 12:22:00,648.75,108.75,757.5
2022-09-08 12:23:00,708.75,41.25,750.0
2022-09-08 12:24:00,753.75,-7.5,746.25
2022-09-08 12:25:00,776.25,-60.0,716.25
2022-09-08 12:26:00,821.25,-202.5,618.75
2022-09-08 12:27:00,813.75,-153.75,660.0
2022-09-08 12:28:00,806.25,-161.25,645.0
2022-09-08 12:29:00,802.5,-116.25,686.25
2022-09-08 12:30:00,757.5,172.5,930.0
2022-09-08 12:31:00,731.25,172.5,903.75
2022-09-08 12:32:00,723.75,202.5,926.25
2022-09-08 12:33:00,738.75,172.5,911.25
2022-09-08 12:34:00,735.0,225.0,960.0
2022-09-08 12:35:00,705.0,322.5,1027.5
2022-09-08 12:36:00,660.0,547.5,1207.5
2022-09-08 12:37:00,648.75,525.0,1173.75
2022-09-08 12:38:00,648.75,483.75,1132.5
2022-09-08 12:39:00,562.5,705.0,1267.5
2022-09-08 12:40:00,573.75,806.25,1380.0
2022-09-08 12:41:00,645.0,637.5,1282.5
2022-09-08 12:42:00,686.25,566.25,1252.5
2022-09-08 12:43:00,675.0,585.0,1260.0
2022-09-08 12:44:00,690.0,581.25,1271.25
2022-09-08 12:45:00,757.5,540.0,1297.5
2022-09-08 12:46:00,843.75,435.0,1278.75
2022-09-08 12:47:00,821.25,390.0,1211.25
2022-09-08 12:48:00,847.5,382.5,1230.0
2022-09-08 12:49:00,870.0,326.25,1196.25
2022-09-08 12:50:00,862.5,382.5,1245.0
2022-09-08 12:51:00,922.5,-48.75,873.75
2022-09-08 12:52:00,892.5,18.75,911.25
2022-09-08 12:53:00,858.75,97.5,956.25
2022-09-08 12:54:00,896.25,-93.75,802.5
2022-09-08 12:55:00,888.75,-153.75,735.0
2022-09-08 12:56:00,885.0,-135.0,750.0
2022-09-08 12:57:00,892.5,-153.75,738.75
2022-09-08 12:58:00,881.25,-11.25,870.0
2022-09-08 12:59:00,885.0,-52.5,832.5
2022-09-08 13:00:00,911.25,-1038.75,-127.5
2022-09-08 13:01:00,990.0,-1488.75,-498.75
2022-09-08 13:02:00,945.0,-1008.75,-63.75
2022-09-08 13:03:00,937.5,-738.75,198.75
2022-09-08 13:04:00,948.75,-761.25,187.5
2022-09-08 13:05:00,952.5,-795.0,157.5
2022-09-08 13:06:00,971.25,-1110.0,-138.75
2022-09-08 13:07:00,986.25,-1155.0,-168.75
2022-09-08 13:08:00,982.5,-1267.5,-285.0
2022-09-08 13:09:00,982.5,-1001.25,-18.75
2022-09-08 13:10:00,975.0,-847.5,127.5
2022-09-08 13:11:00,978.75,-798.75,180.0
2022-09-08 13:12:00,963.75,-390.0,573.75
2022-09-08 13:13:00,967.5,-551.25,416.25
2022-09-08 13:14:00,978.75,-487.5,491.25
2022-09-08 13:15:00,971.25,-363.75,607.5
2022-09-08 13:16:00,967.5,-33.75,933.75
2022-09-08 13:17:00,975.0,-48.75,926.25
2022-09-08 13:18:00,967.5,97.5,1065.0
2022-09-08 13:19:00,975.0,67.5,1042.5
2022-09-08 13:20:00,967.5,247.5,1215.0
2022-09-08 13:21:00,975.0,210.0,1185.0
2022-09-08 13:22:00,978.75,288.75,1267.5
2022-09-08 13:23:00,986.25,300.0,1286.25
2022-09-08 13:24:00,1027.5,7.5,1035.0
2022-09-08 13:25:00,1023.75,116.25,1140.0
2022-09-08 13:26:00,1031.25,93.75,1125.0
2022-09-08 13:27:00,1038.75,48.75,1087.5
2022-09-08 13:28:00,1023.75,356.25,1380.0
2022-09-08 13:29:00,1001.25,502.5,1503.75
2022-09-08 13:30:00,1008.75,405.0,1413.75
2022-09-08 13:31:00,1035.0,345.0,1380.0
2022-09-08 13:32:00,1038.75,405.0,1443.75
2022-09-08 13:33:00,1038.75,401.25,1440.0
2022-09-08 13:34:00,1042.5,292.5,1335.0
2022-09-08 13:35:00,1046.25,281.25,1327.5
2022-09-08 13:36:00,1053.75,198.75,1252.5
2022-09-08 13:37:00,1038.75,461.25,1500.0
2022-09-08 13:38:00,1023.75,547.5,1571.25
2022-09-08 13:39:00,1027.5,510.0,1537.5
2022-09-08 13:40:00,1038.75,491.25,1530.0
2022-09-08 13:41:00,1023.75,551.25,1575.0
2022-09-08 13:42:00,1031.25,615.0,1646.25
2022-09-08 13:43:00,1023.75,705.0,1728.75
2022-09-08 13:44:00,1042.5,607.5,1650.0
2022-09-08 13:45:00,1038.75,603.75,1642.5
2022-09-08 13:46:00,1050.0,510.0,1560.0
2022-09-08 13:47:00,1042.5,491.25,1533.75
2022-09-08 13:48:00,1050.0,495.0,1545.0
2022-09-08 13:49:00,1053.75,442.5,1496.25
2022-09-08 13:50:00,1065.0,495.0,1560.0
2022-09-08 13:51:00,1072.5,258.75,1331.25
2022-09-08 13:52:00,1057.5,378.75,1436.25
2022-09-08 13:53:00,1065.0,420.0,1485.0
2022-09-08 13:54:00,1076.25,225.0,1301.25
2022-09-08 13:55:00,1091.25,52.5,1143.75
2022-09-08 13:56:00,1098.75,-135.0,963.75
2022-09-08 13:57:00,1098.75,243.75,1342.5
2022-09-08 13:58:00,1098.75,356.25,1455.0
2022-09-08 13:59:00,1087.5,427.5,1515.0
2022-09-08 14:00:00,1091.25,363.75,1455.0
2022-09-08 14:01:00,1083.75,483.75,1567.5
2022-09-08 14:02:00,1072.5,753.75,1826.25
2022-09-08 14:03:00,1068.75,836.25,1905.0
2022-09-08 14:04:00,1050.0,855.0,1905.0
2022-09-08 14:05:00,1038.75,990.0,2028.75
2022-09-08 14:06:00,1038.75,1072.5,2111.25
2022-09-08 14:07:00,1042.5,975.0,2017.5
2022-09-08 14:08:00,1042.5,967.5,2010.0
2022-09-08 14:09:00,1053.75,993.75,2047.5
2022-09-08 14:10:00,1046.25,1005.0,2051.25
2022-09-08 14:11:00,1031.25,1143.75,2175.0
2022-09-08 14:12:00,1072.5,900.0,1972.5
2022-09-08 14:13:00,1087.5,896.25,1983.75
2022-09-08 14:14:00,1106.25,907.5,2013.75
2022-09-08 14:15:00,1102.5,1031.25,2133.75
2022-09-08 14:16:00,1095.0,1091.25,2186.25
2022-09-08 14:17:00,1091.25,1050.0,2141.25
2022-09-08 14:18:00,1102.5,967.5,2070.0
2022-09-08 14:19:00,1102.5,1050.0,2152.5
2022-09-08 14:20:00,1091.25,1207.5,2298.75
2022-09-08 14:21:00,1065.0,1350.0,2415.0
2022-09-08 14:22:00,1076.25,1301.25,2377.5
2022-09-08 14:23:00,1083.75,1245.0,2328.75
2022-09-08 14:24:00,1076.25,1286.25,2362.5
2022-09-08 14:25:00,1046.25,1436.25,2482.5
2022-09-08 14:26:00,1020.0,1473.75,2493.75
2022-09-08 14:27:00,1035.0,1511.25,2546.25
2022-09-08 14:28:00,1027.5,1496.25,2523.75
2022-09-08 14:29:00,1001.25,1567.5,2568.75
2022-09-08 14:30:00,986.25,1560.0,2546.25
2022-09-08 14:31:00,1035.0,1575.0,2610.0
2022-09-08 14:32:00,1098.75,1518.75,2617.5
2022-09-08 14:33:00,1042.5,1605.0,2647.5
2022-09-08 14:34:00,1038.75,1601.25,2640.0
2022-09-08 14:35:00,1050.0,1601.25,2651.25
2022-09-08 14:36:00,1061.25,1601.25,2662.5
2022-09-08 14:37:00,1068.75,1575.0,2643.75
2022-09-08 14:38:00,1076.25,1563.75,2640.0
2022-09-08 14:39:00,1095.0,1563.75,2658.75
2022-09-08 14:40:00,1065.0,1597.5,2662.5
2022-09-08 14:41:00,1050.0,1635.0,2685.0
2022-09-08 14:42:00,1053.75,1668.75,2722.5
2022-09-08 14:43:00,1035.0,1717.5,2752.5
2022-09-08 14:44:00,1053.75,1710.0,2763.75
2022-09-08 14:45:00,1072.5,1687.5,2760.0
2022-09-08 14:46:00,1080.0,1687.5,2767.5
2022-09-08 14:47:00,1098.75,1680.0,2778.75
2022-09-08 14:48:00,1080.0,1710.0,2790.0
2022-09-08 14:49:00,1083.75,1736.25,2820.0
2022-09-08 14:50:00,1065.0,1751.25,2816.25
2022-09-08 14:51:00,1020.0,1758.75,2778.75
2022-09-08 14:52:00,1038.75,1773.75,2812.5
2022-09-08 14:53:00,997.5,1773.75,2771.25
2022-09-08 14:54:00,1072.5,1766.25,2838.75
2022-09-08 14:55:00,1083.75,1766.25,2850.0
2022-09-08 14:56:00,1046.25,1781.25,2827.5
2022-09-08 14:57:00,1027.5,1792.5,2820.0
2022-09-08 14:58:00,1065.0,1781.25,2846.25
2022-09-08 14:59:00,1068.75,1785.0,2853.75
2022-09-08 15:00:00,1087.5,1785.0,2872.5
2022-09-08 15:01:00,1083.75,1803.75,2887.5
2022-09-08 15:02:00,1136.25,1807.5,2943.75
2022-09-08 15:03:00,1162.5,1807.5,2970.0
2022-09-08 15:04:00,1162.5,1815.0,2977.5
2022-09-08 15:05:00,1170.0,1826.25,2996.25
2022-09-08 15:06:00,1173.75,1830.0,3003.75
2022-09-08 15:07:00,1177.5,1833.75,3011.25
2022-09-08 15:08:00,1177.5,1837.5,3015.0
2022-09-08 15:09:00,1173.75,1841.25,3015.0
2022-09-08 15:10:00,1173.75,1845.0,3018.75
2022-09-08 15:11:00,1181.25,1841.25,3022.5
2022-09-08 15:12:00,1181.25,1845.0,3026.25
2022-09-08 15:13:00,1181.25,1845.0,3026.25
2022-09-08 15:14:00,1181.25,1841.25,3022.5
2022-09-08 15:15:00,1185.0,1845.0,3030.0
2022-09-08 15:16:00,1185.0,1845.0,3030.0
2022-09-08 15:17:00,1188.75,1841.25,3030.0
2022-09-08 15:18:00,1185.0,1845.0,3030.0
2022-09-08 15:19:00,1185.0,1845.0,3030.0
2022-09-08 15:20:00,1188.75,1845.0,3033.75
2022-09-08 15:21:00,1188.75,1845.0,3033.75
2022-09-08 15:22:00,1188.75,1845.0,3033.75
2022-09-08 15:23:00,1188.75,1845.0,3033.75
2022-09-08 15:24:00,1188.75,1845.0,3033.75
2022-09-08 15:25:00,1188.75,1845.0,3033.75
2022-09-08 15:26:00,1188.75,1845.0,3033.75
2022-09-08 15:27:00,1188.75,1845.0,3033.75
2022-09-08 15:28:00,1188.75,1845.0,3033.75
2022-09-08 15:29:00,1188.75,1845.0,3033.75
2022-09-08 15:30:00,1188.75,1845.0,3033.75
2022-09-15 10:15:00,0.0,0.0,0.0
2022-09-15 10:16:00,-82.5,315.0,232.5
2022-09-15 10:17:00,-165.0,573.75,408.75
2022-09-15 10:18:00,-285.0,843.75,558.75
2022-09-15 10:19:00,-187.5,727.5,540.0
2022-09-15 10:20:00,-3.75,637.5,633.75
2022-09-15 10:21:00,-348.75,982.5,633.75
2022-09-15 10:22:00,-255.0,1042.5,787.5
2022-09-15 10:23:00,-251.25,1027.5,776.25
2022-09-15 10:24:00,-52.5,813.75,761.25
2022-09-15 10:25:00,-153.75,948.75,795.0
2022-09-15 10:26:00,161.25,562.5,723.75
2022-09-15 10:27:00,300.0,420.0,720.0
2022-09-15 10:28:00,382.5,97.5,480.0
2022-09-15 10:29:00,337.5,277.5,615.0
2022-09-15 10:30:00,142.5,573.75,716.25
2022-09-15 10:31:00,378.75,206.25,585.0
2022-09-15 10:32:00,506.25,45.0,551.25
2022-09-15 10:33:00,558.75,-63.75,495.0
2022-09-15 10:34:00,581.25,-277.5,303.75
2022-09-15 10:35:00,682.5,-532.5,150.0
2022-09-15 10:36:00,813.75,-678.75,135.0
2022-09-15 10:37:00,637.5,-120.0,517.5
2022-09-15 10:38:00,693.75,-382.5,311.25
2022-09-15 10:39:00,753.75,-412.5,341.25
2022-09-15 10:40:00,915.0,-798.75,116.25
2022-09-15 10:41:00,832.5,-513.75,318.75
2022-09-15 10:42:00,776.25,-435.0,341.25
2022-09-15 10:43:00,780.0,-390.0,390.0
2022-09-15 10:44:00,1023.75,-922.5,101.25
2022-09-15 10:45:00,1095.0,-1252.5,-157.5
2022-09-15 10:46:00,1155.0,-1391.25,-236.25
2022-09-15 10:47:00,1035.0,-870.0,165.0
2022-09-15 10:48:00,975.0,-667.5,307.5
2022-09-15 10:49:00,1110.0,-1275.0,-165.0
2022-09-15 10:50:00,1200.0,-1552.5,-352.5
2022-09-15 10:51:00,1076.25,-1252.5,-176.25
2022-09-15 10:52:00,1500.0,-2073.75,-573.75
2022-09-15 10:53:00,1552.5,-2160.0,-607.5
2022-09-15 10:54:00,1301.25,-1837.5,-536.25
2022-09-15 10:55:00,903.75,-1177.5,-273.75
2022-09-15 10:56:00,633.75,-877.5,-243.75
2022-09-15 10:57:00,416.25,-465.0,-48.75
2022-09-15 10:58:00,390.0,-585.0,-195.0
2022-09-15 10:59:00,382.5,-547.5,-165.0
2022-09-15 11:00:00,933.75,-1091.25,-157.5
2022-09-15 11:01:00,821.25,-930.0,-108.75
2022-09-15 11:02:00,517.5,-761.25,-243.75
2022-09-15 11:03:00,543.75,-746.25,-202.5
2022-09-15 11:04:00,1020.0,-1083.75,-63.75
2022-09-15 11:05:00,945.0,-1046.25,-101.25
2022-09-15 11:06:00,1608.75,-1815.0,-206.25
2022-09-15 11:07:00,1473.75,-1582.5,-108.75
2022-09-15 11:08:00,1466.25,-1792.5,-326.25
2022-09-15 11:09:00,1522.5,-1897.5,-375.0
2022-09-15 11:10:00,1567.5,-1890.0,-322.5
2022-09-15 11:11:00,1965.0,-2118.75,-153.75
2022-09-15 11:12:00,2036.25,-2452.5,-416.25
2022-09-15 11:13:00,1920.0,-2017.5,-97.5
2022-09-15 11:14:00,1691.25,-1612.5,78.75
2022-09-15 11:15:00,1717.5,-1623.75,93.75
2022-09-15 11:16:00,2321.25,-2553.75,-232.5
2022-09-15 11:17:00,2291.25,-2325.0,-33.75
2022-09-15 11:18:00,1912.5,-1796.25,116.25
2022-09-15 11:19:00,1845.0,-1732.5,112.5
2022-09-15 11:20:00,1552.5,-982.5,570.0
2022-09-15 11:21:00,1586.25,-1136.25,450.0
2022-09-15 11:22:00,1563.75,-986.25,577.5
2022-09-15 11:23:00,1413.75,-603.75,810.0
2022-09-15 11:24:00,1395.0,-532.5,862.5
2022-09-15 11:25:00,1005.0,-41.25,963.75
2022-09-15 11:26:00,1395.0,-453.75,941.25
2022-09-15 11:27:00,1327.5,-461.25,866.25
2022-09-15 11:28:00,997.5,-251.25,746.25
2022-09-15 11:29:00,1031.25,-255.0,776.25
2022-09-15 11:30:00,885.0,41.25,926.25
2022-09-15 11:31:00,1537.5,-502.5,1035.0
2022-09-15 11:32:00,1496.25,-596.25,900.0
2022-09-15 11:33:00,1676.25,-626.25,1050.0
2022-09-15 11:34:00,1500.0,-502.5,997.5
2022-09-15 11:35:00,1230.0,-105.0,1125.0
2022-09-15 11:36:00,1323.75,-213.75,1110.0
2022-09-15 11:37:00,1215.0,-90.0,1125.0
2022-09-15 11:38:00,806.25,603.75,1410.0
2022-09-15 11:39:00,675.0,765.0,1440.0
2022-09-15 11:40:00,656.25,806.25,1462.5
2022-09-15 11:41:00,615.0,948.75,1563.75
2022-09-15 11:42:00,1016.25,705.0,1721.25
2022-09-15 11:43:00,1125.0,600.0,1725.0
2022-09-15 11:44:00,1841.25,157.5,1998.75
2022-09-15 11:45:00,1586.25,292.5,1878.75
2022-09-15 11:46:00,1878.75,3.75,1882.5
2022-09-15 11:47:00,1612.5,318.75,1931.25
2022-09-15 11:48:00,1623.75,375.0,1998.75
2022-09-15 11:49:00,1680.0,337.5,2017.5
2022-09-15 11:50:00,1698.75,363.75,2062.5
2022-09-15 11:51:00,1777.5,315.0,2092.5
2022-09-15 11:52:00,2257.5,-78.75,2178.75
2022-09-15 11:53:00,2163.75,30.0,2193.75
2022-09-15 11:54:00,2415.0,-123.75,2291.25
2022-09-15 11:55:00,2632.5,-408.75,2223.75
2022-09-15 11:56:00,2546.25,-247.5,2298.75
2022-09-15 11:57:00,2628.75,-735.0,1893.75
2022-09-15 11:58:00,2580.0,-536.25,2043.75
2022-09-15 11:59:00,2568.75,-547.5,2021.25
2022-09-15 12:00:00,2531.25,-427.5,2103.75
2022-09-15 12:01:00,2651.25,-540.0,2111.25
2022-09-15 12:02:00,2583.75,-333.75,2250.0
2022-09-15 12:03:00,2493.75,-198.75,2295.0
2022-09-15 12:04:00,2655.0,-423.75,2231.25
2022-09-15 12:05:00,2861.25,-622.5,2238.75
2022-09-15 12:06:00,2793.75,-438.75,2355.0
2022-09-15 12:07:00,2760.0,-378.75,2381.25
2022-09-15 12:08:00,2925.0,-682.5,2242.5
2022-09-15 12:09:00,2853.75,-573.75,2280.0
2022-09-15 12:10:00,3112.5,-1016.25,2096.25
2022-09-15 12:11:00,3116.25,-915.0,2201.25
2022-09-15 12:12:00,3011.25,-678.75,2332.5
2022-09-15 12:13:00,2947.5,-622.5,2325.0
2022-09-15 12:14:00,2917.5,-453.75,2463.75
2022-09-15 12:15:00,2827.5,-270.0,2557.5
2022-09-15 12:16:00,2992.5,-555.0,2437.5
2022-09-15 12:17:00,2842.5,-356.25,2486.25
2022-09-15 12:18:00,2966.25,-558.75,2407.5
2022-09-15 12:19:00,3026.25,-660.0,2366.25
2022-09-15 12:20:00,3135.0,-795.0,2340.0
2022-09-15 12:21:00,3003.75,-588.75,2415.0
2022-09-15 12:22:00,2977.5,-487.5,2490.0
2022-09-15 12:23:00,3146.25,-937.5,2208.75
2022-09-15 12:24:00,3067.5,-611.25,2456.25
2022-09-15 12:25:00,2988.75,-420.0,2568.75
2022-09-15 12:26:00,2895.0,-270.0,2625.0
2022-09-15 12:27:00,2887.5,-288.75,2598.75
2022-09-15 12:28:00,2887.5,-266.25,2621.25
2022-09-15 12:29:00,2808.75,-41.25,2767.5
2022-09-15 12:30:00,2617.5,146.25,2763.75
2022-09-15 12:31:00,2677.5,45.0,2722.5
2022-09-15 12:32:00,2520.0,251.25,2771.25
2022-09-15 12:33:00,2550.0,206.25,2756.25
2022-09-15 12:34:00,2388.75,442.5,2831.25
2022-09-15 12:35:00,2422.5,405.0,2827.5
2022-09-15 12:36:00,2396.25,513.75,2910.0
2022-09-15 12:37:00,2295.0,596.25,2891.25
2022-09-15 12:38:00,2325.0,637.5,2962.5
2022-09-15 12:39:00,2403.75,558.75,2962.5
2022-09-15 12:40:00,2385.0,521.25,2906.25
2022-09-15 12:41:00,2591.25,382.5,2973.75
2022-09-15 12:42:00,2467.5,412.5,2880.0
2022-09-15 12:43:00,2557.5,360.0,2917.5
2022-09-15 12:44:00,2816.25,90.0,2906.25
2022-09-15 12:45:00,3003.75,0.0,3003.75
2022-09-15 12:46:00,2947.5,90.0,3037.5
2022-09-15 12:47:00,2681.25,360.0,3041.25
2022-09-15 12:48:00,2782.5,157.5,2940.0
2022-09-15 12:49:00,2478.75,502.5,2981.25
2022-09-15 12:50:00,2737.5,292.5,3030.0
2022-09-15 12:51:00,2733.75,296.25,3030.0
2022-09-15 12:52:00,2760.0,303.75,3063.75
2022-09-15 12:53:00,2658.75,412.5,3071.25
2022-09-15 12:54:00,2703.75,397.5,3101.25
2022-09-15 12:55:00,2523.75,570.0,3093.75
2022-09-15 12:56:00,2343.75,720.0,3063.75
2022-09-15 12:57:00,2265.0,941.25,3206.25
2022-09-15 12:58:00,2291.25,941.25,3232.5
2022-09-15 12:59:00,2415.0,873.75,3288.75
2022-09-15 13:00:00,2583.75,708.75,3292.5
2022-09-15 13:01:00,2580.0,720.0,3300.0
2022-09-15 13:02:00,2538.75,791.25,3330.0
2022-09-15 13:03:00,2490.0,858.75,3348.75
2022-09-15 13:04:00,2351.25,1005.0,3356.25
2022-09-15 13:05:00,2621.25,753.75,3375.0
2022-09-15 13:06:00,2415.0,1016.25,3431.25
2022-09-15 13:07:00,2531.25,915.0,3446.25
2022-09-15 13:08:00,2242.5,1162.5,3405.0
2022-09-15 13:09:00,1957.5,1473.75,3431.25
2022-09-15 13:10:00,1575.0,1537.5,3112.5
2022-09-15 13:11:00,1912.5,1582.5,3495.0
2022-09-15 13:12:00,2126.25,1428.75,3555.0
2022-09-15 13:13:00,2122.5,1511.25,3633.75
2022-09-15 13:14:00,2325.0,1338.75,3663.75
2022-09-15 13:15:00,2550.0,1211.25,3761.25
2022-09-15 13:16:00,2778.75,1113.75,3892.5
2022-09-15 13:17:00,2561.25,1323.75,3885.0
2022-09-15 13:18:00,2208.75,1537.5,3746.25
2022-09-15 13:19:00,2377.5,1496.25,3873.75
2022-09-15 13:20:00,2298.75,1552.5,3851.25
2022-09-15 13:21:00,2486.25,1477.5,3963.75
2022-09-15 13:22:00,2576.25,1440.0,4016.25
2022-09-15 13:23:00,2467.5,1533.75,4001.25
2022-09-15 13:24:00,2587.5,1451.25,4038.75
2022-09-15 13:25:00,2613.75,1380.0,3993.75
2022-09-15 13:26:00,2808.75,1252.5,4061.25
2022-09-15 13:27:00,3438.75,540.0,3978.75
2022-09-15 13:28:00,3487.5,536.25,4023.75
2022-09-15 13:29:00,3472.5,577.5,4050.0
2022-09-15 13:30:00,3360.0,765.0,4125.0
2022-09-15 13:31:00,3382.5,866.25,4248.75
2022-09-15 13:32:00,3348.75,877.5,4226.25
2022-09-15 13:33:00,3243.75,1188.75,4432.5
2022-09-15 13:34:00,3517.5,693.75,4211.25
2022-09-15 13:35:00,3588.75,652.5,4241.25
2022-09-15 13:36:00,3738.75,420.0,4158.75
2022-09-15 13:37:00,3768.75,517.5,4286.25
2022-09-15 13:38:00,3862.5,270.0,4132.5
2022-09-15 13:39:00,3930.0,-41.25,3888.75
2022-09-15 13:40:00,3870.0,71.25,3941.25
2022-09-15 13:41:00,3945.0,-161.25,3783.75
2022-09-15 13:42:00,3986.25,-281.25,3705.0
2022-09-15 13:43:00,3990.0,-236.25,3753.75
2022-09-15 13:44:00,3967.5,-198.75,3768.75
2022-09-15 13:45:00,4005.0,-318.75,3686.25
2022-09-15 13:46:00,4113.75,-401.25,3712.5
2022-09-15 13:47:00,4173.75,-1147.5,3026.25
2022-09-15 13:48:00,4140.0,-1188.75,2951.25
2022-09-15 13:49:00,4076.25,-701.25,3375.0
2022-09-15 13:50:00,3997.5,-431.25,3566.25
2022-09-15 13:51:00,4005.0,-532.5,3472.5
2022-09-15 13:52:00,3855.0,217.5,4072.5
2022-09-15 13:53:00,3877.5,382.5,4260.0
2022-09-15 13:54:00,3798.75,652.5,4451.25
2022-09-15 13:55:00,3675.0,1008.75,4683.75
2022-09-15 13:56:00,3810.0,603.75,4413.75
2022-09-15 13:57:00,3791.25,723.75,4515.0
2022-09-15 13:58:00,3821.25,836.25,4657.5
2022-09-15 13:59:00,3817.5,776.25,4593.75
2022-09-15 14:00:00,3645.0,1218.75,4863.75
2022-09-15 14:01:00,3817.5,828.75,4646.25
2022-09-15 14:02:00,3963.75,637.5,4601.25
2022-09-15 14:03:00,3892.5,813.75,4706.25
2022-09-15 14:04:00,3915.0,776.25,4691.25
2022-09-15 14:05:00,3907.5,915.0,4822.5
2022-09-15 14:06:00,4203.75,360.0,4563.75
2022-09-15 14:07:00,4106.25,630.0,4736.25
2022-09-15 14:08:00,4218.75,360.0,4578.75
2022-09-15 14:09:00,4248.75,483.75,4732.5
2022-09-15 14:10:00,4147.5,795.0,4942.5
2022-09-15 14:11:00,4091.25,1031.25,5122.5
2022-09-15 14:12:00,3990.0,1170.0,5160.0
2022-09-15 14:13:00,3862.5,1488.75,5351.25
2022-09-15 14:14:00,3851.25,1571.25,5422.5
2022-09-15 14:15:00,3896.25,1485.0,5381.25
2022-09-15 14:16:00,3862.5,1518.75,5381.25
2022-09-15 14:17:00,3843.75,1601.25,5445.0
2022-09-15 14:18:00,4162.5,1188.75,5351.25
2022-09-15 14:19:00,4143.75,1151.25,5295.0
2022-09-15 14:20:00,3952.5,1548.75,5501.25
2022-09-15 14:21:00,3675.0,1878.75,5553.75
2022-09-15 14:22:00,3862.5,1796.25,5658.75
2022-09-15 14:23:00,3652.5,2013.75,5666.25
2022-09-15 14:24:00,3528.75,2055.0,5583.75
2022-09-15 14:25:00,3476.25,2182.5,5658.75
2022-09-15 14:26:00,3570.0,2137.5,5707.5
2022-09-15 14:27:00,3588.75,2130.0,5718.75
2022-09-15 14:28:00,3881.25,1875.0,5756.25
2022-09-15 14:29:00,3768.75,2036.25,5805.0
2022-09-15 14:30:00,3611.25,2201.25,5812.5
2022-09-15 14:31:00,3735.0,2156.25,5891.25
2022-09-15 14:32:00,3757.5,2122.5,5880.0
2022-09-15 14:33:00,3513.75,2272.5,5786.25
2022-09-15 14:34:00,3577.5,2265.0,5842.5
2022-09-15 14:35:00,3356.25,2306.25,5662.5
2022-09-15 14:36:00,3577.5,2295.0,5872.5
2022-09-15 14:37:00,3517.5,2381.25,5898.75
2022-09-15 14:38:00,2838.75,2553.75,5392.5
2022-09-15 14:39:00,3112.5,2520.0,5632.5
2022-09-15 14:40:00,2527.5,2606.25,5133.75
2022-09-15 14:41:00,2647.5,2625.0,5272.5
2022-09-15 14:42:00,2700.0,2685.0,5385.0
2022-09-15 14:43:00,3506.25,2583.75,6090.0
2022-09-15 14:44:00,3030.0,2643.75,5673.75
2022-09-15 14:45:00,3487.5,2587.5,6075.0
2022-09-15 14:46:00,3660.0,2538.75,6198.75
2022-09-15 14:47:00,4203.75,2160.0,6363.75
2022-09-15 14:48:00,4305.0,2242.5,6547.5
2022-09-15 14:49:00,4147.5,2340.0,6487.5
2022-09-15 14:50:00,4185.0,2272.5,6457.5
2022-09-15 14:51:00,4046.25,2572.5,6618.75
2022-09-15 14:52:00,4110.0,2516.25,6626.25
2022-09-15 14:53:00,4327.5,2280.0,6607.5
2022-09-15 14:54:00,4473.75,2175.0,6648.75
2022-09-15 14:55:00,4387.5,2433.75,6821.25
2022-09-15 14:56:00,4522.5,2238.75,6761.25
2022-09-15 14:57:00,4522.5,2430.0,6952.5
2022-09-15 14:58:00,4440.0,2475.0,6915.0
2022-09-15 14:59:00,4563.75,2328.75,6892.5
2022-09-15 15:00:00,4627.5,2186.25,6813.75
2022-09-15 15:01:00,4672.5,2145.0,6817.5
2022-09-15 15:02:00,4725.0,2070.0,6795.0
2022-09-15 15:03:00,4721.25,2306.25,7027.5
2022-09-15 15:04:00,4747.5,2295.0,7042.5
2022-09-15 15:05:00,4777.5,2647.5,7425.0
2022-09-15 15:06:00,4796.25,2400.0,7196.25
2022-09-15 15:07:00,4800.0,1897.5,6697.5
2022-09-15 15:08:00,4781.25,1605.0,6386.25
2022-09-15 15:09:00,4796.25,1758.75,6555.0
2022-09-15 15:10:00,4792.5,2032.5,6825.0
2022-09-15 15:11:00,4803.75,1702.5,6506.25
2022-09-15 15:12:00,4800.0,1485.0,6285.0
2022-09-15 15:13:00,4807.5,1680.0,6487.5
2022-09-15 15:14:00,4807.5,1608.75,6416.25
2022-09-15 15:15:00,4811.25,1455.0,6266.25
2022-09-15 15:16:00,4815.0,1125.0,5940.0
2022-09-15 15:17:00,4815.0,1402.5,6217.5
2022-09-15 15:18:00,4826.25,1777.5,6603.75
2022-09-15 15:19:00,4826.25,1350.0,6176.25
2022-09-15 15:20:00,4818.75,1173.75,5992.5
2022-09-15 15:21:00,4818.75,1173.75,5992.5
2022-09-15 15:22:00,4818.75,1173.75,5992.5
2022-09-15 15:23:00,4818.75,1173.75,5992.5
2022-09-15 15:24:00,4818.75,1173.75,5992.5
2022-09-15 15:25:00,4818.75,1173.75,5992.5
2022-09-15 15:26:00,4818.75,1173.75,5992.5
2022-09-15 15:27:00,4818.75,1173.75,5992.5
2022-09-15 15:28:00,4818.75,1173.75,5992.5
2022-09-15 15:29:00,4818.75,1173.75,5992.5
2022-09-15 15:30:00,4818.75,1173.75,5992.5
2022-09-22 10:15:00,0.0,0.0,0.0
2022-09-22 10:16:00,112.5,-131.25,-18.75
2022-09-22 10:17:00,142.5,-116.25,26.25
2022-09-22 10:18:00,225.0,-191.25,33.75
2022-09-22 10:19:00,416.25,-292.5,123.75
2022-09-22 10:20:00,502.5,-435.0,67.5
2022-09-22 10:21:00,603.75,-483.75,120.0
2022-09-22 10:22:00,750.0,-806.25,-56.25
2022-09-22 10:23:00,682.5,-660.0,22.5
2022-09-22 10:24:00,573.75,-450.0,123.75
2022-09-22 10:25:00,547.5,-195.0,352.5
2022-09-22 10:26:00,630.0,-472.5,157.5
2022-09-22 10:27:00,547.5,-367.5,180.0
2022-09-22 10:28:00,491.25,-142.5,348.75
2022-09-22 10:29:00,626.25,-401.25,225.0
2022-09-22 10:30:00,806.25,-652.5,153.75
2022-09-22 10:31:00,941.25,-997.5,-56.25
2022-09-22 10:32:00,971.25,-1042.5,-71.25
2022-09-22 10:33:00,926.25,-1110.0,-183.75
2022-09-22 10:34:00,892.5,-828.75,63.75
2022-09-22 10:35:00,866.25,-648.75,217.5
2022-09-22 10:36:00,986.25,-1121.25,-135.0
2022-09-22 10:37:00,847.5,-757.5,90.0
2022-09-22 10:38:00,892.5,-896.25,-3.75
2022-09-22 10:39:00,885.0,-892.5,-7.5
2022-09-22 10:40:00,776.25,-517.5,258.75
2022-09-22 10:41:00,727.5,-273.75,453.75
2022-09-22 10:42:00,690.0,-228.75,461.25
2022-09-22 10:43:00,806.25,-611.25,195.0
2022-09-22 10:44:00,926.25,-787.5,138.75
2022-09-22 10:45:00,873.75,-742.5,131.25
2022-09-22 10:46:00,761.25,-438.75,322.5
2022-09-22 10:47:00,742.5,-318.75,423.75
2022-09-22 10:48:00,753.75,-333.75,420.0
2022-09-22 10:49:00,720.0,-198.75,521.25
2022-09-22 10:50:00,641.25,30.0,671.25
2022-09-22 10:51:00,720.0,48.75,768.75
2022-09-22 10:52:00,660.0,168.75,828.75
2022-09-22 10:53:00,795.0,-101.25,693.75
2022-09-22 10:54:00,768.75,-26.25,742.5
2022-09-22 10:55:00,795.0,-30.0,765.0
2022-09-22 10:56:00,873.75,-217.5,656.25
2022-09-22 10:57:00,903.75,-247.5,656.25
2022-09-22 10:58:00,903.75,-213.75,690.0
2022-09-22 10:59:00,900.0,-213.75,686.25
2022-09-22 11:00:00,836.25,63.75,900.0
2022-09-22 11:01:00,802.5,45.0,847.5
2022-09-22 11:02:00,768.75,165.0,933.75
2022-09-22 11:03:00,750.0,176.25,926.25
2022-09-22 11:04:00,757.5,240.0,997.5
2022-09-22 11:05:00,765.0,262.5,1027.5
2022-09-22 11:06:00,877.5,75.0,952.5
2022-09-22 11:07:00,783.75,221.25,1005.0
2022-09-22 11:08:00,873.75,71.25,945.0
2022-09-22 11:09:00,851.25,138.75,990.0
2022-09-22 11:10:00,967.5,-120.0,847.5
2022-09-22 11:11:00,1005.0,-288.75,716.25
2022-09-22 11:12:00,960.0,-67.5,892.5
2022-09-22 11:13:00,1046.25,-337.5,708.75
2022-09-22 11:14:00,1016.25,-213.75,802.5
2022-09-22 11:15:00,990.0,0.0,990.0
2022-09-22 11:16:00,1113.75,-423.75,690.0
2022-09-22 11:17:00,1173.75,-528.75,645.0
2022-09-22 11:18:00,1151.25,-690.0,461.25
2022-09-22 11:19:00,1110.0,-427.5,682.5
2022-09-22 11:20:00,1095.0,-270.0,825.0
2022-09-22 11:21:00,1155.0,-498.75,656.25
2022-09-22 11:22:00,1166.25,-735.0,431.25
2022-09-22 11:23:00,1218.75,-975.0,243.75
2022-09-22 11:24:00,1241.25,-1121.25,120.0
2022-09-22 11:25:00,1237.5,-1012.5,225.0
2022-09-22 11:26:00,1230.0,-847.5,382.5
2022-09-22 11:27:00,1248.75,-1136.25,112.5
2022-09-22 11:28:00,1263.75,-1147.5,116.25
2022-09-22 11:29:00,1263.75,-1140.0,123.75
2022-09-22 11:30:00,1286.25,-1200.0,86.25
2022-09-22 11:31:00,1275.0,-941.25,333.75
2022-09-22 11:32:00,1301.25,-1275.0,26.25
2022-09-22 11:33:00,1286.25,-1027.5,258.75
2022-09-22 11:34:00,1248.75,-667.5,581.25
2022-09-22 11:35:00,1248.75,-465.0,783.75
2022-09-22 11:36:00,1233.75,-315.0,918.75
2022-09-22 11:37:00,1233.75,-232.5,1001.25
2022-09-22 11:38:00,1282.5,-487.5,795.0
2022-09-22 11:39:00,1248.75,-431.25,817.5
2022-09-22 11:40:00,1297.5,-656.25,641.25
2022-09-22 11:41:00,1286.25,-712.5,573.75
2022-09-22 11:42:00,1278.75,-536.25,742.5
2022-09-22 11:43:00,1278.75,-393.75,885.0
2022-09-22 11:44:00,1350.0,-720.0,630.0
2022-09-22 11:45:00,1380.0,-858.75,521.25
2022-09-22 11:46:00,1361.25,-735.0,626.25
2022-09-22 11:47:00,1357.5,-753.75,603.75
2022-09-22 11:48:00,1368.75,-720.0,648.75
2022-09-22 11:49:00,1368.75,-678.75,690.0
2022-09-22 11:50:00,1402.5,-1005.0,397.5
2022-09-22 11:51:00,1421.25,-911.25,510.0
2022-09-22 11:52:00,1391.25,-618.75,772.5
2022-09-22 11:53:00,1395.0,-708.75,686.25
2022-09-22 11:54:00,1413.75,-750.0,663.75
2022-09-22 11:55:00,1410.0,-671.25,738.75
2022-09-22 11:56:00,1432.5,-836.25,596.25
2022-09-22 11:57:00,1432.5,-918.75,513.75
2022-09-22 11:58:00,1428.75,-888.75,540.0
2022-09-22 11:59:00,1455.0,-1132.5,322.5
2022-09-22 12:00:00,1432.5,-776.25,656.25
2022-09-22 12:01:00,1458.75,-1278.75,180.0
2022-09-22 12:02:00,1462.5,-1282.5,180.0
2022-09-22 12:03:00,1470.0,-1301.25,168.75
2022-09-22 12:04:00,1458.75,-1215.0,243.75
2022-09-22 12:05:00,1462.5,-1447.5,15.0
2022-09-22 12:06:00,1440.0,-1125.0,315.0
2022-09-22 12:07:00,1455.0,-1350.0,105.0
2022-09-22 12:08:00,1462.5,-1481.25,-18.75
2022-09-22 12:09:00,1458.75,-1511.25,-52.5
2022-09-22 12:10:00,1451.25,-1462.5,-11.25
2022-09-22 12:11:00,1290.0,-1282.5,7.5
2022-09-22 12:12:00,1278.75,-1252.5,26.25
2022-09-22 12:13:00,1372.5,-1383.75,-11.25
2022-09-22 12:14:00,1027.5,-990.0,37.5
2022-09-22 12:15:00,1218.75,-1211.25,7.5
2022-09-22 12:16:00,1125.0,-1162.5,-37.5
2022-09-22 12:17:00,986.25,-1031.25,-45.0
2022-09-22 12:18:00,870.0,-881.25,-11.25
2022-09-22 12:19:00,810.0,-757.5,52.5
2022-09-22 12:20:00,705.0,-742.5,-37.5
2022-09-22 12:21:00,907.5,-930.0,-22.5
2022-09-22 12:22:00,656.25,-757.5,-101.25
2022-09-22 12:23:00,697.5,-720.0,-22.5
2022-09-22 12:24:00,1477.5,-1192.5,285.0
2022-09-22 12:25:00,1605.0,-1282.5,322.5
2022-09-22 12:26:00,1316.25,-888.75,427.5
2022-09-22 12:27:00,1458.75,-1091.25,367.5
2022-09-22 12:28:00,1376.25,-1151.25,225.0
2022-09-22 12:29:00,1575.0,-1260.0,315.0
2022-09-22 12:30:00,1785.0,-1226.25,558.75
2022-09-22 12:31:00,1762.5,-1293.75,468.75
2022-09-22 12:32:00,1848.75,-1338.75,510.0
2022-09-22 12:33:00,1747.5,-1278.75,468.75
2022-09-22 12:34:00,1695.0,-1211.25,483.75
2022-09-22 12:35:00,1717.5,-1155.0,562.5
2022-09-22 12:36:00,1248.75,-705.0,543.75
2022-09-22 12:37:00,1188.75,-671.25,517.5
2022-09-22 12:38:00,1042.5,-450.0,592.5
2022-09-22 12:39:00,1035.0,-468.75,566.25
2022-09-22 12:40:00,1012.5,-495.0,517.5
2022-09-22 12:41:00,1252.5,-738.75,513.75
2022-09-22 12:42:00,1380.0,-765.0,615.0
2022-09-22 12:43:00,1320.0,-738.75,581.25
2022-09-22 12:44:00,1125.0,-603.75,521.25
2022-09-22 12:45:00,1713.75,-960.0,753.75
2022-09-22 12:46:00,2212.5,-1308.75,903.75
2022-09-22 12:47:00,2268.75,-1488.75,780.0
2022-09-22 12:48:00,2122.5,-1132.5,990.0
2022-09-22 12:49:00,1683.75,-712.5,971.25
2022-09-22 12:50:00,1215.0,-457.5,757.5
2022-09-22 12:51:00,1098.75,-480.0,618.75
2022-09-22 12:52:00,1158.75,-468.75,690.0
2022-09-22 12:53:00,813.75,-60.0,753.75
2022-09-22 12:54:00,907.5,-123.75,783.75
2022-09-22 12:55:00,821.25,-120.0,701.25
2022-09-22 12:56:00,348.75,135.0,483.75
2022-09-22 12:57:00,221.25,277.5,498.75
2022-09-22 12:58:00,333.75,195.0,528.75
2022-09-22 12:59:00,840.0,-30.0,810.0
2022-09-22 13:00:00,746.25,-63.75,682.5
2022-09-22 13:01:00,322.5,172.5,495.0
2022-09-22 13:02:00,330.0,198.75,528.75
2022-09-22 13:03:00,525.0,105.0,630.0
2022-09-22 13:04:00,191.25,311.25,502.5
2022-09-22 13:05:00,45.0,405.0,450.0
2022-09-22 13:06:00,161.25,450.0,611.25
2022-09-22 13:07:00,367.5,322.5,690.0
2022-09-22 13:08:00,236.25,352.5,588.75
2022-09-22 13:09:00,198.75,375.0,573.75
2022-09-22 13:10:00,202.5,367.5,570.0
2022-09-22 13:11:00,401.25,285.0,686.25
2022-09-22 13:12:00,-461.25,720.0,258.75
2022-09-22 13:13:00,-337.5,686.25,348.75
2022-09-22 13:14:00,-491.25,817.5,326.25
2022-09-22 13:15:00,-450.0,836.25,386.25
2022-09-22 13:16:00,-1042.5,956.25,-86.25
2022-09-22 13:17:00,-1920.0,1095.0,-825.0
2022-09-22 13:18:00,-2366.25,1140.0,-1226.25
2022-09-22 13:19:00,-2186.25,1117.5,-1068.75
2022-09-22 13:20:00,-2962.5,1155.0,-1807.5
2022-09-22 13:21:00,-2850.0,1095.0,-1755.0
2022-09-22 13:22:00,-2962.5,1203.75,-1758.75
2022-09-22 13:23:00,-2906.25,1200.0,-1706.25
2022-09-22 13:24:00,-2861.25,1147.5,-1713.75
2022-09-22 13:25:00,-2925.0,1203.75,-1721.25
2022-09-22 13:26:00,-2831.25,1143.75,-1687.5
2022-09-22 13:27:00,-2812.5,1110.0,-1702.5
2022-09-22 13:28:00,-2823.75,1162.5,-1661.25
2022-09-22 13:29:00,-2752.5,1140.0,-1612.5
2022-09-22 13:30:00,-2827.5,1267.5,-1560.0
2022-09-22 13:31:00,-2958.75,1398.75,-1560.0
2022-09-22 13:32:00,-2992.5,1503.75,-1488.75
2022-09-22 13:33:00,-3000.0,1496.25,-1503.75
2022-09-22 13:34:00,-3127.5,1552.5,-1575.0
2022-09-22 13:35:00,-3435.0,1563.75,-1871.25
2022-09-22 13:36:00,-3262.5,1530.0,-1732.5
2022-09-22 13:37:00,-3176.25,1492.5,-1683.75
2022-09-22 13:38:00,-3131.25,1511.25,-1620.0
2022-09-22 13:39:00,-3067.5,1462.5,-1605.0
2022-09-22 13:40:00,-3086.25,1477.5,-1608.75
2022-09-22 13:41:00,-3221.25,1541.25,-1680.0
2022-09-22 13:42:00,-3048.75,1500.0,-1548.75
2022-09-22 13:43:00,-3116.25,1537.5,-1578.75
2022-09-22 13:44:00,-3015.0,1507.5,-1507.5
2022-09-22 13:45:00,-3007.5,1492.5,-1515.0
2022-09-22 13:46:00,-3198.75,1563.75,-1635.0
2022-09-22 13:47:00,-3206.25,1590.0,-1616.25
2022-09-22 13:48:00,-3206.25,1582.5,-1623.75
2022-09-22 13:49:00,-3146.25,1582.5,-1563.75
2022-09-22 13:50:00,-3281.25,1668.75,-1612.5
2022-09-22 13:51:00,-3450.0,1676.25,-1773.75
2022-09-22 13:52:00,-3371.25,1665.0,-1706.25
2022-09-22 13:53:00,-3423.75,1668.75,-1755.0
2022-09-22 13:54:00,-3288.75,1661.25,-1627.5
2022-09-22 13:55:00,-3420.0,1661.25,-1758.75
2022-09-22 13:56:00,-3240.0,1665.0,-1575.0
2022-09-22 13:57:00,-3367.5,1657.5,-1710.0
2022-09-22 13:58:00,-3097.5,1616.25,-1481.25
2022-09-22 13:59:00,-2958.75,1590.0,-1368.75
2022-09-22 14:00:00,-3097.5,1642.5,-1455.0
2022-09-22 14:01:00,-3401.25,1691.25,-1710.0
2022-09-22 14:02:00,-3420.0,1683.75,-1736.25
2022-09-22 14:03:00,-3180.0,1661.25,-1518.75
2022-09-22 14:04:00,-3367.5,1672.5,-1695.0
2022-09-22 14:05:00,-3911.25,1702.5,-2208.75
2022-09-22 14:06:00,-4095.0,1732.5,-2362.5
2022-09-22 14:07:00,-4001.25,1713.75,-2287.5
2022-09-22 14:08:00,-4061.25,1710.0,-2351.25
2022-09-22 14:09:00,-4293.75,1710.0,-2583.75
2022-09-22 14:10:00,-4308.75,1713.75,-2595.0
2022-09-22 14:11:00,-4278.75,1702.5,-2576.25
2022-09-22 14:12:00,-4166.25,1683.75,-2482.5
2022-09-22 14:13:00,-4098.75,1657.5,-2441.25
2022-09-22 14:14:00,-3975.0,1575.0,-2400.0
2022-09-22 14:15:00,-3963.75,1458.75,-2505.0
2022-09-22 14:16:00,-4121.25,1755.0,-2366.25
2022-09-22 14:17:00,-4083.75,1751.25,-2332.5
2022-09-22 14:18:00,-4128.75,1785.0,-2343.75
2022-09-22 14:19:00,-4046.25,1800.0,-2246.25
2022-09-22 14:20:00,-4053.75,1807.5,-2246.25
2022-09-22 14:21:00,-4001.25,1773.75,-2227.5
2022-09-22 14:22:00,-3911.25,1743.75,-2167.5
2022-09-22 14:23:00,-3952.5,1785.0,-2167.5
2022-09-22 14:24:00,-3948.75,1860.0,-2088.75
2022-09-22 14:25:00,-3941.25,1863.75,-2077.5
2022-09-22 14:26:00,-3892.5,1811.25,-2081.25
2022-09-22 14:27:00,-3877.5,1781.25,-2096.25
2022-09-22 14:28:00,-3840.0,1631.25,-2208.75
2022-09-22 14:29:00,-3851.25,1725.0,-2126.25
2022-09-22 14:30:00,-3851.25,1848.75,-2002.5
2022-09-22 14:31:00,-3873.75,1946.25,-1927.5
2022-09-22 14:32:00,-3832.5,1841.25,-1991.25
2022-09-22 14:33:00,-3795.0,1706.25,-2088.75
2022-09-22 14:34:00,-3802.5,1766.25,-2036.25
2022-09-22 14:35:00,-3806.25,1845.0,-1961.25
2022-09-22 14:36:00,-3802.5,1826.25,-1976.25
2022-09-22 14:37:00,-3795.0,1848.75,-1946.25
2022-09-22 14:38:00,-3783.75,1815.0,-1968.75
2022-09-22 14:39:00,-3780.0,1822.5,-1957.5
2022-09-22 14:40:00,-3783.75,1901.25,-1882.5
2022-09-22 14:41:00,-3783.75,1908.75,-1875.0
2022-09-22 14:42:00,-3783.75,1893.75,-1890.0
2022-09-22 14:43:00,-3780.0,1980.0,-1800.0
2022-09-22 14:44:00,-3783.75,2092.5,-1691.25
2022-09-22 14:45:00,-3780.0,2088.75,-1691.25
2022-09-22 14:46:00,-3795.0,2156.25,-1638.75
2022-09-22 14:47:00,-3798.75,2148.75,-1650.0
2022-09-22 14:48:00,-3772.5,2073.75,-1698.75
2022-09-22 14:49:00,-3776.25,2081.25,-1695.0
2022-09-22 14:50:00,-3772.5,2025.0,-1747.5
2022-09-22 14:51:00,-3768.75,2006.25,-1762.5
2022-09-22 14:52:00,-3768.75,1983.75,-1785.0
2022-09-22 14:53:00,-3768.75,2013.75,-1755.0
2022-09-22 14:54:00,-3768.75,2013.75,-1755.0
2022-09-22 14:55:00,-3768.75,1953.75,-1815.0
2022-09-22 14:56:00,-3761.25,1803.75,-1957.5
2022-09-22 14:57:00,-3768.75,1950.0,-1818.75
2022-09-22 14:58:00,-3765.0,2100.0,-1665.0
2022-09-22 14:59:00,-3765.0,2040.0,-1725.0
2022-09-22 15:00:00,-3768.75,1987.5,-1781.25
2022-09-22 15:01:00,-3772.5,2077.5,-1695.0
2022-09-22 15:02:00,-3765.0,2137.5,-1627.5
2022-09-22 15:03:00,-3761.25,2103.75,-1657.5
2022-09-22 15:04:00,-3761.25,2085.0,-1676.25
2022-09-22 15:05:00,-3761.25,2040.0,-1721.25
2022-09-22 15:06:00,-3757.5,2092.5,-1665.0
2022-09-22 15:07:00,-3753.75,2137.5,-1616.25
2022-09-22 15:08:00,-3750.0,2152.5,-1597.5
2022-09-22 15:09:00,-3753.75,2115.0,-1638.75
2022-09-22 15:10:00,-3750.0,2118.75,-1631.25
2022-09-22 15:11:00,-3746.25,2163.75,-1582.5
2022-09-22 15:12:00,-3746.25,2100.0,-1646.25
2022-09-22 15:13:00,-3746.25,2126.25,-1620.0
2022-09-22 15:14:00,-3746.25,2133.75,-1612.5
2022-09-22 15:15:00,-3742.5,2190.0,-1552.5
2022-09-22 15:16:00,-3742.5,2227.5,-1515.0
2022-09-22 15:17:00,-3742.5,2238.75,-1503.75
2022-09-22 15:18:00,-3746.25,2235.0,-1511.25
2022-09-22 15:19:00,-3742.5,2227.5,-1515.0
2022-09-22 15:20:00,-3746.25,2238.75,-1507.5
2022-09-22 15:21:00,-3746.25,2238.75,-1507.5
2022-09-22 15:22:00,-3746.25,2238.75,-1507.5
2022-09-22 15:23:00,-3746.25,2238.75,-1507.5
2022-09-22 15:24:00,-3746.25,2238.75,-1507.5
2022-09-22 15:25:00,-3746.25,2238.75,-1507.5
2022-09-22 15:26:00,-3746.25,2238.75,-1507.5
2022-09-22 15:27:00,-3746.25,2238.75,-1507.5
2022-09-22 15:28:00,-3746.25,2238.75,-1507.5
2022-09-22 15:29:00,-3746.25,2238.75,-1507.5
2022-09-29 10:15:00,0.0,0.0,0.0
2022-09-29 10:16:00,26.25,-48.75,-22.5
2022-09-29 10:17:00,97.5,-146.25,-48.75
2022-09-29 10:18:00,195.0,-221.25,-26.25
2022-09-29 10:19:00,262.5,-311.25,-48.75
2022-09-29 10:20:00,300.0,-397.5,-97.5
2022-09-29 10:21:00,363.75,-491.25,-127.5
2022-09-29 10:22:00,322.5,-435.0,-112.5
2022-09-29 10:23:00,397.5,-498.75,-101.25
2022-09-29 10:24:00,296.25,-258.75,37.5
2022-09-29 10:25:00,532.5,-742.5,-210.0
2022-09-29 10:26:00,513.75,-723.75,-210.0
2022-09-29 10:27:00,360.0,-401.25,-41.25
2022-09-29 10:28:00,495.0,-701.25,-206.25
2022-09-29 10:29:00,468.75,-641.25,-172.5
2022-09-29 10:30:00,555.0,-828.75,-273.75
2022-09-29 10:31:00,682.5,-1046.25,-363.75
2022-09-29 10:32:00,716.25,-1061.25,-345.0
2022-09-29 10:33:00,682.5,-978.75,-296.25
2022-09-29 10:34:00,765.0,-1102.5,-337.5
2022-09-29 10:35:00,765.0,-960.0,-195.0
2022-09-29 10:36:00,686.25,-723.75,-37.5
2022-09-29 10:37:00,731.25,-847.5,-116.25
2022-09-29 10:38:00,832.5,-1140.0,-307.5
2022-09-29 10:39:00,682.5,-652.5,30.0
2022-09-29 10:40:00,667.5,-615.0,52.5
2022-09-29 10:41:00,802.5,-911.25,-108.75
2022-09-29 10:42:00,795.0,-892.5,-97.5
2022-09-29 10:43:00,843.75,-1031.25,-187.5
2022-09-29 10:44:00,817.5,-907.5,-90.0
2022-09-29 10:45:00,888.75,-1095.0,-206.25
2022-09-29 10:46:00,948.75,-1215.0,-266.25
2022-09-29 10:47:00,915.0,-1057.5,-142.5
2022-09-29 10:48:00,862.5,-881.25,-18.75
2022-09-29 10:49:00,791.25,-600.0,191.25
2022-09-29 10:50:00,828.75,-735.0,93.75
2022-09-29 10:51:00,712.5,-345.0,367.5
2022-09-29 10:52:00,645.0,-56.25,588.75
2022-09-29 10:53:00,641.25,-41.25,600.0
2022-09-29 10:54:00,652.5,-108.75,543.75
2022-09-29 10:55:00,652.5,-123.75,528.75
2022-09-29 10:56:00,476.25,135.0,611.25
2022-09-29 10:57:00,566.25,-7.5,558.75
2022-09-29 10:58:00,645.0,-60.0,585.0
2022-09-29 10:59:00,641.25,-48.75,592.5
2022-09-29 11:00:00,671.25,-101.25,570.0
2022-09-29 11:01:00,716.25,-116.25,600.0
2022-09-29 11:02:00,705.0,-112.5,592.5
2022-09-29 11:03:00,907.5,-303.75,603.75
2022-09-29 11:04:00,1005.0,-510.0,495.0
2022-09-29 11:05:00,1046.25,-633.75,412.5
2022-09-29 11:06:00,1080.0,-727.5,352.5
2022-09-29 11:07:00,1196.25,-982.5,213.75
2022-09-29 11:08:00,1140.0,-813.75,326.25
2022-09-29 11:09:00,1192.5,-960.0,232.5
2022-09-29 11:10:00,1143.75,-761.25,382.5
2022-09-29 11:11:00,1230.0,-1001.25,228.75
2022-09-29 11:12:00,1256.25,-1020.0,236.25
2022-09-29 11:13:00,1230.0,-873.75,356.25
2022-09-29 11:14:00,1282.5,-1023.75,258.75
2022-09-29 11:15:00,1275.0,-948.75,326.25
2022-09-29 11:16:00,1230.0,-840.0,390.0
2022-09-29 11:17:00,1263.75,-1050.0,213.75
2022-09-29 11:18:00,1301.25,-1098.75,202.5
2022-09-29 11:19:00,1316.25,-1185.0,131.25
2022-09-29 11:20:00,1218.75,-735.0,483.75
2022-09-29 11:21:00,1200.0,-630.0,570.0
2022-09-29 11:22:00,1263.75,-817.5,446.25
2022-09-29 11:23:00,1215.0,-693.75,521.25
2022-09-29 11:24:00,1245.0,-851.25,393.75
2022-09-29 11:25:00,1260.0,-735.0,525.0
2022-09-29 11:26:00,1308.75,-978.75,330.0
2022-09-29 11:27:00,1267.5,-866.25,401.25
2022-09-29 11:28:00,1256.25,-761.25,495.0
2022-09-29 11:29:00,1320.0,-892.5,427.5
2022-09-29 11:30:00,1248.75,-596.25,652.5
2022-09-29 11:31:00,1260.0,-645.0,615.0
2022-09-29 11:32:00,1308.75,-787.5,521.25
2022-09-29 11:33:00,1342.5,-858.75,483.75
2022-09-29 11:34:00,1357.5,-798.75,558.75
2022-09-29 11:35:00,1365.0,-806.25,558.75
2022-09-29 11:36:00,1387.5,-885.0,502.5
2022-09-29 11:37:00,1361.25,-765.0,596.25
2022-09-29 11:38:00,1383.75,-806.25,577.5
2022-09-29 11:39:00,1316.25,-615.0,701.25
2022-09-29 11:40:00,1305.0,-742.5,562.5
2022-09-29 11:41:00,1305.0,-701.25,603.75
2022-09-29 11:42:00,1357.5,-791.25,566.25
2022-09-29 11:43:00,1342.5,-783.75,558.75
2022-09-29 11:44:00,1421.25,-1005.0,416.25
2022-09-29 11:45:00,1455.0,-1117.5,337.5
2022-09-29 11:46:00,1533.75,-1350.0,183.75
2022-09-29 11:47:00,1556.25,-1518.75,37.5
2022-09-29 11:48:00,1556.25,-1481.25,75.0
2022-09-29 11:49:00,1560.0,-1638.75,-78.75
2022-09-29 11:50:00,1563.75,-1631.25,-67.5
2022-09-29 11:51:00,1590.0,-2212.5,-622.5
2022-09-29 11:52:00,1605.0,-2130.0,-525.0
2022-09-29 11:53:00,1586.25,-1860.0,-273.75
2022-09-29 11:54:00,1593.75,-1946.25,-352.5
2022-09-29 11:55:00,1608.75,-2040.0,-431.25
2022-09-29 11:56:00,1788.75,-2302.5,-513.75
2022-09-29 11:57:00,1867.5,-2351.25,-483.75
2022-09-29 11:58:00,2017.5,-2576.25,-558.75
2022-09-29 11:59:00,2088.75,-2576.25,-487.5
2022-09-29 12:00:00,2220.0,-3011.25,-791.25
2022-09-29 12:01:00,2178.75,-2996.25,-817.5
2022-09-29 12:02:00,2043.75,-2767.5,-723.75
2022-09-29 12:03:00,1920.0,-2591.25,-671.25
2022-09-29 12:04:00,1972.5,-2673.75,-701.25
2022-09-29 12:05:00,1856.25,-2313.75,-457.5
2022-09-29 12:06:00,1815.0,-2208.75,-393.75
2022-09-29 12:07:00,1781.25,-2208.75,-427.5
2022-09-29 12:08:00,1912.5,-2347.5,-435.0
2022-09-29 12:09:00,2010.0,-2610.0,-600.0
2022-09-29 12:10:00,2025.0,-2583.75,-558.75
2022-09-29 12:11:00,2085.0,-2523.75,-438.75
2022-09-29 12:12:00,1815.0,-2088.75,-273.75
2022-09-29 12:13:00,1845.0,-2377.5,-532.5
2022-09-29 12:14:00,1773.75,-2201.25,-427.5
2022-09-29 12:15:00,1721.25,-1920.0,-198.75
2022-09-29 12:16:00,1721.25,-2006.25,-285.0
2022-09-29 12:17:00,1548.75,-1642.5,-93.75
2022-09-29 12:18:00,1732.5,-1923.75,-191.25
2022-09-29 12:19:00,1875.0,-2171.25,-296.25
2022-09-29 12:20:00,1946.25,-2358.75,-412.5
2022-09-29 12:21:00,2051.25,-2561.25,-510.0
2022-09-29 12:22:00,1961.25,-2343.75,-382.5
2022-09-29 12:23:00,1901.25,-2171.25,-270.0
2022-09-29 12:24:00,2066.25,-2565.0,-498.75
2022-09-29 12:25:00,1717.5,-1770.0,-52.5
2022-09-29 12:26:00,1593.75,-1447.5,146.25
2022-09-29 12:27:00,1286.25,-1061.25,225.0
2022-09-29 12:28:00,1432.5,-1196.25,236.25
2022-09-29 12:29:00,1597.5,-1417.5,180.0
2022-09-29 12:30:00,1635.0,-1421.25,213.75
2022-09-29 12:31:00,1605.0,-1447.5,157.5
2022-09-29 12:32:00,1680.0,-1605.0,75.0
2022-09-29 12:33:00,1826.25,-1747.5,78.75
2022-09-29 12:34:00,2231.25,-2163.75,67.5
2022-09-29 12:35:00,2538.75,-2542.5,-3.75
2022-09-29 12:36:00,2756.25,-3146.25,-390.0
2022-09-29 12:37:00,2816.25,-3457.5,-641.25
2022-09-29 12:38:00,2658.75,-3217.5,-558.75
2022-09-29 12:39:00,2722.5,-3405.0,-682.5
2022-09-29 12:40:00,2666.25,-3228.75,-562.5
2022-09-29 12:41:00,2790.0,-3693.75,-903.75
2022-09-29 12:42:00,2703.75,-3195.0,-491.25
2022-09-29 12:43:00,2632.5,-2820.0,-187.5
2022-09-29 12:44:00,2497.5,-2321.25,176.25
2022-09-29 12:45:00,2662.5,-2696.25,-33.75
2022-09-29 12:46:00,2786.25,-3270.0,-483.75
2022-09-29 12:47:00,2670.0,-2988.75,-318.75
2022-09-29 12:48:00,2711.25,-3146.25,-435.0
2022-09-29 12:49:00,2812.5,-3435.0,-622.5
2022-09-29 12:50:00,2831.25,-3600.0,-768.75
2022-09-29 12:51:00,3026.25,-3903.75,-877.5
2022-09-29 12:52:00,3067.5,-4305.0,-1237.5
2022-09-29 12:53:00,3052.5,-4286.25,-1233.75
2022-09-29 12:54:00,3000.0,-3900.0,-900.0
2022-09-29 12:55:00,3007.5,-4102.5,-1095.0
2022-09-29 12:56:00,3022.5,-4098.75,-1076.25
2022-09-29 12:57:00,3086.25,-4211.25,-1125.0
2022-09-29 12:58:00,3101.25,-4293.75,-1192.5
2022-09-29 12:59:00,3033.75,-4125.0,-1091.25
2022-09-29 13:00:00,3037.5,-4181.25,-1143.75
2022-09-29 13:01:00,3172.5,-4597.5,-1425.0
2022-09-29 13:02:00,3142.5,-4440.0,-1297.5
2022-09-29 13:03:00,3142.5,-4421.25,-1278.75
2022-09-29 13:04:00,3168.75,-4402.5,-1233.75
2022-09-29 13:05:00,3097.5,-4275.0,-1177.5
2022-09-29 13:06:00,3153.75,-4455.0,-1301.25
2022-09-29 13:07:00,3266.25,-4627.5,-1361.25
2022-09-29 13:08:00,3337.5,-4691.25,-1353.75
2022-09-29 13:09:00,3322.5,-4706.25,-1383.75
2022-09-29 13:10:00,3258.75,-4511.25,-1252.5
2022-09-29 13:11:00,3251.25,-4725.0,-1473.75
2022-09-29 13:12:00,3221.25,-4533.75,-1312.5
2022-09-29 13:13:00,3195.0,-4473.75,-1278.75
2022-09-29 13:14:00,3206.25,-4376.25,-1170.0
2022-09-29 13:15:00,3303.75,-4635.0,-1331.25
2022-09-29 13:16:00,3243.75,-4590.0,-1346.25
2022-09-29 13:17:00,3183.75,-4387.5,-1203.75
2022-09-29 13:18:00,3210.0,-4458.75,-1248.75
2022-09-29 13:19:00,3273.75,-4556.25,-1282.5
2022-09-29 13:20:00,3288.75,-4526.25,-1237.5
2022-09-29 13:21:00,3333.75,-4736.25,-1402.5
2022-09-29 13:22:00,3442.5,-4998.75,-1556.25
2022-09-29 13:23:00,3472.5,-4968.75,-1496.25
2022-09-29 13:24:00,3423.75,-4871.25,-1447.5
2022-09-29 13:25:00,3431.25,-4841.25,-1410.0
2022-09-29 13:26:00,3423.75,-4608.75,-1185.0
2022-09-29 13:27:00,3405.0,-4481.25,-1076.25
2022-09-29 13:28:00,3322.5,-4275.0,-952.5
2022-09-29 13:29:00,3360.0,-4413.75,-1053.75
2022-09-29 13:30:00,3348.75,-4380.0,-1031.25
2022-09-29 13:31:00,3453.75,-4736.25,-1282.5
2022-09-29 13:32:00,3408.75,-4533.75,-1125.0
2022-09-29 13:33:00,3277.5,-4290.0,-1012.5
2022-09-29 13:34:00,3225.0,-4132.5,-907.5
2022-09-29 13:35:00,3285.0,-4200.0,-915.0
2022-09-29 13:36:00,3180.0,-3918.75,-738.75
2022-09-29 13:37:00,3195.0,-3933.75,-738.75
2022-09-29 13:38:00,3142.5,-3795.0,-652.5
2022-09-29 13:39:00,3206.25,-3900.0,-693.75
2022-09-29 13:40:00,3187.5,-3855.0,-667.5
2022-09-29 13:41:00,3307.5,-3907.5,-600.0
2022-09-29 13:42:00,3438.75,-4072.5,-633.75
2022-09-29 13:43:00,3416.25,-4050.0,-633.75
2022-09-29 13:44:00,3412.5,-4001.25,-588.75
2022-09-29 13:45:00,3442.5,-4057.5,-615.0
2022-09-29 13:46:00,3525.0,-4248.75,-723.75
2022-09-29 13:47:00,3487.5,-4050.0,-562.5
2022-09-29 13:48:00,3483.75,-4098.75,-615.0
2022-09-29 13:49:00,3450.0,-4012.5,-562.5
2022-09-29 13:50:00,3420.0,-3930.0,-510.0
2022-09-29 13:51:00,3333.75,-3825.0,-491.25
2022-09-29 13:52:00,3363.75,-3802.5,-438.75
2022-09-29 13:53:00,3352.5,-3836.25,-483.75
2022-09-29 13:54:00,3423.75,-3862.5,-438.75
2022-09-29 13:55:00,3431.25,-3900.0,-468.75
2022-09-29 13:56:00,3457.5,-3907.5,-450.0
2022-09-29 13:57:00,3517.5,-3933.75,-416.25
2022-09-29 13:58:00,3345.0,-3716.25,-371.25
2022-09-29 13:59:00,3446.25,-3813.75,-367.5
2022-09-29 14:00:00,3585.0,-4087.5,-502.5
2022-09-29 14:01:00,3630.0,-4256.25,-626.25
2022-09-29 14:02:00,3671.25,-4331.25,-660.0
2022-09-29 14:03:00,3663.75,-4290.0,-626.25
2022-09-29 14:04:00,3633.75,-3993.75,-360.0
2022-09-29 14:05:00,3600.0,-3768.75,-168.75
2022-09-29 14:06:00,3648.75,-3915.0,-266.25
2022-09-29 14:07:00,3626.25,-3885.0,-258.75
2022-09-29 14:08:00,3645.0,-3941.25,-296.25
2022-09-29 14:09:00,3648.75,-3937.5,-288.75
2022-09-29 14:10:00,3667.5,-3948.75,-281.25
2022-09-29 14:11:00,3648.75,-3881.25,-232.5
2022-09-29 14:12:00,3633.75,-3791.25,-157.5
2022-09-29 14:13:00,3637.5,-3783.75,-146.25
2022-09-29 14:14:00,3633.75,-3753.75,-120.0
2022-09-29 14:15:00,3656.25,-3817.5,-161.25
2022-09-29 14:16:00,3656.25,-3795.0,-138.75
2022-09-29 14:17:00,3678.75,-3836.25,-157.5
2022-09-29 14:18:00,3712.5,-3873.75,-161.25
2022-09-29 14:19:00,3712.5,-3828.75,-116.25
2022-09-29 14:20:00,3723.75,-3791.25,-67.5
2022-09-29 14:21:00,3746.25,-3825.0,-78.75
2022-09-29 14:22:00,3761.25,-3828.75,-67.5
2022-09-29 14:23:00,3765.0,-3798.75,-33.75
2022-09-29 14:24:00,3742.5,-3712.5,30.0
2022-09-29 14:25:00,3795.0,-3881.25,-86.25
2022-09-29 14:26:00,3795.0,-3791.25,3.75
2022-09-29 14:27:00,3791.25,-3798.75,-7.5
2022-09-29 14:28:00,3783.75,-3735.0,48.75
2022-09-29 14:29:00,3765.0,-3626.25,138.75
2022-09-29 14:30:00,3701.25,-3476.25,225.0
2022-09-29 14:31:00,3690.0,-3510.0,180.0
2022-09-29 14:32:00,3701.25,-3502.5,198.75
2022-09-29 14:33:00,3738.75,-3536.25,202.5
2022-09-29 14:34:00,3712.5,-3483.75,228.75
2022-09-29 14:35:00,3701.25,-3472.5,228.75
2022-09-29 14:36:00,3663.75,-3450.0,213.75
2022-09-29 14:37:00,3633.75,-3423.75,210.0
2022-09-29 14:38:00,3622.5,-3397.5,225.0
2022-09-29 14:39:00,3630.0,-3397.5,232.5
2022-09-29 14:40:00,3648.75,-3412.5,236.25
2022-09-29 14:41:00,3738.75,-3412.5,326.25
2022-09-29 14:42:00,3671.25,-3408.75,262.5
2022-09-29 14:43:00,3708.75,-3375.0,333.75
2022-09-29 14:44:00,3686.25,-3382.5,303.75
2022-09-29 14:45:00,3727.5,-3371.25,356.25
2022-09-29 14:46:00,3723.75,-3375.0,348.75
2022-09-29 14:47:00,3753.75,-3375.0,378.75
2022-09-29 14:48:00,3798.75,-3382.5,416.25
2022-09-29 14:49:00,3825.0,-3378.75,446.25
2022-09-29 14:50:00,3832.5,-3412.5,420.0
2022-09-29 14:51:00,3840.0,-3450.0,390.0
2022-09-29 14:52:00,3828.75,-3397.5,431.25
2022-09-29 14:53:00,3840.0,-3382.5,457.5
2022-09-29 14:54:00,3828.75,-3371.25,457.5
2022-09-29 14:55:00,3847.5,-3367.5,480.0
2022-09-29 14:56:00,3847.5,-3363.75,483.75
2022-09-29 14:57:00,3847.5,-3375.0,472.5
2022-09-29 14:58:00,3851.25,-3360.0,491.25
2022-09-29 14:59:00,3851.25,-3360.0,491.25
2022-09-29 15:00:00,3858.75,-3360.0,498.75
2022-09-29 15:01:00,3866.25,-3367.5,498.75
2022-09-29 15:02:00,3877.5,-3367.5,510.0
2022-09-29 15:03:00,3873.75,-3360.0,513.75
2022-09-29 15:04:00,3877.5,-3360.0,517.5
2022-09-29 15:05:00,3885.0,-3356.25,528.75
2022-09-29 15:06:00,3885.0,-3348.75,536.25
2022-09-29 15:07:00,3881.25,-3345.0,536.25
2022-09-29 15:08:00,3888.75,-3337.5,551.25
2022-09-29 15:09:00,3885.0,-3333.75,551.25
2022-09-29 15:10:00,3892.5,-3341.25,551.25
2022-09-29 15:11:00,3892.5,-3337.5,555.0
2022-09-29 15:12:00,3896.25,-3337.5,558.75
2022-09-29 15:13:00,3892.5,-3326.25,566.25
2022-09-29 15:14:00,3896.25,-3322.5,573.75
2022-09-29 15:15:00,3896.25,-3318.75,577.5
2022-09-29 15:16:00,3888.75,-3322.5,566.25
2022-09-29 15:17:00,3892.5,-3318.75,573.75
2022-09-29 15:18:00,3892.5,-3318.75,573.75
2022-09-29 15:19:00,3896.25,-3322.5,573.75
2022-09-29 15:20:00,3892.5,-3322.5,570.0
2022-09-29 15:21:00,3892.5,-3322.5,570.0
2022-09-29 15:22:00,3892.5,-3322.5,570.0
2022-09-29 15:23:00,3892.5,-3322.5,570.0
2022-09-29 15:24:00,3892.5,-3322.5,570.0
2022-09-29 15:25:00,3892.5,-3322.5,570.0
2022-09-29 15:26:00,3892.5,-3322.5,570.0
2022-09-29 15:27:00,3892.5,-3322.5,570.0
2022-09-29 15:28:00,3892.5,-3322.5,570.0
2022-09-29 15:29:00,3892.5,-3322.5,570.0
2022-09-29 15:30:00,3892.5,-3322.5,570.0
2022-10-06 10:15:00,0.0,0.0,0.0
2022-10-06 10:16:00,-288.75,213.75,-75.0
2022-10-06 10:17:00,-266.25,232.5,-33.75
2022-10-06 10:18:00,-198.75,120.0,-78.75
2022-10-06 10:19:00,-108.75,75.0,-33.75
2022-10-06 10:20:00,-330.0,288.75,-41.25
2022-10-06 10:21:00,-236.25,168.75,-67.5
2022-10-06 10:22:00,-307.5,273.75,-33.75
2022-10-06 10:23:00,-273.75,288.75,15.0
2022-10-06 10:24:00,-153.75,183.75,30.0
2022-10-06 10:25:00,-187.5,236.25,48.75
2022-10-06 10:26:00,-210.0,228.75,18.75
2022-10-06 10:27:00,-90.0,146.25,56.25
2022-10-06 10:28:00,-108.75,135.0,26.25
2022-10-06 10:29:00,-168.75,213.75,45.0
2022-10-06 10:30:00,-161.25,221.25,60.0
2022-10-06 10:31:00,-296.25,300.0,3.75
2022-10-06 10:32:00,-356.25,510.0,153.75
2022-10-06 10:33:00,-322.5,431.25,108.75
2022-10-06 10:34:00,-225.0,393.75,168.75
2022-10-06 10:35:00,-60.0,240.0,180.0
2022-10-06 10:36:00,191.25,48.75,240.0
2022-10-06 10:37:00,363.75,-71.25,292.5
2022-10-06 10:38:00,210.0,41.25,251.25
2022-10-06 10:39:00,243.75,-26.25,217.5
2022-10-06 10:40:00,206.25,26.25,232.5
2022-10-06 10:41:00,198.75,26.25,225.0
2022-10-06 10:42:00,86.25,243.75,330.0
2022-10-06 10:43:00,67.5,176.25,243.75
2022-10-06 10:44:00,105.0,191.25,296.25
2022-10-06 10:45:00,195.0,86.25,281.25
2022-10-06 10:46:00,232.5,63.75,296.25
2022-10-06 10:47:00,423.75,-142.5,281.25
2022-10-06 10:48:00,371.25,-101.25,270.0
2022-10-06 10:49:00,311.25,-63.75,247.5
2022-10-06 10:50:00,397.5,-142.5,255.0
2022-10-06 10:51:00,337.5,-26.25,311.25
2022-10-06 10:52:00,461.25,-255.0,206.25
2022-10-06 10:53:00,416.25,-165.0,251.25
2022-10-06 10:54:00,315.0,-37.5,277.5
2022-10-06 10:55:00,281.25,78.75,360.0
2022-10-06 10:56:00,311.25,45.0,356.25
2022-10-06 10:57:00,228.75,195.0,423.75
2022-10-06 10:58:00,262.5,153.75,416.25
2022-10-06 10:59:00,202.5,247.5,450.0
2022-10-06 11:00:00,213.75,277.5,491.25
2022-10-06 11:01:00,97.5,438.75,536.25
2022-10-06 11:02:00,71.25,461.25,532.5
2022-10-06 11:03:00,26.25,540.0,566.25
2022-10-06 11:04:00,26.25,555.0,581.25
2022-10-06 11:05:00,52.5,532.5,585.0
2022-10-06 11:06:00,45.0,510.0,555.0
2022-10-06 11:07:00,15.0,536.25,551.25
2022-10-06 11:08:00,93.75,495.0,588.75
2022-10-06 11:09:00,146.25,483.75,630.0
2022-10-06 11:10:00,105.0,465.0,570.0
2022-10-06 11:11:00,326.25,371.25,697.5
2022-10-06 11:12:00,292.5,401.25,693.75
2022-10-06 11:13:00,337.5,277.5,615.0
2022-10-06 11:14:00,296.25,345.0,641.25
2022-10-06 11:15:00,390.0,273.75,663.75
2022-10-06 11:16:00,438.75,195.0,633.75
2022-10-06 11:17:00,528.75,48.75,577.5
2022-10-06 11:18:00,495.0,112.5,607.5
2022-10-06 11:19:00,513.75,52.5,566.25
2022-10-06 11:20:00,495.0,15.0,510.0
2022-10-06 11:21:00,618.75,-120.0,498.75
2022-10-06 11:22:00,678.75,-213.75,465.0
2022-10-06 11:23:00,626.25,-90.0,536.25
2022-10-06 11:24:00,626.25,-176.25,450.0
2022-10-06 11:25:00,738.75,-330.0,408.75
2022-10-06 11:26:00,828.75,-716.25,112.5
2022-10-06 11:27:00,851.25,-667.5,183.75
2022-10-06 11:28:00,862.5,-1132.5,-270.0
2022-10-06 11:29:00,866.25,-963.75,-97.5
2022-10-06 11:30:00,870.0,-855.0,15.0
2022-10-06 11:31:00,862.5,-843.75,18.75
2022-10-06 11:32:00,840.0,-555.0,285.0
2022-10-06 11:33:00,836.25,-386.25,450.0
2022-10-06 11:34:00,870.0,-603.75,266.25
2022-10-06 11:35:00,941.25,-986.25,-45.0
2022-10-06 11:36:00,997.5,-1136.25,-138.75
2022-10-06 11:37:00,971.25,-813.75,157.5
2022-10-06 11:38:00,900.0,-596.25,303.75
2022-10-06 11:39:00,892.5,-588.75,303.75
2022-10-06 11:40:00,870.0,-405.0,465.0
2022-10-06 11:41:00,892.5,-476.25,416.25
2022-10-06 11:42:00,922.5,-637.5,285.0
2022-10-06 11:43:00,877.5,-615.0,262.5
2022-10-06 11:44:00,990.0,-1046.25,-56.25
2022-10-06 11:45:00,948.75,-697.5,251.25
2022-10-06 11:46:00,960.0,-596.25,363.75
2022-10-06 11:47:00,997.5,-1053.75,-56.25
2022-10-06 11:48:00,1012.5,-960.0,52.5
2022-10-06 11:49:00,1016.25,-1110.0,-93.75
2022-10-06 11:50:00,1023.75,-1046.25,-22.5
2022-10-06 11:51:00,963.75,-592.5,371.25
2022-10-06 11:52:00,937.5,-551.25,386.25
2022-10-06 11:53:00,945.0,-600.0,345.0
2022-10-06 11:54:00,926.25,-577.5,348.75
2022-10-06 11:55:00,933.75,-528.75,405.0
2022-10-06 11:56:00,986.25,-746.25,240.0
2022-10-06 11:57:00,978.75,-626.25,352.5
2022-10-06 11:58:00,903.75,-378.75,525.0
2022-10-06 11:59:00,915.0,-367.5,547.5
2022-10-06 12:00:00,997.5,-660.0,337.5
2022-10-06 12:01:00,1023.75,-798.75,225.0
2022-10-06 12:02:00,1005.0,-641.25,363.75
2022-10-06 12:03:00,1005.0,-566.25,438.75
2022-10-06 12:04:00,1005.0,-540.0,465.0
2022-10-06 12:05:00,960.0,-285.0,675.0
2022-10-06 12:06:00,900.0,86.25,986.25
2022-10-06 12:07:00,915.0,-60.0,855.0
2022-10-06 12:08:00,941.25,-150.0,791.25
2022-10-06 12:09:00,915.0,-45.0,870.0
2022-10-06 12:10:00,986.25,-273.75,712.5
2022-10-06 12:11:00,960.0,-292.5,667.5
2022-10-06 12:12:00,900.0,60.0,960.0
2022-10-06 12:13:00,870.0,172.5,1042.5
2022-10-06 12:14:00,862.5,168.75,1031.25
2022-10-06 12:15:00,858.75,183.75,1042.5
2022-10-06 12:16:00,840.0,397.5,1237.5
2022-10-06 12:17:00,843.75,341.25,1185.0
2022-10-06 12:18:00,866.25,258.75,1125.0
2022-10-06 12:19:00,847.5,363.75,1211.25
2022-10-06 12:20:00,750.0,525.0,1275.0
2022-10-06 12:21:00,810.0,408.75,1218.75
2022-10-06 12:22:00,828.75,367.5,1196.25
2022-10-06 12:23:00,817.5,393.75,1211.25
2022-10-06 12:24:00,881.25,258.75,1140.0
2022-10-06 12:25:00,836.25,390.0,1226.25
2022-10-06 12:26:00,787.5,438.75,1226.25
2022-10-06 12:27:00,802.5,420.0,1222.5
2022-10-06 12:28:00,948.75,161.25,1110.0
2022-10-06 12:29:00,1027.5,-52.5,975.0
2022-10-06 12:30:00,1095.0,-322.5,772.5
2022-10-06 12:31:00,1162.5,-506.25,656.25
2022-10-06 12:32:00,1147.5,-506.25,641.25
2022-10-06 12:33:00,1106.25,-322.5,783.75
2022-10-06 12:34:00,1076.25,-63.75,1012.5
2022-10-06 12:35:00,1091.25,-157.5,933.75
2022-10-06 12:36:00,1095.0,-236.25,858.75
2022-10-06 12:37:00,1117.5,-356.25,761.25
2022-10-06 12:38:00,1076.25,82.5,1158.75
2022-10-06 12:39:00,1061.25,142.5,1203.75
2022-10-06 12:40:00,975.0,405.0,1380.0
2022-10-06 12:41:00,918.75,472.5,1391.25
2022-10-06 12:42:00,945.0,453.75,1398.75
2022-10-06 12:43:00,937.5,408.75,1346.25
2022-10-06 12:44:00,933.75,431.25,1365.0
2022-10-06 12:45:00,930.0,472.5,1402.5
2022-10-06 12:46:00,836.25,570.0,1406.25
2022-10-06 12:47:00,795.0,596.25,1391.25
2022-10-06 12:48:00,802.5,547.5,1350.0
2022-10-06 12:49:00,682.5,618.75,1301.25
2022-10-06 12:50:00,712.5,660.0,1372.5
2022-10-06 12:51:00,577.5,806.25,1383.75
2022-10-06 12:52:00,705.0,622.5,1327.5
2022-10-06 12:53:00,723.75,566.25,1290.0
2022-10-06 12:54:00,791.25,513.75,1305.0
2022-10-06 12:55:00,855.0,476.25,1331.25
2022-10-06 12:56:00,866.25,423.75,1290.0
2022-10-06 12:57:00,817.5,532.5,1350.0
2022-10-06 12:58:00,735.0,633.75,1368.75
2022-10-06 12:59:00,682.5,753.75,1436.25
2022-10-06 13:00:00,596.25,937.5,1533.75
2022-10-06 13:01:00,618.75,855.0,1473.75
2022-10-06 13:02:00,641.25,836.25,1477.5
2022-10-06 13:03:00,656.25,813.75,1470.0
2022-10-06 13:04:00,697.5,768.75,1466.25
2022-10-06 13:05:00,645.0,817.5,1462.5
2022-10-06 13:06:00,656.25,802.5,1458.75
2022-10-06 13:07:00,738.75,708.75,1447.5
2022-10-06 13:08:00,753.75,701.25,1455.0
2022-10-06 13:09:00,828.75,648.75,1477.5
2022-10-06 13:10:00,813.75,607.5,1421.25
2022-10-06 13:11:00,746.25,701.25,1447.5
2022-10-06 13:12:00,742.5,727.5,1470.0
2022-10-06 13:13:00,690.0,862.5,1552.5
2022-10-06 13:14:00,727.5,798.75,1526.25
2022-10-06 13:15:00,817.5,660.0,1477.5
2022-10-06 13:16:00,1095.0,487.5,1582.5
2022-10-06 13:17:00,1072.5,521.25,1593.75
2022-10-06 13:18:00,1065.0,528.75,1593.75
2022-10-06 13:19:00,1031.25,581.25,1612.5
2022-10-06 13:20:00,1023.75,656.25,1680.0
2022-10-06 13:21:00,997.5,701.25,1698.75
2022-10-06 13:22:00,1012.5,697.5,1710.0
2022-10-06 13:23:00,986.25,738.75,1725.0
2022-10-06 13:24:00,990.0,761.25,1751.25
2022-10-06 13:25:00,795.0,1102.5,1897.5
2022-10-06 13:26:00,783.75,1121.25,1905.0
2022-10-06 13:27:00,768.75,1080.0,1848.75
2022-10-06 13:28:00,840.0,990.0,1830.0
2022-10-06 13:29:00,757.5,1080.0,1837.5
2022-10-06 13:30:00,798.75,1016.25,1815.0
2022-10-06 13:31:00,776.25,1072.5,1848.75
2022-10-06 13:32:00,862.5,1005.0,1867.5
2022-10-06 13:33:00,896.25,997.5,1893.75
2022-10-06 13:34:00,768.75,1128.75,1897.5
2022-10-06 13:35:00,791.25,1083.75,1875.0
2022-10-06 13:36:00,787.5,1121.25,1908.75
2022-10-06 13:37:00,731.25,1215.0,1946.25
2022-10-06 13:38:00,652.5,1275.0,1927.5
2022-10-06 13:39:00,768.75,1233.75,2002.5
2022-10-06 13:40:00,933.75,1125.0,2058.75
2022-10-06 13:41:00,858.75,1147.5,2006.25
2022-10-06 13:42:00,1065.0,903.75,1968.75
2022-10-06 13:43:00,1053.75,956.25,2010.0
2022-10-06 13:44:00,1016.25,1038.75,2055.0
2022-10-06 13:45:00,997.5,1057.5,2055.0
2022-10-06 13:46:00,1001.25,1098.75,2100.0
2022-10-06 13:47:00,1005.0,1068.75,2073.75
2022-10-06 13:48:00,982.5,1132.5,2115.0
2022-10-06 13:49:00,1038.75,1057.5,2096.25
2022-10-06 13:50:00,1083.75,1012.5,2096.25
2022-10-06 13:51:00,1121.25,963.75,2085.0
2022-10-06 13:52:00,1256.25,742.5,1998.75
2022-10-06 13:53:00,1215.0,926.25,2141.25
2022-10-06 13:54:00,1188.75,963.75,2152.5
2022-10-06 13:55:00,1282.5,585.0,1867.5
2022-10-06 13:56:00,1278.75,641.25,1920.0
2022-10-06 13:57:00,1278.75,727.5,2006.25
2022-10-06 13:58:00,1290.0,607.5,1897.5
2022-10-06 13:59:00,1297.5,626.25,1923.75
2022-10-06 14:00:00,1361.25,345.0,1706.25
2022-10-06 14:01:00,1305.0,667.5,1972.5
2022-10-06 14:02:00,1297.5,735.0,2032.5
2022-10-06 14:03:00,1308.75,738.75,2047.5
2022-10-06 14:04:00,1361.25,626.25,1987.5
2022-10-06 14:05:00,1357.5,596.25,1953.75
2022-10-06 14:06:00,1342.5,712.5,2055.0
2022-10-06 14:07:00,1338.75,776.25,2115.0
2022-10-06 14:08:00,1353.75,693.75,2047.5
2022-10-06 14:09:00,1372.5,547.5,1920.0
2022-10-06 14:10:00,1421.25,356.25,1777.5
2022-10-06 14:11:00,1428.75,401.25,1830.0
2022-10-06 14:12:00,1428.75,435.0,1863.75
2022-10-06 14:13:00,1451.25,202.5,1653.75
2022-10-06 14:14:00,1458.75,157.5,1616.25
2022-10-06 14:15:00,1458.75,243.75,1702.5
2022-10-06 14:16:00,1481.25,-26.25,1455.0
2022-10-06 14:17:00,1473.75,183.75,1657.5
2022-10-06 14:18:00,1477.5,-75.0,1402.5
2022-10-06 14:19:00,1481.25,105.0,1586.25
2022-10-06 14:20:00,1477.5,108.75,1586.25
2022-10-06 14:21:00,1485.0,-277.5,1207.5
2022-10-06 14:22:00,1492.5,75.0,1567.5
2022-10-06 14:23:00,1492.5,-101.25,1391.25
2022-10-06 14:24:00,1488.75,123.75,1612.5
2022-10-06 14:25:00,1492.5,322.5,1815.0
2022-10-06 14:26:00,1485.0,-82.5,1402.5
2022-10-06 14:27:00,1485.0,-251.25,1233.75
2022-10-06 14:28:00,1492.5,97.5,1590.0
2022-10-06 14:29:00,1488.75,243.75,1732.5
2022-10-06 14:30:00,1485.0,386.25,1871.25
2022-10-06 14:31:00,1496.25,-71.25,1425.0
2022-10-06 14:32:00,1503.75,-213.75,1290.0
2022-10-06 14:33:00,1526.25,-453.75,1072.5
2022-10-06 14:34:00,1518.75,-386.25,1132.5
2022-10-06 14:35:00,1518.75,-138.75,1380.0
2022-10-06 14:36:00,1252.5,337.5,1590.0
2022-10-06 14:37:00,1177.5,431.25,1608.75
2022-10-06 14:38:00,1297.5,262.5,1560.0
2022-10-06 14:39:00,1245.0,363.75,1608.75
2022-10-06 14:40:00,1451.25,146.25,1597.5
2022-10-06 14:41:00,1428.75,97.5,1526.25
2022-10-06 14:42:00,1297.5,423.75,1721.25
2022-10-06 14:43:00,1758.75,-153.75,1605.0
2022-10-06 14:44:00,1710.0,71.25,1781.25
2022-10-06 14:45:00,1653.75,150.0,1803.75
2022-10-06 14:46:00,1406.25,416.25,1822.5
2022-10-06 14:47:00,1391.25,427.5,1818.75
2022-10-06 14:48:00,1541.25,558.75,2100.0
2022-10-06 14:49:00,1166.25,1008.75,2175.0
2022-10-06 14:50:00,1560.0,622.5,2182.5
2022-10-06 14:51:00,1567.5,596.25,2163.75
2022-10-06 14:52:00,1451.25,802.5,2253.75
2022-10-06 14:53:00,1492.5,705.0,2197.5
2022-10-06 14:54:00,1432.5,832.5,2265.0
2022-10-06 14:55:00,1372.5,952.5,2325.0
2022-10-06 14:56:00,1522.5,810.0,2332.5
2022-10-06 14:57:00,1563.75,836.25,2400.0
2022-10-06 14:58:00,1443.75,1136.25,2580.0
2022-10-06 14:59:00,1428.75,1110.0,2538.75
2022-10-06 15:00:00,1466.25,1166.25,2632.5
2022-10-06 15:01:00,1413.75,1271.25,2685.0
2022-10-06 15:02:00,1893.75,1110.0,3003.75
2022-10-06 15:03:00,1785.0,1398.75,3183.75
2022-10-06 15:04:00,1946.25,1402.5,3348.75
2022-10-06 15:05:00,2066.25,1275.0,3341.25
2022-10-06 15:06:00,2298.75,791.25,3090.0
2022-10-06 15:07:00,2415.0,528.75,2943.75
2022-10-06 15:08:00,2403.75,967.5,3371.25
2022-10-06 15:09:00,2471.25,506.25,2977.5
2022-10-06 15:10:00,2493.75,633.75,3127.5
2022-10-06 15:11:00,2490.0,483.75,2973.75
2022-10-06 15:12:00,2497.5,686.25,3183.75
2022-10-06 15:13:00,2497.5,656.25,3153.75
2022-10-06 15:14:00,2508.75,701.25,3210.0
2022-10-06 15:15:00,2512.5,873.75,3386.25
2022-10-06 15:16:00,2512.5,963.75,3476.25
2022-10-06 15:17:00,2512.5,768.75,3281.25
2022-10-06 15:18:00,2516.25,731.25,3247.5
2022-10-06 15:19:00,2520.0,731.25,3251.25
2022-10-06 15:20:00,2520.0,690.0,3210.0
2022-10-06 15:21:00,2520.0,690.0,3210.0
2022-10-06 15:22:00,2520.0,690.0,3210.0
2022-10-06 15:23:00,2520.0,690.0,3210.0
2022-10-06 15:24:00,2520.0,690.0,3210.0
2022-10-06 15:25:00,2520.0,690.0,3210.0
2022-10-06 15:26:00,2520.0,690.0,3210.0
2022-10-06 15:27:00,2520.0,690.0,3210.0
2022-10-06 15:28:00,2520.0,690.0,3210.0
2022-10-06 15:29:00,2520.0,690.0,3210.0
2022-10-06 15:30:00,2520.0,690.0,3210.0
2022-10-13 10:15:00,0.0,0.0,0.0
2022-10-13 10:16:00,22.5,-172.5,-150.0
2022-10-13 10:17:00,-48.75,-67.5,-116.25
2022-10-13 10:18:00,-63.75,7.5,-56.25
2022-10-13 10:19:00,-101.25,105.0,3.75
2022-10-13 10:20:00,-157.5,243.75,86.25
2022-10-13 10:21:00,-45.0,26.25,-18.75
2022-10-13 10:22:00,-120.0,63.75,-56.25
2022-10-13 10:23:00,-142.5,90.0,-52.5
2022-10-13 10:24:00,-93.75,37.5,-56.25
2022-10-13 10:25:00,105.0,-131.25,-26.25
2022-10-13 10:26:00,202.5,-322.5,-120.0
2022-10-13 10:27:00,142.5,-135.0,7.5
2022-10-13 10:28:00,157.5,-262.5,-105.0
2022-10-13 10:29:00,157.5,-288.75,-131.25
2022-10-13 10:30:00,153.75,-240.0,-86.25
2022-10-13 10:31:00,255.0,-390.0,-135.0
2022-10-13 10:32:00,232.5,-270.0,-37.5
2022-10-13 10:33:00,288.75,-630.0,-341.25
2022-10-13 10:34:00,273.75,-510.0,-236.25
2022-10-13 10:35:00,311.25,-573.75,-262.5
2022-10-13 10:36:00,232.5,-401.25,-168.75
2022-10-13 10:37:00,228.75,-285.0,-56.25
2022-10-13 10:38:00,116.25,-127.5,-11.25
2022-10-13 10:39:00,123.75,-67.5,56.25
2022-10-13 10:40:00,157.5,-123.75,33.75
2022-10-13 10:41:00,240.0,-326.25,-86.25
2022-10-13 10:42:00,127.5,-157.5,-30.0
2022-10-13 10:43:00,112.5,-142.5,-30.0
2022-10-13 10:44:00,187.5,-262.5,-75.0
2022-10-13 10:45:00,3.75,131.25,135.0
2022-10-13 10:46:00,-75.0,142.5,67.5
2022-10-13 10:47:00,-18.75,75.0,56.25
2022-10-13 10:48:00,-75.0,232.5,157.5
2022-10-13 10:49:00,-22.5,236.25,213.75
2022-10-13 10:50:00,67.5,56.25,123.75
2022-10-13 10:51:00,198.75,-56.25,142.5
2022-10-13 10:52:00,300.0,-195.0,105.0
2022-10-13 10:53:00,247.5,-165.0,82.5
2022-10-13 10:54:00,217.5,-86.25,131.25
2022-10-13 10:55:00,168.75,-18.75,150.0
2022-10-13 10:56:00,131.25,37.5,168.75
2022-10-13 10:57:00,52.5,195.0,247.5
2022-10-13 10:58:00,-22.5,273.75,251.25
2022-10-13 10:59:00,-101.25,491.25,390.0
2022-10-13 11:00:00,-56.25,405.0,348.75
2022-10-13 11:01:00,41.25,311.25,352.5
2022-10-13 11:02:00,-52.5,438.75,386.25
2022-10-13 11:03:00,-3.75,378.75,375.0
2022-10-13 11:04:00,-22.5,420.0,397.5
2022-10-13 11:05:00,-18.75,416.25,397.5
2022-10-13 11:06:00,105.0,300.0,405.0
2022-10-13 11:07:00,56.25,352.5,408.75
2022-10-13 11:08:00,-7.5,420.0,412.5
2022-10-13 11:09:00,18.75,378.75,397.5
2022-10-13 11:10:00,11.25,397.5,408.75
2022-10-13 11:11:00,86.25,375.0,461.25
2022-10-13 11:12:00,3.75,401.25,405.0
2022-10-13 11:13:00,56.25,401.25,457.5
2022-10-13 11:14:00,266.25,157.5,423.75
2022-10-13 11:15:00,423.75,0.0,423.75
2022-10-13 11:16:00,472.5,-56.25,416.25
2022-10-13 11:17:00,401.25,-11.25,390.0
2022-10-13 11:18:00,427.5,-123.75,303.75
2022-10-13 11:19:00,495.0,-172.5,322.5
2022-10-13 11:20:00,510.0,-202.5,307.5
2022-10-13 11:21:00,547.5,-243.75,303.75
2022-10-13 11:22:00,686.25,-592.5,93.75
2022-10-13 11:23:00,611.25,-341.25,270.0
2022-10-13 11:24:00,566.25,-247.5,318.75
2022-10-13 11:25:00,648.75,-442.5,206.25
2022-10-13 11:26:00,652.5,-465.0,187.5
2022-10-13 11:27:00,600.0,-311.25,288.75
2022-10-13 11:28:00,547.5,-63.75,483.75
2022-10-13 11:29:00,588.75,-142.5,446.25
2022-10-13 11:30:00,603.75,-183.75,420.0
2022-10-13 11:31:00,682.5,-382.5,300.0
2022-10-13 11:32:00,652.5,-296.25,356.25
2022-10-13 11:33:00,615.0,-221.25,393.75
2022-10-13 11:34:00,645.0,-247.5,397.5
2022-10-13 11:35:00,633.75,-288.75,345.0
2022-10-13 11:36:00,622.5,-243.75,378.75
2022-10-13 11:37:00,543.75,7.5,551.25
2022-10-13 11:38:00,547.5,-3.75,543.75
2022-10-13 11:39:00,551.25,7.5,558.75
2022-10-13 11:40:00,517.5,195.0,712.5
2022-10-13 11:41:00,603.75,41.25,645.0
2022-10-13 11:42:00,641.25,-45.0,596.25
2022-10-13 11:43:00,825.0,-322.5,502.5
2022-10-13 11:44:00,933.75,-551.25,382.5
2022-10-13 11:45:00,915.0,-382.5,532.5
2022-10-13 11:46:00,990.0,-562.5,427.5
2022-10-13 11:47:00,975.0,-551.25,423.75
2022-10-13 11:48:00,960.0,-397.5,562.5
2022-10-13 11:49:00,952.5,-281.25,671.25
2022-10-13 11:50:00,978.75,-423.75,555.0
2022-10-13 11:51:00,986.25,-438.75,547.5
2022-10-13 11:52:00,963.75,-378.75,585.0
2022-10-13 11:53:00,986.25,-510.0,476.25
2022-10-13 11:54:00,1020.0,-678.75,341.25
2022-10-13 11:55:00,997.5,-540.0,457.5
2022-10-13 11:56:00,1023.75,-600.0,423.75
2022-10-13 11:57:00,1095.0,-630.0,465.0
2022-10-13 11:58:00,1113.75,-705.0,408.75
2022-10-13 11:59:00,1106.25,-791.25,315.0
2022-10-13 12:00:00,1068.75,-667.5,401.25
2022-10-13 12:01:00,1076.25,-828.75,247.5
2022-10-13 12:02:00,1098.75,-825.0,273.75
2022-10-13 12:03:00,1080.0,-663.75,416.25
2022-10-13 12:04:00,1068.75,-476.25,592.5
2022-10-13 12:05:00,1057.5,-431.25,626.25
2022-10-13 12:06:00,1031.25,-288.75,742.5
2022-10-13 12:07:00,1012.5,-198.75,813.75
2022-10-13 12:08:00,1020.0,-303.75,716.25
2022-10-13 12:09:00,993.75,-195.0,798.75
2022-10-13 12:10:00,1008.75,-240.0,768.75
2022-10-13 12:11:00,1035.0,-378.75,656.25
2022-10-13 12:12:00,971.25,-60.0,911.25
2022-10-13 12:13:00,960.0,-26.25,933.75
2022-10-13 12:14:00,956.25,48.75,1005.0
2022-10-13 12:15:00,952.5,48.75,1001.25
2022-10-13 12:16:00,930.0,131.25,1061.25
2022-10-13 12:17:00,843.75,348.75,1192.5
2022-10-13 12:18:00,828.75,356.25,1185.0
2022-10-13 12:19:00,858.75,292.5,1151.25
2022-10-13 12:20:00,858.75,285.0,1143.75
2022-10-13 12:21:00,847.5,386.25,1233.75
2022-10-13 12:22:00,765.0,585.0,1350.0
2022-10-13 12:23:00,720.0,618.75,1338.75
2022-10-13 12:24:00,765.0,570.0,1335.0
2022-10-13 12:25:00,757.5,600.0,1357.5
2022-10-13 12:26:00,858.75,453.75,1312.5
2022-10-13 12:27:00,930.0,367.5,1297.5
2022-10-13 12:28:00,918.75,352.5,1271.25
2022-10-13 12:29:00,967.5,270.0,1237.5
2022-10-13 12:30:00,1042.5,168.75,1211.25
2022-10-13 12:31:00,1068.75,78.75,1147.5
2022-10-13 12:32:00,1151.25,-108.75,1042.5
2022-10-13 12:33:00,1211.25,-341.25,870.0
2022-10-13 12:34:00,1215.0,-300.0,915.0
2022-10-13 12:35:00,1188.75,-210.0,978.75
2022-10-13 12:36:00,1192.5,-247.5,945.0
2022-10-13 12:37:00,1200.0,-262.5,937.5
2022-10-13 12:38:00,1158.75,15.0,1173.75
2022-10-13 12:39:00,1035.0,472.5,1507.5
2022-10-13 12:40:00,1020.0,555.0,1575.0
2022-10-13 12:41:00,1046.25,423.75,1470.0
2022-10-13 12:42:00,1038.75,416.25,1455.0
2022-10-13 12:43:00,945.0,577.5,1522.5
2022-10-13 12:44:00,915.0,693.75,1608.75
2022-10-13 12:45:00,885.0,727.5,1612.5
2022-10-13 12:46:00,836.25,858.75,1695.0
2022-10-13 12:47:00,877.5,787.5,1665.0
2022-10-13 12:48:00,975.0,633.75,1608.75
2022-10-13 12:49:00,918.75,753.75,1672.5
2022-10-13 12:50:00,900.0,690.0,1590.0
2022-10-13 12:51:00,873.75,862.5,1736.25
2022-10-13 12:52:00,903.75,858.75,1762.5
2022-10-13 12:53:00,978.75,723.75,1702.5
2022-10-13 12:54:00,1065.0,588.75,1653.75
2022-10-13 12:55:00,993.75,772.5,1766.25
2022-10-13 12:56:00,907.5,937.5,1845.0
2022-10-13 12:57:00,873.75,960.0,1833.75
2022-10-13 12:58:00,825.0,1136.25,1961.25
2022-10-13 12:59:00,810.0,1158.75,1968.75
2022-10-13 13:00:00,851.25,1158.75,2010.0
2022-10-13 13:01:00,971.25,1035.0,2006.25
2022-10-13 13:02:00,963.75,1091.25,2055.0
2022-10-13 13:03:00,930.0,1087.5,2017.5
2022-10-13 13:04:00,903.75,1110.0,2013.75
2022-10-13 13:05:00,926.25,1083.75,2010.0
2022-10-13 13:06:00,1023.75,975.0,1998.75
2022-10-13 13:07:00,1038.75,971.25,2010.0
2022-10-13 13:08:00,1053.75,933.75,1987.5
2022-10-13 13:09:00,1035.0,971.25,2006.25
2022-10-13 13:10:00,1068.75,933.75,2002.5
2022-10-13 13:11:00,1065.0,1001.25,2066.25
2022-10-13 13:12:00,1098.75,945.0,2043.75
2022-10-13 13:13:00,960.0,1170.0,2130.0
2022-10-13 13:14:00,918.75,1230.0,2148.75
2022-10-13 13:15:00,1012.5,1128.75,2141.25
2022-10-13 13:16:00,960.0,1162.5,2122.5
2022-10-13 13:17:00,982.5,1155.0,2137.5
2022-10-13 13:18:00,1035.0,1087.5,2122.5
2022-10-13 13:19:00,1035.0,1143.75,2178.75
2022-10-13 13:20:00,1128.75,993.75,2122.5
2022-10-13 13:21:00,1053.75,1132.5,2186.25
2022-10-13 13:22:00,1046.25,1125.0,2171.25
2022-10-13 13:23:00,1057.5,1121.25,2178.75
2022-10-13 13:24:00,1128.75,978.75,2107.5
2022-10-13 13:25:00,1091.25,1038.75,2130.0
2022-10-13 13:26:00,1027.5,1128.75,2156.25
2022-10-13 13:27:00,1027.5,1110.0,2137.5
2022-10-13 13:28:00,1083.75,1053.75,2137.5
2022-10-13 13:29:00,1117.5,1023.75,2141.25
2022-10-13 13:30:00,1173.75,982.5,2156.25
2022-10-13 13:31:00,1147.5,986.25,2133.75
2022-10-13 13:32:00,1151.25,1012.5,2163.75
2022-10-13 13:33:00,1305.0,495.0,1800.0
2022-10-13 13:34:00,1286.25,498.75,1785.0
2022-10-13 13:35:00,1301.25,510.0,1811.25
2022-10-13 13:36:00,1260.0,765.0,2025.0
2022-10-13 13:37:00,1267.5,731.25,1998.75
2022-10-13 13:38:00,1282.5,562.5,1845.0
2022-10-13 13:39:00,1320.0,472.5,1792.5
2022-10-13 13:40:00,1357.5,423.75,1781.25
2022-10-13 13:41:00,1357.5,450.0,1807.5
2022-10-13 13:42:00,1327.5,716.25,2043.75
2022-10-13 13:43:00,1338.75,656.25,1995.0
2022-10-13 13:44:00,1342.5,588.75,1931.25
2022-10-13 13:45:00,1338.75,645.0,1983.75
2022-10-13 13:46:00,1323.75,828.75,2152.5
2022-10-13 13:47:00,1350.0,671.25,2021.25
2022-10-13 13:48:00,1350.0,690.0,2040.0
2022-10-13 13:49:00,1353.75,723.75,2077.5
2022-10-13 13:50:00,1357.5,742.5,2100.0
2022-10-13 13:51:00,1346.25,873.75,2220.0
2022-10-13 13:52:00,1365.0,712.5,2077.5
2022-10-13 13:53:00,1391.25,592.5,1983.75
2022-10-13 13:54:00,1406.25,652.5,2058.75
2022-10-13 13:55:00,1391.25,862.5,2253.75
2022-10-13 13:56:00,1398.75,753.75,2152.5
2022-10-13 13:57:00,1398.75,791.25,2190.0
2022-10-13 13:58:00,1395.0,851.25,2246.25
2022-10-13 13:59:00,1376.25,1023.75,2400.0
2022-10-13 14:00:00,1338.75,1196.25,2535.0
2022-10-13 14:01:00,1323.75,1260.0,2583.75
2022-10-13 14:02:00,1327.5,1323.75,2651.25
2022-10-13 14:03:00,1308.75,1331.25,2640.0
2022-10-13 14:04:00,1316.25,1293.75,2610.0
2022-10-13 14:05:00,1331.25,1293.75,2625.0
2022-10-13 14:06:00,1263.75,1432.5,2696.25
2022-10-13 14:07:00,1301.25,1406.25,2707.5
2022-10-13 14:08:00,1308.75,1398.75,2707.5
2022-10-13 14:09:00,1316.25,1402.5,2718.75
2022-10-13 14:10:00,1327.5,1421.25,2748.75
2022-10-13 14:11:00,1263.75,1511.25,2775.0
2022-10-13 14:12:00,1215.0,1556.25,2771.25
2022-10-13 14:13:00,1267.5,1545.0,2812.5
2022-10-13 14:14:00,1252.5,1548.75,2801.25
2022-10-13 14:15:00,1256.25,1537.5,2793.75
2022-10-13 14:16:00,1237.5,1563.75,2801.25
2022-10-13 14:17:00,1237.5,1575.0,2812.5
2022-10-13 14:18:00,1301.25,1537.5,2838.75
2022-10-13 14:19:00,1331.25,1458.75,2790.0
2022-10-13 14:20:00,1346.25,1477.5,2823.75
2022-10-13 14:21:00,1327.5,1496.25,2823.75
2022-10-13 14:22:00,1305.0,1515.0,2820.0
2022-10-13 14:23:00,1248.75,1563.75,2812.5
2022-10-13 14:24:00,1271.25,1567.5,2838.75
2022-10-13 14:25:00,1035.0,1616.25,2651.25
2022-10-13 14:26:00,933.75,1698.75,2632.5
2022-10-13 14:27:00,1080.0,1691.25,2771.25
2022-10-13 14:28:00,1061.25,1698.75,2760.0
2022-10-13 14:29:00,1076.25,1695.0,2771.25
2022-10-13 14:30:00,1087.5,1725.0,2812.5
2022-10-13 14:31:00,982.5,1751.25,2733.75
2022-10-13 14:32:00,1095.0,1732.5,2827.5
2022-10-13 14:33:00,1098.75,1725.0,2823.75
2022-10-13 14:34:00,1297.5,1717.5,3015.0
2022-10-13 14:35:00,1136.25,1717.5,2853.75
2022-10-13 14:36:00,1241.25,1725.0,2966.25
2022-10-13 14:37:00,1297.5,1706.25,3003.75
2022-10-13 14:38:00,1271.25,1706.25,2977.5
2022-10-13 14:39:00,1218.75,1736.25,2955.0
2022-10-13 14:40:00,1230.0,1740.0,2970.0
2022-10-13 14:41:00,1248.75,1743.75,2992.5
2022-10-13 14:42:00,1263.75,1755.0,3018.75
2022-10-13 14:43:00,1293.75,1747.5,3041.25
2022-10-13 14:44:00,1173.75,1773.75,2947.5
2022-10-13 14:45:00,986.25,1773.75,2760.0
2022-10-13 14:46:00,1106.25,1773.75,2880.0
2022-10-13 14:47:00,1147.5,1770.0,2917.5
2022-10-13 14:48:00,1237.5,1766.25,3003.75
2022-10-13 14:49:00,1267.5,1770.0,3037.5
2022-10-13 14:50:00,1248.75,1777.5,3026.25
2022-10-13 14:51:00,1275.0,1785.0,3060.0
2022-10-13 14:52:00,1316.25,1788.75,3105.0
2022-10-13 14:53:00,1470.0,1777.5,3247.5
2022-10-13 14:54:00,1462.5,1777.5,3240.0
2022-10-13 14:55:00,1477.5,1781.25,3258.75
2022-10-13 14:56:00,1503.75,1781.25,3285.0
2022-10-13 14:57:00,1488.75,1788.75,3277.5
2022-10-13 14:58:00,1496.25,1792.5,3288.75
2022-10-13 14:59:00,1500.0,1777.5,3277.5
2022-10-13 15:00:00,1485.0,1781.25,3266.25
2022-10-13 15:01:00,1503.75,1781.25,3285.0
2022-10-13 15:02:00,1518.75,1777.5,3296.25
2022-10-13 15:03:00,1526.25,1777.5,3303.75
2022-10-13 15:04:00,1526.25,1758.75,3285.0
2022-10-13 15:05:00,1530.0,1762.5,3292.5
2022-10-13 15:06:00,1530.0,1717.5,3247.5
2022-10-13 15:07:00,1530.0,1773.75,3303.75
2022-10-13 15:08:00,1533.75,1792.5,3326.25
2022-10-13 15:09:00,1533.75,1803.75,3337.5
2022-10-13 15:10:00,1533.75,1811.25,3345.0
2022-10-13 15:11:00,1533.75,1815.0,3348.75
2022-10-13 15:12:00,1537.5,1807.5,3345.0
2022-10-13 15:13:00,1533.75,1807.5,3341.25
2022-10-13 15:14:00,1533.75,1811.25,3345.0
2022-10-13 15:15:00,1537.5,1811.25,3348.75
2022-10-13 15:16:00,1533.75,1811.25,3345.0
2022-10-13 15:17:00,1537.5,1815.0,3352.5
2022-10-13 15:18:00,1537.5,1818.75,3356.25
2022-10-13 15:19:00,1537.5,1818.75,3356.25
2022-10-13 15:20:00,1537.5,1815.0,3352.5
2022-10-13 15:21:00,1537.5,1815.0,3352.5
2022-10-13 15:22:00,1537.5,1815.0,3352.5
2022-10-13 15:23:00,1537.5,1815.0,3352.5
2022-10-13 15:24:00,1537.5,1815.0,3352.5
2022-10-13 15:25:00,1537.5,1815.0,3352.5
2022-10-13 15:26:00,1537.5,1815.0,3352.5
2022-10-13 15:27:00,1537.5,1815.0,3352.5
2022-10-13 15:28:00,1537.5,1815.0,3352.5
2022-10-13 15:29:00,1537.5,1815.0,3352.5
2022-10-13 15:30:00,1537.5,1815.0,3352.5
2022-10-20 10:15:00,0.0,0.0,0.0
2022-10-20 10:16:00,-56.25,165.0,108.75
2022-10-20 10:17:00,-56.25,153.75,97.5
2022-10-20 10:18:00,-56.25,135.0,78.75
2022-10-20 10:19:00,-86.25,191.25,105.0
2022-10-20 10:20:00,-142.5,225.0,82.5
2022-10-20 10:21:00,-86.25,213.75,127.5
2022-10-20 10:22:00,-45.0,187.5,142.5
2022-10-20 10:23:00,-153.75,288.75,135.0
2022-10-20 10:24:00,-71.25,217.5,146.25
2022-10-20 10:25:00,15.0,138.75,153.75
2022-10-20 10:26:00,116.25,71.25,187.5
2022-10-20 10:27:00,97.5,105.0,202.5
2022-10-20 10:28:00,60.0,120.0,180.0
2022-10-20 10:29:00,97.5,90.0,187.5
2022-10-20 10:30:00,15.0,221.25,236.25
2022-10-20 10:31:00,67.5,131.25,198.75
2022-10-20 10:32:00,78.75,116.25,195.0
2022-10-20 10:33:00,108.75,78.75,187.5
2022-10-20 10:34:00,165.0,45.0,210.0
2022-10-20 10:35:00,191.25,33.75,225.0
2022-10-20 10:36:00,183.75,41.25,225.0
2022-10-20 10:37:00,191.25,67.5,258.75
2022-10-20 10:38:00,120.0,146.25,266.25
2022-10-20 10:39:00,78.75,183.75,262.5
2022-10-20 10:40:00,93.75,161.25,255.0
2022-10-20 10:41:00,37.5,255.0,292.5
2022-10-20 10:42:00,-22.5,341.25,318.75
2022-10-20 10:43:00,-112.5,371.25,258.75
2022-10-20 10:44:00,-427.5,435.0,7.5
2022-10-20 10:45:00,-566.25,431.25,-135.0
2022-10-20 10:46:00,-517.5,401.25,-116.25
2022-10-20 10:47:00,-596.25,461.25,-135.0
2022-10-20 10:48:00,-900.0,513.75,-386.25
2022-10-20 10:49:00,-907.5,491.25,-416.25
2022-10-20 10:50:00,-813.75,498.75,-315.0
2022-10-20 10:51:00,-1080.0,596.25,-483.75
2022-10-20 10:52:00,-855.0,495.0,-360.0
2022-10-20 10:53:00,-536.25,446.25,-90.0
2022-10-20 10:54:00,-457.5,446.25,-11.25
2022-10-20 10:55:00,-393.75,435.0,41.25
2022-10-20 10:56:00,-318.75,412.5,93.75
2022-10-20 10:57:00,-341.25,420.0,78.75
2022-10-20 10:58:00,-375.0,461.25,86.25
2022-10-20 10:59:00,-311.25,427.5,116.25
2022-10-20 11:00:00,-292.5,416.25,123.75
2022-10-20 11:01:00,-288.75,420.0,131.25
2022-10-20 11:02:00,-225.0,453.75,228.75
2022-10-20 11:03:00,-348.75,483.75,135.0
2022-10-20 11:04:00,-262.5,468.75,206.25
2022-10-20 11:05:00,-93.75,408.75,315.0
2022-10-20 11:06:00,-112.5,431.25,318.75
2022-10-20 11:07:00,-71.25,416.25,345.0
2022-10-20 11:08:00,-198.75,517.5,318.75
2022-10-20 11:09:00,-146.25,438.75,292.5
2022-10-20 11:10:00,-101.25,416.25,315.0
2022-10-20 11:11:00,-90.0,401.25,311.25
2022-10-20 11:12:00,-202.5,461.25,258.75
2022-10-20 11:13:00,-138.75,412.5,273.75
2022-10-20 11:14:00,-52.5,401.25,348.75
2022-10-20 11:15:00,11.25,348.75,360.0
2022-10-20 11:16:00,15.0,307.5,322.5
2022-10-20 11:17:00,-60.0,367.5,307.5
2022-10-20 11:18:00,-90.0,337.5,247.5
2022-10-20 11:19:00,-41.25,315.0,273.75
2022-10-20 11:20:00,-48.75,307.5,258.75
2022-10-20 11:21:00,60.0,285.0,345.0
2022-10-20 11:22:00,105.0,221.25,326.25
2022-10-20 11:23:00,60.0,281.25,341.25
2022-10-20 11:24:00,-11.25,378.75,367.5
2022-10-20 11:25:00,-90.0,472.5,382.5
2022-10-20 11:26:00,-52.5,435.0,382.5
2022-10-20 11:27:00,78.75,307.5,386.25
2022-10-20 11:28:00,45.0,337.5,382.5
2022-10-20 11:29:00,-45.0,416.25,371.25
2022-10-20 11:30:00,-3.75,408.75,405.0
2022-10-20 11:31:00,18.75,397.5,416.25
2022-10-20 11:32:00,56.25,363.75,420.0
2022-10-20 11:33:00,22.5,405.0,427.5
2022-10-20 11:34:00,60.0,401.25,461.25
2022-10-20 11:35:00,48.75,408.75,457.5
2022-10-20 11:36:00,-75.0,491.25,416.25
2022-10-20 11:37:00,-75.0,498.75,423.75
2022-10-20 11:38:00,26.25,408.75,435.0
2022-10-20 11:39:00,-7.5,476.25,468.75
2022-10-20 11:40:00,3.75,465.0,468.75
2022-10-20 11:41:00,26.25,465.0,491.25
2022-10-20 11:42:00,67.5,412.5,480.0
2022-10-20 11:43:00,-75.0,551.25,476.25
2022-10-20 11:44:00,-135.0,663.75,528.75
2022-10-20 11:45:00,-105.0,637.5,532.5
2022-10-20 11:46:00,-56.25,600.0,543.75
2022-10-20 11:47:00,-15.0,588.75,573.75
2022-10-20 11:48:00,75.0,525.0,600.0
2022-10-20 11:49:00,45.0,547.5,592.5
2022-10-20 11:50:00,101.25,517.5,618.75
2022-10-20 11:51:00,86.25,551.25,637.5
2022-10-20 11:52:00,120.0,525.0,645.0
2022-10-20 11:53:00,78.75,555.0,633.75
2022-10-20 11:54:00,142.5,495.0,637.5
2022-10-20 11:55:00,120.0,528.75,648.75
2022-10-20 11:56:00,127.5,525.0,652.5
2022-10-20 11:57:00,165.0,487.5,652.5
2022-10-20 11:58:00,153.75,517.5,671.25
2022-10-20 11:59:00,101.25,585.0,686.25
2022-10-20 12:00:00,108.75,607.5,716.25
2022-10-20 12:01:00,172.5,551.25,723.75
2022-10-20 12:02:00,277.5,483.75,761.25
2022-10-20 12:03:00,288.75,446.25,735.0
2022-10-20 12:04:00,382.5,405.0,787.5
2022-10-20 12:05:00,345.0,438.75,783.75
2022-10-20 12:06:00,375.0,378.75,753.75
2022-10-20 12:07:00,356.25,438.75,795.0
2022-10-20 12:08:00,397.5,390.0,787.5
2022-10-20 12:09:00,465.0,326.25,791.25
2022-10-20 12:10:00,438.75,405.0,843.75
2022-10-20 12:11:00,401.25,472.5,873.75
2022-10-20 12:12:00,378.75,547.5,926.25
2022-10-20 12:13:00,390.0,472.5,862.5
2022-10-20 12:14:00,371.25,525.0,896.25
2022-10-20 12:15:00,356.25,558.75,915.0
2022-10-20 12:16:00,360.0,543.75,903.75
2022-10-20 12:17:00,322.5,618.75,941.25
2022-10-20 12:18:00,296.25,622.5,918.75
2022-10-20 12:19:00,191.25,735.0,926.25
2022-10-20 12:20:00,206.25,727.5,933.75
2022-10-20 12:21:00,165.0,727.5,892.5
2022-10-20 12:22:00,135.0,813.75,948.75
2022-10-20 12:23:00,131.25,810.0,941.25
2022-10-20 12:24:00,78.75,836.25,915.0
2022-10-20 12:25:00,3.75,885.0,888.75
2022-10-20 12:26:00,-41.25,903.75,862.5
2022-10-20 12:27:00,-142.5,900.0,757.5
2022-10-20 12:28:00,-176.25,930.0,753.75
2022-10-20 12:29:00,-146.25,937.5,791.25
2022-10-20 12:30:00,-45.0,918.75,873.75
2022-10-20 12:31:00,-52.5,922.5,870.0
2022-10-20 12:32:00,60.0,885.0,945.0
2022-10-20 12:33:00,30.0,888.75,918.75
2022-10-20 12:34:00,153.75,870.0,1023.75
2022-10-20 12:35:00,131.25,862.5,993.75
2022-10-20 12:36:00,157.5,840.0,997.5
2022-10-20 12:37:00,273.75,836.25,1110.0
2022-10-20 12:38:00,206.25,881.25,1087.5
2022-10-20 12:39:00,41.25,926.25,967.5
2022-10-20 12:40:00,191.25,873.75,1065.0
2022-10-20 12:41:00,180.0,900.0,1080.0
2022-10-20 12:42:00,135.0,915.0,1050.0
2022-10-20 12:43:00,150.0,896.25,1046.25
2022-10-20 12:44:00,131.25,922.5,1053.75
2022-10-20 12:45:00,56.25,933.75,990.0
2022-10-20 12:46:00,-93.75,1001.25,907.5
2022-10-20 12:47:00,-71.25,1027.5,956.25
2022-10-20 12:48:00,-18.75,1020.0,1001.25
2022-10-20 12:49:00,-101.25,1031.25,930.0
2022-10-20 12:50:00,-157.5,1076.25,918.75
2022-10-20 12:51:00,-206.25,1076.25,870.0
2022-10-20 12:52:00,-247.5,1083.75,836.25
2022-10-20 12:53:00,-18.75,1046.25,1027.5
2022-10-20 12:54:00,11.25,1035.0,1046.25
2022-10-20 12:55:00,-75.0,1061.25,986.25
2022-10-20 12:56:00,-112.5,1061.25,948.75
2022-10-20 12:57:00,11.25,1061.25,1072.5
2022-10-20 12:58:00,33.75,1046.25,1080.0
2022-10-20 12:59:00,-67.5,1076.25,1008.75
2022-10-20 13:00:00,-52.5,1083.75,1031.25
2022-10-20 13:01:00,52.5,1061.25,1113.75
2022-10-20 13:02:00,-90.0,1091.25,1001.25
2022-10-20 13:03:00,-202.5,1136.25,933.75
2022-10-20 13:04:00,-255.0,1170.0,915.0
2022-10-20 13:05:00,-191.25,1162.5,971.25
2022-10-20 13:06:00,-22.5,1143.75,1121.25
2022-10-20 13:07:00,78.75,1117.5,1196.25
2022-10-20 13:08:00,168.75,1098.75,1267.5
2022-10-20 13:09:00,202.5,1095.0,1297.5
2022-10-20 13:10:00,251.25,1091.25,1342.5
2022-10-20 13:11:00,262.5,1065.0,1327.5
2022-10-20 13:12:00,251.25,1095.0,1346.25
2022-10-20 13:13:00,161.25,1140.0,1301.25
2022-10-20 13:14:00,228.75,1128.75,1357.5
2022-10-20 13:15:00,172.5,1140.0,1312.5
2022-10-20 13:16:00,206.25,1132.5,1338.75
2022-10-20 13:17:00,232.5,1128.75,1361.25
2022-10-20 13:18:00,240.0,1110.0,1350.0
2022-10-20 13:19:00,285.0,1110.0,1395.0
2022-10-20 13:20:00,311.25,1095.0,1406.25
2022-10-20 13:21:00,266.25,1110.0,1376.25
2022-10-20 13:22:00,273.75,1113.75,1387.5
2022-10-20 13:23:00,258.75,1143.75,1402.5
2022-10-20 13:24:00,146.25,1200.0,1346.25
2022-10-20 13:25:00,176.25,1200.0,1376.25
2022-10-20 13:26:00,123.75,1196.25,1320.0
2022-10-20 13:27:00,225.0,1170.0,1395.0
2022-10-20 13:28:00,131.25,1211.25,1342.5
2022-10-20 13:29:00,180.0,1185.0,1365.0
2022-10-20 13:30:00,112.5,1185.0,1297.5
2022-10-20 13:31:00,206.25,1162.5,1368.75
2022-10-20 13:32:00,187.5,1170.0,1357.5
2022-10-20 13:33:00,157.5,1181.25,1338.75
2022-10-20 13:34:00,206.25,1158.75,1365.0
2022-10-20 13:35:00,206.25,1170.0,1376.25
2022-10-20 13:36:00,187.5,1185.0,1372.5
2022-10-20 13:37:00,255.0,1173.75,1428.75
2022-10-20 13:38:00,345.0,1136.25,1481.25
2022-10-20 13:39:00,375.0,1091.25,1466.25
2022-10-20 13:40:00,483.75,1053.75,1537.5
2022-10-20 13:41:00,487.5,1068.75,1556.25
2022-10-20 13:42:00,540.0,1065.0,1605.0
2022-10-20 13:43:00,555.0,1046.25,1601.25
2022-10-20 13:44:00,573.75,1057.5,1631.25
2022-10-20 13:45:00,570.0,1046.25,1616.25
2022-10-20 13:46:00,506.25,1155.0,1661.25
2022-10-20 13:47:00,483.75,1188.75,1672.5
2022-10-20 13:48:00,491.25,1173.75,1665.0
2022-10-20 13:49:00,510.0,1170.0,1680.0
2022-10-20 13:50:00,525.0,1170.0,1695.0
2022-10-20 13:51:00,581.25,1132.5,1713.75
2022-10-20 13:52:00,592.5,1155.0,1747.5
2022-10-20 13:53:00,592.5,1166.25,1758.75
2022-10-20 13:54:00,607.5,1151.25,1758.75
2022-10-20 13:55:00,652.5,1121.25,1773.75
2022-10-20 13:56:00,641.25,1143.75,1785.0
2022-10-20 13:57:00,667.5,1125.0,1792.5
2022-10-20 13:58:00,667.5,1136.25,1803.75
2022-10-20 13:59:00,671.25,1147.5,1818.75
2022-10-20 14:00:00,663.75,1188.75,1852.5
2022-10-20 14:01:00,686.25,1147.5,1833.75
2022-10-20 14:02:00,678.75,1173.75,1852.5
2022-10-20 14:03:00,652.5,1226.25,1878.75
2022-10-20 14:04:00,645.0,1218.75,1863.75
2022-10-20 14:05:00,618.75,1252.5,1871.25
2022-10-20 14:06:00,611.25,1275.0,1886.25
2022-10-20 14:07:00,558.75,1316.25,1875.0
2022-10-20 14:08:00,562.5,1327.5,1890.0
2022-10-20 14:09:00,581.25,1320.0,1901.25
2022-10-20 14:10:00,600.0,1327.5,1927.5
2022-10-20 14:11:00,600.0,1327.5,1927.5
2022-10-20 14:12:00,607.5,1312.5,1920.0
2022-10-20 14:13:00,558.75,1327.5,1886.25
2022-10-20 14:14:00,517.5,1335.0,1852.5
2022-10-20 14:15:00,498.75,1353.75,1852.5
2022-10-20 14:16:00,405.0,1361.25,1766.25
2022-10-20 14:17:00,491.25,1342.5,1833.75
2022-10-20 14:18:00,483.75,1346.25,1830.0
2022-10-20 14:19:00,397.5,1350.0,1747.5
2022-10-20 14:20:00,438.75,1346.25,1785.0
2022-10-20 14:21:00,472.5,1338.75,1811.25
2022-10-20 14:22:00,562.5,1331.25,1893.75
2022-10-20 14:23:00,543.75,1327.5,1871.25
2022-10-20 14:24:00,562.5,1331.25,1893.75
2022-10-20 14:25:00,588.75,1335.0,1923.75
2022-10-20 14:26:00,667.5,1335.0,2002.5
2022-10-20 14:27:00,633.75,1331.25,1965.0
2022-10-20 14:28:00,652.5,1331.25,1983.75
2022-10-20 14:29:00,671.25,1331.25,2002.5
2022-10-20 14:30:00,645.0,1353.75,1998.75
2022-10-20 14:31:00,577.5,1383.75,1961.25
2022-10-20 14:32:00,498.75,1391.25,1890.0
2022-10-20 14:33:00,510.0,1391.25,1901.25
2022-10-20 14:34:00,476.25,1387.5,1863.75
2022-10-20 14:35:00,498.75,1387.5,1886.25
2022-10-20 14:36:00,367.5,1387.5,1755.0
2022-10-20 14:37:00,232.5,1387.5,1620.0
2022-10-20 14:38:00,318.75,1395.0,1713.75
2022-10-20 14:39:00,266.25,1391.25,1657.5
2022-10-20 14:40:00,-97.5,1398.75,1301.25
2022-10-20 14:41:00,0.0,1402.5,1402.5
2022-10-20 14:42:00,183.75,1398.75,1582.5
2022-10-20 14:43:00,30.0,1398.75,1428.75
2022-10-20 14:44:00,270.0,1391.25,1661.25
2022-10-20 14:45:00,405.0,1387.5,1792.5
2022-10-20 14:46:00,453.75,1387.5,1841.25
2022-10-20 14:47:00,510.0,1398.75,1908.75
2022-10-20 14:48:00,315.0,1402.5,1717.5
2022-10-20 14:49:00,423.75,1410.0,1833.75
2022-10-20 14:50:00,566.25,1406.25,1972.5
2022-10-20 14:51:00,596.25,1413.75,2010.0
2022-10-20 14:52:00,585.0,1417.5,2002.5
2022-10-20 14:53:00,555.0,1421.25,1976.25
2022-10-20 14:54:00,637.5,1417.5,2055.0
2022-10-20 14:55:00,675.0,1421.25,2096.25
2022-10-20 14:56:00,660.0,1413.75,2073.75
2022-10-20 14:57:00,618.75,1421.25,2040.0
2022-10-20 14:58:00,570.0,1425.0,1995.0
2022-10-20 14:59:00,641.25,1425.0,2066.25
2022-10-20 15:00:00,648.75,1425.0,2073.75
2022-10-20 15:01:00,648.75,1425.0,2073.75
2022-10-20 15:02:00,690.0,1428.75,2118.75
2022-10-20 15:03:00,532.5,1425.0,1957.5
2022-10-20 15:04:00,551.25,1425.0,1976.25
2022-10-20 15:05:00,465.0,1425.0,1890.0
2022-10-20 15:06:00,570.0,1432.5,2002.5
2022-10-20 15:07:00,427.5,1436.25,1863.75
2022-10-20 15:08:00,420.0,1432.5,1852.5
2022-10-20 15:09:00,483.75,1432.5,1916.25
2022-10-20 15:10:00,480.0,1440.0,1920.0
2022-10-20 15:11:00,408.75,1440.0,1848.75
2022-10-20 15:12:00,521.25,1440.0,1961.25
2022-10-20 15:13:00,521.25,1436.25,1957.5
2022-10-20 15:14:00,461.25,1440.0,1901.25
2022-10-20 15:15:00,198.75,1440.0,1638.75
2022-10-20 15:16:00,-108.75,1436.25,1327.5
2022-10-20 15:17:00,-60.0,1436.25,1376.25
2022-10-20 15:18:00,-210.0,1440.0,1230.0
2022-10-20 15:19:00,-393.75,1440.0,1046.25
2022-10-20 15:20:00,-288.75,1440.0,1151.25
2022-10-20 15:21:00,-288.75,1440.0,1151.25
2022-10-20 15:22:00,-288.75,1440.0,1151.25
2022-10-20 15:23:00,-288.75,1440.0,1151.25
2022-10-20 15:24:00,-288.75,1440.0,1151.25
2022-10-20 15:25:00,-288.75,1440.0,1151.25
2022-10-20 15:26:00,-288.75,1440.0,1151.25
2022-10-20 15:27:00,-288.75,1440.0,1151.25
2022-10-20 15:28:00,-288.75,1440.0,1151.25
2022-10-20 15:29:00,-288.75,1440.0,1151.25
2022-10-20 15:30:00,-288.75,1440.0,1151.25
2022-10-27 10:15:00,0.0,0.0,0.0
2022-10-27 10:16:00,75.0,-48.75,26.25
2022-10-27 10:17:00,78.75,37.5,116.25
2022-10-27 10:18:00,37.5,78.75,116.25
2022-10-27 10:19:00,-60.0,153.75,93.75
2022-10-27 10:20:00,11.25,97.5,108.75
2022-10-27 10:21:00,-22.5,127.5,105.0
2022-10-27 10:22:00,-123.75,183.75,60.0
2022-10-27 10:23:00,-116.25,195.0,78.75
2022-10-27 10:24:00,-67.5,150.0,82.5
2022-10-27 10:25:00,-172.5,240.0,67.5
2022-10-27 10:26:00,-195.0,300.0,105.0
2022-10-27 10:27:00,-176.25,285.0,108.75
2022-10-27 10:28:00,-150.0,262.5,112.5
2022-10-27 10:29:00,-108.75,240.0,131.25
2022-10-27 10:30:00,-41.25,198.75,157.5
2022-10-27 10:31:00,30.0,202.5,232.5
2022-10-27 10:32:00,-26.25,213.75,187.5
2022-10-27 10:33:00,71.25,142.5,213.75
2022-10-27 10:34:00,127.5,97.5,225.0
2022-10-27 10:35:00,82.5,127.5,210.0
2022-10-27 10:36:00,150.0,67.5,217.5
2022-10-27 10:37:00,198.75,30.0,228.75
2022-10-27 10:38:00,243.75,33.75,277.5
2022-10-27 10:39:00,202.5,71.25,273.75
2022-10-27 10:40:00,195.0,82.5,277.5
2022-10-27 10:41:00,191.25,52.5,243.75
2022-10-27 10:42:00,153.75,97.5,251.25
2022-10-27 10:43:00,157.5,97.5,255.0
2022-10-27 10:44:00,168.75,75.0,243.75
2022-10-27 10:45:00,206.25,52.5,258.75
2022-10-27 10:46:00,213.75,30.0,243.75
2022-10-27 10:47:00,142.5,127.5,270.0
2022-10-27 10:48:00,146.25,93.75,240.0
2022-10-27 10:49:00,138.75,105.0,243.75
2022-10-27 10:50:00,202.5,60.0,262.5
2022-10-27 10:51:00,262.5,22.5,285.0
2022-10-27 10:52:00,217.5,60.0,277.5
2022-10-27 10:53:00,198.75,97.5,296.25
2022-10-27 10:54:00,172.5,116.25,288.75
2022-10-27 10:55:00,123.75,157.5,281.25
2022-10-27 10:56:00,108.75,176.25,285.0
2022-10-27 10:57:00,150.0,153.75,303.75
2022-10-27 10:58:00,131.25,153.75,285.0
2022-10-27 10:59:00,131.25,157.5,288.75
2022-10-27 11:00:00,172.5,135.0,307.5
2022-10-27 11:01:00,108.75,202.5,311.25
2022-10-27 11:02:00,93.75,240.0,333.75
2022-10-27 11:03:00,48.75,273.75,322.5
2022-10-27 11:04:00,90.0,258.75,348.75
2022-10-27 11:05:00,82.5,255.0,337.5
2022-10-27 11:06:00,101.25,262.5,363.75
2022-10-27 11:07:00,183.75,187.5,371.25
2022-10-27 11:08:00,108.75,247.5,356.25
2022-10-27 11:09:00,101.25,251.25,352.5
2022-10-27 11:10:00,138.75,217.5,356.25
2022-10-27 11:11:00,86.25,262.5,348.75
2022-10-27 11:12:00,93.75,270.0,363.75
2022-10-27 11:13:00,3.75,352.5,356.25
2022-10-27 11:14:00,22.5,360.0,382.5
2022-10-27 11:15:00,48.75,360.0,408.75
2022-10-27 11:16:00,67.5,371.25,438.75
2022-10-27 11:17:00,78.75,345.0,423.75
2022-10-27 11:18:00,210.0,262.5,472.5
2022-10-27 11:19:00,210.0,232.5,442.5
2022-10-27 11:20:00,247.5,168.75,416.25
2022-10-27 11:21:00,311.25,153.75,465.0
2022-10-27 11:22:00,240.0,228.75,468.75
2022-10-27 11:23:00,281.25,153.75,435.0
2022-10-27 11:24:00,292.5,138.75,431.25
2022-10-27 11:25:00,303.75,138.75,442.5
2022-10-27 11:26:00,318.75,116.25,435.0
2022-10-27 11:27:00,300.0,195.0,495.0
2022-10-27 11:28:00,326.25,131.25,457.5
2022-10-27 11:29:00,307.5,165.0,472.5
2022-10-27 11:30:00,318.75,153.75,472.5
2022-10-27 11:31:00,322.5,172.5,495.0
2022-10-27 11:32:00,348.75,157.5,506.25
2022-10-27 11:33:00,393.75,135.0,528.75
2022-10-27 11:34:00,318.75,288.75,607.5
2022-10-27 11:35:00,341.25,243.75,585.0
2022-10-27 11:36:00,348.75,213.75,562.5
2022-10-27 11:37:00,401.25,157.5,558.75
2022-10-27 11:38:00,423.75,93.75,517.5
2022-10-27 11:39:00,435.0,131.25,566.25
2022-10-27 11:40:00,491.25,105.0,596.25
2022-10-27 11:41:00,491.25,75.0,566.25
2022-10-27 11:42:00,468.75,157.5,626.25
2022-10-27 11:43:00,472.5,108.75,581.25
2022-10-27 11:44:00,480.0,116.25,596.25
2022-10-27 11:45:00,476.25,135.0,611.25
2022-10-27 11:46:00,476.25,146.25,622.5
2022-10-27 11:47:00,483.75,146.25,630.0
2022-10-27 11:48:00,495.0,138.75,633.75
2022-10-27 11:49:00,446.25,221.25,667.5
2022-10-27 11:50:00,457.5,202.5,660.0
2022-10-27 11:51:00,476.25,187.5,663.75
2022-10-27 11:52:00,517.5,105.0,622.5
2022-10-27 11:53:00,547.5,75.0,622.5
2022-10-27 11:54:00,547.5,112.5,660.0
2022-10-27 11:55:00,558.75,105.0,663.75
2022-10-27 11:56:00,532.5,157.5,690.0
2022-10-27 11:57:00,525.0,228.75,753.75
2022-10-27 11:58:00,532.5,183.75,716.25
2022-10-27 11:59:00,502.5,240.0,742.5
2022-10-27 12:00:00,453.75,322.5,776.25
2022-10-27 12:01:00,446.25,378.75,825.0
2022-10-27 12:02:00,423.75,438.75,862.5
2022-10-27 12:03:00,453.75,427.5,881.25
2022-10-27 12:04:00,510.0,371.25,881.25
2022-10-27 12:05:00,525.0,281.25,806.25
2022-10-27 12:06:00,521.25,292.5,813.75
2022-10-27 12:07:00,573.75,236.25,810.0
2022-10-27 12:08:00,525.0,307.5,832.5
2022-10-27 12:09:00,536.25,258.75,795.0
2022-10-27 12:10:00,615.0,168.75,783.75
2022-10-27 12:11:00,596.25,202.5,798.75
2022-10-27 12:12:00,581.25,236.25,817.5
2022-10-27 12:13:00,573.75,232.5,806.25
2022-10-27 12:14:00,577.5,262.5,840.0
2022-10-27 12:15:00,615.0,206.25,821.25
2022-10-27 12:16:00,585.0,258.75,843.75
2022-10-27 12:17:00,607.5,206.25,813.75
2022-10-27 12:18:00,618.75,187.5,806.25
2022-10-27 12:19:00,641.25,198.75,840.0
2022-10-27 12:20:00,671.25,123.75,795.0
2022-10-27 12:21:00,712.5,22.5,735.0
2022-10-27 12:22:00,697.5,48.75,746.25
2022-10-27 12:23:00,727.5,45.0,772.5
2022-10-27 12:24:00,735.0,56.25,791.25
2022-10-27 12:25:00,753.75,-22.5,731.25
2022-10-27 12:26:00,761.25,-41.25,720.0
2022-10-27 12:27:00,742.5,15.0,757.5
2022-10-27 12:28:00,742.5,3.75,746.25
2022-10-27 12:29:00,753.75,-71.25,682.5
2022-10-27 12:30:00,768.75,-41.25,727.5
2022-10-27 12:31:00,746.25,3.75,750.0
2022-10-27 12:32:00,761.25,-93.75,667.5
2022-10-27 12:33:00,757.5,-18.75,738.75
2022-10-27 12:34:00,738.75,97.5,836.25
2022-10-27 12:35:00,735.0,75.0,810.0
2022-10-27 12:36:00,735.0,67.5,802.5
2022-10-27 12:37:00,723.75,172.5,896.25
2022-10-27 12:38:00,712.5,183.75,896.25
2022-10-27 12:39:00,727.5,150.0,877.5
2022-10-27 12:40:00,738.75,123.75,862.5
2022-10-27 12:41:00,738.75,138.75,877.5
2022-10-27 12:42:00,757.5,45.0,802.5
2022-10-27 12:43:00,750.0,48.75,798.75
2022-10-27 12:44:00,768.75,3.75,772.5
2022-10-27 12:45:00,798.75,-123.75,675.0
2022-10-27 12:46:00,821.25,-71.25,750.0
2022-10-27 12:47:00,810.0,3.75,813.75
2022-10-27 12:48:00,798.75,7.5,806.25
2022-10-27 12:49:00,817.5,-236.25,581.25
2022-10-27 12:50:00,821.25,-123.75,697.5
2022-10-27 12:51:00,813.75,-75.0,738.75
2022-10-27 12:52:00,810.0,-116.25,693.75
2022-10-27 12:53:00,806.25,-71.25,735.0
2022-10-27 12:54:00,795.0,-3.75,791.25
2022-10-27 12:55:00,810.0,-90.0,720.0
2022-10-27 12:56:00,795.0,33.75,828.75
2022-10-27 12:57:00,783.75,71.25,855.0
2022-10-27 12:58:00,802.5,-45.0,757.5
2022-10-27 12:59:00,802.5,-22.5,780.0
2022-10-27 13:00:00,802.5,30.0,832.5
2022-10-27 13:01:00,795.0,26.25,821.25
2022-10-27 13:02:00,768.75,138.75,907.5
2022-10-27 13:03:00,772.5,138.75,911.25
2022-10-27 13:04:00,768.75,183.75,952.5
2022-10-27 13:05:00,798.75,101.25,900.0
2022-10-27 13:06:00,776.25,153.75,930.0
2022-10-27 13:07:00,776.25,142.5,918.75
2022-10-27 13:08:00,780.0,142.5,922.5
2022-10-27 13:09:00,825.0,-3.75,821.25
2022-10-27 13:10:00,825.0,-26.25,798.75
2022-10-27 13:11:00,851.25,-37.5,813.75
2022-10-27 13:12:00,851.25,-15.0,836.25
2022-10-27 13:13:00,866.25,-127.5,738.75
2022-10-27 13:14:00,855.0,-33.75,821.25
2022-10-27 13:15:00,843.75,82.5,926.25
2022-10-27 13:16:00,840.0,71.25,911.25
2022-10-27 13:17:00,817.5,150.0,967.5
2022-10-27 13:18:00,828.75,176.25,1005.0
2022-10-27 13:19:00,825.0,127.5,952.5
2022-10-27 13:20:00,825.0,127.5,952.5
2022-10-27 13:21:00,825.0,165.0,990.0
2022-10-27 13:22:00,817.5,300.0,1117.5
2022-10-27 13:23:00,817.5,243.75,1061.25
2022-10-27 13:24:00,810.0,285.0,1095.0
2022-10-27 13:25:00,791.25,442.5,1233.75
2022-10-27 13:26:00,795.0,390.0,1185.0
2022-10-27 13:27:00,817.5,303.75,1121.25
2022-10-27 13:28:00,810.0,363.75,1173.75
2022-10-27 13:29:00,802.5,408.75,1211.25
2022-10-27 13:30:00,798.75,397.5,1196.25
2022-10-27 13:31:00,806.25,363.75,1170.0
2022-10-27 13:32:00,828.75,315.0,1143.75
2022-10-27 13:33:00,813.75,378.75,1192.5
2022-10-27 13:34:00,813.75,378.75,1192.5
2022-10-27 13:35:00,821.25,360.0,1181.25
2022-10-27 13:36:00,840.0,326.25,1166.25
2022-10-27 13:37:00,813.75,397.5,1211.25
2022-10-27 13:38:00,877.5,255.0,1132.5
2022-10-27 13:39:00,877.5,270.0,1147.5
2022-10-27 13:40:00,892.5,247.5,1140.0
2022-10-27 13:41:00,903.75,236.25,1140.0
2022-10-27 13:42:00,907.5,315.0,1222.5
2022-10-27 13:43:00,900.0,330.0,1230.0
2022-10-27 13:44:00,892.5,371.25,1263.75
2022-10-27 13:45:00,892.5,405.0,1297.5
2022-10-27 13:46:00,866.25,491.25,1357.5
2022-10-27 13:47:00,840.0,528.75,1368.75
2022-10-27 13:48:00,836.25,521.25,1357.5
2022-10-27 13:49:00,832.5,513.75,1346.25
2022-10-27 13:50:00,836.25,498.75,1335.0
2022-10-27 13:51:00,847.5,472.5,1320.0
2022-10-27 13:52:00,888.75,382.5,1271.25
2022-10-27 13:53:00,907.5,307.5,1215.0
2022-10-27 13:54:00,922.5,225.0,1147.5
2022-10-27 13:55:00,918.75,198.75,1117.5
2022-10-27 13:56:00,926.25,221.25,1147.5
2022-10-27 13:57:00,903.75,382.5,1286.25
2022-10-27 13:58:00,907.5,405.0,1312.5
2022-10-27 13:59:00,900.0,431.25,1331.25
2022-10-27 14:00:00,903.75,461.25,1365.0
2022-10-27 14:01:00,892.5,510.0,1402.5
2022-10-27 14:02:00,873.75,558.75,1432.5
2022-10-27 14:03:00,892.5,528.75,1421.25
2022-10-27 14:04:00,892.5,528.75,1421.25
2022-10-27 14:05:00,877.5,600.0,1477.5
2022-10-27 14:06:00,888.75,558.75,1447.5
2022-10-27 14:07:00,873.75,588.75,1462.5
2022-10-27 14:08:00,858.75,697.5,1556.25
2022-10-27 14:09:00,851.25,712.5,1563.75
2022-10-27 14:10:00,877.5,682.5,1560.0
2022-10-27 14:11:00,888.75,633.75,1522.5
2022-10-27 14:12:00,911.25,585.0,1496.25
2022-10-27 14:13:00,930.0,577.5,1507.5
2022-10-27 14:14:00,911.25,633.75,1545.0
2022-10-27 14:15:00,918.75,652.5,1571.25
2022-10-27 14:16:00,922.5,652.5,1575.0
2022-10-27 14:17:00,930.0,626.25,1556.25
2022-10-27 14:18:00,945.0,611.25,1556.25
2022-10-27 14:19:00,960.0,547.5,1507.5
2022-10-27 14:20:00,956.25,547.5,1503.75
2022-10-27 14:21:00,956.25,532.5,1488.75
2022-10-27 14:22:00,956.25,521.25,1477.5
2022-10-27 14:23:00,956.25,540.0,1496.25
2022-10-27 14:24:00,963.75,405.0,1368.75
2022-10-27 14:25:00,967.5,446.25,1413.75
2022-10-27 14:26:00,975.0,288.75,1263.75
2022-10-27 14:27:00,971.25,292.5,1263.75
2022-10-27 14:28:00,975.0,221.25,1196.25
2022-10-27 14:29:00,967.5,420.0,1387.5
2022-10-27 14:30:00,975.0,390.0,1365.0
2022-10-27 14:31:00,971.25,472.5,1443.75
2022-10-27 14:32:00,971.25,273.75,1245.0
2022-10-27 14:33:00,971.25,382.5,1353.75
2022-10-27 14:34:00,971.25,352.5,1323.75
2022-10-27 14:35:00,975.0,330.0,1305.0
2022-10-27 14:36:00,975.0,348.75,1323.75
2022-10-27 14:37:00,978.75,333.75,1312.5
2022-10-27 14:38:00,975.0,251.25,1226.25
2022-10-27 14:39:00,982.5,93.75,1076.25
2022-10-27 14:40:00,986.25,-15.0,971.25
2022-10-27 14:41:00,986.25,217.5,1203.75
2022-10-27 14:42:00,986.25,183.75,1170.0
2022-10-27 14:43:00,982.5,-101.25,881.25
2022-10-27 14:44:00,982.5,142.5,1125.0
2022-10-27 14:45:00,982.5,-22.5,960.0
2022-10-27 14:46:00,986.25,71.25,1057.5
2022-10-27 14:47:00,986.25,326.25,1312.5
2022-10-27 14:48:00,990.0,191.25,1181.25
2022-10-27 14:49:00,990.0,337.5,1327.5
2022-10-27 14:50:00,993.75,438.75,1432.5
2022-10-27 14:51:00,993.75,551.25,1545.0
2022-10-27 14:52:00,997.5,333.75,1331.25
2022-10-27 14:53:00,997.5,435.0,1432.5
2022-10-27 14:54:00,997.5,510.0,1507.5
2022-10-27 14:55:00,1001.25,408.75,1410.0
2022-10-27 14:56:00,1001.25,528.75,1530.0
2022-10-27 14:57:00,997.5,431.25,1428.75
2022-10-27 14:58:00,997.5,288.75,1286.25
2022-10-27 14:59:00,997.5,303.75,1301.25
2022-10-27 15:00:00,1005.0,386.25,1391.25
2022-10-27 15:01:00,990.0,836.25,1826.25
2022-10-27 15:02:00,990.0,892.5,1882.5
2022-10-27 15:03:00,997.5,855.0,1852.5
2022-10-27 15:04:00,997.5,915.0,1912.5
2022-10-27 15:05:00,993.75,903.75,1897.5
2022-10-27 15:06:00,997.5,915.0,1912.5
2022-10-27 15:07:00,1005.0,911.25,1916.25
2022-10-27 15:08:00,997.5,922.5,1920.0
2022-10-27 15:09:00,997.5,930.0,1927.5
2022-10-27 15:10:00,1005.0,930.0,1935.0
2022-10-27 15:11:00,1008.75,933.75,1942.5
2022-10-27 15:12:00,1008.75,933.75,1942.5
2022-10-27 15:13:00,1012.5,937.5,1950.0
2022-10-27 15:14:00,1016.25,933.75,1950.0
2022-10-27 15:15:00,1016.25,937.5,1953.75
2022-10-27 15:16:00,1012.5,937.5,1950.0
2022-10-27 15:17:00,1012.5,941.25,1953.75
2022-10-27 15:18:00,1012.5,941.25,1953.75
2022-10-27 15:19:00,1016.25,937.5,1953.75
2022-10-27 15:20:00,1016.25,937.5,1953.75
2022-10-27 15:21:00,1016.25,937.5,1953.75
2022-10-27 15:22:00,1016.25,937.5,1953.75
2022-10-27 15:23:00,1016.25,937.5,1953.75
2022-10-27 15:24:00,1016.25,937.5,1953.75
2022-10-27 15:25:00,1016.25,937.5,1953.75
2022-10-27 15:26:00,1016.25,937.5,1953.75
2022-10-27 15:27:00,1016.25,937.5,1953.75
2022-10-27 15:28:00,1016.25,937.5,1953.75
2022-10-27 15:29:00,1016.25,937.5,1953.75
2022-10-27 15:30:00,1016.25,937.5,1953.75
2022-11-03 10:15:00,0.0,0.0,0.0
2022-11-03 10:16:00,-82.5,210.0,127.5
2022-11-03 10:17:00,7.5,75.0,82.5
2022-11-03 10:18:00,-15.0,45.0,30.0
2022-11-03 10:19:00,-7.5,15.0,7.5
2022-11-03 10:20:00,-11.25,18.75,7.5
2022-11-03 10:21:00,-52.5,86.25,33.75
2022-11-03 10:22:00,26.25,60.0,86.25
2022-11-03 10:23:00,41.25,26.25,67.5
2022-11-03 10:24:00,-22.5,112.5,90.0
2022-11-03 10:25:00,-123.75,232.5,108.75
2022-11-03 10:26:00,-168.75,378.75,210.0
2022-11-03 10:27:00,-221.25,401.25,180.0
2022-11-03 10:28:00,-315.0,495.0,180.0
2022-11-03 10:29:00,-221.25,393.75,172.5
2022-11-03 10:30:00,-176.25,371.25,195.0
2022-11-03 10:31:00,-67.5,281.25,213.75
2022-11-03 10:32:00,-11.25,243.75,232.5
2022-11-03 10:33:00,-30.0,285.0,255.0
2022-11-03 10:34:00,0.0,281.25,281.25
2022-11-03 10:35:00,7.5,270.0,277.5
2022-11-03 10:36:00,37.5,243.75,281.25
2022-11-03 10:37:00,90.0,251.25,341.25
2022-11-03 10:38:00,-120.0,547.5,427.5
2022-11-03 10:39:00,-7.5,371.25,363.75
2022-11-03 10:40:00,-97.5,446.25,348.75
2022-11-03 10:41:00,-82.5,480.0,397.5
2022-11-03 10:42:00,-11.25,393.75,382.5
2022-11-03 10:43:00,37.5,360.0,397.5
2022-11-03 10:44:00,52.5,326.25,378.75
2022-11-03 10:45:00,258.75,202.5,461.25
2022-11-03 10:46:00,416.25,52.5,468.75
2022-11-03 10:47:00,341.25,120.0,461.25
2022-11-03 10:48:00,210.0,236.25,446.25
2022-11-03 10:49:00,172.5,262.5,435.0
2022-11-03 10:50:00,187.5,225.0,412.5
2022-11-03 10:51:00,142.5,337.5,480.0
2022-11-03 10:52:00,292.5,105.0,397.5
2022-11-03 10:53:00,255.0,206.25,461.25
2022-11-03 10:54:00,262.5,180.0,442.5
2022-11-03 10:55:00,322.5,123.75,446.25
2022-11-03 10:56:00,333.75,150.0,483.75
2022-11-03 10:57:00,251.25,288.75,540.0
2022-11-03 10:58:00,251.25,277.5,528.75
2022-11-03 10:59:00,243.75,266.25,510.0
2022-11-03 11:00:00,330.0,172.5,502.5
2022-11-03 11:01:00,435.0,37.5,472.5
2022-11-03 11:02:00,536.25,0.0,536.25
2022-11-03 11:03:00,536.25,-15.0,521.25
2022-11-03 11:04:00,495.0,67.5,562.5
2022-11-03 11:05:00,521.25,67.5,588.75
2022-11-03 11:06:00,551.25,-30.0,521.25
2022-11-03 11:07:00,588.75,-75.0,513.75
2022-11-03 11:08:00,618.75,-101.25,517.5
2022-11-03 11:09:00,645.0,-138.75,506.25
2022-11-03 11:10:00,667.5,-90.0,577.5
2022-11-03 11:11:00,652.5,45.0,697.5
2022-11-03 11:12:00,592.5,165.0,757.5
2022-11-03 11:13:00,555.0,198.75,753.75
2022-11-03 11:14:00,476.25,510.0,986.25
2022-11-03 11:15:00,416.25,573.75,990.0
2022-11-03 11:16:00,288.75,798.75,1087.5
2022-11-03 11:17:00,277.5,772.5,1050.0
2022-11-03 11:18:00,258.75,802.5,1061.25
2022-11-03 11:19:00,356.25,697.5,1053.75
2022-11-03 11:20:00,326.25,671.25,997.5
2022-11-03 11:21:00,382.5,626.25,1008.75
2022-11-03 11:22:00,281.25,787.5,1068.75
2022-11-03 11:23:00,348.75,671.25,1020.0
2022-11-03 11:24:00,311.25,678.75,990.0
2022-11-03 11:25:00,352.5,645.0,997.5
2022-11-03 11:26:00,472.5,536.25,1008.75
2022-11-03 11:27:00,540.0,465.0,1005.0
2022-11-03 11:28:00,491.25,506.25,997.5
2022-11-03 11:29:00,510.0,480.0,990.0
2022-11-03 11:30:00,540.0,431.25,971.25
2022-11-03 11:31:00,603.75,393.75,997.5
2022-11-03 11:32:00,600.0,405.0,1005.0
2022-11-03 11:33:00,596.25,390.0,986.25
2022-11-03 11:34:00,626.25,322.5,948.75
2022-11-03 11:35:00,678.75,142.5,821.25
2022-11-03 11:36:00,753.75,-18.75,735.0
2022-11-03 11:37:00,746.25,15.0,761.25
2022-11-03 11:38:00,742.5,52.5,795.0
2022-11-03 11:39:00,738.75,22.5,761.25
2022-11-03 11:40:00,821.25,-386.25,435.0
2022-11-03 11:41:00,866.25,-611.25,255.0
2022-11-03 11:42:00,911.25,-941.25,-30.0
2022-11-03 11:43:00,896.25,-735.0,161.25
2022-11-03 11:44:00,862.5,-412.5,450.0
2022-11-03 11:45:00,855.0,-438.75,416.25
2022-11-03 11:46:00,892.5,-761.25,131.25
2022-11-03 11:47:00,821.25,-195.0,626.25
2022-11-03 11:48:00,832.5,-300.0,532.5
2022-11-03 11:49:00,900.0,-551.25,348.75
2022-11-03 11:50:00,870.0,-498.75,371.25
2022-11-03 11:51:00,1012.5,-712.5,300.0
2022-11-03 11:52:00,1020.0,-645.0,375.0
2022-11-03 11:53:00,1132.5,-768.75,363.75
2022-11-03 11:54:00,971.25,-532.5,438.75
2022-11-03 11:55:00,1211.25,-930.0,281.25
2022-11-03 11:56:00,1042.5,-641.25,401.25
2022-11-03 11:57:00,971.25,-558.75,412.5
2022-11-03 11:58:00,963.75,-461.25,502.5
2022-11-03 11:59:00,1038.75,-558.75,480.0
2022-11-03 12:00:00,1016.25,-468.75,547.5
2022-11-03 12:01:00,1023.75,-581.25,442.5
2022-11-03 12:02:00,1038.75,-551.25,487.5
2022-11-03 12:03:00,1001.25,-551.25,450.0
2022-11-03 12:04:00,1046.25,-577.5,468.75
2022-11-03 12:05:00,956.25,-393.75,562.5
2022-11-03 12:06:00,971.25,-427.5,543.75
2022-11-03 12:07:00,948.75,-318.75,630.0
2022-11-03 12:08:00,1012.5,-431.25,581.25
2022-11-03 12:09:00,1166.25,-708.75,457.5
2022-11-03 12:10:00,1196.25,-802.5,393.75
2022-11-03 12:11:00,1170.0,-663.75,506.25
2022-11-03 12:12:00,1121.25,-543.75,577.5
2022-11-03 12:13:00,1136.25,-558.75,577.5
2022-11-03 12:14:00,1143.75,-558.75,585.0
2022-11-03 12:15:00,1177.5,-588.75,588.75
2022-11-03 12:16:00,1140.0,-570.0,570.0
2022-11-03 12:17:00,1207.5,-693.75,513.75
2022-11-03 12:18:00,1170.0,-603.75,566.25
2022-11-03 12:19:00,1293.75,-761.25,532.5
2022-11-03 12:20:00,1241.25,-630.0,611.25
2022-11-03 12:21:00,1353.75,-742.5,611.25
2022-11-03 12:22:00,1320.0,-663.75,656.25
2022-11-03 12:23:00,1237.5,-506.25,731.25
2022-11-03 12:24:00,1308.75,-603.75,705.0
2022-11-03 12:25:00,1365.0,-656.25,708.75
2022-11-03 12:26:00,1368.75,-697.5,671.25
2022-11-03 12:27:00,1410.0,-825.0,585.0
2022-11-03 12:28:00,1331.25,-547.5,783.75
2022-11-03 12:29:00,1286.25,-450.0,836.25
2022-11-03 12:30:00,1282.5,-431.25,851.25
2022-11-03 12:31:00,1207.5,-255.0,952.5
2022-11-03 12:32:00,1511.25,-798.75,712.5
2022-11-03 12:33:00,1443.75,-693.75,750.0
2022-11-03 12:34:00,1477.5,-825.0,652.5
2022-11-03 12:35:00,1533.75,-900.0,633.75
2022-11-03 12:36:00,1507.5,-761.25,746.25
2022-11-03 12:37:00,1548.75,-832.5,716.25
2022-11-03 12:38:00,1526.25,-772.5,753.75
2022-11-03 12:39:00,1560.0,-791.25,768.75
2022-11-03 12:40:00,1533.75,-742.5,791.25
2022-11-03 12:41:00,1563.75,-783.75,780.0
2022-11-03 12:42:00,1496.25,-573.75,922.5
2022-11-03 12:43:00,1526.25,-701.25,825.0
2022-11-03 12:44:00,1586.25,-851.25,735.0
2022-11-03 12:45:00,1575.0,-840.0,735.0
2022-11-03 12:46:00,1638.75,-952.5,686.25
2022-11-03 12:47:00,1672.5,-971.25,701.25
2022-11-03 12:48:00,1650.0,-900.0,750.0
2022-11-03 12:49:00,1638.75,-858.75,780.0
2022-11-03 12:50:00,1646.25,-945.0,701.25
2022-11-03 12:51:00,1672.5,-967.5,705.0
2022-11-03 12:52:00,1728.75,-1282.5,446.25
2022-11-03 12:53:00,1721.25,-1638.75,82.5
2022-11-03 12:54:00,1740.0,-1807.5,-67.5
2022-11-03 12:55:00,1740.0,-2070.0,-330.0
2022-11-03 12:56:00,1721.25,-2313.75,-592.5
2022-11-03 12:57:00,1650.0,-2343.75,-693.75
2022-11-03 12:58:00,1642.5,-2152.5,-510.0
2022-11-03 12:59:00,1710.0,-2227.5,-517.5
2022-11-03 13:00:00,1706.25,-2118.75,-412.5
2022-11-03 13:01:00,1691.25,-1942.5,-251.25
2022-11-03 13:02:00,1657.5,-1867.5,-210.0
2022-11-03 13:03:00,1653.75,-2032.5,-378.75
2022-11-03 13:04:00,1743.75,-2343.75,-600.0
2022-11-03 13:05:00,1740.0,-2280.0,-540.0
2022-11-03 13:06:00,1773.75,-2321.25,-547.5
2022-11-03 13:07:00,1740.0,-2013.75,-273.75
2022-11-03 13:08:00,1717.5,-1845.0,-127.5
2022-11-03 13:09:00,1710.0,-1676.25,33.75
2022-11-03 13:10:00,1706.25,-1290.0,416.25
2022-11-03 13:11:00,1717.5,-1128.75,588.75
2022-11-03 13:12:00,1713.75,-765.0,948.75
2022-11-03 13:13:00,1657.5,-581.25,1076.25
2022-11-03 13:14:00,1676.25,-630.0,1046.25
2022-11-03 13:15:00,1661.25,-600.0,1061.25
2022-11-03 13:16:00,1623.75,-517.5,1106.25
2022-11-03 13:17:00,1736.25,-716.25,1020.0
2022-11-03 13:18:00,1792.5,-851.25,941.25
2022-11-03 13:19:00,1770.0,-791.25,978.75
2022-11-03 13:20:00,1747.5,-536.25,1211.25
2022-11-03 13:21:00,1642.5,-345.0,1297.5
2022-11-03 13:22:00,1706.25,-397.5,1308.75
2022-11-03 13:23:00,1747.5,-596.25,1151.25
2022-11-03 13:24:00,1721.25,-397.5,1323.75
2022-11-03 13:25:00,1728.75,-427.5,1301.25
2022-11-03 13:26:00,1683.75,-217.5,1466.25
2022-11-03 13:27:00,1695.0,-60.0,1635.0
2022-11-03 13:28:00,1728.75,-183.75,1545.0
2022-11-03 13:29:00,1755.0,-225.0,1530.0
2022-11-03 13:30:00,1758.75,-191.25,1567.5
2022-11-03 13:31:00,1830.0,-431.25,1398.75
2022-11-03 13:32:00,1867.5,-592.5,1275.0
2022-11-03 13:33:00,1882.5,-738.75,1143.75
2022-11-03 13:34:00,1837.5,-435.0,1402.5
2022-11-03 13:35:00,1830.0,-322.5,1507.5
2022-11-03 13:36:00,1826.25,-375.0,1451.25
2022-11-03 13:37:00,1807.5,-266.25,1541.25
2022-11-03 13:38:00,1830.0,-352.5,1477.5
2022-11-03 13:39:00,1766.25,-15.0,1751.25
2022-11-03 13:40:00,1695.0,423.75,2118.75
2022-11-03 13:41:00,1668.75,495.0,2163.75
2022-11-03 13:42:00,1710.0,611.25,2321.25
2022-11-03 13:43:00,1728.75,645.0,2373.75
2022-11-03 13:44:00,1687.5,761.25,2448.75
2022-11-03 13:45:00,1698.75,727.5,2426.25
2022-11-03 13:46:00,1713.75,611.25,2325.0
2022-11-03 13:47:00,1822.5,483.75,2306.25
2022-11-03 13:48:00,1863.75,401.25,2265.0
2022-11-03 13:49:00,1852.5,465.0,2317.5
2022-11-03 13:50:00,1920.0,251.25,2171.25
2022-11-03 13:51:00,1953.75,127.5,2081.25
2022-11-03 13:52:00,2017.5,-438.75,1578.75
2022-11-03 13:53:00,1991.25,-292.5,1698.75
2022-11-03 13:54:00,1976.25,-326.25,1650.0
2022-11-03 13:55:00,1980.0,-270.0,1710.0
2022-11-03 13:56:00,2006.25,-363.75,1642.5
2022-11-03 13:57:00,2047.5,-937.5,1110.0
2022-11-03 13:58:00,2055.0,-1076.25,978.75
2022-11-03 13:59:00,2055.0,-1320.0,735.0
2022-11-03 14:00:00,2047.5,-1080.0,967.5
2022-11-03 14:01:00,2028.75,-832.5,1196.25
2022-11-03 14:02:00,2028.75,-832.5,1196.25
2022-11-03 14:03:00,2032.5,-866.25,1166.25
2022-11-03 14:04:00,2021.25,-761.25,1260.0
2022-11-03 14:05:00,2013.75,-656.25,1357.5
2022-11-03 14:06:00,2002.5,-446.25,1556.25
2022-11-03 14:07:00,1998.75,-461.25,1537.5
2022-11-03 14:08:00,1961.25,-18.75,1942.5
2022-11-03 14:09:00,1991.25,-360.0,1631.25
2022-11-03 14:10:00,2028.75,-607.5,1421.25
2022-11-03 14:11:00,2025.0,-498.75,1526.25
2022-11-03 14:12:00,1998.75,-180.0,1818.75
2022-11-03 14:13:00,1980.0,105.0,2085.0
2022-11-03 14:14:00,2002.5,0.0,2002.5
2022-11-03 14:15:00,2051.25,-416.25,1635.0
2022-11-03 14:16:00,2043.75,-363.75,1680.0
2022-11-03 14:17:00,2081.25,-615.0,1466.25
2022-11-03 14:18:00,2073.75,-581.25,1492.5
2022-11-03 14:19:00,2085.0,-660.0,1425.0
2022-11-03 14:20:00,2092.5,-937.5,1155.0
2022-11-03 14:21:00,2062.5,-645.0,1417.5
2022-11-03 14:22:00,2070.0,-592.5,1477.5
2022-11-03 14:23:00,2058.75,-393.75,1665.0
2022-11-03 14:24:00,2107.5,-1016.25,1091.25
2022-11-03 14:25:00,2107.5,-1335.0,772.5
2022-11-03 14:26:00,2085.0,-1181.25,903.75
2022-11-03 14:27:00,2073.75,-761.25,1312.5
2022-11-03 14:28:00,2066.25,-401.25,1665.0
2022-11-03 14:29:00,2100.0,-798.75,1301.25
2022-11-03 14:30:00,2070.0,-442.5,1627.5
2022-11-03 14:31:00,2047.5,41.25,2088.75
2022-11-03 14:32:00,2040.0,26.25,2066.25
2022-11-03 14:33:00,2006.25,423.75,2430.0
2022-11-03 14:34:00,1908.75,817.5,2726.25
2022-11-03 14:35:00,1998.75,416.25,2415.0
2022-11-03 14:36:00,2058.75,345.0,2403.75
2022-11-03 14:37:00,2043.75,322.5,2366.25
2022-11-03 14:38:00,2032.5,566.25,2598.75
2022-11-03 14:39:00,2058.75,255.0,2313.75
2022-11-03 14:40:00,2066.25,195.0,2261.25
2022-11-03 14:41:00,2032.5,611.25,2643.75
2022-11-03 14:42:00,2077.5,303.75,2381.25
2022-11-03 14:43:00,2118.75,-131.25,1987.5
2022-11-03 14:44:00,2103.75,78.75,2182.5
2022-11-03 14:45:00,2081.25,513.75,2595.0
2022-11-03 14:46:00,2122.5,131.25,2253.75
2022-11-03 14:47:00,2111.25,210.0,2321.25
2022-11-03 14:48:00,2111.25,251.25,2362.5
2022-11-03 14:49:00,2122.5,168.75,2291.25
2022-11-03 14:50:00,2085.0,810.0,2895.0
2022-11-03 14:51:00,2103.75,708.75,2812.5
2022-11-03 14:52:00,2085.0,892.5,2977.5
2022-11-03 14:53:00,2100.0,780.0,2880.0
2022-11-03 14:54:00,2092.5,727.5,2820.0
2022-11-03 14:55:00,2115.0,506.25,2621.25
2022-11-03 14:56:00,2133.75,367.5,2501.25
2022-11-03 14:57:00,2160.0,510.0,2670.0
2022-11-03 14:58:00,2130.0,832.5,2962.5
2022-11-03 14:59:00,2126.25,892.5,3018.75
2022-11-03 15:00:00,2092.5,971.25,3063.75
2022-11-03 15:01:00,2077.5,1665.0,3742.5
2022-11-03 15:02:00,2100.0,1852.5,3952.5
2022-11-03 15:03:00,2100.0,1856.25,3956.25
2022-11-03 15:04:00,2160.0,1800.0,3960.0
2022-11-03 15:05:00,2190.0,2002.5,4192.5
2022-11-03 15:06:00,2171.25,1905.0,4076.25
2022-11-03 15:07:00,2193.75,1912.5,4106.25
2022-11-03 15:08:00,2190.0,2077.5,4267.5
2022-11-03 15:09:00,2205.0,2028.75,4233.75
2022-11-03 15:10:00,2205.0,2182.5,4387.5
2022-11-03 15:11:00,2212.5,2107.5,4320.0
2022-11-03 15:12:00,2220.0,2190.0,4410.0
2022-11-03 15:13:00,2216.25,2190.0,4406.25
2022-11-03 15:14:00,2223.75,2223.75,4447.5
2022-11-03 15:15:00,2231.25,2081.25,4312.5
2022-11-03 15:16:00,2231.25,2088.75,4320.0
2022-11-03 15:17:00,2235.0,2126.25,4361.25
2022-11-03 15:18:00,2235.0,2246.25,4481.25
2022-11-03 15:19:00,2227.5,2238.75,4466.25
2022-11-03 15:20:00,2231.25,2246.25,4477.5
2022-11-03 15:21:00,2231.25,2246.25,4477.5
2022-11-03 15:22:00,2231.25,2246.25,4477.5
2022-11-03 15:23:00,2231.25,2246.25,4477.5
2022-11-03 15:24:00,2231.25,2246.25,4477.5
2022-11-03 15:25:00,2231.25,2246.25,4477.5
2022-11-03 15:26:00,2231.25,2246.25,4477.5
2022-11-03 15:27:00,2231.25,2246.25,4477.5
2022-11-03 15:28:00,2231.25,2246.25,4477.5
2022-11-03 15:29:00,2231.25,2246.25,4477.5
2022-11-03 15:30:00,2231.25,2246.25,4477.5
2022-11-10 10:15:00,0.0,0.0,0.0
2022-11-10 10:16:00,22.5,-11.25,11.25
2022-11-10 10:17:00,-15.0,127.5,112.5
2022-11-10 10:18:00,-63.75,195.0,131.25
2022-11-10 10:19:00,-52.5,168.75,116.25
2022-11-10 10:20:00,-127.5,288.75,161.25
2022-11-10 10:21:00,-161.25,375.0,213.75
2022-11-10 10:22:00,-127.5,307.5,180.0
2022-11-10 10:23:00,-52.5,180.0,127.5
2022-11-10 10:24:00,-26.25,161.25,135.0
2022-11-10 10:25:00,-30.0,168.75,138.75
2022-11-10 10:26:00,-52.5,195.0,142.5
2022-11-10 10:27:00,-52.5,165.0,112.5
2022-11-10 10:28:00,-75.0,221.25,146.25
2022-11-10 10:29:00,-105.0,288.75,183.75
2022-11-10 10:30:00,-63.75,255.0,191.25
2022-11-10 10:31:00,-86.25,337.5,251.25
2022-11-10 10:32:00,-78.75,292.5,213.75
2022-11-10 10:33:00,-33.75,243.75,210.0
2022-11-10 10:34:00,-7.5,198.75,191.25
2022-11-10 10:35:00,-48.75,240.0,191.25
2022-11-10 10:36:00,-82.5,330.0,247.5
2022-11-10 10:37:00,-56.25,300.0,243.75
2022-11-10 10:38:00,-45.0,307.5,262.5
2022-11-10 10:39:00,-67.5,281.25,213.75
2022-11-10 10:40:00,-93.75,292.5,198.75
2022-11-10 10:41:00,-108.75,330.0,221.25
2022-11-10 10:42:00,-165.0,498.75,333.75
2022-11-10 10:43:00,-93.75,438.75,345.0
2022-11-10 10:44:00,-105.0,431.25,326.25
2022-11-10 10:45:00,-135.0,502.5,367.5
2022-11-10 10:46:00,-161.25,577.5,416.25
2022-11-10 10:47:00,-97.5,483.75,386.25
2022-11-10 10:48:00,-48.75,427.5,378.75
2022-11-10 10:49:00,-30.0,408.75,378.75
2022-11-10 10:50:00,11.25,378.75,390.0
2022-11-10 10:51:00,22.5,371.25,393.75
2022-11-10 10:52:00,30.0,352.5,382.5
2022-11-10 10:53:00,135.0,270.0,405.0
2022-11-10 10:54:00,90.0,303.75,393.75
2022-11-10 10:55:00,116.25,270.0,386.25
2022-11-10 10:56:00,116.25,277.5,393.75
2022-11-10 10:57:00,97.5,367.5,465.0
2022-11-10 10:58:00,161.25,281.25,442.5
2022-11-10 10:59:00,183.75,266.25,450.0
2022-11-10 11:00:00,210.0,236.25,446.25
2022-11-10 11:01:00,198.75,292.5,491.25
2022-11-10 11:02:00,187.5,311.25,498.75
2022-11-10 11:03:00,176.25,356.25,532.5
2022-11-10 11:04:00,168.75,405.0,573.75
2022-11-10 11:05:00,157.5,431.25,588.75
2022-11-10 11:06:00,138.75,480.0,618.75
2022-11-10 11:07:00,112.5,547.5,660.0
2022-11-10 11:08:00,153.75,495.0,648.75
2022-11-10 11:09:00,135.0,502.5,637.5
2022-11-10 11:10:00,183.75,427.5,611.25
2022-11-10 11:11:00,202.5,405.0,607.5
2022-11-10 11:12:00,273.75,318.75,592.5
2022-11-10 11:13:00,240.0,393.75,633.75
2022-11-10 11:14:00,217.5,412.5,630.0
2022-11-10 11:15:00,221.25,446.25,667.5
2022-11-10 11:16:00,180.0,543.75,723.75
2022-11-10 11:17:00,165.0,577.5,742.5
2022-11-10 11:18:00,221.25,465.0,686.25
2022-11-10 11:19:00,161.25,558.75,720.0
2022-11-10 11:20:00,213.75,457.5,671.25
2022-11-10 11:21:00,228.75,450.0,678.75
2022-11-10 11:22:00,240.0,472.5,712.5
2022-11-10 11:23:00,240.0,498.75,738.75
2022-11-10 11:24:00,255.0,457.5,712.5
2022-11-10 11:25:00,262.5,438.75,701.25
2022-11-10 11:26:00,236.25,495.0,731.25
2022-11-10 11:27:00,221.25,517.5,738.75
2022-11-10 11:28:00,225.0,517.5,742.5
2022-11-10 11:29:00,202.5,543.75,746.25
2022-11-10 11:30:00,191.25,555.0,746.25
2022-11-10 11:31:00,202.5,596.25,798.75
2022-11-10 11:32:00,210.0,547.5,757.5
2022-11-10 11:33:00,165.0,596.25,761.25
2022-11-10 11:34:00,-41.25,986.25,945.0
2022-11-10 11:35:00,-127.5,1020.0,892.5
2022-11-10 11:36:00,-63.75,971.25,907.5
2022-11-10 11:37:00,-48.75,915.0,866.25
2022-11-10 11:38:00,-116.25,993.75,877.5
2022-11-10 11:39:00,-127.5,1008.75,881.25
2022-11-10 11:40:00,-93.75,1020.0,926.25
2022-11-10 11:41:00,-7.5,967.5,960.0
2022-11-10 11:42:00,-30.0,971.25,941.25
2022-11-10 11:43:00,-7.5,952.5,945.0
2022-11-10 11:44:00,-7.5,963.75,956.25
2022-11-10 11:45:00,-26.25,975.0,948.75
2022-11-10 11:46:00,3.75,956.25,960.0
2022-11-10 11:47:00,93.75,911.25,1005.0
2022-11-10 11:48:00,86.25,911.25,997.5
2022-11-10 11:49:00,112.5,918.75,1031.25
2022-11-10 11:50:00,105.0,911.25,1016.25
2022-11-10 11:51:00,153.75,840.0,993.75
2022-11-10 11:52:00,153.75,810.0,963.75
2022-11-10 11:53:00,127.5,851.25,978.75
2022-11-10 11:54:00,18.75,933.75,952.5
2022-11-10 11:55:00,30.0,870.0,900.0
2022-11-10 11:56:00,18.75,892.5,911.25
2022-11-10 11:57:00,71.25,851.25,922.5
2022-11-10 11:58:00,26.25,881.25,907.5
2022-11-10 11:59:00,45.0,877.5,922.5
2022-11-10 12:00:00,116.25,847.5,963.75
2022-11-10 12:01:00,300.0,671.25,971.25
2022-11-10 12:02:00,382.5,532.5,915.0
2022-11-10 12:03:00,435.0,423.75,858.75
2022-11-10 12:04:00,397.5,472.5,870.0
2022-11-10 12:05:00,397.5,408.75,806.25
2022-11-10 12:06:00,397.5,382.5,780.0
2022-11-10 12:07:00,386.25,465.0,851.25
2022-11-10 12:08:00,397.5,435.0,832.5
2022-11-10 12:09:00,386.25,461.25,847.5
2022-11-10 12:10:00,393.75,480.0,873.75
2022-11-10 12:11:00,412.5,420.0,832.5
2022-11-10 12:12:00,453.75,345.0,798.75
2022-11-10 12:13:00,453.75,337.5,791.25
2022-11-10 12:14:00,453.75,330.0,783.75
2022-11-10 12:15:00,491.25,228.75,720.0
2022-11-10 12:16:00,468.75,300.0,768.75
2022-11-10 12:17:00,472.5,243.75,716.25
2022-11-10 12:18:00,476.25,67.5,543.75
2022-11-10 12:19:00,510.0,-15.0,495.0
2022-11-10 12:20:00,498.75,-116.25,382.5
2022-11-10 12:21:00,483.75,120.0,603.75
2022-11-10 12:22:00,487.5,11.25,498.75
2022-11-10 12:23:00,498.75,-138.75,360.0
2022-11-10 12:24:00,513.75,-341.25,172.5
2022-11-10 12:25:00,540.0,-296.25,243.75
2022-11-10 12:26:00,446.25,-198.75,247.5
2022-11-10 12:27:00,423.75,-161.25,262.5
2022-11-10 12:28:00,435.0,-285.0,150.0
2022-11-10 12:29:00,491.25,-420.0,71.25
2022-11-10 12:30:00,630.0,-420.0,210.0
2022-11-10 12:31:00,600.0,-405.0,195.0
2022-11-10 12:32:00,588.75,-322.5,266.25
2022-11-10 12:33:00,562.5,-292.5,270.0
2022-11-10 12:34:00,600.0,-386.25,213.75
2022-11-10 12:35:00,521.25,-221.25,300.0
2022-11-10 12:36:00,487.5,-105.0,382.5
2022-11-10 12:37:00,378.75,63.75,442.5
2022-11-10 12:38:00,442.5,-60.0,382.5
2022-11-10 12:39:00,435.0,-15.0,420.0
2022-11-10 12:40:00,491.25,-157.5,333.75
2022-11-10 12:41:00,652.5,-401.25,251.25
2022-11-10 12:42:00,731.25,-420.0,311.25
2022-11-10 12:43:00,697.5,-401.25,296.25
2022-11-10 12:44:00,701.25,-405.0,296.25
2022-11-10 12:45:00,708.75,-375.0,333.75
2022-11-10 12:46:00,600.0,-123.75,476.25
2022-11-10 12:47:00,618.75,-206.25,412.5
2022-11-10 12:48:00,573.75,-116.25,457.5
2022-11-10 12:49:00,723.75,-401.25,322.5
2022-11-10 12:50:00,798.75,-570.0,228.75
2022-11-10 12:51:00,903.75,-731.25,172.5
2022-11-10 12:52:00,926.25,-742.5,183.75
2022-11-10 12:53:00,922.5,-645.0,277.5
2022-11-10 12:54:00,907.5,-611.25,296.25
2022-11-10 12:55:00,903.75,-660.0,243.75
2022-11-10 12:56:00,903.75,-641.25,262.5
2022-11-10 12:57:00,888.75,-551.25,337.5
2022-11-10 12:58:00,873.75,-420.0,453.75
2022-11-10 12:59:00,1076.25,-952.5,123.75
2022-11-10 13:00:00,1046.25,-926.25,120.0
2022-11-10 13:01:00,1020.0,-810.0,210.0
2022-11-10 13:02:00,1016.25,-813.75,202.5
2022-11-10 13:03:00,1068.75,-948.75,120.0
2022-11-10 13:04:00,1053.75,-787.5,266.25
2022-11-10 13:05:00,1016.25,-660.0,356.25
2022-11-10 13:06:00,960.0,-472.5,487.5
2022-11-10 13:07:00,870.0,-270.0,600.0
2022-11-10 13:08:00,930.0,-390.0,540.0
2022-11-10 13:09:00,881.25,-311.25,570.0
2022-11-10 13:10:00,855.0,-127.5,727.5
2022-11-10 13:11:00,877.5,-150.0,727.5
2022-11-10 13:12:00,881.25,-247.5,633.75
2022-11-10 13:13:00,892.5,-281.25,611.25
2022-11-10 13:14:00,828.75,-146.25,682.5
2022-11-10 13:15:00,825.0,-18.75,806.25
2022-11-10 13:16:00,843.75,-150.0,693.75
2022-11-10 13:17:00,881.25,-191.25,690.0
2022-11-10 13:18:00,960.0,-333.75,626.25
2022-11-10 13:19:00,780.0,123.75,903.75
2022-11-10 13:20:00,750.0,292.5,1042.5
2022-11-10 13:21:00,870.0,48.75,918.75
2022-11-10 13:22:00,810.0,153.75,963.75
2022-11-10 13:23:00,761.25,243.75,1005.0
2022-11-10 13:24:00,776.25,221.25,997.5
2022-11-10 13:25:00,787.5,202.5,990.0
2022-11-10 13:26:00,828.75,48.75,877.5
2022-11-10 13:27:00,795.0,127.5,922.5
2022-11-10 13:28:00,817.5,153.75,971.25
2022-11-10 13:29:00,971.25,-90.0,881.25
2022-11-10 13:30:00,907.5,-7.5,900.0
2022-11-10 13:31:00,1012.5,-82.5,930.0
2022-11-10 13:32:00,963.75,30.0,993.75
2022-11-10 13:33:00,986.25,-37.5,948.75
2022-11-10 13:34:00,900.0,176.25,1076.25
2022-11-10 13:35:00,877.5,116.25,993.75
2022-11-10 13:36:00,750.0,393.75,1143.75
2022-11-10 13:37:00,862.5,266.25,1128.75
2022-11-10 13:38:00,896.25,142.5,1038.75
2022-11-10 13:39:00,888.75,135.0,1023.75
2022-11-10 13:40:00,866.25,187.5,1053.75
2022-11-10 13:41:00,885.0,135.0,1020.0
2022-11-10 13:42:00,851.25,258.75,1110.0
2022-11-10 13:43:00,892.5,213.75,1106.25
2022-11-10 13:44:00,952.5,108.75,1061.25
2022-11-10 13:45:00,926.25,168.75,1095.0
2022-11-10 13:46:00,911.25,232.5,1143.75
2022-11-10 13:47:00,933.75,202.5,1136.25
2022-11-10 13:48:00,1005.0,112.5,1117.5
2022-11-10 13:49:00,937.5,255.0,1192.5
2022-11-10 13:50:00,945.0,360.0,1305.0
2022-11-10 13:51:00,746.25,716.25,1462.5
2022-11-10 13:52:00,832.5,607.5,1440.0
2022-11-10 13:53:00,870.0,547.5,1417.5
2022-11-10 13:54:00,967.5,390.0,1357.5
2022-11-10 13:55:00,963.75,408.75,1372.5
2022-11-10 13:56:00,956.25,390.0,1346.25
2022-11-10 13:57:00,978.75,367.5,1346.25
2022-11-10 13:58:00,892.5,603.75,1496.25
2022-11-10 13:59:00,956.25,465.0,1421.25
2022-11-10 14:00:00,1121.25,243.75,1365.0
2022-11-10 14:01:00,1076.25,405.0,1481.25
2022-11-10 14:02:00,1091.25,345.0,1436.25
2022-11-10 14:03:00,990.0,517.5,1507.5
2022-11-10 14:04:00,941.25,558.75,1500.0
2022-11-10 14:05:00,1008.75,465.0,1473.75
2022-11-10 14:06:00,993.75,446.25,1440.0
2022-11-10 14:07:00,1031.25,397.5,1428.75
2022-11-10 14:08:00,1042.5,457.5,1500.0
2022-11-10 14:09:00,1038.75,446.25,1485.0
2022-11-10 14:10:00,1106.25,315.0,1421.25
2022-11-10 14:11:00,1117.5,371.25,1488.75
2022-11-10 14:12:00,1140.0,348.75,1488.75
2022-11-10 14:13:00,1181.25,292.5,1473.75
2022-11-10 14:14:00,1181.25,363.75,1545.0
2022-11-10 14:15:00,1162.5,435.0,1597.5
2022-11-10 14:16:00,1102.5,506.25,1608.75
2022-11-10 14:17:00,1080.0,547.5,1627.5
2022-11-10 14:18:00,1158.75,431.25,1590.0
2022-11-10 14:19:00,1278.75,191.25,1470.0
2022-11-10 14:20:00,1376.25,-56.25,1320.0
2022-11-10 14:21:00,1417.5,-701.25,716.25
2022-11-10 14:22:00,1402.5,-337.5,1065.0
2022-11-10 14:23:00,1425.0,-375.0,1050.0
2022-11-10 14:24:00,1421.25,-510.0,911.25
2022-11-10 14:25:00,1417.5,-352.5,1065.0
2022-11-10 14:26:00,1387.5,-93.75,1293.75
2022-11-10 14:27:00,1402.5,-221.25,1181.25
2022-11-10 14:28:00,1376.25,75.0,1451.25
2022-11-10 14:29:00,1391.25,101.25,1492.5
2022-11-10 14:30:00,1410.0,30.0,1440.0
2022-11-10 14:31:00,1387.5,258.75,1646.25
2022-11-10 14:32:00,1387.5,210.0,1597.5
2022-11-10 14:33:00,1428.75,-56.25,1372.5
2022-11-10 14:34:00,1466.25,-243.75,1222.5
2022-11-10 14:35:00,1466.25,-97.5,1368.75
2022-11-10 14:36:00,1466.25,48.75,1515.0
2022-11-10 14:37:00,1477.5,78.75,1556.25
2022-11-10 14:38:00,1470.0,183.75,1653.75
2022-11-10 14:39:00,1432.5,461.25,1893.75
2022-11-10 14:40:00,1402.5,675.0,2077.5
2022-11-10 14:41:00,1428.75,596.25,2025.0
2022-11-10 14:42:00,1473.75,330.0,1803.75
2022-11-10 14:43:00,1462.5,461.25,1923.75
2022-11-10 14:44:00,1462.5,585.0,2047.5
2022-11-10 14:45:00,1496.25,371.25,1867.5
2022-11-10 14:46:00,1492.5,555.0,2047.5
2022-11-10 14:47:00,1496.25,476.25,1972.5
2022-11-10 14:48:00,1537.5,105.0,1642.5
2022-11-10 14:49:00,1533.75,277.5,1811.25
2022-11-10 14:50:00,1548.75,356.25,1905.0
2022-11-10 14:51:00,1552.5,397.5,1950.0
2022-11-10 14:52:00,1545.0,390.0,1935.0
2022-11-10 14:53:00,1522.5,540.0,2062.5
2022-11-10 14:54:00,1492.5,761.25,2253.75
2022-11-10 14:55:00,1470.0,885.0,2355.0
2022-11-10 14:56:00,1511.25,791.25,2302.5
2022-11-10 14:57:00,1473.75,881.25,2355.0
2022-11-10 14:58:00,1496.25,911.25,2407.5
2022-11-10 14:59:00,1533.75,780.0,2313.75
2022-11-10 15:00:00,1432.5,1230.0,2662.5
2022-11-10 15:01:00,1455.0,1488.75,2943.75
2022-11-10 15:02:00,1451.25,1560.0,3011.25
2022-11-10 15:03:00,1488.75,1563.75,3052.5
2022-11-10 15:04:00,1560.0,1530.0,3090.0
2022-11-10 15:05:00,1586.25,1548.75,3135.0
2022-11-10 15:06:00,1608.75,1586.25,3195.0
2022-11-10 15:07:00,1605.0,1605.0,3210.0
2022-11-10 15:08:00,1605.0,1631.25,3236.25
2022-11-10 15:09:00,1620.0,1623.75,3243.75
2022-11-10 15:10:00,1608.75,1627.5,3236.25
2022-11-10 15:11:00,1578.75,1627.5,3206.25
2022-11-10 15:12:00,1612.5,1635.0,3247.5
2022-11-10 15:13:00,1616.25,1638.75,3255.0
2022-11-10 15:14:00,1608.75,1638.75,3247.5
2022-11-10 15:15:00,1616.25,1638.75,3255.0
2022-11-10 15:16:00,1623.75,1646.25,3270.0
2022-11-10 15:17:00,1623.75,1646.25,3270.0
2022-11-10 15:18:00,1623.75,1650.0,3273.75
2022-11-10 15:19:00,1627.5,1650.0,3277.5
2022-11-10 15:20:00,1627.5,1650.0,3277.5
2022-11-10 15:21:00,1627.5,1650.0,3277.5
2022-11-10 15:22:00,1627.5,1650.0,3277.5
2022-11-10 15:23:00,1627.5,1650.0,3277.5
2022-11-10 15:24:00,1627.5,1650.0,3277.5
2022-11-10 15:25:00,1627.5,1650.0,3277.5
2022-11-10 15:26:00,1627.5,1650.0,3277.5
2022-11-10 15:27:00,1627.5,1650.0,3277.5
2022-11-10 15:28:00,1627.5,1650.0,3277.5
2022-11-10 15:29:00,1627.5,1650.0,3277.5
2022-11-10 15:30:00,1627.5,1650.0,3277.5
2022-11-17 10:15:00,0.0,0.0,0.0
2022-11-17 10:16:00,-48.75,108.75,60.0
2022-11-17 10:17:00,-71.25,120.0,48.75
2022-11-17 10:18:00,-71.25,75.0,3.75
2022-11-17 10:19:00,-101.25,135.0,33.75
2022-11-17 10:20:00,-22.5,15.0,-7.5
2022-11-17 10:21:00,-11.25,60.0,48.75
2022-11-17 10:22:00,-3.75,15.0,11.25
2022-11-17 10:23:00,33.75,-41.25,-7.5
2022-11-17 10:24:00,-3.75,60.0,56.25
2022-11-17 10:25:00,26.25,-41.25,-15.0
2022-11-17 10:26:00,18.75,-11.25,7.5
2022-11-17 10:27:00,30.0,-30.0,0.0
2022-11-17 10:28:00,-33.75,90.0,56.25
2022-11-17 10:29:00,0.0,22.5,22.5
2022-11-17 10:30:00,11.25,11.25,22.5
2022-11-17 10:31:00,41.25,-37.5,3.75
2022-11-17 10:32:00,33.75,-26.25,7.5
2022-11-17 10:33:00,22.5,22.5,45.0
2022-11-17 10:34:00,45.0,-30.0,15.0
2022-11-17 10:35:00,97.5,-116.25,-18.75
2022-11-17 10:36:00,97.5,-108.75,-11.25
2022-11-17 10:37:00,127.5,-206.25,-78.75
2022-11-17 10:38:00,97.5,-142.5,-45.0
2022-11-17 10:39:00,86.25,-82.5,3.75
2022-11-17 10:40:00,82.5,18.75,101.25
2022-11-17 10:41:00,52.5,123.75,176.25
2022-11-17 10:42:00,97.5,-48.75,48.75
2022-11-17 10:43:00,75.0,3.75,78.75
2022-11-17 10:44:00,78.75,-18.75,60.0
2022-11-17 10:45:00,101.25,26.25,127.5
2022-11-17 10:46:00,123.75,-41.25,82.5
2022-11-17 10:47:00,90.0,123.75,213.75
2022-11-17 10:48:00,52.5,168.75,221.25
2022-11-17 10:49:00,26.25,262.5,288.75
2022-11-17 10:50:00,41.25,206.25,247.5
2022-11-17 10:51:00,26.25,176.25,202.5
2022-11-17 10:52:00,33.75,176.25,210.0
2022-11-17 10:53:00,63.75,150.0,213.75
2022-11-17 10:54:00,48.75,172.5,221.25
2022-11-17 10:55:00,63.75,183.75,247.5
2022-11-17 10:56:00,67.5,176.25,243.75
2022-11-17 10:57:00,90.0,138.75,228.75
2022-11-17 10:58:00,120.0,63.75,183.75
2022-11-17 10:59:00,131.25,15.0,146.25
2022-11-17 11:00:00,131.25,0.0,131.25
2022-11-17 11:01:00,127.5,3.75,131.25
2022-11-17 11:02:00,168.75,-142.5,26.25
2022-11-17 11:03:00,195.0,-266.25,-71.25
2022-11-17 11:04:00,210.0,-277.5,-67.5
2022-11-17 11:05:00,191.25,-210.0,-18.75
2022-11-17 11:06:00,183.75,-135.0,48.75
2022-11-17 11:07:00,195.0,-251.25,-56.25
2022-11-17 11:08:00,195.0,-285.0,-90.0
2022-11-17 11:09:00,210.0,-288.75,-78.75
2022-11-17 11:10:00,187.5,-228.75,-41.25
2022-11-17 11:11:00,180.0,-168.75,11.25
2022-11-17 11:12:00,183.75,-135.0,48.75
2022-11-17 11:13:00,176.25,-75.0,101.25
2022-11-17 11:14:00,262.5,-408.75,-146.25
2022-11-17 11:15:00,236.25,-405.0,-168.75
2022-11-17 11:16:00,251.25,-382.5,-131.25
2022-11-17 11:17:00,307.5,-517.5,-210.0
2022-11-17 11:18:00,277.5,-412.5,-135.0
2022-11-17 11:19:00,273.75,-333.75,-60.0
2022-11-17 11:20:00,281.25,-476.25,-195.0
2022-11-17 11:21:00,266.25,-341.25,-75.0
2022-11-17 11:22:00,285.0,-495.0,-210.0
2022-11-17 11:23:00,288.75,-393.75,-105.0
2022-11-17 11:24:00,288.75,-416.25,-127.5
2022-11-17 11:25:00,296.25,-363.75,-67.5
2022-11-17 11:26:00,277.5,-217.5,60.0
2022-11-17 11:27:00,247.5,-198.75,48.75
2022-11-17 11:28:00,243.75,-228.75,15.0
2022-11-17 11:29:00,270.0,-386.25,-116.25
2022-11-17 11:30:00,277.5,-397.5,-120.0
2022-11-17 11:31:00,277.5,-285.0,-7.5
2022-11-17 11:32:00,262.5,-202.5,60.0
2022-11-17 11:33:00,251.25,-138.75,112.5
2022-11-17 11:34:00,232.5,30.0,262.5
2022-11-17 11:35:00,228.75,63.75,292.5
2022-11-17 11:36:00,217.5,198.75,416.25
2022-11-17 11:37:00,240.0,153.75,393.75
2022-11-17 11:38:00,221.25,202.5,423.75
2022-11-17 11:39:00,225.0,198.75,423.75
2022-11-17 11:40:00,236.25,120.0,356.25
2022-11-17 11:41:00,258.75,78.75,337.5
2022-11-17 11:42:00,270.0,108.75,378.75
2022-11-17 11:43:00,288.75,75.0,363.75
2022-11-17 11:44:00,262.5,142.5,405.0
2022-11-17 11:45:00,277.5,101.25,378.75
2022-11-17 11:46:00,285.0,63.75,348.75
2022-11-17 11:47:00,288.75,18.75,307.5
2022-11-17 11:48:00,296.25,7.5,303.75
2022-11-17 11:49:00,292.5,30.0,322.5
2022-11-17 11:50:00,270.0,251.25,521.25
2022-11-17 11:51:00,285.0,191.25,476.25
2022-11-17 11:52:00,270.0,228.75,498.75
2022-11-17 11:53:00,288.75,187.5,476.25
2022-11-17 11:54:00,288.75,153.75,442.5
2022-11-17 11:55:00,292.5,165.0,457.5
2022-11-17 11:56:00,318.75,33.75,352.5
2022-11-17 11:57:00,322.5,3.75,326.25
2022-11-17 11:58:00,303.75,60.0,363.75
2022-11-17 11:59:00,315.0,22.5,337.5
2022-11-17 12:00:00,318.75,18.75,337.5
2022-11-17 12:01:00,326.25,0.0,326.25
2022-11-17 12:02:00,333.75,-41.25,292.5
2022-11-17 12:03:00,315.0,146.25,461.25
2022-11-17 12:04:00,333.75,-18.75,315.0
2022-11-17 12:05:00,326.25,71.25,397.5
2022-11-17 12:06:00,326.25,131.25,457.5
2022-11-17 12:07:00,315.0,180.0,495.0
2022-11-17 12:08:00,303.75,176.25,480.0
2022-11-17 12:09:00,322.5,131.25,453.75
2022-11-17 12:10:00,315.0,131.25,446.25
2022-11-17 12:11:00,303.75,168.75,472.5
2022-11-17 12:12:00,326.25,71.25,397.5
2022-11-17 12:13:00,330.0,30.0,360.0
2022-11-17 12:14:00,337.5,11.25,348.75
2022-11-17 12:15:00,330.0,30.0,360.0
2022-11-17 12:16:00,337.5,-11.25,326.25
2022-11-17 12:17:00,326.25,150.0,476.25
2022-11-17 12:18:00,281.25,491.25,772.5
2022-11-17 12:19:00,300.0,322.5,622.5
2022-11-17 12:20:00,277.5,333.75,611.25
2022-11-17 12:21:00,285.0,360.0,645.0
2022-11-17 12:22:00,292.5,326.25,618.75
2022-11-17 12:23:00,292.5,330.0,622.5
2022-11-17 12:24:00,292.5,345.0,637.5
2022-11-17 12:25:00,296.25,337.5,633.75
2022-11-17 12:26:00,296.25,322.5,618.75
2022-11-17 12:27:00,303.75,333.75,637.5
2022-11-17 12:28:00,292.5,412.5,705.0
2022-11-17 12:29:00,270.0,483.75,753.75
2022-11-17 12:30:00,258.75,543.75,802.5
2022-11-17 12:31:00,221.25,573.75,795.0
2022-11-17 12:32:00,138.75,667.5,806.25
2022-11-17 12:33:00,202.5,611.25,813.75
2022-11-17 12:34:00,153.75,641.25,795.0
2022-11-17 12:35:00,135.0,660.0,795.0
2022-11-17 12:36:00,165.0,633.75,798.75
2022-11-17 12:37:00,176.25,596.25,772.5
2022-11-17 12:38:00,176.25,611.25,787.5
2022-11-17 12:39:00,112.5,723.75,836.25
2022-11-17 12:40:00,138.75,716.25,855.0
2022-11-17 12:41:00,172.5,663.75,836.25
2022-11-17 12:42:00,146.25,671.25,817.5
2022-11-17 12:43:00,135.0,675.0,810.0
2022-11-17 12:44:00,101.25,712.5,813.75
2022-11-17 12:45:00,108.75,738.75,847.5
2022-11-17 12:46:00,142.5,701.25,843.75
2022-11-17 12:47:00,176.25,678.75,855.0
2022-11-17 12:48:00,228.75,618.75,847.5
2022-11-17 12:49:00,236.25,626.25,862.5
2022-11-17 12:50:00,232.5,641.25,873.75
2022-11-17 12:51:00,202.5,697.5,900.0
2022-11-17 12:52:00,247.5,641.25,888.75
2022-11-17 12:53:00,247.5,648.75,896.25
2022-11-17 12:54:00,255.0,641.25,896.25
2022-11-17 12:55:00,255.0,652.5,907.5
2022-11-17 12:56:00,262.5,652.5,915.0
2022-11-17 12:57:00,255.0,660.0,915.0
2022-11-17 12:58:00,217.5,701.25,918.75
2022-11-17 12:59:00,228.75,701.25,930.0
2022-11-17 13:00:00,210.0,738.75,948.75
2022-11-17 13:01:00,221.25,772.5,993.75
2022-11-17 13:02:00,262.5,753.75,1016.25
2022-11-17 13:03:00,258.75,738.75,997.5
2022-11-17 13:04:00,285.0,701.25,986.25
2022-11-17 13:05:00,236.25,768.75,1005.0
2022-11-17 13:06:00,217.5,810.0,1027.5
2022-11-17 13:07:00,202.5,840.0,1042.5
2022-11-17 13:08:00,206.25,817.5,1023.75
2022-11-17 13:09:00,255.0,761.25,1016.25
2022-11-17 13:10:00,285.0,735.0,1020.0
2022-11-17 13:11:00,292.5,716.25,1008.75
2022-11-17 13:12:00,281.25,753.75,1035.0
2022-11-17 13:13:00,285.0,768.75,1053.75
2022-11-17 13:14:00,243.75,836.25,1080.0
2022-11-17 13:15:00,281.25,795.0,1076.25
2022-11-17 13:16:00,322.5,720.0,1042.5
2022-11-17 13:17:00,322.5,742.5,1065.0
2022-11-17 13:18:00,311.25,761.25,1072.5
2022-11-17 13:19:00,296.25,780.0,1076.25
2022-11-17 13:20:00,300.0,787.5,1087.5
2022-11-17 13:21:00,270.0,832.5,1102.5
2022-11-17 13:22:00,221.25,930.0,1151.25
2022-11-17 13:23:00,228.75,907.5,1136.25
2022-11-17 13:24:00,262.5,888.75,1151.25
2022-11-17 13:25:00,270.0,896.25,1166.25
2022-11-17 13:26:00,288.75,866.25,1155.0
2022-11-17 13:27:00,277.5,885.0,1162.5
2022-11-17 13:28:00,255.0,915.0,1170.0
2022-11-17 13:29:00,183.75,975.0,1158.75
2022-11-17 13:30:00,240.0,945.0,1185.0
2022-11-17 13:31:00,225.0,945.0,1170.0
2022-11-17 13:32:00,217.5,952.5,1170.0
2022-11-17 13:33:00,255.0,922.5,1177.5
2022-11-17 13:34:00,206.25,967.5,1173.75
2022-11-17 13:35:00,210.0,967.5,1177.5
2022-11-17 13:36:00,168.75,986.25,1155.0
2022-11-17 13:37:00,176.25,1016.25,1192.5
2022-11-17 13:38:00,75.0,1076.25,1151.25
2022-11-17 13:39:00,146.25,1061.25,1207.5
2022-11-17 13:40:00,146.25,1057.5,1203.75
2022-11-17 13:41:00,213.75,1012.5,1226.25
2022-11-17 13:42:00,240.0,982.5,1222.5
2022-11-17 13:43:00,255.0,975.0,1230.0
2022-11-17 13:44:00,292.5,948.75,1241.25
2022-11-17 13:45:00,337.5,885.0,1222.5
2022-11-17 13:46:00,345.0,881.25,1226.25
2022-11-17 13:47:00,330.0,918.75,1248.75
2022-11-17 13:48:00,300.0,937.5,1237.5
2022-11-17 13:49:00,270.0,993.75,1263.75
2022-11-17 13:50:00,285.0,963.75,1248.75
2022-11-17 13:51:00,285.0,993.75,1278.75
2022-11-17 13:52:00,270.0,1001.25,1271.25
2022-11-17 13:53:00,292.5,967.5,1260.0
2022-11-17 13:54:00,296.25,963.75,1260.0
2022-11-17 13:55:00,315.0,922.5,1237.5
2022-11-17 13:56:00,315.0,941.25,1256.25
2022-11-17 13:57:00,311.25,937.5,1248.75
2022-11-17 13:58:00,277.5,1005.0,1282.5
2022-11-17 13:59:00,255.0,1008.75,1263.75
2022-11-17 14:00:00,277.5,990.0,1267.5
2022-11-17 14:01:00,330.0,952.5,1282.5
2022-11-17 14:02:00,318.75,956.25,1275.0
2022-11-17 14:03:00,360.0,911.25,1271.25
2022-11-17 14:04:00,423.75,817.5,1241.25
2022-11-17 14:05:00,397.5,903.75,1301.25
2022-11-17 14:06:00,405.0,903.75,1308.75
2022-11-17 14:07:00,375.0,1005.0,1380.0
2022-11-17 14:08:00,356.25,1016.25,1372.5
2022-11-17 14:09:00,375.0,971.25,1346.25
2022-11-17 14:10:00,345.0,1008.75,1353.75
2022-11-17 14:11:00,322.5,1023.75,1346.25
2022-11-17 14:12:00,341.25,1023.75,1365.0
2022-11-17 14:13:00,311.25,1057.5,1368.75
2022-11-17 14:14:00,292.5,1083.75,1376.25
2022-11-17 14:15:00,288.75,1087.5,1376.25
2022-11-17 14:16:00,292.5,1095.0,1387.5
2022-11-17 14:17:00,303.75,1106.25,1410.0
2022-11-17 14:18:00,300.0,1125.0,1425.0
2022-11-17 14:19:00,333.75,1106.25,1440.0
2022-11-17 14:20:00,322.5,1102.5,1425.0
2022-11-17 14:21:00,333.75,1076.25,1410.0
2022-11-17 14:22:00,322.5,1095.0,1417.5
2022-11-17 14:23:00,318.75,1087.5,1406.25
2022-11-17 14:24:00,356.25,1072.5,1428.75
2022-11-17 14:25:00,412.5,1035.0,1447.5
2022-11-17 14:26:00,446.25,975.0,1421.25
2022-11-17 14:27:00,457.5,982.5,1440.0
2022-11-17 14:28:00,446.25,993.75,1440.0
2022-11-17 14:29:00,450.0,978.75,1428.75
2022-11-17 14:30:00,491.25,821.25,1312.5
2022-11-17 14:31:00,476.25,888.75,1365.0
2022-11-17 14:32:00,476.25,956.25,1432.5
2022-11-17 14:33:00,453.75,1080.0,1533.75
2022-11-17 14:34:00,450.0,1046.25,1496.25
2022-11-17 14:35:00,453.75,1068.75,1522.5
2022-11-17 14:36:00,461.25,1050.0,1511.25
2022-11-17 14:37:00,483.75,990.0,1473.75
2022-11-17 14:38:00,506.25,930.0,1436.25
2022-11-17 14:39:00,498.75,963.75,1462.5
2022-11-17 14:40:00,498.75,1001.25,1500.0
2022-11-17 14:41:00,502.5,997.5,1500.0
2022-11-17 14:42:00,510.0,986.25,1496.25
2022-11-17 14:43:00,502.5,1038.75,1541.25
2022-11-17 14:44:00,502.5,1057.5,1560.0
2022-11-17 14:45:00,491.25,1113.75,1605.0
2022-11-17 14:46:00,491.25,1106.25,1597.5
2022-11-17 14:47:00,480.0,1188.75,1668.75
2022-11-17 14:48:00,480.0,1203.75,1683.75
2022-11-17 14:49:00,472.5,1215.0,1687.5
2022-11-17 14:50:00,446.25,1271.25,1717.5
2022-11-17 14:51:00,442.5,1256.25,1698.75
2022-11-17 14:52:00,506.25,1200.0,1706.25
2022-11-17 14:53:00,532.5,1166.25,1698.75
2022-11-17 14:54:00,536.25,1121.25,1657.5
2022-11-17 14:55:00,540.0,1173.75,1713.75
2022-11-17 14:56:00,543.75,1125.0,1668.75
2022-11-17 14:57:00,547.5,1136.25,1683.75
2022-11-17 14:58:00,540.0,1230.0,1770.0
2022-11-17 14:59:00,543.75,1110.0,1653.75
2022-11-17 15:00:00,551.25,1192.5,1743.75
2022-11-17 15:01:00,551.25,1218.75,1770.0
2022-11-17 15:02:00,562.5,1248.75,1811.25
2022-11-17 15:03:00,562.5,1278.75,1841.25
2022-11-17 15:04:00,562.5,1301.25,1863.75
2022-11-17 15:05:00,562.5,1308.75,1871.25
2022-11-17 15:06:00,570.0,1316.25,1886.25
2022-11-17 15:07:00,573.75,1308.75,1882.5
2022-11-17 15:08:00,570.0,1301.25,1871.25
2022-11-17 15:09:00,573.75,1305.0,1878.75
2022-11-17 15:10:00,581.25,1286.25,1867.5
2022-11-17 15:11:00,577.5,1211.25,1788.75
2022-11-17 15:12:00,577.5,930.0,1507.5
2022-11-17 15:13:00,577.5,1016.25,1593.75
2022-11-17 15:14:00,581.25,945.0,1526.25
2022-11-17 15:15:00,577.5,641.25,1218.75
2022-11-17 15:16:00,573.75,615.0,1188.75
2022-11-17 15:17:00,577.5,1020.0,1597.5
2022-11-17 15:18:00,581.25,1027.5,1608.75
2022-11-17 15:19:00,577.5,933.75,1511.25
2022-11-17 15:20:00,581.25,776.25,1357.5
2022-11-17 15:21:00,581.25,776.25,1357.5
2022-11-17 15:22:00,581.25,776.25,1357.5
2022-11-17 15:23:00,581.25,776.25,1357.5
2022-11-17 15:24:00,581.25,776.25,1357.5
2022-11-17 15:25:00,581.25,776.25,1357.5
2022-11-17 15:26:00,581.25,776.25,1357.5
2022-11-17 15:27:00,581.25,776.25,1357.5
2022-11-17 15:28:00,581.25,776.25,1357.5
2022-11-17 15:29:00,581.25,776.25,1357.5
2022-11-17 15:30:00,581.25,776.25,1357.5
2022-11-24 10:15:00,0.0,0.0,0.0
2022-11-24 10:16:00,33.75,0.0,33.75
2022-11-24 10:17:00,18.75,7.5,26.25
2022-11-24 10:18:00,33.75,-3.75,30.0
2022-11-24 10:19:00,33.75,3.75,37.5
2022-11-24 10:20:00,18.75,11.25,30.0
2022-11-24 10:21:00,26.25,7.5,33.75
2022-11-24 10:22:00,56.25,15.0,71.25
2022-11-24 10:23:00,-30.0,120.0,90.0
2022-11-24 10:24:00,-37.5,153.75,116.25
2022-11-24 10:25:00,-165.0,183.75,18.75
2022-11-24 10:26:00,-255.0,183.75,-71.25
2022-11-24 10:27:00,-206.25,172.5,-33.75
2022-11-24 10:28:00,-206.25,161.25,-45.0
2022-11-24 10:29:00,-138.75,150.0,11.25
2022-11-24 10:30:00,-112.5,123.75,11.25
2022-11-24 10:31:00,-146.25,127.5,-18.75
2022-11-24 10:32:00,-202.5,142.5,-60.0
2022-11-24 10:33:00,-165.0,138.75,-26.25
2022-11-24 10:34:00,-172.5,146.25,-26.25
2022-11-24 10:35:00,-180.0,157.5,-22.5
2022-11-24 10:36:00,-183.75,150.0,-33.75
2022-11-24 10:37:00,-206.25,176.25,-30.0
2022-11-24 10:38:00,-251.25,198.75,-52.5
2022-11-24 10:39:00,-198.75,191.25,-7.5
2022-11-24 10:40:00,-191.25,183.75,-7.5
2022-11-24 10:41:00,-236.25,195.0,-41.25
2022-11-24 10:42:00,-176.25,202.5,26.25
2022-11-24 10:43:00,-131.25,180.0,48.75
2022-11-24 10:44:00,-78.75,157.5,78.75
2022-11-24 10:45:00,-93.75,165.0,71.25
2022-11-24 10:46:00,-123.75,176.25,52.5
2022-11-24 10:47:00,-127.5,172.5,45.0
2022-11-24 10:48:00,-131.25,176.25,45.0
2022-11-24 10:49:00,-101.25,161.25,60.0
2022-11-24 10:50:00,-67.5,157.5,90.0
2022-11-24 10:51:00,-63.75,150.0,86.25
2022-11-24 10:52:00,-105.0,172.5,67.5
2022-11-24 10:53:00,-105.0,172.5,67.5
2022-11-24 10:54:00,-108.75,191.25,82.5
2022-11-24 10:55:00,-112.5,198.75,86.25
2022-11-24 10:56:00,-138.75,243.75,105.0
2022-11-24 10:57:00,-97.5,232.5,135.0
2022-11-24 10:58:00,-71.25,213.75,142.5
2022-11-24 10:59:00,-52.5,187.5,135.0
2022-11-24 11:00:00,30.0,172.5,202.5
2022-11-24 11:01:00,67.5,127.5,195.0
2022-11-24 11:02:00,108.75,116.25,225.0
2022-11-24 11:03:00,67.5,138.75,206.25
2022-11-24 11:04:00,63.75,150.0,213.75
2022-11-24 11:05:00,105.0,142.5,247.5
2022-11-24 11:06:00,45.0,153.75,198.75
2022-11-24 11:07:00,7.5,202.5,210.0
2022-11-24 11:08:00,-33.75,221.25,187.5
2022-11-24 11:09:00,-15.0,232.5,217.5
2022-11-24 11:10:00,-18.75,221.25,202.5
2022-11-24 11:11:00,0.0,206.25,206.25
2022-11-24 11:12:00,0.0,195.0,195.0
2022-11-24 11:13:00,52.5,176.25,228.75
2022-11-24 11:14:00,86.25,157.5,243.75
2022-11-24 11:15:00,78.75,168.75,247.5
2022-11-24 11:16:00,112.5,153.75,266.25
2022-11-24 11:17:00,86.25,172.5,258.75
2022-11-24 11:18:00,60.0,187.5,247.5
2022-11-24 11:19:00,48.75,225.0,273.75
2022-11-24 11:20:00,71.25,187.5,258.75
2022-11-24 11:21:00,101.25,191.25,292.5
2022-11-24 11:22:00,112.5,191.25,303.75
2022-11-24 11:23:00,101.25,187.5,288.75
2022-11-24 11:24:00,78.75,206.25,285.0
2022-11-24 11:25:00,123.75,191.25,315.0
2022-11-24 11:26:00,112.5,198.75,311.25
2022-11-24 11:27:00,112.5,213.75,326.25
2022-11-24 11:28:00,112.5,217.5,330.0
2022-11-24 11:29:00,105.0,213.75,318.75
2022-11-24 11:30:00,131.25,221.25,352.5
2022-11-24 11:31:00,127.5,232.5,360.0
2022-11-24 11:32:00,146.25,210.0,356.25
2022-11-24 11:33:00,116.25,217.5,333.75
2022-11-24 11:34:00,150.0,206.25,356.25
2022-11-24 11:35:00,131.25,213.75,345.0
2022-11-24 11:36:00,127.5,225.0,352.5
2022-11-24 11:37:00,131.25,225.0,356.25
2022-11-24 11:38:00,101.25,292.5,393.75
2022-11-24 11:39:00,82.5,296.25,378.75
2022-11-24 11:40:00,33.75,311.25,345.0
2022-11-24 11:41:00,67.5,307.5,375.0
2022-11-24 11:42:00,93.75,307.5,401.25
2022-11-24 11:43:00,56.25,326.25,382.5
2022-11-24 11:44:00,33.75,337.5,371.25
2022-11-24 11:45:00,-30.0,367.5,337.5
2022-11-24 11:46:00,-11.25,348.75,337.5
2022-11-24 11:47:00,-45.0,367.5,322.5
2022-11-24 11:48:00,-26.25,378.75,352.5
2022-11-24 11:49:00,-26.25,363.75,337.5
2022-11-24 11:50:00,-33.75,356.25,322.5
2022-11-24 11:51:00,11.25,345.0,356.25
2022-11-24 11:52:00,75.0,318.75,393.75
2022-11-24 11:53:00,108.75,315.0,423.75
2022-11-24 11:54:00,112.5,318.75,431.25
2022-11-24 11:55:00,67.5,352.5,420.0
2022-11-24 11:56:00,93.75,333.75,427.5
2022-11-24 11:57:00,11.25,356.25,367.5
2022-11-24 11:58:00,15.0,345.0,360.0
2022-11-24 11:59:00,33.75,348.75,382.5
2022-11-24 12:00:00,71.25,345.0,416.25
2022-11-24 12:01:00,71.25,333.75,405.0
2022-11-24 12:02:00,63.75,333.75,397.5
2022-11-24 12:03:00,-3.75,371.25,367.5
2022-11-24 12:04:00,-22.5,386.25,363.75
2022-11-24 12:05:00,-22.5,390.0,367.5
2022-11-24 12:06:00,0.0,386.25,386.25
2022-11-24 12:07:00,-7.5,390.0,382.5
2022-11-24 12:08:00,-75.0,435.0,360.0
2022-11-24 12:09:00,-240.0,453.75,213.75
2022-11-24 12:10:00,-210.0,435.0,225.0
2022-11-24 12:11:00,-157.5,420.0,262.5
2022-11-24 12:12:00,-191.25,412.5,221.25
2022-11-24 12:13:00,-311.25,420.0,108.75
2022-11-24 12:14:00,-266.25,427.5,161.25
2022-11-24 12:15:00,-258.75,423.75,165.0
2022-11-24 12:16:00,-378.75,435.0,56.25
2022-11-24 12:17:00,-386.25,435.0,48.75
2022-11-24 12:18:00,-412.5,438.75,26.25
2022-11-24 12:19:00,-307.5,423.75,116.25
2022-11-24 12:20:00,-255.0,420.0,165.0
2022-11-24 12:21:00,-217.5,401.25,183.75
2022-11-24 12:22:00,-150.0,382.5,232.5
2022-11-24 12:23:00,-90.0,375.0,285.0
2022-11-24 12:24:00,-37.5,375.0,337.5
2022-11-24 12:25:00,-11.25,382.5,371.25
2022-11-24 12:26:00,22.5,386.25,408.75
2022-11-24 12:27:00,-63.75,420.0,356.25
2022-11-24 12:28:00,-157.5,438.75,281.25
2022-11-24 12:29:00,-150.0,431.25,281.25
2022-11-24 12:30:00,-97.5,416.25,318.75
2022-11-24 12:31:00,-138.75,423.75,285.0
2022-11-24 12:32:00,-157.5,423.75,266.25
2022-11-24 12:33:00,-135.0,416.25,281.25
2022-11-24 12:34:00,-157.5,431.25,273.75
2022-11-24 12:35:00,-131.25,435.0,303.75
2022-11-24 12:36:00,-52.5,412.5,360.0
2022-11-24 12:37:00,-48.75,405.0,356.25
2022-11-24 12:38:00,-105.0,401.25,296.25
2022-11-24 12:39:00,-153.75,420.0,266.25
2022-11-24 12:40:00,-153.75,420.0,266.25
2022-11-24 12:41:00,-123.75,420.0,296.25
2022-11-24 12:42:00,-86.25,412.5,326.25
2022-11-24 12:43:00,-67.5,401.25,333.75
2022-11-24 12:44:00,-93.75,405.0,311.25
2022-11-24 12:45:00,-78.75,412.5,333.75
2022-11-24 12:46:00,-127.5,431.25,303.75
2022-11-24 12:47:00,-206.25,472.5,266.25
2022-11-24 12:48:00,-236.25,476.25,240.0
2022-11-24 12:49:00,-202.5,472.5,270.0
2022-11-24 12:50:00,-236.25,480.0,243.75
2022-11-24 12:51:00,-356.25,476.25,120.0
2022-11-24 12:52:00,-468.75,476.25,7.5
2022-11-24 12:53:00,-378.75,468.75,90.0
2022-11-24 12:54:00,-371.25,465.0,93.75
2022-11-24 12:55:00,-285.0,461.25,176.25
2022-11-24 12:56:00,-213.75,446.25,232.5
2022-11-24 12:57:00,-247.5,446.25,198.75
2022-11-24 12:58:00,-386.25,457.5,71.25
2022-11-24 12:59:00,-442.5,465.0,22.5
2022-11-24 13:00:00,-390.0,468.75,78.75
2022-11-24 13:01:00,-442.5,468.75,26.25
2022-11-24 13:02:00,-412.5,461.25,48.75
2022-11-24 13:03:00,-367.5,461.25,93.75
2022-11-24 13:04:00,-311.25,453.75,142.5
2022-11-24 13:05:00,-307.5,457.5,150.0
2022-11-24 13:06:00,-266.25,457.5,191.25
2022-11-24 13:07:00,-228.75,446.25,217.5
2022-11-24 13:08:00,-232.5,446.25,213.75
2022-11-24 13:09:00,-153.75,427.5,273.75
2022-11-24 13:10:00,-135.0,431.25,296.25
2022-11-24 13:11:00,-63.75,420.0,356.25
2022-11-24 13:12:00,-108.75,431.25,322.5
2022-11-24 13:13:00,-161.25,446.25,285.0
2022-11-24 13:14:00,-153.75,457.5,303.75
2022-11-24 13:15:00,-108.75,442.5,333.75
2022-11-24 13:16:00,-82.5,431.25,348.75
2022-11-24 13:17:00,-112.5,446.25,333.75
2022-11-24 13:18:00,-112.5,446.25,333.75
2022-11-24 13:19:00,-60.0,435.0,375.0
2022-11-24 13:20:00,-33.75,438.75,405.0
2022-11-24 13:21:00,-90.0,453.75,363.75
2022-11-24 13:22:00,-63.75,453.75,390.0
2022-11-24 13:23:00,-41.25,450.0,408.75
2022-11-24 13:24:00,48.75,408.75,457.5
2022-11-24 13:25:00,82.5,416.25,498.75
2022-11-24 13:26:00,138.75,416.25,555.0
2022-11-24 13:27:00,78.75,453.75,532.5
2022-11-24 13:28:00,90.0,457.5,547.5
2022-11-24 13:29:00,97.5,450.0,547.5
2022-11-24 13:30:00,37.5,498.75,536.25
2022-11-24 13:31:00,165.0,465.0,630.0
2022-11-24 13:32:00,33.75,510.0,543.75
2022-11-24 13:33:00,97.5,506.25,603.75
2022-11-24 13:34:00,90.0,502.5,592.5
2022-11-24 13:35:00,135.0,495.0,630.0
2022-11-24 13:36:00,116.25,491.25,607.5
2022-11-24 13:37:00,135.0,491.25,626.25
2022-11-24 13:38:00,123.75,498.75,622.5
2022-11-24 13:39:00,90.0,528.75,618.75
2022-11-24 13:40:00,67.5,543.75,611.25
2022-11-24 13:41:00,37.5,577.5,615.0
2022-11-24 13:42:00,67.5,573.75,641.25
2022-11-24 13:43:00,82.5,558.75,641.25
2022-11-24 13:44:00,45.0,573.75,618.75
2022-11-24 13:45:00,-7.5,585.0,577.5
2022-11-24 13:46:00,7.5,592.5,600.0
2022-11-24 13:47:00,-3.75,588.75,585.0
2022-11-24 13:48:00,-60.0,626.25,566.25
2022-11-24 13:49:00,-52.5,611.25,558.75
2022-11-24 13:50:00,37.5,607.5,645.0
2022-11-24 13:51:00,-7.5,615.0,607.5
2022-11-24 13:52:00,-18.75,622.5,603.75
2022-11-24 13:53:00,3.75,622.5,626.25
2022-11-24 13:54:00,-45.0,626.25,581.25
2022-11-24 13:55:00,-52.5,622.5,570.0
2022-11-24 13:56:00,3.75,630.0,633.75
2022-11-24 13:57:00,30.0,622.5,652.5
2022-11-24 13:58:00,15.0,630.0,645.0
2022-11-24 13:59:00,-11.25,630.0,618.75
2022-11-24 14:00:00,3.75,618.75,622.5
2022-11-24 14:01:00,45.0,622.5,667.5
2022-11-24 14:02:00,78.75,611.25,690.0
2022-11-24 14:03:00,37.5,611.25,648.75
2022-11-24 14:04:00,41.25,615.0,656.25
2022-11-24 14:05:00,-157.5,641.25,483.75
2022-11-24 14:06:00,-150.0,641.25,491.25
2022-11-24 14:07:00,-161.25,641.25,480.0
2022-11-24 14:08:00,-172.5,645.0,472.5
2022-11-24 14:09:00,-86.25,637.5,551.25
2022-11-24 14:10:00,-225.0,641.25,416.25
2022-11-24 14:11:00,-375.0,645.0,270.0
2022-11-24 14:12:00,-487.5,641.25,153.75
2022-11-24 14:13:00,-495.0,648.75,153.75
2022-11-24 14:14:00,-453.75,641.25,187.5
2022-11-24 14:15:00,-588.75,637.5,48.75
2022-11-24 14:16:00,-536.25,592.5,56.25
2022-11-24 14:17:00,-592.5,645.0,52.5
2022-11-24 14:18:00,-731.25,795.0,63.75
2022-11-24 14:19:00,-521.25,645.0,123.75
2022-11-24 14:20:00,-397.5,607.5,210.0
2022-11-24 14:21:00,-326.25,390.0,63.75
2022-11-24 14:22:00,-277.5,318.75,41.25
2022-11-24 14:23:00,-427.5,468.75,41.25
2022-11-24 14:24:00,-401.25,453.75,52.5
2022-11-24 14:25:00,-405.0,431.25,26.25
2022-11-24 14:26:00,-405.0,476.25,71.25
2022-11-24 14:27:00,-360.0,386.25,26.25
2022-11-24 14:28:00,-405.0,457.5,52.5
2022-11-24 14:29:00,-348.75,390.0,41.25
2022-11-24 14:30:00,-341.25,423.75,82.5
2022-11-24 14:31:00,-382.5,498.75,116.25
2022-11-24 14:32:00,-427.5,573.75,146.25
2022-11-24 14:33:00,-345.0,453.75,108.75
2022-11-24 14:34:00,-247.5,397.5,150.0
2022-11-24 14:35:00,-296.25,450.0,153.75
2022-11-24 14:36:00,-382.5,603.75,221.25
2022-11-24 14:37:00,-461.25,723.75,262.5
2022-11-24 14:38:00,-798.75,960.0,161.25
2022-11-24 14:39:00,-588.75,798.75,210.0
2022-11-24 14:40:00,-367.5,555.0,187.5
2022-11-24 14:41:00,-330.0,536.25,206.25
2022-11-24 14:42:00,-41.25,288.75,247.5
2022-11-24 14:43:00,-22.5,60.0,37.5
2022-11-24 14:44:00,-202.5,408.75,206.25
2022-11-24 14:45:00,-131.25,360.0,228.75
2022-11-24 14:46:00,-187.5,453.75,266.25
2022-11-24 14:47:00,-15.0,270.0,255.0
2022-11-24 14:48:00,-15.0,277.5,262.5
2022-11-24 14:49:00,-63.75,420.0,356.25
2022-11-24 14:50:00,-30.0,348.75,318.75
2022-11-24 14:51:00,-183.75,705.0,521.25
2022-11-24 14:52:00,-127.5,626.25,498.75
2022-11-24 14:53:00,-11.25,412.5,401.25
2022-11-24 14:54:00,-93.75,633.75,540.0
2022-11-24 14:55:00,-93.75,671.25,577.5
2022-11-24 14:56:00,-112.5,671.25,558.75
2022-11-24 14:57:00,-52.5,517.5,465.0
2022-11-24 14:58:00,-33.75,521.25,487.5
2022-11-24 14:59:00,-465.0,1121.25,656.25
2022-11-24 15:00:00,-472.5,1143.75,671.25
2022-11-24 15:01:00,-847.5,1638.75,791.25
2022-11-24 15:02:00,-1072.5,1743.75,671.25
2022-11-24 15:03:00,-1582.5,1803.75,221.25
2022-11-24 15:04:00,-1852.5,1826.25,-26.25
2022-11-24 15:05:00,-2531.25,1875.0,-656.25
2022-11-24 15:06:00,-2358.75,1860.0,-498.75
2022-11-24 15:07:00,-2523.75,1875.0,-648.75
2022-11-24 15:08:00,-3018.75,1905.0,-1113.75
2022-11-24 15:09:00,-3363.75,1908.75,-1455.0
2022-11-24 15:10:00,-3937.5,1897.5,-2040.0
2022-11-24 15:11:00,-3765.0,1897.5,-1867.5
2022-11-24 15:12:00,-3967.5,1901.25,-2066.25
2022-11-24 15:13:00,-4188.75,1908.75,-2280.0
2022-11-24 15:14:00,-4098.75,1923.75,-2175.0
2022-11-24 15:15:00,-4391.25,1908.75,-2482.5
2022-11-24 15:16:00,-4526.25,1920.0,-2606.25
2022-11-24 15:17:00,-4852.5,1916.25,-2936.25
2022-11-24 15:18:00,-5051.25,1923.75,-3127.5
2022-11-24 15:19:00,-5287.5,1938.75,-3348.75
2022-11-24 15:20:00,-5351.25,1931.25,-3420.0
2022-11-24 15:21:00,-5351.25,1931.25,-3420.0
2022-11-24 15:22:00,-5351.25,1931.25,-3420.0
2022-11-24 15:23:00,-5351.25,1931.25,-3420.0
2022-11-24 15:24:00,-5351.25,1931.25,-3420.0
2022-11-24 15:25:00,-5351.25,1931.25,-3420.0
2022-11-24 15:26:00,-5351.25,1931.25,-3420.0
2022-11-24 15:27:00,-5351.25,1931.25,-3420.0
2022-11-24 15:28:00,-5351.25,1931.25,-3420.0
2022-11-24 15:29:00,-5351.25,1931.25,-3420.0
2022-11-24 15:30:00,-5351.25,1931.25,-3420.0
2022-12-01 10:15:00,0.0,0.0,0.0
2022-12-01 10:16:00,26.25,-30.0,-3.75
2022-12-01 10:17:00,78.75,-101.25,-22.5
2022-12-01 10:18:00,97.5,-165.0,-67.5
2022-12-01 10:19:00,187.5,-281.25,-93.75
2022-12-01 10:20:00,243.75,-292.5,-48.75
2022-12-01 10:21:00,240.0,-273.75,-33.75
2022-12-01 10:22:00,191.25,-206.25,-15.0
2022-12-01 10:23:00,240.0,-345.0,-105.0
2022-12-01 10:24:00,198.75,-266.25,-67.5
2022-12-01 10:25:00,206.25,-247.5,-41.25
2022-12-01 10:26:00,116.25,-75.0,41.25
2022-12-01 10:27:00,78.75,-52.5,26.25
2022-12-01 10:28:00,112.5,-82.5,30.0
2022-12-01 10:29:00,86.25,-3.75,82.5
2022-12-01 10:30:00,112.5,-48.75,63.75
2022-12-01 10:31:00,153.75,-71.25,82.5
2022-12-01 10:32:00,217.5,-161.25,56.25
2022-12-01 10:33:00,217.5,-221.25,-3.75
2022-12-01 10:34:00,198.75,-243.75,-45.0
2022-12-01 10:35:00,213.75,-236.25,-22.5
2022-12-01 10:36:00,232.5,-236.25,-3.75
2022-12-01 10:37:00,172.5,-75.0,97.5
2022-12-01 10:38:00,172.5,-52.5,120.0
2022-12-01 10:39:00,168.75,-63.75,105.0
2022-12-01 10:40:00,191.25,-105.0,86.25
2022-12-01 10:41:00,228.75,-206.25,22.5
2022-12-01 10:42:00,202.5,-176.25,26.25
2022-12-01 10:43:00,213.75,-198.75,15.0
2022-12-01 10:44:00,221.25,-191.25,30.0
2022-12-01 10:45:00,213.75,-180.0,33.75
2022-12-01 10:46:00,213.75,-146.25,67.5
2022-12-01 10:47:00,161.25,-75.0,86.25
2022-12-01 10:48:00,202.5,-90.0,112.5
2022-12-01 10:49:00,198.75,-138.75,60.0
2022-12-01 10:50:00,172.5,-82.5,90.0
2022-12-01 10:51:00,161.25,-48.75,112.5
2022-12-01 10:52:00,138.75,0.0,138.75
2022-12-01 10:53:00,82.5,202.5,285.0
2022-12-01 10:54:00,82.5,161.25,243.75
2022-12-01 10:55:00,97.5,138.75,236.25
2022-12-01 10:56:00,127.5,131.25,258.75
2022-12-01 10:57:00,116.25,101.25,217.5
2022-12-01 10:58:00,127.5,97.5,225.0
2022-12-01 10:59:00,127.5,63.75,191.25
2022-12-01 11:00:00,71.25,337.5,408.75
2022-12-01 11:01:00,67.5,262.5,330.0
2022-12-01 11:02:00,112.5,187.5,300.0
2022-12-01 11:03:00,78.75,262.5,341.25
2022-12-01 11:04:00,101.25,228.75,330.0
2022-12-01 11:05:00,93.75,243.75,337.5
2022-12-01 11:06:00,75.0,296.25,371.25
2022-12-01 11:07:00,67.5,300.0,367.5
2022-12-01 11:08:00,41.25,318.75,360.0
2022-12-01 11:09:00,56.25,292.5,348.75
2022-12-01 11:10:00,93.75,243.75,337.5
2022-12-01 11:11:00,157.5,191.25,348.75
2022-12-01 11:12:00,195.0,157.5,352.5
2022-12-01 11:13:00,195.0,157.5,352.5
2022-12-01 11:14:00,120.0,247.5,367.5
2022-12-01 11:15:00,108.75,243.75,352.5
2022-12-01 11:16:00,120.0,221.25,341.25
2022-12-01 11:17:00,142.5,206.25,348.75
2022-12-01 11:18:00,138.75,206.25,345.0
2022-12-01 11:19:00,142.5,213.75,356.25
2022-12-01 11:20:00,161.25,210.0,371.25
2022-12-01 11:21:00,176.25,153.75,330.0
2022-12-01 11:22:00,270.0,75.0,345.0
2022-12-01 11:23:00,232.5,82.5,315.0
2022-12-01 11:24:00,187.5,157.5,345.0
2022-12-01 11:25:00,232.5,71.25,303.75
2022-12-01 11:26:00,198.75,116.25,315.0
2022-12-01 11:27:00,180.0,153.75,333.75
2022-12-01 11:28:00,187.5,157.5,345.0
2022-12-01 11:29:00,198.75,165.0,363.75
2022-12-01 11:30:00,225.0,157.5,382.5
2022-12-01 11:31:00,202.5,187.5,390.0
2022-12-01 11:32:00,191.25,217.5,408.75
2022-12-01 11:33:00,258.75,116.25,375.0
2022-12-01 11:34:00,210.0,135.0,345.0
2022-12-01 11:35:00,195.0,172.5,367.5
2022-12-01 11:36:00,198.75,187.5,386.25
2022-12-01 11:37:00,187.5,262.5,450.0
2022-12-01 11:38:00,198.75,187.5,386.25
2022-12-01 11:39:00,187.5,221.25,408.75
2022-12-01 11:40:00,168.75,240.0,408.75
2022-12-01 11:41:00,176.25,228.75,405.0
2022-12-01 11:42:00,210.0,198.75,408.75
2022-12-01 11:43:00,221.25,168.75,390.0
2022-12-01 11:44:00,228.75,142.5,371.25
2022-12-01 11:45:00,311.25,63.75,375.0
2022-12-01 11:46:00,333.75,7.5,341.25
2022-12-01 11:47:00,337.5,-37.5,300.0
2022-12-01 11:48:00,322.5,22.5,345.0
2022-12-01 11:49:00,303.75,60.0,363.75
2022-12-01 11:50:00,303.75,22.5,326.25
2022-12-01 11:51:00,322.5,-3.75,318.75
2022-12-01 11:52:00,322.5,0.0,322.5
2022-12-01 11:53:00,315.0,37.5,352.5
2022-12-01 11:54:00,348.75,-67.5,281.25
2022-12-01 11:55:00,348.75,-45.0,303.75
2022-12-01 11:56:00,397.5,-153.75,243.75
2022-12-01 11:57:00,360.0,-75.0,285.0
2022-12-01 11:58:00,375.0,-116.25,258.75
2022-12-01 11:59:00,363.75,-82.5,281.25
2022-12-01 12:00:00,363.75,-86.25,277.5
2022-12-01 12:01:00,382.5,-142.5,240.0
2022-12-01 12:02:00,375.0,-71.25,303.75
2022-12-01 12:03:00,348.75,37.5,386.25
2022-12-01 12:04:00,318.75,142.5,461.25
2022-12-01 12:05:00,318.75,105.0,423.75
2022-12-01 12:06:00,300.0,165.0,465.0
2022-12-01 12:07:00,296.25,127.5,423.75
2022-12-01 12:08:00,300.0,150.0,450.0
2022-12-01 12:09:00,292.5,191.25,483.75
2022-12-01 12:10:00,281.25,236.25,517.5
2022-12-01 12:11:00,277.5,217.5,495.0
2022-12-01 12:12:00,300.0,131.25,431.25
2022-12-01 12:13:00,281.25,236.25,517.5
2022-12-01 12:14:00,296.25,195.0,491.25
2022-12-01 12:15:00,296.25,225.0,521.25
2022-12-01 12:16:00,292.5,198.75,491.25
2022-12-01 12:17:00,273.75,225.0,498.75
2022-12-01 12:18:00,165.0,390.0,555.0
2022-12-01 12:19:00,138.75,491.25,630.0
2022-12-01 12:20:00,105.0,472.5,577.5
2022-12-01 12:21:00,105.0,555.0,660.0
2022-12-01 12:22:00,-52.5,607.5,555.0
2022-12-01 12:23:00,-18.75,596.25,577.5
2022-12-01 12:24:00,48.75,558.75,607.5
2022-12-01 12:25:00,41.25,547.5,588.75
2022-12-01 12:26:00,26.25,543.75,570.0
2022-12-01 12:27:00,86.25,521.25,607.5
2022-12-01 12:28:00,150.0,472.5,622.5
2022-12-01 12:29:00,97.5,525.0,622.5
2022-12-01 12:30:00,56.25,521.25,577.5
2022-12-01 12:31:00,26.25,558.75,585.0
2022-12-01 12:32:00,22.5,562.5,585.0
2022-12-01 12:33:00,86.25,536.25,622.5
2022-12-01 12:34:00,78.75,528.75,607.5
2022-12-01 12:35:00,105.0,525.0,630.0
2022-12-01 12:36:00,112.5,551.25,663.75
2022-12-01 12:37:00,131.25,502.5,633.75
2022-12-01 12:38:00,78.75,551.25,630.0
2022-12-01 12:39:00,108.75,521.25,630.0
2022-12-01 12:40:00,56.25,547.5,603.75
2022-12-01 12:41:00,78.75,532.5,611.25
2022-12-01 12:42:00,82.5,532.5,615.0
2022-12-01 12:43:00,127.5,521.25,648.75
2022-12-01 12:44:00,97.5,540.0,637.5
2022-12-01 12:45:00,120.0,528.75,648.75
2022-12-01 12:46:00,116.25,540.0,656.25
2022-12-01 12:47:00,90.0,562.5,652.5
2022-12-01 12:48:00,86.25,581.25,667.5
2022-12-01 12:49:00,18.75,667.5,686.25
2022-12-01 12:50:00,52.5,652.5,705.0
2022-12-01 12:51:00,45.0,663.75,708.75
2022-12-01 12:52:00,82.5,652.5,735.0
2022-12-01 12:53:00,97.5,645.0,742.5
2022-12-01 12:54:00,146.25,618.75,765.0
2022-12-01 12:55:00,135.0,600.0,735.0
2022-12-01 12:56:00,195.0,540.0,735.0
2022-12-01 12:57:00,123.75,622.5,746.25
2022-12-01 12:58:00,225.0,532.5,757.5
2022-12-01 12:59:00,150.0,558.75,708.75
2022-12-01 13:00:00,165.0,570.0,735.0
2022-12-01 13:01:00,120.0,630.0,750.0
2022-12-01 13:02:00,161.25,577.5,738.75
2022-12-01 13:03:00,157.5,577.5,735.0
2022-12-01 13:04:00,195.0,540.0,735.0
2022-12-01 13:05:00,168.75,588.75,757.5
2022-12-01 13:06:00,127.5,607.5,735.0
2022-12-01 13:07:00,168.75,581.25,750.0
2022-12-01 13:08:00,183.75,570.0,753.75
2022-12-01 13:09:00,157.5,577.5,735.0
2022-12-01 13:10:00,180.0,600.0,780.0
2022-12-01 13:11:00,176.25,596.25,772.5
2022-12-01 13:12:00,183.75,615.0,798.75
2022-12-01 13:13:00,180.0,596.25,776.25
2022-12-01 13:14:00,172.5,618.75,791.25
2022-12-01 13:15:00,168.75,615.0,783.75
2022-12-01 13:16:00,146.25,656.25,802.5
2022-12-01 13:17:00,18.75,798.75,817.5
2022-12-01 13:18:00,60.0,735.0,795.0
2022-12-01 13:19:00,63.75,742.5,806.25
2022-12-01 13:20:00,18.75,753.75,772.5
2022-12-01 13:21:00,3.75,727.5,731.25
2022-12-01 13:22:00,67.5,712.5,780.0
2022-12-01 13:23:00,48.75,720.0,768.75
2022-12-01 13:24:00,86.25,682.5,768.75
2022-12-01 13:25:00,345.0,363.75,708.75
2022-12-01 13:26:00,386.25,11.25,397.5
2022-12-01 13:27:00,356.25,82.5,438.75
2022-12-01 13:28:00,341.25,71.25,412.5
2022-12-01 13:29:00,427.5,-292.5,135.0
2022-12-01 13:30:00,480.0,-686.25,-206.25
2022-12-01 13:31:00,487.5,-708.75,-221.25
2022-12-01 13:32:00,450.0,-176.25,273.75
2022-12-01 13:33:00,438.75,-588.75,-150.0
2022-12-01 13:34:00,453.75,-645.0,-191.25
2022-12-01 13:35:00,566.25,-978.75,-412.5
2022-12-01 13:36:00,521.25,-888.75,-367.5
2022-12-01 13:37:00,570.0,-1091.25,-521.25
2022-12-01 13:38:00,633.75,-1342.5,-708.75
2022-12-01 13:39:00,596.25,-1308.75,-712.5
2022-12-01 13:40:00,536.25,-705.0,-168.75
2022-12-01 13:41:00,401.25,-168.75,232.5
2022-12-01 13:42:00,468.75,-453.75,15.0
2022-12-01 13:43:00,476.25,-416.25,60.0
2022-12-01 13:44:00,502.5,-412.5,90.0
2022-12-01 13:45:00,528.75,-540.0,-11.25
2022-12-01 13:46:00,540.0,-555.0,-15.0
2022-12-01 13:47:00,573.75,-697.5,-123.75
2022-12-01 13:48:00,573.75,-652.5,-78.75
2022-12-01 13:49:00,547.5,-693.75,-146.25
2022-12-01 13:50:00,532.5,-720.0,-187.5
2022-12-01 13:51:00,543.75,-746.25,-202.5
2022-12-01 13:52:00,551.25,-750.0,-198.75
2022-12-01 13:53:00,585.0,-806.25,-221.25
2022-12-01 13:54:00,600.0,-952.5,-352.5
2022-12-01 13:55:00,630.0,-1481.25,-851.25
2022-12-01 13:56:00,1072.5,-1875.0,-802.5
2022-12-01 13:57:00,828.75,-1323.75,-495.0
2022-12-01 13:58:00,592.5,-1102.5,-510.0
2022-12-01 13:59:00,671.25,-1305.0,-633.75
2022-12-01 14:00:00,626.25,-1162.5,-536.25
2022-12-01 14:01:00,183.75,-543.75,-360.0
2022-12-01 14:02:00,-206.25,-176.25,-382.5
2022-12-01 14:03:00,-356.25,-101.25,-457.5
2022-12-01 14:04:00,-416.25,108.75,-307.5
2022-12-01 14:05:00,-236.25,-15.0,-251.25
2022-12-01 14:06:00,183.75,-292.5,-108.75
2022-12-01 14:07:00,-108.75,-157.5,-266.25
2022-12-01 14:08:00,-172.5,-7.5,-180.0
2022-12-01 14:09:00,-303.75,56.25,-247.5
2022-12-01 14:10:00,-22.5,-82.5,-105.0
2022-12-01 14:11:00,-82.5,3.75,-78.75
2022-12-01 14:12:00,-941.25,498.75,-442.5
2022-12-01 14:13:00,-1200.0,570.0,-630.0
2022-12-01 14:14:00,-1091.25,585.0,-506.25
2022-12-01 14:15:00,-810.0,536.25,-273.75
2022-12-01 14:16:00,-1320.0,697.5,-622.5
2022-12-01 14:17:00,-1245.0,663.75,-581.25
2022-12-01 14:18:00,-731.25,566.25,-165.0
2022-12-01 14:19:00,-476.25,495.0,18.75
2022-12-01 14:20:00,-656.25,498.75,-157.5
2022-12-01 14:21:00,-513.75,435.0,-78.75
2022-12-01 14:22:00,-356.25,453.75,97.5
2022-12-01 14:23:00,-862.5,633.75,-228.75
2022-12-01 14:24:00,-686.25,543.75,-142.5
2022-12-01 14:25:00,-881.25,630.0,-251.25
2022-12-01 14:26:00,-1050.0,648.75,-401.25
2022-12-01 14:27:00,-1200.0,697.5,-502.5
2022-12-01 14:28:00,-1083.75,660.0,-423.75
2022-12-01 14:29:00,-1241.25,731.25,-510.0
2022-12-01 14:30:00,-1181.25,735.0,-446.25
2022-12-01 14:31:00,-1196.25,746.25,-450.0
2022-12-01 14:32:00,-1143.75,746.25,-397.5
2022-12-01 14:33:00,-1181.25,888.75,-292.5
2022-12-01 14:34:00,-1226.25,866.25,-360.0
2022-12-01 14:35:00,-1196.25,817.5,-378.75
2022-12-01 14:36:00,-1083.75,622.5,-461.25
2022-12-01 14:37:00,-956.25,412.5,-543.75
2022-12-01 14:38:00,-956.25,307.5,-648.75
2022-12-01 14:39:00,-888.75,105.0,-783.75
2022-12-01 14:40:00,-933.75,521.25,-412.5
2022-12-01 14:41:00,-948.75,607.5,-341.25
2022-12-01 14:42:00,-911.25,611.25,-300.0
2022-12-01 14:43:00,-881.25,506.25,-375.0
2022-12-01 14:44:00,-881.25,506.25,-375.0
2022-12-01 14:45:00,-873.75,480.0,-393.75
2022-12-01 14:46:00,-776.25,270.0,-506.25
2022-12-01 14:47:00,-813.75,337.5,-476.25
2022-12-01 14:48:00,-881.25,453.75,-427.5
2022-12-01 14:49:00,-896.25,742.5,-153.75
2022-12-01 14:50:00,-993.75,855.0,-138.75
2022-12-01 14:51:00,-941.25,810.0,-131.25
2022-12-01 14:52:00,-941.25,847.5,-93.75
2022-12-01 14:53:00,-888.75,772.5,-116.25
2022-12-01 14:54:00,-948.75,765.0,-183.75
2022-12-01 14:55:00,-918.75,742.5,-176.25
2022-12-01 14:56:00,-948.75,821.25,-127.5
2022-12-01 14:57:00,-956.25,915.0,-41.25
2022-12-01 14:58:00,-941.25,862.5,-78.75
2022-12-01 14:59:00,-978.75,896.25,-82.5
2022-12-01 15:00:00,-948.75,832.5,-116.25
2022-12-01 15:01:00,-843.75,847.5,3.75
2022-12-01 15:02:00,-701.25,675.0,-26.25
2022-12-01 15:03:00,-723.75,933.75,210.0
2022-12-01 15:04:00,-686.25,881.25,195.0
2022-12-01 15:05:00,-686.25,1035.0,348.75
2022-12-01 15:06:00,-678.75,1061.25,382.5
2022-12-01 15:07:00,-663.75,1050.0,386.25
2022-12-01 15:08:00,-663.75,1016.25,352.5
2022-12-01 15:09:00,-633.75,896.25,262.5
2022-12-01 15:10:00,-626.25,641.25,15.0
2022-12-01 15:11:00,-618.75,990.0,371.25
2022-12-01 15:12:00,-618.75,941.25,322.5
2022-12-01 15:13:00,-611.25,1005.0,393.75
2022-12-01 15:14:00,-611.25,892.5,281.25
2022-12-01 15:15:00,-611.25,1050.0,438.75
2022-12-01 15:16:00,-611.25,1061.25,450.0
2022-12-01 15:17:00,-603.75,1151.25,547.5
2022-12-01 15:18:00,-611.25,1173.75,562.5
2022-12-01 15:19:00,-603.75,1170.0,566.25
2022-12-01 15:20:00,-603.75,1158.75,555.0
2022-12-01 15:21:00,-603.75,1158.75,555.0
2022-12-01 15:22:00,-603.75,1158.75,555.0
2022-12-01 15:23:00,-603.75,1158.75,555.0
2022-12-01 15:24:00,-603.75,1158.75,555.0
2022-12-01 15:25:00,-603.75,1158.75,555.0
2022-12-01 15:26:00,-603.75,1158.75,555.0
2022-12-01 15:27:00,-603.75,1158.75,555.0
2022-12-01 15:28:00,-603.75,1158.75,555.0
2022-12-01 15:29:00,-603.75,1158.75,555.0
2022-12-01 15:30:00,-603.75,1158.75,555.0
2022-12-08 10:15:00,0.0,0.0,0.0
2022-12-08 10:16:00,-18.75,22.5,3.75
2022-12-08 10:17:00,-37.5,33.75,-3.75
2022-12-08 10:18:00,-191.25,131.25,-60.0
2022-12-08 10:19:00,-168.75,123.75,-45.0
2022-12-08 10:20:00,-97.5,82.5,-15.0
2022-12-08 10:21:00,-71.25,78.75,7.5
2022-12-08 10:22:00,15.0,33.75,48.75
2022-12-08 10:23:00,86.25,-3.75,82.5
2022-12-08 10:24:00,105.0,-30.0,75.0
2022-12-08 10:25:00,138.75,-26.25,112.5
2022-12-08 10:26:00,258.75,-86.25,172.5
2022-12-08 10:27:00,127.5,7.5,135.0
2022-12-08 10:28:00,33.75,75.0,108.75
2022-12-08 10:29:00,187.5,-45.0,142.5
2022-12-08 10:30:00,180.0,-48.75,131.25
2022-12-08 10:31:00,90.0,-11.25,78.75
2022-12-08 10:32:00,90.0,-18.75,71.25
2022-12-08 10:33:00,195.0,-82.5,112.5
2022-12-08 10:34:00,247.5,-108.75,138.75
2022-12-08 10:35:00,277.5,-116.25,161.25
2022-12-08 10:36:00,326.25,-150.0,176.25
2022-12-08 10:37:00,352.5,-138.75,213.75
2022-12-08 10:38:00,431.25,-198.75,232.5
2022-12-08 10:39:00,543.75,-296.25,247.5
2022-12-08 10:40:00,585.0,-401.25,183.75
2022-12-08 10:41:00,502.5,-255.0,247.5
2022-12-08 10:42:00,562.5,-382.5,180.0
2022-12-08 10:43:00,543.75,-307.5,236.25
2022-12-08 10:44:00,525.0,-266.25,258.75
2022-12-08 10:45:00,540.0,-311.25,228.75
2022-12-08 10:46:00,483.75,-202.5,281.25
2022-12-08 10:47:00,461.25,-180.0,281.25
2022-12-08 10:48:00,506.25,-236.25,270.0
2022-12-08 10:49:00,513.75,-281.25,232.5
2022-12-08 10:50:00,562.5,-345.0,217.5
2022-12-08 10:51:00,663.75,-442.5,221.25
2022-12-08 10:52:00,712.5,-540.0,172.5
2022-12-08 10:53:00,716.25,-558.75,157.5
2022-12-08 10:54:00,663.75,-378.75,285.0
2022-12-08 10:55:00,573.75,-288.75,285.0
2022-12-08 10:56:00,675.0,-498.75,176.25
2022-12-08 10:57:00,660.0,-420.0,240.0
2022-12-08 10:58:00,656.25,-405.0,251.25
2022-12-08 10:59:00,622.5,-266.25,356.25
2022-12-08 11:00:00,622.5,-292.5,330.0
2022-12-08 11:01:00,562.5,-135.0,427.5
2022-12-08 11:02:00,562.5,-142.5,420.0
2022-12-08 11:03:00,615.0,-262.5,352.5
2022-12-08 11:04:00,663.75,-311.25,352.5
2022-12-08 11:05:00,648.75,-288.75,360.0
2022-12-08 11:06:00,648.75,-296.25,352.5
2022-12-08 11:07:00,618.75,-232.5,386.25
2022-12-08 11:08:00,656.25,-288.75,367.5
2022-12-08 11:09:00,682.5,-330.0,352.5
2022-12-08 11:10:00,626.25,-198.75,427.5
2022-12-08 11:11:00,588.75,-127.5,461.25
2022-12-08 11:12:00,637.5,-232.5,405.0
2022-12-08 11:13:00,611.25,-213.75,397.5
2022-12-08 11:14:00,626.25,-236.25,390.0
2022-12-08 11:15:00,626.25,-206.25,420.0
2022-12-08 11:16:00,678.75,-311.25,367.5
2022-12-08 11:17:00,656.25,-273.75,382.5
2022-12-08 11:18:00,570.0,-86.25,483.75
2022-12-08 11:19:00,513.75,22.5,536.25
2022-12-08 11:20:00,543.75,-37.5,506.25
2022-12-08 11:21:00,562.5,-67.5,495.0
2022-12-08 11:22:00,555.0,-52.5,502.5
2022-12-08 11:23:00,622.5,-93.75,528.75
2022-12-08 11:24:00,577.5,-60.0,517.5
2022-12-08 11:25:00,562.5,-56.25,506.25
2022-12-08 11:26:00,551.25,-11.25,540.0
2022-12-08 11:27:00,555.0,26.25,581.25
2022-12-08 11:28:00,588.75,-56.25,532.5
2022-12-08 11:29:00,626.25,-60.0,566.25
2022-12-08 11:30:00,641.25,-63.75,577.5
2022-12-08 11:31:00,577.5,33.75,611.25
2022-12-08 11:32:00,592.5,-18.75,573.75
2022-12-08 11:33:00,611.25,-63.75,547.5
2022-12-08 11:34:00,686.25,-168.75,517.5
2022-12-08 11:35:00,690.0,-172.5,517.5
2022-12-08 11:36:00,701.25,-191.25,510.0
2022-12-08 11:37:00,693.75,-153.75,540.0
2022-12-08 11:38:00,708.75,-176.25,532.5
2022-12-08 11:39:00,708.75,-176.25,532.5
2022-12-08 11:40:00,723.75,-198.75,525.0
2022-12-08 11:41:00,806.25,-288.75,517.5
2022-12-08 11:42:00,746.25,-138.75,607.5
2022-12-08 11:43:00,765.0,-176.25,588.75
2022-12-08 11:44:00,825.0,-300.0,525.0
2022-12-08 11:45:00,795.0,-270.0,525.0
2022-12-08 11:46:00,757.5,-150.0,607.5
2022-12-08 11:47:00,742.5,-131.25,611.25
2022-12-08 11:48:00,701.25,-78.75,622.5
2022-12-08 11:49:00,671.25,-26.25,645.0
2022-12-08 11:50:00,693.75,-75.0,618.75
2022-12-08 11:51:00,708.75,-86.25,622.5
2022-12-08 11:52:00,671.25,-15.0,656.25
2022-12-08 11:53:00,765.0,-108.75,656.25
2022-12-08 11:54:00,806.25,-146.25,660.0
2022-12-08 11:55:00,825.0,-210.0,615.0
2022-12-08 11:56:00,821.25,-251.25,570.0
2022-12-08 11:57:00,783.75,-116.25,667.5
2022-12-08 11:58:00,791.25,-150.0,641.25
2022-12-08 11:59:00,836.25,-206.25,630.0
2022-12-08 12:00:00,836.25,-221.25,615.0
2022-12-08 12:01:00,828.75,-165.0,663.75
2022-12-08 12:02:00,922.5,-367.5,555.0
2022-12-08 12:03:00,888.75,-243.75,645.0
2022-12-08 12:04:00,866.25,-176.25,690.0
2022-12-08 12:05:00,810.0,33.75,843.75
2022-12-08 12:06:00,836.25,-78.75,757.5
2022-12-08 12:07:00,828.75,-52.5,776.25
2022-12-08 12:08:00,802.5,-22.5,780.0
2022-12-08 12:09:00,840.0,-60.0,780.0
2022-12-08 12:10:00,836.25,-52.5,783.75
2022-12-08 12:11:00,843.75,-30.0,813.75
2022-12-08 12:12:00,810.0,0.0,810.0
2022-12-08 12:13:00,795.0,75.0,870.0
2022-12-08 12:14:00,798.75,-15.0,783.75
2022-12-08 12:15:00,832.5,-52.5,780.0
2022-12-08 12:16:00,847.5,-101.25,746.25
2022-12-08 12:17:00,690.0,195.0,885.0
2022-12-08 12:18:00,671.25,195.0,866.25
2022-12-08 12:19:00,671.25,195.0,866.25
2022-12-08 12:20:00,753.75,108.75,862.5
2022-12-08 12:21:00,795.0,41.25,836.25
2022-12-08 12:22:00,903.75,-138.75,765.0
2022-12-08 12:23:00,892.5,-127.5,765.0
2022-12-08 12:24:00,900.0,-123.75,776.25
2022-12-08 12:25:00,885.0,-37.5,847.5
2022-12-08 12:26:00,885.0,-105.0,780.0
2022-12-08 12:27:00,896.25,-101.25,795.0
2022-12-08 12:28:00,900.0,-37.5,862.5
2022-12-08 12:29:00,900.0,-97.5,802.5
2022-12-08 12:30:00,900.0,-93.75,806.25
2022-12-08 12:31:00,907.5,-56.25,851.25
2022-12-08 12:32:00,896.25,3.75,900.0
2022-12-08 12:33:00,903.75,18.75,922.5
2022-12-08 12:34:00,937.5,-105.0,832.5
2022-12-08 12:35:00,937.5,-82.5,855.0
2022-12-08 12:36:00,930.0,0.0,930.0
2022-12-08 12:37:00,956.25,-52.5,903.75
2022-12-08 12:38:00,978.75,-157.5,821.25
2022-12-08 12:39:00,990.0,-146.25,843.75
2022-12-08 12:40:00,1027.5,-202.5,825.0
2022-12-08 12:41:00,1016.25,-142.5,873.75
2022-12-08 12:42:00,1012.5,-75.0,937.5
2022-12-08 12:43:00,1023.75,-138.75,885.0
2022-12-08 12:44:00,1050.0,-161.25,888.75
2022-12-08 12:45:00,1068.75,-225.0,843.75
2022-12-08 12:46:00,1083.75,-172.5,911.25
2022-12-08 12:47:00,1162.5,-588.75,573.75
2022-12-08 12:48:00,1121.25,-465.0,656.25
2022-12-08 12:49:00,1132.5,-510.0,622.5
2022-12-08 12:50:00,1102.5,-371.25,731.25
2022-12-08 12:51:00,1068.75,-288.75,780.0
2022-12-08 12:52:00,1042.5,-90.0,952.5
2022-12-08 12:53:00,1057.5,-138.75,918.75
2022-12-08 12:54:00,1050.0,-150.0,900.0
2022-12-08 12:55:00,1053.75,-187.5,866.25
2022-12-08 12:56:00,1046.25,-210.0,836.25
2022-12-08 12:57:00,1061.25,-195.0,866.25
2022-12-08 12:58:00,1046.25,-135.0,911.25
2022-12-08 12:59:00,1046.25,-131.25,915.0
2022-12-08 13:00:00,1027.5,-37.5,990.0
2022-12-08 13:01:00,1042.5,-75.0,967.5
2022-12-08 13:02:00,1020.0,75.0,1095.0
2022-12-08 13:03:00,1016.25,75.0,1091.25
2022-12-08 13:04:00,978.75,225.0,1203.75
2022-12-08 13:05:00,1008.75,123.75,1132.5
2022-12-08 13:06:00,1038.75,90.0,1128.75
2022-12-08 13:07:00,1042.5,63.75,1106.25
2022-12-08 13:08:00,1023.75,67.5,1091.25
2022-12-08 13:09:00,990.0,183.75,1173.75
2022-12-08 13:10:00,956.25,251.25,1207.5
2022-12-08 13:11:00,911.25,318.75,1230.0
2022-12-08 13:12:00,900.0,300.0,1200.0
2022-12-08 13:13:00,870.0,341.25,1211.25
2022-12-08 13:14:00,907.5,311.25,1218.75
2022-12-08 13:15:00,888.75,307.5,1196.25
2022-12-08 13:16:00,963.75,243.75,1207.5
2022-12-08 13:17:00,903.75,307.5,1211.25
2022-12-08 13:18:00,888.75,322.5,1211.25
2022-12-08 13:19:00,877.5,333.75,1211.25
2022-12-08 13:20:00,885.0,345.0,1230.0
2022-12-08 13:21:00,885.0,333.75,1218.75
2022-12-08 13:22:00,922.5,311.25,1233.75
2022-12-08 13:23:00,903.75,315.0,1218.75
2022-12-08 13:24:00,855.0,345.0,1200.0
2022-12-08 13:25:00,885.0,348.75,1233.75
2022-12-08 13:26:00,933.75,303.75,1237.5
2022-12-08 13:27:00,903.75,330.0,1233.75
2022-12-08 13:28:00,930.0,315.0,1245.0
2022-12-08 13:29:00,926.25,311.25,1237.5
2022-12-08 13:30:00,960.0,303.75,1263.75
2022-12-08 13:31:00,997.5,217.5,1215.0
2022-12-08 13:32:00,1038.75,176.25,1215.0
2022-12-08 13:33:00,1038.75,225.0,1263.75
2022-12-08 13:34:00,836.25,547.5,1383.75
2022-12-08 13:35:00,847.5,532.5,1380.0
2022-12-08 13:36:00,855.0,525.0,1380.0
2022-12-08 13:37:00,888.75,491.25,1380.0
2022-12-08 13:38:00,911.25,472.5,1383.75
2022-12-08 13:39:00,933.75,495.0,1428.75
2022-12-08 13:40:00,975.0,453.75,1428.75
2022-12-08 13:41:00,963.75,461.25,1425.0
2022-12-08 13:42:00,960.0,468.75,1428.75
2022-12-08 13:43:00,975.0,450.0,1425.0
2022-12-08 13:44:00,1008.75,405.0,1413.75
2022-12-08 13:45:00,1057.5,311.25,1368.75
2022-12-08 13:46:00,1042.5,326.25,1368.75
2022-12-08 13:47:00,1053.75,326.25,1380.0
2022-12-08 13:48:00,1068.75,330.0,1398.75
2022-12-08 13:49:00,1072.5,363.75,1436.25
2022-12-08 13:50:00,1061.25,367.5,1428.75
2022-12-08 13:51:00,1076.25,360.0,1436.25
2022-12-08 13:52:00,1076.25,367.5,1443.75
2022-12-08 13:53:00,1117.5,315.0,1432.5
2022-12-08 13:54:00,1106.25,356.25,1462.5
2022-12-08 13:55:00,1113.75,315.0,1428.75
2022-12-08 13:56:00,1173.75,172.5,1346.25
2022-12-08 13:57:00,1173.75,153.75,1327.5
2022-12-08 13:58:00,1147.5,232.5,1380.0
2022-12-08 13:59:00,1110.0,333.75,1443.75
2022-12-08 14:00:00,978.75,491.25,1470.0
2022-12-08 14:01:00,982.5,551.25,1533.75
2022-12-08 14:02:00,1050.0,476.25,1526.25
2022-12-08 14:03:00,1080.0,401.25,1481.25
2022-12-08 14:04:00,1057.5,442.5,1500.0
2022-12-08 14:05:00,1046.25,468.75,1515.0
2022-12-08 14:06:00,1023.75,491.25,1515.0
2022-12-08 14:07:00,1046.25,461.25,1507.5
2022-12-08 14:08:00,1042.5,483.75,1526.25
2022-12-08 14:09:00,1065.0,472.5,1537.5
2022-12-08 14:10:00,1038.75,461.25,1500.0
2022-12-08 14:11:00,1065.0,446.25,1511.25
2022-12-08 14:12:00,1065.0,457.5,1522.5
2022-12-08 14:13:00,1053.75,506.25,1560.0
2022-12-08 14:14:00,1061.25,476.25,1537.5
2022-12-08 14:15:00,978.75,540.0,1518.75
2022-12-08 14:16:00,986.25,547.5,1533.75
2022-12-08 14:17:00,960.0,607.5,1567.5
2022-12-08 14:18:00,888.75,671.25,1560.0
2022-12-08 14:19:00,753.75,757.5,1511.25
2022-12-08 14:20:00,843.75,731.25,1575.0
2022-12-08 14:21:00,888.75,716.25,1605.0
2022-12-08 14:22:00,900.0,738.75,1638.75
2022-12-08 14:23:00,997.5,731.25,1728.75
2022-12-08 14:24:00,911.25,738.75,1650.0
2022-12-08 14:25:00,1012.5,686.25,1698.75
2022-12-08 14:26:00,956.25,712.5,1668.75
2022-12-08 14:27:00,1038.75,682.5,1721.25
2022-12-08 14:28:00,1091.25,652.5,1743.75
2022-12-08 14:29:00,1050.0,712.5,1762.5
2022-12-08 14:30:00,1050.0,693.75,1743.75
2022-12-08 14:31:00,963.75,750.0,1713.75
2022-12-08 14:32:00,1057.5,727.5,1785.0
2022-12-08 14:33:00,1035.0,731.25,1766.25
2022-12-08 14:34:00,1008.75,742.5,1751.25
2022-12-08 14:35:00,1061.25,727.5,1788.75
2022-12-08 14:36:00,1087.5,708.75,1796.25
2022-12-08 14:37:00,1098.75,742.5,1841.25
2022-12-08 14:38:00,1136.25,712.5,1848.75
2022-12-08 14:39:00,1207.5,686.25,1893.75
2022-12-08 14:40:00,1136.25,735.0,1871.25
2022-12-08 14:41:00,1098.75,735.0,1833.75
2022-12-08 14:42:00,1125.0,746.25,1871.25
2022-12-08 14:43:00,1091.25,768.75,1860.0
2022-12-08 14:44:00,1038.75,798.75,1837.5
2022-12-08 14:45:00,1050.0,795.0,1845.0
2022-12-08 14:46:00,1110.0,776.25,1886.25
2022-12-08 14:47:00,1177.5,738.75,1916.25
2022-12-08 14:48:00,1166.25,768.75,1935.0
2022-12-08 14:49:00,1155.0,780.0,1935.0
2022-12-08 14:50:00,1181.25,761.25,1942.5
2022-12-08 14:51:00,1162.5,776.25,1938.75
2022-12-08 14:52:00,1196.25,757.5,1953.75
2022-12-08 14:53:00,1207.5,761.25,1968.75
2022-12-08 14:54:00,1192.5,780.0,1972.5
2022-12-08 14:55:00,1222.5,761.25,1983.75
2022-12-08 14:56:00,1203.75,768.75,1972.5
2022-12-08 14:57:00,1316.25,622.5,1938.75
2022-12-08 14:58:00,1297.5,641.25,1938.75
2022-12-08 14:59:00,1275.0,648.75,1923.75
2022-12-08 15:00:00,1260.0,753.75,2013.75
2022-12-08 15:01:00,1121.25,900.0,2021.25
2022-12-08 15:02:00,1357.5,885.0,2242.5
2022-12-08 15:03:00,1368.75,907.5,2276.25
2022-12-08 15:04:00,1357.5,933.75,2291.25
2022-12-08 15:05:00,1376.25,930.0,2306.25
2022-12-08 15:06:00,1383.75,930.0,2313.75
2022-12-08 15:07:00,1361.25,945.0,2306.25
2022-12-08 15:08:00,1383.75,952.5,2336.25
2022-12-08 15:09:00,1398.75,952.5,2351.25
2022-12-08 15:10:00,1398.75,952.5,2351.25
2022-12-08 15:11:00,1406.25,956.25,2362.5
2022-12-08 15:12:00,1387.5,948.75,2336.25
2022-12-08 15:13:00,1391.25,956.25,2347.5
2022-12-08 15:14:00,1402.5,956.25,2358.75
2022-12-08 15:15:00,1410.0,952.5,2362.5
2022-12-08 15:16:00,1406.25,956.25,2362.5
2022-12-08 15:17:00,1413.75,963.75,2377.5
2022-12-08 15:18:00,1417.5,963.75,2381.25
2022-12-08 15:19:00,1417.5,967.5,2385.0
2022-12-08 15:20:00,1421.25,967.5,2388.75
2022-12-08 15:21:00,1421.25,967.5,2388.75
2022-12-08 15:22:00,1421.25,967.5,2388.75
2022-12-08 15:23:00,1421.25,967.5,2388.75
2022-12-08 15:24:00,1421.25,967.5,2388.75
2022-12-08 15:25:00,1421.25,967.5,2388.75
2022-12-08 15:26:00,1421.25,967.5,2388.75
2022-12-08 15:27:00,1421.25,967.5,2388.75
2022-12-08 15:28:00,1421.25,967.5,2388.75
2022-12-08 15:29:00,1421.25,967.5,2388.75
2022-12-08 15:30:00,1421.25,967.5,2388.75
2022-12-15 10:15:00,0.0,0.0,0.0
2022-12-15 10:16:00,3.75,-15.0,-11.25
2022-12-15 10:17:00,-101.25,75.0,-26.25
2022-12-15 10:18:00,-138.75,112.5,-26.25
2022-12-15 10:19:00,-247.5,161.25,-86.25
2022-12-15 10:20:00,-311.25,195.0,-116.25
2022-12-15 10:21:00,-408.75,247.5,-161.25
2022-12-15 10:22:00,-356.25,247.5,-108.75
2022-12-15 10:23:00,-382.5,247.5,-135.0
2022-12-15 10:24:00,-393.75,288.75,-105.0
2022-12-15 10:25:00,-401.25,288.75,-112.5
2022-12-15 10:26:00,-461.25,311.25,-150.0
2022-12-15 10:27:00,-465.0,307.5,-157.5
2022-12-15 10:28:00,-498.75,315.0,-183.75
2022-12-15 10:29:00,-457.5,296.25,-161.25
2022-12-15 10:30:00,-356.25,273.75,-82.5
2022-12-15 10:31:00,-326.25,270.0,-56.25
2022-12-15 10:32:00,-281.25,251.25,-30.0
2022-12-15 10:33:00,-221.25,243.75,22.5
2022-12-15 10:34:00,-281.25,262.5,-18.75
2022-12-15 10:35:00,-266.25,251.25,-15.0
2022-12-15 10:36:00,-352.5,285.0,-67.5
2022-12-15 10:37:00,-333.75,277.5,-56.25
2022-12-15 10:38:00,-285.0,281.25,-3.75
2022-12-15 10:39:00,-262.5,266.25,3.75
2022-12-15 10:40:00,-202.5,262.5,60.0
2022-12-15 10:41:00,-210.0,270.0,60.0
2022-12-15 10:42:00,-247.5,288.75,41.25
2022-12-15 10:43:00,-221.25,277.5,56.25
2022-12-15 10:44:00,-206.25,281.25,75.0
2022-12-15 10:45:00,-108.75,277.5,168.75
2022-12-15 10:46:00,-198.75,292.5,93.75
2022-12-15 10:47:00,-228.75,318.75,90.0
2022-12-15 10:48:00,-240.0,356.25,116.25
2022-12-15 10:49:00,-206.25,337.5,131.25
2022-12-15 10:50:00,-168.75,326.25,157.5
2022-12-15 10:51:00,-206.25,330.0,123.75
2022-12-15 10:52:00,-78.75,311.25,232.5
2022-12-15 10:53:00,3.75,288.75,292.5
2022-12-15 10:54:00,3.75,288.75,292.5
2022-12-15 10:55:00,41.25,273.75,315.0
2022-12-15 10:56:00,-41.25,292.5,251.25
2022-12-15 10:57:00,-30.0,285.0,255.0
2022-12-15 10:58:00,-7.5,270.0,262.5
2022-12-15 10:59:00,30.0,262.5,292.5
2022-12-15 11:00:00,22.5,266.25,288.75
2022-12-15 11:01:00,127.5,240.0,367.5
2022-12-15 11:02:00,60.0,247.5,307.5
2022-12-15 11:03:00,15.0,270.0,285.0
2022-12-15 11:04:00,7.5,285.0,292.5
2022-12-15 11:05:00,15.0,281.25,296.25
2022-12-15 11:06:00,-52.5,333.75,281.25
2022-12-15 11:07:00,-112.5,360.0,247.5
2022-12-15 11:08:00,-86.25,348.75,262.5
2022-12-15 11:09:00,-48.75,333.75,285.0
2022-12-15 11:10:00,-18.75,330.0,311.25
2022-12-15 11:11:00,56.25,296.25,352.5
2022-12-15 11:12:00,108.75,277.5,386.25
2022-12-15 11:13:00,-63.75,341.25,277.5
2022-12-15 11:14:00,-120.0,337.5,217.5
2022-12-15 11:15:00,-71.25,322.5,251.25
2022-12-15 11:16:00,22.5,311.25,333.75
2022-12-15 11:17:00,48.75,292.5,341.25
2022-12-15 11:18:00,33.75,322.5,356.25
2022-12-15 11:19:00,18.75,318.75,337.5
2022-12-15 11:20:00,37.5,322.5,360.0
2022-12-15 11:21:00,33.75,333.75,367.5
2022-12-15 11:22:00,7.5,330.0,337.5
2022-12-15 11:23:00,71.25,318.75,390.0
2022-12-15 11:24:00,52.5,322.5,375.0
2022-12-15 11:25:00,82.5,311.25,393.75
2022-12-15 11:26:00,90.0,300.0,390.0
2022-12-15 11:27:00,101.25,311.25,412.5
2022-12-15 11:28:00,56.25,318.75,375.0
2022-12-15 11:29:00,112.5,303.75,416.25
2022-12-15 11:30:00,270.0,281.25,551.25
2022-12-15 11:31:00,183.75,326.25,510.0
2022-12-15 11:32:00,232.5,303.75,536.25
2022-12-15 11:33:00,270.0,288.75,558.75
2022-12-15 11:34:00,225.0,303.75,528.75
2022-12-15 11:35:00,217.5,300.0,517.5
2022-12-15 11:36:00,187.5,307.5,495.0
2022-12-15 11:37:00,176.25,307.5,483.75
2022-12-15 11:38:00,108.75,337.5,446.25
2022-12-15 11:39:00,142.5,322.5,465.0
2022-12-15 11:40:00,213.75,303.75,517.5
2022-12-15 11:41:00,198.75,292.5,491.25
2022-12-15 11:42:00,210.0,288.75,498.75
2022-12-15 11:43:00,236.25,292.5,528.75
2022-12-15 11:44:00,202.5,307.5,510.0
2022-12-15 11:45:00,161.25,330.0,491.25
2022-12-15 11:46:00,273.75,292.5,566.25
2022-12-15 11:47:00,281.25,292.5,573.75
2022-12-15 11:48:00,281.25,288.75,570.0
2022-12-15 11:49:00,315.0,277.5,592.5
2022-12-15 11:50:00,296.25,288.75,585.0
2022-12-15 11:51:00,397.5,266.25,663.75
2022-12-15 11:52:00,521.25,176.25,697.5
2022-12-15 11:53:00,465.0,187.5,652.5
2022-12-15 11:54:00,465.0,180.0,645.0
2022-12-15 11:55:00,513.75,150.0,663.75
2022-12-15 11:56:00,468.75,168.75,637.5
2022-12-15 11:57:00,506.25,123.75,630.0
2022-12-15 11:58:00,510.0,176.25,686.25
2022-12-15 11:59:00,521.25,131.25,652.5
2022-12-15 12:00:00,543.75,131.25,675.0
2022-12-15 12:01:00,573.75,105.0,678.75
2022-12-15 12:02:00,618.75,52.5,671.25
2022-12-15 12:03:00,637.5,86.25,723.75
2022-12-15 12:04:00,618.75,82.5,701.25
2022-12-15 12:05:00,671.25,52.5,723.75
2022-12-15 12:06:00,663.75,138.75,802.5
2022-12-15 12:07:00,615.0,213.75,828.75
2022-12-15 12:08:00,637.5,150.0,787.5
2022-12-15 12:09:00,660.0,138.75,798.75
2022-12-15 12:10:00,686.25,105.0,791.25
2022-12-15 12:11:00,776.25,52.5,828.75
2022-12-15 12:12:00,727.5,67.5,795.0
2022-12-15 12:13:00,701.25,120.0,821.25
2022-12-15 12:14:00,656.25,165.0,821.25
2022-12-15 12:15:00,675.0,142.5,817.5
2022-12-15 12:16:00,637.5,161.25,798.75
2022-12-15 12:17:00,611.25,198.75,810.0
2022-12-15 12:18:00,656.25,168.75,825.0
2022-12-15 12:19:00,663.75,142.5,806.25
2022-12-15 12:20:00,686.25,138.75,825.0
2022-12-15 12:21:00,648.75,157.5,806.25
2022-12-15 12:22:00,660.0,157.5,817.5
2022-12-15 12:23:00,697.5,120.0,817.5
2022-12-15 12:24:00,678.75,135.0,813.75
2022-12-15 12:25:00,675.0,142.5,817.5
2022-12-15 12:26:00,678.75,146.25,825.0
2022-12-15 12:27:00,663.75,153.75,817.5
2022-12-15 12:28:00,720.0,101.25,821.25
2022-12-15 12:29:00,742.5,86.25,828.75
2022-12-15 12:30:00,746.25,52.5,798.75
2022-12-15 12:31:00,832.5,-82.5,750.0
2022-12-15 12:32:00,877.5,-232.5,645.0
2022-12-15 12:33:00,900.0,-333.75,566.25
2022-12-15 12:34:00,918.75,-281.25,637.5
2022-12-15 12:35:00,937.5,-307.5,630.0
2022-12-15 12:36:00,907.5,-315.0,592.5
2022-12-15 12:37:00,907.5,-150.0,757.5
2022-12-15 12:38:00,922.5,-210.0,712.5
2022-12-15 12:39:00,922.5,-217.5,705.0
2022-12-15 12:40:00,915.0,-198.75,716.25
2022-12-15 12:41:00,930.0,-300.0,630.0
2022-12-15 12:42:00,937.5,-277.5,660.0
2022-12-15 12:43:00,930.0,-258.75,671.25
2022-12-15 12:44:00,915.0,-236.25,678.75
2022-12-15 12:45:00,926.25,-240.0,686.25
2022-12-15 12:46:00,933.75,-258.75,675.0
2022-12-15 12:47:00,948.75,-213.75,735.0
2022-12-15 12:48:00,915.0,-150.0,765.0
2022-12-15 12:49:00,922.5,-135.0,787.5
2022-12-15 12:50:00,952.5,-225.0,727.5
2022-12-15 12:51:00,948.75,-221.25,727.5
2022-12-15 12:52:00,982.5,-251.25,731.25
2022-12-15 12:53:00,963.75,-258.75,705.0
2022-12-15 12:54:00,956.25,-273.75,682.5
2022-12-15 12:55:00,1008.75,-382.5,626.25
2022-12-15 12:56:00,993.75,-566.25,427.5
2022-12-15 12:57:00,990.0,-498.75,491.25
2022-12-15 12:58:00,993.75,-476.25,517.5
2022-12-15 12:59:00,993.75,-446.25,547.5
2022-12-15 13:00:00,986.25,-318.75,667.5
2022-12-15 13:01:00,971.25,-232.5,738.75
2022-12-15 13:02:00,952.5,-183.75,768.75
2022-12-15 13:03:00,937.5,-225.0,712.5
2022-12-15 13:04:00,948.75,-236.25,712.5
2022-12-15 13:05:00,907.5,-168.75,738.75
2022-12-15 13:06:00,903.75,-153.75,750.0
2022-12-15 13:07:00,900.0,-63.75,836.25
2022-12-15 13:08:00,915.0,-157.5,757.5
2022-12-15 13:09:00,922.5,-168.75,753.75
2022-12-15 13:10:00,907.5,-150.0,757.5
2022-12-15 13:11:00,918.75,-210.0,708.75
2022-12-15 13:12:00,945.0,-236.25,708.75
2022-12-15 13:13:00,952.5,-225.0,727.5
2022-12-15 13:14:00,948.75,-270.0,678.75
2022-12-15 13:15:00,993.75,-367.5,626.25
2022-12-15 13:16:00,1005.0,-288.75,716.25
2022-12-15 13:17:00,982.5,-303.75,678.75
2022-12-15 13:18:00,1008.75,-401.25,607.5
2022-12-15 13:19:00,1005.0,-367.5,637.5
2022-12-15 13:20:00,997.5,-393.75,603.75
2022-12-15 13:21:00,982.5,-442.5,540.0
2022-12-15 13:22:00,1042.5,-603.75,438.75
2022-12-15 13:23:00,1020.0,-472.5,547.5
2022-12-15 13:24:00,1012.5,-435.0,577.5
2022-12-15 13:25:00,997.5,-420.0,577.5
2022-12-15 13:26:00,1001.25,-472.5,528.75
2022-12-15 13:27:00,1001.25,-491.25,510.0
2022-12-15 13:28:00,1008.75,-491.25,517.5
2022-12-15 13:29:00,1016.25,-517.5,498.75
2022-12-15 13:30:00,1016.25,-468.75,547.5
2022-12-15 13:31:00,997.5,-450.0,547.5
2022-12-15 13:32:00,986.25,-461.25,525.0
2022-12-15 13:33:00,1008.75,-472.5,536.25
2022-12-15 13:34:00,990.0,-352.5,637.5
2022-12-15 13:35:00,978.75,-258.75,720.0
2022-12-15 13:36:00,993.75,-311.25,682.5
2022-12-15 13:37:00,982.5,-243.75,738.75
2022-12-15 13:38:00,982.5,-225.0,757.5
2022-12-15 13:39:00,993.75,-273.75,720.0
2022-12-15 13:40:00,997.5,-221.25,776.25
2022-12-15 13:41:00,1027.5,-232.5,795.0
2022-12-15 13:42:00,1035.0,-217.5,817.5
2022-12-15 13:43:00,1087.5,-258.75,828.75
2022-12-15 13:44:00,1143.75,-363.75,780.0
2022-12-15 13:45:00,1136.25,-375.0,761.25
2022-12-15 13:46:00,1132.5,-360.0,772.5
2022-12-15 13:47:00,1106.25,-300.0,806.25
2022-12-15 13:48:00,1121.25,-337.5,783.75
2022-12-15 13:49:00,1177.5,-570.0,607.5
2022-12-15 13:50:00,1170.0,-555.0,615.0
2022-12-15 13:51:00,1181.25,-716.25,465.0
2022-12-15 13:52:00,1188.75,-840.0,348.75
2022-12-15 13:53:00,1177.5,-877.5,300.0
2022-12-15 13:54:00,1192.5,-1117.5,75.0
2022-12-15 13:55:00,1203.75,-888.75,315.0
2022-12-15 13:56:00,1188.75,-825.0,363.75
2022-12-15 13:57:00,1185.0,-847.5,337.5
2022-12-15 13:58:00,1181.25,-798.75,382.5
2022-12-15 13:59:00,1181.25,-847.5,333.75
2022-12-15 14:00:00,1185.0,-761.25,423.75
2022-12-15 14:01:00,1185.0,-682.5,502.5
2022-12-15 14:02:00,1188.75,-701.25,487.5
2022-12-15 14:03:00,1185.0,-630.0,555.0
2022-12-15 14:04:00,1177.5,-645.0,532.5
2022-12-15 14:05:00,1177.5,-675.0,502.5
2022-12-15 14:06:00,1185.0,-798.75,386.25
2022-12-15 14:07:00,1203.75,-810.0,393.75
2022-12-15 14:08:00,1237.5,-776.25,461.25
2022-12-15 14:09:00,1241.25,-682.5,558.75
2022-12-15 14:10:00,1245.0,-637.5,607.5
2022-12-15 14:11:00,1282.5,-757.5,525.0
2022-12-15 14:12:00,1241.25,-255.0,986.25
2022-12-15 14:13:00,1252.5,-356.25,896.25
2022-12-15 14:14:00,1237.5,-183.75,1053.75
2022-12-15 14:15:00,1222.5,-63.75,1158.75
2022-12-15 14:16:00,1233.75,-127.5,1106.25
2022-12-15 14:17:00,1260.0,-180.0,1080.0
2022-12-15 14:18:00,1245.0,0.0,1245.0
2022-12-15 14:19:00,1245.0,56.25,1301.25
2022-12-15 14:20:00,1245.0,105.0,1350.0
2022-12-15 14:21:00,1271.25,-3.75,1267.5
2022-12-15 14:22:00,1308.75,-41.25,1267.5
2022-12-15 14:23:00,1297.5,101.25,1398.75
2022-12-15 14:24:00,1305.0,26.25,1331.25
2022-12-15 14:25:00,1323.75,71.25,1395.0
2022-12-15 14:26:00,1346.25,-120.0,1226.25
2022-12-15 14:27:00,1342.5,-120.0,1222.5
2022-12-15 14:28:00,1346.25,-123.75,1222.5
2022-12-15 14:29:00,1365.0,-502.5,862.5
2022-12-15 14:30:00,1365.0,-768.75,596.25
2022-12-15 14:31:00,1477.5,-862.5,615.0
2022-12-15 14:32:00,1590.0,-1083.75,506.25
2022-12-15 14:33:00,1616.25,-1226.25,390.0
2022-12-15 14:34:00,1608.75,-1128.75,480.0
2022-12-15 14:35:00,1695.0,-1177.5,517.5
2022-12-15 14:36:00,1721.25,-1196.25,525.0
2022-12-15 14:37:00,1972.5,-1807.5,165.0
2022-12-15 14:38:00,1927.5,-1837.5,90.0
2022-12-15 14:39:00,2002.5,-2002.5,0.0
2022-12-15 14:40:00,1916.25,-1766.25,150.0
2022-12-15 14:41:00,2051.25,-2261.25,-210.0
2022-12-15 14:42:00,2107.5,-2670.0,-562.5
2022-12-15 14:43:00,2167.5,-2985.0,-817.5
2022-12-15 14:44:00,2220.0,-3303.75,-1083.75
2022-12-15 14:45:00,2302.5,-4773.75,-2471.25
2022-12-15 14:46:00,2201.25,-4635.0,-2433.75
2022-12-15 14:47:00,2167.5,-4612.5,-2445.0
2022-12-15 14:48:00,2227.5,-4631.25,-2403.75
2022-12-15 14:49:00,2287.5,-4623.75,-2336.25
2022-12-15 14:50:00,2358.75,-4627.5,-2268.75
2022-12-15 14:51:00,2336.25,-4646.25,-2310.0
2022-12-15 14:52:00,2388.75,-4687.5,-2298.75
2022-12-15 14:53:00,2351.25,-4710.0,-2358.75
2022-12-15 14:54:00,2370.0,-4661.25,-2291.25
2022-12-15 14:55:00,2347.5,-4642.5,-2295.0
2022-12-15 14:56:00,2355.0,-4683.75,-2328.75
2022-12-15 14:57:00,2325.0,-4635.0,-2310.0
2022-12-15 14:58:00,2362.5,-4665.0,-2302.5
2022-12-15 14:59:00,2351.25,-4638.75,-2287.5
2022-12-15 15:00:00,2336.25,-4638.75,-2302.5
2022-12-15 15:01:00,2385.0,-4627.5,-2242.5
2022-12-15 15:02:00,2407.5,-4597.5,-2190.0
2022-12-15 15:03:00,2422.5,-4605.0,-2182.5
2022-12-15 15:04:00,2433.75,-4586.25,-2152.5
2022-12-15 15:05:00,2463.75,-4590.0,-2126.25
2022-12-15 15:06:00,2460.0,-4590.0,-2130.0
2022-12-15 15:07:00,2475.0,-4590.0,-2115.0
2022-12-15 15:08:00,2471.25,-4582.5,-2111.25
2022-12-15 15:09:00,2478.75,-4578.75,-2100.0
2022-12-15 15:10:00,2486.25,-4578.75,-2092.5
2022-12-15 15:11:00,2497.5,-4578.75,-2081.25
2022-12-15 15:12:00,2497.5,-4586.25,-2088.75
2022-12-15 15:13:00,2493.75,-4608.75,-2115.0
2022-12-15 15:14:00,2505.0,-4597.5,-2092.5
2022-12-15 15:15:00,2501.25,-4586.25,-2085.0
2022-12-15 15:16:00,2508.75,-4590.0,-2081.25
2022-12-15 15:17:00,2512.5,-4601.25,-2088.75
2022-12-15 15:18:00,2508.75,-4582.5,-2073.75
2022-12-15 15:19:00,2505.0,-4582.5,-2077.5
2022-12-15 15:20:00,2512.5,-4575.0,-2062.5
2022-12-15 15:21:00,2512.5,-4575.0,-2062.5
2022-12-15 15:22:00,2512.5,-4575.0,-2062.5
2022-12-15 15:23:00,2512.5,-4575.0,-2062.5
2022-12-15 15:24:00,2512.5,-4575.0,-2062.5
2022-12-15 15:25:00,2512.5,-4575.0,-2062.5
2022-12-15 15:26:00,2512.5,-4575.0,-2062.5
2022-12-15 15:27:00,2512.5,-4575.0,-2062.5
2022-12-15 15:28:00,2512.5,-4575.0,-2062.5
2022-12-15 15:29:00,2512.5,-4575.0,-2062.5
2022-12-15 15:30:00,2512.5,-4575.0,-2062.5
2022-12-22 10:15:00,0.0,0.0,0.0
2022-12-22 10:16:00,-33.75,187.5,153.75
2022-12-22 10:17:00,-142.5,318.75,176.25
2022-12-22 10:18:00,-63.75,262.5,198.75
2022-12-22 10:19:00,11.25,165.0,176.25
2022-12-22 10:20:00,-86.25,352.5,266.25
2022-12-22 10:21:00,150.0,18.75,168.75
2022-12-22 10:22:00,-75.0,330.0,255.0
2022-12-22 10:23:00,60.0,187.5,247.5
2022-12-22 10:24:00,90.0,221.25,311.25
2022-12-22 10:25:00,236.25,60.0,296.25
2022-12-22 10:26:00,161.25,228.75,390.0
2022-12-22 10:27:00,217.5,150.0,367.5
2022-12-22 10:28:00,393.75,-90.0,303.75
2022-12-22 10:29:00,262.5,146.25,408.75
2022-12-22 10:30:00,210.0,183.75,393.75
2022-12-22 10:31:00,307.5,60.0,367.5
2022-12-22 10:32:00,566.25,-165.0,401.25
2022-12-22 10:33:00,521.25,-75.0,446.25
2022-12-22 10:34:00,483.75,-33.75,450.0
2022-12-22 10:35:00,615.0,-228.75,386.25
2022-12-22 10:36:00,532.5,-176.25,356.25
2022-12-22 10:37:00,543.75,-157.5,386.25
2022-12-22 10:38:00,660.0,-345.0,315.0
2022-12-22 10:39:00,577.5,-191.25,386.25
2022-12-22 10:40:00,622.5,-337.5,285.0
2022-12-22 10:41:00,585.0,-210.0,375.0
2022-12-22 10:42:00,652.5,-360.0,292.5
2022-12-22 10:43:00,585.0,-202.5,382.5
2022-12-22 10:44:00,528.75,-90.0,438.75
2022-12-22 10:45:00,487.5,0.0,487.5
2022-12-22 10:46:00,412.5,431.25,843.75
2022-12-22 10:47:00,663.75,-191.25,472.5
2022-12-22 10:48:00,543.75,97.5,641.25
2022-12-22 10:49:00,570.0,52.5,622.5
2022-12-22 10:50:00,633.75,-15.0,618.75
2022-12-22 10:51:00,772.5,-255.0,517.5
2022-12-22 10:52:00,870.0,-326.25,543.75
2022-12-22 10:53:00,937.5,-378.75,558.75
2022-12-22 10:54:00,832.5,-187.5,645.0
2022-12-22 10:55:00,791.25,-48.75,742.5
2022-12-22 10:56:00,780.0,-71.25,708.75
2022-12-22 10:57:00,922.5,-285.0,637.5
2022-12-22 10:58:00,873.75,-315.0,558.75
2022-12-22 10:59:00,866.25,-228.75,637.5
2022-12-22 11:00:00,922.5,-288.75,633.75
2022-12-22 11:01:00,941.25,-266.25,675.0
2022-12-22 11:02:00,997.5,-480.0,517.5
2022-12-22 11:03:00,870.0,-127.5,742.5
2022-12-22 11:04:00,926.25,-232.5,693.75
2022-12-22 11:05:00,990.0,-401.25,588.75
2022-12-22 11:06:00,855.0,-71.25,783.75
2022-12-22 11:07:00,821.25,15.0,836.25
2022-12-22 11:08:00,843.75,-90.0,753.75
2022-12-22 11:09:00,877.5,-176.25,701.25
2022-12-22 11:10:00,885.0,-183.75,701.25
2022-12-22 11:11:00,851.25,3.75,855.0
2022-12-22 11:12:00,772.5,217.5,990.0
2022-12-22 11:13:00,746.25,397.5,1143.75
2022-12-22 11:14:00,701.25,521.25,1222.5
2022-12-22 11:15:00,727.5,483.75,1211.25
2022-12-22 11:16:00,690.0,543.75,1233.75
2022-12-22 11:17:00,540.0,836.25,1376.25
2022-12-22 11:18:00,603.75,723.75,1327.5
2022-12-22 11:19:00,735.0,558.75,1293.75
2022-12-22 11:20:00,543.75,870.0,1413.75
2022-12-22 11:21:00,588.75,783.75,1372.5
2022-12-22 11:22:00,678.75,671.25,1350.0
2022-12-22 11:23:00,776.25,532.5,1308.75
2022-12-22 11:24:00,727.5,558.75,1286.25
2022-12-22 11:25:00,806.25,461.25,1267.5
2022-12-22 11:26:00,832.5,465.0,1297.5
2022-12-22 11:27:00,791.25,570.0,1361.25
2022-12-22 11:28:00,975.0,251.25,1226.25
2022-12-22 11:29:00,1038.75,157.5,1196.25
2022-12-22 11:30:00,1087.5,37.5,1125.0
2022-12-22 11:31:00,1125.0,-3.75,1121.25
2022-12-22 11:32:00,1072.5,228.75,1301.25
2022-12-22 11:33:00,1136.25,-7.5,1128.75
2022-12-22 11:34:00,1177.5,-82.5,1095.0
2022-12-22 11:35:00,1181.25,-90.0,1091.25
2022-12-22 11:36:00,1155.0,-116.25,1038.75
2022-12-22 11:37:00,1162.5,-116.25,1046.25
2022-12-22 11:38:00,1136.25,22.5,1158.75
2022-12-22 11:39:00,1095.0,281.25,1376.25
2022-12-22 11:40:00,1091.25,322.5,1413.75
2022-12-22 11:41:00,1061.25,356.25,1417.5
2022-12-22 11:42:00,1091.25,165.0,1256.25
2022-12-22 11:43:00,1106.25,56.25,1162.5
2022-12-22 11:44:00,1106.25,48.75,1155.0
2022-12-22 11:45:00,1200.0,-213.75,986.25
2022-12-22 11:46:00,1230.0,-423.75,806.25
2022-12-22 11:47:00,1263.75,-926.25,337.5
2022-12-22 11:48:00,1237.5,-1023.75,213.75
2022-12-22 11:49:00,1233.75,-551.25,682.5
2022-12-22 11:50:00,1271.25,-1038.75,232.5
2022-12-22 11:51:00,1537.5,-1301.25,236.25
2022-12-22 11:52:00,1440.0,-1271.25,168.75
2022-12-22 11:53:00,1061.25,-930.0,131.25
2022-12-22 11:54:00,1248.75,-1091.25,157.5
2022-12-22 11:55:00,1267.5,-1095.0,172.5
2022-12-22 11:56:00,1031.25,-810.0,221.25
2022-12-22 11:57:00,1331.25,-1147.5,183.75
2022-12-22 11:58:00,1361.25,-1207.5,153.75
2022-12-22 11:59:00,1241.25,-1095.0,146.25
2022-12-22 12:00:00,1143.75,-960.0,183.75
2022-12-22 12:01:00,1230.0,-1080.0,150.0
2022-12-22 12:02:00,1653.75,-1552.5,101.25
2022-12-22 12:03:00,1226.25,-1121.25,105.0
2022-12-22 12:04:00,1308.75,-1173.75,135.0
2022-12-22 12:05:00,1421.25,-1211.25,210.0
2022-12-22 12:06:00,1473.75,-1237.5,236.25
2022-12-22 12:07:00,1556.25,-1342.5,213.75
2022-12-22 12:08:00,1425.0,-1252.5,172.5
2022-12-22 12:09:00,1305.0,-1158.75,146.25
2022-12-22 12:10:00,1346.25,-1125.0,221.25
2022-12-22 12:11:00,1578.75,-1256.25,322.5
2022-12-22 12:12:00,1305.0,-1027.5,277.5
2022-12-22 12:13:00,1863.75,-1376.25,487.5
2022-12-22 12:14:00,1350.0,-1110.0,240.0
2022-12-22 12:15:00,1642.5,-1320.0,322.5
2022-12-22 12:16:00,1556.25,-1222.5,333.75
2022-12-22 12:17:00,1661.25,-1338.75,322.5
2022-12-22 12:18:00,1511.25,-1162.5,348.75
2022-12-22 12:19:00,532.5,-217.5,315.0
2022-12-22 12:20:00,513.75,-206.25,307.5
2022-12-22 12:21:00,386.25,-168.75,217.5
2022-12-22 12:22:00,0.0,11.25,11.25
2022-12-22 12:23:00,495.0,-285.0,210.0
2022-12-22 12:24:00,378.75,-131.25,247.5
2022-12-22 12:25:00,570.0,-255.0,315.0
2022-12-22 12:26:00,71.25,78.75,150.0
2022-12-22 12:27:00,806.25,-348.75,457.5
2022-12-22 12:28:00,1203.75,-615.0,588.75
2022-12-22 12:29:00,870.0,-408.75,461.25
2022-12-22 12:30:00,1136.25,-536.25,600.0
2022-12-22 12:31:00,630.0,-172.5,457.5
2022-12-22 12:32:00,517.5,-75.0,442.5
2022-12-22 12:33:00,813.75,-270.0,543.75
2022-12-22 12:34:00,686.25,-131.25,555.0
2022-12-22 12:35:00,791.25,-153.75,637.5
2022-12-22 12:36:00,795.0,-213.75,581.25
2022-12-22 12:37:00,858.75,-112.5,746.25
2022-12-22 12:38:00,573.75,48.75,622.5
2022-12-22 12:39:00,757.5,-86.25,671.25
2022-12-22 12:40:00,821.25,0.0,821.25
2022-12-22 12:41:00,956.25,-105.0,851.25
2022-12-22 12:42:00,1406.25,-401.25,1005.0
2022-12-22 12:43:00,1470.0,-375.0,1095.0
2022-12-22 12:44:00,1811.25,-596.25,1215.0
2022-12-22 12:45:00,1860.0,-592.5,1267.5
2022-12-22 12:46:00,2062.5,-701.25,1361.25
2022-12-22 12:47:00,2043.75,-686.25,1357.5
2022-12-22 12:48:00,1908.75,-480.0,1428.75
2022-12-22 12:49:00,1852.5,-427.5,1425.0
2022-12-22 12:50:00,1871.25,-476.25,1395.0
2022-12-22 12:51:00,1991.25,-483.75,1507.5
2022-12-22 12:52:00,1695.0,-165.0,1530.0
2022-12-22 12:53:00,2670.0,-1020.0,1650.0
2022-12-22 12:54:00,2842.5,-1158.75,1683.75
2022-12-22 12:55:00,2658.75,-1098.75,1560.0
2022-12-22 12:56:00,2460.0,-742.5,1717.5
2022-12-22 12:57:00,2546.25,-952.5,1593.75
2022-12-22 12:58:00,2373.75,-783.75,1590.0
2022-12-22 12:59:00,2265.0,-543.75,1721.25
2022-12-22 13:00:00,2505.0,-836.25,1668.75
2022-12-22 13:01:00,2272.5,-547.5,1725.0
2022-12-22 13:02:00,1901.25,-206.25,1695.0
2022-12-22 13:03:00,2036.25,-337.5,1698.75
2022-12-22 13:04:00,1676.25,18.75,1695.0
2022-12-22 13:05:00,2178.75,-378.75,1800.0
2022-12-22 13:06:00,1713.75,0.0,1713.75
2022-12-22 13:07:00,1811.25,-56.25,1755.0
2022-12-22 13:08:00,1425.0,135.0,1560.0
2022-12-22 13:09:00,581.25,573.75,1155.0
2022-12-22 13:10:00,333.75,776.25,1110.0
2022-12-22 13:11:00,-161.25,922.5,761.25
2022-12-22 13:12:00,431.25,776.25,1207.5
2022-12-22 13:13:00,877.5,506.25,1383.75
2022-12-22 13:14:00,971.25,528.75,1500.0
2022-12-22 13:15:00,1215.0,352.5,1567.5
2022-12-22 13:16:00,622.5,705.0,1327.5
2022-12-22 13:17:00,438.75,828.75,1267.5
2022-12-22 13:18:00,217.5,930.0,1147.5
2022-12-22 13:19:00,15.0,971.25,986.25
2022-12-22 13:20:00,-491.25,1263.75,772.5
2022-12-22 13:21:00,-258.75,1203.75,945.0
2022-12-22 13:22:00,150.0,1121.25,1271.25
2022-12-22 13:23:00,588.75,956.25,1545.0
2022-12-22 13:24:00,30.0,1136.25,1166.25
2022-12-22 13:25:00,78.75,1102.5,1181.25
2022-12-22 13:26:00,1098.75,678.75,1777.5
2022-12-22 13:27:00,892.5,693.75,1586.25
2022-12-22 13:28:00,1908.75,285.0,2193.75
2022-12-22 13:29:00,2156.25,26.25,2182.5
2022-12-22 13:30:00,1845.0,307.5,2152.5
2022-12-22 13:31:00,1650.0,341.25,1991.25
2022-12-22 13:32:00,1271.25,723.75,1995.0
2022-12-22 13:33:00,1305.0,678.75,1983.75
2022-12-22 13:34:00,1275.0,678.75,1953.75
2022-12-22 13:35:00,1556.25,506.25,2062.5
2022-12-22 13:36:00,1260.0,701.25,1961.25
2022-12-22 13:37:00,663.75,1027.5,1691.25
2022-12-22 13:38:00,922.5,918.75,1841.25
2022-12-22 13:39:00,1492.5,716.25,2208.75
2022-12-22 13:40:00,847.5,1012.5,1860.0
2022-12-22 13:41:00,716.25,1053.75,1770.0
2022-12-22 13:42:00,495.0,1200.0,1695.0
2022-12-22 13:43:00,495.0,1166.25,1661.25
2022-12-22 13:44:00,-150.0,1455.0,1305.0
2022-12-22 13:45:00,-60.0,1383.75,1323.75
2022-12-22 13:46:00,-412.5,1533.75,1121.25
2022-12-22 13:47:00,-123.75,1443.75,1320.0
2022-12-22 13:48:00,277.5,1286.25,1563.75
2022-12-22 13:49:00,-82.5,1451.25,1368.75
2022-12-22 13:50:00,-975.0,1698.75,723.75
2022-12-22 13:51:00,-1616.25,1766.25,150.0
2022-12-22 13:52:00,-1931.25,1897.5,-33.75
2022-12-22 13:53:00,-1938.75,1875.0,-63.75
2022-12-22 13:54:00,-1226.25,1755.0,528.75
2022-12-22 13:55:00,-836.25,1650.0,813.75
2022-12-22 13:56:00,-1263.75,1695.0,431.25
2022-12-22 13:57:00,-825.0,1605.0,780.0
2022-12-22 13:58:00,-468.75,1575.0,1106.25
2022-12-22 13:59:00,-165.0,1526.25,1361.25
2022-12-22 14:00:00,-67.5,1440.0,1372.5
2022-12-22 14:01:00,195.0,1436.25,1631.25
2022-12-22 14:02:00,-318.75,1563.75,1245.0
2022-12-22 14:03:00,-408.75,1665.0,1256.25
2022-12-22 14:04:00,-873.75,1773.75,900.0
2022-12-22 14:05:00,-1743.75,1953.75,210.0
2022-12-22 14:06:00,-1713.75,1950.0,236.25
2022-12-22 14:07:00,-1620.0,1856.25,236.25
2022-12-22 14:08:00,-1537.5,1736.25,198.75
2022-12-22 14:09:00,-1627.5,1953.75,326.25
2022-12-22 14:10:00,-1642.5,1946.25,303.75
2022-12-22 14:11:00,-1646.25,1953.75,307.5
2022-12-22 14:12:00,-1665.0,2006.25,341.25
2022-12-22 14:13:00,-1646.25,1980.0,333.75
2022-12-22 14:14:00,-1668.75,2002.5,333.75
2022-12-22 14:15:00,-1747.5,2070.0,322.5
2022-12-22 14:16:00,-1848.75,2167.5,318.75
2022-12-22 14:17:00,-1672.5,2096.25,423.75
2022-12-22 14:18:00,-1612.5,2002.5,390.0
2022-12-22 14:19:00,-1578.75,2006.25,427.5
2022-12-22 14:20:00,-1563.75,2043.75,480.0
2022-12-22 14:21:00,-1612.5,2175.0,562.5
2022-12-22 14:22:00,-1646.25,2220.0,573.75
2022-12-22 14:23:00,-1631.25,2212.5,581.25
2022-12-22 14:24:00,-1571.25,2141.25,570.0
2022-12-22 14:25:00,-1582.5,2137.5,555.0
2022-12-22 14:26:00,-1421.25,1905.0,483.75
2022-12-22 14:27:00,-1443.75,1968.75,525.0
2022-12-22 14:28:00,-1342.5,1650.0,307.5
2022-12-22 14:29:00,-1380.0,1946.25,566.25
2022-12-22 14:30:00,-1361.25,1800.0,438.75
2022-12-22 14:31:00,-1383.75,1912.5,528.75
2022-12-22 14:32:00,-1425.0,2141.25,716.25
2022-12-22 14:33:00,-1353.75,1987.5,633.75
2022-12-22 14:34:00,-1380.0,2055.0,675.0
2022-12-22 14:35:00,-1365.0,1998.75,633.75
2022-12-22 14:36:00,-1361.25,1965.0,603.75
2022-12-22 14:37:00,-1338.75,1826.25,487.5
2022-12-22 14:38:00,-1331.25,1841.25,510.0
2022-12-22 14:39:00,-1323.75,1830.0,506.25
2022-12-22 14:40:00,-1327.5,1867.5,540.0
2022-12-22 14:41:00,-1301.25,1590.0,288.75
2022-12-22 14:42:00,-1290.0,1646.25,356.25
2022-12-22 14:43:00,-1271.25,1170.0,-101.25
2022-12-22 14:44:00,-1267.5,1353.75,86.25
2022-12-22 14:45:00,-1263.75,1080.0,-183.75
2022-12-22 14:46:00,-1271.25,1402.5,131.25
2022-12-22 14:47:00,-1267.5,1226.25,-41.25
2022-12-22 14:48:00,-1260.0,720.0,-540.0
2022-12-22 14:49:00,-1267.5,1023.75,-243.75
2022-12-22 14:50:00,-1275.0,1065.0,-210.0
2022-12-22 14:51:00,-1271.25,1473.75,202.5
2022-12-22 14:52:00,-1275.0,1833.75,558.75
2022-12-22 14:53:00,-1278.75,1680.0,401.25
2022-12-22 14:54:00,-1263.75,1552.5,288.75
2022-12-22 14:55:00,-1248.75,1582.5,333.75
2022-12-22 14:56:00,-1241.25,1545.0,303.75
2022-12-22 14:57:00,-1237.5,1095.0,-142.5
2022-12-22 14:58:00,-1241.25,1140.0,-101.25
2022-12-22 14:59:00,-1237.5,1241.25,3.75
2022-12-22 15:00:00,-1237.5,1458.75,221.25
2022-12-22 15:01:00,-1241.25,2242.5,1001.25
2022-12-22 15:02:00,-1226.25,1593.75,367.5
2022-12-22 15:03:00,-1226.25,2032.5,806.25
2022-12-22 15:04:00,-1230.0,2268.75,1038.75
2022-12-22 15:05:00,-1218.75,2366.25,1147.5
2022-12-22 15:06:00,-1218.75,2407.5,1188.75
2022-12-22 15:07:00,-1215.0,2493.75,1278.75
2022-12-22 15:08:00,-1215.0,2486.25,1271.25
2022-12-22 15:09:00,-1211.25,2493.75,1282.5
2022-12-22 15:10:00,-1211.25,2527.5,1316.25
2022-12-22 15:11:00,-1211.25,2538.75,1327.5
2022-12-22 15:12:00,-1207.5,2542.5,1335.0
2022-12-22 15:13:00,-1211.25,2550.0,1338.75
2022-12-22 15:14:00,-1203.75,2550.0,1346.25
2022-12-22 15:15:00,-1207.5,2550.0,1342.5
2022-12-22 15:16:00,-1203.75,2550.0,1346.25
2022-12-22 15:17:00,-1203.75,2542.5,1338.75
2022-12-22 15:18:00,-1203.75,2520.0,1316.25
2022-12-22 15:19:00,-1200.0,2542.5,1342.5
2022-12-22 15:20:00,-1196.25,2546.25,1350.0
2022-12-22 15:21:00,-1196.25,2546.25,1350.0
2022-12-22 15:22:00,-1196.25,2546.25,1350.0
2022-12-22 15:23:00,-1196.25,2546.25,1350.0
2022-12-22 15:24:00,-1196.25,2546.25,1350.0
2022-12-22 15:25:00,-1196.25,2546.25,1350.0
2022-12-22 15:26:00,-1196.25,2546.25,1350.0
2022-12-22 15:27:00,-1196.25,2546.25,1350.0
2022-12-22 15:28:00,-1196.25,2546.25,1350.0
2022-12-22 15:29:00,-1196.25,2546.25,1350.0
2022-12-22 15:30:00,-1196.25,2546.25,1350.0
2022-12-29 10:15:00,0.0,0.0,0.0
2022-12-29 10:16:00,-56.25,101.25,45.0
2022-12-29 10:17:00,-26.25,48.75,22.5
2022-12-29 10:18:00,-60.0,168.75,108.75
2022-12-29 10:19:00,33.75,30.0,63.75
2022-12-29 10:20:00,93.75,-71.25,22.5
2022-12-29 10:21:00,247.5,-172.5,75.0
2022-12-29 10:22:00,45.0,105.0,150.0
2022-12-29 10:23:00,41.25,75.0,116.25
2022-12-29 10:24:00,-60.0,157.5,97.5
2022-12-29 10:25:00,-41.25,101.25,60.0
2022-12-29 10:26:00,-86.25,183.75,97.5
2022-12-29 10:27:00,-120.0,210.0,90.0
2022-12-29 10:28:00,-41.25,183.75,142.5
2022-12-29 10:29:00,41.25,123.75,165.0
2022-12-29 10:30:00,-75.0,225.0,150.0
2022-12-29 10:31:00,-78.75,247.5,168.75
2022-12-29 10:32:00,22.5,157.5,180.0
2022-12-29 10:33:00,26.25,213.75,240.0
2022-12-29 10:34:00,-18.75,213.75,195.0
2022-12-29 10:35:00,52.5,206.25,258.75
2022-12-29 10:36:00,-90.0,363.75,273.75
2022-12-29 10:37:00,-67.5,333.75,266.25
2022-12-29 10:38:00,-153.75,423.75,270.0
2022-12-29 10:39:00,-146.25,491.25,345.0
2022-12-29 10:40:00,-281.25,633.75,352.5
2022-12-29 10:41:00,-232.5,573.75,341.25
2022-12-29 10:42:00,-217.5,600.0,382.5
2022-12-29 10:43:00,-52.5,491.25,438.75
2022-12-29 10:44:00,-142.5,570.0,427.5
2022-12-29 10:45:00,-78.75,536.25,457.5
2022-12-29 10:46:00,-71.25,510.0,438.75
2022-12-29 10:47:00,33.75,480.0,513.75
2022-12-29 10:48:00,56.25,483.75,540.0
2022-12-29 10:49:00,-127.5,581.25,453.75
2022-12-29 10:50:00,-78.75,566.25,487.5
2022-12-29 10:51:00,-150.0,615.0,465.0
2022-12-29 10:52:00,-112.5,596.25,483.75
2022-12-29 10:53:00,-26.25,555.0,528.75
2022-12-29 10:54:00,-86.25,577.5,491.25
2022-12-29 10:55:00,18.75,513.75,532.5
2022-12-29 10:56:00,-45.0,547.5,502.5
2022-12-29 10:57:00,86.25,487.5,573.75
2022-12-29 10:58:00,93.75,495.0,588.75
2022-12-29 10:59:00,135.0,472.5,607.5
2022-12-29 11:00:00,86.25,510.0,596.25
2022-12-29 11:01:00,82.5,532.5,615.0
2022-12-29 11:02:00,153.75,476.25,630.0
2022-12-29 11:03:00,150.0,468.75,618.75
2022-12-29 11:04:00,82.5,525.0,607.5
2022-12-29 11:05:00,63.75,540.0,603.75
2022-12-29 11:06:00,56.25,532.5,588.75
2022-12-29 11:07:00,-41.25,603.75,562.5
2022-12-29 11:08:00,30.0,558.75,588.75
2022-12-29 11:09:00,60.0,551.25,611.25
2022-12-29 11:10:00,135.0,510.0,645.0
2022-12-29 11:11:00,97.5,528.75,626.25
2022-12-29 11:12:00,82.5,543.75,626.25
2022-12-29 11:13:00,101.25,521.25,622.5
2022-12-29 11:14:00,97.5,525.0,622.5
2022-12-29 11:15:00,7.5,592.5,600.0
2022-12-29 11:16:00,-41.25,596.25,555.0
2022-12-29 11:17:00,-78.75,615.0,536.25
2022-12-29 11:18:00,-112.5,671.25,558.75
2022-12-29 11:19:00,-131.25,708.75,577.5
2022-12-29 11:20:00,-33.75,671.25,637.5
2022-12-29 11:21:00,-11.25,652.5,641.25
2022-12-29 11:22:00,67.5,633.75,701.25
2022-12-29 11:23:00,86.25,622.5,708.75
2022-12-29 11:24:00,48.75,626.25,675.0
2022-12-29 11:25:00,97.5,611.25,708.75
2022-12-29 11:26:00,112.5,611.25,723.75
2022-12-29 11:27:00,82.5,633.75,716.25
2022-12-29 11:28:00,71.25,633.75,705.0
2022-12-29 11:29:00,0.0,701.25,701.25
2022-12-29 11:30:00,-56.25,738.75,682.5
2022-12-29 11:31:00,-33.75,727.5,693.75
2022-12-29 11:32:00,-26.25,768.75,742.5
2022-12-29 11:33:00,63.75,727.5,791.25
2022-12-29 11:34:00,112.5,705.0,817.5
2022-12-29 11:35:00,352.5,577.5,930.0
2022-12-29 11:36:00,315.0,573.75,888.75
2022-12-29 11:37:00,270.0,630.0,900.0
2022-12-29 11:38:00,318.75,570.0,888.75
2022-12-29 11:39:00,345.0,558.75,903.75
2022-12-29 11:40:00,311.25,630.0,941.25
2022-12-29 11:41:00,273.75,678.75,952.5
2022-12-29 11:42:00,206.25,727.5,933.75
2022-12-29 11:43:00,206.25,727.5,933.75
2022-12-29 11:44:00,-562.5,1226.25,663.75
2022-12-29 11:45:00,-348.75,952.5,603.75
2022-12-29 11:46:00,-322.5,937.5,615.0
2022-12-29 11:47:00,-240.0,937.5,697.5
2022-12-29 11:48:00,-393.75,1012.5,618.75
2022-12-29 11:49:00,-243.75,978.75,735.0
2022-12-29 11:50:00,-416.25,1001.25,585.0
2022-12-29 11:51:00,-393.75,1008.75,615.0
2022-12-29 11:52:00,-547.5,1068.75,521.25
2022-12-29 11:53:00,-686.25,1110.0,423.75
2022-12-29 11:54:00,-641.25,1065.0,423.75
2022-12-29 11:55:00,-1005.0,1095.0,90.0
2022-12-29 11:56:00,-648.75,1016.25,367.5
2022-12-29 11:57:00,-693.75,1012.5,318.75
2022-12-29 11:58:00,-712.5,1027.5,315.0
2022-12-29 11:59:00,-498.75,990.0,491.25
2022-12-29 12:00:00,-382.5,971.25,588.75
2022-12-29 12:01:00,-258.75,952.5,693.75
2022-12-29 12:02:00,-423.75,978.75,555.0
2022-12-29 12:03:00,-330.0,978.75,648.75
2022-12-29 12:04:00,-330.0,978.75,648.75
2022-12-29 12:05:00,-450.0,1042.5,592.5
2022-12-29 12:06:00,-367.5,997.5,630.0
2022-12-29 12:07:00,-296.25,993.75,697.5
2022-12-29 12:08:00,-296.25,978.75,682.5
2022-12-29 12:09:00,-168.75,956.25,787.5
2022-12-29 12:10:00,-176.25,975.0,798.75
2022-12-29 12:11:00,60.0,907.5,967.5
2022-12-29 12:12:00,-135.0,990.0,855.0
2022-12-29 12:13:00,-90.0,952.5,862.5
2022-12-29 12:14:00,-176.25,993.75,817.5
2022-12-29 12:15:00,-153.75,990.0,836.25
2022-12-29 12:16:00,-97.5,982.5,885.0
2022-12-29 12:17:00,-116.25,986.25,870.0
2022-12-29 12:18:00,-172.5,1005.0,832.5
2022-12-29 12:19:00,-187.5,1016.25,828.75
2022-12-29 12:20:00,-41.25,975.0,933.75
2022-12-29 12:21:00,-33.75,967.5,933.75
2022-12-29 12:22:00,-71.25,1008.75,937.5
2022-12-29 12:23:00,-183.75,1027.5,843.75
2022-12-29 12:24:00,-56.25,990.0,933.75
2022-12-29 12:25:00,18.75,960.0,978.75
2022-12-29 12:26:00,195.0,888.75,1083.75
2022-12-29 12:27:00,93.75,941.25,1035.0
2022-12-29 12:28:00,97.5,948.75,1046.25
2022-12-29 12:29:00,157.5,930.0,1087.5
2022-12-29 12:30:00,165.0,926.25,1091.25
2022-12-29 12:31:00,183.75,922.5,1106.25
2022-12-29 12:32:00,198.75,918.75,1117.5
2022-12-29 12:33:00,82.5,963.75,1046.25
2022-12-29 12:34:00,146.25,937.5,1083.75
2022-12-29 12:35:00,105.0,963.75,1068.75
2022-12-29 12:36:00,-7.5,1042.5,1035.0
2022-12-29 12:37:00,-11.25,1057.5,1046.25
2022-12-29 12:38:00,-48.75,1098.75,1050.0
2022-12-29 12:39:00,97.5,1046.25,1143.75
2022-12-29 12:40:00,180.0,1020.0,1200.0
2022-12-29 12:41:00,161.25,1005.0,1166.25
2022-12-29 12:42:00,157.5,982.5,1140.0
2022-12-29 12:43:00,382.5,888.75,1271.25
2022-12-29 12:44:00,322.5,900.0,1222.5
2022-12-29 12:45:00,273.75,915.0,1188.75
2022-12-29 12:46:00,195.0,963.75,1158.75
2022-12-29 12:47:00,228.75,960.0,1188.75
2022-12-29 12:48:00,210.0,967.5,1177.5
2022-12-29 12:49:00,217.5,960.0,1177.5
2022-12-29 12:50:00,210.0,978.75,1188.75
2022-12-29 12:51:00,198.75,997.5,1196.25
2022-12-29 12:52:00,262.5,978.75,1241.25
2022-12-29 12:53:00,341.25,941.25,1282.5
2022-12-29 12:54:00,371.25,922.5,1293.75
2022-12-29 12:55:00,277.5,963.75,1241.25
2022-12-29 12:56:00,262.5,975.0,1237.5
2022-12-29 12:57:00,277.5,963.75,1241.25
2022-12-29 12:58:00,213.75,1027.5,1241.25
2022-12-29 12:59:00,213.75,1012.5,1226.25
2022-12-29 13:00:00,221.25,990.0,1211.25
2022-12-29 13:01:00,-26.25,1143.75,1117.5
2022-12-29 13:02:00,0.0,1128.75,1128.75
2022-12-29 13:03:00,-30.0,1132.5,1102.5
2022-12-29 13:04:00,-176.25,1166.25,990.0
2022-12-29 13:05:00,-480.0,1241.25,761.25
2022-12-29 13:06:00,-513.75,1233.75,720.0
2022-12-29 13:07:00,-682.5,1237.5,555.0
2022-12-29 13:08:00,-933.75,1267.5,333.75
2022-12-29 13:09:00,-468.75,1207.5,738.75
2022-12-29 13:10:00,-675.0,1226.25,551.25
2022-12-29 13:11:00,-712.5,1226.25,513.75
2022-12-29 13:12:00,-480.0,1207.5,727.5
2022-12-29 13:13:00,-618.75,1207.5,588.75
2022-12-29 13:14:00,-660.0,1233.75,573.75
2022-12-29 13:15:00,-817.5,1275.0,457.5
2022-12-29 13:16:00,-817.5,1301.25,483.75
2022-12-29 13:17:00,-555.0,1042.5,487.5
2022-12-29 13:18:00,-603.75,1053.75,450.0
2022-12-29 13:19:00,-603.75,1080.0,476.25
2022-12-29 13:20:00,-525.0,993.75,468.75
2022-12-29 13:21:00,-206.25,633.75,427.5
2022-12-29 13:22:00,-465.0,975.0,510.0
2022-12-29 13:23:00,-525.0,1012.5,487.5
2022-12-29 13:24:00,-416.25,862.5,446.25
2022-12-29 13:25:00,-386.25,862.5,476.25
2022-12-29 13:26:00,-371.25,832.5,461.25
2022-12-29 13:27:00,-300.0,776.25,476.25
2022-12-29 13:28:00,-198.75,652.5,453.75
2022-12-29 13:29:00,-243.75,750.0,506.25
2022-12-29 13:30:00,-341.25,858.75,517.5
2022-12-29 13:31:00,-420.0,971.25,551.25
2022-12-29 13:32:00,-206.25,701.25,495.0
2022-12-29 13:33:00,-322.5,806.25,483.75
2022-12-29 13:34:00,-412.5,975.0,562.5
2022-12-29 13:35:00,-356.25,967.5,611.25
2022-12-29 13:36:00,-412.5,1031.25,618.75
2022-12-29 13:37:00,-487.5,1132.5,645.0
2022-12-29 13:38:00,-420.0,1117.5,697.5
2022-12-29 13:39:00,-495.0,1263.75,768.75
2022-12-29 13:40:00,-585.0,1410.0,825.0
2022-12-29 13:41:00,-588.75,1383.75,795.0
2022-12-29 13:42:00,-798.75,1653.75,855.0
2022-12-29 13:43:00,-555.0,1541.25,986.25
2022-12-29 13:44:00,-667.5,1582.5,915.0
2022-12-29 13:45:00,-1346.25,2021.25,675.0
2022-12-29 13:46:00,-1503.75,2186.25,682.5
2022-12-29 13:47:00,-1751.25,2287.5,536.25
2022-12-29 13:48:00,-1713.75,2317.5,603.75
2022-12-29 13:49:00,-1530.0,2227.5,697.5
2022-12-29 13:50:00,-1323.75,2115.0,791.25
2022-12-29 13:51:00,-1987.5,2445.0,457.5
2022-12-29 13:52:00,-1987.5,2456.25,468.75
2022-12-29 13:53:00,-1833.75,2400.0,566.25
2022-12-29 13:54:00,-1830.0,2373.75,543.75
2022-12-29 13:55:00,-1346.25,2253.75,907.5
2022-12-29 13:56:00,-1976.25,2418.75,442.5
2022-12-29 13:57:00,-1878.75,2430.0,551.25
2022-12-29 13:58:00,-2088.75,2505.0,416.25
2022-12-29 13:59:00,-2111.25,2516.25,405.0
2022-12-29 14:00:00,-2651.25,2643.75,-7.5
2022-12-29 14:01:00,-2587.5,2621.25,33.75
2022-12-29 14:02:00,-2497.5,2520.0,22.5
2022-12-29 14:03:00,-2490.0,2441.25,-48.75
2022-12-29 14:04:00,-2478.75,2478.75,0.0
2022-12-29 14:05:00,-2606.25,2625.0,18.75
2022-12-29 14:06:00,-2632.5,2775.0,142.5
2022-12-29 14:07:00,-2538.75,2685.0,146.25
2022-12-29 14:08:00,-2565.0,2718.75,153.75
2022-12-29 14:09:00,-2568.75,2685.0,116.25
2022-12-29 14:10:00,-2538.75,2655.0,116.25
2022-12-29 14:11:00,-2430.0,2572.5,142.5
2022-12-29 14:12:00,-2396.25,2467.5,71.25
2022-12-29 14:13:00,-2452.5,2527.5,75.0
2022-12-29 14:14:00,-2463.75,2568.75,105.0
2022-12-29 14:15:00,-2471.25,2602.5,131.25
2022-12-29 14:16:00,-2471.25,2640.0,168.75
2022-12-29 14:17:00,-2452.5,2538.75,86.25
2022-12-29 14:18:00,-2418.75,2523.75,105.0
2022-12-29 14:19:00,-2388.75,2441.25,52.5
2022-12-29 14:20:00,-2403.75,2550.0,146.25
2022-12-29 14:21:00,-2418.75,2628.75,210.0
2022-12-29 14:22:00,-2486.25,2842.5,356.25
2022-12-29 14:23:00,-2460.0,2718.75,258.75
2022-12-29 14:24:00,-2463.75,2715.0,251.25
2022-12-29 14:25:00,-2396.25,2572.5,176.25
2022-12-29 14:26:00,-2381.25,2527.5,146.25
2022-12-29 14:27:00,-2411.25,2688.75,277.5
2022-12-29 14:28:00,-2411.25,2651.25,240.0
2022-12-29 14:29:00,-2422.5,2673.75,251.25
2022-12-29 14:30:00,-2336.25,2426.25,90.0
2022-12-29 14:31:00,-2385.0,2602.5,217.5
2022-12-29 14:32:00,-2411.25,2748.75,337.5
2022-12-29 14:33:00,-2377.5,2647.5,270.0
2022-12-29 14:34:00,-2403.75,2760.0,356.25
2022-12-29 14:35:00,-2463.75,2801.25,337.5
2022-12-29 14:36:00,-2550.0,2940.0,390.0
2022-12-29 14:37:00,-2392.5,2715.0,322.5
2022-12-29 14:38:00,-2422.5,2850.0,427.5
2022-12-29 14:39:00,-2471.25,2921.25,450.0
2022-12-29 14:40:00,-2523.75,3056.25,532.5
2022-12-29 14:41:00,-2606.25,3187.5,581.25
2022-12-29 14:42:00,-2587.5,3198.75,611.25
2022-12-29 14:43:00,-2572.5,3217.5,645.0
2022-12-29 14:44:00,-2610.0,3273.75,663.75
2022-12-29 14:45:00,-2805.0,3277.5,472.5
2022-12-29 14:46:00,-2812.5,3270.0,457.5
2022-12-29 14:47:00,-2763.75,3270.0,506.25
2022-12-29 14:48:00,-2910.0,3285.0,375.0
2022-12-29 14:49:00,-2906.25,3296.25,390.0
2022-12-29 14:50:00,-2820.0,3292.5,472.5
2022-12-29 14:51:00,-2872.5,3311.25,438.75
2022-12-29 14:52:00,-2865.0,3345.0,480.0
2022-12-29 14:53:00,-3123.75,3378.75,255.0
2022-12-29 14:54:00,-3067.5,3382.5,315.0
2022-12-29 14:55:00,-3243.75,3378.75,135.0
2022-12-29 14:56:00,-3566.25,3386.25,-180.0
2022-12-29 14:57:00,-3427.5,3390.0,-37.5
2022-12-29 14:58:00,-2782.5,3363.75,581.25
2022-12-29 14:59:00,-2928.75,3371.25,442.5
2022-12-29 15:00:00,-3067.5,3375.0,307.5
2022-12-29 15:01:00,-3416.25,3408.75,-7.5
2022-12-29 15:02:00,-3633.75,3427.5,-206.25
2022-12-29 15:03:00,-3776.25,3435.0,-341.25
2022-12-29 15:04:00,-3975.0,3431.25,-543.75
2022-12-29 15:05:00,-4387.5,3431.25,-956.25
2022-12-29 15:06:00,-4833.75,3435.0,-1398.75
2022-12-29 15:07:00,-4665.0,3450.0,-1215.0
2022-12-29 15:08:00,-4661.25,3450.0,-1211.25
2022-12-29 15:09:00,-4867.5,3450.0,-1417.5
2022-12-29 15:10:00,-4983.75,3457.5,-1526.25
2022-12-29 15:11:00,-5186.25,3461.25,-1725.0
2022-12-29 15:12:00,-5445.0,3465.0,-1980.0
2022-12-29 15:13:00,-5325.0,3465.0,-1860.0
2022-12-29 15:14:00,-5403.75,3465.0,-1938.75
2022-12-29 15:15:00,-5070.0,3468.75,-1601.25
2022-12-29 15:16:00,-4822.5,3468.75,-1353.75
2022-12-29 15:17:00,-5167.5,3468.75,-1698.75
2022-12-29 15:18:00,-4935.0,3465.0,-1470.0
2022-12-29 15:19:00,-5103.75,3472.5,-1631.25
2022-12-29 15:20:00,-5148.75,3480.0,-1668.75
2022-12-29 15:21:00,-5148.75,3480.0,-1668.75
2022-12-29 15:22:00,-5148.75,3480.0,-1668.75
2022-12-29 15:23:00,-5148.75,3480.0,-1668.75
2022-12-29 15:24:00,-5148.75,3480.0,-1668.75
2022-12-29 15:25:00,-5148.75,3480.0,-1668.75
2022-12-29 15:26:00,-5148.75,3480.0,-1668.75
2022-12-29 15:27:00,-5148.75,3480.0,-1668.75
2022-12-29 15:28:00,-5148.75,3480.0,-1668.75
2022-12-29 15:29:00,-5148.75,3480.0,-1668.75
2022-12-29 15:30:00,-5148.75,3480.0,-1668.75
2023-01-05 10:15:00,0.0,0.0,0.0
2023-01-05 10:16:00,3.75,37.5,41.25
2023-01-05 10:17:00,45.0,-191.25,-146.25
2023-01-05 10:18:00,-26.25,45.0,18.75
2023-01-05 10:19:00,-7.5,-45.0,-52.5
2023-01-05 10:20:00,37.5,-116.25,-78.75
2023-01-05 10:21:00,138.75,-285.0,-146.25
2023-01-05 10:22:00,71.25,-138.75,-67.5
2023-01-05 10:23:00,56.25,-123.75,-67.5
2023-01-05 10:24:00,45.0,-112.5,-67.5
2023-01-05 10:25:00,45.0,-90.0,-45.0
2023-01-05 10:26:00,-60.0,108.75,48.75
2023-01-05 10:27:00,-63.75,86.25,22.5
2023-01-05 10:28:00,-3.75,-26.25,-30.0
2023-01-05 10:29:00,97.5,-93.75,3.75
2023-01-05 10:30:00,7.5,56.25,63.75
2023-01-05 10:31:00,105.0,-22.5,82.5
2023-01-05 10:32:00,300.0,-251.25,48.75
2023-01-05 10:33:00,431.25,-453.75,-22.5
2023-01-05 10:34:00,326.25,-311.25,15.0
2023-01-05 10:35:00,296.25,-161.25,135.0
2023-01-05 10:36:00,311.25,-157.5,153.75
2023-01-05 10:37:00,341.25,-150.0,191.25
2023-01-05 10:38:00,303.75,-112.5,191.25
2023-01-05 10:39:00,390.0,-258.75,131.25
2023-01-05 10:40:00,367.5,-206.25,161.25
2023-01-05 10:41:00,333.75,-120.0,213.75
2023-01-05 10:42:00,348.75,-93.75,255.0
2023-01-05 10:43:00,337.5,-75.0,262.5
2023-01-05 10:44:00,352.5,-116.25,236.25
2023-01-05 10:45:00,378.75,-116.25,262.5
2023-01-05 10:46:00,446.25,-228.75,217.5
2023-01-05 10:47:00,483.75,-333.75,150.0
2023-01-05 10:48:00,480.0,-303.75,176.25
2023-01-05 10:49:00,495.0,-345.0,150.0
2023-01-05 10:50:00,510.0,-341.25,168.75
2023-01-05 10:51:00,566.25,-513.75,52.5
2023-01-05 10:52:00,551.25,-532.5,18.75
2023-01-05 10:53:00,558.75,-502.5,56.25
2023-01-05 10:54:00,536.25,-468.75,67.5
2023-01-05 10:55:00,555.0,-532.5,22.5
2023-01-05 10:56:00,592.5,-581.25,11.25
2023-01-05 10:57:00,663.75,-667.5,-3.75
2023-01-05 10:58:00,723.75,-832.5,-108.75
2023-01-05 10:59:00,701.25,-675.0,26.25
2023-01-05 11:00:00,675.0,-592.5,82.5
2023-01-05 11:01:00,682.5,-600.0,82.5
2023-01-05 11:02:00,663.75,-405.0,258.75
2023-01-05 11:03:00,667.5,-431.25,236.25
2023-01-05 11:04:00,671.25,-476.25,195.0
2023-01-05 11:05:00,742.5,-675.0,67.5
2023-01-05 11:06:00,705.0,-510.0,195.0
2023-01-05 11:07:00,690.0,-442.5,247.5
2023-01-05 11:08:00,690.0,-461.25,228.75
2023-01-05 11:09:00,667.5,-341.25,326.25
2023-01-05 11:10:00,667.5,-266.25,401.25
2023-01-05 11:11:00,663.75,-161.25,502.5
2023-01-05 11:12:00,660.0,-195.0,465.0
2023-01-05 11:13:00,660.0,-210.0,450.0
2023-01-05 11:14:00,686.25,-236.25,450.0
2023-01-05 11:15:00,738.75,-375.0,363.75
2023-01-05 11:16:00,686.25,-236.25,450.0
2023-01-05 11:17:00,663.75,-105.0,558.75
2023-01-05 11:18:00,671.25,-120.0,551.25
2023-01-05 11:19:00,697.5,-187.5,510.0
2023-01-05 11:20:00,678.75,-142.5,536.25
2023-01-05 11:21:00,697.5,-161.25,536.25
2023-01-05 11:22:00,738.75,-273.75,465.0
2023-01-05 11:23:00,765.0,-393.75,371.25
2023-01-05 11:24:00,847.5,-723.75,123.75
2023-01-05 11:25:00,870.0,-772.5,97.5
2023-01-05 11:26:00,870.0,-870.0,0.0
2023-01-05 11:27:00,885.0,-783.75,101.25
2023-01-05 11:28:00,892.5,-836.25,56.25
2023-01-05 11:29:00,900.0,-825.0,75.0
2023-01-05 11:30:00,896.25,-768.75,127.5
2023-01-05 11:31:00,911.25,-836.25,75.0
2023-01-05 11:32:00,918.75,-903.75,15.0
2023-01-05 11:33:00,956.25,-1125.0,-168.75
2023-01-05 11:34:00,948.75,-1102.5,-153.75
2023-01-05 11:35:00,956.25,-1188.75,-232.5
2023-01-05 11:36:00,956.25,-1278.75,-322.5
2023-01-05 11:37:00,922.5,-847.5,75.0
2023-01-05 11:38:00,930.0,-1005.0,-75.0
2023-01-05 11:39:00,933.75,-1140.0,-206.25
2023-01-05 11:40:00,926.25,-1095.0,-168.75
2023-01-05 11:41:00,926.25,-948.75,-22.5
2023-01-05 11:42:00,907.5,-791.25,116.25
2023-01-05 11:43:00,907.5,-727.5,180.0
2023-01-05 11:44:00,900.0,-701.25,198.75
2023-01-05 11:45:00,915.0,-776.25,138.75
2023-01-05 11:46:00,907.5,-840.0,67.5
2023-01-05 11:47:00,911.25,-896.25,15.0
2023-01-05 11:48:00,915.0,-873.75,41.25
2023-01-05 11:49:00,937.5,-1027.5,-90.0
2023-01-05 11:50:00,1005.0,-1477.5,-472.5
2023-01-05 11:51:00,986.25,-1601.25,-615.0
2023-01-05 11:52:00,1001.25,-1871.25,-870.0
2023-01-05 11:53:00,997.5,-2051.25,-1053.75
2023-01-05 11:54:00,1020.0,-2186.25,-1166.25
2023-01-05 11:55:00,1005.0,-1890.0,-885.0
2023-01-05 11:56:00,986.25,-1871.25,-885.0
2023-01-05 11:57:00,1170.0,-2100.0,-930.0
2023-01-05 11:58:00,1042.5,-1893.75,-851.25
2023-01-05 11:59:00,1046.25,-1980.0,-933.75
2023-01-05 12:00:00,847.5,-1852.5,-1005.0
2023-01-05 12:01:00,903.75,-1878.75,-975.0
2023-01-05 12:02:00,1023.75,-2025.0,-1001.25
2023-01-05 12:03:00,982.5,-1968.75,-986.25
2023-01-05 12:04:00,1245.0,-2366.25,-1121.25
2023-01-05 12:05:00,1143.75,-2253.75,-1110.0
2023-01-05 12:06:00,1008.75,-1946.25,-937.5
2023-01-05 12:07:00,993.75,-1916.25,-922.5
2023-01-05 12:08:00,915.0,-1901.25,-986.25
2023-01-05 12:09:00,1001.25,-1837.5,-836.25
2023-01-05 12:10:00,1038.75,-1950.0,-911.25
2023-01-05 12:11:00,937.5,-1773.75,-836.25
2023-01-05 12:12:00,1113.75,-2085.0,-971.25
2023-01-05 12:13:00,982.5,-1811.25,-828.75
2023-01-05 12:14:00,941.25,-1792.5,-851.25
2023-01-05 12:15:00,986.25,-1841.25,-855.0
2023-01-05 12:16:00,1050.0,-1912.5,-862.5
2023-01-05 12:17:00,1076.25,-1931.25,-855.0
2023-01-05 12:18:00,1020.0,-1867.5,-847.5
2023-01-05 12:19:00,1211.25,-2013.75,-802.5
2023-01-05 12:20:00,1091.25,-1833.75,-742.5
2023-01-05 12:21:00,1162.5,-1822.5,-660.0
2023-01-05 12:22:00,1327.5,-2096.25,-768.75
2023-01-05 12:23:00,1608.75,-2422.5,-813.75
2023-01-05 12:24:00,1571.25,-2426.25,-855.0
2023-01-05 12:25:00,1623.75,-2576.25,-952.5
2023-01-05 12:26:00,1672.5,-2591.25,-918.75
2023-01-05 12:27:00,1451.25,-2028.75,-577.5
2023-01-05 12:28:00,1556.25,-2280.0,-723.75
2023-01-05 12:29:00,1717.5,-2591.25,-873.75
2023-01-05 12:30:00,1912.5,-2981.25,-1068.75
2023-01-05 12:31:00,1706.25,-2546.25,-840.0
2023-01-05 12:32:00,1657.5,-2392.5,-735.0
2023-01-05 12:33:00,1721.25,-2606.25,-885.0
2023-01-05 12:34:00,1728.75,-2538.75,-810.0
2023-01-05 12:35:00,1695.0,-2445.0,-750.0
2023-01-05 12:36:00,1732.5,-2347.5,-615.0
2023-01-05 12:37:00,1762.5,-2531.25,-768.75
2023-01-05 12:38:00,1931.25,-2662.5,-731.25
2023-01-05 12:39:00,2182.5,-3183.75,-1001.25
2023-01-05 12:40:00,2197.5,-3097.5,-900.0
2023-01-05 12:41:00,2242.5,-3213.75,-971.25
2023-01-05 12:42:00,2347.5,-3858.75,-1511.25
2023-01-05 12:43:00,2448.75,-4256.25,-1807.5
2023-01-05 12:44:00,2355.0,-3787.5,-1432.5
2023-01-05 12:45:00,2385.0,-3780.0,-1395.0
2023-01-05 12:46:00,2396.25,-3727.5,-1331.25
2023-01-05 12:47:00,2475.0,-3806.25,-1331.25
2023-01-05 12:48:00,2460.0,-3843.75,-1383.75
2023-01-05 12:49:00,2328.75,-3686.25,-1357.5
2023-01-05 12:50:00,2242.5,-3517.5,-1275.0
2023-01-05 12:51:00,2280.0,-3543.75,-1263.75
2023-01-05 12:52:00,2422.5,-3753.75,-1331.25
2023-01-05 12:53:00,2426.25,-3723.75,-1297.5
2023-01-05 12:54:00,2377.5,-3660.0,-1282.5
2023-01-05 12:55:00,2287.5,-3611.25,-1323.75
2023-01-05 12:56:00,2298.75,-3630.0,-1331.25
2023-01-05 12:57:00,2197.5,-3562.5,-1365.0
2023-01-05 12:58:00,2257.5,-3581.25,-1323.75
2023-01-05 12:59:00,2298.75,-3648.75,-1350.0
2023-01-05 13:00:00,2448.75,-3738.75,-1290.0
2023-01-05 13:01:00,2392.5,-3671.25,-1278.75
2023-01-05 13:02:00,2396.25,-3667.5,-1271.25
2023-01-05 13:03:00,2257.5,-3525.0,-1267.5
2023-01-05 13:04:00,2340.0,-3633.75,-1293.75
2023-01-05 13:05:00,2370.0,-3645.0,-1275.0
2023-01-05 13:06:00,2328.75,-3585.0,-1256.25
2023-01-05 13:07:00,2310.0,-3558.75,-1248.75
2023-01-05 13:08:00,2223.75,-3472.5,-1248.75
2023-01-05 13:09:00,2283.75,-3532.5,-1248.75
2023-01-05 13:10:00,2283.75,-3528.75,-1245.0
2023-01-05 13:11:00,2362.5,-3570.0,-1207.5
2023-01-05 13:12:00,2332.5,-3521.25,-1188.75
2023-01-05 13:13:00,2385.0,-3547.5,-1162.5
2023-01-05 13:14:00,2055.0,-3210.0,-1155.0
2023-01-05 13:15:00,2295.0,-3412.5,-1117.5
2023-01-05 13:16:00,2298.75,-3435.0,-1136.25
2023-01-05 13:17:00,2482.5,-3562.5,-1080.0
2023-01-05 13:18:00,2625.0,-3682.5,-1057.5
2023-01-05 13:19:00,2602.5,-3663.75,-1061.25
2023-01-05 13:20:00,2921.25,-3960.0,-1038.75
2023-01-05 13:21:00,2883.75,-3956.25,-1072.5
2023-01-05 13:22:00,3030.0,-4095.0,-1065.0
2023-01-05 13:23:00,3067.5,-4398.75,-1331.25
2023-01-05 13:24:00,3026.25,-4320.0,-1293.75
2023-01-05 13:25:00,3018.75,-4590.0,-1571.25
2023-01-05 13:26:00,2970.0,-4481.25,-1511.25
2023-01-05 13:27:00,3003.75,-4710.0,-1706.25
2023-01-05 13:28:00,3041.25,-5133.75,-2092.5
2023-01-05 13:29:00,3026.25,-4905.0,-1878.75
2023-01-05 13:30:00,3003.75,-4676.25,-1672.5
2023-01-05 13:31:00,2996.25,-4492.5,-1496.25
2023-01-05 13:32:00,3007.5,-4698.75,-1691.25
2023-01-05 13:33:00,2985.0,-4428.75,-1443.75
2023-01-05 13:34:00,3063.75,-4777.5,-1713.75
2023-01-05 13:35:00,3045.0,-4605.0,-1560.0
2023-01-05 13:36:00,3041.25,-4657.5,-1616.25
2023-01-05 13:37:00,3003.75,-4605.0,-1601.25
2023-01-05 13:38:00,2985.0,-4492.5,-1507.5
2023-01-05 13:39:00,3041.25,-4698.75,-1657.5
2023-01-05 13:40:00,3086.25,-4957.5,-1871.25
2023-01-05 13:41:00,3060.0,-4717.5,-1657.5
2023-01-05 13:42:00,3108.75,-4878.75,-1770.0
2023-01-05 13:43:00,3041.25,-4447.5,-1406.25
2023-01-05 13:44:00,3052.5,-4563.75,-1511.25
2023-01-05 13:45:00,3045.0,-4436.25,-1391.25
2023-01-05 13:46:00,3041.25,-4368.75,-1327.5
2023-01-05 13:47:00,2988.75,-4185.0,-1196.25
2023-01-05 13:48:00,3030.0,-4248.75,-1218.75
2023-01-05 13:49:00,3030.0,-4248.75,-1218.75
2023-01-05 13:50:00,3105.0,-4440.0,-1335.0
2023-01-05 13:51:00,3303.75,-4653.75,-1350.0
2023-01-05 13:52:00,3183.75,-4121.25,-937.5
2023-01-05 13:53:00,3153.75,-3993.75,-840.0
2023-01-05 13:54:00,3112.5,-3843.75,-731.25
2023-01-05 13:55:00,3150.0,-3982.5,-832.5
2023-01-05 13:56:00,3135.0,-3821.25,-686.25
2023-01-05 13:57:00,3022.5,-3412.5,-390.0
2023-01-05 13:58:00,3041.25,-3360.0,-318.75
2023-01-05 13:59:00,3033.75,-3258.75,-225.0
2023-01-05 14:00:00,3022.5,-3292.5,-270.0
2023-01-05 14:01:00,3022.5,-3273.75,-251.25
2023-01-05 14:02:00,3183.75,-3502.5,-318.75
2023-01-05 14:03:00,3142.5,-3416.25,-273.75
2023-01-05 14:04:00,3288.75,-3543.75,-255.0
2023-01-05 14:05:00,3116.25,-3330.0,-213.75
2023-01-05 14:06:00,3213.75,-3498.75,-285.0
2023-01-05 14:07:00,3360.0,-3727.5,-367.5
2023-01-05 14:08:00,3322.5,-3660.0,-337.5
2023-01-05 14:09:00,3423.75,-3806.25,-382.5
2023-01-05 14:10:00,3367.5,-3645.0,-277.5
2023-01-05 14:11:00,3382.5,-3720.0,-337.5
2023-01-05 14:12:00,3386.25,-3690.0,-303.75
2023-01-05 14:13:00,3318.75,-3408.75,-90.0
2023-01-05 14:14:00,3405.0,-3671.25,-266.25
2023-01-05 14:15:00,3465.0,-3896.25,-431.25
2023-01-05 14:16:00,3446.25,-3723.75,-277.5
2023-01-05 14:17:00,3435.0,-3637.5,-202.5
2023-01-05 14:18:00,3457.5,-3686.25,-228.75
2023-01-05 14:19:00,3468.75,-3697.5,-228.75
2023-01-05 14:20:00,3468.75,-3712.5,-243.75
2023-01-05 14:21:00,3457.5,-3528.75,-71.25
2023-01-05 14:22:00,3450.0,-3540.0,-90.0
2023-01-05 14:23:00,3483.75,-3540.0,-56.25
2023-01-05 14:24:00,3453.75,-3438.75,15.0
2023-01-05 14:25:00,3367.5,-3195.0,172.5
2023-01-05 14:26:00,3382.5,-3386.25,-3.75
2023-01-05 14:27:00,3292.5,-3266.25,26.25
2023-01-05 14:28:00,3266.25,-3176.25,90.0
2023-01-05 14:29:00,3086.25,-2853.75,232.5
2023-01-05 14:30:00,3026.25,-2790.0,236.25
2023-01-05 14:31:00,2891.25,-2756.25,135.0
2023-01-05 14:32:00,3198.75,-2883.75,315.0
2023-01-05 14:33:00,3071.25,-2853.75,217.5
2023-01-05 14:34:00,3093.75,-2831.25,262.5
2023-01-05 14:35:00,3131.25,-2891.25,240.0
2023-01-05 14:36:00,3258.75,-2962.5,296.25
2023-01-05 14:37:00,3258.75,-2985.0,273.75
2023-01-05 14:38:00,3168.75,-2872.5,296.25
2023-01-05 14:39:00,3030.0,-2872.5,157.5
2023-01-05 14:40:00,3213.75,-2955.0,258.75
2023-01-05 14:41:00,3225.0,-2940.0,285.0
2023-01-05 14:42:00,3210.0,-2958.75,251.25
2023-01-05 14:43:00,3210.0,-2962.5,247.5
2023-01-05 14:44:00,3127.5,-2831.25,296.25
2023-01-05 14:45:00,3195.0,-2876.25,318.75
2023-01-05 14:46:00,3243.75,-2895.0,348.75
2023-01-05 14:47:00,3270.0,-2846.25,423.75
2023-01-05 14:48:00,3243.75,-2801.25,442.5
2023-01-05 14:49:00,3048.75,-2651.25,397.5
2023-01-05 14:50:00,2973.75,-2636.25,337.5
2023-01-05 14:51:00,2793.75,-2613.75,180.0
2023-01-05 14:52:00,3060.0,-2700.0,360.0
2023-01-05 14:53:00,3142.5,-2737.5,405.0
2023-01-05 14:54:00,3108.75,-2681.25,427.5
2023-01-05 14:55:00,3217.5,-2707.5,510.0
2023-01-05 14:56:00,3495.0,-2812.5,682.5
2023-01-05 14:57:00,3442.5,-2752.5,690.0
2023-01-05 14:58:00,3446.25,-2730.0,716.25
2023-01-05 14:59:00,3498.75,-2741.25,757.5
2023-01-05 15:00:00,3360.0,-2583.75,776.25
2023-01-05 15:01:00,3225.0,-2482.5,742.5
2023-01-05 15:02:00,3255.0,-2437.5,817.5
2023-01-05 15:03:00,3285.0,-2433.75,851.25
2023-01-05 15:04:00,3326.25,-2433.75,892.5
2023-01-05 15:05:00,3303.75,-2422.5,881.25
2023-01-05 15:06:00,3303.75,-2415.0,888.75
2023-01-05 15:07:00,3453.75,-2418.75,1035.0
2023-01-05 15:08:00,3446.25,-2411.25,1035.0
2023-01-05 15:09:00,3603.75,-2411.25,1192.5
2023-01-05 15:10:00,3543.75,-2403.75,1140.0
2023-01-05 15:11:00,3480.0,-2403.75,1076.25
2023-01-05 15:12:00,3315.0,-2400.0,915.0
2023-01-05 15:13:00,3547.5,-2403.75,1143.75
2023-01-05 15:14:00,3675.0,-2400.0,1275.0
2023-01-05 15:15:00,3690.0,-2400.0,1290.0
2023-01-05 15:16:00,3540.0,-2400.0,1140.0
2023-01-05 15:17:00,3596.25,-2400.0,1196.25
2023-01-05 15:18:00,3600.0,-2396.25,1203.75
2023-01-05 15:19:00,3667.5,-2396.25,1271.25
2023-01-05 15:20:00,3652.5,-2396.25,1256.25
2023-01-05 15:21:00,3652.5,-2396.25,1256.25
2023-01-05 15:22:00,3652.5,-2396.25,1256.25
2023-01-05 15:23:00,3652.5,-2396.25,1256.25
2023-01-05 15:24:00,3652.5,-2396.25,1256.25
2023-01-05 15:25:00,3652.5,-2396.25,1256.25
2023-01-05 15:26:00,3652.5,-2396.25,1256.25
2023-01-05 15:27:00,3652.5,-2396.25,1256.25
2023-01-05 15:28:00,3652.5,-2396.25,1256.25
2023-01-05 15:29:00,3652.5,-2396.25,1256.25
2023-01-05 15:30:00,3652.5,-2396.25,1256.25
2023-01-12 10:15:00,0.0,0.0,0.0
2023-01-12 10:16:00,221.25,-240.0,-18.75
2023-01-12 10:17:00,442.5,-483.75,-41.25
2023-01-12 10:18:00,408.75,-416.25,-7.5
2023-01-12 10:19:00,345.0,-318.75,26.25
2023-01-12 10:20:00,326.25,-315.0,11.25
2023-01-12 10:21:00,457.5,-517.5,-60.0
2023-01-12 10:22:00,416.25,-420.0,-3.75
2023-01-12 10:23:00,348.75,-322.5,26.25
2023-01-12 10:24:00,390.0,-382.5,7.5
2023-01-12 10:25:00,442.5,-450.0,-7.5
2023-01-12 10:26:00,442.5,-375.0,67.5
2023-01-12 10:27:00,585.0,-521.25,63.75
2023-01-12 10:28:00,648.75,-566.25,82.5
2023-01-12 10:29:00,615.0,-442.5,172.5
2023-01-12 10:30:00,633.75,-450.0,183.75
2023-01-12 10:31:00,742.5,-671.25,71.25
2023-01-12 10:32:00,873.75,-877.5,-3.75
2023-01-12 10:33:00,851.25,-840.0,11.25
2023-01-12 10:34:00,772.5,-678.75,93.75
2023-01-12 10:35:00,862.5,-866.25,-3.75
2023-01-12 10:36:00,870.0,-806.25,63.75
2023-01-12 10:37:00,918.75,-933.75,-15.0
2023-01-12 10:38:00,881.25,-922.5,-41.25
2023-01-12 10:39:00,866.25,-907.5,-41.25
2023-01-12 10:40:00,757.5,-607.5,150.0
2023-01-12 10:41:00,716.25,-525.0,191.25
2023-01-12 10:42:00,622.5,-311.25,311.25
2023-01-12 10:43:00,690.0,-435.0,255.0
2023-01-12 10:44:00,686.25,-423.75,262.5
2023-01-12 10:45:00,667.5,-416.25,251.25
2023-01-12 10:46:00,622.5,-337.5,285.0
2023-01-12 10:47:00,517.5,-97.5,420.0
2023-01-12 10:48:00,652.5,-333.75,318.75
2023-01-12 10:49:00,742.5,-491.25,251.25
2023-01-12 10:50:00,712.5,-431.25,281.25
2023-01-12 10:51:00,888.75,-648.75,240.0
2023-01-12 10:52:00,907.5,-753.75,153.75
2023-01-12 10:53:00,840.0,-607.5,232.5
2023-01-12 10:54:00,840.0,-588.75,251.25
2023-01-12 10:55:00,768.75,-491.25,277.5
2023-01-12 10:56:00,735.0,-427.5,307.5
2023-01-12 10:57:00,678.75,-303.75,375.0
2023-01-12 10:58:00,720.0,-397.5,322.5
2023-01-12 10:59:00,712.5,-322.5,390.0
2023-01-12 11:00:00,795.0,-416.25,378.75
2023-01-12 11:01:00,813.75,-461.25,352.5
2023-01-12 11:02:00,772.5,-352.5,420.0
2023-01-12 11:03:00,750.0,-277.5,472.5
2023-01-12 11:04:00,746.25,-266.25,480.0
2023-01-12 11:05:00,663.75,-90.0,573.75
2023-01-12 11:06:00,727.5,-210.0,517.5
2023-01-12 11:07:00,768.75,-315.0,453.75
2023-01-12 11:08:00,836.25,-356.25,480.0
2023-01-12 11:09:00,840.0,-363.75,476.25
2023-01-12 11:10:00,971.25,-622.5,348.75
2023-01-12 11:11:00,1215.0,-1113.75,101.25
2023-01-12 11:12:00,1282.5,-1177.5,105.0
2023-01-12 11:13:00,1278.75,-1230.0,48.75
2023-01-12 11:14:00,1290.0,-1222.5,67.5
2023-01-12 11:15:00,1278.75,-1203.75,75.0
2023-01-12 11:16:00,1207.5,-930.0,277.5
2023-01-12 11:17:00,1185.0,-791.25,393.75
2023-01-12 11:18:00,1200.0,-870.0,330.0
2023-01-12 11:19:00,1158.75,-630.0,528.75
2023-01-12 11:20:00,1170.0,-622.5,547.5
2023-01-12 11:21:00,1241.25,-870.0,371.25
2023-01-12 11:22:00,1248.75,-866.25,382.5
2023-01-12 11:23:00,1275.0,-930.0,345.0
2023-01-12 11:24:00,1267.5,-873.75,393.75
2023-01-12 11:25:00,1260.0,-821.25,438.75
2023-01-12 11:26:00,1320.0,-918.75,401.25
2023-01-12 11:27:00,1308.75,-941.25,367.5
2023-01-12 11:28:00,1320.0,-885.0,435.0
2023-01-12 11:29:00,1361.25,-1102.5,258.75
2023-01-12 11:30:00,1346.25,-900.0,446.25
2023-01-12 11:31:00,1301.25,-705.0,596.25
2023-01-12 11:32:00,1233.75,-465.0,768.75
2023-01-12 11:33:00,1248.75,-536.25,712.5
2023-01-12 11:34:00,1308.75,-678.75,630.0
2023-01-12 11:35:00,1263.75,-573.75,690.0
2023-01-12 11:36:00,1143.75,-221.25,922.5
2023-01-12 11:37:00,1132.5,-123.75,1008.75
2023-01-12 11:38:00,1215.0,-315.0,900.0
2023-01-12 11:39:00,1237.5,-371.25,866.25
2023-01-12 11:40:00,1188.75,-292.5,896.25
2023-01-12 11:41:00,1286.25,-566.25,720.0
2023-01-12 11:42:00,1308.75,-577.5,731.25
2023-01-12 11:43:00,1353.75,-641.25,712.5
2023-01-12 11:44:00,1338.75,-585.0,753.75
2023-01-12 11:45:00,1320.0,-532.5,787.5
2023-01-12 11:46:00,1320.0,-573.75,746.25
2023-01-12 11:47:00,1338.75,-615.0,723.75
2023-01-12 11:48:00,1338.75,-622.5,716.25
2023-01-12 11:49:00,1361.25,-622.5,738.75
2023-01-12 11:50:00,1342.5,-618.75,723.75
2023-01-12 11:51:00,1410.0,-806.25,603.75
2023-01-12 11:52:00,1387.5,-697.5,690.0
2023-01-12 11:53:00,1428.75,-870.0,558.75
2023-01-12 11:54:00,1503.75,-1158.75,345.0
2023-01-12 11:55:00,1627.5,-1680.0,-52.5
2023-01-12 11:56:00,1383.75,-1413.75,-30.0
2023-01-12 11:57:00,1320.0,-1357.5,-37.5
2023-01-12 11:58:00,1128.75,-1027.5,101.25
2023-01-12 11:59:00,1237.5,-1192.5,45.0
2023-01-12 12:00:00,1440.0,-1380.0,60.0
2023-01-12 12:01:00,1410.0,-1346.25,63.75
2023-01-12 12:02:00,975.0,-825.0,150.0
2023-01-12 12:03:00,768.75,-671.25,97.5
2023-01-12 12:04:00,832.5,-742.5,90.0
2023-01-12 12:05:00,682.5,-570.0,112.5
2023-01-12 12:06:00,873.75,-798.75,75.0
2023-01-12 12:07:00,633.75,-588.75,45.0
2023-01-12 12:08:00,592.5,-577.5,15.0
2023-01-12 12:09:00,570.0,-517.5,52.5
2023-01-12 12:10:00,435.0,-420.0,15.0
2023-01-12 12:11:00,652.5,-540.0,112.5
2023-01-12 12:12:00,641.25,-540.0,101.25
2023-01-12 12:13:00,438.75,-390.0,48.75
2023-01-12 12:14:00,337.5,-326.25,11.25
2023-01-12 12:15:00,123.75,-195.0,-71.25
2023-01-12 12:16:00,363.75,-363.75,0.0
2023-01-12 12:17:00,-270.0,-11.25,-281.25
2023-01-12 12:18:00,15.0,-168.75,-153.75
2023-01-12 12:19:00,-225.0,-45.0,-270.0
2023-01-12 12:20:00,-795.0,382.5,-412.5
2023-01-12 12:21:00,-757.5,341.25,-416.25
2023-01-12 12:22:00,-678.75,330.0,-348.75
2023-01-12 12:23:00,-281.25,165.0,-116.25
2023-01-12 12:24:00,-660.0,285.0,-375.0
2023-01-12 12:25:00,-536.25,206.25,-330.0
2023-01-12 12:26:00,-585.0,195.0,-390.0
2023-01-12 12:27:00,-708.75,303.75,-405.0
2023-01-12 12:28:00,-210.0,90.0,-120.0
2023-01-12 12:29:00,-97.5,71.25,-26.25
2023-01-12 12:30:00,11.25,7.5,18.75
2023-01-12 12:31:00,52.5,52.5,105.0
2023-01-12 12:32:00,-266.25,142.5,-123.75
2023-01-12 12:33:00,-213.75,135.0,-78.75
2023-01-12 12:34:00,-187.5,123.75,-63.75
2023-01-12 12:35:00,-11.25,82.5,71.25
2023-01-12 12:36:00,506.25,-116.25,390.0
2023-01-12 12:37:00,0.0,97.5,97.5
2023-01-12 12:38:00,172.5,3.75,176.25
2023-01-12 12:39:00,-142.5,161.25,18.75
2023-01-12 12:40:00,82.5,56.25,138.75
2023-01-12 12:41:00,0.0,206.25,206.25
2023-01-12 12:42:00,472.5,7.5,480.0
2023-01-12 12:43:00,450.0,11.25,461.25
2023-01-12 12:44:00,262.5,78.75,341.25
2023-01-12 12:45:00,273.75,82.5,356.25
2023-01-12 12:46:00,56.25,168.75,225.0
2023-01-12 12:47:00,-18.75,198.75,180.0
2023-01-12 12:48:00,-183.75,315.0,131.25
2023-01-12 12:49:00,-157.5,266.25,108.75
2023-01-12 12:50:00,-157.5,273.75,116.25
2023-01-12 12:51:00,-326.25,345.0,18.75
2023-01-12 12:52:00,-915.0,656.25,-258.75
2023-01-12 12:53:00,-907.5,727.5,-180.0
2023-01-12 12:54:00,-1698.75,975.0,-723.75
2023-01-12 12:55:00,-1725.0,967.5,-757.5
2023-01-12 12:56:00,-1698.75,967.5,-731.25
2023-01-12 12:57:00,-1530.0,780.0,-750.0
2023-01-12 12:58:00,-1477.5,690.0,-787.5
2023-01-12 12:59:00,-1511.25,716.25,-795.0
2023-01-12 13:00:00,-1443.75,693.75,-750.0
2023-01-12 13:01:00,-1605.0,933.75,-671.25
2023-01-12 13:02:00,-1578.75,873.75,-705.0
2023-01-12 13:03:00,-1522.5,787.5,-735.0
2023-01-12 13:04:00,-1515.0,806.25,-708.75
2023-01-12 13:05:00,-1530.0,832.5,-697.5
2023-01-12 13:06:00,-1545.0,903.75,-641.25
2023-01-12 13:07:00,-1567.5,885.0,-682.5
2023-01-12 13:08:00,-1533.75,851.25,-682.5
2023-01-12 13:09:00,-1533.75,858.75,-675.0
2023-01-12 13:10:00,-1560.0,877.5,-682.5
2023-01-12 13:11:00,-1252.5,656.25,-596.25
2023-01-12 13:12:00,-1102.5,225.0,-877.5
2023-01-12 13:13:00,-1038.75,195.0,-843.75
2023-01-12 13:14:00,-1140.0,525.0,-615.0
2023-01-12 13:15:00,-1121.25,453.75,-667.5
2023-01-12 13:16:00,-1110.0,390.0,-720.0
2023-01-12 13:17:00,-1136.25,453.75,-682.5
2023-01-12 13:18:00,-1215.0,712.5,-502.5
2023-01-12 13:19:00,-1128.75,491.25,-637.5
2023-01-12 13:20:00,-1110.0,446.25,-663.75
2023-01-12 13:21:00,-1113.75,390.0,-723.75
2023-01-12 13:22:00,-982.5,116.25,-866.25
2023-01-12 13:23:00,-952.5,108.75,-843.75
2023-01-12 13:24:00,-933.75,-123.75,-1057.5
2023-01-12 13:25:00,-941.25,-60.0,-1001.25
2023-01-12 13:26:00,-903.75,-318.75,-1222.5
2023-01-12 13:27:00,-855.0,-566.25,-1421.25
2023-01-12 13:28:00,-855.0,-547.5,-1402.5
2023-01-12 13:29:00,-832.5,-633.75,-1466.25
2023-01-12 13:30:00,-828.75,-731.25,-1560.0
2023-01-12 13:31:00,-1020.0,-525.0,-1545.0
2023-01-12 13:32:00,-1035.0,-510.0,-1545.0
2023-01-12 13:33:00,-896.25,-701.25,-1597.5
2023-01-12 13:34:00,-915.0,-566.25,-1481.25
2023-01-12 13:35:00,-300.0,-1368.75,-1668.75
2023-01-12 13:36:00,-150.0,-1665.0,-1815.0
2023-01-12 13:37:00,-131.25,-1563.75,-1695.0
2023-01-12 13:38:00,-142.5,-1391.25,-1533.75
2023-01-12 13:39:00,-221.25,-1275.0,-1496.25
2023-01-12 13:40:00,-112.5,-1376.25,-1488.75
2023-01-12 13:41:00,-116.25,-1541.25,-1657.5
2023-01-12 13:42:00,60.0,-1668.75,-1608.75
2023-01-12 13:43:00,56.25,-1773.75,-1717.5
2023-01-12 13:44:00,-93.75,-1462.5,-1556.25
2023-01-12 13:45:00,-240.0,-1218.75,-1458.75
2023-01-12 13:46:00,-348.75,-967.5,-1316.25
2023-01-12 13:47:00,-438.75,-738.75,-1177.5
2023-01-12 13:48:00,-382.5,-697.5,-1080.0
2023-01-12 13:49:00,-581.25,-487.5,-1068.75
2023-01-12 13:50:00,-397.5,-738.75,-1136.25
2023-01-12 13:51:00,-281.25,-828.75,-1110.0
2023-01-12 13:52:00,-258.75,-825.0,-1083.75
2023-01-12 13:53:00,-618.75,-281.25,-900.0
2023-01-12 13:54:00,-825.0,33.75,-791.25
2023-01-12 13:55:00,-907.5,45.0,-862.5
2023-01-12 13:56:00,-806.25,0.0,-806.25
2023-01-12 13:57:00,-757.5,-33.75,-791.25
2023-01-12 13:58:00,-1012.5,262.5,-750.0
2023-01-12 13:59:00,-1335.0,547.5,-787.5
2023-01-12 14:00:00,-1308.75,521.25,-787.5
2023-01-12 14:01:00,-1507.5,727.5,-780.0
2023-01-12 14:02:00,-1211.25,558.75,-652.5
2023-01-12 14:03:00,-1395.0,622.5,-772.5
2023-01-12 14:04:00,-1661.25,795.0,-866.25
2023-01-12 14:05:00,-1271.25,705.0,-566.25
2023-01-12 14:06:00,-1496.25,768.75,-727.5
2023-01-12 14:07:00,-1541.25,821.25,-720.0
2023-01-12 14:08:00,-1578.75,870.0,-708.75
2023-01-12 14:09:00,-1938.75,1068.75,-870.0
2023-01-12 14:10:00,-2220.0,1173.75,-1046.25
2023-01-12 14:11:00,-2460.0,1188.75,-1271.25
2023-01-12 14:12:00,-2081.25,1072.5,-1008.75
2023-01-12 14:13:00,-2302.5,1140.0,-1162.5
2023-01-12 14:14:00,-2265.0,1125.0,-1140.0
2023-01-12 14:15:00,-1961.25,1053.75,-907.5
2023-01-12 14:16:00,-1687.5,1012.5,-675.0
2023-01-12 14:17:00,-2445.0,1293.75,-1151.25
2023-01-12 14:18:00,-2846.25,1406.25,-1440.0
2023-01-12 14:19:00,-3300.0,1500.0,-1800.0
2023-01-12 14:20:00,-3060.0,1473.75,-1586.25
2023-01-12 14:21:00,-3097.5,1473.75,-1623.75
2023-01-12 14:22:00,-3210.0,1582.5,-1627.5
2023-01-12 14:23:00,-3187.5,1605.0,-1582.5
2023-01-12 14:24:00,-3138.75,1567.5,-1571.25
2023-01-12 14:25:00,-3247.5,1665.0,-1582.5
2023-01-12 14:26:00,-3176.25,1623.75,-1552.5
2023-01-12 14:27:00,-3075.0,1537.5,-1537.5
2023-01-12 14:28:00,-2936.25,1440.0,-1496.25
2023-01-12 14:29:00,-2910.0,1402.5,-1507.5
2023-01-12 14:30:00,-2910.0,1391.25,-1518.75
2023-01-12 14:31:00,-2865.0,1402.5,-1462.5
2023-01-12 14:32:00,-2816.25,1305.0,-1511.25
2023-01-12 14:33:00,-2775.0,1278.75,-1496.25
2023-01-12 14:34:00,-2850.0,1395.0,-1455.0
2023-01-12 14:35:00,-2778.75,1305.0,-1473.75
2023-01-12 14:36:00,-2872.5,1571.25,-1301.25
2023-01-12 14:37:00,-2797.5,1417.5,-1380.0
2023-01-12 14:38:00,-2808.75,1432.5,-1376.25
2023-01-12 14:39:00,-2763.75,1372.5,-1391.25
2023-01-12 14:40:00,-2782.5,1481.25,-1301.25
2023-01-12 14:41:00,-2790.0,1485.0,-1305.0
2023-01-12 14:42:00,-2801.25,1522.5,-1278.75
2023-01-12 14:43:00,-2763.75,1462.5,-1301.25
2023-01-12 14:44:00,-2703.75,1338.75,-1365.0
2023-01-12 14:45:00,-2670.0,1248.75,-1421.25
2023-01-12 14:46:00,-2677.5,1387.5,-1290.0
2023-01-12 14:47:00,-2681.25,1417.5,-1263.75
2023-01-12 14:48:00,-2737.5,1623.75,-1113.75
2023-01-12 14:49:00,-2718.75,1612.5,-1106.25
2023-01-12 14:50:00,-2733.75,1597.5,-1136.25
2023-01-12 14:51:00,-2793.75,1766.25,-1027.5
2023-01-12 14:52:00,-2756.25,1706.25,-1050.0
2023-01-12 14:53:00,-2685.0,1646.25,-1038.75
2023-01-12 14:54:00,-2688.75,1616.25,-1072.5
2023-01-12 14:55:00,-2662.5,1612.5,-1050.0
2023-01-12 14:56:00,-2662.5,1627.5,-1035.0
2023-01-12 14:57:00,-2651.25,1642.5,-1008.75
2023-01-12 14:58:00,-2636.25,1372.5,-1263.75
2023-01-12 14:59:00,-2643.75,1473.75,-1170.0
2023-01-12 15:00:00,-2662.5,1653.75,-1008.75
2023-01-12 15:01:00,-2658.75,1860.0,-798.75
2023-01-12 15:02:00,-2666.25,1923.75,-742.5
2023-01-12 15:03:00,-2655.0,1935.0,-720.0
2023-01-12 15:04:00,-2621.25,1942.5,-678.75
2023-01-12 15:05:00,-2632.5,1950.0,-682.5
2023-01-12 15:06:00,-2621.25,1953.75,-667.5
2023-01-12 15:07:00,-2610.0,1953.75,-656.25
2023-01-12 15:08:00,-2606.25,1961.25,-645.0
2023-01-12 15:09:00,-2610.0,1965.0,-645.0
2023-01-12 15:10:00,-2610.0,1972.5,-637.5
2023-01-12 15:11:00,-2602.5,1968.75,-633.75
2023-01-12 15:12:00,-2602.5,1968.75,-633.75
2023-01-12 15:13:00,-2598.75,1972.5,-626.25
2023-01-12 15:14:00,-2587.5,1968.75,-618.75
2023-01-12 15:15:00,-2587.5,1972.5,-615.0
2023-01-12 15:16:00,-2587.5,1972.5,-615.0
2023-01-12 15:17:00,-2583.75,1972.5,-611.25
2023-01-12 15:18:00,-2587.5,1976.25,-611.25
2023-01-12 15:19:00,-2583.75,1976.25,-607.5
2023-01-12 15:20:00,-2587.5,1972.5,-615.0
2023-01-12 15:21:00,-2587.5,1972.5,-615.0
2023-01-12 15:22:00,-2587.5,1972.5,-615.0
2023-01-12 15:23:00,-2587.5,1972.5,-615.0
2023-01-12 15:24:00,-2587.5,1972.5,-615.0
2023-01-12 15:25:00,-2587.5,1972.5,-615.0
2023-01-12 15:26:00,-2587.5,1972.5,-615.0
2023-01-12 15:27:00,-2587.5,1972.5,-615.0
2023-01-12 15:28:00,-2587.5,1972.5,-615.0
2023-01-12 15:29:00,-2587.5,1972.5,-615.0
2023-01-12 15:30:00,-2587.5,1972.5,-615.0
2023-01-19 10:15:00,0.0,0.0,0.0
2023-01-19 10:16:00,33.75,-45.0,-11.25
2023-01-19 10:17:00,60.0,-60.0,0.0
2023-01-19 10:18:00,75.0,-52.5,22.5
2023-01-19 10:19:00,52.5,-3.75,48.75
2023-01-19 10:20:00,48.75,37.5,86.25
2023-01-19 10:21:00,48.75,48.75,97.5
2023-01-19 10:22:00,-75.0,247.5,172.5
2023-01-19 10:23:00,-101.25,277.5,176.25
2023-01-19 10:24:00,-71.25,258.75,187.5
2023-01-19 10:25:00,-67.5,266.25,198.75
2023-01-19 10:26:00,-135.0,311.25,176.25
2023-01-19 10:27:00,-258.75,378.75,120.0
2023-01-19 10:28:00,-326.25,423.75,97.5
2023-01-19 10:29:00,-277.5,423.75,146.25
2023-01-19 10:30:00,-393.75,461.25,67.5
2023-01-19 10:31:00,-330.0,450.0,120.0
2023-01-19 10:32:00,-311.25,420.0,108.75
2023-01-19 10:33:00,-296.25,416.25,120.0
2023-01-19 10:34:00,-341.25,442.5,101.25
2023-01-19 10:35:00,-243.75,401.25,157.5
2023-01-19 10:36:00,-300.0,420.0,120.0
2023-01-19 10:37:00,-375.0,453.75,78.75
2023-01-19 10:38:00,-472.5,558.75,86.25
2023-01-19 10:39:00,-487.5,566.25,78.75
2023-01-19 10:40:00,-708.75,675.0,-33.75
2023-01-19 10:41:00,-738.75,720.0,-18.75
2023-01-19 10:42:00,-588.75,675.0,86.25
2023-01-19 10:43:00,-727.5,705.0,-22.5
2023-01-19 10:44:00,-592.5,663.75,71.25
2023-01-19 10:45:00,-476.25,641.25,165.0
2023-01-19 10:46:00,-630.0,671.25,41.25
2023-01-19 10:47:00,-566.25,648.75,82.5
2023-01-19 10:48:00,-622.5,671.25,48.75
2023-01-19 10:49:00,-558.75,667.5,108.75
2023-01-19 10:50:00,-656.25,701.25,45.0
2023-01-19 10:51:00,-697.5,761.25,63.75
2023-01-19 10:52:00,-423.75,671.25,247.5
2023-01-19 10:53:00,-517.5,682.5,165.0
2023-01-19 10:54:00,-465.0,660.0,195.0
2023-01-19 10:55:00,-446.25,686.25,240.0
2023-01-19 10:56:00,-532.5,712.5,180.0
2023-01-19 10:57:00,-731.25,768.75,37.5
2023-01-19 10:58:00,-930.0,791.25,-138.75
2023-01-19 10:59:00,-975.0,780.0,-195.0
2023-01-19 11:00:00,-1222.5,821.25,-401.25
2023-01-19 11:01:00,-1301.25,843.75,-457.5
2023-01-19 11:02:00,-1556.25,858.75,-697.5
2023-01-19 11:03:00,-1972.5,915.0,-1057.5
2023-01-19 11:04:00,-1987.5,907.5,-1080.0
2023-01-19 11:05:00,-1860.0,896.25,-963.75
2023-01-19 11:06:00,-1432.5,862.5,-570.0
2023-01-19 11:07:00,-1368.75,851.25,-517.5
2023-01-19 11:08:00,-1008.75,806.25,-202.5
2023-01-19 11:09:00,-967.5,806.25,-161.25
2023-01-19 11:10:00,-963.75,802.5,-161.25
2023-01-19 11:11:00,-937.5,813.75,-123.75
2023-01-19 11:12:00,-922.5,806.25,-116.25
2023-01-19 11:13:00,-843.75,813.75,-30.0
2023-01-19 11:14:00,-1001.25,840.0,-161.25
2023-01-19 11:15:00,-1038.75,862.5,-176.25
2023-01-19 11:16:00,-1215.0,888.75,-326.25
2023-01-19 11:17:00,-1147.5,888.75,-258.75
2023-01-19 11:18:00,-1080.0,881.25,-198.75
2023-01-19 11:19:00,-967.5,862.5,-105.0
2023-01-19 11:20:00,-952.5,858.75,-93.75
2023-01-19 11:21:00,-896.25,851.25,-45.0
2023-01-19 11:22:00,-731.25,817.5,86.25
2023-01-19 11:23:00,-600.0,791.25,191.25
2023-01-19 11:24:00,-498.75,765.0,266.25
2023-01-19 11:25:00,-483.75,746.25,262.5
2023-01-19 11:26:00,-438.75,742.5,303.75
2023-01-19 11:27:00,-577.5,787.5,210.0
2023-01-19 11:28:00,-607.5,828.75,221.25
2023-01-19 11:29:00,-615.0,817.5,202.5
2023-01-19 11:30:00,-648.75,836.25,187.5
2023-01-19 11:31:00,-690.0,836.25,146.25
2023-01-19 11:32:00,-693.75,840.0,146.25
2023-01-19 11:33:00,-615.0,840.0,225.0
2023-01-19 11:34:00,-510.0,825.0,315.0
2023-01-19 11:35:00,-491.25,825.0,333.75
2023-01-19 11:36:00,-592.5,847.5,255.0
2023-01-19 11:37:00,-562.5,825.0,262.5
2023-01-19 11:38:00,-491.25,821.25,330.0
2023-01-19 11:39:00,-540.0,840.0,300.0
2023-01-19 11:40:00,-517.5,840.0,322.5
2023-01-19 11:41:00,-637.5,873.75,236.25
2023-01-19 11:42:00,-731.25,907.5,176.25
2023-01-19 11:43:00,-971.25,948.75,-22.5
2023-01-19 11:44:00,-1143.75,963.75,-180.0
2023-01-19 11:45:00,-1338.75,971.25,-367.5
2023-01-19 11:46:00,-1470.0,975.0,-495.0
2023-01-19 11:47:00,-1702.5,982.5,-720.0
2023-01-19 11:48:00,-1338.75,967.5,-371.25
2023-01-19 11:49:00,-1158.75,937.5,-221.25
2023-01-19 11:50:00,-1177.5,948.75,-228.75
2023-01-19 11:51:00,-1132.5,945.0,-187.5
2023-01-19 11:52:00,-1102.5,941.25,-161.25
2023-01-19 11:53:00,-1023.75,933.75,-90.0
2023-01-19 11:54:00,-1020.0,933.75,-86.25
2023-01-19 11:55:00,-802.5,915.0,112.5
2023-01-19 11:56:00,-866.25,911.25,45.0
2023-01-19 11:57:00,-825.0,926.25,101.25
2023-01-19 11:58:00,-720.0,911.25,191.25
2023-01-19 11:59:00,-645.0,911.25,266.25
2023-01-19 12:00:00,-641.25,911.25,270.0
2023-01-19 12:01:00,-588.75,903.75,315.0
2023-01-19 12:02:00,-806.25,926.25,120.0
2023-01-19 12:03:00,-948.75,963.75,15.0
2023-01-19 12:04:00,-791.25,941.25,150.0
2023-01-19 12:05:00,-592.5,900.0,307.5
2023-01-19 12:06:00,-798.75,930.0,131.25
2023-01-19 12:07:00,-660.0,911.25,251.25
2023-01-19 12:08:00,-701.25,915.0,213.75
2023-01-19 12:09:00,-705.0,915.0,210.0
2023-01-19 12:10:00,-671.25,922.5,251.25
2023-01-19 12:11:00,-847.5,945.0,97.5
2023-01-19 12:12:00,-952.5,967.5,15.0
2023-01-19 12:13:00,-881.25,960.0,78.75
2023-01-19 12:14:00,-911.25,967.5,56.25
2023-01-19 12:15:00,-937.5,978.75,41.25
2023-01-19 12:16:00,-900.0,967.5,67.5
2023-01-19 12:17:00,-806.25,963.75,157.5
2023-01-19 12:18:00,-615.0,937.5,322.5
2023-01-19 12:19:00,-596.25,933.75,337.5
2023-01-19 12:20:00,-855.0,967.5,112.5
2023-01-19 12:21:00,-1050.0,993.75,-56.25
2023-01-19 12:22:00,-795.0,963.75,168.75
2023-01-19 12:23:00,-693.75,948.75,255.0
2023-01-19 12:24:00,-742.5,952.5,210.0
2023-01-19 12:25:00,-705.0,956.25,251.25
2023-01-19 12:26:00,-716.25,960.0,243.75
2023-01-19 12:27:00,-802.5,967.5,165.0
2023-01-19 12:28:00,-761.25,975.0,213.75
2023-01-19 12:29:00,-941.25,982.5,41.25
2023-01-19 12:30:00,-945.0,990.0,45.0
2023-01-19 12:31:00,-933.75,990.0,56.25
2023-01-19 12:32:00,-1080.0,1001.25,-78.75
2023-01-19 12:33:00,-1008.75,997.5,-11.25
2023-01-19 12:34:00,-930.0,1001.25,71.25
2023-01-19 12:35:00,-1128.75,1012.5,-116.25
2023-01-19 12:36:00,-1162.5,1023.75,-138.75
2023-01-19 12:37:00,-1106.25,1020.0,-86.25
2023-01-19 12:38:00,-1012.5,1016.25,3.75
2023-01-19 12:39:00,-870.0,1012.5,142.5
2023-01-19 12:40:00,-877.5,1012.5,135.0
2023-01-19 12:41:00,-933.75,1023.75,90.0
2023-01-19 12:42:00,-975.0,1023.75,48.75
2023-01-19 12:43:00,-963.75,1027.5,63.75
2023-01-19 12:44:00,-750.0,1016.25,266.25
2023-01-19 12:45:00,-705.0,1005.0,300.0
2023-01-19 12:46:00,-427.5,960.0,532.5
2023-01-19 12:47:00,-427.5,963.75,536.25
2023-01-19 12:48:00,-221.25,930.0,708.75
2023-01-19 12:49:00,-270.0,937.5,667.5
2023-01-19 12:50:00,-206.25,918.75,712.5
2023-01-19 12:51:00,-183.75,911.25,727.5
2023-01-19 12:52:00,-273.75,952.5,678.75
2023-01-19 12:53:00,-285.0,960.0,675.0
2023-01-19 12:54:00,-318.75,975.0,656.25
2023-01-19 12:55:00,-307.5,975.0,667.5
2023-01-19 12:56:00,-180.0,952.5,772.5
2023-01-19 12:57:00,-240.0,948.75,708.75
2023-01-19 12:58:00,-270.0,960.0,690.0
2023-01-19 12:59:00,-247.5,960.0,712.5
2023-01-19 13:00:00,-232.5,956.25,723.75
2023-01-19 13:01:00,-330.0,997.5,667.5
2023-01-19 13:02:00,-270.0,978.75,708.75
2023-01-19 13:03:00,-300.0,990.0,690.0
2023-01-19 13:04:00,-266.25,993.75,727.5
2023-01-19 13:05:00,-307.5,1005.0,697.5
2023-01-19 13:06:00,-266.25,997.5,731.25
2023-01-19 13:07:00,-371.25,1020.0,648.75
2023-01-19 13:08:00,-450.0,1072.5,622.5
2023-01-19 13:09:00,-566.25,1091.25,525.0
2023-01-19 13:10:00,-461.25,1076.25,615.0
2023-01-19 13:11:00,-450.0,1080.0,630.0
2023-01-19 13:12:00,-393.75,1087.5,693.75
2023-01-19 13:13:00,-288.75,1076.25,787.5
2023-01-19 13:14:00,-232.5,1072.5,840.0
2023-01-19 13:15:00,-198.75,1057.5,858.75
2023-01-19 13:16:00,60.0,1016.25,1076.25
2023-01-19 13:17:00,-202.5,1068.75,866.25
2023-01-19 13:18:00,-247.5,1072.5,825.0
2023-01-19 13:19:00,-195.0,1061.25,866.25
2023-01-19 13:20:00,-251.25,1080.0,828.75
2023-01-19 13:21:00,-337.5,1087.5,750.0
2023-01-19 13:22:00,-206.25,1080.0,873.75
2023-01-19 13:23:00,-210.0,1083.75,873.75
2023-01-19 13:24:00,-258.75,1095.0,836.25
2023-01-19 13:25:00,-277.5,1098.75,821.25
2023-01-19 13:26:00,-315.0,1117.5,802.5
2023-01-19 13:27:00,-382.5,1136.25,753.75
2023-01-19 13:28:00,-393.75,1128.75,735.0
2023-01-19 13:29:00,-337.5,1128.75,791.25
2023-01-19 13:30:00,-251.25,1113.75,862.5
2023-01-19 13:31:00,-412.5,1125.0,712.5
2023-01-19 13:32:00,-371.25,1113.75,742.5
2023-01-19 13:33:00,-435.0,1117.5,682.5
2023-01-19 13:34:00,-356.25,1113.75,757.5
2023-01-19 13:35:00,-371.25,1117.5,746.25
2023-01-19 13:36:00,-262.5,1110.0,847.5
2023-01-19 13:37:00,-153.75,1106.25,952.5
2023-01-19 13:38:00,-243.75,1110.0,866.25
2023-01-19 13:39:00,-157.5,1091.25,933.75
2023-01-19 13:40:00,-247.5,1110.0,862.5
2023-01-19 13:41:00,-315.0,1128.75,813.75
2023-01-19 13:42:00,-292.5,1128.75,836.25
2023-01-19 13:43:00,-198.75,1125.0,926.25
2023-01-19 13:44:00,-296.25,1136.25,840.0
2023-01-19 13:45:00,-397.5,1155.0,757.5
2023-01-19 13:46:00,-202.5,1143.75,941.25
2023-01-19 13:47:00,-206.25,1136.25,930.0
2023-01-19 13:48:00,-161.25,1136.25,975.0
2023-01-19 13:49:00,-71.25,1136.25,1065.0
2023-01-19 13:50:00,-41.25,1125.0,1083.75
2023-01-19 13:51:00,33.75,1106.25,1140.0
2023-01-19 13:52:00,-52.5,1113.75,1061.25
2023-01-19 13:53:00,-71.25,1132.5,1061.25
2023-01-19 13:54:00,-45.0,1128.75,1083.75
2023-01-19 13:55:00,-11.25,1121.25,1110.0
2023-01-19 13:56:00,-15.0,1128.75,1113.75
2023-01-19 13:57:00,-41.25,1132.5,1091.25
2023-01-19 13:58:00,-60.0,1136.25,1076.25
2023-01-19 13:59:00,-86.25,1143.75,1057.5
2023-01-19 14:00:00,-48.75,1147.5,1098.75
2023-01-19 14:01:00,-63.75,1151.25,1087.5
2023-01-19 14:02:00,-172.5,1166.25,993.75
2023-01-19 14:03:00,-82.5,1158.75,1076.25
2023-01-19 14:04:00,-138.75,1170.0,1031.25
2023-01-19 14:05:00,-63.75,1158.75,1095.0
2023-01-19 14:06:00,-232.5,1177.5,945.0
2023-01-19 14:07:00,-303.75,1185.0,881.25
2023-01-19 14:08:00,-390.0,1192.5,802.5
2023-01-19 14:09:00,-273.75,1188.75,915.0
2023-01-19 14:10:00,-202.5,1185.0,982.5
2023-01-19 14:11:00,-146.25,1185.0,1038.75
2023-01-19 14:12:00,-60.0,1181.25,1121.25
2023-01-19 14:13:00,-97.5,1188.75,1091.25
2023-01-19 14:14:00,-120.0,1192.5,1072.5
2023-01-19 14:15:00,-300.0,1211.25,911.25
2023-01-19 14:16:00,-453.75,1207.5,753.75
2023-01-19 14:17:00,-495.0,1203.75,708.75
2023-01-19 14:18:00,-393.75,1200.0,806.25
2023-01-19 14:19:00,-240.0,1196.25,956.25
2023-01-19 14:20:00,333.75,1181.25,1515.0
2023-01-19 14:21:00,217.5,1181.25,1398.75
2023-01-19 14:22:00,195.0,1181.25,1376.25
2023-01-19 14:23:00,408.75,1151.25,1560.0
2023-01-19 14:24:00,480.0,1113.75,1593.75
2023-01-19 14:25:00,510.0,997.5,1507.5
2023-01-19 14:26:00,517.5,1038.75,1556.25
2023-01-19 14:27:00,476.25,1098.75,1575.0
2023-01-19 14:28:00,412.5,1113.75,1526.25
2023-01-19 14:29:00,483.75,1080.0,1563.75
2023-01-19 14:30:00,506.25,1072.5,1578.75
2023-01-19 14:31:00,390.0,1140.0,1530.0
2023-01-19 14:32:00,480.0,1117.5,1597.5
2023-01-19 14:33:00,483.75,1125.0,1608.75
2023-01-19 14:34:00,551.25,1110.0,1661.25
2023-01-19 14:35:00,637.5,1072.5,1710.0
2023-01-19 14:36:00,588.75,1121.25,1710.0
2023-01-19 14:37:00,588.75,1128.75,1717.5
2023-01-19 14:38:00,566.25,1147.5,1713.75
2023-01-19 14:39:00,577.5,1151.25,1728.75
2023-01-19 14:40:00,607.5,1147.5,1755.0
2023-01-19 14:41:00,566.25,1181.25,1747.5
2023-01-19 14:42:00,547.5,1203.75,1751.25
2023-01-19 14:43:00,521.25,1218.75,1740.0
2023-01-19 14:44:00,521.25,1222.5,1743.75
2023-01-19 14:45:00,570.0,1222.5,1792.5
2023-01-19 14:46:00,562.5,1211.25,1773.75
2023-01-19 14:47:00,633.75,1203.75,1837.5
2023-01-19 14:48:00,618.75,1215.0,1833.75
2023-01-19 14:49:00,615.0,1211.25,1826.25
2023-01-19 14:50:00,652.5,1203.75,1856.25
2023-01-19 14:51:00,622.5,1203.75,1826.25
2023-01-19 14:52:00,641.25,1207.5,1848.75
2023-01-19 14:53:00,626.25,1211.25,1837.5
2023-01-19 14:54:00,618.75,1215.0,1833.75
2023-01-19 14:55:00,641.25,1211.25,1852.5
2023-01-19 14:56:00,618.75,1218.75,1837.5
2023-01-19 14:57:00,641.25,1226.25,1867.5
2023-01-19 14:58:00,716.25,1207.5,1923.75
2023-01-19 14:59:00,746.25,1196.25,1942.5
2023-01-19 15:00:00,727.5,1211.25,1938.75
2023-01-19 15:01:00,641.25,1245.0,1886.25
2023-01-19 15:02:00,761.25,1248.75,2010.0
2023-01-19 15:03:00,783.75,1245.0,2028.75
2023-01-19 15:04:00,798.75,1245.0,2043.75
2023-01-19 15:05:00,798.75,1248.75,2047.5
2023-01-19 15:06:00,802.5,1256.25,2058.75
2023-01-19 15:07:00,810.0,1256.25,2066.25
2023-01-19 15:08:00,810.0,1260.0,2070.0
2023-01-19 15:09:00,813.75,1260.0,2073.75
2023-01-19 15:10:00,813.75,1256.25,2070.0
2023-01-19 15:11:00,813.75,1260.0,2073.75
2023-01-19 15:12:00,821.25,1260.0,2081.25
2023-01-19 15:13:00,821.25,1263.75,2085.0
2023-01-19 15:14:00,821.25,1260.0,2081.25
2023-01-19 15:15:00,821.25,1260.0,2081.25
2023-01-19 15:16:00,821.25,1256.25,2077.5
2023-01-19 15:17:00,825.0,1260.0,2085.0
2023-01-19 15:18:00,828.75,1260.0,2088.75
2023-01-19 15:19:00,825.0,1263.75,2088.75
2023-01-19 15:20:00,825.0,1263.75,2088.75
2023-01-19 15:21:00,825.0,1263.75,2088.75
2023-01-19 15:22:00,825.0,1263.75,2088.75
2023-01-19 15:23:00,825.0,1263.75,2088.75
2023-01-19 15:24:00,825.0,1263.75,2088.75
2023-01-19 15:25:00,825.0,1263.75,2088.75
2023-01-19 15:26:00,825.0,1263.75,2088.75
2023-01-19 15:27:00,825.0,1263.75,2088.75
2023-01-19 15:28:00,825.0,1263.75,2088.75
2023-01-19 15:29:00,825.0,1263.75,2088.75
2023-01-19 15:30:00,825.0,1263.75,2088.75
2023-01-25 10:15:00,0.0,0.0,0.0
2023-01-25 10:16:00,-18.75,93.75,75.0
2023-01-25 10:17:00,-26.25,41.25,15.0
2023-01-25 10:18:00,-63.75,37.5,-26.25
2023-01-25 10:19:00,-123.75,206.25,82.5
2023-01-25 10:20:00,11.25,48.75,60.0
2023-01-25 10:21:00,-52.5,146.25,93.75
2023-01-25 10:22:00,-75.0,240.0,165.0
2023-01-25 10:23:00,-135.0,352.5,217.5
2023-01-25 10:24:00,-273.75,585.0,311.25
2023-01-25 10:25:00,-232.5,615.0,382.5
2023-01-25 10:26:00,-146.25,472.5,326.25
2023-01-25 10:27:00,213.75,90.0,303.75
2023-01-25 10:28:00,176.25,221.25,397.5
2023-01-25 10:29:00,150.0,195.0,345.0
2023-01-25 10:30:00,161.25,195.0,356.25
2023-01-25 10:31:00,75.0,322.5,397.5
2023-01-25 10:32:00,243.75,176.25,420.0
2023-01-25 10:33:00,547.5,-56.25,491.25
2023-01-25 10:34:00,532.5,-30.0,502.5
2023-01-25 10:35:00,585.0,-48.75,536.25
2023-01-25 10:36:00,465.0,168.75,633.75
2023-01-25 10:37:00,457.5,172.5,630.0
2023-01-25 10:38:00,461.25,198.75,660.0
2023-01-25 10:39:00,480.0,138.75,618.75
2023-01-25 10:40:00,551.25,71.25,622.5
2023-01-25 10:41:00,633.75,7.5,641.25
2023-01-25 10:42:00,570.0,108.75,678.75
2023-01-25 10:43:00,532.5,97.5,630.0
2023-01-25 10:44:00,633.75,-26.25,607.5
2023-01-25 10:45:00,772.5,-213.75,558.75
2023-01-25 10:46:00,678.75,-48.75,630.0
2023-01-25 10:47:00,675.0,-120.0,555.0
2023-01-25 10:48:00,686.25,-146.25,540.0
2023-01-25 10:49:00,701.25,-221.25,480.0
2023-01-25 10:50:00,693.75,-191.25,502.5
2023-01-25 10:51:00,637.5,-33.75,603.75
2023-01-25 10:52:00,641.25,-108.75,532.5
2023-01-25 10:53:00,697.5,-131.25,566.25
2023-01-25 10:54:00,648.75,-63.75,585.0
2023-01-25 10:55:00,663.75,-63.75,600.0
2023-01-25 10:56:00,690.0,-138.75,551.25
2023-01-25 10:57:00,701.25,-153.75,547.5
2023-01-25 10:58:00,693.75,-138.75,555.0
2023-01-25 10:59:00,727.5,-217.5,510.0
2023-01-25 11:00:00,810.0,-401.25,408.75
2023-01-25 11:01:00,712.5,-123.75,588.75
2023-01-25 11:02:00,667.5,-48.75,618.75
2023-01-25 11:03:00,607.5,120.0,727.5
2023-01-25 11:04:00,592.5,176.25,768.75
2023-01-25 11:05:00,570.0,191.25,761.25
2023-01-25 11:06:00,468.75,345.0,813.75
2023-01-25 11:07:00,547.5,217.5,765.0
2023-01-25 11:08:00,558.75,202.5,761.25
2023-01-25 11:09:00,551.25,198.75,750.0
2023-01-25 11:10:00,517.5,281.25,798.75
2023-01-25 11:11:00,543.75,277.5,821.25
2023-01-25 11:12:00,611.25,198.75,810.0
2023-01-25 11:13:00,573.75,281.25,855.0
2023-01-25 11:14:00,615.0,240.0,855.0
2023-01-25 11:15:00,622.5,258.75,881.25
2023-01-25 11:16:00,641.25,270.0,911.25
2023-01-25 11:17:00,656.25,315.0,971.25
2023-01-25 11:18:00,577.5,465.0,1042.5
2023-01-25 11:19:00,588.75,510.0,1098.75
2023-01-25 11:20:00,618.75,502.5,1121.25
2023-01-25 11:21:00,693.75,397.5,1091.25
2023-01-25 11:22:00,1042.5,11.25,1053.75
2023-01-25 11:23:00,1173.75,-326.25,847.5
2023-01-25 11:24:00,1211.25,-997.5,213.75
2023-01-25 11:25:00,1230.0,-1342.5,-112.5
2023-01-25 11:26:00,1372.5,-1522.5,-150.0
2023-01-25 11:27:00,1552.5,-2771.25,-1218.75
2023-01-25 11:28:00,1462.5,-2662.5,-1200.0
2023-01-25 11:29:00,1443.75,-2865.0,-1421.25
2023-01-25 11:30:00,1455.0,-2831.25,-1376.25
2023-01-25 11:31:00,1635.0,-3292.5,-1657.5
2023-01-25 11:32:00,1593.75,-3600.0,-2006.25
2023-01-25 11:33:00,1425.0,-3243.75,-1818.75
2023-01-25 11:34:00,1473.75,-3468.75,-1995.0
2023-01-25 11:35:00,1488.75,-3363.75,-1875.0
2023-01-25 11:36:00,1286.25,-2400.0,-1113.75
2023-01-25 11:37:00,1275.0,-2448.75,-1173.75
2023-01-25 11:38:00,1271.25,-2321.25,-1050.0
2023-01-25 11:39:00,1436.25,-2475.0,-1038.75
2023-01-25 11:40:00,1327.5,-2062.5,-735.0
2023-01-25 11:41:00,1128.75,-1650.0,-521.25
2023-01-25 11:42:00,1095.0,-1713.75,-618.75
2023-01-25 11:43:00,1020.0,-1616.25,-596.25
2023-01-25 11:44:00,1211.25,-1796.25,-585.0
2023-01-25 11:45:00,1132.5,-1620.0,-487.5
2023-01-25 11:46:00,1162.5,-1680.0,-517.5
2023-01-25 11:47:00,1020.0,-1320.0,-300.0
2023-01-25 11:48:00,1061.25,-1477.5,-416.25
2023-01-25 11:49:00,742.5,-978.75,-236.25
2023-01-25 11:50:00,558.75,-761.25,-202.5
2023-01-25 11:51:00,667.5,-776.25,-108.75
2023-01-25 11:52:00,581.25,-660.0,-78.75
2023-01-25 11:53:00,453.75,-596.25,-142.5
2023-01-25 11:54:00,585.0,-663.75,-78.75
2023-01-25 11:55:00,390.0,-442.5,-52.5
2023-01-25 11:56:00,701.25,-701.25,0.0
2023-01-25 11:57:00,975.0,-1001.25,-26.25
2023-01-25 11:58:00,986.25,-997.5,-11.25
2023-01-25 11:59:00,986.25,-915.0,71.25
2023-01-25 12:00:00,911.25,-753.75,157.5
2023-01-25 12:01:00,1245.0,-1095.0,150.0
2023-01-25 12:02:00,712.5,-495.0,217.5
2023-01-25 12:03:00,693.75,-438.75,255.0
2023-01-25 12:04:00,457.5,-281.25,176.25
2023-01-25 12:05:00,540.0,-322.5,217.5
2023-01-25 12:06:00,183.75,-7.5,176.25
2023-01-25 12:07:00,416.25,-228.75,187.5
2023-01-25 12:08:00,285.0,-101.25,183.75
2023-01-25 12:09:00,457.5,-243.75,213.75
2023-01-25 12:10:00,483.75,-266.25,217.5
2023-01-25 12:11:00,525.0,-288.75,236.25
2023-01-25 12:12:00,555.0,-285.0,270.0
2023-01-25 12:13:00,708.75,-367.5,341.25
2023-01-25 12:14:00,888.75,-543.75,345.0
2023-01-25 12:15:00,705.0,-528.75,176.25
2023-01-25 12:16:00,746.25,-585.0,161.25
2023-01-25 12:17:00,615.0,-435.0,180.0
2023-01-25 12:18:00,753.75,-570.0,183.75
2023-01-25 12:19:00,768.75,-596.25,172.5
2023-01-25 12:20:00,1005.0,-791.25,213.75
2023-01-25 12:21:00,1012.5,-723.75,288.75
2023-01-25 12:22:00,1143.75,-907.5,236.25
2023-01-25 12:23:00,1068.75,-787.5,281.25
2023-01-25 12:24:00,1432.5,-1020.0,412.5
2023-01-25 12:25:00,1440.0,-1042.5,397.5
2023-01-25 12:26:00,1042.5,-540.0,502.5
2023-01-25 12:27:00,817.5,-251.25,566.25
2023-01-25 12:28:00,922.5,-397.5,525.0
2023-01-25 12:29:00,798.75,-270.0,528.75
2023-01-25 12:30:00,933.75,-356.25,577.5
2023-01-25 12:31:00,915.0,-330.0,585.0
2023-01-25 12:32:00,836.25,-288.75,547.5
2023-01-25 12:33:00,746.25,-195.0,551.25
2023-01-25 12:34:00,765.0,-236.25,528.75
2023-01-25 12:35:00,791.25,-225.0,566.25
2023-01-25 12:36:00,798.75,-262.5,536.25
2023-01-25 12:37:00,903.75,-300.0,603.75
2023-01-25 12:38:00,986.25,-345.0,641.25
2023-01-25 12:39:00,840.0,-225.0,615.0
2023-01-25 12:40:00,1061.25,-375.0,686.25
2023-01-25 12:41:00,1586.25,-772.5,813.75
2023-01-25 12:42:00,1830.0,-1091.25,738.75
2023-01-25 12:43:00,1732.5,-1068.75,663.75
2023-01-25 12:44:00,1511.25,-753.75,757.5
2023-01-25 12:45:00,1331.25,-468.75,862.5
2023-01-25 12:46:00,825.0,-30.0,795.0
2023-01-25 12:47:00,-258.75,547.5,288.75
2023-01-25 12:48:00,243.75,367.5,611.25
2023-01-25 12:49:00,-33.75,487.5,453.75
2023-01-25 12:50:00,-116.25,498.75,382.5
2023-01-25 12:51:00,-258.75,498.75,240.0
2023-01-25 12:52:00,-285.0,532.5,247.5
2023-01-25 12:53:00,-577.5,630.0,52.5
2023-01-25 12:54:00,-375.0,596.25,221.25
2023-01-25 12:55:00,-431.25,555.0,123.75
2023-01-25 12:56:00,-326.25,536.25,210.0
2023-01-25 12:57:00,-573.75,588.75,15.0
2023-01-25 12:58:00,-266.25,547.5,281.25
2023-01-25 12:59:00,-105.0,543.75,438.75
2023-01-25 13:00:00,-146.25,558.75,412.5
2023-01-25 13:01:00,15.0,498.75,513.75
2023-01-25 13:02:00,112.5,513.75,626.25
2023-01-25 13:03:00,101.25,498.75,600.0
2023-01-25 13:04:00,195.0,472.5,667.5
2023-01-25 13:05:00,180.0,465.0,645.0
2023-01-25 13:06:00,217.5,431.25,648.75
2023-01-25 13:07:00,251.25,461.25,712.5
2023-01-25 13:08:00,228.75,461.25,690.0
2023-01-25 13:09:00,952.5,26.25,978.75
2023-01-25 13:10:00,1125.0,-52.5,1072.5
2023-01-25 13:11:00,915.0,93.75,1008.75
2023-01-25 13:12:00,873.75,112.5,986.25
2023-01-25 13:13:00,870.0,60.0,930.0
2023-01-25 13:14:00,903.75,60.0,963.75
2023-01-25 13:15:00,907.5,56.25,963.75
2023-01-25 13:16:00,780.0,142.5,922.5
2023-01-25 13:17:00,1492.5,-382.5,1110.0
2023-01-25 13:18:00,975.0,0.0,975.0
2023-01-25 13:19:00,1177.5,-142.5,1035.0
2023-01-25 13:20:00,1263.75,-191.25,1072.5
2023-01-25 13:21:00,1192.5,-116.25,1076.25
2023-01-25 13:22:00,1402.5,-243.75,1158.75
2023-01-25 13:23:00,1203.75,-78.75,1125.0
2023-01-25 13:24:00,1282.5,-75.0,1207.5
2023-01-25 13:25:00,1102.5,52.5,1155.0
2023-01-25 13:26:00,1211.25,-22.5,1188.75
2023-01-25 13:27:00,1263.75,-60.0,1203.75
2023-01-25 13:28:00,1293.75,-90.0,1203.75
2023-01-25 13:29:00,1203.75,-11.25,1192.5
2023-01-25 13:30:00,1260.0,-15.0,1245.0
2023-01-25 13:31:00,1406.25,-71.25,1335.0
2023-01-25 13:32:00,637.5,558.75,1196.25
2023-01-25 13:33:00,435.0,645.0,1080.0
2023-01-25 13:34:00,461.25,596.25,1057.5
2023-01-25 13:35:00,243.75,686.25,930.0
2023-01-25 13:36:00,570.0,558.75,1128.75
2023-01-25 13:37:00,472.5,581.25,1053.75
2023-01-25 13:38:00,757.5,491.25,1248.75
2023-01-25 13:39:00,933.75,382.5,1316.25
2023-01-25 13:40:00,948.75,431.25,1380.0
2023-01-25 13:41:00,873.75,453.75,1327.5
2023-01-25 13:42:00,866.25,450.0,1316.25
2023-01-25 13:43:00,847.5,472.5,1320.0
2023-01-25 13:44:00,742.5,532.5,1275.0
2023-01-25 13:45:00,633.75,558.75,1192.5
2023-01-25 13:46:00,112.5,832.5,945.0
2023-01-25 13:47:00,472.5,720.0,1192.5
2023-01-25 13:48:00,573.75,667.5,1241.25
2023-01-25 13:49:00,753.75,626.25,1380.0
2023-01-25 13:50:00,975.0,502.5,1477.5
2023-01-25 13:51:00,1076.25,442.5,1518.75
2023-01-25 13:52:00,723.75,678.75,1402.5
2023-01-25 13:53:00,660.0,712.5,1372.5
2023-01-25 13:54:00,660.0,723.75,1383.75
2023-01-25 13:55:00,476.25,810.0,1286.25
2023-01-25 13:56:00,720.0,750.0,1470.0
2023-01-25 13:57:00,776.25,720.0,1496.25
2023-01-25 13:58:00,1057.5,577.5,1635.0
2023-01-25 13:59:00,877.5,678.75,1556.25
2023-01-25 14:00:00,1001.25,596.25,1597.5
2023-01-25 14:01:00,843.75,660.0,1503.75
2023-01-25 14:02:00,652.5,843.75,1496.25
2023-01-25 14:03:00,757.5,772.5,1530.0
2023-01-25 14:04:00,686.25,847.5,1533.75
2023-01-25 14:05:00,-236.25,1162.5,926.25
2023-01-25 14:06:00,-213.75,1192.5,978.75
2023-01-25 14:07:00,-333.75,1192.5,858.75
2023-01-25 14:08:00,63.75,1166.25,1230.0
2023-01-25 14:09:00,-303.75,1222.5,918.75
2023-01-25 14:10:00,-922.5,1316.25,393.75
2023-01-25 14:11:00,-825.0,1192.5,367.5
2023-01-25 14:12:00,-836.25,1222.5,386.25
2023-01-25 14:13:00,-825.0,1207.5,382.5
2023-01-25 14:14:00,-828.75,1211.25,382.5
2023-01-25 14:15:00,-750.0,1170.0,420.0
2023-01-25 14:16:00,-723.75,1121.25,397.5
2023-01-25 14:17:00,-720.0,1106.25,386.25
2023-01-25 14:18:00,-678.75,1023.75,345.0
2023-01-25 14:19:00,-708.75,1128.75,420.0
2023-01-25 14:20:00,-723.75,1166.25,442.5
2023-01-25 14:21:00,-686.25,1121.25,435.0
2023-01-25 14:22:00,-663.75,1072.5,408.75
2023-01-25 14:23:00,-622.5,1001.25,378.75
2023-01-25 14:24:00,-603.75,993.75,390.0
2023-01-25 14:25:00,-603.75,997.5,393.75
2023-01-25 14:26:00,-633.75,1147.5,513.75
2023-01-25 14:27:00,-615.0,1065.0,450.0
2023-01-25 14:28:00,-622.5,1143.75,521.25
2023-01-25 14:29:00,-645.0,1226.25,581.25
2023-01-25 14:30:00,-626.25,1222.5,596.25
2023-01-25 14:31:00,-570.0,851.25,281.25
2023-01-25 14:32:00,-566.25,873.75,307.5
2023-01-25 14:33:00,-540.0,390.0,-150.0
2023-01-25 14:34:00,-536.25,300.0,-236.25
2023-01-25 14:35:00,-532.5,405.0,-127.5
2023-01-25 14:36:00,-528.75,506.25,-22.5
2023-01-25 14:37:00,-547.5,292.5,-255.0
2023-01-25 14:38:00,-536.25,555.0,18.75
2023-01-25 14:39:00,-525.0,416.25,-108.75
2023-01-25 14:40:00,-517.5,382.5,-135.0
2023-01-25 14:41:00,-513.75,232.5,-281.25
2023-01-25 14:42:00,-517.5,483.75,-33.75
2023-01-25 14:43:00,-513.75,420.0,-93.75
2023-01-25 14:44:00,-498.75,311.25,-187.5
2023-01-25 14:45:00,-495.0,453.75,-41.25
2023-01-25 14:46:00,-341.25,270.0,-71.25
2023-01-25 14:47:00,-108.75,-37.5,-146.25
2023-01-25 14:48:00,-210.0,251.25,41.25
2023-01-25 14:49:00,-213.75,307.5,93.75
2023-01-25 14:50:00,-221.25,348.75,127.5
2023-01-25 14:51:00,-420.0,585.0,165.0
2023-01-25 14:52:00,-753.75,1087.5,333.75
2023-01-25 14:53:00,-468.75,843.75,375.0
2023-01-25 14:54:00,-423.75,731.25,307.5
2023-01-25 14:55:00,-521.25,813.75,292.5
2023-01-25 14:56:00,-397.5,753.75,356.25
2023-01-25 14:57:00,-435.0,806.25,371.25
2023-01-25 14:58:00,-405.0,791.25,386.25
2023-01-25 14:59:00,-438.75,885.0,446.25
2023-01-25 15:00:00,-847.5,1102.5,255.0
2023-01-25 15:01:00,240.0,360.0,600.0
2023-01-25 15:02:00,330.0,281.25,611.25
2023-01-25 15:03:00,476.25,41.25,517.5
2023-01-25 15:04:00,476.25,86.25,562.5
2023-01-25 15:05:00,483.75,225.0,708.75
2023-01-25 15:06:00,427.5,555.0,982.5
2023-01-25 15:07:00,502.5,225.0,727.5
2023-01-25 15:08:00,532.5,-101.25,431.25
2023-01-25 15:09:00,536.25,33.75,570.0
2023-01-25 15:10:00,491.25,570.0,1061.25
2023-01-25 15:11:00,487.5,656.25,1143.75
2023-01-25 15:12:00,468.75,978.75,1447.5
2023-01-25 15:13:00,506.25,731.25,1237.5
2023-01-25 15:14:00,513.75,888.75,1402.5
2023-01-25 15:15:00,495.0,1046.25,1541.25
2023-01-25 15:16:00,506.25,997.5,1503.75
2023-01-25 15:17:00,536.25,1008.75,1545.0
2023-01-25 15:18:00,536.25,1042.5,1578.75
2023-01-25 15:19:00,540.0,1143.75,1683.75
2023-01-25 15:20:00,510.0,1215.0,1725.0
2023-01-25 15:21:00,510.0,1215.0,1725.0
2023-01-25 15:22:00,510.0,1215.0,1725.0
2023-01-25 15:23:00,510.0,1215.0,1725.0
2023-01-25 15:24:00,510.0,1215.0,1725.0
2023-01-25 15:25:00,510.0,1215.0,1725.0
2023-01-25 15:26:00,510.0,1215.0,1725.0
2023-01-25 15:27:00,510.0,1215.0,1725.0
2023-01-25 15:28:00,510.0,1215.0,1725.0
2023-01-25 15:29:00,510.0,1215.0,1725.0
2023-01-25 15:30:00,510.0,1215.0,1725.0
2023-02-02 10:15:00,0.0,0.0,0.0
2023-02-02 10:16:00,-228.75,288.75,60.0
2023-02-02 10:17:00,-708.75,727.5,18.75
2023-02-02 10:18:00,-1012.5,851.25,-161.25
2023-02-02 10:19:00,-885.0,720.0,-165.0
2023-02-02 10:20:00,-536.25,528.75,-7.5
2023-02-02 10:21:00,-397.5,495.0,97.5
2023-02-02 10:22:00,-266.25,483.75,217.5
2023-02-02 10:23:00,-150.0,251.25,101.25
2023-02-02 10:24:00,-281.25,431.25,150.0
2023-02-02 10:25:00,-191.25,435.0,243.75
2023-02-02 10:26:00,22.5,116.25,138.75
2023-02-02 10:27:00,315.0,-180.0,135.0
2023-02-02 10:28:00,596.25,-656.25,-60.0
2023-02-02 10:29:00,828.75,-851.25,-22.5
2023-02-02 10:30:00,1020.0,-1132.5,-112.5
2023-02-02 10:31:00,982.5,-911.25,71.25
2023-02-02 10:32:00,1087.5,-1241.25,-153.75
2023-02-02 10:33:00,1083.75,-990.0,93.75
2023-02-02 10:34:00,1031.25,-896.25,135.0
2023-02-02 10:35:00,1083.75,-948.75,135.0
2023-02-02 10:36:00,997.5,-600.0,397.5
2023-02-02 10:37:00,735.0,-127.5,607.5
2023-02-02 10:38:00,907.5,-626.25,281.25
2023-02-02 10:39:00,941.25,-562.5,378.75
2023-02-02 10:40:00,716.25,-101.25,615.0
2023-02-02 10:41:00,750.0,-225.0,525.0
2023-02-02 10:42:00,840.0,-450.0,390.0
2023-02-02 10:43:00,840.0,-375.0,465.0
2023-02-02 10:44:00,802.5,-288.75,513.75
2023-02-02 10:45:00,453.75,405.0,858.75
2023-02-02 10:46:00,633.75,90.0,723.75
2023-02-02 10:47:00,172.5,645.0,817.5
2023-02-02 10:48:00,157.5,588.75,746.25
2023-02-02 10:49:00,360.0,435.0,795.0
2023-02-02 10:50:00,168.75,701.25,870.0
2023-02-02 10:51:00,393.75,461.25,855.0
2023-02-02 10:52:00,348.75,513.75,862.5
2023-02-02 10:53:00,236.25,600.0,836.25
2023-02-02 10:54:00,146.25,682.5,828.75
2023-02-02 10:55:00,247.5,618.75,866.25
2023-02-02 10:56:00,243.75,671.25,915.0
2023-02-02 10:57:00,300.0,581.25,881.25
2023-02-02 10:58:00,341.25,528.75,870.0
2023-02-02 10:59:00,195.0,690.0,885.0
2023-02-02 11:00:00,408.75,465.0,873.75
2023-02-02 11:01:00,262.5,686.25,948.75
2023-02-02 11:02:00,206.25,836.25,1042.5
2023-02-02 11:03:00,228.75,840.0,1068.75
2023-02-02 11:04:00,378.75,753.75,1132.5
2023-02-02 11:05:00,596.25,596.25,1192.5
2023-02-02 11:06:00,615.0,525.0,1140.0
2023-02-02 11:07:00,210.0,982.5,1192.5
2023-02-02 11:08:00,93.75,1158.75,1252.5
2023-02-02 11:09:00,37.5,1218.75,1256.25
2023-02-02 11:10:00,-258.75,1342.5,1083.75
2023-02-02 11:11:00,-393.75,1481.25,1087.5
2023-02-02 11:12:00,-615.0,1443.75,828.75
2023-02-02 11:13:00,-300.0,1203.75,903.75
2023-02-02 11:14:00,-56.25,1117.5,1061.25
2023-02-02 11:15:00,-165.0,1158.75,993.75
2023-02-02 11:16:00,243.75,881.25,1125.0
2023-02-02 11:17:00,15.0,1106.25,1121.25
2023-02-02 11:18:00,-438.75,1357.5,918.75
2023-02-02 11:19:00,-292.5,1226.25,933.75
2023-02-02 11:20:00,-105.0,1192.5,1087.5
2023-02-02 11:21:00,-483.75,1391.25,907.5
2023-02-02 11:22:00,-371.25,1466.25,1095.0
2023-02-02 11:23:00,-210.0,1365.0,1155.0
2023-02-02 11:24:00,-498.75,1477.5,978.75
2023-02-02 11:25:00,-877.5,1545.0,667.5
2023-02-02 11:26:00,-401.25,1406.25,1005.0
2023-02-02 11:27:00,-427.5,1380.0,952.5
2023-02-02 11:28:00,-408.75,1395.0,986.25
2023-02-02 11:29:00,-165.0,1323.75,1158.75
2023-02-02 11:30:00,-206.25,1338.75,1132.5
2023-02-02 11:31:00,-427.5,1443.75,1016.25
2023-02-02 11:32:00,-75.0,1293.75,1218.75
2023-02-02 11:33:00,37.5,1252.5,1290.0
2023-02-02 11:34:00,281.25,1091.25,1372.5
2023-02-02 11:35:00,-116.25,1402.5,1286.25
2023-02-02 11:36:00,-97.5,1391.25,1293.75
2023-02-02 11:37:00,18.75,1380.0,1398.75
2023-02-02 11:38:00,446.25,948.75,1395.0
2023-02-02 11:39:00,348.75,1140.0,1488.75
2023-02-02 11:40:00,408.75,1125.0,1533.75
2023-02-02 11:41:00,626.25,978.75,1605.0
2023-02-02 11:42:00,611.25,1031.25,1642.5
2023-02-02 11:43:00,686.25,963.75,1650.0
2023-02-02 11:44:00,810.0,952.5,1762.5
2023-02-02 11:45:00,540.0,1211.25,1751.25
2023-02-02 11:46:00,300.0,1391.25,1691.25
2023-02-02 11:47:00,435.0,1342.5,1777.5
2023-02-02 11:48:00,330.0,1406.25,1736.25
2023-02-02 11:49:00,461.25,1331.25,1792.5
2023-02-02 11:50:00,506.25,1335.0,1841.25
2023-02-02 11:51:00,540.0,1402.5,1942.5
2023-02-02 11:52:00,502.5,1451.25,1953.75
2023-02-02 11:53:00,412.5,1582.5,1995.0
2023-02-02 11:54:00,30.0,1811.25,1841.25
2023-02-02 11:55:00,-547.5,1957.5,1410.0
2023-02-02 11:56:00,-307.5,1882.5,1575.0
2023-02-02 11:57:00,-225.0,1822.5,1597.5
2023-02-02 11:58:00,-712.5,1950.0,1237.5
2023-02-02 11:59:00,-510.0,1938.75,1428.75
2023-02-02 12:00:00,-446.25,1905.0,1458.75
2023-02-02 12:01:00,-258.75,1867.5,1608.75
2023-02-02 12:02:00,-506.25,1957.5,1451.25
2023-02-02 12:03:00,-697.5,1998.75,1301.25
2023-02-02 12:04:00,-960.0,2096.25,1136.25
2023-02-02 12:05:00,-573.75,2017.5,1443.75
2023-02-02 12:06:00,-468.75,1998.75,1530.0
2023-02-02 12:07:00,-532.5,2017.5,1485.0
2023-02-02 12:08:00,-472.5,2010.0,1537.5
2023-02-02 12:09:00,-183.75,1957.5,1773.75
2023-02-02 12:10:00,-75.0,1953.75,1878.75
2023-02-02 12:11:00,-176.25,1976.25,1800.0
2023-02-02 12:12:00,37.5,1905.0,1942.5
2023-02-02 12:13:00,157.5,1905.0,2062.5
2023-02-02 12:14:00,-7.5,1957.5,1950.0
2023-02-02 12:15:00,-22.5,1923.75,1901.25
2023-02-02 12:16:00,176.25,1893.75,2070.0
2023-02-02 12:17:00,168.75,1886.25,2055.0
2023-02-02 12:18:00,450.0,1608.75,2058.75
2023-02-02 12:19:00,480.0,1691.25,2171.25
2023-02-02 12:20:00,536.25,1706.25,2242.5
2023-02-02 12:21:00,828.75,1537.5,2366.25
2023-02-02 12:22:00,967.5,1571.25,2538.75
2023-02-02 12:23:00,1181.25,1387.5,2568.75
2023-02-02 12:24:00,960.0,1661.25,2621.25
2023-02-02 12:25:00,1121.25,1492.5,2613.75
2023-02-02 12:26:00,990.0,1710.0,2700.0
2023-02-02 12:27:00,1271.25,1275.0,2546.25
2023-02-02 12:28:00,1241.25,1428.75,2670.0
2023-02-02 12:29:00,1391.25,1188.75,2580.0
2023-02-02 12:30:00,1406.25,1260.0,2666.25
2023-02-02 12:31:00,1552.5,1083.75,2636.25
2023-02-02 12:32:00,1477.5,1256.25,2733.75
2023-02-02 12:33:00,1440.0,1263.75,2703.75
2023-02-02 12:34:00,1455.0,1282.5,2737.5
2023-02-02 12:35:00,1515.0,1278.75,2793.75
2023-02-02 12:36:00,1522.5,1192.5,2715.0
2023-02-02 12:37:00,1473.75,1278.75,2752.5
2023-02-02 12:38:00,1571.25,1185.0,2756.25
2023-02-02 12:39:00,1773.75,862.5,2636.25
2023-02-02 12:40:00,1736.25,1016.25,2752.5
2023-02-02 12:41:00,1751.25,1035.0,2786.25
2023-02-02 12:42:00,1646.25,1226.25,2872.5
2023-02-02 12:43:00,1601.25,1308.75,2910.0
2023-02-02 12:44:00,1612.5,1327.5,2940.0
2023-02-02 12:45:00,1657.5,1192.5,2850.0
2023-02-02 12:46:00,1620.0,1241.25,2861.25
2023-02-02 12:47:00,1766.25,997.5,2763.75
2023-02-02 12:48:00,1586.25,1323.75,2910.0
2023-02-02 12:49:00,1725.0,997.5,2722.5
2023-02-02 12:50:00,1747.5,1042.5,2790.0
2023-02-02 12:51:00,1803.75,1020.0,2823.75
2023-02-02 12:52:00,1635.0,1368.75,3003.75
2023-02-02 12:53:00,1612.5,1447.5,3060.0
2023-02-02 12:54:00,1631.25,1372.5,3003.75
2023-02-02 12:55:00,1631.25,1428.75,3060.0
2023-02-02 12:56:00,1548.75,1706.25,3255.0
2023-02-02 12:57:00,1515.0,1702.5,3217.5
2023-02-02 12:58:00,1455.0,1897.5,3352.5
2023-02-02 12:59:00,1530.0,1882.5,3412.5
2023-02-02 13:00:00,1515.0,1882.5,3397.5
2023-02-02 13:01:00,1413.75,2058.75,3472.5
2023-02-02 13:02:00,1582.5,1863.75,3446.25
2023-02-02 13:03:00,1950.0,1226.25,3176.25
2023-02-02 13:04:00,2043.75,926.25,2970.0
2023-02-02 13:05:00,1998.75,990.0,2988.75
2023-02-02 13:06:00,1983.75,1080.0,3063.75
2023-02-02 13:07:00,1935.0,1605.0,3540.0
2023-02-02 13:08:00,1935.0,1488.75,3423.75
2023-02-02 13:09:00,1972.5,1350.0,3322.5
2023-02-02 13:10:00,1923.75,1567.5,3491.25
2023-02-02 13:11:00,1841.25,1788.75,3630.0
2023-02-02 13:12:00,1886.25,1646.25,3532.5
2023-02-02 13:13:00,1856.25,1728.75,3585.0
2023-02-02 13:14:00,1897.5,1638.75,3536.25
2023-02-02 13:15:00,1950.0,1473.75,3423.75
2023-02-02 13:16:00,1961.25,1398.75,3360.0
2023-02-02 13:17:00,1890.0,1672.5,3562.5
2023-02-02 13:18:00,1953.75,1530.0,3483.75
2023-02-02 13:19:00,1987.5,1451.25,3438.75
2023-02-02 13:20:00,1995.0,1515.0,3510.0
2023-02-02 13:21:00,1968.75,1597.5,3566.25
2023-02-02 13:22:00,2021.25,1556.25,3577.5
2023-02-02 13:23:00,2062.5,1466.25,3528.75
2023-02-02 13:24:00,2017.5,1627.5,3645.0
2023-02-02 13:25:00,2088.75,1428.75,3517.5
2023-02-02 13:26:00,2043.75,1578.75,3622.5
2023-02-02 13:27:00,2107.5,1421.25,3528.75
2023-02-02 13:28:00,2036.25,1612.5,3648.75
2023-02-02 13:29:00,2088.75,1500.0,3588.75
2023-02-02 13:30:00,2096.25,1458.75,3555.0
2023-02-02 13:31:00,2051.25,1571.25,3622.5
2023-02-02 13:32:00,2118.75,1492.5,3611.25
2023-02-02 13:33:00,2088.75,1537.5,3626.25
2023-02-02 13:34:00,2085.0,1537.5,3622.5
2023-02-02 13:35:00,2107.5,1518.75,3626.25
2023-02-02 13:36:00,2175.0,1383.75,3558.75
2023-02-02 13:37:00,2216.25,1027.5,3243.75
2023-02-02 13:38:00,2227.5,1027.5,3255.0
2023-02-02 13:39:00,2291.25,686.25,2977.5
2023-02-02 13:40:00,2265.0,663.75,2928.75
2023-02-02 13:41:00,2261.25,-116.25,2145.0
2023-02-02 13:42:00,2261.25,453.75,2715.0
2023-02-02 13:43:00,2265.0,-15.0,2250.0
2023-02-02 13:44:00,2223.75,476.25,2700.0
2023-02-02 13:45:00,2216.25,1012.5,3228.75
2023-02-02 13:46:00,2246.25,937.5,3183.75
2023-02-02 13:47:00,2231.25,900.0,3131.25
2023-02-02 13:48:00,2178.75,1691.25,3870.0
2023-02-02 13:49:00,2163.75,1612.5,3776.25
2023-02-02 13:50:00,2178.75,1515.0,3693.75
2023-02-02 13:51:00,2190.0,1380.0,3570.0
2023-02-02 13:52:00,2227.5,1023.75,3251.25
2023-02-02 13:53:00,2235.0,1053.75,3288.75
2023-02-02 13:54:00,2238.75,1083.75,3322.5
2023-02-02 13:55:00,2242.5,787.5,3030.0
2023-02-02 13:56:00,2276.25,498.75,2775.0
2023-02-02 13:57:00,2298.75,-150.0,2148.75
2023-02-02 13:58:00,2280.0,303.75,2583.75
2023-02-02 13:59:00,2250.0,945.0,3195.0
2023-02-02 14:00:00,2223.75,1170.0,3393.75
2023-02-02 14:01:00,2242.5,1106.25,3348.75
2023-02-02 14:02:00,2231.25,1185.0,3416.25
2023-02-02 14:03:00,2302.5,701.25,3003.75
2023-02-02 14:04:00,2291.25,498.75,2790.0
2023-02-02 14:05:00,2287.5,892.5,3180.0
2023-02-02 14:06:00,2295.0,945.0,3240.0
2023-02-02 14:07:00,2276.25,1260.0,3536.25
2023-02-02 14:08:00,2291.25,1065.0,3356.25
2023-02-02 14:09:00,2283.75,1245.0,3528.75
2023-02-02 14:10:00,2280.0,1275.0,3555.0
2023-02-02 14:11:00,2257.5,1537.5,3795.0
2023-02-02 14:12:00,2272.5,1421.25,3693.75
2023-02-02 14:13:00,2205.0,1938.75,4143.75
2023-02-02 14:14:00,2227.5,1762.5,3990.0
2023-02-02 14:15:00,2242.5,1841.25,4083.75
2023-02-02 14:16:00,2246.25,1815.0,4061.25
2023-02-02 14:17:00,2201.25,2032.5,4233.75
2023-02-02 14:18:00,2171.25,2220.0,4391.25
2023-02-02 14:19:00,2032.5,2370.0,4402.5
2023-02-02 14:20:00,1980.0,2415.0,4395.0
2023-02-02 14:21:00,1920.0,2523.75,4443.75
2023-02-02 14:22:00,1796.25,2516.25,4312.5
2023-02-02 14:23:00,1938.75,2433.75,4372.5
2023-02-02 14:24:00,1912.5,2478.75,4391.25
2023-02-02 14:25:00,1605.0,2531.25,4136.25
2023-02-02 14:26:00,1818.75,2456.25,4275.0
2023-02-02 14:27:00,1481.25,2542.5,4023.75
2023-02-02 14:28:00,1743.75,2482.5,4226.25
2023-02-02 14:29:00,1807.5,2490.0,4297.5
2023-02-02 14:30:00,1826.25,2475.0,4301.25
2023-02-02 14:31:00,2006.25,2490.0,4496.25
2023-02-02 14:32:00,2126.25,2355.0,4481.25
2023-02-02 14:33:00,2126.25,2422.5,4548.75
2023-02-02 14:34:00,2257.5,2355.0,4612.5
2023-02-02 14:35:00,2160.0,2460.0,4620.0
2023-02-02 14:36:00,1916.25,2677.5,4593.75
2023-02-02 14:37:00,1728.75,2733.75,4462.5
2023-02-02 14:38:00,1762.5,2722.5,4485.0
2023-02-02 14:39:00,2055.0,2647.5,4702.5
2023-02-02 14:40:00,2028.75,2643.75,4672.5
2023-02-02 14:41:00,1983.75,2673.75,4657.5
2023-02-02 14:42:00,1980.0,2692.5,4672.5
2023-02-02 14:43:00,1946.25,2718.75,4665.0
2023-02-02 14:44:00,1953.75,2756.25,4710.0
2023-02-02 14:45:00,1998.75,2760.0,4758.75
2023-02-02 14:46:00,1833.75,2786.25,4620.0
2023-02-02 14:47:00,1807.5,2793.75,4601.25
2023-02-02 14:48:00,2040.0,2782.5,4822.5
2023-02-02 14:49:00,2160.0,2711.25,4871.25
2023-02-02 14:50:00,2107.5,2778.75,4886.25
2023-02-02 14:51:00,2137.5,2756.25,4893.75
2023-02-02 14:52:00,2107.5,2775.0,4882.5
2023-02-02 14:53:00,2163.75,2778.75,4942.5
2023-02-02 14:54:00,2152.5,2786.25,4938.75
2023-02-02 14:55:00,1927.5,2808.75,4736.25
2023-02-02 14:56:00,2160.0,2793.75,4953.75
2023-02-02 14:57:00,2242.5,2778.75,5021.25
2023-02-02 14:58:00,2163.75,2801.25,4965.0
2023-02-02 14:59:00,2212.5,2778.75,4991.25
2023-02-02 15:00:00,2208.75,2786.25,4995.0
2023-02-02 15:01:00,2433.75,2722.5,5156.25
2023-02-02 15:02:00,2467.5,2831.25,5298.75
2023-02-02 15:03:00,2456.25,2850.0,5306.25
2023-02-02 15:04:00,2441.25,2846.25,5287.5
2023-02-02 15:05:00,2415.0,2853.75,5268.75
2023-02-02 15:06:00,2452.5,2853.75,5306.25
2023-02-02 15:07:00,2441.25,2857.5,5298.75
2023-02-02 15:08:00,2400.0,2861.25,5261.25
2023-02-02 15:09:00,2437.5,2865.0,5302.5
2023-02-02 15:10:00,2467.5,2861.25,5328.75
2023-02-02 15:11:00,2486.25,2868.75,5355.0
2023-02-02 15:12:00,2493.75,2865.0,5358.75
2023-02-02 15:13:00,2505.0,2868.75,5373.75
2023-02-02 15:14:00,2505.0,2868.75,5373.75
2023-02-02 15:15:00,2508.75,2868.75,5377.5
2023-02-02 15:16:00,2508.75,2872.5,5381.25
2023-02-02 15:17:00,2508.75,2868.75,5377.5
2023-02-02 15:18:00,2508.75,2872.5,5381.25
2023-02-02 15:19:00,2508.75,2868.75,5377.5
2023-02-02 15:20:00,2505.0,2872.5,5377.5
2023-02-02 15:21:00,2505.0,2872.5,5377.5
2023-02-02 15:22:00,2505.0,2872.5,5377.5
2023-02-02 15:23:00,2505.0,2872.5,5377.5
2023-02-02 15:24:00,2505.0,2872.5,5377.5
2023-02-02 15:25:00,2505.0,2872.5,5377.5
2023-02-02 15:26:00,2505.0,2872.5,5377.5
2023-02-02 15:27:00,2505.0,2872.5,5377.5
2023-02-02 15:28:00,2505.0,2872.5,5377.5
2023-02-02 15:29:00,2505.0,2872.5,5377.5
2023-02-02 15:30:00,2505.0,2872.5,5377.5
2023-02-09 10:15:00,0.0,0.0,0.0
2023-02-09 10:16:00,45.0,-37.5,7.5
2023-02-09 10:17:00,195.0,-120.0,75.0
2023-02-09 10:18:00,48.75,-60.0,-11.25
2023-02-09 10:19:00,-93.75,48.75,-45.0
2023-02-09 10:20:00,-3.75,18.75,15.0
2023-02-09 10:21:00,-285.0,157.5,-127.5
2023-02-09 10:22:00,-101.25,101.25,0.0
2023-02-09 10:23:00,-101.25,86.25,-15.0
2023-02-09 10:24:00,-348.75,266.25,-82.5
2023-02-09 10:25:00,-416.25,356.25,-60.0
2023-02-09 10:26:00,-292.5,330.0,37.5
2023-02-09 10:27:00,-82.5,195.0,112.5
2023-02-09 10:28:00,-105.0,217.5,112.5
2023-02-09 10:29:00,-217.5,270.0,52.5
2023-02-09 10:30:00,-90.0,247.5,157.5
2023-02-09 10:31:00,11.25,195.0,206.25
2023-02-09 10:32:00,-86.25,236.25,150.0
2023-02-09 10:33:00,-150.0,285.0,135.0
2023-02-09 10:34:00,-258.75,363.75,105.0
2023-02-09 10:35:00,-296.25,363.75,67.5
2023-02-09 10:36:00,-337.5,378.75,41.25
2023-02-09 10:37:00,-543.75,487.5,-56.25
2023-02-09 10:38:00,-386.25,476.25,90.0
2023-02-09 10:39:00,-240.0,405.0,165.0
2023-02-09 10:40:00,-127.5,333.75,206.25
2023-02-09 10:41:00,-405.0,461.25,56.25
2023-02-09 10:42:00,-393.75,442.5,48.75
2023-02-09 10:43:00,-322.5,401.25,78.75
2023-02-09 10:44:00,-90.0,303.75,213.75
2023-02-09 10:45:00,-26.25,247.5,221.25
2023-02-09 10:46:00,-52.5,277.5,225.0
2023-02-09 10:47:00,-15.0,273.75,258.75
2023-02-09 10:48:00,0.0,240.0,240.0
2023-02-09 10:49:00,285.0,97.5,382.5
2023-02-09 10:50:00,401.25,82.5,483.75
2023-02-09 10:51:00,356.25,120.0,476.25
2023-02-09 10:52:00,296.25,183.75,480.0
2023-02-09 10:53:00,277.5,213.75,491.25
2023-02-09 10:54:00,345.0,150.0,495.0
2023-02-09 10:55:00,348.75,138.75,487.5
2023-02-09 10:56:00,498.75,30.0,528.75
2023-02-09 10:57:00,393.75,150.0,543.75
2023-02-09 10:58:00,240.0,311.25,551.25
2023-02-09 10:59:00,270.0,273.75,543.75
2023-02-09 11:00:00,120.0,371.25,491.25
2023-02-09 11:01:00,232.5,348.75,581.25
2023-02-09 11:02:00,296.25,281.25,577.5
2023-02-09 11:03:00,202.5,352.5,555.0
2023-02-09 11:04:00,127.5,382.5,510.0
2023-02-09 11:05:00,101.25,408.75,510.0
2023-02-09 11:06:00,45.0,450.0,495.0
2023-02-09 11:07:00,33.75,450.0,483.75
2023-02-09 11:08:00,123.75,408.75,532.5
2023-02-09 11:09:00,255.0,348.75,603.75
2023-02-09 11:10:00,217.5,367.5,585.0
2023-02-09 11:11:00,146.25,401.25,547.5
2023-02-09 11:12:00,116.25,427.5,543.75
2023-02-09 11:13:00,105.0,423.75,528.75
2023-02-09 11:14:00,150.0,412.5,562.5
2023-02-09 11:15:00,150.0,431.25,581.25
2023-02-09 11:16:00,127.5,446.25,573.75
2023-02-09 11:17:00,78.75,453.75,532.5
2023-02-09 11:18:00,52.5,476.25,528.75
2023-02-09 11:19:00,93.75,480.0,573.75
2023-02-09 11:20:00,191.25,435.0,626.25
2023-02-09 11:21:00,243.75,405.0,648.75
2023-02-09 11:22:00,138.75,453.75,592.5
2023-02-09 11:23:00,108.75,483.75,592.5
2023-02-09 11:24:00,-18.75,577.5,558.75
2023-02-09 11:25:00,-112.5,603.75,491.25
2023-02-09 11:26:00,-86.25,585.0,498.75
2023-02-09 11:27:00,-97.5,603.75,506.25
2023-02-09 11:28:00,-108.75,615.0,506.25
2023-02-09 11:29:00,-120.0,645.0,525.0
2023-02-09 11:30:00,-386.25,682.5,296.25
2023-02-09 11:31:00,-262.5,682.5,420.0
2023-02-09 11:32:00,-210.0,630.0,420.0
2023-02-09 11:33:00,-131.25,600.0,468.75
2023-02-09 11:34:00,-22.5,615.0,592.5
2023-02-09 11:35:00,-56.25,622.5,566.25
2023-02-09 11:36:00,-45.0,630.0,585.0
2023-02-09 11:37:00,108.75,536.25,645.0
2023-02-09 11:38:00,26.25,592.5,618.75
2023-02-09 11:39:00,-37.5,618.75,581.25
2023-02-09 11:40:00,-11.25,592.5,581.25
2023-02-09 11:41:00,176.25,521.25,697.5
2023-02-09 11:42:00,101.25,498.75,600.0
2023-02-09 11:43:00,75.0,551.25,626.25
2023-02-09 11:44:00,228.75,465.0,693.75
2023-02-09 11:45:00,142.5,513.75,656.25
2023-02-09 11:46:00,232.5,468.75,701.25
2023-02-09 11:47:00,330.0,382.5,712.5
2023-02-09 11:48:00,247.5,468.75,716.25
2023-02-09 11:49:00,135.0,551.25,686.25
2023-02-09 11:50:00,26.25,630.0,656.25
2023-02-09 11:51:00,138.75,570.0,708.75
2023-02-09 11:52:00,270.0,491.25,761.25
2023-02-09 11:53:00,315.0,438.75,753.75
2023-02-09 11:54:00,311.25,420.0,731.25
2023-02-09 11:55:00,356.25,408.75,765.0
2023-02-09 11:56:00,285.0,468.75,753.75
2023-02-09 11:57:00,300.0,465.0,765.0
2023-02-09 11:58:00,371.25,423.75,795.0
2023-02-09 11:59:00,528.75,333.75,862.5
2023-02-09 12:00:00,420.0,435.0,855.0
2023-02-09 12:01:00,588.75,296.25,885.0
2023-02-09 12:02:00,600.0,292.5,892.5
2023-02-09 12:03:00,562.5,322.5,885.0
2023-02-09 12:04:00,525.0,356.25,881.25
2023-02-09 12:05:00,543.75,330.0,873.75
2023-02-09 12:06:00,528.75,371.25,900.0
2023-02-09 12:07:00,468.75,423.75,892.5
2023-02-09 12:08:00,656.25,258.75,915.0
2023-02-09 12:09:00,686.25,255.0,941.25
2023-02-09 12:10:00,783.75,172.5,956.25
2023-02-09 12:11:00,787.5,180.0,967.5
2023-02-09 12:12:00,768.75,176.25,945.0
2023-02-09 12:13:00,851.25,48.75,900.0
2023-02-09 12:14:00,855.0,41.25,896.25
2023-02-09 12:15:00,885.0,41.25,926.25
2023-02-09 12:16:00,870.0,71.25,941.25
2023-02-09 12:17:00,765.0,285.0,1050.0
2023-02-09 12:18:00,727.5,236.25,963.75
2023-02-09 12:19:00,671.25,333.75,1005.0
2023-02-09 12:20:00,667.5,408.75,1076.25
2023-02-09 12:21:00,656.25,465.0,1121.25
2023-02-09 12:22:00,742.5,375.0,1117.5
2023-02-09 12:23:00,840.0,240.0,1080.0
2023-02-09 12:24:00,787.5,375.0,1162.5
2023-02-09 12:25:00,795.0,337.5,1132.5
2023-02-09 12:26:00,802.5,281.25,1083.75
2023-02-09 12:27:00,806.25,277.5,1083.75
2023-02-09 12:28:00,862.5,221.25,1083.75
2023-02-09 12:29:00,922.5,195.0,1117.5
2023-02-09 12:30:00,956.25,142.5,1098.75
2023-02-09 12:31:00,903.75,112.5,1016.25
2023-02-09 12:32:00,840.0,277.5,1117.5
2023-02-09 12:33:00,922.5,176.25,1098.75
2023-02-09 12:34:00,922.5,180.0,1102.5
2023-02-09 12:35:00,948.75,153.75,1102.5
2023-02-09 12:36:00,1001.25,52.5,1053.75
2023-02-09 12:37:00,1005.0,56.25,1061.25
2023-02-09 12:38:00,1016.25,60.0,1076.25
2023-02-09 12:39:00,945.0,202.5,1147.5
2023-02-09 12:40:00,960.0,153.75,1113.75
2023-02-09 12:41:00,1001.25,78.75,1080.0
2023-02-09 12:42:00,1068.75,-48.75,1020.0
2023-02-09 12:43:00,1061.25,-22.5,1038.75
2023-02-09 12:44:00,1065.0,-52.5,1012.5
2023-02-09 12:45:00,1046.25,-52.5,993.75
2023-02-09 12:46:00,1016.25,45.0,1061.25
2023-02-09 12:47:00,990.0,108.75,1098.75
2023-02-09 12:48:00,930.0,176.25,1106.25
2023-02-09 12:49:00,907.5,232.5,1140.0
2023-02-09 12:50:00,922.5,213.75,1136.25
2023-02-09 12:51:00,885.0,345.0,1230.0
2023-02-09 12:52:00,978.75,213.75,1192.5
2023-02-09 12:53:00,1008.75,191.25,1200.0
2023-02-09 12:54:00,967.5,277.5,1245.0
2023-02-09 12:55:00,960.0,273.75,1233.75
2023-02-09 12:56:00,960.0,273.75,1233.75
2023-02-09 12:57:00,993.75,270.0,1263.75
2023-02-09 12:58:00,975.0,326.25,1301.25
2023-02-09 12:59:00,952.5,367.5,1320.0
2023-02-09 13:00:00,990.0,322.5,1312.5
2023-02-09 13:01:00,952.5,405.0,1357.5
2023-02-09 13:02:00,990.0,333.75,1323.75
2023-02-09 13:03:00,1027.5,288.75,1316.25
2023-02-09 13:04:00,1016.25,288.75,1305.0
2023-02-09 13:05:00,1042.5,236.25,1278.75
2023-02-09 13:06:00,1031.25,311.25,1342.5
2023-02-09 13:07:00,1027.5,333.75,1361.25
2023-02-09 13:08:00,1057.5,277.5,1335.0
2023-02-09 13:09:00,1061.25,258.75,1320.0
2023-02-09 13:10:00,1061.25,281.25,1342.5
2023-02-09 13:11:00,1095.0,258.75,1353.75
2023-02-09 13:12:00,1072.5,330.0,1402.5
2023-02-09 13:13:00,1068.75,345.0,1413.75
2023-02-09 13:14:00,1083.75,300.0,1383.75
2023-02-09 13:15:00,1125.0,270.0,1395.0
2023-02-09 13:16:00,1083.75,345.0,1428.75
2023-02-09 13:17:00,1072.5,363.75,1436.25
2023-02-09 13:18:00,1087.5,318.75,1406.25
2023-02-09 13:19:00,1005.0,525.0,1530.0
2023-02-09 13:20:00,1023.75,472.5,1496.25
2023-02-09 13:21:00,1072.5,405.0,1477.5
2023-02-09 13:22:00,1117.5,375.0,1492.5
2023-02-09 13:23:00,1132.5,315.0,1447.5
2023-02-09 13:24:00,1143.75,292.5,1436.25
2023-02-09 13:25:00,1192.5,187.5,1380.0
2023-02-09 13:26:00,1166.25,311.25,1477.5
2023-02-09 13:27:00,1140.0,367.5,1507.5
2023-02-09 13:28:00,1121.25,382.5,1503.75
2023-02-09 13:29:00,1140.0,360.0,1500.0
2023-02-09 13:30:00,1110.0,378.75,1488.75
2023-02-09 13:31:00,971.25,603.75,1575.0
2023-02-09 13:32:00,843.75,765.0,1608.75
2023-02-09 13:33:00,918.75,738.75,1657.5
2023-02-09 13:34:00,858.75,813.75,1672.5
2023-02-09 13:35:00,750.0,900.0,1650.0
2023-02-09 13:36:00,843.75,840.0,1683.75
2023-02-09 13:37:00,810.0,873.75,1683.75
2023-02-09 13:38:00,840.0,855.0,1695.0
2023-02-09 13:39:00,753.75,896.25,1650.0
2023-02-09 13:40:00,866.25,873.75,1740.0
2023-02-09 13:41:00,716.25,975.0,1691.25
2023-02-09 13:42:00,765.0,975.0,1740.0
2023-02-09 13:43:00,735.0,986.25,1721.25
2023-02-09 13:44:00,686.25,1023.75,1710.0
2023-02-09 13:45:00,716.25,1031.25,1747.5
2023-02-09 13:46:00,757.5,1031.25,1788.75
2023-02-09 13:47:00,798.75,1012.5,1811.25
2023-02-09 13:48:00,731.25,1027.5,1758.75
2023-02-09 13:49:00,483.75,1065.0,1548.75
2023-02-09 13:50:00,142.5,1065.0,1207.5
2023-02-09 13:51:00,131.25,1072.5,1203.75
2023-02-09 13:52:00,281.25,1072.5,1353.75
2023-02-09 13:53:00,82.5,1102.5,1185.0
2023-02-09 13:54:00,-138.75,1136.25,997.5
2023-02-09 13:55:00,-232.5,1132.5,900.0
2023-02-09 13:56:00,-3.75,1095.0,1091.25
2023-02-09 13:57:00,-63.75,1098.75,1035.0
2023-02-09 13:58:00,0.0,1087.5,1087.5
2023-02-09 13:59:00,-135.0,1106.25,971.25
2023-02-09 14:00:00,-18.75,1106.25,1087.5
2023-02-09 14:01:00,-217.5,1106.25,888.75
2023-02-09 14:02:00,-416.25,1113.75,697.5
2023-02-09 14:03:00,-540.0,1151.25,611.25
2023-02-09 14:04:00,-566.25,1177.5,611.25
2023-02-09 14:05:00,-517.5,1185.0,667.5
2023-02-09 14:06:00,-738.75,1331.25,592.5
2023-02-09 14:07:00,-772.5,1342.5,570.0
2023-02-09 14:08:00,-435.0,1136.25,701.25
2023-02-09 14:09:00,-382.5,1095.0,712.5
2023-02-09 14:10:00,-618.75,1267.5,648.75
2023-02-09 14:11:00,-502.5,1203.75,701.25
2023-02-09 14:12:00,-157.5,971.25,813.75
2023-02-09 14:13:00,-251.25,1065.0,813.75
2023-02-09 14:14:00,22.5,858.75,881.25
2023-02-09 14:15:00,-206.25,1162.5,956.25
2023-02-09 14:16:00,22.5,855.0,877.5
2023-02-09 14:17:00,146.25,870.0,1016.25
2023-02-09 14:18:00,105.0,941.25,1046.25
2023-02-09 14:19:00,296.25,772.5,1068.75
2023-02-09 14:20:00,367.5,731.25,1098.75
2023-02-09 14:21:00,202.5,933.75,1136.25
2023-02-09 14:22:00,292.5,960.0,1252.5
2023-02-09 14:23:00,626.25,521.25,1147.5
2023-02-09 14:24:00,483.75,870.0,1353.75
2023-02-09 14:25:00,206.25,1158.75,1365.0
2023-02-09 14:26:00,228.75,1106.25,1335.0
2023-02-09 14:27:00,292.5,1083.75,1376.25
2023-02-09 14:28:00,337.5,1057.5,1395.0
2023-02-09 14:29:00,393.75,1001.25,1395.0
2023-02-09 14:30:00,438.75,975.0,1413.75
2023-02-09 14:31:00,378.75,1083.75,1462.5
2023-02-09 14:32:00,558.75,907.5,1466.25
2023-02-09 14:33:00,551.25,1031.25,1582.5
2023-02-09 14:34:00,397.5,1252.5,1650.0
2023-02-09 14:35:00,367.5,1263.75,1631.25
2023-02-09 14:36:00,-3.75,1676.25,1672.5
2023-02-09 14:37:00,198.75,1511.25,1710.0
2023-02-09 14:38:00,93.75,1657.5,1751.25
2023-02-09 14:39:00,243.75,1537.5,1781.25
2023-02-09 14:40:00,472.5,1320.0,1792.5
2023-02-09 14:41:00,382.5,1496.25,1878.75
2023-02-09 14:42:00,255.0,1590.0,1845.0
2023-02-09 14:43:00,333.75,1511.25,1845.0
2023-02-09 14:44:00,285.0,1560.0,1845.0
2023-02-09 14:45:00,352.5,1541.25,1893.75
2023-02-09 14:46:00,596.25,1308.75,1905.0
2023-02-09 14:47:00,825.0,1151.25,1976.25
2023-02-09 14:48:00,791.25,1215.0,2006.25
2023-02-09 14:49:00,1061.25,802.5,1863.75
2023-02-09 14:50:00,780.0,1320.0,2100.0
2023-02-09 14:51:00,825.0,1275.0,2100.0
2023-02-09 14:52:00,776.25,1361.25,2137.5
2023-02-09 14:53:00,963.75,1080.0,2043.75
2023-02-09 14:54:00,948.75,1207.5,2156.25
2023-02-09 14:55:00,1005.0,1087.5,2092.5
2023-02-09 14:56:00,941.25,1290.0,2231.25
2023-02-09 14:57:00,843.75,1481.25,2325.0
2023-02-09 14:58:00,900.0,1443.75,2343.75
2023-02-09 14:59:00,941.25,1353.75,2295.0
2023-02-09 15:00:00,982.5,1192.5,2175.0
2023-02-09 15:01:00,948.75,1807.5,2756.25
2023-02-09 15:02:00,1323.75,1162.5,2486.25
2023-02-09 15:03:00,1417.5,1083.75,2501.25
2023-02-09 15:04:00,1447.5,1260.0,2707.5
2023-02-09 15:05:00,1503.75,1188.75,2692.5
2023-02-09 15:06:00,1522.5,1140.0,2662.5
2023-02-09 15:07:00,1511.25,1398.75,2910.0
2023-02-09 15:08:00,1507.5,1496.25,3003.75
2023-02-09 15:09:00,1488.75,1533.75,3022.5
2023-02-09 15:10:00,1353.75,2088.75,3442.5
2023-02-09 15:11:00,1391.25,2088.75,3480.0
2023-02-09 15:12:00,1447.5,1991.25,3438.75
2023-02-09 15:13:00,1470.0,2032.5,3502.5
2023-02-09 15:14:00,1462.5,2070.0,3532.5
2023-02-09 15:15:00,1526.25,1762.5,3288.75
2023-02-09 15:16:00,1533.75,1968.75,3502.5
2023-02-09 15:17:00,1530.0,2002.5,3532.5
2023-02-09 15:18:00,1548.75,2021.25,3570.0
2023-02-09 15:19:00,1548.75,1931.25,3480.0
2023-02-09 15:20:00,1552.5,1938.75,3491.25
2023-02-09 15:21:00,1552.5,1938.75,3491.25
2023-02-09 15:22:00,1552.5,1938.75,3491.25
2023-02-09 15:23:00,1552.5,1938.75,3491.25
2023-02-09 15:24:00,1552.5,1938.75,3491.25
2023-02-09 15:25:00,1552.5,1938.75,3491.25
2023-02-09 15:26:00,1552.5,1938.75,3491.25
2023-02-09 15:27:00,1552.5,1938.75,3491.25
2023-02-09 15:28:00,1552.5,1938.75,3491.25
2023-02-09 15:29:00,1552.5,1938.75,3491.25
2023-02-09 15:30:00,1552.5,1938.75,3491.25
2023-02-16 10:15:00,0.0,0.0,0.0
2023-02-16 10:16:00,-123.75,78.75,-45.0
2023-02-16 10:17:00,-112.5,41.25,-71.25
2023-02-16 10:18:00,-82.5,45.0,-37.5
2023-02-16 10:19:00,-71.25,48.75,-22.5
2023-02-16 10:20:00,-63.75,56.25,-7.5
2023-02-16 10:21:00,-11.25,26.25,15.0
2023-02-16 10:22:00,195.0,-153.75,41.25
2023-02-16 10:23:00,213.75,-108.75,105.0
2023-02-16 10:24:00,60.0,22.5,82.5
2023-02-16 10:25:00,165.0,-60.0,105.0
2023-02-16 10:26:00,187.5,-127.5,60.0
2023-02-16 10:27:00,195.0,-153.75,41.25
2023-02-16 10:28:00,202.5,-161.25,41.25
2023-02-16 10:29:00,210.0,-123.75,86.25
2023-02-16 10:30:00,251.25,-165.0,86.25
2023-02-16 10:31:00,367.5,-195.0,172.5
2023-02-16 10:32:00,393.75,-262.5,131.25
2023-02-16 10:33:00,345.0,-198.75,146.25
2023-02-16 10:34:00,393.75,-258.75,135.0
2023-02-16 10:35:00,386.25,-198.75,187.5
2023-02-16 10:36:00,281.25,-101.25,180.0
2023-02-16 10:37:00,318.75,-153.75,165.0
2023-02-16 10:38:00,307.5,-101.25,206.25
2023-02-16 10:39:00,202.5,60.0,262.5
2023-02-16 10:40:00,180.0,101.25,281.25
2023-02-16 10:41:00,82.5,195.0,277.5
2023-02-16 10:42:00,78.75,206.25,285.0
2023-02-16 10:43:00,138.75,138.75,277.5
2023-02-16 10:44:00,225.0,37.5,262.5
2023-02-16 10:45:00,78.75,187.5,266.25
2023-02-16 10:46:00,60.0,176.25,236.25
2023-02-16 10:47:00,-3.75,217.5,213.75
2023-02-16 10:48:00,-71.25,266.25,195.0
2023-02-16 10:49:00,-112.5,318.75,206.25
2023-02-16 10:50:00,-105.0,318.75,213.75
2023-02-16 10:51:00,-105.0,326.25,221.25
2023-02-16 10:52:00,-71.25,311.25,240.0
2023-02-16 10:53:00,-90.0,318.75,228.75
2023-02-16 10:54:00,-48.75,300.0,251.25
2023-02-16 10:55:00,-26.25,300.0,273.75
2023-02-16 10:56:00,0.0,277.5,277.5
2023-02-16 10:57:00,-138.75,345.0,206.25
2023-02-16 10:58:00,-138.75,375.0,236.25
2023-02-16 10:59:00,-176.25,386.25,210.0
2023-02-16 11:00:00,-82.5,375.0,292.5
2023-02-16 11:01:00,-93.75,363.75,270.0
2023-02-16 11:02:00,-135.0,390.0,255.0
2023-02-16 11:03:00,-120.0,386.25,266.25
2023-02-16 11:04:00,-127.5,397.5,270.0
2023-02-16 11:05:00,56.25,360.0,416.25
2023-02-16 11:06:00,168.75,292.5,461.25
2023-02-16 11:07:00,-30.0,393.75,363.75
2023-02-16 11:08:00,15.0,367.5,382.5
2023-02-16 11:09:00,116.25,311.25,427.5
2023-02-16 11:10:00,142.5,300.0,442.5
2023-02-16 11:11:00,63.75,348.75,412.5
2023-02-16 11:12:00,78.75,330.0,408.75
2023-02-16 11:13:00,63.75,363.75,427.5
2023-02-16 11:14:00,108.75,345.0,453.75
2023-02-16 11:15:00,108.75,330.0,438.75
2023-02-16 11:16:00,90.0,333.75,423.75
2023-02-16 11:17:00,153.75,311.25,465.0
2023-02-16 11:18:00,123.75,318.75,442.5
2023-02-16 11:19:00,127.5,326.25,453.75
2023-02-16 11:20:00,116.25,337.5,453.75
2023-02-16 11:21:00,97.5,360.0,457.5
2023-02-16 11:22:00,63.75,360.0,423.75
2023-02-16 11:23:00,105.0,363.75,468.75
2023-02-16 11:24:00,123.75,326.25,450.0
2023-02-16 11:25:00,183.75,296.25,480.0
2023-02-16 11:26:00,146.25,345.0,491.25
2023-02-16 11:27:00,138.75,356.25,495.0
2023-02-16 11:28:00,52.5,412.5,465.0
2023-02-16 11:29:00,120.0,386.25,506.25
2023-02-16 11:30:00,195.0,318.75,513.75
2023-02-16 11:31:00,187.5,322.5,510.0
2023-02-16 11:32:00,161.25,363.75,525.0
2023-02-16 11:33:00,172.5,348.75,521.25
2023-02-16 11:34:00,165.0,348.75,513.75
2023-02-16 11:35:00,217.5,337.5,555.0
2023-02-16 11:36:00,120.0,401.25,521.25
2023-02-16 11:37:00,180.0,363.75,543.75
2023-02-16 11:38:00,213.75,326.25,540.0
2023-02-16 11:39:00,292.5,251.25,543.75
2023-02-16 11:40:00,382.5,161.25,543.75
2023-02-16 11:41:00,468.75,120.0,588.75
2023-02-16 11:42:00,438.75,135.0,573.75
2023-02-16 11:43:00,420.0,123.75,543.75
2023-02-16 11:44:00,397.5,135.0,532.5
2023-02-16 11:45:00,307.5,206.25,513.75
2023-02-16 11:46:00,258.75,262.5,521.25
2023-02-16 11:47:00,378.75,135.0,513.75
2023-02-16 11:48:00,382.5,78.75,461.25
2023-02-16 11:49:00,390.0,82.5,472.5
2023-02-16 11:50:00,378.75,90.0,468.75
2023-02-16 11:51:00,427.5,-7.5,420.0
2023-02-16 11:52:00,345.0,168.75,513.75
2023-02-16 11:53:00,375.0,112.5,487.5
2023-02-16 11:54:00,438.75,18.75,457.5
2023-02-16 11:55:00,570.0,-195.0,375.0
2023-02-16 11:56:00,547.5,-108.75,438.75
2023-02-16 11:57:00,450.0,63.75,513.75
2023-02-16 11:58:00,438.75,22.5,461.25
2023-02-16 11:59:00,435.0,41.25,476.25
2023-02-16 12:00:00,435.0,86.25,521.25
2023-02-16 12:01:00,367.5,202.5,570.0
2023-02-16 12:02:00,427.5,90.0,517.5
2023-02-16 12:03:00,465.0,22.5,487.5
2023-02-16 12:04:00,442.5,86.25,528.75
2023-02-16 12:05:00,476.25,41.25,517.5
2023-02-16 12:06:00,528.75,-33.75,495.0
2023-02-16 12:07:00,506.25,-15.0,491.25
2023-02-16 12:08:00,495.0,33.75,528.75
2023-02-16 12:09:00,513.75,18.75,532.5
2023-02-16 12:10:00,495.0,71.25,566.25
2023-02-16 12:11:00,502.5,15.0,517.5
2023-02-16 12:12:00,502.5,18.75,521.25
2023-02-16 12:13:00,487.5,22.5,510.0
2023-02-16 12:14:00,491.25,7.5,498.75
2023-02-16 12:15:00,525.0,-7.5,517.5
2023-02-16 12:16:00,506.25,30.0,536.25
2023-02-16 12:17:00,513.75,3.75,517.5
2023-02-16 12:18:00,517.5,41.25,558.75
2023-02-16 12:19:00,502.5,82.5,585.0
2023-02-16 12:20:00,513.75,45.0,558.75
2023-02-16 12:21:00,498.75,101.25,600.0
2023-02-16 12:22:00,517.5,48.75,566.25
2023-02-16 12:23:00,536.25,67.5,603.75
2023-02-16 12:24:00,573.75,0.0,573.75
2023-02-16 12:25:00,607.5,-37.5,570.0
2023-02-16 12:26:00,603.75,-7.5,596.25
2023-02-16 12:27:00,641.25,-101.25,540.0
2023-02-16 12:28:00,615.0,-18.75,596.25
2023-02-16 12:29:00,596.25,37.5,633.75
2023-02-16 12:30:00,626.25,3.75,630.0
2023-02-16 12:31:00,641.25,-56.25,585.0
2023-02-16 12:32:00,633.75,-15.0,618.75
2023-02-16 12:33:00,693.75,-123.75,570.0
2023-02-16 12:34:00,731.25,-217.5,513.75
2023-02-16 12:35:00,742.5,-217.5,525.0
2023-02-16 12:36:00,806.25,-348.75,457.5
2023-02-16 12:37:00,813.75,-543.75,270.0
2023-02-16 12:38:00,851.25,-528.75,322.5
2023-02-16 12:39:00,836.25,-723.75,112.5
2023-02-16 12:40:00,847.5,-701.25,146.25
2023-02-16 12:41:00,866.25,-776.25,90.0
2023-02-16 12:42:00,843.75,-645.0,198.75
2023-02-16 12:43:00,821.25,-517.5,303.75
2023-02-16 12:44:00,780.0,-457.5,322.5
2023-02-16 12:45:00,795.0,-555.0,240.0
2023-02-16 12:46:00,810.0,-626.25,183.75
2023-02-16 12:47:00,798.75,-547.5,251.25
2023-02-16 12:48:00,843.75,-757.5,86.25
2023-02-16 12:49:00,832.5,-701.25,131.25
2023-02-16 12:50:00,847.5,-870.0,-22.5
2023-02-16 12:51:00,847.5,-840.0,7.5
2023-02-16 12:52:00,877.5,-993.75,-116.25
2023-02-16 12:53:00,862.5,-911.25,-48.75
2023-02-16 12:54:00,862.5,-862.5,0.0
2023-02-16 12:55:00,817.5,-543.75,273.75
2023-02-16 12:56:00,791.25,-408.75,382.5
2023-02-16 12:57:00,806.25,-513.75,292.5
2023-02-16 12:58:00,806.25,-510.0,296.25
2023-02-16 12:59:00,825.0,-678.75,146.25
2023-02-16 13:00:00,832.5,-660.0,172.5
2023-02-16 13:01:00,802.5,-491.25,311.25
2023-02-16 13:02:00,825.0,-600.0,225.0
2023-02-16 13:03:00,828.75,-615.0,213.75
2023-02-16 13:04:00,828.75,-577.5,251.25
2023-02-16 13:05:00,825.0,-558.75,266.25
2023-02-16 13:06:00,810.0,-480.0,330.0
2023-02-16 13:07:00,798.75,-397.5,401.25
2023-02-16 13:08:00,753.75,-161.25,592.5
2023-02-16 13:09:00,701.25,56.25,757.5
2023-02-16 13:10:00,693.75,105.0,798.75
2023-02-16 13:11:00,671.25,172.5,843.75
2023-02-16 13:12:00,735.0,15.0,750.0
2023-02-16 13:13:00,675.0,168.75,843.75
2023-02-16 13:14:00,682.5,138.75,821.25
2023-02-16 13:15:00,675.0,168.75,843.75
2023-02-16 13:16:00,686.25,172.5,858.75
2023-02-16 13:17:00,701.25,172.5,873.75
2023-02-16 13:18:00,716.25,146.25,862.5
2023-02-16 13:19:00,738.75,165.0,903.75
2023-02-16 13:20:00,656.25,401.25,1057.5
2023-02-16 13:21:00,611.25,495.0,1106.25
2023-02-16 13:22:00,607.5,525.0,1132.5
2023-02-16 13:23:00,603.75,528.75,1132.5
2023-02-16 13:24:00,603.75,525.0,1128.75
2023-02-16 13:25:00,596.25,540.0,1136.25
2023-02-16 13:26:00,607.5,517.5,1125.0
2023-02-16 13:27:00,603.75,532.5,1136.25
2023-02-16 13:28:00,630.0,513.75,1143.75
2023-02-16 13:29:00,600.0,551.25,1151.25
2023-02-16 13:30:00,592.5,585.0,1177.5
2023-02-16 13:31:00,596.25,585.0,1181.25
2023-02-16 13:32:00,596.25,603.75,1200.0
2023-02-16 13:33:00,600.0,596.25,1196.25
2023-02-16 13:34:00,633.75,585.0,1218.75
2023-02-16 13:35:00,731.25,551.25,1282.5
2023-02-16 13:36:00,746.25,510.0,1256.25
2023-02-16 13:37:00,738.75,498.75,1237.5
2023-02-16 13:38:00,772.5,502.5,1275.0
2023-02-16 13:39:00,787.5,491.25,1278.75
2023-02-16 13:40:00,776.25,510.0,1286.25
2023-02-16 13:41:00,772.5,536.25,1308.75
2023-02-16 13:42:00,802.5,558.75,1361.25
2023-02-16 13:43:00,742.5,637.5,1380.0
2023-02-16 13:44:00,705.0,652.5,1357.5
2023-02-16 13:45:00,708.75,630.0,1338.75
2023-02-16 13:46:00,686.25,645.0,1331.25
2023-02-16 13:47:00,712.5,626.25,1338.75
2023-02-16 13:48:00,753.75,611.25,1365.0
2023-02-16 13:49:00,772.5,581.25,1353.75
2023-02-16 13:50:00,877.5,446.25,1323.75
2023-02-16 13:51:00,967.5,217.5,1185.0
2023-02-16 13:52:00,933.75,356.25,1290.0
2023-02-16 13:53:00,896.25,416.25,1312.5
2023-02-16 13:54:00,892.5,405.0,1297.5
2023-02-16 13:55:00,907.5,318.75,1226.25
2023-02-16 13:56:00,903.75,375.0,1278.75
2023-02-16 13:57:00,937.5,277.5,1215.0
2023-02-16 13:58:00,956.25,30.0,986.25
2023-02-16 13:59:00,1012.5,-90.0,922.5
2023-02-16 14:00:00,978.75,273.75,1252.5
2023-02-16 14:01:00,978.75,37.5,1016.25
2023-02-16 14:02:00,975.0,60.0,1035.0
2023-02-16 14:03:00,963.75,157.5,1121.25
2023-02-16 14:04:00,978.75,82.5,1061.25
2023-02-16 14:05:00,1005.0,7.5,1012.5
2023-02-16 14:06:00,993.75,52.5,1046.25
2023-02-16 14:07:00,975.0,202.5,1177.5
2023-02-16 14:08:00,1001.25,30.0,1031.25
2023-02-16 14:09:00,997.5,93.75,1091.25
2023-02-16 14:10:00,1012.5,52.5,1065.0
2023-02-16 14:11:00,1023.75,161.25,1185.0
2023-02-16 14:12:00,997.5,315.0,1312.5
2023-02-16 14:13:00,1001.25,311.25,1312.5
2023-02-16 14:14:00,978.75,513.75,1492.5
2023-02-16 14:15:00,945.0,558.75,1503.75
2023-02-16 14:16:00,915.0,660.0,1575.0
2023-02-16 14:17:00,930.0,630.0,1560.0
2023-02-16 14:18:00,952.5,641.25,1593.75
2023-02-16 14:19:00,967.5,607.5,1575.0
2023-02-16 14:20:00,1008.75,570.0,1578.75
2023-02-16 14:21:00,1038.75,461.25,1500.0
2023-02-16 14:22:00,1065.0,397.5,1462.5
2023-02-16 14:23:00,1072.5,378.75,1451.25
2023-02-16 14:24:00,1083.75,401.25,1485.0
2023-02-16 14:25:00,1076.25,408.75,1485.0
2023-02-16 14:26:00,1106.25,281.25,1387.5
2023-02-16 14:27:00,1121.25,-198.75,922.5
2023-02-16 14:28:00,1113.75,-667.5,446.25
2023-02-16 14:29:00,1117.5,-363.75,753.75
2023-02-16 14:30:00,1110.0,-592.5,517.5
2023-02-16 14:31:00,866.25,-240.0,626.25
2023-02-16 14:32:00,660.0,60.0,720.0
2023-02-16 14:33:00,615.0,123.75,738.75
2023-02-16 14:34:00,618.75,67.5,686.25
2023-02-16 14:35:00,817.5,-18.75,798.75
2023-02-16 14:36:00,851.25,-41.25,810.0
2023-02-16 14:37:00,978.75,-142.5,836.25
2023-02-16 14:38:00,896.25,45.0,941.25
2023-02-16 14:39:00,900.0,-7.5,892.5
2023-02-16 14:40:00,945.0,71.25,1016.25
2023-02-16 14:41:00,588.75,416.25,1005.0
2023-02-16 14:42:00,333.75,581.25,915.0
2023-02-16 14:43:00,138.75,667.5,806.25
2023-02-16 14:44:00,168.75,645.0,813.75
2023-02-16 14:45:00,78.75,701.25,780.0
2023-02-16 14:46:00,393.75,630.0,1023.75
2023-02-16 14:47:00,60.0,678.75,738.75
2023-02-16 14:48:00,337.5,622.5,960.0
2023-02-16 14:49:00,270.0,648.75,918.75
2023-02-16 14:50:00,123.75,735.0,858.75
2023-02-16 14:51:00,-60.0,776.25,716.25
2023-02-16 14:52:00,-127.5,802.5,675.0
2023-02-16 14:53:00,-15.0,798.75,783.75
2023-02-16 14:54:00,108.75,768.75,877.5
2023-02-16 14:55:00,952.5,551.25,1503.75
2023-02-16 14:56:00,566.25,768.75,1335.0
2023-02-16 14:57:00,495.0,738.75,1233.75
2023-02-16 14:58:00,525.0,720.0,1245.0
2023-02-16 14:59:00,543.75,750.0,1293.75
2023-02-16 15:00:00,-116.25,832.5,716.25
2023-02-16 15:01:00,877.5,746.25,1623.75
2023-02-16 15:02:00,1207.5,787.5,1995.0
2023-02-16 15:03:00,1485.0,727.5,2212.5
2023-02-16 15:04:00,1260.0,851.25,2111.25
2023-02-16 15:05:00,1050.0,922.5,1972.5
2023-02-16 15:06:00,1293.75,896.25,2190.0
2023-02-16 15:07:00,1642.5,866.25,2508.75
2023-02-16 15:08:00,1893.75,832.5,2726.25
2023-02-16 15:09:00,2115.0,716.25,2831.25
2023-02-16 15:10:00,1995.0,855.0,2850.0
2023-02-16 15:11:00,2317.5,540.0,2857.5
2023-02-16 15:12:00,2385.0,405.0,2790.0
2023-02-16 15:13:00,2332.5,577.5,2910.0
2023-02-16 15:14:00,2347.5,622.5,2970.0
2023-02-16 15:15:00,2411.25,386.25,2797.5
2023-02-16 15:16:00,2418.75,172.5,2591.25
2023-02-16 15:17:00,2418.75,356.25,2775.0
2023-02-16 15:18:00,2430.0,288.75,2718.75
2023-02-16 15:19:00,2437.5,86.25,2523.75
2023-02-16 15:20:00,2433.75,37.5,2471.25
2023-02-16 15:21:00,2433.75,37.5,2471.25
2023-02-16 15:22:00,2433.75,37.5,2471.25
2023-02-16 15:23:00,2433.75,37.5,2471.25
2023-02-16 15:24:00,2433.75,37.5,2471.25
2023-02-16 15:25:00,2433.75,37.5,2471.25
2023-02-16 15:26:00,2433.75,37.5,2471.25
2023-02-16 15:27:00,2433.75,37.5,2471.25
2023-02-16 15:28:00,2433.75,37.5,2471.25
2023-02-16 15:29:00,2433.75,37.5,2471.25
2023-02-16 15:30:00,2433.75,37.5,2471.25
2023-02-23 10:15:00,0.0,0.0,0.0
2023-02-23 10:16:00,-71.25,48.75,-22.5
2023-02-23 10:17:00,-82.5,78.75,-3.75
2023-02-23 10:18:00,-221.25,213.75,-7.5
2023-02-23 10:19:00,-90.0,86.25,-3.75
2023-02-23 10:20:00,-270.0,315.0,45.0
2023-02-23 10:21:00,-97.5,146.25,48.75
2023-02-23 10:22:00,-108.75,228.75,120.0
2023-02-23 10:23:00,75.0,-7.5,67.5
2023-02-23 10:24:00,41.25,3.75,45.0
2023-02-23 10:25:00,165.0,-101.25,63.75
2023-02-23 10:26:00,-33.75,210.0,176.25
2023-02-23 10:27:00,-7.5,153.75,146.25
2023-02-23 10:28:00,-150.0,360.0,210.0
2023-02-23 10:29:00,-277.5,483.75,206.25
2023-02-23 10:30:00,-577.5,735.0,157.5
2023-02-23 10:31:00,-547.5,727.5,180.0
2023-02-23 10:32:00,-720.0,832.5,112.5
2023-02-23 10:33:00,-555.0,776.25,221.25
2023-02-23 10:34:00,-326.25,611.25,285.0
2023-02-23 10:35:00,-180.0,468.75,288.75
2023-02-23 10:36:00,-142.5,378.75,236.25
2023-02-23 10:37:00,82.5,150.0,232.5
2023-02-23 10:38:00,-123.75,386.25,262.5
2023-02-23 10:39:00,3.75,296.25,300.0
2023-02-23 10:40:00,-78.75,423.75,345.0
2023-02-23 10:41:00,15.0,348.75,363.75
2023-02-23 10:42:00,165.0,266.25,431.25
2023-02-23 10:43:00,60.0,427.5,487.5
2023-02-23 10:44:00,-52.5,585.0,532.5
2023-02-23 10:45:00,-161.25,693.75,532.5
2023-02-23 10:46:00,11.25,521.25,532.5
2023-02-23 10:47:00,0.0,540.0,540.0
2023-02-23 10:48:00,11.25,536.25,547.5
2023-02-23 10:49:00,63.75,483.75,547.5
2023-02-23 10:50:00,15.0,588.75,603.75
2023-02-23 10:51:00,150.0,423.75,573.75
2023-02-23 10:52:00,273.75,345.0,618.75
2023-02-23 10:53:00,611.25,-15.0,596.25
2023-02-23 10:54:00,446.25,337.5,783.75
2023-02-23 10:55:00,570.0,0.0,570.0
2023-02-23 10:56:00,667.5,-326.25,341.25
2023-02-23 10:57:00,686.25,-311.25,375.0
2023-02-23 10:58:00,645.0,22.5,667.5
2023-02-23 10:59:00,723.75,-303.75,420.0
2023-02-23 11:00:00,776.25,-570.0,206.25
2023-02-23 11:01:00,742.5,-341.25,401.25
2023-02-23 11:02:00,671.25,-183.75,487.5
2023-02-23 11:03:00,738.75,-521.25,217.5
2023-02-23 11:04:00,787.5,-678.75,108.75
2023-02-23 11:05:00,727.5,-420.0,307.5
2023-02-23 11:06:00,675.0,-273.75,401.25
2023-02-23 11:07:00,592.5,33.75,626.25
2023-02-23 11:08:00,607.5,67.5,675.0
2023-02-23 11:09:00,645.0,-26.25,618.75
2023-02-23 11:10:00,723.75,-266.25,457.5
2023-02-23 11:11:00,708.75,-142.5,566.25
2023-02-23 11:12:00,603.75,116.25,720.0
2023-02-23 11:13:00,540.0,172.5,712.5
2023-02-23 11:14:00,536.25,232.5,768.75
2023-02-23 11:15:00,480.0,315.0,795.0
2023-02-23 11:16:00,442.5,352.5,795.0
2023-02-23 11:17:00,412.5,341.25,753.75
2023-02-23 11:18:00,416.25,401.25,817.5
2023-02-23 11:19:00,487.5,315.0,802.5
2023-02-23 11:20:00,521.25,273.75,795.0
2023-02-23 11:21:00,480.0,348.75,828.75
2023-02-23 11:22:00,476.25,371.25,847.5
2023-02-23 11:23:00,540.0,333.75,873.75
2023-02-23 11:24:00,618.75,202.5,821.25
2023-02-23 11:25:00,581.25,273.75,855.0
2023-02-23 11:26:00,701.25,37.5,738.75
2023-02-23 11:27:00,693.75,90.0,783.75
2023-02-23 11:28:00,622.5,277.5,900.0
2023-02-23 11:29:00,525.0,461.25,986.25
2023-02-23 11:30:00,330.0,686.25,1016.25
2023-02-23 11:31:00,487.5,427.5,915.0
2023-02-23 11:32:00,603.75,277.5,881.25
2023-02-23 11:33:00,596.25,330.0,926.25
2023-02-23 11:34:00,536.25,442.5,978.75
2023-02-23 11:35:00,483.75,510.0,993.75
2023-02-23 11:36:00,588.75,352.5,941.25
2023-02-23 11:37:00,607.5,315.0,922.5
2023-02-23 11:38:00,626.25,240.0,866.25
2023-02-23 11:39:00,558.75,330.0,888.75
2023-02-23 11:40:00,547.5,352.5,900.0
2023-02-23 11:41:00,566.25,318.75,885.0
2023-02-23 11:42:00,596.25,247.5,843.75
2023-02-23 11:43:00,536.25,375.0,911.25
2023-02-23 11:44:00,528.75,420.0,948.75
2023-02-23 11:45:00,525.0,401.25,926.25
2023-02-23 11:46:00,506.25,461.25,967.5
2023-02-23 11:47:00,536.25,378.75,915.0
2023-02-23 11:48:00,592.5,318.75,911.25
2023-02-23 11:49:00,585.0,322.5,907.5
2023-02-23 11:50:00,588.75,322.5,911.25
2023-02-23 11:51:00,592.5,330.0,922.5
2023-02-23 11:52:00,577.5,405.0,982.5
2023-02-23 11:53:00,547.5,487.5,1035.0
2023-02-23 11:54:00,607.5,367.5,975.0
2023-02-23 11:55:00,626.25,367.5,993.75
2023-02-23 11:56:00,675.0,281.25,956.25
2023-02-23 11:57:00,663.75,307.5,971.25
2023-02-23 11:58:00,675.0,270.0,945.0
2023-02-23 11:59:00,603.75,405.0,1008.75
2023-02-23 12:00:00,618.75,375.0,993.75
2023-02-23 12:01:00,637.5,363.75,1001.25
2023-02-23 12:02:00,637.5,386.25,1023.75
2023-02-23 12:03:00,626.25,420.0,1046.25
2023-02-23 12:04:00,678.75,318.75,997.5
2023-02-23 12:05:00,652.5,378.75,1031.25
2023-02-23 12:06:00,663.75,311.25,975.0
2023-02-23 12:07:00,712.5,236.25,948.75
2023-02-23 12:08:00,795.0,-105.0,690.0
2023-02-23 12:09:00,810.0,-150.0,660.0
2023-02-23 12:10:00,855.0,-517.5,337.5
2023-02-23 12:11:00,843.75,-172.5,671.25
2023-02-23 12:12:00,813.75,-112.5,701.25
2023-02-23 12:13:00,892.5,-603.75,288.75
2023-02-23 12:14:00,877.5,-472.5,405.0
2023-02-23 12:15:00,870.0,-502.5,367.5
2023-02-23 12:16:00,825.0,-285.0,540.0
2023-02-23 12:17:00,843.75,-273.75,570.0
2023-02-23 12:18:00,858.75,-356.25,502.5
2023-02-23 12:19:00,847.5,-288.75,558.75
2023-02-23 12:20:00,870.0,-341.25,528.75
2023-02-23 12:21:00,866.25,-438.75,427.5
2023-02-23 12:22:00,858.75,-326.25,532.5
2023-02-23 12:23:00,866.25,-330.0,536.25
2023-02-23 12:24:00,885.0,-446.25,438.75
2023-02-23 12:25:00,892.5,-390.0,502.5
2023-02-23 12:26:00,896.25,-378.75,517.5
2023-02-23 12:27:00,915.0,-397.5,517.5
2023-02-23 12:28:00,922.5,-375.0,547.5
2023-02-23 12:29:00,915.0,-266.25,648.75
2023-02-23 12:30:00,922.5,-408.75,513.75
2023-02-23 12:31:00,918.75,-348.75,570.0
2023-02-23 12:32:00,933.75,-487.5,446.25
2023-02-23 12:33:00,1005.0,-941.25,63.75
2023-02-23 12:34:00,986.25,-705.0,281.25
2023-02-23 12:35:00,993.75,-738.75,255.0
2023-02-23 12:36:00,1320.0,-1125.0,195.0
2023-02-23 12:37:00,978.75,-525.0,453.75
2023-02-23 12:38:00,1080.0,-641.25,438.75
2023-02-23 12:39:00,1230.0,-828.75,401.25
2023-02-23 12:40:00,1248.75,-877.5,371.25
2023-02-23 12:41:00,1323.75,-855.0,468.75
2023-02-23 12:42:00,1387.5,-903.75,483.75
2023-02-23 12:43:00,1455.0,-1005.0,450.0
2023-02-23 12:44:00,1578.75,-1218.75,360.0
2023-02-23 12:45:00,1608.75,-1230.0,378.75
2023-02-23 12:46:00,1395.0,-870.0,525.0
2023-02-23 12:47:00,1518.75,-1121.25,397.5
2023-02-23 12:48:00,1421.25,-971.25,450.0
2023-02-23 12:49:00,1518.75,-1065.0,453.75
2023-02-23 12:50:00,1466.25,-967.5,498.75
2023-02-23 12:51:00,1473.75,-918.75,555.0
2023-02-23 12:52:00,1143.75,-390.0,753.75
2023-02-23 12:53:00,1207.5,-517.5,690.0
2023-02-23 12:54:00,843.75,-3.75,840.0
2023-02-23 12:55:00,153.75,378.75,532.5
2023-02-23 12:56:00,566.25,123.75,690.0
2023-02-23 12:57:00,723.75,3.75,727.5
2023-02-23 12:58:00,967.5,-187.5,780.0
2023-02-23 12:59:00,1080.0,-247.5,832.5
2023-02-23 13:00:00,1035.0,-213.75,821.25
2023-02-23 13:01:00,907.5,-45.0,862.5
2023-02-23 13:02:00,952.5,-127.5,825.0
2023-02-23 13:03:00,1023.75,-187.5,836.25
2023-02-23 13:04:00,836.25,-7.5,828.75
2023-02-23 13:05:00,862.5,15.0,877.5
2023-02-23 13:06:00,903.75,7.5,911.25
2023-02-23 13:07:00,626.25,187.5,813.75
2023-02-23 13:08:00,-105.0,667.5,562.5
2023-02-23 13:09:00,-78.75,735.0,656.25
2023-02-23 13:10:00,-487.5,858.75,371.25
2023-02-23 13:11:00,-716.25,918.75,202.5
2023-02-23 13:12:00,-592.5,855.0,262.5
2023-02-23 13:13:00,-348.75,772.5,423.75
2023-02-23 13:14:00,-513.75,847.5,333.75
2023-02-23 13:15:00,-495.0,855.0,360.0
2023-02-23 13:16:00,135.0,588.75,723.75
2023-02-23 13:17:00,-528.75,866.25,337.5
2023-02-23 13:18:00,-412.5,821.25,408.75
2023-02-23 13:19:00,-221.25,757.5,536.25
2023-02-23 13:20:00,-341.25,802.5,461.25
2023-02-23 13:21:00,-116.25,720.0,603.75
2023-02-23 13:22:00,-236.25,761.25,525.0
2023-02-23 13:23:00,-221.25,787.5,566.25
2023-02-23 13:24:00,-30.0,723.75,693.75
2023-02-23 13:25:00,3.75,742.5,746.25
2023-02-23 13:26:00,67.5,720.0,787.5
2023-02-23 13:27:00,562.5,498.75,1061.25
2023-02-23 13:28:00,480.0,528.75,1008.75
2023-02-23 13:29:00,682.5,416.25,1098.75
2023-02-23 13:30:00,971.25,217.5,1188.75
2023-02-23 13:31:00,926.25,247.5,1173.75
2023-02-23 13:32:00,806.25,371.25,1177.5
2023-02-23 13:33:00,821.25,371.25,1192.5
2023-02-23 13:34:00,851.25,352.5,1203.75
2023-02-23 13:35:00,780.0,442.5,1222.5
2023-02-23 13:36:00,851.25,341.25,1192.5
2023-02-23 13:37:00,1173.75,142.5,1316.25
2023-02-23 13:38:00,1383.75,7.5,1391.25
2023-02-23 13:39:00,1305.0,90.0,1395.0
2023-02-23 13:40:00,1462.5,-86.25,1376.25
2023-02-23 13:41:00,1451.25,-67.5,1383.75
2023-02-23 13:42:00,1368.75,153.75,1522.5
2023-02-23 13:43:00,1140.0,345.0,1485.0
2023-02-23 13:44:00,828.75,513.75,1342.5
2023-02-23 13:45:00,270.0,870.0,1140.0
2023-02-23 13:46:00,446.25,742.5,1188.75
2023-02-23 13:47:00,108.75,960.0,1068.75
2023-02-23 13:48:00,337.5,877.5,1215.0
2023-02-23 13:49:00,150.0,926.25,1076.25
2023-02-23 13:50:00,-146.25,1065.0,918.75
2023-02-23 13:51:00,-420.0,1151.25,731.25
2023-02-23 13:52:00,-1147.5,1372.5,225.0
2023-02-23 13:53:00,-562.5,1233.75,671.25
2023-02-23 13:54:00,-435.0,1188.75,753.75
2023-02-23 13:55:00,-600.0,1230.0,630.0
2023-02-23 13:56:00,251.25,1005.0,1256.25
2023-02-23 13:57:00,382.5,918.75,1301.25
2023-02-23 13:58:00,93.75,1076.25,1170.0
2023-02-23 13:59:00,-288.75,1196.25,907.5
2023-02-23 14:00:00,228.75,1016.25,1245.0
2023-02-23 14:01:00,131.25,1023.75,1155.0
2023-02-23 14:02:00,-228.75,1136.25,907.5
2023-02-23 14:03:00,-172.5,1113.75,941.25
2023-02-23 14:04:00,172.5,1038.75,1211.25
2023-02-23 14:05:00,232.5,1016.25,1248.75
2023-02-23 14:06:00,517.5,870.0,1387.5
2023-02-23 14:07:00,180.0,1050.0,1230.0
2023-02-23 14:08:00,251.25,1016.25,1267.5
2023-02-23 14:09:00,-120.0,1132.5,1012.5
2023-02-23 14:10:00,412.5,941.25,1353.75
2023-02-23 14:11:00,540.0,903.75,1443.75
2023-02-23 14:12:00,285.0,1027.5,1312.5
2023-02-23 14:13:00,195.0,1046.25,1241.25
2023-02-23 14:14:00,375.0,978.75,1353.75
2023-02-23 14:15:00,330.0,986.25,1316.25
2023-02-23 14:16:00,663.75,877.5,1541.25
2023-02-23 14:17:00,307.5,1046.25,1353.75
2023-02-23 14:18:00,-206.25,1162.5,956.25
2023-02-23 14:19:00,127.5,1143.75,1271.25
2023-02-23 14:20:00,888.75,885.0,1773.75
2023-02-23 14:21:00,498.75,986.25,1485.0
2023-02-23 14:22:00,577.5,1008.75,1586.25
2023-02-23 14:23:00,836.25,840.0,1676.25
2023-02-23 14:24:00,558.75,1042.5,1601.25
2023-02-23 14:25:00,423.75,1087.5,1511.25
2023-02-23 14:26:00,783.75,941.25,1725.0
2023-02-23 14:27:00,1260.0,708.75,1968.75
2023-02-23 14:28:00,1507.5,461.25,1968.75
2023-02-23 14:29:00,1428.75,607.5,2036.25
2023-02-23 14:30:00,1185.0,802.5,1987.5
2023-02-23 14:31:00,952.5,956.25,1908.75
2023-02-23 14:32:00,1833.75,273.75,2107.5
2023-02-23 14:33:00,1331.25,806.25,2137.5
2023-02-23 14:34:00,1290.0,795.0,2085.0
2023-02-23 14:35:00,1728.75,495.0,2223.75
2023-02-23 14:36:00,1706.25,585.0,2291.25
2023-02-23 14:37:00,1680.0,611.25,2291.25
2023-02-23 14:38:00,2002.5,363.75,2366.25
2023-02-23 14:39:00,2167.5,213.75,2381.25
2023-02-23 14:40:00,2152.5,243.75,2396.25
2023-02-23 14:41:00,2070.0,300.0,2370.0
2023-02-23 14:42:00,1867.5,761.25,2628.75
2023-02-23 14:43:00,2115.0,513.75,2628.75
2023-02-23 14:44:00,2238.75,528.75,2767.5
2023-02-23 14:45:00,2276.25,491.25,2767.5
2023-02-23 14:46:00,1923.75,986.25,2910.0
2023-02-23 14:47:00,2137.5,900.0,3037.5
2023-02-23 14:48:00,2066.25,1001.25,3067.5
2023-02-23 14:49:00,2197.5,888.75,3086.25
2023-02-23 14:50:00,2130.0,952.5,3082.5
2023-02-23 14:51:00,2336.25,828.75,3165.0
2023-02-23 14:52:00,2272.5,963.75,3236.25
2023-02-23 14:53:00,2411.25,840.0,3251.25
2023-02-23 14:54:00,2452.5,851.25,3303.75
2023-02-23 14:55:00,2508.75,761.25,3270.0
2023-02-23 14:56:00,2441.25,915.0,3356.25
2023-02-23 14:57:00,2433.75,877.5,3311.25
2023-02-23 14:58:00,2182.5,1053.75,3236.25
2023-02-23 14:59:00,2253.75,1331.25,3585.0
2023-02-23 15:00:00,1848.75,1466.25,3315.0
2023-02-23 15:01:00,2955.0,532.5,3487.5
2023-02-23 15:02:00,3056.25,-82.5,2973.75
2023-02-23 15:03:00,3131.25,-753.75,2377.5
2023-02-23 15:04:00,3157.5,-1286.25,1871.25
2023-02-23 15:05:00,3176.25,-2088.75,1087.5
2023-02-23 15:06:00,3176.25,-1691.25,1485.0
2023-02-23 15:07:00,3176.25,-1672.5,1503.75
2023-02-23 15:08:00,3191.25,-1293.75,1897.5
2023-02-23 15:09:00,3195.0,-1323.75,1871.25
2023-02-23 15:10:00,3195.0,-682.5,2512.5
2023-02-23 15:11:00,3198.75,-986.25,2212.5
2023-02-23 15:12:00,3198.75,-1511.25,1687.5
2023-02-23 15:13:00,3202.5,-1848.75,1353.75
2023-02-23 15:14:00,3210.0,-1248.75,1961.25
2023-02-23 15:15:00,3210.0,-1432.5,1777.5
2023-02-23 15:16:00,3210.0,-1597.5,1612.5
2023-02-23 15:17:00,3213.75,-1395.0,1818.75
2023-02-23 15:18:00,3213.75,-1211.25,2002.5
2023-02-23 15:19:00,3213.75,-1173.75,2040.0
2023-02-23 15:20:00,3213.75,-1012.5,2201.25
2023-02-23 15:21:00,3213.75,-1012.5,2201.25
2023-02-23 15:22:00,3213.75,-1012.5,2201.25
2023-02-23 15:23:00,3213.75,-1012.5,2201.25
2023-02-23 15:24:00,3213.75,-1012.5,2201.25
2023-02-23 15:25:00,3213.75,-1012.5,2201.25
2023-02-23 15:26:00,3213.75,-1012.5,2201.25
2023-02-23 15:27:00,3213.75,-1012.5,2201.25
2023-02-23 15:28:00,3213.75,-1012.5,2201.25
2023-02-23 15:29:00,3213.75,-1012.5,2201.25
2023-02-23 15:30:00,3213.75,-1012.5,2201.25
2023-03-02 10:15:00,0.0,0.0,0.0
2023-03-02 10:16:00,52.5,-67.5,-15.0
2023-03-02 10:17:00,-56.25,30.0,-26.25
2023-03-02 10:18:00,-7.5,26.25,18.75
2023-03-02 10:19:00,48.75,-30.0,18.75
2023-03-02 10:20:00,52.5,-33.75,18.75
2023-03-02 10:21:00,56.25,-41.25,15.0
2023-03-02 10:22:00,-82.5,37.5,-45.0
2023-03-02 10:23:00,-108.75,48.75,-60.0
2023-03-02 10:24:00,-52.5,30.0,-22.5
2023-03-02 10:25:00,-78.75,60.0,-18.75
2023-03-02 10:26:00,-176.25,123.75,-52.5
2023-03-02 10:27:00,-255.0,232.5,-22.5
2023-03-02 10:28:00,-285.0,292.5,7.5
2023-03-02 10:29:00,-191.25,243.75,52.5
2023-03-02 10:30:00,-210.0,266.25,56.25
2023-03-02 10:31:00,-296.25,356.25,60.0
2023-03-02 10:32:00,-266.25,367.5,101.25
2023-03-02 10:33:00,-363.75,427.5,63.75
2023-03-02 10:34:00,-382.5,457.5,75.0
2023-03-02 10:35:00,-326.25,427.5,101.25
2023-03-02 10:36:00,-363.75,435.0,71.25
2023-03-02 10:37:00,-288.75,412.5,123.75
2023-03-02 10:38:00,-386.25,480.0,93.75
2023-03-02 10:39:00,-416.25,480.0,63.75
2023-03-02 10:40:00,-416.25,487.5,71.25
2023-03-02 10:41:00,-322.5,438.75,116.25
2023-03-02 10:42:00,-330.0,465.0,135.0
2023-03-02 10:43:00,-423.75,540.0,116.25
2023-03-02 10:44:00,-303.75,513.75,210.0
2023-03-02 10:45:00,-303.75,506.25,202.5
2023-03-02 10:46:00,-266.25,483.75,217.5
2023-03-02 10:47:00,-142.5,435.0,292.5
2023-03-02 10:48:00,45.0,352.5,397.5
2023-03-02 10:49:00,-71.25,423.75,352.5
2023-03-02 10:50:00,-56.25,412.5,356.25
2023-03-02 10:51:00,18.75,405.0,423.75
2023-03-02 10:52:00,86.25,397.5,483.75
2023-03-02 10:53:00,116.25,375.0,491.25
2023-03-02 10:54:00,120.0,345.0,465.0
2023-03-02 10:55:00,266.25,281.25,547.5
2023-03-02 10:56:00,213.75,326.25,540.0
2023-03-02 10:57:00,315.0,255.0,570.0
2023-03-02 10:58:00,266.25,296.25,562.5
2023-03-02 10:59:00,213.75,345.0,558.75
2023-03-02 11:00:00,168.75,420.0,588.75
2023-03-02 11:01:00,75.0,495.0,570.0
2023-03-02 11:02:00,-7.5,521.25,513.75
2023-03-02 11:03:00,108.75,468.75,577.5
2023-03-02 11:04:00,142.5,450.0,592.5
2023-03-02 11:05:00,63.75,483.75,547.5
2023-03-02 11:06:00,243.75,371.25,615.0
2023-03-02 11:07:00,228.75,382.5,611.25
2023-03-02 11:08:00,221.25,386.25,607.5
2023-03-02 11:09:00,191.25,416.25,607.5
2023-03-02 11:10:00,213.75,408.75,622.5
2023-03-02 11:11:00,277.5,386.25,663.75
2023-03-02 11:12:00,270.0,393.75,663.75
2023-03-02 11:13:00,258.75,401.25,660.0
2023-03-02 11:14:00,277.5,401.25,678.75
2023-03-02 11:15:00,71.25,525.0,596.25
2023-03-02 11:16:00,22.5,525.0,547.5
2023-03-02 11:17:00,213.75,450.0,663.75
2023-03-02 11:18:00,172.5,468.75,641.25
2023-03-02 11:19:00,187.5,476.25,663.75
2023-03-02 11:20:00,195.0,472.5,667.5
2023-03-02 11:21:00,281.25,423.75,705.0
2023-03-02 11:22:00,288.75,431.25,720.0
2023-03-02 11:23:00,281.25,446.25,727.5
2023-03-02 11:24:00,285.0,446.25,731.25
2023-03-02 11:25:00,270.0,438.75,708.75
2023-03-02 11:26:00,292.5,435.0,727.5
2023-03-02 11:27:00,236.25,476.25,712.5
2023-03-02 11:28:00,195.0,491.25,686.25
2023-03-02 11:29:00,172.5,506.25,678.75
2023-03-02 11:30:00,165.0,506.25,671.25
2023-03-02 11:31:00,187.5,495.0,682.5
2023-03-02 11:32:00,221.25,491.25,712.5
2023-03-02 11:33:00,221.25,506.25,727.5
2023-03-02 11:34:00,183.75,532.5,716.25
2023-03-02 11:35:00,198.75,528.75,727.5
2023-03-02 11:36:00,210.0,525.0,735.0
2023-03-02 11:37:00,138.75,540.0,678.75
2023-03-02 11:38:00,97.5,536.25,633.75
2023-03-02 11:39:00,108.75,577.5,686.25
2023-03-02 11:40:00,146.25,577.5,723.75
2023-03-02 11:41:00,172.5,566.25,738.75
2023-03-02 11:42:00,71.25,596.25,667.5
2023-03-02 11:43:00,71.25,607.5,678.75
2023-03-02 11:44:00,86.25,600.0,686.25
2023-03-02 11:45:00,150.0,585.0,735.0
2023-03-02 11:46:00,120.0,585.0,705.0
2023-03-02 11:47:00,150.0,588.75,738.75
2023-03-02 11:48:00,93.75,641.25,735.0
2023-03-02 11:49:00,161.25,600.0,761.25
2023-03-02 11:50:00,150.0,615.0,765.0
2023-03-02 11:51:00,127.5,626.25,753.75
2023-03-02 11:52:00,172.5,622.5,795.0
2023-03-02 11:53:00,236.25,603.75,840.0
2023-03-02 11:54:00,161.25,633.75,795.0
2023-03-02 11:55:00,180.0,626.25,806.25
2023-03-02 11:56:00,138.75,660.0,798.75
2023-03-02 11:57:00,67.5,701.25,768.75
2023-03-02 11:58:00,48.75,716.25,765.0
2023-03-02 11:59:00,-15.0,742.5,727.5
2023-03-02 12:00:00,-30.0,746.25,716.25
2023-03-02 12:01:00,-41.25,738.75,697.5
2023-03-02 12:02:00,26.25,716.25,742.5
2023-03-02 12:03:00,18.75,727.5,746.25
2023-03-02 12:04:00,-157.5,750.0,592.5
2023-03-02 12:05:00,-262.5,753.75,491.25
2023-03-02 12:06:00,-465.0,798.75,333.75
2023-03-02 12:07:00,-491.25,817.5,326.25
2023-03-02 12:08:00,-367.5,787.5,420.0
2023-03-02 12:09:00,-266.25,761.25,495.0
2023-03-02 12:10:00,-78.75,738.75,660.0
2023-03-02 12:11:00,-311.25,776.25,465.0
2023-03-02 12:12:00,-247.5,761.25,513.75
2023-03-02 12:13:00,-307.5,780.0,472.5
2023-03-02 12:14:00,-330.0,776.25,446.25
2023-03-02 12:15:00,-101.25,753.75,652.5
2023-03-02 12:16:00,311.25,641.25,952.5
2023-03-02 12:17:00,157.5,731.25,888.75
2023-03-02 12:18:00,146.25,686.25,832.5
2023-03-02 12:19:00,112.5,716.25,828.75
2023-03-02 12:20:00,-90.0,735.0,645.0
2023-03-02 12:21:00,105.0,712.5,817.5
2023-03-02 12:22:00,105.0,701.25,806.25
2023-03-02 12:23:00,206.25,690.0,896.25
2023-03-02 12:24:00,120.0,690.0,810.0
2023-03-02 12:25:00,93.75,705.0,798.75
2023-03-02 12:26:00,97.5,697.5,795.0
2023-03-02 12:27:00,180.0,682.5,862.5
2023-03-02 12:28:00,210.0,678.75,888.75
2023-03-02 12:29:00,198.75,682.5,881.25
2023-03-02 12:30:00,150.0,708.75,858.75
2023-03-02 12:31:00,135.0,712.5,847.5
2023-03-02 12:32:00,191.25,697.5,888.75
2023-03-02 12:33:00,116.25,716.25,832.5
2023-03-02 12:34:00,75.0,731.25,806.25
2023-03-02 12:35:00,56.25,753.75,810.0
2023-03-02 12:36:00,33.75,753.75,787.5
2023-03-02 12:37:00,60.0,746.25,806.25
2023-03-02 12:38:00,172.5,723.75,896.25
2023-03-02 12:39:00,142.5,720.0,862.5
2023-03-02 12:40:00,191.25,716.25,907.5
2023-03-02 12:41:00,202.5,712.5,915.0
2023-03-02 12:42:00,176.25,727.5,903.75
2023-03-02 12:43:00,138.75,742.5,881.25
2023-03-02 12:44:00,142.5,738.75,881.25
2023-03-02 12:45:00,195.0,723.75,918.75
2023-03-02 12:46:00,270.0,712.5,982.5
2023-03-02 12:47:00,363.75,686.25,1050.0
2023-03-02 12:48:00,382.5,690.0,1072.5
2023-03-02 12:49:00,281.25,727.5,1008.75
2023-03-02 12:50:00,127.5,776.25,903.75
2023-03-02 12:51:00,142.5,746.25,888.75
2023-03-02 12:52:00,90.0,757.5,847.5
2023-03-02 12:53:00,243.75,750.0,993.75
2023-03-02 12:54:00,202.5,753.75,956.25
2023-03-02 12:55:00,300.0,727.5,1027.5
2023-03-02 12:56:00,251.25,731.25,982.5
2023-03-02 12:57:00,348.75,720.0,1068.75
2023-03-02 12:58:00,393.75,686.25,1080.0
2023-03-02 12:59:00,435.0,697.5,1132.5
2023-03-02 13:00:00,453.75,690.0,1143.75
2023-03-02 13:01:00,296.25,772.5,1068.75
2023-03-02 13:02:00,390.0,746.25,1136.25
2023-03-02 13:03:00,510.0,716.25,1226.25
2023-03-02 13:04:00,675.0,633.75,1308.75
2023-03-02 13:05:00,783.75,611.25,1395.0
2023-03-02 13:06:00,720.0,603.75,1323.75
2023-03-02 13:07:00,693.75,656.25,1350.0
2023-03-02 13:08:00,750.0,607.5,1357.5
2023-03-02 13:09:00,843.75,566.25,1410.0
2023-03-02 13:10:00,840.0,596.25,1436.25
2023-03-02 13:11:00,802.5,622.5,1425.0
2023-03-02 13:12:00,772.5,641.25,1413.75
2023-03-02 13:13:00,855.0,600.0,1455.0
2023-03-02 13:14:00,873.75,600.0,1473.75
2023-03-02 13:15:00,937.5,547.5,1485.0
2023-03-02 13:16:00,885.0,577.5,1462.5
2023-03-02 13:17:00,870.0,603.75,1473.75
2023-03-02 13:18:00,858.75,626.25,1485.0
2023-03-02 13:19:00,828.75,611.25,1440.0
2023-03-02 13:20:00,840.0,615.0,1455.0
2023-03-02 13:21:00,843.75,592.5,1436.25
2023-03-02 13:22:00,780.0,690.0,1470.0
2023-03-02 13:23:00,791.25,686.25,1477.5
2023-03-02 13:24:00,806.25,701.25,1507.5
2023-03-02 13:25:00,817.5,682.5,1500.0
2023-03-02 13:26:00,855.0,641.25,1496.25
2023-03-02 13:27:00,900.0,607.5,1507.5
2023-03-02 13:28:00,888.75,611.25,1500.0
2023-03-02 13:29:00,892.5,615.0,1507.5
2023-03-02 13:30:00,885.0,607.5,1492.5
2023-03-02 13:31:00,926.25,585.0,1511.25
2023-03-02 13:32:00,948.75,543.75,1492.5
2023-03-02 13:33:00,1087.5,322.5,1410.0
2023-03-02 13:34:00,1106.25,251.25,1357.5
2023-03-02 13:35:00,1117.5,266.25,1383.75
2023-03-02 13:36:00,1158.75,108.75,1267.5
2023-03-02 13:37:00,1173.75,191.25,1365.0
2023-03-02 13:38:00,1143.75,228.75,1372.5
2023-03-02 13:39:00,1147.5,176.25,1323.75
2023-03-02 13:40:00,1143.75,161.25,1305.0
2023-03-02 13:41:00,1155.0,48.75,1203.75
2023-03-02 13:42:00,1151.25,213.75,1365.0
2023-03-02 13:43:00,1140.0,165.0,1305.0
2023-03-02 13:44:00,1166.25,146.25,1312.5
2023-03-02 13:45:00,1203.75,-15.0,1188.75
2023-03-02 13:46:00,1188.75,93.75,1282.5
2023-03-02 13:47:00,1188.75,37.5,1226.25
2023-03-02 13:48:00,1170.0,150.0,1320.0
2023-03-02 13:49:00,1147.5,206.25,1353.75
2023-03-02 13:50:00,1151.25,161.25,1312.5
2023-03-02 13:51:00,1151.25,135.0,1286.25
2023-03-02 13:52:00,1181.25,7.5,1188.75
2023-03-02 13:53:00,1188.75,82.5,1271.25
2023-03-02 13:54:00,1181.25,93.75,1275.0
2023-03-02 13:55:00,1181.25,142.5,1323.75
2023-03-02 13:56:00,1158.75,176.25,1335.0
2023-03-02 13:57:00,1166.25,150.0,1316.25
2023-03-02 13:58:00,1177.5,127.5,1305.0
2023-03-02 13:59:00,1188.75,112.5,1301.25
2023-03-02 14:00:00,1196.25,101.25,1297.5
2023-03-02 14:01:00,1211.25,127.5,1338.75
2023-03-02 14:02:00,1230.0,-3.75,1226.25
2023-03-02 14:03:00,1252.5,-7.5,1245.0
2023-03-02 14:04:00,1275.0,-180.0,1095.0
2023-03-02 14:05:00,1263.75,-37.5,1226.25
2023-03-02 14:06:00,1256.25,-97.5,1158.75
2023-03-02 14:07:00,1248.75,37.5,1286.25
2023-03-02 14:08:00,1245.0,56.25,1301.25
2023-03-02 14:09:00,1252.5,-15.0,1237.5
2023-03-02 14:10:00,1252.5,41.25,1293.75
2023-03-02 14:11:00,1230.0,105.0,1335.0
2023-03-02 14:12:00,1181.25,498.75,1680.0
2023-03-02 14:13:00,1166.25,637.5,1803.75
2023-03-02 14:14:00,1196.25,562.5,1758.75
2023-03-02 14:15:00,1196.25,585.0,1781.25
2023-03-02 14:16:00,1226.25,532.5,1758.75
2023-03-02 14:17:00,1260.0,502.5,1762.5
2023-03-02 14:18:00,1252.5,446.25,1698.75
2023-03-02 14:19:00,1248.75,442.5,1691.25
2023-03-02 14:20:00,1237.5,521.25,1758.75
2023-03-02 14:21:00,1222.5,671.25,1893.75
2023-03-02 14:22:00,1203.75,727.5,1931.25
2023-03-02 14:23:00,1203.75,753.75,1957.5
2023-03-02 14:24:00,1233.75,757.5,1991.25
2023-03-02 14:25:00,1260.0,716.25,1976.25
2023-03-02 14:26:00,1275.0,663.75,1938.75
2023-03-02 14:27:00,1290.0,607.5,1897.5
2023-03-02 14:28:00,1286.25,705.0,1991.25
2023-03-02 14:29:00,1263.75,708.75,1972.5
2023-03-02 14:30:00,1278.75,697.5,1976.25
2023-03-02 14:31:00,1263.75,723.75,1987.5
2023-03-02 14:32:00,1305.0,618.75,1923.75
2023-03-02 14:33:00,1286.25,750.0,2036.25
2023-03-02 14:34:00,1301.25,720.0,2021.25
2023-03-02 14:35:00,1293.75,753.75,2047.5
2023-03-02 14:36:00,1308.75,607.5,1916.25
2023-03-02 14:37:00,1320.0,532.5,1852.5
2023-03-02 14:38:00,1320.0,596.25,1916.25
2023-03-02 14:39:00,1323.75,682.5,2006.25
2023-03-02 14:40:00,1323.75,645.0,1968.75
2023-03-02 14:41:00,1331.25,690.0,2021.25
2023-03-02 14:42:00,1327.5,637.5,1965.0
2023-03-02 14:43:00,1331.25,615.0,1946.25
2023-03-02 14:44:00,1338.75,637.5,1976.25
2023-03-02 14:45:00,1342.5,626.25,1968.75
2023-03-02 14:46:00,1346.25,660.0,2006.25
2023-03-02 14:47:00,1353.75,686.25,2040.0
2023-03-02 14:48:00,1353.75,738.75,2092.5
2023-03-02 14:49:00,1361.25,772.5,2133.75
2023-03-02 14:50:00,1365.0,750.0,2115.0
2023-03-02 14:51:00,1365.0,727.5,2092.5
2023-03-02 14:52:00,1368.75,648.75,2017.5
2023-03-02 14:53:00,1365.0,615.0,1980.0
2023-03-02 14:54:00,1361.25,832.5,2193.75
2023-03-02 14:55:00,1365.0,791.25,2156.25
2023-03-02 14:56:00,1368.75,772.5,2141.25
2023-03-02 14:57:00,1365.0,806.25,2171.25
2023-03-02 14:58:00,1365.0,832.5,2197.5
2023-03-02 14:59:00,1365.0,828.75,2193.75
2023-03-02 15:00:00,1338.75,855.0,2193.75
2023-03-02 15:01:00,1365.0,851.25,2216.25
2023-03-02 15:02:00,1372.5,993.75,2366.25
2023-03-02 15:03:00,1372.5,978.75,2351.25
2023-03-02 15:04:00,1380.0,1005.0,2385.0
2023-03-02 15:05:00,1380.0,1020.0,2400.0
2023-03-02 15:06:00,1380.0,1023.75,2403.75
2023-03-02 15:07:00,1383.75,1027.5,2411.25
2023-03-02 15:08:00,1383.75,1027.5,2411.25
2023-03-02 15:09:00,1380.0,1001.25,2381.25
2023-03-02 15:10:00,1383.75,1008.75,2392.5
2023-03-02 15:11:00,1387.5,1027.5,2415.0
2023-03-02 15:12:00,1387.5,1031.25,2418.75
2023-03-02 15:13:00,1387.5,1035.0,2422.5
2023-03-02 15:14:00,1387.5,1038.75,2426.25
2023-03-02 15:15:00,1387.5,1038.75,2426.25
2023-03-02 15:16:00,1387.5,1038.75,2426.25
2023-03-02 15:17:00,1387.5,1042.5,2430.0
2023-03-02 15:18:00,1391.25,1042.5,2433.75
2023-03-02 15:19:00,1391.25,1042.5,2433.75
2023-03-02 15:20:00,1391.25,1042.5,2433.75
2023-03-02 15:21:00,1391.25,1042.5,2433.75
2023-03-02 15:22:00,1391.25,1042.5,2433.75
2023-03-02 15:23:00,1391.25,1042.5,2433.75
2023-03-02 15:24:00,1391.25,1042.5,2433.75
2023-03-02 15:25:00,1391.25,1042.5,2433.75
2023-03-02 15:26:00,1391.25,1042.5,2433.75
2023-03-02 15:27:00,1391.25,1042.5,2433.75
2023-03-02 15:28:00,1391.25,1042.5,2433.75
2023-03-02 15:29:00,1391.25,1042.5,2433.75
2023-03-02 15:30:00,1391.25,1042.5,2433.75
2023-03-09 10:15:00,0.0,0.0,0.0
2023-03-09 10:16:00,33.75,-75.0,-41.25
2023-03-09 10:17:00,33.75,-56.25,-22.5
2023-03-09 10:18:00,-105.0,116.25,11.25
2023-03-09 10:19:00,-63.75,48.75,-15.0
2023-03-09 10:20:00,-45.0,71.25,26.25
2023-03-09 10:21:00,-11.25,37.5,26.25
2023-03-09 10:22:00,-78.75,116.25,37.5
2023-03-09 10:23:00,-202.5,300.0,97.5
2023-03-09 10:24:00,-225.0,303.75,78.75
2023-03-09 10:25:00,-176.25,255.0,78.75
2023-03-09 10:26:00,-270.0,303.75,33.75
2023-03-09 10:27:00,-386.25,435.0,48.75
2023-03-09 10:28:00,-468.75,551.25,82.5
2023-03-09 10:29:00,-558.75,607.5,48.75
2023-03-09 10:30:00,-705.0,693.75,-11.25
2023-03-09 10:31:00,-457.5,468.75,11.25
2023-03-09 10:32:00,-423.75,386.25,-37.5
2023-03-09 10:33:00,-483.75,461.25,-22.5
2023-03-09 10:34:00,-585.0,573.75,-11.25
2023-03-09 10:35:00,-532.5,558.75,26.25
2023-03-09 10:36:00,-633.75,723.75,90.0
2023-03-09 10:37:00,-397.5,431.25,33.75
2023-03-09 10:38:00,-412.5,446.25,33.75
2023-03-09 10:39:00,-378.75,408.75,30.0
2023-03-09 10:40:00,-352.5,363.75,11.25
2023-03-09 10:41:00,-337.5,333.75,-3.75
2023-03-09 10:42:00,-378.75,491.25,112.5
2023-03-09 10:43:00,-408.75,528.75,120.0
2023-03-09 10:44:00,-135.0,251.25,116.25
2023-03-09 10:45:00,-93.75,153.75,60.0
2023-03-09 10:46:00,-270.0,423.75,153.75
2023-03-09 10:47:00,-202.5,318.75,116.25
2023-03-09 10:48:00,-322.5,506.25,183.75
2023-03-09 10:49:00,-318.75,468.75,150.0
2023-03-09 10:50:00,-382.5,521.25,138.75
2023-03-09 10:51:00,-356.25,483.75,127.5
2023-03-09 10:52:00,-315.0,483.75,168.75
2023-03-09 10:53:00,-348.75,573.75,225.0
2023-03-09 10:54:00,-420.0,678.75,258.75
2023-03-09 10:55:00,-408.75,716.25,307.5
2023-03-09 10:56:00,-315.0,588.75,273.75
2023-03-09 10:57:00,-386.25,716.25,330.0
2023-03-09 10:58:00,-300.0,648.75,348.75
2023-03-09 10:59:00,-333.75,708.75,375.0
2023-03-09 11:00:00,-386.25,918.75,532.5
2023-03-09 11:01:00,-423.75,1091.25,667.5
2023-03-09 11:02:00,-337.5,888.75,551.25
2023-03-09 11:03:00,-378.75,956.25,577.5
2023-03-09 11:04:00,-390.0,978.75,588.75
2023-03-09 11:05:00,-416.25,1046.25,630.0
2023-03-09 11:06:00,-558.75,1181.25,622.5
2023-03-09 11:07:00,-607.5,1218.75,611.25
2023-03-09 11:08:00,-596.25,1256.25,660.0
2023-03-09 11:09:00,-513.75,1181.25,667.5
2023-03-09 11:10:00,-581.25,1278.75,697.5
2023-03-09 11:11:00,-566.25,1211.25,645.0
2023-03-09 11:12:00,-581.25,1241.25,660.0
2023-03-09 11:13:00,-701.25,1331.25,630.0
2023-03-09 11:14:00,-693.75,1346.25,652.5
2023-03-09 11:15:00,-810.0,1398.75,588.75
2023-03-09 11:16:00,-926.25,1511.25,585.0
2023-03-09 11:17:00,-787.5,1421.25,633.75
2023-03-09 11:18:00,-753.75,1346.25,592.5
2023-03-09 11:19:00,-491.25,1166.25,675.0
2023-03-09 11:20:00,-705.0,1421.25,716.25
2023-03-09 11:21:00,-870.0,1458.75,588.75
2023-03-09 11:22:00,-937.5,1436.25,498.75
2023-03-09 11:23:00,-1061.25,1511.25,450.0
2023-03-09 11:24:00,-1121.25,1548.75,427.5
2023-03-09 11:25:00,-1263.75,1631.25,367.5
2023-03-09 11:26:00,-1248.75,1638.75,390.0
2023-03-09 11:27:00,-1312.5,1601.25,288.75
2023-03-09 11:28:00,-1271.25,1578.75,307.5
2023-03-09 11:29:00,-1162.5,1563.75,401.25
2023-03-09 11:30:00,-1391.25,1668.75,277.5
2023-03-09 11:31:00,-1552.5,1751.25,198.75
2023-03-09 11:32:00,-1635.0,1833.75,198.75
2023-03-09 11:33:00,-1571.25,1781.25,210.0
2023-03-09 11:34:00,-1470.0,1751.25,281.25
2023-03-09 11:35:00,-1417.5,1743.75,326.25
2023-03-09 11:36:00,-1241.25,1698.75,457.5
2023-03-09 11:37:00,-1132.5,1638.75,506.25
2023-03-09 11:38:00,-1087.5,1623.75,536.25
2023-03-09 11:39:00,-1215.0,1661.25,446.25
2023-03-09 11:40:00,-1342.5,1706.25,363.75
2023-03-09 11:41:00,-1533.75,1788.75,255.0
2023-03-09 11:42:00,-1350.0,1736.25,386.25
2023-03-09 11:43:00,-1080.0,1631.25,551.25
2023-03-09 11:44:00,-1275.0,1698.75,423.75
2023-03-09 11:45:00,-1233.75,1691.25,457.5
2023-03-09 11:46:00,-1083.75,1638.75,555.0
2023-03-09 11:47:00,-1113.75,1638.75,525.0
2023-03-09 11:48:00,-960.0,1586.25,626.25
2023-03-09 11:49:00,-866.25,1571.25,705.0
2023-03-09 11:50:00,-967.5,1623.75,656.25
2023-03-09 11:51:00,-986.25,1616.25,630.0
2023-03-09 11:52:00,-750.0,1548.75,798.75
2023-03-09 11:53:00,-682.5,1488.75,806.25
2023-03-09 11:54:00,-431.25,1316.25,885.0
2023-03-09 11:55:00,-345.0,1241.25,896.25
2023-03-09 11:56:00,-386.25,1398.75,1012.5
2023-03-09 11:57:00,-337.5,1323.75,986.25
2023-03-09 11:58:00,-382.5,1353.75,971.25
2023-03-09 11:59:00,-277.5,1226.25,948.75
2023-03-09 12:00:00,-277.5,1271.25,993.75
2023-03-09 12:01:00,-281.25,1263.75,982.5
2023-03-09 12:02:00,-3.75,1023.75,1020.0
2023-03-09 12:03:00,101.25,836.25,937.5
2023-03-09 12:04:00,180.0,858.75,1038.75
2023-03-09 12:05:00,333.75,558.75,892.5
2023-03-09 12:06:00,292.5,686.25,978.75
2023-03-09 12:07:00,251.25,723.75,975.0
2023-03-09 12:08:00,240.0,663.75,903.75
2023-03-09 12:09:00,225.0,701.25,926.25
2023-03-09 12:10:00,213.75,858.75,1072.5
2023-03-09 12:11:00,161.25,1016.25,1177.5
2023-03-09 12:12:00,187.5,858.75,1046.25
2023-03-09 12:13:00,206.25,881.25,1087.5
2023-03-09 12:14:00,210.0,888.75,1098.75
2023-03-09 12:15:00,296.25,746.25,1042.5
2023-03-09 12:16:00,513.75,438.75,952.5
2023-03-09 12:17:00,498.75,318.75,817.5
2023-03-09 12:18:00,513.75,251.25,765.0
2023-03-09 12:19:00,480.0,303.75,783.75
2023-03-09 12:20:00,566.25,101.25,667.5
2023-03-09 12:21:00,615.0,-213.75,401.25
2023-03-09 12:22:00,592.5,-78.75,513.75
2023-03-09 12:23:00,495.0,491.25,986.25
2023-03-09 12:24:00,510.0,348.75,858.75
2023-03-09 12:25:00,495.0,311.25,806.25
2023-03-09 12:26:00,495.0,386.25,881.25
2023-03-09 12:27:00,585.0,101.25,686.25
2023-03-09 12:28:00,682.5,-138.75,543.75
2023-03-09 12:29:00,705.0,-213.75,491.25
2023-03-09 12:30:00,663.75,-101.25,562.5
2023-03-09 12:31:00,768.75,-461.25,307.5
2023-03-09 12:32:00,716.25,-138.75,577.5
2023-03-09 12:33:00,772.5,-333.75,438.75
2023-03-09 12:34:00,817.5,-431.25,386.25
2023-03-09 12:35:00,832.5,-566.25,266.25
2023-03-09 12:36:00,802.5,-378.75,423.75
2023-03-09 12:37:00,787.5,-311.25,476.25
2023-03-09 12:38:00,761.25,-93.75,667.5
2023-03-09 12:39:00,735.0,-48.75,686.25
2023-03-09 12:40:00,757.5,-318.75,438.75
2023-03-09 12:41:00,671.25,78.75,750.0
2023-03-09 12:42:00,592.5,251.25,843.75
2023-03-09 12:43:00,765.0,-288.75,476.25
2023-03-09 12:44:00,746.25,-288.75,457.5
2023-03-09 12:45:00,727.5,-258.75,468.75
2023-03-09 12:46:00,768.75,-401.25,367.5
2023-03-09 12:47:00,727.5,-213.75,513.75
2023-03-09 12:48:00,716.25,-183.75,532.5
2023-03-09 12:49:00,761.25,-356.25,405.0
2023-03-09 12:50:00,903.75,-1173.75,-270.0
2023-03-09 12:51:00,900.0,-888.75,11.25
2023-03-09 12:52:00,866.25,-731.25,135.0
2023-03-09 12:53:00,888.75,-903.75,-15.0
2023-03-09 12:54:00,858.75,-746.25,112.5
2023-03-09 12:55:00,840.0,-648.75,191.25
2023-03-09 12:56:00,716.25,116.25,832.5
2023-03-09 12:57:00,716.25,33.75,750.0
2023-03-09 12:58:00,630.0,453.75,1083.75
2023-03-09 12:59:00,705.0,303.75,1008.75
2023-03-09 13:00:00,603.75,648.75,1252.5
2023-03-09 13:01:00,641.25,558.75,1200.0
2023-03-09 13:02:00,577.5,783.75,1361.25
2023-03-09 13:03:00,585.0,738.75,1323.75
2023-03-09 13:04:00,622.5,693.75,1316.25
2023-03-09 13:05:00,735.0,393.75,1128.75
2023-03-09 13:06:00,690.0,513.75,1203.75
2023-03-09 13:07:00,795.0,168.75,963.75
2023-03-09 13:08:00,843.75,123.75,967.5
2023-03-09 13:09:00,843.75,93.75,937.5
2023-03-09 13:10:00,828.75,243.75,1072.5
2023-03-09 13:11:00,821.25,258.75,1080.0
2023-03-09 13:12:00,832.5,221.25,1053.75
2023-03-09 13:13:00,836.25,251.25,1087.5
2023-03-09 13:14:00,862.5,213.75,1076.25
2023-03-09 13:15:00,945.0,-131.25,813.75
2023-03-09 13:16:00,937.5,-228.75,708.75
2023-03-09 13:17:00,926.25,-123.75,802.5
2023-03-09 13:18:00,866.25,191.25,1057.5
2023-03-09 13:19:00,945.0,-78.75,866.25
2023-03-09 13:20:00,903.75,41.25,945.0
2023-03-09 13:21:00,802.5,498.75,1301.25
2023-03-09 13:22:00,881.25,213.75,1095.0
2023-03-09 13:23:00,922.5,-26.25,896.25
2023-03-09 13:24:00,926.25,-116.25,810.0
2023-03-09 13:25:00,915.0,-86.25,828.75
2023-03-09 13:26:00,907.5,-3.75,903.75
2023-03-09 13:27:00,900.0,48.75,948.75
2023-03-09 13:28:00,888.75,123.75,1012.5
2023-03-09 13:29:00,870.0,116.25,986.25
2023-03-09 13:30:00,806.25,513.75,1320.0
2023-03-09 13:31:00,810.0,401.25,1211.25
2023-03-09 13:32:00,881.25,116.25,997.5
2023-03-09 13:33:00,900.0,26.25,926.25
2023-03-09 13:34:00,922.5,-198.75,723.75
2023-03-09 13:35:00,993.75,-618.75,375.0
2023-03-09 13:36:00,978.75,-348.75,630.0
2023-03-09 13:37:00,1012.5,-633.75,378.75
2023-03-09 13:38:00,1076.25,-926.25,150.0
2023-03-09 13:39:00,1117.5,-1578.75,-461.25
2023-03-09 13:40:00,1132.5,-1638.75,-506.25
2023-03-09 13:41:00,1020.0,-1473.75,-453.75
2023-03-09 13:42:00,1117.5,-1657.5,-540.0
2023-03-09 13:43:00,1316.25,-1852.5,-536.25
2023-03-09 13:44:00,1481.25,-2047.5,-566.25
2023-03-09 13:45:00,1451.25,-1860.0,-408.75
2023-03-09 13:46:00,1500.0,-2145.0,-645.0
2023-03-09 13:47:00,1357.5,-1736.25,-378.75
2023-03-09 13:48:00,1387.5,-1743.75,-356.25
2023-03-09 13:49:00,1372.5,-1725.0,-352.5
2023-03-09 13:50:00,1496.25,-1931.25,-435.0
2023-03-09 13:51:00,1653.75,-2422.5,-768.75
2023-03-09 13:52:00,1653.75,-2223.75,-570.0
2023-03-09 13:53:00,1556.25,-2051.25,-495.0
2023-03-09 13:54:00,1537.5,-2118.75,-581.25
2023-03-09 13:55:00,1477.5,-1923.75,-446.25
2023-03-09 13:56:00,1380.0,-1747.5,-367.5
2023-03-09 13:57:00,1473.75,-1811.25,-337.5
2023-03-09 13:58:00,1541.25,-2040.0,-498.75
2023-03-09 13:59:00,1578.75,-2051.25,-472.5
2023-03-09 14:00:00,1646.25,-2250.0,-603.75
2023-03-09 14:01:00,1668.75,-2403.75,-735.0
2023-03-09 14:02:00,1616.25,-2190.0,-573.75
2023-03-09 14:03:00,1560.0,-2073.75,-513.75
2023-03-09 14:04:00,1563.75,-2085.0,-521.25
2023-03-09 14:05:00,1485.0,-1740.0,-255.0
2023-03-09 14:06:00,1421.25,-1571.25,-150.0
2023-03-09 14:07:00,1417.5,-1552.5,-135.0
2023-03-09 14:08:00,1552.5,-1713.75,-161.25
2023-03-09 14:09:00,1676.25,-1998.75,-322.5
2023-03-09 14:10:00,1578.75,-1740.0,-161.25
2023-03-09 14:11:00,1552.5,-1672.5,-120.0
2023-03-09 14:12:00,1563.75,-1680.0,-116.25
2023-03-09 14:13:00,1443.75,-1425.0,18.75
2023-03-09 14:14:00,1503.75,-1657.5,-153.75
2023-03-09 14:15:00,1541.25,-1687.5,-146.25
2023-03-09 14:16:00,1503.75,-1563.75,-60.0
2023-03-09 14:17:00,1593.75,-1732.5,-138.75
2023-03-09 14:18:00,1706.25,-1931.25,-225.0
2023-03-09 14:19:00,1728.75,-1818.75,-90.0
2023-03-09 14:20:00,1740.0,-1833.75,-93.75
2023-03-09 14:21:00,1743.75,-1852.5,-108.75
2023-03-09 14:22:00,1676.25,-1575.0,101.25
2023-03-09 14:23:00,1638.75,-1511.25,127.5
2023-03-09 14:24:00,1698.75,-1616.25,82.5
2023-03-09 14:25:00,1725.0,-1650.0,75.0
2023-03-09 14:26:00,1653.75,-1402.5,251.25
2023-03-09 14:27:00,1616.25,-1391.25,225.0
2023-03-09 14:28:00,1740.0,-1635.0,105.0
2023-03-09 14:29:00,1848.75,-2010.0,-161.25
2023-03-09 14:30:00,1811.25,-1751.25,60.0
2023-03-09 14:31:00,1912.5,-2253.75,-341.25
2023-03-09 14:32:00,1957.5,-2463.75,-506.25
2023-03-09 14:33:00,1980.0,-2542.5,-562.5
2023-03-09 14:34:00,1968.75,-2445.0,-476.25
2023-03-09 14:35:00,2010.0,-2846.25,-836.25
2023-03-09 14:36:00,1972.5,-2816.25,-843.75
2023-03-09 14:37:00,1927.5,-2801.25,-873.75
2023-03-09 14:38:00,1905.0,-2790.0,-885.0
2023-03-09 14:39:00,1961.25,-2793.75,-832.5
2023-03-09 14:40:00,1938.75,-2793.75,-855.0
2023-03-09 14:41:00,1905.0,-2793.75,-888.75
2023-03-09 14:42:00,1976.25,-2797.5,-821.25
2023-03-09 14:43:00,1965.0,-2793.75,-828.75
2023-03-09 14:44:00,1987.5,-2797.5,-810.0
2023-03-09 14:45:00,1983.75,-2793.75,-810.0
2023-03-09 14:46:00,2028.75,-2797.5,-768.75
2023-03-09 14:47:00,1976.25,-2790.0,-813.75
2023-03-09 14:48:00,2025.0,-2793.75,-768.75
2023-03-09 14:49:00,2006.25,-2786.25,-780.0
2023-03-09 14:50:00,2073.75,-2782.5,-708.75
2023-03-09 14:51:00,2107.5,-2797.5,-690.0
2023-03-09 14:52:00,2111.25,-2793.75,-682.5
2023-03-09 14:53:00,2088.75,-2790.0,-701.25
2023-03-09 14:54:00,2088.75,-2782.5,-693.75
2023-03-09 14:55:00,2107.5,-2786.25,-678.75
2023-03-09 14:56:00,2118.75,-2786.25,-667.5
2023-03-09 14:57:00,2126.25,-2786.25,-660.0
2023-03-09 14:58:00,2126.25,-2793.75,-667.5
2023-03-09 14:59:00,2133.75,-2786.25,-652.5
2023-03-09 15:00:00,2107.5,-2786.25,-678.75
2023-03-09 15:01:00,2171.25,-2790.0,-618.75
2023-03-09 15:02:00,2178.75,-2767.5,-588.75
2023-03-09 15:03:00,2178.75,-2763.75,-585.0
2023-03-09 15:04:00,2190.0,-2760.0,-570.0
2023-03-09 15:05:00,2193.75,-2760.0,-566.25
2023-03-09 15:06:00,2190.0,-2763.75,-573.75
2023-03-09 15:07:00,2193.75,-2763.75,-570.0
2023-03-09 15:08:00,2201.25,-2763.75,-562.5
2023-03-09 15:09:00,2201.25,-2763.75,-562.5
2023-03-09 15:10:00,2197.5,-2767.5,-570.0
2023-03-09 15:11:00,2201.25,-2760.0,-558.75
2023-03-09 15:12:00,2201.25,-2763.75,-562.5
2023-03-09 15:13:00,2197.5,-2760.0,-562.5
2023-03-09 15:14:00,2197.5,-2760.0,-562.5
2023-03-09 15:15:00,2205.0,-2763.75,-558.75
2023-03-09 15:16:00,2205.0,-2760.0,-555.0
2023-03-09 15:17:00,2205.0,-2760.0,-555.0
2023-03-09 15:18:00,2201.25,-2760.0,-558.75
2023-03-09 15:19:00,2208.75,-2756.25,-547.5
2023-03-09 15:20:00,2205.0,-2760.0,-555.0
2023-03-09 15:21:00,2205.0,-2760.0,-555.0
2023-03-09 15:22:00,2205.0,-2760.0,-555.0
2023-03-09 15:23:00,2205.0,-2760.0,-555.0
2023-03-09 15:24:00,2205.0,-2760.0,-555.0
2023-03-09 15:25:00,2205.0,-2760.0,-555.0
2023-03-09 15:26:00,2205.0,-2760.0,-555.0
2023-03-09 15:27:00,2205.0,-2760.0,-555.0
2023-03-09 15:28:00,2205.0,-2760.0,-555.0
2023-03-09 15:29:00,2205.0,-2760.0,-555.0
2023-03-09 15:30:00,2205.0,-2760.0,-555.0
2023-03-16 10:15:00,0.0,0.0,0.0
2023-03-16 10:16:00,-161.25,123.75,-37.5
2023-03-16 10:17:00,-326.25,273.75,-52.5
2023-03-16 10:18:00,-641.25,435.0,-206.25
2023-03-16 10:19:00,-611.25,468.75,-142.5
2023-03-16 10:20:00,-1005.0,671.25,-333.75
2023-03-16 10:21:00,-1458.75,746.25,-712.5
2023-03-16 10:22:00,-1192.5,626.25,-566.25
2023-03-16 10:23:00,-1361.25,682.5,-678.75
2023-03-16 10:24:00,-1612.5,843.75,-768.75
2023-03-16 10:25:00,-2208.75,832.5,-1376.25
2023-03-16 10:26:00,-2355.0,847.5,-1507.5
2023-03-16 10:27:00,-2437.5,888.75,-1548.75
2023-03-16 10:28:00,-2036.25,828.75,-1207.5
2023-03-16 10:29:00,-1923.75,731.25,-1192.5
2023-03-16 10:30:00,-1732.5,735.0,-997.5
2023-03-16 10:31:00,-1275.0,633.75,-641.25
2023-03-16 10:32:00,-1372.5,637.5,-735.0
2023-03-16 10:33:00,-1818.75,795.0,-1023.75
2023-03-16 10:34:00,-1938.75,787.5,-1151.25
2023-03-16 10:35:00,-1916.25,795.0,-1121.25
2023-03-16 10:36:00,-2051.25,847.5,-1203.75
2023-03-16 10:37:00,-2231.25,888.75,-1342.5
2023-03-16 10:38:00,-2835.0,990.0,-1845.0
2023-03-16 10:39:00,-3450.0,1057.5,-2392.5
2023-03-16 10:40:00,-3735.0,1095.0,-2640.0
2023-03-16 10:41:00,-3491.25,971.25,-2520.0
2023-03-16 10:42:00,-3911.25,1185.0,-2726.25
2023-03-16 10:43:00,-4612.5,1717.5,-2895.0
2023-03-16 10:44:00,-3847.5,1305.0,-2542.5
2023-03-16 10:45:00,-3720.0,1151.25,-2568.75
2023-03-16 10:46:00,-3416.25,1008.75,-2407.5
2023-03-16 10:47:00,-2613.75,86.25,-2527.5
2023-03-16 10:48:00,-3382.5,967.5,-2415.0
2023-03-16 10:49:00,-3191.25,757.5,-2433.75
2023-03-16 10:50:00,-3180.0,832.5,-2347.5
2023-03-16 10:51:00,-2970.0,588.75,-2381.25
2023-03-16 10:52:00,-3843.75,1548.75,-2295.0
2023-03-16 10:53:00,-3660.0,1361.25,-2298.75
2023-03-16 10:54:00,-4578.75,2107.5,-2471.25
2023-03-16 10:55:00,-5448.75,2666.25,-2782.5
2023-03-16 10:56:00,-5261.25,2448.75,-2812.5
2023-03-16 10:57:00,-5546.25,2715.0,-2831.25
2023-03-16 10:58:00,-5452.5,2628.75,-2823.75
2023-03-16 10:59:00,-5276.25,2497.5,-2778.75
2023-03-16 11:00:00,-5145.0,2445.0,-2700.0
2023-03-16 11:01:00,-5400.0,2707.5,-2692.5
2023-03-16 11:02:00,-5227.5,2553.75,-2673.75
2023-03-16 11:03:00,-4991.25,2373.75,-2617.5
2023-03-16 11:04:00,-5317.5,2688.75,-2628.75
2023-03-16 11:05:00,-5220.0,2602.5,-2617.5
2023-03-16 11:06:00,-5520.0,3127.5,-2392.5
2023-03-16 11:07:00,-5156.25,2606.25,-2550.0
2023-03-16 11:08:00,-4953.75,2407.5,-2546.25
2023-03-16 11:09:00,-5651.25,3228.75,-2422.5
2023-03-16 11:10:00,-5733.75,3337.5,-2396.25
2023-03-16 11:11:00,-5835.0,3405.0,-2430.0
2023-03-16 11:12:00,-5621.25,3352.5,-2268.75
2023-03-16 11:13:00,-5523.75,3258.75,-2265.0
2023-03-16 11:14:00,-5370.0,3153.75,-2216.25
2023-03-16 11:15:00,-5272.5,3007.5,-2265.0
2023-03-16 11:16:00,-5460.0,3176.25,-2283.75
2023-03-16 11:17:00,-5373.75,3060.0,-2313.75
2023-03-16 11:18:00,-4957.5,2730.0,-2227.5
2023-03-16 11:19:00,-4623.75,2073.75,-2550.0
2023-03-16 11:20:00,-4841.25,2493.75,-2347.5
2023-03-16 11:21:00,-4721.25,2321.25,-2400.0
2023-03-16 11:22:00,-4755.0,2426.25,-2328.75
2023-03-16 11:23:00,-4987.5,2865.0,-2122.5
2023-03-16 11:24:00,-5208.75,3146.25,-2062.5
2023-03-16 11:25:00,-5107.5,2966.25,-2141.25
2023-03-16 11:26:00,-5392.5,3375.0,-2017.5
2023-03-16 11:27:00,-5523.75,3408.75,-2115.0
2023-03-16 11:28:00,-5197.5,3123.75,-2073.75
2023-03-16 11:29:00,-5175.0,3063.75,-2111.25
2023-03-16 11:30:00,-5040.0,2940.0,-2100.0
2023-03-16 11:31:00,-4912.5,2808.75,-2103.75
2023-03-16 11:32:00,-4755.0,2606.25,-2148.75
2023-03-16 11:33:00,-4436.25,2265.0,-2171.25
2023-03-16 11:34:00,-4421.25,2283.75,-2137.5
2023-03-16 11:35:00,-4308.75,2137.5,-2171.25
2023-03-16 11:36:00,-4173.75,1916.25,-2257.5
2023-03-16 11:37:00,-3986.25,1522.5,-2463.75
2023-03-16 11:38:00,-3907.5,1496.25,-2411.25
2023-03-16 11:39:00,-3832.5,1297.5,-2535.0
2023-03-16 11:40:00,-3978.75,1732.5,-2246.25
2023-03-16 11:41:00,-3795.0,1226.25,-2568.75
2023-03-16 11:42:00,-3731.25,1091.25,-2640.0
2023-03-16 11:43:00,-4117.5,2137.5,-1980.0
2023-03-16 11:44:00,-4188.75,2242.5,-1946.25
2023-03-16 11:45:00,-4173.75,2051.25,-2122.5
2023-03-16 11:46:00,-4080.0,1972.5,-2107.5
2023-03-16 11:47:00,-3907.5,1631.25,-2276.25
2023-03-16 11:48:00,-3780.0,1316.25,-2463.75
2023-03-16 11:49:00,-3716.25,1050.0,-2666.25
2023-03-16 11:50:00,-3678.75,1057.5,-2621.25
2023-03-16 11:51:00,-3633.75,862.5,-2771.25
2023-03-16 11:52:00,-3611.25,806.25,-2805.0
2023-03-16 11:53:00,-3592.5,926.25,-2666.25
2023-03-16 11:54:00,-3596.25,832.5,-2763.75
2023-03-16 11:55:00,-3626.25,892.5,-2733.75
2023-03-16 11:56:00,-3558.75,750.0,-2808.75
2023-03-16 11:57:00,-3562.5,675.0,-2887.5
2023-03-16 11:58:00,-3637.5,1050.0,-2587.5
2023-03-16 11:59:00,-3607.5,866.25,-2741.25
2023-03-16 12:00:00,-3592.5,798.75,-2793.75
2023-03-16 12:01:00,-3772.5,1537.5,-2235.0
2023-03-16 12:02:00,-3588.75,877.5,-2711.25
2023-03-16 12:03:00,-3465.0,525.0,-2940.0
2023-03-16 12:04:00,-3322.5,3.75,-3318.75
2023-03-16 12:05:00,-3386.25,217.5,-3168.75
2023-03-16 12:06:00,-3375.0,105.0,-3270.0
2023-03-16 12:07:00,-3427.5,341.25,-3086.25
2023-03-16 12:08:00,-3457.5,521.25,-2936.25
2023-03-16 12:09:00,-3367.5,93.75,-3273.75
2023-03-16 12:10:00,-3326.25,-206.25,-3532.5
2023-03-16 12:11:00,-3337.5,-33.75,-3371.25
2023-03-16 12:12:00,-3311.25,-240.0,-3551.25
2023-03-16 12:13:00,-3262.5,-390.0,-3652.5
2023-03-16 12:14:00,-3213.75,-791.25,-4005.0
2023-03-16 12:15:00,-3176.25,-1012.5,-4188.75
2023-03-16 12:16:00,-3187.5,-1046.25,-4233.75
2023-03-16 12:17:00,-3198.75,-817.5,-4016.25
2023-03-16 12:18:00,-3187.5,-967.5,-4155.0
2023-03-16 12:19:00,-3101.25,-1672.5,-4773.75
2023-03-16 12:20:00,-3116.25,-1451.25,-4567.5
2023-03-16 12:21:00,-3127.5,-1413.75,-4541.25
2023-03-16 12:22:00,-3153.75,-1290.0,-4443.75
2023-03-16 12:23:00,-3112.5,-1496.25,-4608.75
2023-03-16 12:24:00,-3048.75,-2077.5,-5126.25
2023-03-16 12:25:00,-3090.0,-1511.25,-4601.25
2023-03-16 12:26:00,-3071.25,-1706.25,-4777.5
2023-03-16 12:27:00,-3142.5,-1252.5,-4395.0
2023-03-16 12:28:00,-3187.5,-663.75,-3851.25
2023-03-16 12:29:00,-3127.5,-1170.0,-4297.5
2023-03-16 12:30:00,-3120.0,-1196.25,-4316.25
2023-03-16 12:31:00,-3078.75,-1665.0,-4743.75
2023-03-16 12:32:00,-3041.25,-2130.0,-5171.25
2023-03-16 12:33:00,-3056.25,-2055.0,-5111.25
2023-03-16 12:34:00,-3093.75,-1698.75,-4792.5
2023-03-16 12:35:00,-3071.25,-1781.25,-4852.5
2023-03-16 12:36:00,-3138.75,-881.25,-4020.0
2023-03-16 12:37:00,-3101.25,-1425.0,-4526.25
2023-03-16 12:38:00,-3123.75,-1166.25,-4290.0
2023-03-16 12:39:00,-3180.0,-540.0,-3720.0
2023-03-16 12:40:00,-3243.75,56.25,-3187.5
2023-03-16 12:41:00,-3221.25,195.0,-3026.25
2023-03-16 12:42:00,-3183.75,-228.75,-3412.5
2023-03-16 12:43:00,-3097.5,-817.5,-3915.0
2023-03-16 12:44:00,-3090.0,-1237.5,-4327.5
2023-03-16 12:45:00,-3097.5,-1012.5,-4110.0
2023-03-16 12:46:00,-3116.25,-873.75,-3990.0
2023-03-16 12:47:00,-3082.5,-1173.75,-4256.25
2023-03-16 12:48:00,-3097.5,-1023.75,-4121.25
2023-03-16 12:49:00,-3067.5,-1308.75,-4376.25
2023-03-16 12:50:00,-3138.75,-558.75,-3697.5
2023-03-16 12:51:00,-3116.25,-840.0,-3956.25
2023-03-16 12:52:00,-3176.25,-202.5,-3378.75
2023-03-16 12:53:00,-3176.25,-277.5,-3453.75
2023-03-16 12:54:00,-3142.5,-480.0,-3622.5
2023-03-16 12:55:00,-3131.25,-521.25,-3652.5
2023-03-16 12:56:00,-3138.75,-517.5,-3656.25
2023-03-16 12:57:00,-3123.75,-592.5,-3716.25
2023-03-16 12:58:00,-3150.0,-303.75,-3453.75
2023-03-16 12:59:00,-3146.25,-266.25,-3412.5
2023-03-16 13:00:00,-3206.25,483.75,-2722.5
2023-03-16 13:01:00,-3292.5,1102.5,-2190.0
2023-03-16 13:02:00,-3401.25,1642.5,-1758.75
2023-03-16 13:03:00,-3397.5,1695.0,-1702.5
2023-03-16 13:04:00,-3356.25,1485.0,-1871.25
2023-03-16 13:05:00,-3427.5,1762.5,-1665.0
2023-03-16 13:06:00,-3315.0,1316.25,-1998.75
2023-03-16 13:07:00,-3183.75,847.5,-2336.25
2023-03-16 13:08:00,-3146.25,577.5,-2568.75
2023-03-16 13:09:00,-3078.75,0.0,-3078.75
2023-03-16 13:10:00,-3108.75,217.5,-2891.25
2023-03-16 13:11:00,-3135.0,521.25,-2613.75
2023-03-16 13:12:00,-3153.75,727.5,-2426.25
2023-03-16 13:13:00,-3217.5,1080.0,-2137.5
2023-03-16 13:14:00,-3322.5,1477.5,-1845.0
2023-03-16 13:15:00,-3491.25,2051.25,-1440.0
2023-03-16 13:16:00,-3360.0,1556.25,-1803.75
2023-03-16 13:17:00,-3330.0,1455.0,-1875.0
2023-03-16 13:18:00,-3311.25,1260.0,-2051.25
2023-03-16 13:19:00,-3258.75,1110.0,-2148.75
2023-03-16 13:20:00,-3251.25,1151.25,-2100.0
2023-03-16 13:21:00,-3337.5,1650.0,-1687.5
2023-03-16 13:22:00,-3322.5,1560.0,-1762.5
2023-03-16 13:23:00,-3326.25,1620.0,-1706.25
2023-03-16 13:24:00,-3266.25,1398.75,-1867.5
2023-03-16 13:25:00,-3367.5,1916.25,-1451.25
2023-03-16 13:26:00,-3491.25,2347.5,-1143.75
2023-03-16 13:27:00,-3442.5,2223.75,-1218.75
2023-03-16 13:28:00,-3348.75,1886.25,-1462.5
2023-03-16 13:29:00,-3322.5,1803.75,-1518.75
2023-03-16 13:30:00,-3360.0,1942.5,-1417.5
2023-03-16 13:31:00,-3423.75,2325.0,-1098.75
2023-03-16 13:32:00,-3562.5,2493.75,-1068.75
2023-03-16 13:33:00,-3708.75,3060.0,-648.75
2023-03-16 13:34:00,-3592.5,2898.75,-693.75
2023-03-16 13:35:00,-3780.0,3352.5,-427.5
2023-03-16 13:36:00,-3675.0,3093.75,-581.25
2023-03-16 13:37:00,-3570.0,2853.75,-716.25
2023-03-16 13:38:00,-3363.75,2385.0,-978.75
2023-03-16 13:39:00,-3386.25,2347.5,-1038.75
2023-03-16 13:40:00,-3405.0,2456.25,-948.75
2023-03-16 13:41:00,-3480.0,2703.75,-776.25
2023-03-16 13:42:00,-3408.75,2343.75,-1065.0
2023-03-16 13:43:00,-3375.0,2343.75,-1031.25
2023-03-16 13:44:00,-3288.75,1965.0,-1323.75
2023-03-16 13:45:00,-3183.75,1736.25,-1447.5
2023-03-16 13:46:00,-3086.25,1050.0,-2036.25
2023-03-16 13:47:00,-3045.0,626.25,-2418.75
2023-03-16 13:48:00,-3037.5,780.0,-2257.5
2023-03-16 13:49:00,-3000.0,311.25,-2688.75
2023-03-16 13:50:00,-3015.0,652.5,-2362.5
2023-03-16 13:51:00,-2992.5,180.0,-2812.5
2023-03-16 13:52:00,-3018.75,663.75,-2355.0
2023-03-16 13:53:00,-3041.25,558.75,-2482.5
2023-03-16 13:54:00,-3030.0,543.75,-2486.25
2023-03-16 13:55:00,-3086.25,1125.0,-1961.25
2023-03-16 13:56:00,-3131.25,1537.5,-1593.75
2023-03-16 13:57:00,-3213.75,2130.0,-1083.75
2023-03-16 13:58:00,-3146.25,1818.75,-1327.5
2023-03-16 13:59:00,-3078.75,1428.75,-1650.0
2023-03-16 14:00:00,-3052.5,1338.75,-1713.75
2023-03-16 14:01:00,-3127.5,1983.75,-1143.75
2023-03-16 14:02:00,-3131.25,2017.5,-1113.75
2023-03-16 14:03:00,-3266.25,2561.25,-705.0
2023-03-16 14:04:00,-3232.5,2681.25,-551.25
2023-03-16 14:05:00,-3221.25,2703.75,-517.5
2023-03-16 14:06:00,-3330.0,3161.25,-168.75
2023-03-16 14:07:00,-3341.25,3213.75,-127.5
2023-03-16 14:08:00,-3562.5,3645.0,82.5
2023-03-16 14:09:00,-3562.5,3577.5,15.0
2023-03-16 14:10:00,-3532.5,3626.25,93.75
2023-03-16 14:11:00,-3911.25,4211.25,300.0
2023-03-16 14:12:00,-3855.0,4200.0,345.0
2023-03-16 14:13:00,-4038.75,4436.25,397.5
2023-03-16 14:14:00,-4128.75,4473.75,345.0
2023-03-16 14:15:00,-4368.75,4601.25,232.5
2023-03-16 14:16:00,-4710.0,4710.0,0.0
2023-03-16 14:17:00,-4432.5,4687.5,255.0
2023-03-16 14:18:00,-4455.0,4698.75,243.75
2023-03-16 14:19:00,-4020.0,4455.0,435.0
2023-03-16 14:20:00,-3922.5,4410.0,487.5
2023-03-16 14:21:00,-4312.5,4646.25,333.75
2023-03-16 14:22:00,-4278.75,4713.75,435.0
2023-03-16 14:23:00,-4218.75,4710.0,491.25
2023-03-16 14:24:00,-4436.25,4837.5,401.25
2023-03-16 14:25:00,-4807.5,5040.0,232.5
2023-03-16 14:26:00,-4837.5,5115.0,277.5
2023-03-16 14:27:00,-4365.0,4931.25,566.25
2023-03-16 14:28:00,-4938.75,5133.75,195.0
2023-03-16 14:29:00,-4635.0,5032.5,397.5
2023-03-16 14:30:00,-4676.25,5051.25,375.0
2023-03-16 14:31:00,-4590.0,5051.25,461.25
2023-03-16 14:32:00,-4473.75,4998.75,525.0
2023-03-16 14:33:00,-4297.5,4968.75,671.25
2023-03-16 14:34:00,-4342.5,4998.75,656.25
2023-03-16 14:35:00,-4042.5,4946.25,903.75
2023-03-16 14:36:00,-3761.25,4815.0,1053.75
2023-03-16 14:37:00,-3705.0,4785.0,1080.0
2023-03-16 14:38:00,-3735.0,4908.75,1173.75
2023-03-16 14:39:00,-3922.5,5081.25,1158.75
2023-03-16 14:40:00,-3967.5,5133.75,1166.25
2023-03-16 14:41:00,-4162.5,5205.0,1042.5
2023-03-16 14:42:00,-3783.75,5100.0,1316.25
2023-03-16 14:43:00,-3885.0,5163.75,1278.75
2023-03-16 14:44:00,-3498.75,4983.75,1485.0
2023-03-16 14:45:00,-3495.0,5028.75,1533.75
2023-03-16 14:46:00,-3528.75,5055.0,1526.25
2023-03-16 14:47:00,-3153.75,4702.5,1548.75
2023-03-16 14:48:00,-3060.0,4537.5,1477.5
2023-03-16 14:49:00,-3056.25,4447.5,1391.25
2023-03-16 14:50:00,-2970.0,4323.75,1353.75
2023-03-16 14:51:00,-2917.5,3982.5,1065.0
2023-03-16 14:52:00,-2895.0,3956.25,1061.25
2023-03-16 14:53:00,-2883.75,3581.25,697.5
2023-03-16 14:54:00,-2876.25,3836.25,960.0
2023-03-16 14:55:00,-2861.25,3577.5,716.25
2023-03-16 14:56:00,-2820.0,3783.75,963.75
2023-03-16 14:57:00,-2823.75,3588.75,765.0
2023-03-16 14:58:00,-2831.25,3840.0,1008.75
2023-03-16 14:59:00,-2823.75,3723.75,900.0
2023-03-16 15:00:00,-2850.0,3982.5,1132.5
2023-03-16 15:01:00,-2808.75,3558.75,750.0
2023-03-16 15:02:00,-2793.75,3225.0,431.25
2023-03-16 15:03:00,-2782.5,2726.25,-56.25
2023-03-16 15:04:00,-2771.25,2291.25,-480.0
2023-03-16 15:05:00,-2778.75,4680.0,1901.25
2023-03-16 15:06:00,-2782.5,3990.0,1207.5
2023-03-16 15:07:00,-2778.75,4057.5,1278.75
2023-03-16 15:08:00,-2775.0,3780.0,1005.0
2023-03-16 15:09:00,-2771.25,3697.5,926.25
2023-03-16 15:10:00,-2767.5,3622.5,855.0
2023-03-16 15:11:00,-2767.5,3791.25,1023.75
2023-03-16 15:12:00,-2771.25,3577.5,806.25
2023-03-16 15:13:00,-2763.75,3517.5,753.75
2023-03-16 15:14:00,-2767.5,3468.75,701.25
2023-03-16 15:15:00,-2763.75,3678.75,915.0
2023-03-16 15:16:00,-2763.75,3746.25,982.5
2023-03-16 15:17:00,-2760.0,4421.25,1661.25
2023-03-16 15:18:00,-2760.0,4391.25,1631.25
2023-03-16 15:19:00,-2763.75,4563.75,1800.0
2023-03-16 15:20:00,-2775.0,5085.0,2310.0
2023-03-16 15:21:00,-2775.0,5085.0,2310.0
2023-03-16 15:22:00,-2775.0,5085.0,2310.0
2023-03-16 15:23:00,-2775.0,5085.0,2310.0
2023-03-16 15:24:00,-2775.0,5085.0,2310.0
2023-03-16 15:25:00,-2775.0,5085.0,2310.0
2023-03-16 15:26:00,-2775.0,5085.0,2310.0
2023-03-16 15:27:00,-2775.0,5085.0,2310.0
2023-03-16 15:28:00,-2775.0,5085.0,2310.0
2023-03-16 15:29:00,-2775.0,5085.0,2310.0
2023-03-16 15:30:00,-2775.0,5085.0,2310.0
2023-03-23 10:15:00,0.0,0.0,0.0
2023-03-23 10:16:00,-120.0,146.25,26.25
2023-03-23 10:17:00,-153.75,221.25,67.5
2023-03-23 10:18:00,-112.5,213.75,101.25
2023-03-23 10:19:00,-221.25,303.75,82.5
2023-03-23 10:20:00,-82.5,150.0,67.5
2023-03-23 10:21:00,-150.0,157.5,7.5
2023-03-23 10:22:00,-187.5,172.5,-15.0
2023-03-23 10:23:00,-611.25,457.5,-153.75
2023-03-23 10:24:00,-581.25,517.5,-63.75
2023-03-23 10:25:00,-386.25,450.0,63.75
2023-03-23 10:26:00,-431.25,491.25,60.0
2023-03-23 10:27:00,-382.5,382.5,0.0
2023-03-23 10:28:00,-420.0,405.0,-15.0
2023-03-23 10:29:00,-457.5,397.5,-60.0
2023-03-23 10:30:00,-843.75,652.5,-191.25
2023-03-23 10:31:00,-791.25,626.25,-165.0
2023-03-23 10:32:00,-881.25,671.25,-210.0
2023-03-23 10:33:00,-866.25,675.0,-191.25
2023-03-23 10:34:00,-645.0,540.0,-105.0
2023-03-23 10:35:00,-776.25,581.25,-195.0
2023-03-23 10:36:00,-727.5,543.75,-183.75
2023-03-23 10:37:00,-678.75,517.5,-161.25
2023-03-23 10:38:00,-495.0,450.0,-45.0
2023-03-23 10:39:00,-382.5,371.25,-11.25
2023-03-23 10:40:00,-457.5,363.75,-93.75
2023-03-23 10:41:00,-423.75,363.75,-60.0
2023-03-23 10:42:00,-521.25,363.75,-157.5
2023-03-23 10:43:00,-495.0,371.25,-123.75
2023-03-23 10:44:00,-510.0,367.5,-142.5
2023-03-23 10:45:00,-393.75,311.25,-82.5
2023-03-23 10:46:00,-273.75,236.25,-37.5
2023-03-23 10:47:00,-255.0,232.5,-22.5
2023-03-23 10:48:00,-135.0,206.25,71.25
2023-03-23 10:49:00,3.75,90.0,93.75
2023-03-23 10:50:00,-26.25,146.25,120.0
2023-03-23 10:51:00,15.0,97.5,112.5
2023-03-23 10:52:00,41.25,93.75,135.0
2023-03-23 10:53:00,146.25,63.75,210.0
2023-03-23 10:54:00,225.0,11.25,236.25
2023-03-23 10:55:00,157.5,90.0,247.5
2023-03-23 10:56:00,150.0,78.75,228.75
2023-03-23 10:57:00,112.5,161.25,273.75
2023-03-23 10:58:00,56.25,251.25,307.5
2023-03-23 10:59:00,-3.75,378.75,375.0
2023-03-23 11:00:00,60.0,311.25,371.25
2023-03-23 11:01:00,26.25,333.75,360.0
2023-03-23 11:02:00,-15.0,371.25,356.25
2023-03-23 11:03:00,-78.75,483.75,405.0
2023-03-23 11:04:00,-7.5,412.5,405.0
2023-03-23 11:05:00,60.0,315.0,375.0
2023-03-23 11:06:00,288.75,90.0,378.75
2023-03-23 11:07:00,311.25,60.0,371.25
2023-03-23 11:08:00,393.75,-15.0,378.75
2023-03-23 11:09:00,483.75,-52.5,431.25
2023-03-23 11:10:00,412.5,86.25,498.75
2023-03-23 11:11:00,367.5,120.0,487.5
2023-03-23 11:12:00,356.25,153.75,510.0
2023-03-23 11:13:00,367.5,112.5,480.0
2023-03-23 11:14:00,360.0,97.5,457.5
2023-03-23 11:15:00,311.25,172.5,483.75
2023-03-23 11:16:00,367.5,108.75,476.25
2023-03-23 11:17:00,330.0,161.25,491.25
2023-03-23 11:18:00,236.25,300.0,536.25
2023-03-23 11:19:00,191.25,333.75,525.0
2023-03-23 11:20:00,322.5,168.75,491.25
2023-03-23 11:21:00,292.5,225.0,517.5
2023-03-23 11:22:00,243.75,296.25,540.0
2023-03-23 11:23:00,262.5,270.0,532.5
2023-03-23 11:24:00,296.25,243.75,540.0
2023-03-23 11:25:00,187.5,386.25,573.75
2023-03-23 11:26:00,240.0,300.0,540.0
2023-03-23 11:27:00,243.75,292.5,536.25
2023-03-23 11:28:00,292.5,232.5,525.0
2023-03-23 11:29:00,228.75,322.5,551.25
2023-03-23 11:30:00,153.75,423.75,577.5
2023-03-23 11:31:00,41.25,536.25,577.5
2023-03-23 11:32:00,123.75,483.75,607.5
2023-03-23 11:33:00,120.0,513.75,633.75
2023-03-23 11:34:00,86.25,540.0,626.25
2023-03-23 11:35:00,-22.5,645.0,622.5
2023-03-23 11:36:00,-112.5,738.75,626.25
2023-03-23 11:37:00,-168.75,780.0,611.25
2023-03-23 11:38:00,-67.5,701.25,633.75
2023-03-23 11:39:00,-168.75,780.0,611.25
2023-03-23 11:40:00,-7.5,678.75,671.25
2023-03-23 11:41:00,101.25,607.5,708.75
2023-03-23 11:42:00,105.0,603.75,708.75
2023-03-23 11:43:00,52.5,663.75,716.25
2023-03-23 11:44:00,-63.75,738.75,675.0
2023-03-23 11:45:00,-105.0,772.5,667.5
2023-03-23 11:46:00,-191.25,847.5,656.25
2023-03-23 11:47:00,-153.75,825.0,671.25
2023-03-23 11:48:00,-176.25,828.75,652.5
2023-03-23 11:49:00,-93.75,787.5,693.75
2023-03-23 11:50:00,-281.25,907.5,626.25
2023-03-23 11:51:00,-247.5,896.25,648.75
2023-03-23 11:52:00,-303.75,915.0,611.25
2023-03-23 11:53:00,-210.0,870.0,660.0
2023-03-23 11:54:00,-217.5,870.0,652.5
2023-03-23 11:55:00,-82.5,810.0,727.5
2023-03-23 11:56:00,-7.5,757.5,750.0
2023-03-23 11:57:00,97.5,708.75,806.25
2023-03-23 11:58:00,-86.25,810.0,723.75
2023-03-23 11:59:00,-161.25,877.5,716.25
2023-03-23 12:00:00,-281.25,971.25,690.0
2023-03-23 12:01:00,-330.0,982.5,652.5
2023-03-23 12:02:00,-172.5,903.75,731.25
2023-03-23 12:03:00,-251.25,937.5,686.25
2023-03-23 12:04:00,-266.25,933.75,667.5
2023-03-23 12:05:00,-191.25,903.75,712.5
2023-03-23 12:06:00,-153.75,851.25,697.5
2023-03-23 12:07:00,-97.5,836.25,738.75
2023-03-23 12:08:00,-172.5,862.5,690.0
2023-03-23 12:09:00,-240.0,930.0,690.0
2023-03-23 12:10:00,-247.5,922.5,675.0
2023-03-23 12:11:00,-273.75,933.75,660.0
2023-03-23 12:12:00,-240.0,907.5,667.5
2023-03-23 12:13:00,-168.75,903.75,735.0
2023-03-23 12:14:00,-195.0,903.75,708.75
2023-03-23 12:15:00,-288.75,933.75,645.0
2023-03-23 12:16:00,-266.25,926.25,660.0
2023-03-23 12:17:00,-112.5,858.75,746.25
2023-03-23 12:18:00,-408.75,1042.5,633.75
2023-03-23 12:19:00,-142.5,930.0,787.5
2023-03-23 12:20:00,0.0,828.75,828.75
2023-03-23 12:21:00,-157.5,896.25,738.75
2023-03-23 12:22:00,-33.75,851.25,817.5
2023-03-23 12:23:00,-26.25,836.25,810.0
2023-03-23 12:24:00,112.5,787.5,900.0
2023-03-23 12:25:00,-90.0,926.25,836.25
2023-03-23 12:26:00,-63.75,903.75,840.0
2023-03-23 12:27:00,-30.0,866.25,836.25
2023-03-23 12:28:00,-63.75,907.5,843.75
2023-03-23 12:29:00,-33.75,877.5,843.75
2023-03-23 12:30:00,-3.75,873.75,870.0
2023-03-23 12:31:00,-108.75,978.75,870.0
2023-03-23 12:32:00,-93.75,948.75,855.0
2023-03-23 12:33:00,-225.0,1038.75,813.75
2023-03-23 12:34:00,-517.5,1185.0,667.5
2023-03-23 12:35:00,-585.0,1248.75,663.75
2023-03-23 12:36:00,-626.25,1301.25,675.0
2023-03-23 12:37:00,-802.5,1290.0,487.5
2023-03-23 12:38:00,-720.0,1282.5,562.5
2023-03-23 12:39:00,-600.0,1263.75,663.75
2023-03-23 12:40:00,-791.25,1327.5,536.25
2023-03-23 12:41:00,-701.25,1297.5,596.25
2023-03-23 12:42:00,-513.75,1260.0,746.25
2023-03-23 12:43:00,-660.0,1263.75,603.75
2023-03-23 12:44:00,-727.5,1267.5,540.0
2023-03-23 12:45:00,-813.75,1286.25,472.5
2023-03-23 12:46:00,-967.5,1365.0,397.5
2023-03-23 12:47:00,-825.0,1331.25,506.25
2023-03-23 12:48:00,-900.0,1327.5,427.5
2023-03-23 12:49:00,-806.25,1305.0,498.75
2023-03-23 12:50:00,-1020.0,1350.0,330.0
2023-03-23 12:51:00,-1173.75,1530.0,356.25
2023-03-23 12:52:00,-843.75,1237.5,393.75
2023-03-23 12:53:00,-806.25,1125.0,318.75
2023-03-23 12:54:00,-663.75,1023.75,360.0
2023-03-23 12:55:00,-573.75,907.5,333.75
2023-03-23 12:56:00,-641.25,956.25,315.0
2023-03-23 12:57:00,-678.75,1027.5,348.75
2023-03-23 12:58:00,-682.5,1061.25,378.75
2023-03-23 12:59:00,-532.5,915.0,382.5
2023-03-23 13:00:00,-367.5,738.75,371.25
2023-03-23 13:01:00,-307.5,660.0,352.5
2023-03-23 13:02:00,-468.75,945.0,476.25
2023-03-23 13:03:00,-543.75,1065.0,521.25
2023-03-23 13:04:00,-528.75,1027.5,498.75
2023-03-23 13:05:00,-600.0,1256.25,656.25
2023-03-23 13:06:00,-513.75,1121.25,607.5
2023-03-23 13:07:00,-622.5,1252.5,630.0
2023-03-23 13:08:00,-573.75,1327.5,753.75
2023-03-23 13:09:00,-371.25,1001.25,630.0
2023-03-23 13:10:00,-161.25,765.0,603.75
2023-03-23 13:11:00,-161.25,806.25,645.0
2023-03-23 13:12:00,-221.25,960.0,738.75
2023-03-23 13:13:00,78.75,371.25,450.0
2023-03-23 13:14:00,15.0,543.75,558.75
2023-03-23 13:15:00,-37.5,720.0,682.5
2023-03-23 13:16:00,-18.75,660.0,641.25
2023-03-23 13:17:00,-7.5,551.25,543.75
2023-03-23 13:18:00,116.25,352.5,468.75
2023-03-23 13:19:00,22.5,528.75,551.25
2023-03-23 13:20:00,-22.5,618.75,596.25
2023-03-23 13:21:00,-191.25,990.0,798.75
2023-03-23 13:22:00,-198.75,1057.5,858.75
2023-03-23 13:23:00,-120.0,971.25,851.25
2023-03-23 13:24:00,-138.75,1083.75,945.0
2023-03-23 13:25:00,-232.5,1282.5,1050.0
2023-03-23 13:26:00,-277.5,1365.0,1087.5
2023-03-23 13:27:00,-112.5,1091.25,978.75
2023-03-23 13:28:00,7.5,915.0,922.5
2023-03-23 13:29:00,-97.5,1136.25,1038.75
2023-03-23 13:30:00,-225.0,1410.0,1185.0
2023-03-23 13:31:00,-296.25,1511.25,1215.0
2023-03-23 13:32:00,-210.0,1447.5,1237.5
2023-03-23 13:33:00,-307.5,1597.5,1290.0
2023-03-23 13:34:00,-397.5,1807.5,1410.0
2023-03-23 13:35:00,-183.75,1488.75,1305.0
2023-03-23 13:36:00,-371.25,1721.25,1350.0
2023-03-23 13:37:00,-288.75,1668.75,1380.0
2023-03-23 13:38:00,-371.25,1725.0,1353.75
2023-03-23 13:39:00,-262.5,1582.5,1320.0
2023-03-23 13:40:00,-315.0,1683.75,1368.75
2023-03-23 13:41:00,-131.25,1488.75,1357.5
2023-03-23 13:42:00,-105.0,1492.5,1387.5
2023-03-23 13:43:00,112.5,1211.25,1323.75
2023-03-23 13:44:00,315.0,780.0,1095.0
2023-03-23 13:45:00,258.75,772.5,1031.25
2023-03-23 13:46:00,217.5,941.25,1158.75
2023-03-23 13:47:00,255.0,885.0,1140.0
2023-03-23 13:48:00,476.25,468.75,945.0
2023-03-23 13:49:00,525.0,397.5,922.5
2023-03-23 13:50:00,626.25,-82.5,543.75
2023-03-23 13:51:00,592.5,165.0,757.5
2023-03-23 13:52:00,570.0,172.5,742.5
2023-03-23 13:53:00,532.5,333.75,866.25
2023-03-23 13:54:00,618.75,-30.0,588.75
2023-03-23 13:55:00,686.25,-210.0,476.25
2023-03-23 13:56:00,675.0,-112.5,562.5
2023-03-23 13:57:00,708.75,-292.5,416.25
2023-03-23 13:58:00,738.75,-487.5,251.25
2023-03-23 13:59:00,671.25,-157.5,513.75
2023-03-23 14:00:00,618.75,-3.75,615.0
2023-03-23 14:01:00,611.25,67.5,678.75
2023-03-23 14:02:00,693.75,-255.0,438.75
2023-03-23 14:03:00,855.0,-963.75,-108.75
2023-03-23 14:04:00,903.75,-1293.75,-390.0
2023-03-23 14:05:00,933.75,-1672.5,-738.75
2023-03-23 14:06:00,866.25,-870.0,-3.75
2023-03-23 14:07:00,791.25,-217.5,573.75
2023-03-23 14:08:00,877.5,-907.5,-30.0
2023-03-23 14:09:00,843.75,-337.5,506.25
2023-03-23 14:10:00,870.0,-675.0,195.0
2023-03-23 14:11:00,862.5,-907.5,-45.0
2023-03-23 14:12:00,873.75,-607.5,266.25
2023-03-23 14:13:00,907.5,-858.75,48.75
2023-03-23 14:14:00,945.0,-1020.0,-75.0
2023-03-23 14:15:00,1038.75,-2272.5,-1233.75
2023-03-23 14:16:00,1046.25,-2486.25,-1440.0
2023-03-23 14:17:00,1001.25,-2182.5,-1181.25
2023-03-23 14:18:00,956.25,-2051.25,-1095.0
2023-03-23 14:19:00,1008.75,-2100.0,-1091.25
2023-03-23 14:20:00,1031.25,-2171.25,-1140.0
2023-03-23 14:21:00,1016.25,-2145.0,-1128.75
2023-03-23 14:22:00,993.75,-2100.0,-1106.25
2023-03-23 14:23:00,1061.25,-2231.25,-1170.0
2023-03-23 14:24:00,1098.75,-2238.75,-1140.0
2023-03-23 14:25:00,1121.25,-2238.75,-1117.5
2023-03-23 14:26:00,1188.75,-2493.75,-1305.0
2023-03-23 14:27:00,1203.75,-2388.75,-1185.0
2023-03-23 14:28:00,1188.75,-2355.0,-1166.25
2023-03-23 14:29:00,1218.75,-2546.25,-1327.5
2023-03-23 14:30:00,1241.25,-2681.25,-1440.0
2023-03-23 14:31:00,1248.75,-2947.5,-1698.75
2023-03-23 14:32:00,1233.75,-2512.5,-1278.75
2023-03-23 14:33:00,1256.25,-2880.0,-1623.75
2023-03-23 14:34:00,1241.25,-2580.0,-1338.75
2023-03-23 14:35:00,1241.25,-2606.25,-1365.0
2023-03-23 14:36:00,1241.25,-2748.75,-1507.5
2023-03-23 14:37:00,1248.75,-2643.75,-1395.0
2023-03-23 14:38:00,1256.25,-2748.75,-1492.5
2023-03-23 14:39:00,1286.25,-2797.5,-1511.25
2023-03-23 14:40:00,1271.25,-2565.0,-1293.75
2023-03-23 14:41:00,1293.75,-2853.75,-1560.0
2023-03-23 14:42:00,1301.25,-3198.75,-1897.5
2023-03-23 14:43:00,1286.25,-2955.0,-1668.75
2023-03-23 14:44:00,1293.75,-3266.25,-1972.5
2023-03-23 14:45:00,1293.75,-3015.0,-1721.25
2023-03-23 14:46:00,1293.75,-3082.5,-1788.75
2023-03-23 14:47:00,1301.25,-3300.0,-1998.75
2023-03-23 14:48:00,1316.25,-3090.0,-1773.75
2023-03-23 14:49:00,1316.25,-3003.75,-1687.5
2023-03-23 14:50:00,1316.25,-3063.75,-1747.5
2023-03-23 14:51:00,1323.75,-2906.25,-1582.5
2023-03-23 14:52:00,1316.25,-3090.0,-1773.75
2023-03-23 14:53:00,1323.75,-3240.0,-1916.25
2023-03-23 14:54:00,1338.75,-3255.0,-1916.25
2023-03-23 14:55:00,1331.25,-3202.5,-1871.25
2023-03-23 14:56:00,1338.75,-2820.0,-1481.25
2023-03-23 14:57:00,1323.75,-2812.5,-1488.75
2023-03-23 14:58:00,1331.25,-3101.25,-1770.0
2023-03-23 14:59:00,1331.25,-2508.75,-1177.5
2023-03-23 15:00:00,1323.75,-2688.75,-1365.0
2023-03-23 15:01:00,1323.75,-1950.0,-626.25
2023-03-23 15:02:00,1331.25,-2216.25,-885.0
2023-03-23 15:03:00,1346.25,-2212.5,-866.25
2023-03-23 15:04:00,1346.25,-2025.0,-678.75
2023-03-23 15:05:00,1346.25,-2291.25,-945.0
2023-03-23 15:06:00,1353.75,-2782.5,-1428.75
2023-03-23 15:07:00,1353.75,-3105.0,-1751.25
2023-03-23 15:08:00,1361.25,-3322.5,-1961.25
2023-03-23 15:09:00,1361.25,-4046.25,-2685.0
2023-03-23 15:10:00,1361.25,-3330.0,-1968.75
2023-03-23 15:11:00,1368.75,-3723.75,-2355.0
2023-03-23 15:12:00,1361.25,-3802.5,-2441.25
2023-03-23 15:13:00,1368.75,-3693.75,-2325.0
2023-03-23 15:14:00,1361.25,-4076.25,-2715.0
2023-03-23 15:15:00,1368.75,-3555.0,-2186.25
2023-03-23 15:16:00,1368.75,-3708.75,-2340.0
2023-03-23 15:17:00,1376.25,-3630.0,-2253.75
2023-03-23 15:18:00,1368.75,-3243.75,-1875.0
2023-03-23 15:19:00,1376.25,-3435.0,-2058.75
2023-03-23 15:20:00,1368.75,-3401.25,-2032.5
2023-03-23 15:21:00,1368.75,-3401.25,-2032.5
2023-03-23 15:22:00,1368.75,-3401.25,-2032.5
2023-03-23 15:23:00,1368.75,-3401.25,-2032.5
2023-03-23 15:24:00,1368.75,-3401.25,-2032.5
2023-03-23 15:25:00,1368.75,-3401.25,-2032.5
2023-03-23 15:26:00,1368.75,-3401.25,-2032.5
2023-03-23 15:27:00,1368.75,-3401.25,-2032.5
2023-03-23 15:28:00,1368.75,-3401.25,-2032.5
2023-03-23 15:29:00,1368.75,-3401.25,-2032.5
2023-03-23 15:30:00,1368.75,-3401.25,-2032.5
2023-03-29 10:15:00,0.0,0.0,0.0
2023-03-29 10:16:00,45.0,3.75,48.75
2023-03-29 10:17:00,18.75,-11.25,7.5
2023-03-29 10:18:00,37.5,-30.0,7.5
2023-03-29 10:19:00,-3.75,22.5,18.75
2023-03-29 10:20:00,-15.0,30.0,15.0
2023-03-29 10:21:00,3.75,41.25,45.0
2023-03-29 10:22:00,-97.5,131.25,33.75
2023-03-29 10:23:00,-210.0,236.25,26.25
2023-03-29 10:24:00,-341.25,285.0,-56.25
2023-03-29 10:25:00,-513.75,382.5,-131.25
2023-03-29 10:26:00,-768.75,420.0,-348.75
2023-03-29 10:27:00,-532.5,382.5,-150.0
2023-03-29 10:28:00,-660.0,401.25,-258.75
2023-03-29 10:29:00,-746.25,446.25,-300.0
2023-03-29 10:30:00,-798.75,431.25,-367.5
2023-03-29 10:31:00,-798.75,412.5,-386.25
2023-03-29 10:32:00,-952.5,468.75,-483.75
2023-03-29 10:33:00,-742.5,416.25,-326.25
2023-03-29 10:34:00,-791.25,435.0,-356.25
2023-03-29 10:35:00,-1038.75,487.5,-551.25
2023-03-29 10:36:00,-881.25,468.75,-412.5
2023-03-29 10:37:00,-971.25,457.5,-513.75
2023-03-29 10:38:00,-967.5,483.75,-483.75
2023-03-29 10:39:00,-915.0,480.0,-435.0
2023-03-29 10:40:00,-855.0,457.5,-397.5
2023-03-29 10:41:00,-693.75,423.75,-270.0
2023-03-29 10:42:00,-566.25,408.75,-157.5
2023-03-29 10:43:00,-405.0,375.0,-30.0
2023-03-29 10:44:00,-352.5,345.0,-7.5
2023-03-29 10:45:00,-397.5,371.25,-26.25
2023-03-29 10:46:00,-273.75,330.0,56.25
2023-03-29 10:47:00,-326.25,330.0,3.75
2023-03-29 10:48:00,-461.25,397.5,-63.75
2023-03-29 10:49:00,-498.75,401.25,-97.5
2023-03-29 10:50:00,-408.75,371.25,-37.5
2023-03-29 10:51:00,-363.75,337.5,-26.25
2023-03-29 10:52:00,-288.75,307.5,18.75
2023-03-29 10:53:00,-367.5,371.25,3.75
2023-03-29 10:54:00,-303.75,345.0,41.25
2023-03-29 10:55:00,-176.25,262.5,86.25
2023-03-29 10:56:00,-120.0,258.75,138.75
2023-03-29 10:57:00,-26.25,221.25,195.0
2023-03-29 10:58:00,-41.25,243.75,202.5
2023-03-29 10:59:00,-63.75,270.0,206.25
2023-03-29 11:00:00,78.75,195.0,273.75
2023-03-29 11:01:00,-41.25,273.75,232.5
2023-03-29 11:02:00,-86.25,303.75,217.5
2023-03-29 11:03:00,37.5,243.75,281.25
2023-03-29 11:04:00,26.25,228.75,255.0
2023-03-29 11:05:00,101.25,195.0,296.25
2023-03-29 11:06:00,191.25,172.5,363.75
2023-03-29 11:07:00,367.5,48.75,416.25
2023-03-29 11:08:00,573.75,-52.5,521.25
2023-03-29 11:09:00,866.25,-622.5,243.75
2023-03-29 11:10:00,892.5,-652.5,240.0
2023-03-29 11:11:00,997.5,-885.0,112.5
2023-03-29 11:12:00,997.5,-896.25,101.25
2023-03-29 11:13:00,1080.0,-1016.25,63.75
2023-03-29 11:14:00,1050.0,-825.0,225.0
2023-03-29 11:15:00,1038.75,-828.75,210.0
2023-03-29 11:16:00,1005.0,-776.25,228.75
2023-03-29 11:17:00,1053.75,-881.25,172.5
2023-03-29 11:18:00,1091.25,-960.0,131.25
2023-03-29 11:19:00,975.0,-588.75,386.25
2023-03-29 11:20:00,1050.0,-847.5,202.5
2023-03-29 11:21:00,1046.25,-847.5,198.75
2023-03-29 11:22:00,1027.5,-750.0,277.5
2023-03-29 11:23:00,1035.0,-731.25,303.75
2023-03-29 11:24:00,1035.0,-742.5,292.5
2023-03-29 11:25:00,915.0,-465.0,450.0
2023-03-29 11:26:00,881.25,-288.75,592.5
2023-03-29 11:27:00,825.0,-157.5,667.5
2023-03-29 11:28:00,825.0,-135.0,690.0
2023-03-29 11:29:00,881.25,-243.75,637.5
2023-03-29 11:30:00,952.5,-322.5,630.0
2023-03-29 11:31:00,1005.0,-386.25,618.75
2023-03-29 11:32:00,1091.25,-600.0,491.25
2023-03-29 11:33:00,1140.0,-757.5,382.5
2023-03-29 11:34:00,1132.5,-705.0,427.5
2023-03-29 11:35:00,1121.25,-678.75,442.5
2023-03-29 11:36:00,1117.5,-776.25,341.25
2023-03-29 11:37:00,1155.0,-915.0,240.0
2023-03-29 11:38:00,1200.0,-888.75,311.25
2023-03-29 11:39:00,1211.25,-840.0,371.25
2023-03-29 11:40:00,1188.75,-806.25,382.5
2023-03-29 11:41:00,1211.25,-870.0,341.25
2023-03-29 11:42:00,1203.75,-821.25,382.5
2023-03-29 11:43:00,1196.25,-802.5,393.75
2023-03-29 11:44:00,1215.0,-843.75,371.25
2023-03-29 11:45:00,1230.0,-877.5,352.5
2023-03-29 11:46:00,1252.5,-791.25,461.25
2023-03-29 11:47:00,1230.0,-566.25,663.75
2023-03-29 11:48:00,1170.0,-397.5,772.5
2023-03-29 11:49:00,1196.25,-438.75,757.5
2023-03-29 11:50:00,1256.25,-622.5,633.75
2023-03-29 11:51:00,1293.75,-787.5,506.25
2023-03-29 11:52:00,1361.25,-971.25,390.0
2023-03-29 11:53:00,1357.5,-918.75,438.75
2023-03-29 11:54:00,1320.0,-686.25,633.75
2023-03-29 11:55:00,1271.25,-577.5,693.75
2023-03-29 11:56:00,1248.75,-536.25,712.5
2023-03-29 11:57:00,1230.0,-517.5,712.5
2023-03-29 11:58:00,1248.75,-540.0,708.75
2023-03-29 11:59:00,1241.25,-588.75,652.5
2023-03-29 12:00:00,1245.0,-528.75,716.25
2023-03-29 12:01:00,1245.0,-491.25,753.75
2023-03-29 12:02:00,1248.75,-506.25,742.5
2023-03-29 12:03:00,1241.25,-491.25,750.0
2023-03-29 12:04:00,1361.25,-810.0,551.25
2023-03-29 12:05:00,1353.75,-765.0,588.75
2023-03-29 12:06:00,1353.75,-795.0,558.75
2023-03-29 12:07:00,1353.75,-915.0,438.75
2023-03-29 12:08:00,1410.0,-1031.25,378.75
2023-03-29 12:09:00,1413.75,-1106.25,307.5
2023-03-29 12:10:00,1481.25,-1443.75,37.5
2023-03-29 12:11:00,1545.0,-1485.0,60.0
2023-03-29 12:12:00,1522.5,-1391.25,131.25
2023-03-29 12:13:00,1440.0,-1218.75,221.25
2023-03-29 12:14:00,1458.75,-1256.25,202.5
2023-03-29 12:15:00,1462.5,-1267.5,195.0
2023-03-29 12:16:00,1417.5,-1151.25,266.25
2023-03-29 12:17:00,1428.75,-1177.5,251.25
2023-03-29 12:18:00,1406.25,-1241.25,165.0
2023-03-29 12:19:00,1560.0,-1458.75,101.25
2023-03-29 12:20:00,1706.25,-1507.5,198.75
2023-03-29 12:21:00,1680.0,-1398.75,281.25
2023-03-29 12:22:00,1586.25,-1267.5,318.75
2023-03-29 12:23:00,1522.5,-1117.5,405.0
2023-03-29 12:24:00,1485.0,-1211.25,273.75
2023-03-29 12:25:00,1590.0,-1383.75,206.25
2023-03-29 12:26:00,1537.5,-1331.25,206.25
2023-03-29 12:27:00,1533.75,-1308.75,225.0
2023-03-29 12:28:00,1541.25,-1297.5,243.75
2023-03-29 12:29:00,1417.5,-1072.5,345.0
2023-03-29 12:30:00,1481.25,-1215.0,266.25
2023-03-29 12:31:00,1387.5,-1065.0,322.5
2023-03-29 12:32:00,1443.75,-1117.5,326.25
2023-03-29 12:33:00,1413.75,-1027.5,386.25
2023-03-29 12:34:00,1500.0,-1200.0,300.0
2023-03-29 12:35:00,1436.25,-1008.75,427.5
2023-03-29 12:36:00,1151.25,-645.0,506.25
2023-03-29 12:37:00,1211.25,-716.25,495.0
2023-03-29 12:38:00,1398.75,-896.25,502.5
2023-03-29 12:39:00,1335.0,-836.25,498.75
2023-03-29 12:40:00,1256.25,-753.75,502.5
2023-03-29 12:41:00,1342.5,-858.75,483.75
2023-03-29 12:42:00,1398.75,-903.75,495.0
2023-03-29 12:43:00,1485.0,-1053.75,431.25
2023-03-29 12:44:00,1451.25,-971.25,480.0
2023-03-29 12:45:00,1413.75,-862.5,551.25
2023-03-29 12:46:00,1252.5,-686.25,566.25
2023-03-29 12:47:00,1297.5,-716.25,581.25
2023-03-29 12:48:00,1267.5,-607.5,660.0
2023-03-29 12:49:00,1068.75,-348.75,720.0
2023-03-29 12:50:00,1230.0,-453.75,776.25
2023-03-29 12:51:00,1185.0,-461.25,723.75
2023-03-29 12:52:00,1181.25,-442.5,738.75
2023-03-29 12:53:00,1200.0,-435.0,765.0
2023-03-29 12:54:00,1263.75,-543.75,720.0
2023-03-29 12:55:00,1402.5,-660.0,742.5
2023-03-29 12:56:00,1331.25,-581.25,750.0
2023-03-29 12:57:00,1248.75,-453.75,795.0
2023-03-29 12:58:00,1200.0,-371.25,828.75
2023-03-29 12:59:00,1136.25,-307.5,828.75
2023-03-29 13:00:00,997.5,-131.25,866.25
2023-03-29 13:01:00,900.0,-22.5,877.5
2023-03-29 13:02:00,930.0,-7.5,922.5
2023-03-29 13:03:00,892.5,75.0,967.5
2023-03-29 13:04:00,1155.0,-101.25,1053.75
2023-03-29 13:05:00,1260.0,-161.25,1098.75
2023-03-29 13:06:00,1173.75,-146.25,1027.5
2023-03-29 13:07:00,1147.5,-120.0,1027.5
2023-03-29 13:08:00,1181.25,-131.25,1050.0
2023-03-29 13:09:00,1203.75,-157.5,1046.25
2023-03-29 13:10:00,1068.75,-11.25,1057.5
2023-03-29 13:11:00,1053.75,-18.75,1035.0
2023-03-29 13:12:00,990.0,37.5,1027.5
2023-03-29 13:13:00,821.25,153.75,975.0
2023-03-29 13:14:00,975.0,78.75,1053.75
2023-03-29 13:15:00,1132.5,-22.5,1110.0
2023-03-29 13:16:00,858.75,146.25,1005.0
2023-03-29 13:17:00,633.75,311.25,945.0
2023-03-29 13:18:00,603.75,307.5,911.25
2023-03-29 13:19:00,510.0,326.25,836.25
2023-03-29 13:20:00,-187.5,472.5,285.0
2023-03-29 13:21:00,-255.0,506.25,251.25
2023-03-29 13:22:00,-345.0,588.75,243.75
2023-03-29 13:23:00,-393.75,615.0,221.25
2023-03-29 13:24:00,-386.25,592.5,206.25
2023-03-29 13:25:00,-397.5,611.25,213.75
2023-03-29 13:26:00,-348.75,581.25,232.5
2023-03-29 13:27:00,-285.0,558.75,273.75
2023-03-29 13:28:00,-333.75,566.25,232.5
2023-03-29 13:29:00,-367.5,588.75,221.25
2023-03-29 13:30:00,-450.0,675.0,225.0
2023-03-29 13:31:00,-243.75,528.75,285.0
2023-03-29 13:32:00,-93.75,513.75,420.0
2023-03-29 13:33:00,-120.0,517.5,397.5
2023-03-29 13:34:00,-48.75,453.75,405.0
2023-03-29 13:35:00,-112.5,517.5,405.0
2023-03-29 13:36:00,-60.0,502.5,442.5
2023-03-29 13:37:00,101.25,382.5,483.75
2023-03-29 13:38:00,60.0,408.75,468.75
2023-03-29 13:39:00,150.0,341.25,491.25
2023-03-29 13:40:00,86.25,405.0,491.25
2023-03-29 13:41:00,-11.25,555.0,543.75
2023-03-29 13:42:00,-26.25,577.5,551.25
2023-03-29 13:43:00,56.25,483.75,540.0
2023-03-29 13:44:00,90.0,480.0,570.0
2023-03-29 13:45:00,30.0,506.25,536.25
2023-03-29 13:46:00,33.75,483.75,517.5
2023-03-29 13:47:00,15.0,495.0,510.0
2023-03-29 13:48:00,18.75,517.5,536.25
2023-03-29 13:49:00,-30.0,543.75,513.75
2023-03-29 13:50:00,48.75,483.75,532.5
2023-03-29 13:51:00,22.5,495.0,517.5
2023-03-29 13:52:00,75.0,480.0,555.0
2023-03-29 13:53:00,22.5,570.0,592.5
2023-03-29 13:54:00,3.75,573.75,577.5
2023-03-29 13:55:00,-135.0,723.75,588.75
2023-03-29 13:56:00,-363.75,840.0,476.25
2023-03-29 13:57:00,-502.5,903.75,401.25
2023-03-29 13:58:00,-483.75,877.5,393.75
2023-03-29 13:59:00,-442.5,877.5,435.0
2023-03-29 14:00:00,-420.0,877.5,457.5
2023-03-29 14:01:00,-513.75,915.0,401.25
2023-03-29 14:02:00,-558.75,948.75,390.0
2023-03-29 14:03:00,-637.5,971.25,333.75
2023-03-29 14:04:00,-922.5,986.25,63.75
2023-03-29 14:05:00,-997.5,986.25,-11.25
2023-03-29 14:06:00,-690.0,948.75,258.75
2023-03-29 14:07:00,-907.5,982.5,75.0
2023-03-29 14:08:00,-832.5,967.5,135.0
2023-03-29 14:09:00,-915.0,963.75,48.75
2023-03-29 14:10:00,-765.0,948.75,183.75
2023-03-29 14:11:00,-693.75,933.75,240.0
2023-03-29 14:12:00,-678.75,933.75,255.0
2023-03-29 14:13:00,-757.5,945.0,187.5
2023-03-29 14:14:00,-637.5,948.75,311.25
2023-03-29 14:15:00,-832.5,986.25,153.75
2023-03-29 14:16:00,-1166.25,1031.25,-135.0
2023-03-29 14:17:00,-1125.0,1042.5,-82.5
2023-03-29 14:18:00,-1012.5,1042.5,30.0
2023-03-29 14:19:00,-408.75,975.0,566.25
2023-03-29 14:20:00,-330.0,945.0,615.0
2023-03-29 14:21:00,-30.0,915.0,885.0
2023-03-29 14:22:00,135.0,862.5,997.5
2023-03-29 14:23:00,112.5,926.25,1038.75
2023-03-29 14:24:00,22.5,993.75,1016.25
2023-03-29 14:25:00,86.25,1008.75,1095.0
2023-03-29 14:26:00,78.75,993.75,1072.5
2023-03-29 14:27:00,112.5,990.0,1102.5
2023-03-29 14:28:00,191.25,956.25,1147.5
2023-03-29 14:29:00,240.0,956.25,1196.25
2023-03-29 14:30:00,172.5,993.75,1166.25
2023-03-29 14:31:00,243.75,952.5,1196.25
2023-03-29 14:32:00,225.0,963.75,1188.75
2023-03-29 14:33:00,337.5,892.5,1230.0
2023-03-29 14:34:00,461.25,836.25,1297.5
2023-03-29 14:35:00,442.5,896.25,1338.75
2023-03-29 14:36:00,450.0,892.5,1342.5
2023-03-29 14:37:00,495.0,881.25,1376.25
2023-03-29 14:38:00,517.5,892.5,1410.0
2023-03-29 14:39:00,517.5,922.5,1440.0
2023-03-29 14:40:00,487.5,952.5,1440.0
2023-03-29 14:41:00,423.75,1068.75,1492.5
2023-03-29 14:42:00,390.0,1091.25,1481.25
2023-03-29 14:43:00,390.0,1053.75,1443.75
2023-03-29 14:44:00,480.0,1038.75,1518.75
2023-03-29 14:45:00,438.75,1083.75,1522.5
2023-03-29 14:46:00,438.75,1068.75,1507.5
2023-03-29 14:47:00,453.75,1061.25,1515.0
2023-03-29 14:48:00,397.5,1098.75,1496.25
2023-03-29 14:49:00,408.75,1121.25,1530.0
2023-03-29 14:50:00,420.0,1132.5,1552.5
2023-03-29 14:51:00,348.75,1125.0,1473.75
2023-03-29 14:52:00,382.5,1102.5,1485.0
2023-03-29 14:53:00,547.5,1057.5,1605.0
2023-03-29 14:54:00,543.75,1087.5,1631.25
2023-03-29 14:55:00,498.75,1102.5,1601.25
2023-03-29 14:56:00,483.75,1102.5,1586.25
2023-03-29 14:57:00,532.5,1095.0,1627.5
2023-03-29 14:58:00,502.5,1110.0,1612.5
2023-03-29 14:59:00,506.25,1117.5,1623.75
2023-03-29 15:00:00,480.0,1102.5,1582.5
2023-03-29 15:01:00,438.75,1188.75,1627.5
2023-03-29 15:02:00,225.0,1203.75,1428.75
2023-03-29 15:03:00,3.75,1211.25,1215.0
2023-03-29 15:04:00,37.5,1226.25,1263.75
2023-03-29 15:05:00,-277.5,1215.0,937.5
2023-03-29 15:06:00,-172.5,1215.0,1042.5
2023-03-29 15:07:00,-195.0,1211.25,1016.25
2023-03-29 15:08:00,-296.25,1218.75,922.5
2023-03-29 15:09:00,-652.5,1226.25,573.75
2023-03-29 15:10:00,-888.75,1230.0,341.25
2023-03-29 15:11:00,-772.5,1230.0,457.5
2023-03-29 15:12:00,-873.75,1226.25,352.5
2023-03-29 15:13:00,-1346.25,1237.5,-108.75
2023-03-29 15:14:00,-2235.0,1241.25,-993.75
2023-03-29 15:15:00,-2178.75,1245.0,-933.75
2023-03-29 15:16:00,-1702.5,1241.25,-461.25
2023-03-29 15:17:00,-1698.75,1241.25,-457.5
2023-03-29 15:18:00,-1807.5,1248.75,-558.75
2023-03-29 15:19:00,-2246.25,1248.75,-997.5
2023-03-29 15:20:00,-2163.75,1252.5,-911.25
2023-03-29 15:21:00,-2163.75,1252.5,-911.25
2023-03-29 15:22:00,-2163.75,1252.5,-911.25
2023-03-29 15:23:00,-2163.75,1252.5,-911.25
2023-03-29 15:24:00,-2163.75,1252.5,-911.25
2023-03-29 15:25:00,-2163.75,1252.5,-911.25
2023-03-29 15:26:00,-2163.75,1252.5,-911.25
2023-03-29 15:27:00,-2163.75,1252.5,-911.25
2023-03-29 15:28:00,-2163.75,1252.5,-911.25
2023-03-29 15:29:00,-2163.75,1252.5,-911.25
2023-03-29 15:30:00,-2163.75,1252.5,-911.25
2023-04-06 10:15:00,0.0,0.0,0.0
2023-04-06 10:16:00,-30.0,41.25,11.25
2023-04-06 10:17:00,7.5,45.0,52.5
2023-04-06 10:18:00,127.5,-26.25,101.25
2023-04-06 10:19:00,-15.0,120.0,105.0
2023-04-06 10:20:00,105.0,-41.25,63.75
2023-04-06 10:21:00,90.0,-22.5,67.5
2023-04-06 10:22:00,135.0,-15.0,120.0
2023-04-06 10:23:00,247.5,-63.75,183.75
2023-04-06 10:24:00,363.75,-172.5,191.25
2023-04-06 10:25:00,285.0,-48.75,236.25
2023-04-06 10:26:00,198.75,78.75,277.5
2023-04-06 10:27:00,217.5,22.5,240.0
2023-04-06 10:28:00,307.5,-112.5,195.0
2023-04-06 10:29:00,322.5,-131.25,191.25
2023-04-06 10:30:00,322.5,-60.0,262.5
2023-04-06 10:31:00,318.75,-33.75,285.0
2023-04-06 10:32:00,258.75,60.0,318.75
2023-04-06 10:33:00,225.0,116.25,341.25
2023-04-06 10:34:00,228.75,135.0,363.75
2023-04-06 10:35:00,292.5,60.0,352.5
2023-04-06 10:36:00,281.25,157.5,438.75
2023-04-06 10:37:00,292.5,165.0,457.5
2023-04-06 10:38:00,251.25,251.25,502.5
2023-04-06 10:39:00,236.25,255.0,491.25
2023-04-06 10:40:00,270.0,202.5,472.5
2023-04-06 10:41:00,228.75,330.0,558.75
2023-04-06 10:42:00,165.0,371.25,536.25
2023-04-06 10:43:00,150.0,438.75,588.75
2023-04-06 10:44:00,101.25,453.75,555.0
2023-04-06 10:45:00,142.5,438.75,581.25
2023-04-06 10:46:00,262.5,386.25,648.75
2023-04-06 10:47:00,210.0,412.5,622.5
2023-04-06 10:48:00,247.5,375.0,622.5
2023-04-06 10:49:00,232.5,360.0,592.5
2023-04-06 10:50:00,228.75,416.25,645.0
2023-04-06 10:51:00,236.25,405.0,641.25
2023-04-06 10:52:00,255.0,363.75,618.75
2023-04-06 10:53:00,270.0,345.0,615.0
2023-04-06 10:54:00,243.75,408.75,652.5
2023-04-06 10:55:00,183.75,491.25,675.0
2023-04-06 10:56:00,206.25,446.25,652.5
2023-04-06 10:57:00,198.75,502.5,701.25
2023-04-06 10:58:00,71.25,656.25,727.5
2023-04-06 10:59:00,26.25,746.25,772.5
2023-04-06 11:00:00,71.25,787.5,858.75
2023-04-06 11:01:00,82.5,765.0,847.5
2023-04-06 11:02:00,75.0,776.25,851.25
2023-04-06 11:03:00,127.5,738.75,866.25
2023-04-06 11:04:00,168.75,712.5,881.25
2023-04-06 11:05:00,138.75,738.75,877.5
2023-04-06 11:06:00,108.75,768.75,877.5
2023-04-06 11:07:00,52.5,843.75,896.25
2023-04-06 11:08:00,71.25,828.75,900.0
2023-04-06 11:09:00,93.75,825.0,918.75
2023-04-06 11:10:00,41.25,900.0,941.25
2023-04-06 11:11:00,-75.0,907.5,832.5
2023-04-06 11:12:00,-3.75,892.5,888.75
2023-04-06 11:13:00,15.0,881.25,896.25
2023-04-06 11:14:00,-3.75,911.25,907.5
2023-04-06 11:15:00,-11.25,941.25,930.0
2023-04-06 11:16:00,-15.0,907.5,892.5
2023-04-06 11:17:00,-22.5,911.25,888.75
2023-04-06 11:18:00,142.5,828.75,971.25
2023-04-06 11:19:00,337.5,697.5,1035.0
2023-04-06 11:20:00,412.5,435.0,847.5
2023-04-06 11:21:00,311.25,532.5,843.75
2023-04-06 11:22:00,296.25,633.75,930.0
2023-04-06 11:23:00,258.75,727.5,986.25
2023-04-06 11:24:00,116.25,843.75,960.0
2023-04-06 11:25:00,127.5,817.5,945.0
2023-04-06 11:26:00,225.0,750.0,975.0
2023-04-06 11:27:00,210.0,731.25,941.25
2023-04-06 11:28:00,183.75,753.75,937.5
2023-04-06 11:29:00,150.0,813.75,963.75
2023-04-06 11:30:00,202.5,750.0,952.5
2023-04-06 11:31:00,176.25,783.75,960.0
2023-04-06 11:32:00,168.75,795.0,963.75
2023-04-06 11:33:00,161.25,780.0,941.25
2023-04-06 11:34:00,116.25,802.5,918.75
2023-04-06 11:35:00,60.0,813.75,873.75
2023-04-06 11:36:00,206.25,727.5,933.75
2023-04-06 11:37:00,191.25,738.75,930.0
2023-04-06 11:38:00,191.25,723.75,915.0
2023-04-06 11:39:00,131.25,780.0,911.25
2023-04-06 11:40:00,127.5,817.5,945.0
2023-04-06 11:41:00,195.0,757.5,952.5
2023-04-06 11:42:00,172.5,757.5,930.0
2023-04-06 11:43:00,232.5,723.75,956.25
2023-04-06 11:44:00,232.5,746.25,978.75
2023-04-06 11:45:00,217.5,765.0,982.5
2023-04-06 11:46:00,176.25,787.5,963.75
2023-04-06 11:47:00,138.75,847.5,986.25
2023-04-06 11:48:00,97.5,858.75,956.25
2023-04-06 11:49:00,251.25,731.25,982.5
2023-04-06 11:50:00,255.0,712.5,967.5
2023-04-06 11:51:00,206.25,772.5,978.75
2023-04-06 11:52:00,247.5,735.0,982.5
2023-04-06 11:53:00,277.5,705.0,982.5
2023-04-06 11:54:00,285.0,705.0,990.0
2023-04-06 11:55:00,333.75,663.75,997.5
2023-04-06 11:56:00,363.75,656.25,1020.0
2023-04-06 11:57:00,281.25,735.0,1016.25
2023-04-06 11:58:00,337.5,652.5,990.0
2023-04-06 11:59:00,405.0,596.25,1001.25
2023-04-06 12:00:00,397.5,648.75,1046.25
2023-04-06 12:01:00,367.5,686.25,1053.75
2023-04-06 12:02:00,363.75,671.25,1035.0
2023-04-06 12:03:00,311.25,723.75,1035.0
2023-04-06 12:04:00,292.5,765.0,1057.5
2023-04-06 12:05:00,311.25,757.5,1068.75
2023-04-06 12:06:00,285.0,787.5,1072.5
2023-04-06 12:07:00,367.5,708.75,1076.25
2023-04-06 12:08:00,397.5,660.0,1057.5
2023-04-06 12:09:00,352.5,727.5,1080.0
2023-04-06 12:10:00,360.0,693.75,1053.75
2023-04-06 12:11:00,420.0,630.0,1050.0
2023-04-06 12:12:00,386.25,697.5,1083.75
2023-04-06 12:13:00,375.0,723.75,1098.75
2023-04-06 12:14:00,375.0,735.0,1110.0
2023-04-06 12:15:00,378.75,757.5,1136.25
2023-04-06 12:16:00,367.5,765.0,1132.5
2023-04-06 12:17:00,375.0,780.0,1155.0
2023-04-06 12:18:00,345.0,787.5,1132.5
2023-04-06 12:19:00,363.75,776.25,1140.0
2023-04-06 12:20:00,318.75,825.0,1143.75
2023-04-06 12:21:00,296.25,825.0,1121.25
2023-04-06 12:22:00,285.0,915.0,1200.0
2023-04-06 12:23:00,210.0,967.5,1177.5
2023-04-06 12:24:00,221.25,907.5,1128.75
2023-04-06 12:25:00,240.0,903.75,1143.75
2023-04-06 12:26:00,273.75,873.75,1147.5
2023-04-06 12:27:00,240.0,911.25,1151.25
2023-04-06 12:28:00,206.25,952.5,1158.75
2023-04-06 12:29:00,243.75,915.0,1158.75
2023-04-06 12:30:00,198.75,933.75,1132.5
2023-04-06 12:31:00,180.0,922.5,1102.5
2023-04-06 12:32:00,217.5,915.0,1132.5
2023-04-06 12:33:00,273.75,903.75,1177.5
2023-04-06 12:34:00,322.5,851.25,1173.75
2023-04-06 12:35:00,277.5,858.75,1136.25
2023-04-06 12:36:00,255.0,941.25,1196.25
2023-04-06 12:37:00,191.25,1053.75,1245.0
2023-04-06 12:38:00,172.5,1027.5,1200.0
2023-04-06 12:39:00,153.75,1031.25,1185.0
2023-04-06 12:40:00,7.5,1095.0,1102.5
2023-04-06 12:41:00,161.25,1038.75,1200.0
2023-04-06 12:42:00,195.0,1046.25,1241.25
2023-04-06 12:43:00,157.5,1046.25,1203.75
2023-04-06 12:44:00,123.75,1117.5,1241.25
2023-04-06 12:45:00,30.0,1143.75,1173.75
2023-04-06 12:46:00,75.0,1143.75,1218.75
2023-04-06 12:47:00,82.5,1136.25,1218.75
2023-04-06 12:48:00,101.25,1125.0,1226.25
2023-04-06 12:49:00,82.5,1125.0,1207.5
2023-04-06 12:50:00,18.75,1166.25,1185.0
2023-04-06 12:51:00,30.0,1181.25,1211.25
2023-04-06 12:52:00,75.0,1162.5,1237.5
2023-04-06 12:53:00,56.25,1162.5,1218.75
2023-04-06 12:54:00,11.25,1173.75,1185.0
2023-04-06 12:55:00,22.5,1188.75,1211.25
2023-04-06 12:56:00,26.25,1203.75,1230.0
2023-04-06 12:57:00,-198.75,1252.5,1053.75
2023-04-06 12:58:00,-292.5,1263.75,971.25
2023-04-06 12:59:00,-202.5,1256.25,1053.75
2023-04-06 13:00:00,-131.25,1248.75,1117.5
2023-04-06 13:01:00,-138.75,1226.25,1087.5
2023-04-06 13:02:00,18.75,1192.5,1211.25
2023-04-06 13:03:00,-75.0,1207.5,1132.5
2023-04-06 13:04:00,-135.0,1207.5,1072.5
2023-04-06 13:05:00,-131.25,1196.25,1065.0
2023-04-06 13:06:00,-63.75,1192.5,1128.75
2023-04-06 13:07:00,56.25,1166.25,1222.5
2023-04-06 13:08:00,78.75,1151.25,1230.0
2023-04-06 13:09:00,56.25,1166.25,1222.5
2023-04-06 13:10:00,142.5,1140.0,1282.5
2023-04-06 13:11:00,206.25,1151.25,1357.5
2023-04-06 13:12:00,191.25,1128.75,1320.0
2023-04-06 13:13:00,183.75,1151.25,1335.0
2023-04-06 13:14:00,172.5,1166.25,1338.75
2023-04-06 13:15:00,198.75,1132.5,1331.25
2023-04-06 13:16:00,206.25,1140.0,1346.25
2023-04-06 13:17:00,232.5,1121.25,1353.75
2023-04-06 13:18:00,210.0,1136.25,1346.25
2023-04-06 13:19:00,240.0,1117.5,1357.5
2023-04-06 13:20:00,476.25,1005.0,1481.25
2023-04-06 13:21:00,390.0,1098.75,1488.75
2023-04-06 13:22:00,345.0,1106.25,1451.25
2023-04-06 13:23:00,277.5,1102.5,1380.0
2023-04-06 13:24:00,397.5,1050.0,1447.5
2023-04-06 13:25:00,412.5,1053.75,1466.25
2023-04-06 13:26:00,476.25,1027.5,1503.75
2023-04-06 13:27:00,367.5,1080.0,1447.5
2023-04-06 13:28:00,393.75,1016.25,1410.0
2023-04-06 13:29:00,363.75,1050.0,1413.75
2023-04-06 13:30:00,371.25,1110.0,1481.25
2023-04-06 13:31:00,393.75,1113.75,1507.5
2023-04-06 13:32:00,390.0,1132.5,1522.5
2023-04-06 13:33:00,442.5,1095.0,1537.5
2023-04-06 13:34:00,420.0,1106.25,1526.25
2023-04-06 13:35:00,416.25,1095.0,1511.25
2023-04-06 13:36:00,397.5,1121.25,1518.75
2023-04-06 13:37:00,472.5,1057.5,1530.0
2023-04-06 13:38:00,461.25,1083.75,1545.0
2023-04-06 13:39:00,667.5,978.75,1646.25
2023-04-06 13:40:00,742.5,810.0,1552.5
2023-04-06 13:41:00,705.0,836.25,1541.25
2023-04-06 13:42:00,776.25,780.0,1556.25
2023-04-06 13:43:00,783.75,585.0,1368.75
2023-04-06 13:44:00,825.0,558.75,1383.75
2023-04-06 13:45:00,851.25,453.75,1305.0
2023-04-06 13:46:00,847.5,292.5,1140.0
2023-04-06 13:47:00,817.5,498.75,1316.25
2023-04-06 13:48:00,836.25,67.5,903.75
2023-04-06 13:49:00,832.5,285.0,1117.5
2023-04-06 13:50:00,836.25,292.5,1128.75
2023-04-06 13:51:00,840.0,412.5,1252.5
2023-04-06 13:52:00,870.0,225.0,1095.0
2023-04-06 13:53:00,862.5,236.25,1098.75
2023-04-06 13:54:00,881.25,7.5,888.75
2023-04-06 13:55:00,892.5,-195.0,697.5
2023-04-06 13:56:00,885.0,168.75,1053.75
2023-04-06 13:57:00,885.0,67.5,952.5
2023-04-06 13:58:00,866.25,296.25,1162.5
2023-04-06 13:59:00,866.25,236.25,1102.5
2023-04-06 14:00:00,862.5,288.75,1151.25
2023-04-06 14:01:00,836.25,476.25,1312.5
2023-04-06 14:02:00,806.25,731.25,1537.5
2023-04-06 14:03:00,795.0,862.5,1657.5
2023-04-06 14:04:00,843.75,705.0,1548.75
2023-04-06 14:05:00,847.5,757.5,1605.0
2023-04-06 14:06:00,832.5,892.5,1725.0
2023-04-06 14:07:00,825.0,933.75,1758.75
2023-04-06 14:08:00,858.75,802.5,1661.25
2023-04-06 14:09:00,843.75,877.5,1721.25
2023-04-06 14:10:00,858.75,825.0,1683.75
2023-04-06 14:11:00,855.0,948.75,1803.75
2023-04-06 14:12:00,862.5,870.0,1732.5
2023-04-06 14:13:00,900.0,690.0,1590.0
2023-04-06 14:14:00,873.75,821.25,1695.0
2023-04-06 14:15:00,873.75,817.5,1691.25
2023-04-06 14:16:00,877.5,821.25,1698.75
2023-04-06 14:17:00,885.0,896.25,1781.25
2023-04-06 14:18:00,870.0,866.25,1736.25
2023-04-06 14:19:00,881.25,768.75,1650.0
2023-04-06 14:20:00,900.0,663.75,1563.75
2023-04-06 14:21:00,877.5,926.25,1803.75
2023-04-06 14:22:00,885.0,821.25,1706.25
2023-04-06 14:23:00,888.75,817.5,1706.25
2023-04-06 14:24:00,881.25,862.5,1743.75
2023-04-06 14:25:00,877.5,918.75,1796.25
2023-04-06 14:26:00,855.0,1072.5,1927.5
2023-04-06 14:27:00,851.25,1151.25,2002.5
2023-04-06 14:28:00,851.25,1121.25,1972.5
2023-04-06 14:29:00,866.25,1046.25,1912.5
2023-04-06 14:30:00,862.5,1053.75,1916.25
2023-04-06 14:31:00,858.75,1083.75,1942.5
2023-04-06 14:32:00,855.0,1106.25,1961.25
2023-04-06 14:33:00,828.75,1260.0,2088.75
2023-04-06 14:34:00,832.5,1252.5,2085.0
2023-04-06 14:35:00,817.5,1301.25,2118.75
2023-04-06 14:36:00,840.0,1278.75,2118.75
2023-04-06 14:37:00,851.25,1260.0,2111.25
2023-04-06 14:38:00,810.0,1335.0,2145.0
2023-04-06 14:39:00,802.5,1346.25,2148.75
2023-04-06 14:40:00,821.25,1338.75,2160.0
2023-04-06 14:41:00,787.5,1368.75,2156.25
2023-04-06 14:42:00,806.25,1357.5,2163.75
2023-04-06 14:43:00,851.25,1342.5,2193.75
2023-04-06 14:44:00,873.75,1323.75,2197.5
2023-04-06 14:45:00,888.75,1312.5,2201.25
2023-04-06 14:46:00,918.75,1290.0,2208.75
2023-04-06 14:47:00,885.0,1316.25,2201.25
2023-04-06 14:48:00,881.25,1346.25,2227.5
2023-04-06 14:49:00,862.5,1376.25,2238.75
2023-04-06 14:50:00,866.25,1398.75,2265.0
2023-04-06 14:51:00,888.75,1395.0,2283.75
2023-04-06 14:52:00,858.75,1425.0,2283.75
2023-04-06 14:53:00,851.25,1417.5,2268.75
2023-04-06 14:54:00,858.75,1417.5,2276.25
2023-04-06 14:55:00,903.75,1413.75,2317.5
2023-04-06 14:56:00,896.25,1395.0,2291.25
2023-04-06 14:57:00,896.25,1406.25,2302.5
2023-04-06 14:58:00,888.75,1402.5,2291.25
2023-04-06 14:59:00,903.75,1417.5,2321.25
2023-04-06 15:00:00,881.25,1410.0,2291.25
2023-04-06 15:01:00,945.0,1425.0,2370.0
2023-04-06 15:02:00,963.75,1443.75,2407.5
2023-04-06 15:03:00,963.75,1451.25,2415.0
2023-04-06 15:04:00,971.25,1451.25,2422.5
2023-04-06 15:05:00,975.0,1458.75,2433.75
2023-04-06 15:06:00,978.75,1458.75,2437.5
2023-04-06 15:07:00,975.0,1466.25,2441.25
2023-04-06 15:08:00,978.75,1462.5,2441.25
2023-04-06 15:09:00,978.75,1462.5,2441.25
2023-04-06 15:10:00,978.75,1462.5,2441.25
2023-04-06 15:11:00,978.75,1458.75,2437.5
2023-04-06 15:12:00,982.5,1458.75,2441.25
2023-04-06 15:13:00,978.75,1455.0,2433.75
2023-04-06 15:14:00,986.25,1458.75,2445.0
2023-04-06 15:15:00,986.25,1458.75,2445.0
2023-04-06 15:16:00,982.5,1466.25,2448.75
2023-04-06 15:17:00,986.25,1470.0,2456.25
2023-04-06 15:18:00,986.25,1466.25,2452.5
2023-04-06 15:19:00,982.5,1473.75,2456.25
2023-04-06 15:20:00,982.5,1473.75,2456.25
2023-04-06 15:21:00,982.5,1473.75,2456.25
2023-04-06 15:22:00,982.5,1473.75,2456.25
2023-04-06 15:23:00,982.5,1473.75,2456.25
2023-04-06 15:24:00,982.5,1473.75,2456.25
2023-04-06 15:25:00,982.5,1473.75,2456.25
2023-04-06 15:26:00,982.5,1473.75,2456.25
2023-04-06 15:27:00,982.5,1473.75,2456.25
2023-04-06 15:28:00,982.5,1473.75,2456.25
2023-04-06 15:29:00,982.5,1473.75,2456.25
2023-04-06 15:30:00,982.5,1473.75,2456.25
2023-04-13 10:15:00,0.0,0.0,0.0
2023-04-13 10:16:00,-176.25,236.25,60.0
2023-04-13 10:17:00,-217.5,296.25,78.75
2023-04-13 10:18:00,-90.0,161.25,71.25
2023-04-13 10:19:00,7.5,15.0,22.5
2023-04-13 10:20:00,52.5,-71.25,-18.75
2023-04-13 10:21:00,-11.25,7.5,-3.75
2023-04-13 10:22:00,-30.0,63.75,33.75
2023-04-13 10:23:00,-11.25,37.5,26.25
2023-04-13 10:24:00,-11.25,97.5,86.25
2023-04-13 10:25:00,-108.75,195.0,86.25
2023-04-13 10:26:00,-202.5,262.5,60.0
2023-04-13 10:27:00,-90.0,168.75,78.75
2023-04-13 10:28:00,-82.5,157.5,75.0
2023-04-13 10:29:00,-116.25,202.5,86.25
2023-04-13 10:30:00,-116.25,240.0,123.75
2023-04-13 10:31:00,-75.0,206.25,131.25
2023-04-13 10:32:00,-105.0,236.25,131.25
2023-04-13 10:33:00,-191.25,337.5,146.25
2023-04-13 10:34:00,-165.0,337.5,172.5
2023-04-13 10:35:00,-191.25,386.25,195.0
2023-04-13 10:36:00,-157.5,345.0,187.5
2023-04-13 10:37:00,-37.5,243.75,206.25
2023-04-13 10:38:00,-161.25,386.25,225.0
2023-04-13 10:39:00,-228.75,528.75,300.0
2023-04-13 10:40:00,-187.5,491.25,303.75
2023-04-13 10:41:00,-146.25,457.5,311.25
2023-04-13 10:42:00,-67.5,382.5,315.0
2023-04-13 10:43:00,-45.0,363.75,318.75
2023-04-13 10:44:00,56.25,255.0,311.25
2023-04-13 10:45:00,26.25,251.25,277.5
2023-04-13 10:46:00,75.0,161.25,236.25
2023-04-13 10:47:00,105.0,135.0,240.0
2023-04-13 10:48:00,86.25,183.75,270.0
2023-04-13 10:49:00,262.5,-78.75,183.75
2023-04-13 10:50:00,326.25,-198.75,127.5
2023-04-13 10:51:00,326.25,-165.0,161.25
2023-04-13 10:52:00,315.0,-161.25,153.75
2023-04-13 10:53:00,281.25,-97.5,183.75
2023-04-13 10:54:00,322.5,-180.0,142.5
2023-04-13 10:55:00,435.0,-412.5,22.5
2023-04-13 10:56:00,476.25,-480.0,-3.75
2023-04-13 10:57:00,461.25,-300.0,161.25
2023-04-13 10:58:00,431.25,-292.5,138.75
2023-04-13 10:59:00,457.5,-487.5,-30.0
2023-04-13 11:00:00,450.0,-517.5,-67.5
2023-04-13 11:01:00,438.75,-435.0,3.75
2023-04-13 11:02:00,446.25,-420.0,26.25
2023-04-13 11:03:00,450.0,-543.75,-93.75
2023-04-13 11:04:00,453.75,-472.5,-18.75
2023-04-13 11:05:00,502.5,-600.0,-97.5
2023-04-13 11:06:00,495.0,-483.75,11.25
2023-04-13 11:07:00,476.25,-483.75,-7.5
2023-04-13 11:08:00,487.5,-607.5,-120.0
2023-04-13 11:09:00,476.25,-543.75,-67.5
2023-04-13 11:10:00,453.75,-382.5,71.25
2023-04-13 11:11:00,468.75,-555.0,-86.25
2023-04-13 11:12:00,543.75,-896.25,-352.5
2023-04-13 11:13:00,547.5,-903.75,-356.25
2023-04-13 11:14:00,562.5,-986.25,-423.75
2023-04-13 11:15:00,558.75,-1020.0,-461.25
2023-04-13 11:16:00,742.5,-1203.75,-461.25
2023-04-13 11:17:00,585.0,-937.5,-352.5
2023-04-13 11:18:00,656.25,-1068.75,-412.5
2023-04-13 11:19:00,532.5,-911.25,-378.75
2023-04-13 11:20:00,457.5,-802.5,-345.0
2023-04-13 11:21:00,337.5,-727.5,-390.0
2023-04-13 11:22:00,435.0,-825.0,-390.0
2023-04-13 11:23:00,390.0,-772.5,-382.5
2023-04-13 11:24:00,611.25,-1001.25,-390.0
2023-04-13 11:25:00,570.0,-986.25,-416.25
2023-04-13 11:26:00,630.0,-990.0,-360.0
2023-04-13 11:27:00,622.5,-960.0,-337.5
2023-04-13 11:28:00,555.0,-915.0,-360.0
2023-04-13 11:29:00,618.75,-982.5,-363.75
2023-04-13 11:30:00,420.0,-776.25,-356.25
2023-04-13 11:31:00,438.75,-813.75,-375.0
2023-04-13 11:32:00,558.75,-930.0,-371.25
2023-04-13 11:33:00,138.75,-435.0,-296.25
2023-04-13 11:34:00,191.25,-525.0,-333.75
2023-04-13 11:35:00,371.25,-645.0,-273.75
2023-04-13 11:36:00,273.75,-585.0,-311.25
2023-04-13 11:37:00,273.75,-588.75,-315.0
2023-04-13 11:38:00,183.75,-491.25,-307.5
2023-04-13 11:39:00,157.5,-416.25,-258.75
2023-04-13 11:40:00,105.0,-356.25,-251.25
2023-04-13 11:41:00,67.5,-281.25,-213.75
2023-04-13 11:42:00,71.25,-292.5,-221.25
2023-04-13 11:43:00,120.0,-307.5,-187.5
2023-04-13 11:44:00,172.5,-307.5,-135.0
2023-04-13 11:45:00,-7.5,-161.25,-168.75
2023-04-13 11:46:00,-165.0,-37.5,-202.5
2023-04-13 11:47:00,-206.25,60.0,-146.25
2023-04-13 11:48:00,-30.0,-56.25,-86.25
2023-04-13 11:49:00,105.0,-195.0,-90.0
2023-04-13 11:50:00,-33.75,-97.5,-131.25
2023-04-13 11:51:00,-127.5,-37.5,-165.0
2023-04-13 11:52:00,-48.75,-75.0,-123.75
2023-04-13 11:53:00,108.75,-210.0,-101.25
2023-04-13 11:54:00,-26.25,-82.5,-108.75
2023-04-13 11:55:00,48.75,-146.25,-97.5
2023-04-13 11:56:00,-86.25,-7.5,-93.75
2023-04-13 11:57:00,-101.25,-18.75,-120.0
2023-04-13 11:58:00,-48.75,-33.75,-82.5
2023-04-13 11:59:00,-45.0,-33.75,-78.75
2023-04-13 12:00:00,-146.25,75.0,-71.25
2023-04-13 12:01:00,71.25,-97.5,-26.25
2023-04-13 12:02:00,-7.5,-48.75,-56.25
2023-04-13 12:03:00,258.75,-157.5,101.25
2023-04-13 12:04:00,382.5,-225.0,157.5
2023-04-13 12:05:00,633.75,-341.25,292.5
2023-04-13 12:06:00,641.25,-397.5,243.75
2023-04-13 12:07:00,588.75,-360.0,228.75
2023-04-13 12:08:00,566.25,-352.5,213.75
2023-04-13 12:09:00,573.75,-375.0,198.75
2023-04-13 12:10:00,607.5,-378.75,228.75
2023-04-13 12:11:00,727.5,-480.0,247.5
2023-04-13 12:12:00,742.5,-483.75,258.75
2023-04-13 12:13:00,907.5,-562.5,345.0
2023-04-13 12:14:00,967.5,-566.25,401.25
2023-04-13 12:15:00,1065.0,-633.75,431.25
2023-04-13 12:16:00,1151.25,-765.0,386.25
2023-04-13 12:17:00,1215.0,-892.5,322.5
2023-04-13 12:18:00,1308.75,-945.0,363.75
2023-04-13 12:19:00,1432.5,-1155.0,277.5
2023-04-13 12:20:00,1462.5,-1230.0,232.5
2023-04-13 12:21:00,1271.25,-858.75,412.5
2023-04-13 12:22:00,1233.75,-843.75,390.0
2023-04-13 12:23:00,1290.0,-930.0,360.0
2023-04-13 12:24:00,1372.5,-1080.0,292.5
2023-04-13 12:25:00,1305.0,-1008.75,296.25
2023-04-13 12:26:00,1121.25,-678.75,442.5
2023-04-13 12:27:00,1091.25,-641.25,450.0
2023-04-13 12:28:00,1155.0,-735.0,420.0
2023-04-13 12:29:00,1095.0,-716.25,378.75
2023-04-13 12:30:00,1245.0,-840.0,405.0
2023-04-13 12:31:00,1275.0,-911.25,363.75
2023-04-13 12:32:00,1668.75,-1507.5,161.25
2023-04-13 12:33:00,1421.25,-1080.0,341.25
2023-04-13 12:34:00,1500.0,-1260.0,240.0
2023-04-13 12:35:00,1586.25,-1305.0,281.25
2023-04-13 12:36:00,1563.75,-1350.0,213.75
2023-04-13 12:37:00,1398.75,-1117.5,281.25
2023-04-13 12:38:00,1316.25,-896.25,420.0
2023-04-13 12:39:00,1271.25,-802.5,468.75
2023-04-13 12:40:00,1286.25,-825.0,461.25
2023-04-13 12:41:00,1166.25,-656.25,510.0
2023-04-13 12:42:00,1192.5,-615.0,577.5
2023-04-13 12:43:00,911.25,-315.0,596.25
2023-04-13 12:44:00,1038.75,-438.75,600.0
2023-04-13 12:45:00,892.5,-285.0,607.5
2023-04-13 12:46:00,615.0,-146.25,468.75
2023-04-13 12:47:00,900.0,-247.5,652.5
2023-04-13 12:48:00,1091.25,-442.5,648.75
2023-04-13 12:49:00,888.75,-307.5,581.25
2023-04-13 12:50:00,641.25,-71.25,570.0
2023-04-13 12:51:00,723.75,-120.0,603.75
2023-04-13 12:52:00,645.0,-63.75,581.25
2023-04-13 12:53:00,821.25,-187.5,633.75
2023-04-13 12:54:00,712.5,-93.75,618.75
2023-04-13 12:55:00,566.25,56.25,622.5
2023-04-13 12:56:00,472.5,187.5,660.0
2023-04-13 12:57:00,277.5,307.5,585.0
2023-04-13 12:58:00,142.5,345.0,487.5
2023-04-13 12:59:00,-33.75,405.0,371.25
2023-04-13 13:00:00,-300.0,517.5,217.5
2023-04-13 13:01:00,-93.75,461.25,367.5
2023-04-13 13:02:00,26.25,352.5,378.75
2023-04-13 13:03:00,86.25,337.5,423.75
2023-04-13 13:04:00,93.75,352.5,446.25
2023-04-13 13:05:00,225.0,337.5,562.5
2023-04-13 13:06:00,243.75,300.0,543.75
2023-04-13 13:07:00,382.5,251.25,633.75
2023-04-13 13:08:00,457.5,202.5,660.0
2023-04-13 13:09:00,731.25,48.75,780.0
2023-04-13 13:10:00,731.25,37.5,768.75
2023-04-13 13:11:00,870.0,-26.25,843.75
2023-04-13 13:12:00,858.75,30.0,888.75
2023-04-13 13:13:00,1023.75,-71.25,952.5
2023-04-13 13:14:00,1155.0,-116.25,1038.75
2023-04-13 13:15:00,1173.75,-105.0,1068.75
2023-04-13 13:16:00,1091.25,-56.25,1035.0
2023-04-13 13:17:00,1230.0,-191.25,1038.75
2023-04-13 13:18:00,982.5,7.5,990.0
2023-04-13 13:19:00,937.5,78.75,1016.25
2023-04-13 13:20:00,930.0,67.5,997.5
2023-04-13 13:21:00,825.0,120.0,945.0
2023-04-13 13:22:00,963.75,18.75,982.5
2023-04-13 13:23:00,1020.0,-26.25,993.75
2023-04-13 13:24:00,900.0,135.0,1035.0
2023-04-13 13:25:00,1008.75,52.5,1061.25
2023-04-13 13:26:00,990.0,52.5,1042.5
2023-04-13 13:27:00,1170.0,-45.0,1125.0
2023-04-13 13:28:00,1020.0,75.0,1095.0
2023-04-13 13:29:00,1012.5,93.75,1106.25
2023-04-13 13:30:00,690.0,348.75,1038.75
2023-04-13 13:31:00,262.5,592.5,855.0
2023-04-13 13:32:00,236.25,618.75,855.0
2023-04-13 13:33:00,281.25,596.25,877.5
2023-04-13 13:34:00,172.5,633.75,806.25
2023-04-13 13:35:00,120.0,682.5,802.5
2023-04-13 13:36:00,0.0,716.25,716.25
2023-04-13 13:37:00,-202.5,787.5,585.0
2023-04-13 13:38:00,195.0,675.0,870.0
2023-04-13 13:39:00,525.0,558.75,1083.75
2023-04-13 13:40:00,255.0,663.75,918.75
2023-04-13 13:41:00,-187.5,795.0,607.5
2023-04-13 13:42:00,161.25,682.5,843.75
2023-04-13 13:43:00,243.75,652.5,896.25
2023-04-13 13:44:00,311.25,607.5,918.75
2023-04-13 13:45:00,345.0,607.5,952.5
2023-04-13 13:46:00,97.5,705.0,802.5
2023-04-13 13:47:00,266.25,645.0,911.25
2023-04-13 13:48:00,277.5,660.0,937.5
2023-04-13 13:49:00,888.75,427.5,1316.25
2023-04-13 13:50:00,1042.5,300.0,1342.5
2023-04-13 13:51:00,825.0,427.5,1252.5
2023-04-13 13:52:00,352.5,671.25,1023.75
2023-04-13 13:53:00,277.5,712.5,990.0
2023-04-13 13:54:00,468.75,660.0,1128.75
2023-04-13 13:55:00,307.5,712.5,1020.0
2023-04-13 13:56:00,108.75,776.25,885.0
2023-04-13 13:57:00,352.5,708.75,1061.25
2023-04-13 13:58:00,285.0,735.0,1020.0
2023-04-13 13:59:00,-63.75,873.75,810.0
2023-04-13 14:00:00,-48.75,873.75,825.0
2023-04-13 14:01:00,-116.25,862.5,746.25
2023-04-13 14:02:00,-423.75,952.5,528.75
2023-04-13 14:03:00,-236.25,892.5,656.25
2023-04-13 14:04:00,-345.0,948.75,603.75
2023-04-13 14:05:00,-480.0,997.5,517.5
2023-04-13 14:06:00,-532.5,1020.0,487.5
2023-04-13 14:07:00,-457.5,1016.25,558.75
2023-04-13 14:08:00,-457.5,997.5,540.0
2023-04-13 14:09:00,-427.5,982.5,555.0
2023-04-13 14:10:00,-472.5,1023.75,551.25
2023-04-13 14:11:00,-465.0,1012.5,547.5
2023-04-13 14:12:00,-397.5,952.5,555.0
2023-04-13 14:13:00,-420.0,982.5,562.5
2023-04-13 14:14:00,-367.5,930.0,562.5
2023-04-13 14:15:00,-390.0,930.0,540.0
2023-04-13 14:16:00,-435.0,1102.5,667.5
2023-04-13 14:17:00,-465.0,1155.0,690.0
2023-04-13 14:18:00,-480.0,1140.0,660.0
2023-04-13 14:19:00,-465.0,1151.25,686.25
2023-04-13 14:20:00,-502.5,1177.5,675.0
2023-04-13 14:21:00,-487.5,1192.5,705.0
2023-04-13 14:22:00,-525.0,1177.5,652.5
2023-04-13 14:23:00,-457.5,1147.5,690.0
2023-04-13 14:24:00,-450.0,1132.5,682.5
2023-04-13 14:25:00,-495.0,1188.75,693.75
2023-04-13 14:26:00,-532.5,1177.5,645.0
2023-04-13 14:27:00,-472.5,1132.5,660.0
2023-04-13 14:28:00,-390.0,1110.0,720.0
2023-04-13 14:29:00,-547.5,1241.25,693.75
2023-04-13 14:30:00,-525.0,1230.0,705.0
2023-04-13 14:31:00,-570.0,1245.0,675.0
2023-04-13 14:32:00,-555.0,1263.75,708.75
2023-04-13 14:33:00,-562.5,1245.0,682.5
2023-04-13 14:34:00,-532.5,1248.75,716.25
2023-04-13 14:35:00,-495.0,1237.5,742.5
2023-04-13 14:36:00,-480.0,1226.25,746.25
2023-04-13 14:37:00,-472.5,1218.75,746.25
2023-04-13 14:38:00,-465.0,1215.0,750.0
2023-04-13 14:39:00,-345.0,1188.75,843.75
2023-04-13 14:40:00,-375.0,1237.5,862.5
2023-04-13 14:41:00,-375.0,1230.0,855.0
2023-04-13 14:42:00,-367.5,1233.75,866.25
2023-04-13 14:43:00,-345.0,1218.75,873.75
2023-04-13 14:44:00,-300.0,1207.5,907.5
2023-04-13 14:45:00,-285.0,1233.75,948.75
2023-04-13 14:46:00,-300.0,1271.25,971.25
2023-04-13 14:47:00,-352.5,1316.25,963.75
2023-04-13 14:48:00,-367.5,1312.5,945.0
2023-04-13 14:49:00,-367.5,1305.0,937.5
2023-04-13 14:50:00,-367.5,1320.0,952.5
2023-04-13 14:51:00,-420.0,1338.75,918.75
2023-04-13 14:52:00,-487.5,1346.25,858.75
2023-04-13 14:53:00,-405.0,1342.5,937.5
2023-04-13 14:54:00,-352.5,1342.5,990.0
2023-04-13 14:55:00,-435.0,1350.0,915.0
2023-04-13 14:56:00,-465.0,1346.25,881.25
2023-04-13 14:57:00,-390.0,1338.75,948.75
2023-04-13 14:58:00,-487.5,1342.5,855.0
2023-04-13 14:59:00,-435.0,1346.25,911.25
2023-04-13 15:00:00,-457.5,1350.0,892.5
2023-04-13 15:01:00,-270.0,1350.0,1080.0
2023-04-13 15:02:00,-255.0,1357.5,1102.5
2023-04-13 15:03:00,-307.5,1365.0,1057.5
2023-04-13 15:04:00,-270.0,1365.0,1095.0
2023-04-13 15:05:00,-262.5,1365.0,1102.5
2023-04-13 15:06:00,-270.0,1365.0,1095.0
2023-04-13 15:07:00,-285.0,1372.5,1087.5
2023-04-13 15:08:00,-270.0,1372.5,1102.5
2023-04-13 15:09:00,-240.0,1372.5,1132.5
2023-04-13 15:10:00,-210.0,1372.5,1162.5
2023-04-13 15:11:00,-202.5,1372.5,1170.0
2023-04-13 15:12:00,-202.5,1372.5,1170.0
2023-04-13 15:13:00,-210.0,1376.25,1166.25
2023-04-13 15:14:00,-202.5,1376.25,1173.75
2023-04-13 15:15:00,-210.0,1376.25,1166.25
2023-04-13 15:16:00,-210.0,1380.0,1170.0
2023-04-13 15:17:00,-202.5,1380.0,1177.5
2023-04-13 15:18:00,-202.5,1383.75,1181.25
2023-04-13 15:19:00,-202.5,1383.75,1181.25
2023-04-13 15:20:00,-210.0,1383.75,1173.75
2023-04-13 15:21:00,-210.0,1383.75,1173.75
2023-04-13 15:22:00,-210.0,1383.75,1173.75
2023-04-13 15:23:00,-210.0,1383.75,1173.75
2023-04-13 15:24:00,-210.0,1383.75,1173.75
2023-04-13 15:25:00,-210.0,1383.75,1173.75
2023-04-13 15:26:00,-210.0,1383.75,1173.75
2023-04-13 15:27:00,-210.0,1383.75,1173.75
2023-04-13 15:28:00,-210.0,1383.75,1173.75
2023-04-13 15:29:00,-210.0,1383.75,1173.75
2023-04-13 15:30:00,-210.0,1383.75,1173.75
2023-04-20 10:15:00,0.0,0.0,0.0
2023-04-20 10:16:00,-82.5,191.25,108.75
2023-04-20 10:17:00,-123.75,217.5,93.75
2023-04-20 10:18:00,-138.75,277.5,138.75
2023-04-20 10:19:00,-153.75,318.75,165.0
2023-04-20 10:20:00,-123.75,255.0,131.25
2023-04-20 10:21:00,-142.5,262.5,120.0
2023-04-20 10:22:00,-78.75,191.25,112.5
2023-04-20 10:23:00,-52.5,157.5,105.0
2023-04-20 10:24:00,-71.25,165.0,93.75
2023-04-20 10:25:00,-112.5,243.75,131.25
2023-04-20 10:26:00,-22.5,60.0,37.5
2023-04-20 10:27:00,198.75,-390.0,-191.25
2023-04-20 10:28:00,142.5,-337.5,-195.0
2023-04-20 10:29:00,138.75,-348.75,-210.0
2023-04-20 10:30:00,172.5,-663.75,-491.25
2023-04-20 10:31:00,206.25,-761.25,-555.0
2023-04-20 10:32:00,225.0,-840.0,-615.0
2023-04-20 10:33:00,247.5,-1110.0,-862.5
2023-04-20 10:34:00,213.75,-855.0,-641.25
2023-04-20 10:35:00,221.25,-1188.75,-967.5
2023-04-20 10:36:00,202.5,-1068.75,-866.25
2023-04-20 10:37:00,78.75,-960.0,-881.25
2023-04-20 10:38:00,101.25,-941.25,-840.0
2023-04-20 10:39:00,-48.75,-768.75,-817.5
2023-04-20 10:40:00,195.0,-1020.0,-825.0
2023-04-20 10:41:00,56.25,-896.25,-840.0
2023-04-20 10:42:00,135.0,-948.75,-813.75
2023-04-20 10:43:00,108.75,-862.5,-753.75
2023-04-20 10:44:00,326.25,-1102.5,-776.25
2023-04-20 10:45:00,198.75,-1008.75,-810.0
2023-04-20 10:46:00,183.75,-945.0,-761.25
2023-04-20 10:47:00,-116.25,-645.0,-761.25
2023-04-20 10:48:00,-292.5,-483.75,-776.25
2023-04-20 10:49:00,-243.75,-562.5,-806.25
2023-04-20 10:50:00,-123.75,-611.25,-735.0
2023-04-20 10:51:00,-161.25,-626.25,-787.5
2023-04-20 10:52:00,-26.25,-716.25,-742.5
2023-04-20 10:53:00,-82.5,-678.75,-761.25
2023-04-20 10:54:00,-142.5,-611.25,-753.75
2023-04-20 10:55:00,-183.75,-630.0,-813.75
2023-04-20 10:56:00,-416.25,-420.0,-836.25
2023-04-20 10:57:00,-326.25,-461.25,-787.5
2023-04-20 10:58:00,-273.75,-465.0,-738.75
2023-04-20 10:59:00,-292.5,-468.75,-761.25
2023-04-20 11:00:00,-457.5,-300.0,-757.5
2023-04-20 11:01:00,-528.75,-221.25,-750.0
2023-04-20 11:02:00,-438.75,-273.75,-712.5
2023-04-20 11:03:00,-75.0,-472.5,-547.5
2023-04-20 11:04:00,-157.5,-461.25,-618.75
2023-04-20 11:05:00,-78.75,-491.25,-570.0
2023-04-20 11:06:00,142.5,-603.75,-461.25
2023-04-20 11:07:00,168.75,-660.0,-491.25
2023-04-20 11:08:00,198.75,-690.0,-491.25
2023-04-20 11:09:00,206.25,-682.5,-476.25
2023-04-20 11:10:00,412.5,-885.0,-472.5
2023-04-20 11:11:00,225.0,-648.75,-423.75
2023-04-20 11:12:00,176.25,-555.0,-378.75
2023-04-20 11:13:00,-37.5,-412.5,-450.0
2023-04-20 11:14:00,-236.25,-262.5,-498.75
2023-04-20 11:15:00,-292.5,-240.0,-532.5
2023-04-20 11:16:00,-513.75,-123.75,-637.5
2023-04-20 11:17:00,-716.25,78.75,-637.5
2023-04-20 11:18:00,-847.5,135.0,-712.5
2023-04-20 11:19:00,-772.5,97.5,-675.0
2023-04-20 11:20:00,-708.75,93.75,-615.0
2023-04-20 11:21:00,-708.75,86.25,-622.5
2023-04-20 11:22:00,-630.0,45.0,-585.0
2023-04-20 11:23:00,-585.0,56.25,-528.75
2023-04-20 11:24:00,-427.5,-18.75,-446.25
2023-04-20 11:25:00,-495.0,-18.75,-513.75
2023-04-20 11:26:00,-547.5,30.0,-517.5
2023-04-20 11:27:00,-562.5,37.5,-525.0
2023-04-20 11:28:00,-660.0,75.0,-585.0
2023-04-20 11:29:00,-536.25,45.0,-491.25
2023-04-20 11:30:00,-600.0,75.0,-525.0
2023-04-20 11:31:00,-551.25,45.0,-506.25
2023-04-20 11:32:00,-821.25,221.25,-600.0
2023-04-20 11:33:00,-1012.5,330.0,-682.5
2023-04-20 11:34:00,-933.75,307.5,-626.25
2023-04-20 11:35:00,-870.0,285.0,-585.0
2023-04-20 11:36:00,-836.25,292.5,-543.75
2023-04-20 11:37:00,-840.0,303.75,-536.25
2023-04-20 11:38:00,-963.75,352.5,-611.25
2023-04-20 11:39:00,-903.75,341.25,-562.5
2023-04-20 11:40:00,-806.25,307.5,-498.75
2023-04-20 11:41:00,-858.75,378.75,-480.0
2023-04-20 11:42:00,-941.25,412.5,-528.75
2023-04-20 11:43:00,-881.25,405.0,-476.25
2023-04-20 11:44:00,-247.5,210.0,-37.5
2023-04-20 11:45:00,-135.0,78.75,-56.25
2023-04-20 11:46:00,-176.25,82.5,-93.75
2023-04-20 11:47:00,-123.75,33.75,-90.0
2023-04-20 11:48:00,-75.0,3.75,-71.25
2023-04-20 11:49:00,56.25,-82.5,-26.25
2023-04-20 11:50:00,-187.5,67.5,-120.0
2023-04-20 11:51:00,-375.0,210.0,-165.0
2023-04-20 11:52:00,-753.75,420.0,-333.75
2023-04-20 11:53:00,-1095.0,528.75,-566.25
2023-04-20 11:54:00,-911.25,423.75,-487.5
2023-04-20 11:55:00,-622.5,348.75,-273.75
2023-04-20 11:56:00,-660.0,356.25,-303.75
2023-04-20 11:57:00,-663.75,356.25,-307.5
2023-04-20 11:58:00,-787.5,412.5,-375.0
2023-04-20 11:59:00,-600.0,322.5,-277.5
2023-04-20 12:00:00,-663.75,360.0,-303.75
2023-04-20 12:01:00,-652.5,345.0,-307.5
2023-04-20 12:02:00,-513.75,285.0,-228.75
2023-04-20 12:03:00,-645.0,360.0,-285.0
2023-04-20 12:04:00,-577.5,318.75,-258.75
2023-04-20 12:05:00,-652.5,337.5,-315.0
2023-04-20 12:06:00,-615.0,333.75,-281.25
2023-04-20 12:07:00,-596.25,322.5,-273.75
2023-04-20 12:08:00,-386.25,206.25,-180.0
2023-04-20 12:09:00,-157.5,105.0,-52.5
2023-04-20 12:10:00,-198.75,131.25,-67.5
2023-04-20 12:11:00,-442.5,255.0,-187.5
2023-04-20 12:12:00,-525.0,318.75,-206.25
2023-04-20 12:13:00,-352.5,206.25,-146.25
2023-04-20 12:14:00,-495.0,300.0,-195.0
2023-04-20 12:15:00,-303.75,198.75,-105.0
2023-04-20 12:16:00,-341.25,213.75,-127.5
2023-04-20 12:17:00,-378.75,247.5,-131.25
2023-04-20 12:18:00,-326.25,232.5,-93.75
2023-04-20 12:19:00,-22.5,78.75,56.25
2023-04-20 12:20:00,-18.75,37.5,18.75
2023-04-20 12:21:00,-221.25,168.75,-52.5
2023-04-20 12:22:00,-543.75,318.75,-225.0
2023-04-20 12:23:00,-697.5,408.75,-288.75
2023-04-20 12:24:00,-622.5,393.75,-228.75
2023-04-20 12:25:00,-540.0,375.0,-165.0
2023-04-20 12:26:00,-393.75,300.0,-93.75
2023-04-20 12:27:00,-292.5,236.25,-56.25
2023-04-20 12:28:00,-345.0,255.0,-90.0
2023-04-20 12:29:00,-420.0,322.5,-97.5
2023-04-20 12:30:00,-742.5,423.75,-318.75
2023-04-20 12:31:00,-427.5,292.5,-135.0
2023-04-20 12:32:00,-450.0,333.75,-116.25
2023-04-20 12:33:00,-273.75,247.5,-26.25
2023-04-20 12:34:00,-288.75,266.25,-22.5
2023-04-20 12:35:00,-206.25,191.25,-15.0
2023-04-20 12:36:00,-168.75,161.25,-7.5
2023-04-20 12:37:00,-90.0,105.0,15.0
2023-04-20 12:38:00,-165.0,127.5,-37.5
2023-04-20 12:39:00,112.5,-75.0,37.5
2023-04-20 12:40:00,262.5,-153.75,108.75
2023-04-20 12:41:00,-86.25,30.0,-56.25
2023-04-20 12:42:00,11.25,-22.5,-11.25
2023-04-20 12:43:00,7.5,0.0,7.5
2023-04-20 12:44:00,3.75,3.75,7.5
2023-04-20 12:45:00,165.0,-112.5,52.5
2023-04-20 12:46:00,142.5,-108.75,33.75
2023-04-20 12:47:00,172.5,-183.75,-11.25
2023-04-20 12:48:00,416.25,-322.5,93.75
2023-04-20 12:49:00,390.0,-228.75,161.25
2023-04-20 12:50:00,378.75,-198.75,180.0
2023-04-20 12:51:00,247.5,-101.25,146.25
2023-04-20 12:52:00,243.75,-93.75,150.0
2023-04-20 12:53:00,232.5,-63.75,168.75
2023-04-20 12:54:00,318.75,-82.5,236.25
2023-04-20 12:55:00,221.25,-56.25,165.0
2023-04-20 12:56:00,191.25,-18.75,172.5
2023-04-20 12:57:00,495.0,-240.0,255.0
2023-04-20 12:58:00,401.25,-168.75,232.5
2023-04-20 12:59:00,367.5,-202.5,165.0
2023-04-20 13:00:00,326.25,-90.0,236.25
2023-04-20 13:01:00,510.0,-285.0,225.0
2023-04-20 13:02:00,483.75,-232.5,251.25
2023-04-20 13:03:00,555.0,-300.0,255.0
2023-04-20 13:04:00,671.25,-318.75,352.5
2023-04-20 13:05:00,712.5,-386.25,326.25
2023-04-20 13:06:00,757.5,-386.25,371.25
2023-04-20 13:07:00,821.25,-397.5,423.75
2023-04-20 13:08:00,888.75,-435.0,453.75
2023-04-20 13:09:00,1267.5,-990.0,277.5
2023-04-20 13:10:00,1387.5,-885.0,502.5
2023-04-20 13:11:00,1447.5,-926.25,521.25
2023-04-20 13:12:00,1275.0,-686.25,588.75
2023-04-20 13:13:00,1260.0,-693.75,566.25
2023-04-20 13:14:00,1327.5,-798.75,528.75
2023-04-20 13:15:00,1241.25,-622.5,618.75
2023-04-20 13:16:00,1173.75,-547.5,626.25
2023-04-20 13:17:00,1087.5,-378.75,708.75
2023-04-20 13:18:00,1023.75,-285.0,738.75
2023-04-20 13:19:00,1091.25,-371.25,720.0
2023-04-20 13:20:00,986.25,-281.25,705.0
2023-04-20 13:21:00,1050.0,-352.5,697.5
2023-04-20 13:22:00,1125.0,-382.5,742.5
2023-04-20 13:23:00,1110.0,-326.25,783.75
2023-04-20 13:24:00,1050.0,-322.5,727.5
2023-04-20 13:25:00,1110.0,-315.0,795.0
2023-04-20 13:26:00,1143.75,-378.75,765.0
2023-04-20 13:27:00,1023.75,-217.5,806.25
2023-04-20 13:28:00,1068.75,-221.25,847.5
2023-04-20 13:29:00,1143.75,-300.0,843.75
2023-04-20 13:30:00,1102.5,-236.25,866.25
2023-04-20 13:31:00,1286.25,-446.25,840.0
2023-04-20 13:32:00,1335.0,-487.5,847.5
2023-04-20 13:33:00,1383.75,-536.25,847.5
2023-04-20 13:34:00,1353.75,-540.0,813.75
2023-04-20 13:35:00,1312.5,-510.0,802.5
2023-04-20 13:36:00,1372.5,-412.5,960.0
2023-04-20 13:37:00,1192.5,-195.0,997.5
2023-04-20 13:38:00,1170.0,-165.0,1005.0
2023-04-20 13:39:00,1338.75,-311.25,1027.5
2023-04-20 13:40:00,1372.5,-303.75,1068.75
2023-04-20 13:41:00,1436.25,-382.5,1053.75
2023-04-20 13:42:00,1436.25,-408.75,1027.5
2023-04-20 13:43:00,1350.0,-251.25,1098.75
2023-04-20 13:44:00,1590.0,-540.0,1050.0
2023-04-20 13:45:00,1398.75,-326.25,1072.5
2023-04-20 13:46:00,1380.0,-285.0,1095.0
2023-04-20 13:47:00,1233.75,-112.5,1121.25
2023-04-20 13:48:00,896.25,217.5,1113.75
2023-04-20 13:49:00,978.75,131.25,1110.0
2023-04-20 13:50:00,825.0,258.75,1083.75
2023-04-20 13:51:00,915.0,202.5,1117.5
2023-04-20 13:52:00,1061.25,101.25,1162.5
2023-04-20 13:53:00,1016.25,60.0,1076.25
2023-04-20 13:54:00,937.5,105.0,1042.5
2023-04-20 13:55:00,1008.75,90.0,1098.75
2023-04-20 13:56:00,1301.25,-150.0,1151.25
2023-04-20 13:57:00,1492.5,-318.75,1173.75
2023-04-20 13:58:00,1593.75,-375.0,1218.75
2023-04-20 13:59:00,1800.0,-663.75,1136.25
2023-04-20 14:00:00,1691.25,-525.0,1166.25
2023-04-20 14:01:00,1616.25,-375.0,1241.25
2023-04-20 14:02:00,1650.0,-453.75,1196.25
2023-04-20 14:03:00,1680.0,-453.75,1226.25
2023-04-20 14:04:00,1646.25,-330.0,1316.25
2023-04-20 14:05:00,1766.25,-491.25,1275.0
2023-04-20 14:06:00,1871.25,-641.25,1230.0
2023-04-20 14:07:00,1878.75,-641.25,1237.5
2023-04-20 14:08:00,1946.25,-626.25,1320.0
2023-04-20 14:09:00,1848.75,-457.5,1391.25
2023-04-20 14:10:00,1710.0,-108.75,1601.25
2023-04-20 14:11:00,1597.5,75.0,1672.5
2023-04-20 14:12:00,1631.25,3.75,1635.0
2023-04-20 14:13:00,1683.75,-56.25,1627.5
2023-04-20 14:14:00,1762.5,-206.25,1556.25
2023-04-20 14:15:00,1743.75,-161.25,1582.5
2023-04-20 14:16:00,1725.0,-78.75,1646.25
2023-04-20 14:17:00,1391.25,311.25,1702.5
2023-04-20 14:18:00,1402.5,330.0,1732.5
2023-04-20 14:19:00,1545.0,198.75,1743.75
2023-04-20 14:20:00,1323.75,401.25,1725.0
2023-04-20 14:21:00,1170.0,502.5,1672.5
2023-04-20 14:22:00,1057.5,600.0,1657.5
2023-04-20 14:23:00,1196.25,573.75,1770.0
2023-04-20 14:24:00,1443.75,465.0,1908.75
2023-04-20 14:25:00,1263.75,543.75,1807.5
2023-04-20 14:26:00,1428.75,476.25,1905.0
2023-04-20 14:27:00,1620.0,356.25,1976.25
2023-04-20 14:28:00,1537.5,442.5,1980.0
2023-04-20 14:29:00,1743.75,322.5,2066.25
2023-04-20 14:30:00,1455.0,532.5,1987.5
2023-04-20 14:31:00,1496.25,558.75,2055.0
2023-04-20 14:32:00,1350.0,678.75,2028.75
2023-04-20 14:33:00,1638.75,547.5,2186.25
2023-04-20 14:34:00,1563.75,607.5,2171.25
2023-04-20 14:35:00,1380.0,795.0,2175.0
2023-04-20 14:36:00,1293.75,825.0,2118.75
2023-04-20 14:37:00,1455.0,757.5,2212.5
2023-04-20 14:38:00,1488.75,765.0,2253.75
2023-04-20 14:39:00,1413.75,832.5,2246.25
2023-04-20 14:40:00,1503.75,795.0,2298.75
2023-04-20 14:41:00,1560.0,783.75,2343.75
2023-04-20 14:42:00,1852.5,645.0,2497.5
2023-04-20 14:43:00,1792.5,701.25,2493.75
2023-04-20 14:44:00,1762.5,765.0,2527.5
2023-04-20 14:45:00,1796.25,761.25,2557.5
2023-04-20 14:46:00,1687.5,832.5,2520.0
2023-04-20 14:47:00,1800.0,708.75,2508.75
2023-04-20 14:48:00,1901.25,761.25,2662.5
2023-04-20 14:49:00,1852.5,813.75,2666.25
2023-04-20 14:50:00,1781.25,843.75,2625.0
2023-04-20 14:51:00,1845.0,798.75,2643.75
2023-04-20 14:52:00,1867.5,821.25,2688.75
2023-04-20 14:53:00,1957.5,731.25,2688.75
2023-04-20 14:54:00,1935.0,772.5,2707.5
2023-04-20 14:55:00,1901.25,810.0,2711.25
2023-04-20 14:56:00,2043.75,757.5,2801.25
2023-04-20 14:57:00,2152.5,712.5,2865.0
2023-04-20 14:58:00,2043.75,783.75,2827.5
2023-04-20 14:59:00,1878.75,1083.75,2962.5
2023-04-20 15:00:00,1365.0,1222.5,2587.5
2023-04-20 15:01:00,1481.25,1312.5,2793.75
2023-04-20 15:02:00,1852.5,1203.75,3056.25
2023-04-20 15:03:00,1545.0,1335.0,2880.0
2023-04-20 15:04:00,1481.25,1353.75,2835.0
2023-04-20 15:05:00,1496.25,1342.5,2838.75
2023-04-20 15:06:00,1215.0,1398.75,2613.75
2023-04-20 15:07:00,1065.0,1410.0,2475.0
2023-04-20 15:08:00,1185.0,1421.25,2606.25
2023-04-20 15:09:00,1170.0,1417.5,2587.5
2023-04-20 15:10:00,1110.0,1417.5,2527.5
2023-04-20 15:11:00,1072.5,1421.25,2493.75
2023-04-20 15:12:00,802.5,1425.0,2227.5
2023-04-20 15:13:00,873.75,1425.0,2298.75
2023-04-20 15:14:00,836.25,1428.75,2265.0
2023-04-20 15:15:00,795.0,1428.75,2223.75
2023-04-20 15:16:00,918.75,1428.75,2347.5
2023-04-20 15:17:00,900.0,1428.75,2328.75
2023-04-20 15:18:00,892.5,1432.5,2325.0
2023-04-20 15:19:00,918.75,1428.75,2347.5
2023-04-20 15:20:00,960.0,1428.75,2388.75
2023-04-20 15:21:00,960.0,1428.75,2388.75
2023-04-20 15:22:00,960.0,1428.75,2388.75
2023-04-20 15:23:00,960.0,1428.75,2388.75
2023-04-20 15:24:00,960.0,1428.75,2388.75
2023-04-20 15:25:00,960.0,1428.75,2388.75
2023-04-20 15:26:00,960.0,1428.75,2388.75
2023-04-20 15:27:00,960.0,1428.75,2388.75
2023-04-20 15:28:00,960.0,1428.75,2388.75
2023-04-20 15:29:00,960.0,1428.75,2388.75
2023-04-20 15:30:00,960.0,1428.75,2388.75
2023-04-27 10:15:00,0.0,0.0,0.0
2023-04-27 10:16:00,191.25,-112.5,78.75
2023-04-27 10:17:00,135.0,-48.75,86.25
2023-04-27 10:18:00,228.75,-146.25,82.5
2023-04-27 10:19:00,146.25,-93.75,52.5
2023-04-27 10:20:00,93.75,-22.5,71.25
2023-04-27 10:21:00,-86.25,142.5,56.25
2023-04-27 10:22:00,-3.75,78.75,75.0
2023-04-27 10:23:00,18.75,82.5,101.25
2023-04-27 10:24:00,56.25,41.25,97.5
2023-04-27 10:25:00,90.0,26.25,116.25
2023-04-27 10:26:00,-93.75,135.0,41.25
2023-04-27 10:27:00,-78.75,157.5,78.75
2023-04-27 10:28:00,-56.25,146.25,90.0
2023-04-27 10:29:00,-161.25,240.0,78.75
2023-04-27 10:30:00,-191.25,225.0,33.75
2023-04-27 10:31:00,-296.25,292.5,-3.75
2023-04-27 10:32:00,-153.75,236.25,82.5
2023-04-27 10:33:00,-150.0,251.25,101.25
2023-04-27 10:34:00,-330.0,401.25,71.25
2023-04-27 10:35:00,-367.5,386.25,18.75
2023-04-27 10:36:00,-446.25,442.5,-3.75
2023-04-27 10:37:00,-450.0,423.75,-26.25
2023-04-27 10:38:00,-371.25,386.25,15.0
2023-04-27 10:39:00,-442.5,427.5,-15.0
2023-04-27 10:40:00,-420.0,435.0,15.0
2023-04-27 10:41:00,-285.0,378.75,93.75
2023-04-27 10:42:00,-262.5,371.25,108.75
2023-04-27 10:43:00,-153.75,337.5,183.75
2023-04-27 10:44:00,-157.5,345.0,187.5
2023-04-27 10:45:00,67.5,240.0,307.5
2023-04-27 10:46:00,41.25,236.25,277.5
2023-04-27 10:47:00,0.0,270.0,270.0
2023-04-27 10:48:00,202.5,135.0,337.5
2023-04-27 10:49:00,270.0,93.75,363.75
2023-04-27 10:50:00,138.75,225.0,363.75
2023-04-27 10:51:00,150.0,187.5,337.5
2023-04-27 10:52:00,30.0,288.75,318.75
2023-04-27 10:53:00,78.75,255.0,333.75
2023-04-27 10:54:00,37.5,288.75,326.25
2023-04-27 10:55:00,90.0,258.75,348.75
2023-04-27 10:56:00,-48.75,360.0,311.25
2023-04-27 10:57:00,33.75,296.25,330.0
2023-04-27 10:58:00,30.0,307.5,337.5
2023-04-27 10:59:00,131.25,240.0,371.25
2023-04-27 11:00:00,142.5,221.25,363.75
2023-04-27 11:01:00,176.25,191.25,367.5
2023-04-27 11:02:00,210.0,180.0,390.0
2023-04-27 11:03:00,172.5,191.25,363.75
2023-04-27 11:04:00,161.25,202.5,363.75
2023-04-27 11:05:00,161.25,206.25,367.5
2023-04-27 11:06:00,93.75,258.75,352.5
2023-04-27 11:07:00,15.0,345.0,360.0
2023-04-27 11:08:00,236.25,153.75,390.0
2023-04-27 11:09:00,56.25,303.75,360.0
2023-04-27 11:10:00,33.75,333.75,367.5
2023-04-27 11:11:00,78.75,300.0,378.75
2023-04-27 11:12:00,22.5,337.5,360.0
2023-04-27 11:13:00,90.0,318.75,408.75
2023-04-27 11:14:00,0.0,371.25,371.25
2023-04-27 11:15:00,191.25,225.0,416.25
2023-04-27 11:16:00,150.0,240.0,390.0
2023-04-27 11:17:00,127.5,270.0,397.5
2023-04-27 11:18:00,45.0,356.25,401.25
2023-04-27 11:19:00,22.5,356.25,378.75
2023-04-27 11:20:00,71.25,341.25,412.5
2023-04-27 11:21:00,-15.0,427.5,412.5
2023-04-27 11:22:00,-41.25,480.0,438.75
2023-04-27 11:23:00,-165.0,555.0,390.0
2023-04-27 11:24:00,-71.25,487.5,416.25
2023-04-27 11:25:00,-157.5,536.25,378.75
2023-04-27 11:26:00,-176.25,547.5,371.25
2023-04-27 11:27:00,-138.75,536.25,397.5
2023-04-27 11:28:00,-183.75,543.75,360.0
2023-04-27 11:29:00,-191.25,551.25,360.0
2023-04-27 11:30:00,-146.25,536.25,390.0
2023-04-27 11:31:00,-240.0,585.0,345.0
2023-04-27 11:32:00,-213.75,588.75,375.0
2023-04-27 11:33:00,-457.5,667.5,210.0
2023-04-27 11:34:00,-423.75,678.75,255.0
2023-04-27 11:35:00,-386.25,663.75,277.5
2023-04-27 11:36:00,-382.5,633.75,251.25
2023-04-27 11:37:00,-303.75,588.75,285.0
2023-04-27 11:38:00,-423.75,648.75,225.0
2023-04-27 11:39:00,-247.5,528.75,281.25
2023-04-27 11:40:00,-161.25,483.75,322.5
2023-04-27 11:41:00,-71.25,416.25,345.0
2023-04-27 11:42:00,-41.25,356.25,315.0
2023-04-27 11:43:00,-165.0,551.25,386.25
2023-04-27 11:44:00,-93.75,483.75,390.0
2023-04-27 11:45:00,-146.25,498.75,352.5
2023-04-27 11:46:00,-108.75,446.25,337.5
2023-04-27 11:47:00,-165.0,491.25,326.25
2023-04-27 11:48:00,-168.75,513.75,345.0
2023-04-27 11:49:00,-206.25,551.25,345.0
2023-04-27 11:50:00,-281.25,641.25,360.0
2023-04-27 11:51:00,-431.25,761.25,330.0
2023-04-27 11:52:00,-465.0,836.25,371.25
2023-04-27 11:53:00,-558.75,873.75,315.0
2023-04-27 11:54:00,-450.0,791.25,341.25
2023-04-27 11:55:00,-468.75,821.25,352.5
2023-04-27 11:56:00,-450.0,783.75,333.75
2023-04-27 11:57:00,-543.75,828.75,285.0
2023-04-27 11:58:00,-506.25,828.75,322.5
2023-04-27 11:59:00,-435.0,798.75,363.75
2023-04-27 12:00:00,-453.75,821.25,367.5
2023-04-27 12:01:00,-480.0,851.25,371.25
2023-04-27 12:02:00,-341.25,746.25,405.0
2023-04-27 12:03:00,-367.5,761.25,393.75
2023-04-27 12:04:00,-420.0,798.75,378.75
2023-04-27 12:05:00,-397.5,821.25,423.75
2023-04-27 12:06:00,-281.25,753.75,472.5
2023-04-27 12:07:00,-401.25,821.25,420.0
2023-04-27 12:08:00,-480.0,873.75,393.75
2023-04-27 12:09:00,-397.5,843.75,446.25
2023-04-27 12:10:00,-427.5,858.75,431.25
2023-04-27 12:11:00,-356.25,806.25,450.0
2023-04-27 12:12:00,-480.0,851.25,371.25
2023-04-27 12:13:00,-446.25,806.25,360.0
2023-04-27 12:14:00,-273.75,731.25,457.5
2023-04-27 12:15:00,-221.25,648.75,427.5
2023-04-27 12:16:00,-195.0,663.75,468.75
2023-04-27 12:17:00,-75.0,566.25,491.25
2023-04-27 12:18:00,93.75,461.25,555.0
2023-04-27 12:19:00,-26.25,551.25,525.0
2023-04-27 12:20:00,-11.25,543.75,532.5
2023-04-27 12:21:00,-37.5,551.25,513.75
2023-04-27 12:22:00,18.75,521.25,540.0
2023-04-27 12:23:00,-45.0,581.25,536.25
2023-04-27 12:24:00,-75.0,648.75,573.75
2023-04-27 12:25:00,-48.75,633.75,585.0
2023-04-27 12:26:00,-97.5,716.25,618.75
2023-04-27 12:27:00,-90.0,708.75,618.75
2023-04-27 12:28:00,-26.25,701.25,675.0
2023-04-27 12:29:00,37.5,633.75,671.25
2023-04-27 12:30:00,-153.75,858.75,705.0
2023-04-27 12:31:00,-311.25,1038.75,727.5
2023-04-27 12:32:00,-255.0,993.75,738.75
2023-04-27 12:33:00,-180.0,926.25,746.25
2023-04-27 12:34:00,-202.5,918.75,716.25
2023-04-27 12:35:00,-138.75,881.25,742.5
2023-04-27 12:36:00,-135.0,858.75,723.75
2023-04-27 12:37:00,-63.75,798.75,735.0
2023-04-27 12:38:00,3.75,791.25,795.0
2023-04-27 12:39:00,-48.75,791.25,742.5
2023-04-27 12:40:00,-7.5,753.75,746.25
2023-04-27 12:41:00,-172.5,956.25,783.75
2023-04-27 12:42:00,-86.25,911.25,825.0
2023-04-27 12:43:00,-101.25,948.75,847.5
2023-04-27 12:44:00,-63.75,948.75,885.0
2023-04-27 12:45:00,-116.25,926.25,810.0
2023-04-27 12:46:00,-60.0,903.75,843.75
2023-04-27 12:47:00,-138.75,948.75,810.0
2023-04-27 12:48:00,-386.25,1203.75,817.5
2023-04-27 12:49:00,-258.75,1128.75,870.0
2023-04-27 12:50:00,-300.0,1136.25,836.25
2023-04-27 12:51:00,-168.75,1083.75,915.0
2023-04-27 12:52:00,-172.5,1091.25,918.75
2023-04-27 12:53:00,-153.75,1038.75,885.0
2023-04-27 12:54:00,-206.25,1106.25,900.0
2023-04-27 12:55:00,-153.75,1068.75,915.0
2023-04-27 12:56:00,-71.25,978.75,907.5
2023-04-27 12:57:00,-33.75,963.75,930.0
2023-04-27 12:58:00,-26.25,933.75,907.5
2023-04-27 12:59:00,-75.0,993.75,918.75
2023-04-27 13:00:00,-75.0,1016.25,941.25
2023-04-27 13:01:00,-26.25,1001.25,975.0
2023-04-27 13:02:00,-22.5,1031.25,1008.75
2023-04-27 13:03:00,-45.0,1023.75,978.75
2023-04-27 13:04:00,112.5,918.75,1031.25
2023-04-27 13:05:00,48.75,956.25,1005.0
2023-04-27 13:06:00,225.0,821.25,1046.25
2023-04-27 13:07:00,168.75,858.75,1027.5
2023-04-27 13:08:00,292.5,821.25,1113.75
2023-04-27 13:09:00,221.25,911.25,1132.5
2023-04-27 13:10:00,300.0,828.75,1128.75
2023-04-27 13:11:00,41.25,1121.25,1162.5
2023-04-27 13:12:00,67.5,1091.25,1158.75
2023-04-27 13:13:00,52.5,1143.75,1196.25
2023-04-27 13:14:00,-82.5,1248.75,1166.25
2023-04-27 13:15:00,-131.25,1308.75,1177.5
2023-04-27 13:16:00,-176.25,1331.25,1155.0
2023-04-27 13:17:00,-547.5,1488.75,941.25
2023-04-27 13:18:00,-502.5,1451.25,948.75
2023-04-27 13:19:00,-551.25,1466.25,915.0
2023-04-27 13:20:00,-551.25,1473.75,922.5
2023-04-27 13:21:00,-453.75,1458.75,1005.0
2023-04-27 13:22:00,-483.75,1436.25,952.5
2023-04-27 13:23:00,-1110.0,1631.25,521.25
2023-04-27 13:24:00,-1245.0,1638.75,393.75
2023-04-27 13:25:00,-1113.75,1653.75,540.0
2023-04-27 13:26:00,-1016.25,1646.25,630.0
2023-04-27 13:27:00,-986.25,1646.25,660.0
2023-04-27 13:28:00,-1173.75,1653.75,480.0
2023-04-27 13:29:00,-1076.25,1638.75,562.5
2023-04-27 13:30:00,-1181.25,1631.25,450.0
2023-04-27 13:31:00,-1185.0,1646.25,461.25
2023-04-27 13:32:00,-1398.75,1728.75,330.0
2023-04-27 13:33:00,-1252.5,1713.75,461.25
2023-04-27 13:34:00,-1342.5,1698.75,356.25
2023-04-27 13:35:00,-1395.0,1721.25,326.25
2023-04-27 13:36:00,-1398.75,1728.75,330.0
2023-04-27 13:37:00,-1368.75,1698.75,330.0
2023-04-27 13:38:00,-1357.5,1668.75,311.25
2023-04-27 13:39:00,-1372.5,1698.75,326.25
2023-04-27 13:40:00,-1346.25,1676.25,330.0
2023-04-27 13:41:00,-1350.0,1676.25,326.25
2023-04-27 13:42:00,-1346.25,1698.75,352.5
2023-04-27 13:43:00,-1338.75,1676.25,337.5
2023-04-27 13:44:00,-1346.25,1706.25,360.0
2023-04-27 13:45:00,-1346.25,1713.75,367.5
2023-04-27 13:46:00,-1346.25,1758.75,412.5
2023-04-27 13:47:00,-1346.25,1751.25,405.0
2023-04-27 13:48:00,-1350.0,1758.75,408.75
2023-04-27 13:49:00,-1350.0,1758.75,408.75
2023-04-27 13:50:00,-1335.0,1766.25,431.25
2023-04-27 13:51:00,-1308.75,1751.25,442.5
2023-04-27 13:52:00,-1327.5,1766.25,438.75
2023-04-27 13:53:00,-1316.25,1781.25,465.0
2023-04-27 13:54:00,-1316.25,1773.75,457.5
2023-04-27 13:55:00,-1331.25,1788.75,457.5
2023-04-27 13:56:00,-1346.25,1833.75,487.5
2023-04-27 13:57:00,-1372.5,1848.75,476.25
2023-04-27 13:58:00,-1350.0,1841.25,491.25
2023-04-27 13:59:00,-1353.75,1833.75,480.0
2023-04-27 14:00:00,-1368.75,1848.75,480.0
2023-04-27 14:01:00,-1350.0,1848.75,498.75
2023-04-27 14:02:00,-1365.0,1848.75,483.75
2023-04-27 14:03:00,-1361.25,1863.75,502.5
2023-04-27 14:04:00,-1372.5,1886.25,513.75
2023-04-27 14:05:00,-1361.25,1886.25,525.0
2023-04-27 14:06:00,-1357.5,1878.75,521.25
2023-04-27 14:07:00,-1350.0,1871.25,521.25
2023-04-27 14:08:00,-1338.75,1863.75,525.0
2023-04-27 14:09:00,-1350.0,1871.25,521.25
2023-04-27 14:10:00,-1357.5,1886.25,528.75
2023-04-27 14:11:00,-1342.5,1871.25,528.75
2023-04-27 14:12:00,-1346.25,1863.75,517.5
2023-04-27 14:13:00,-1357.5,1871.25,513.75
2023-04-27 14:14:00,-1346.25,1871.25,525.0
2023-04-27 14:15:00,-1327.5,1863.75,536.25
2023-04-27 14:16:00,-1301.25,1803.75,502.5
2023-04-27 14:17:00,-1290.0,1788.75,498.75
2023-04-27 14:18:00,-1293.75,1826.25,532.5
2023-04-27 14:19:00,-1282.5,1773.75,491.25
2023-04-27 14:20:00,-1290.0,1766.25,476.25
2023-04-27 14:21:00,-1286.25,1676.25,390.0
2023-04-27 14:22:00,-1286.25,1706.25,420.0
2023-04-27 14:23:00,-1282.5,1773.75,491.25
2023-04-27 14:24:00,-1282.5,1811.25,528.75
2023-04-27 14:25:00,-1286.25,1893.75,607.5
2023-04-27 14:26:00,-1286.25,1878.75,592.5
2023-04-27 14:27:00,-1278.75,1871.25,592.5
2023-04-27 14:28:00,-1282.5,1931.25,648.75
2023-04-27 14:29:00,-1278.75,1908.75,630.0
2023-04-27 14:30:00,-1282.5,1908.75,626.25
2023-04-27 14:31:00,-1282.5,1908.75,626.25
2023-04-27 14:32:00,-1278.75,1931.25,652.5
2023-04-27 14:33:00,-1278.75,1961.25,682.5
2023-04-27 14:34:00,-1286.25,1968.75,682.5
2023-04-27 14:35:00,-1282.5,1976.25,693.75
2023-04-27 14:36:00,-1286.25,1968.75,682.5
2023-04-27 14:37:00,-1278.75,1968.75,690.0
2023-04-27 14:38:00,-1275.0,1968.75,693.75
2023-04-27 14:39:00,-1271.25,1968.75,697.5
2023-04-27 14:40:00,-1271.25,1983.75,712.5
2023-04-27 14:41:00,-1267.5,1968.75,701.25
2023-04-27 14:42:00,-1271.25,1968.75,697.5
2023-04-27 14:43:00,-1275.0,1998.75,723.75
2023-04-27 14:44:00,-1275.0,2006.25,731.25
2023-04-27 14:45:00,-1278.75,2013.75,735.0
2023-04-27 14:46:00,-1297.5,2013.75,716.25
2023-04-27 14:47:00,-1293.75,2013.75,720.0
2023-04-27 14:48:00,-1286.25,1998.75,712.5
2023-04-27 14:49:00,-1316.25,2013.75,697.5
2023-04-27 14:50:00,-1301.25,2013.75,712.5
2023-04-27 14:51:00,-1301.25,2013.75,712.5
2023-04-27 14:52:00,-1301.25,2021.25,720.0
2023-04-27 14:53:00,-1278.75,2006.25,727.5
2023-04-27 14:54:00,-1282.5,2006.25,723.75
2023-04-27 14:55:00,-1282.5,2006.25,723.75
2023-04-27 14:56:00,-1278.75,2006.25,727.5
2023-04-27 14:57:00,-1271.25,1991.25,720.0
2023-04-27 14:58:00,-1263.75,2006.25,742.5
2023-04-27 14:59:00,-1267.5,2006.25,738.75
2023-04-27 15:00:00,-1275.0,1991.25,716.25
2023-04-27 15:01:00,-1267.5,2013.75,746.25
2023-04-27 15:02:00,-1275.0,2021.25,746.25
2023-04-27 15:03:00,-1267.5,2036.25,768.75
2023-04-27 15:04:00,-1260.0,2043.75,783.75
2023-04-27 15:05:00,-1252.5,2043.75,791.25
2023-04-27 15:06:00,-1248.75,2043.75,795.0
2023-04-27 15:07:00,-1248.75,2051.25,802.5
2023-04-27 15:08:00,-1252.5,2051.25,798.75
2023-04-27 15:09:00,-1248.75,2051.25,802.5
2023-04-27 15:10:00,-1248.75,2051.25,802.5
2023-04-27 15:11:00,-1248.75,2058.75,810.0
2023-04-27 15:12:00,-1245.0,2051.25,806.25
2023-04-27 15:13:00,-1241.25,2066.25,825.0
2023-04-27 15:14:00,-1241.25,2051.25,810.0
2023-04-27 15:15:00,-1241.25,2058.75,817.5
2023-04-27 15:16:00,-1245.0,2051.25,806.25
2023-04-27 15:17:00,-1245.0,2058.75,813.75
2023-04-27 15:18:00,-1241.25,2058.75,817.5
2023-04-27 15:19:00,-1241.25,2066.25,825.0
2023-04-27 15:20:00,-1241.25,2058.75,817.5
2023-04-27 15:21:00,-1241.25,2058.75,817.5
2023-04-27 15:22:00,-1241.25,2058.75,817.5
2023-04-27 15:23:00,-1241.25,2058.75,817.5
2023-04-27 15:24:00,-1241.25,2058.75,817.5
2023-04-27 15:25:00,-1241.25,2058.75,817.5
2023-04-27 15:26:00,-1241.25,2058.75,817.5
2023-04-27 15:27:00,-1241.25,2058.75,817.5
2023-04-27 15:28:00,-1241.25,2058.75,817.5
2023-04-27 15:29:00,-1241.25,2058.75,817.5
2023-04-27 15:30:00,-1241.25,2058.75,817.5
2023-05-04 10:15:00,0.0,0.0,0.0
2023-05-04 10:16:00,48.75,-37.5,11.25
2023-05-04 10:17:00,3.75,-3.75,0.0
2023-05-04 10:18:00,56.25,-18.75,37.5
2023-05-04 10:19:00,67.5,-37.5,30.0
2023-05-04 10:20:00,90.0,-18.75,71.25
2023-05-04 10:21:00,82.5,-26.25,56.25
2023-05-04 10:22:00,26.25,37.5,63.75
2023-05-04 10:23:00,52.5,15.0,67.5
2023-05-04 10:24:00,41.25,22.5,63.75
2023-05-04 10:25:00,48.75,30.0,78.75
2023-05-04 10:26:00,-127.5,232.5,105.0
2023-05-04 10:27:00,-135.0,258.75,123.75
2023-05-04 10:28:00,-33.75,187.5,153.75
2023-05-04 10:29:00,-63.75,195.0,131.25
2023-05-04 10:30:00,-86.25,225.0,138.75
2023-05-04 10:31:00,-131.25,258.75,127.5
2023-05-04 10:32:00,-108.75,258.75,150.0
2023-05-04 10:33:00,-135.0,281.25,146.25
2023-05-04 10:34:00,-63.75,240.0,176.25
2023-05-04 10:35:00,-60.0,236.25,176.25
2023-05-04 10:36:00,-135.0,300.0,165.0
2023-05-04 10:37:00,-93.75,281.25,187.5
2023-05-04 10:38:00,-127.5,322.5,195.0
2023-05-04 10:39:00,-123.75,345.0,221.25
2023-05-04 10:40:00,-116.25,352.5,236.25
2023-05-04 10:41:00,-135.0,375.0,240.0
2023-05-04 10:42:00,-138.75,390.0,251.25
2023-05-04 10:43:00,-217.5,465.0,247.5
2023-05-04 10:44:00,-191.25,446.25,255.0
2023-05-04 10:45:00,-258.75,495.0,236.25
2023-05-04 10:46:00,-236.25,468.75,232.5
2023-05-04 10:47:00,-202.5,438.75,236.25
2023-05-04 10:48:00,-142.5,412.5,270.0
2023-05-04 10:49:00,-191.25,442.5,251.25
2023-05-04 10:50:00,-180.0,446.25,266.25
2023-05-04 10:51:00,-157.5,435.0,277.5
2023-05-04 10:52:00,-161.25,438.75,277.5
2023-05-04 10:53:00,-153.75,442.5,288.75
2023-05-04 10:54:00,-127.5,420.0,292.5
2023-05-04 10:55:00,-135.0,431.25,296.25
2023-05-04 10:56:00,-195.0,465.0,270.0
2023-05-04 10:57:00,-270.0,555.0,285.0
2023-05-04 10:58:00,-330.0,577.5,247.5
2023-05-04 10:59:00,-558.75,637.5,78.75
2023-05-04 11:00:00,-457.5,588.75,131.25
2023-05-04 11:01:00,-547.5,615.0,67.5
2023-05-04 11:02:00,-521.25,607.5,86.25
2023-05-04 11:03:00,-513.75,622.5,108.75
2023-05-04 11:04:00,-566.25,641.25,75.0
2023-05-04 11:05:00,-570.0,656.25,86.25
2023-05-04 11:06:00,-442.5,603.75,161.25
2023-05-04 11:07:00,-540.0,626.25,86.25
2023-05-04 11:08:00,-498.75,596.25,97.5
2023-05-04 11:09:00,-491.25,596.25,105.0
2023-05-04 11:10:00,-427.5,566.25,138.75
2023-05-04 11:11:00,-405.0,513.75,108.75
2023-05-04 11:12:00,-435.0,528.75,93.75
2023-05-04 11:13:00,-457.5,543.75,86.25
2023-05-04 11:14:00,-495.0,603.75,108.75
2023-05-04 11:15:00,-705.0,783.75,78.75
2023-05-04 11:16:00,-626.25,723.75,97.5
2023-05-04 11:17:00,-596.25,708.75,112.5
2023-05-04 11:18:00,-528.75,671.25,142.5
2023-05-04 11:19:00,-525.0,678.75,153.75
2023-05-04 11:20:00,-521.25,663.75,142.5
2023-05-04 11:21:00,-581.25,708.75,127.5
2023-05-04 11:22:00,-592.5,708.75,116.25
2023-05-04 11:23:00,-615.0,746.25,131.25
2023-05-04 11:24:00,-581.25,731.25,150.0
2023-05-04 11:25:00,-461.25,633.75,172.5
2023-05-04 11:26:00,-303.75,491.25,187.5
2023-05-04 11:27:00,-288.75,491.25,202.5
2023-05-04 11:28:00,-240.0,386.25,146.25
2023-05-04 11:29:00,-206.25,356.25,150.0
2023-05-04 11:30:00,-296.25,438.75,142.5
2023-05-04 11:31:00,-371.25,521.25,150.0
2023-05-04 11:32:00,-435.0,596.25,161.25
2023-05-04 11:33:00,-468.75,603.75,135.0
2023-05-04 11:34:00,-566.25,723.75,157.5
2023-05-04 11:35:00,-536.25,693.75,157.5
2023-05-04 11:36:00,-615.0,783.75,168.75
2023-05-04 11:37:00,-663.75,813.75,150.0
2023-05-04 11:38:00,-645.0,858.75,213.75
2023-05-04 11:39:00,-832.5,1023.75,191.25
2023-05-04 11:40:00,-930.0,1008.75,78.75
2023-05-04 11:41:00,-873.75,1008.75,135.0
2023-05-04 11:42:00,-847.5,978.75,131.25
2023-05-04 11:43:00,-825.0,993.75,168.75
2023-05-04 11:44:00,-836.25,993.75,157.5
2023-05-04 11:45:00,-817.5,1016.25,198.75
2023-05-04 11:46:00,-742.5,993.75,251.25
2023-05-04 11:47:00,-543.75,881.25,337.5
2023-05-04 11:48:00,-596.25,851.25,255.0
2023-05-04 11:49:00,-461.25,806.25,345.0
2023-05-04 11:50:00,-592.5,843.75,251.25
2023-05-04 11:51:00,-592.5,821.25,228.75
2023-05-04 11:52:00,-581.25,821.25,240.0
2023-05-04 11:53:00,-588.75,866.25,277.5
2023-05-04 11:54:00,-532.5,828.75,296.25
2023-05-04 11:55:00,-543.75,821.25,277.5
2023-05-04 11:56:00,-536.25,821.25,285.0
2023-05-04 11:57:00,-566.25,836.25,270.0
2023-05-04 11:58:00,-727.5,1001.25,273.75
2023-05-04 11:59:00,-768.75,1008.75,240.0
2023-05-04 12:00:00,-825.0,1121.25,296.25
2023-05-04 12:01:00,-753.75,1046.25,292.5
2023-05-04 12:02:00,-806.25,1068.75,262.5
2023-05-04 12:03:00,-825.0,1083.75,258.75
2023-05-04 12:04:00,-783.75,1061.25,277.5
2023-05-04 12:05:00,-723.75,1008.75,285.0
2023-05-04 12:06:00,-611.25,926.25,315.0
2023-05-04 12:07:00,-618.75,918.75,300.0
2023-05-04 12:08:00,-697.5,956.25,258.75
2023-05-04 12:09:00,-697.5,956.25,258.75
2023-05-04 12:10:00,-645.0,948.75,303.75
2023-05-04 12:11:00,-708.75,986.25,277.5
2023-05-04 12:12:00,-660.0,948.75,288.75
2023-05-04 12:13:00,-727.5,993.75,266.25
2023-05-04 12:14:00,-525.0,866.25,341.25
2023-05-04 12:15:00,-468.75,813.75,345.0
2023-05-04 12:16:00,-543.75,881.25,337.5
2023-05-04 12:17:00,-682.5,1016.25,333.75
2023-05-04 12:18:00,-693.75,1046.25,352.5
2023-05-04 12:19:00,-750.0,1106.25,356.25
2023-05-04 12:20:00,-915.0,1196.25,281.25
2023-05-04 12:21:00,-828.75,1166.25,337.5
2023-05-04 12:22:00,-948.75,1233.75,285.0
2023-05-04 12:23:00,-836.25,1196.25,360.0
2023-05-04 12:24:00,-952.5,1256.25,303.75
2023-05-04 12:25:00,-993.75,1271.25,277.5
2023-05-04 12:26:00,-1035.0,1278.75,243.75
2023-05-04 12:27:00,-873.75,1241.25,367.5
2023-05-04 12:28:00,-975.0,1241.25,266.25
2023-05-04 12:29:00,-990.0,1248.75,258.75
2023-05-04 12:30:00,-997.5,1271.25,273.75
2023-05-04 12:31:00,-1005.0,1271.25,266.25
2023-05-04 12:32:00,-1016.25,1286.25,270.0
2023-05-04 12:33:00,-1136.25,1338.75,202.5
2023-05-04 12:34:00,-1083.75,1338.75,255.0
2023-05-04 12:35:00,-922.5,1278.75,356.25
2023-05-04 12:36:00,-907.5,1241.25,333.75
2023-05-04 12:37:00,-738.75,1166.25,427.5
2023-05-04 12:38:00,-858.75,1218.75,360.0
2023-05-04 12:39:00,-851.25,1226.25,375.0
2023-05-04 12:40:00,-975.0,1271.25,296.25
2023-05-04 12:41:00,-978.75,1233.75,255.0
2023-05-04 12:42:00,-1065.0,1271.25,206.25
2023-05-04 12:43:00,-1125.0,1338.75,213.75
2023-05-04 12:44:00,-1121.25,1331.25,210.0
2023-05-04 12:45:00,-1117.5,1338.75,221.25
2023-05-04 12:46:00,-1121.25,1361.25,240.0
2023-05-04 12:47:00,-1136.25,1383.75,247.5
2023-05-04 12:48:00,-1128.75,1368.75,240.0
2023-05-04 12:49:00,-1132.5,1353.75,221.25
2023-05-04 12:50:00,-1098.75,1308.75,210.0
2023-05-04 12:51:00,-1057.5,1241.25,183.75
2023-05-04 12:52:00,-1072.5,1263.75,191.25
2023-05-04 12:53:00,-1110.0,1316.25,206.25
2023-05-04 12:54:00,-1068.75,1293.75,225.0
2023-05-04 12:55:00,-1110.0,1353.75,243.75
2023-05-04 12:56:00,-1076.25,1323.75,247.5
2023-05-04 12:57:00,-1050.0,1286.25,236.25
2023-05-04 12:58:00,-1023.75,1256.25,232.5
2023-05-04 12:59:00,-1053.75,1263.75,210.0
2023-05-04 13:00:00,-1065.0,1301.25,236.25
2023-05-04 13:01:00,-1076.25,1308.75,232.5
2023-05-04 13:02:00,-1091.25,1338.75,247.5
2023-05-04 13:03:00,-1068.75,1338.75,270.0
2023-05-04 13:04:00,-1072.5,1316.25,243.75
2023-05-04 13:05:00,-1477.5,1578.75,101.25
2023-05-04 13:06:00,-1593.75,1631.25,37.5
2023-05-04 13:07:00,-1631.25,1608.75,-22.5
2023-05-04 13:08:00,-1668.75,1608.75,-60.0
2023-05-04 13:09:00,-1458.75,1556.25,97.5
2023-05-04 13:10:00,-1331.25,1518.75,187.5
2023-05-04 13:11:00,-1327.5,1458.75,131.25
2023-05-04 13:12:00,-1323.75,1451.25,127.5
2023-05-04 13:13:00,-1406.25,1503.75,97.5
2023-05-04 13:14:00,-1383.75,1511.25,127.5
2023-05-04 13:15:00,-1462.5,1593.75,131.25
2023-05-04 13:16:00,-1428.75,1541.25,112.5
2023-05-04 13:17:00,-1417.5,1563.75,146.25
2023-05-04 13:18:00,-1417.5,1571.25,153.75
2023-05-04 13:19:00,-1380.0,1526.25,146.25
2023-05-04 13:20:00,-1331.25,1541.25,210.0
2023-05-04 13:21:00,-1357.5,1556.25,198.75
2023-05-04 13:22:00,-1323.75,1541.25,217.5
2023-05-04 13:23:00,-1275.0,1533.75,258.75
2023-05-04 13:24:00,-1297.5,1526.25,228.75
2023-05-04 13:25:00,-1346.25,1586.25,240.0
2023-05-04 13:26:00,-1346.25,1578.75,232.5
2023-05-04 13:27:00,-1350.0,1623.75,273.75
2023-05-04 13:28:00,-1443.75,1668.75,225.0
2023-05-04 13:29:00,-1451.25,1683.75,232.5
2023-05-04 13:30:00,-1395.0,1668.75,273.75
2023-05-04 13:31:00,-1417.5,1691.25,273.75
2023-05-04 13:32:00,-1417.5,1683.75,266.25
2023-05-04 13:33:00,-1406.25,1691.25,285.0
2023-05-04 13:34:00,-1301.25,1676.25,375.0
2023-05-04 13:35:00,-1391.25,1691.25,300.0
2023-05-04 13:36:00,-1357.5,1691.25,333.75
2023-05-04 13:37:00,-1335.0,1683.75,348.75
2023-05-04 13:38:00,-1338.75,1698.75,360.0
2023-05-04 13:39:00,-1350.0,1683.75,333.75
2023-05-04 13:40:00,-1376.25,1706.25,330.0
2023-05-04 13:41:00,-1361.25,1758.75,397.5
2023-05-04 13:42:00,-1335.0,1736.25,401.25
2023-05-04 13:43:00,-1327.5,1751.25,423.75
2023-05-04 13:44:00,-1368.75,1766.25,397.5
2023-05-04 13:45:00,-1413.75,1803.75,390.0
2023-05-04 13:46:00,-1500.0,1796.25,296.25
2023-05-04 13:47:00,-1395.0,1766.25,371.25
2023-05-04 13:48:00,-1376.25,1766.25,390.0
2023-05-04 13:49:00,-1387.5,1766.25,378.75
2023-05-04 13:50:00,-1398.75,1758.75,360.0
2023-05-04 13:51:00,-1368.75,1751.25,382.5
2023-05-04 13:52:00,-1432.5,1781.25,348.75
2023-05-04 13:53:00,-1383.75,1773.75,390.0
2023-05-04 13:54:00,-1327.5,1758.75,431.25
2023-05-04 13:55:00,-1391.25,1773.75,382.5
2023-05-04 13:56:00,-1406.25,1803.75,397.5
2023-05-04 13:57:00,-1391.25,1796.25,405.0
2023-05-04 13:58:00,-1402.5,1803.75,401.25
2023-05-04 13:59:00,-1320.0,1781.25,461.25
2023-05-04 14:00:00,-1203.75,1766.25,562.5
2023-05-04 14:01:00,-1282.5,1766.25,483.75
2023-05-04 14:02:00,-1095.0,1751.25,656.25
2023-05-04 14:03:00,-1106.25,1713.75,607.5
2023-05-04 14:04:00,-1068.75,1676.25,607.5
2023-05-04 14:05:00,-1218.75,1788.75,570.0
2023-05-04 14:06:00,-1305.0,1811.25,506.25
2023-05-04 14:07:00,-1155.0,1781.25,626.25
2023-05-04 14:08:00,-1256.25,1796.25,540.0
2023-05-04 14:09:00,-1185.0,1781.25,596.25
2023-05-04 14:10:00,-1215.0,1788.75,573.75
2023-05-04 14:11:00,-1170.0,1766.25,596.25
2023-05-04 14:12:00,-1087.5,1728.75,641.25
2023-05-04 14:13:00,-1143.75,1766.25,622.5
2023-05-04 14:14:00,-1170.0,1803.75,633.75
2023-05-04 14:15:00,-1158.75,1781.25,622.5
2023-05-04 14:16:00,-1185.0,1781.25,596.25
2023-05-04 14:17:00,-1233.75,1833.75,600.0
2023-05-04 14:18:00,-1230.0,1818.75,588.75
2023-05-04 14:19:00,-1166.25,1818.75,652.5
2023-05-04 14:20:00,-1305.0,1871.25,566.25
2023-05-04 14:21:00,-1166.25,1871.25,705.0
2023-05-04 14:22:00,-1113.75,1871.25,757.5
2023-05-04 14:23:00,-1110.0,1871.25,761.25
2023-05-04 14:24:00,-1218.75,1901.25,682.5
2023-05-04 14:25:00,-1650.0,1946.25,296.25
2023-05-04 14:26:00,-1515.0,1871.25,356.25
2023-05-04 14:27:00,-1560.0,2006.25,446.25
2023-05-04 14:28:00,-1590.0,2081.25,491.25
2023-05-04 14:29:00,-1552.5,2021.25,468.75
2023-05-04 14:30:00,-1511.25,1998.75,487.5
2023-05-04 14:31:00,-1578.75,2130.0,551.25
2023-05-04 14:32:00,-1582.5,2175.0,592.5
2023-05-04 14:33:00,-1575.0,2156.25,581.25
2023-05-04 14:34:00,-1571.25,2145.0,573.75
2023-05-04 14:35:00,-1533.75,2163.75,630.0
2023-05-04 14:36:00,-1916.25,2407.5,491.25
2023-05-04 14:37:00,-1901.25,2415.0,513.75
2023-05-04 14:38:00,-1987.5,2475.0,487.5
2023-05-04 14:39:00,-1905.0,2478.75,573.75
2023-05-04 14:40:00,-2051.25,2576.25,525.0
2023-05-04 14:41:00,-2107.5,2670.0,562.5
2023-05-04 14:42:00,-2111.25,2666.25,555.0
2023-05-04 14:43:00,-2055.0,2647.5,592.5
2023-05-04 14:44:00,-2085.0,2703.75,618.75
2023-05-04 14:45:00,-1867.5,2625.0,757.5
2023-05-04 14:46:00,-2013.75,2658.75,645.0
2023-05-04 14:47:00,-1878.75,2640.0,761.25
2023-05-04 14:48:00,-2092.5,2745.0,652.5
2023-05-04 14:49:00,-2088.75,2786.25,697.5
2023-05-04 14:50:00,-2276.25,2812.5,536.25
2023-05-04 14:51:00,-2272.5,2820.0,547.5
2023-05-04 14:52:00,-2268.75,2850.0,581.25
2023-05-04 14:53:00,-2242.5,2797.5,555.0
2023-05-04 14:54:00,-2227.5,2790.0,562.5
2023-05-04 14:55:00,-2238.75,2816.25,577.5
2023-05-04 14:56:00,-2253.75,2853.75,600.0
2023-05-04 14:57:00,-2261.25,2861.25,600.0
2023-05-04 14:58:00,-2257.5,2850.0,592.5
2023-05-04 14:59:00,-2257.5,2902.5,645.0
2023-05-04 15:00:00,-2276.25,2925.0,648.75
2023-05-04 15:01:00,-2373.75,2973.75,600.0
2023-05-04 15:02:00,-2433.75,2996.25,562.5
2023-05-04 15:03:00,-2463.75,3003.75,540.0
2023-05-04 15:04:00,-2501.25,3003.75,502.5
2023-05-04 15:05:00,-2452.5,3000.0,547.5
2023-05-04 15:06:00,-2433.75,3003.75,570.0
2023-05-04 15:07:00,-2467.5,3007.5,540.0
2023-05-04 15:08:00,-2452.5,3007.5,555.0
2023-05-04 15:09:00,-2643.75,3007.5,363.75
2023-05-04 15:10:00,-2910.0,3011.25,101.25
2023-05-04 15:11:00,-3030.0,3015.0,-15.0
2023-05-04 15:12:00,-3093.75,3011.25,-82.5
2023-05-04 15:13:00,-2868.75,3015.0,146.25
2023-05-04 15:14:00,-2943.75,3015.0,71.25
2023-05-04 15:15:00,-2898.75,3018.75,120.0
2023-05-04 15:16:00,-2823.75,3018.75,195.0
2023-05-04 15:17:00,-2741.25,3018.75,277.5
2023-05-04 15:18:00,-2733.75,3015.0,281.25
2023-05-04 15:19:00,-2707.5,3015.0,307.5
2023-05-04 15:20:00,-2790.0,3018.75,228.75
2023-05-04 15:21:00,-2790.0,3018.75,228.75
2023-05-04 15:22:00,-2790.0,3018.75,228.75
2023-05-04 15:23:00,-2790.0,3018.75,228.75
2023-05-04 15:24:00,-2790.0,3018.75,228.75
2023-05-04 15:25:00,-2790.0,3018.75,228.75
2023-05-04 15:26:00,-2790.0,3018.75,228.75
2023-05-04 15:27:00,-2790.0,3018.75,228.75
2023-05-04 15:28:00,-2790.0,3018.75,228.75
2023-05-04 15:29:00,-2790.0,3018.75,228.75
2023-05-04 15:30:00,-2790.0,3018.75,228.75
2023-05-11 10:15:00,0.0,0.0,0.0
2023-05-11 10:16:00,198.75,-157.5,41.25
2023-05-11 10:17:00,18.75,-3.75,15.0
2023-05-11 10:18:00,3.75,0.0,3.75
2023-05-11 10:19:00,-41.25,-7.5,-48.75
2023-05-11 10:20:00,-75.0,3.75,-71.25
2023-05-11 10:21:00,75.0,-30.0,45.0
2023-05-11 10:22:00,26.25,15.0,41.25
2023-05-11 10:23:00,26.25,26.25,52.5
2023-05-11 10:24:00,-101.25,116.25,15.0
2023-05-11 10:25:00,-37.5,97.5,60.0
2023-05-11 10:26:00,-37.5,101.25,63.75
2023-05-11 10:27:00,7.5,82.5,90.0
2023-05-11 10:28:00,30.0,82.5,112.5
2023-05-11 10:29:00,101.25,56.25,157.5
2023-05-11 10:30:00,93.75,37.5,131.25
2023-05-11 10:31:00,120.0,22.5,142.5
2023-05-11 10:32:00,78.75,52.5,131.25
2023-05-11 10:33:00,-37.5,105.0,67.5
2023-05-11 10:34:00,-101.25,161.25,60.0
2023-05-11 10:35:00,-56.25,157.5,101.25
2023-05-11 10:36:00,-101.25,165.0,63.75
2023-05-11 10:37:00,-150.0,217.5,67.5
2023-05-11 10:38:00,-116.25,198.75,82.5
2023-05-11 10:39:00,-112.5,180.0,67.5
2023-05-11 10:40:00,-228.75,210.0,-18.75
2023-05-11 10:41:00,-168.75,183.75,15.0
2023-05-11 10:42:00,-78.75,176.25,97.5
2023-05-11 10:43:00,-101.25,176.25,75.0
2023-05-11 10:44:00,-165.0,206.25,41.25
2023-05-11 10:45:00,-142.5,202.5,60.0
2023-05-11 10:46:00,-135.0,202.5,67.5
2023-05-11 10:47:00,-210.0,236.25,26.25
2023-05-11 10:48:00,-221.25,247.5,26.25
2023-05-11 10:49:00,-198.75,240.0,41.25
2023-05-11 10:50:00,-123.75,210.0,86.25
2023-05-11 10:51:00,-206.25,258.75,52.5
2023-05-11 10:52:00,-262.5,296.25,33.75
2023-05-11 10:53:00,-213.75,285.0,71.25
2023-05-11 10:54:00,-198.75,285.0,86.25
2023-05-11 10:55:00,-240.0,292.5,52.5
2023-05-11 10:56:00,-228.75,288.75,60.0
2023-05-11 10:57:00,-281.25,303.75,22.5
2023-05-11 10:58:00,-270.0,311.25,41.25
2023-05-11 10:59:00,-56.25,247.5,191.25
2023-05-11 11:00:00,60.0,213.75,273.75
2023-05-11 11:01:00,146.25,187.5,333.75
2023-05-11 11:02:00,360.0,142.5,502.5
2023-05-11 11:03:00,285.0,138.75,423.75
2023-05-11 11:04:00,247.5,138.75,386.25
2023-05-11 11:05:00,273.75,138.75,412.5
2023-05-11 11:06:00,270.0,131.25,401.25
2023-05-11 11:07:00,341.25,97.5,438.75
2023-05-11 11:08:00,168.75,225.0,393.75
2023-05-11 11:09:00,71.25,262.5,333.75
2023-05-11 11:10:00,116.25,225.0,341.25
2023-05-11 11:11:00,108.75,221.25,330.0
2023-05-11 11:12:00,273.75,168.75,442.5
2023-05-11 11:13:00,273.75,180.0,453.75
2023-05-11 11:14:00,341.25,138.75,480.0
2023-05-11 11:15:00,210.0,202.5,412.5
2023-05-11 11:16:00,251.25,195.0,446.25
2023-05-11 11:17:00,292.5,183.75,476.25
2023-05-11 11:18:00,210.0,221.25,431.25
2023-05-11 11:19:00,240.0,210.0,450.0
2023-05-11 11:20:00,232.5,217.5,450.0
2023-05-11 11:21:00,232.5,221.25,453.75
2023-05-11 11:22:00,90.0,285.0,375.0
2023-05-11 11:23:00,-26.25,326.25,300.0
2023-05-11 11:24:00,75.0,285.0,360.0
2023-05-11 11:25:00,33.75,292.5,326.25
2023-05-11 11:26:00,75.0,270.0,345.0
2023-05-11 11:27:00,108.75,262.5,371.25
2023-05-11 11:28:00,93.75,273.75,367.5
2023-05-11 11:29:00,101.25,270.0,371.25
2023-05-11 11:30:00,247.5,217.5,465.0
2023-05-11 11:31:00,367.5,191.25,558.75
2023-05-11 11:32:00,378.75,172.5,551.25
2023-05-11 11:33:00,292.5,232.5,525.0
2023-05-11 11:34:00,311.25,217.5,528.75
2023-05-11 11:35:00,292.5,213.75,506.25
2023-05-11 11:36:00,251.25,228.75,480.0
2023-05-11 11:37:00,303.75,195.0,498.75
2023-05-11 11:38:00,281.25,210.0,491.25
2023-05-11 11:39:00,307.5,217.5,525.0
2023-05-11 11:40:00,300.0,228.75,528.75
2023-05-11 11:41:00,326.25,210.0,536.25
2023-05-11 11:42:00,303.75,228.75,532.5
2023-05-11 11:43:00,311.25,228.75,540.0
2023-05-11 11:44:00,585.0,97.5,682.5
2023-05-11 11:45:00,397.5,202.5,600.0
2023-05-11 11:46:00,431.25,183.75,615.0
2023-05-11 11:47:00,506.25,138.75,645.0
2023-05-11 11:48:00,573.75,86.25,660.0
2023-05-11 11:49:00,851.25,-161.25,690.0
2023-05-11 11:50:00,825.0,-45.0,780.0
2023-05-11 11:51:00,746.25,52.5,798.75
2023-05-11 11:52:00,903.75,-131.25,772.5
2023-05-11 11:53:00,926.25,-165.0,761.25
2023-05-11 11:54:00,956.25,-198.75,757.5
2023-05-11 11:55:00,843.75,-37.5,806.25
2023-05-11 11:56:00,847.5,-63.75,783.75
2023-05-11 11:57:00,851.25,-105.0,746.25
2023-05-11 11:58:00,858.75,-127.5,731.25
2023-05-11 11:59:00,911.25,-131.25,780.0
2023-05-11 12:00:00,930.0,-127.5,802.5
2023-05-11 12:01:00,1027.5,-251.25,776.25
2023-05-11 12:02:00,862.5,-26.25,836.25
2023-05-11 12:03:00,840.0,-11.25,828.75
2023-05-11 12:04:00,937.5,-75.0,862.5
2023-05-11 12:05:00,930.0,-82.5,847.5
2023-05-11 12:06:00,802.5,15.0,817.5
2023-05-11 12:07:00,802.5,37.5,840.0
2023-05-11 12:08:00,896.25,-33.75,862.5
2023-05-11 12:09:00,847.5,11.25,858.75
2023-05-11 12:10:00,870.0,-15.0,855.0
2023-05-11 12:11:00,922.5,-33.75,888.75
2023-05-11 12:12:00,888.75,33.75,922.5
2023-05-11 12:13:00,948.75,-30.0,918.75
2023-05-11 12:14:00,937.5,-22.5,915.0
2023-05-11 12:15:00,948.75,-52.5,896.25
2023-05-11 12:16:00,888.75,7.5,896.25
2023-05-11 12:17:00,881.25,41.25,922.5
2023-05-11 12:18:00,772.5,195.0,967.5
2023-05-11 12:19:00,738.75,191.25,930.0
2023-05-11 12:20:00,656.25,266.25,922.5
2023-05-11 12:21:00,686.25,243.75,930.0
2023-05-11 12:22:00,757.5,228.75,986.25
2023-05-11 12:23:00,753.75,195.0,948.75
2023-05-11 12:24:00,697.5,221.25,918.75
2023-05-11 12:25:00,697.5,240.0,937.5
2023-05-11 12:26:00,678.75,251.25,930.0
2023-05-11 12:27:00,701.25,270.0,971.25
2023-05-11 12:28:00,746.25,255.0,1001.25
2023-05-11 12:29:00,750.0,262.5,1012.5
2023-05-11 12:30:00,723.75,296.25,1020.0
2023-05-11 12:31:00,645.0,341.25,986.25
2023-05-11 12:32:00,618.75,367.5,986.25
2023-05-11 12:33:00,645.0,375.0,1020.0
2023-05-11 12:34:00,663.75,363.75,1027.5
2023-05-11 12:35:00,663.75,363.75,1027.5
2023-05-11 12:36:00,720.0,348.75,1068.75
2023-05-11 12:37:00,810.0,318.75,1128.75
2023-05-11 12:38:00,705.0,352.5,1057.5
2023-05-11 12:39:00,690.0,360.0,1050.0
2023-05-11 12:40:00,652.5,378.75,1031.25
2023-05-11 12:41:00,660.0,382.5,1042.5
2023-05-11 12:42:00,686.25,363.75,1050.0
2023-05-11 12:43:00,675.0,363.75,1038.75
2023-05-11 12:44:00,787.5,330.0,1117.5
2023-05-11 12:45:00,1083.75,150.0,1233.75
2023-05-11 12:46:00,1091.25,120.0,1211.25
2023-05-11 12:47:00,1038.75,142.5,1181.25
2023-05-11 12:48:00,967.5,228.75,1196.25
2023-05-11 12:49:00,967.5,228.75,1196.25
2023-05-11 12:50:00,1035.0,168.75,1203.75
2023-05-11 12:51:00,1001.25,198.75,1200.0
2023-05-11 12:52:00,1076.25,135.0,1211.25
2023-05-11 12:53:00,1001.25,206.25,1207.5
2023-05-11 12:54:00,1038.75,153.75,1192.5
2023-05-11 12:55:00,1023.75,187.5,1211.25
2023-05-11 12:56:00,885.0,296.25,1181.25
2023-05-11 12:57:00,866.25,318.75,1185.0
2023-05-11 12:58:00,892.5,300.0,1192.5
2023-05-11 12:59:00,933.75,285.0,1218.75
2023-05-11 13:00:00,915.0,292.5,1207.5
2023-05-11 13:01:00,933.75,285.0,1218.75
2023-05-11 13:02:00,862.5,315.0,1177.5
2023-05-11 13:03:00,761.25,345.0,1106.25
2023-05-11 13:04:00,780.0,345.0,1125.0
2023-05-11 13:05:00,761.25,371.25,1132.5
2023-05-11 13:06:00,780.0,378.75,1158.75
2023-05-11 13:07:00,757.5,393.75,1151.25
2023-05-11 13:08:00,708.75,435.0,1143.75
2023-05-11 13:09:00,675.0,442.5,1117.5
2023-05-11 13:10:00,690.0,438.75,1128.75
2023-05-11 13:11:00,720.0,438.75,1158.75
2023-05-11 13:12:00,798.75,412.5,1211.25
2023-05-11 13:13:00,821.25,401.25,1222.5
2023-05-11 13:14:00,911.25,390.0,1301.25
2023-05-11 13:15:00,888.75,375.0,1263.75
2023-05-11 13:16:00,922.5,363.75,1286.25
2023-05-11 13:17:00,896.25,378.75,1275.0
2023-05-11 13:18:00,855.0,390.0,1245.0
2023-05-11 13:19:00,757.5,438.75,1196.25
2023-05-11 13:20:00,862.5,408.75,1271.25
2023-05-11 13:21:00,798.75,423.75,1222.5
2023-05-11 13:22:00,832.5,420.0,1252.5
2023-05-11 13:23:00,840.0,408.75,1248.75
2023-05-11 13:24:00,866.25,401.25,1267.5
2023-05-11 13:25:00,1117.5,266.25,1383.75
2023-05-11 13:26:00,1008.75,326.25,1335.0
2023-05-11 13:27:00,937.5,378.75,1316.25
2023-05-11 13:28:00,945.0,378.75,1323.75
2023-05-11 13:29:00,967.5,363.75,1331.25
2023-05-11 13:30:00,960.0,378.75,1338.75
2023-05-11 13:31:00,926.25,397.5,1323.75
2023-05-11 13:32:00,896.25,431.25,1327.5
2023-05-11 13:33:00,922.5,420.0,1342.5
2023-05-11 13:34:00,1005.0,386.25,1391.25
2023-05-11 13:35:00,963.75,405.0,1368.75
2023-05-11 13:36:00,881.25,423.75,1305.0
2023-05-11 13:37:00,903.75,420.0,1323.75
2023-05-11 13:38:00,948.75,405.0,1353.75
2023-05-11 13:39:00,765.0,487.5,1252.5
2023-05-11 13:40:00,802.5,472.5,1275.0
2023-05-11 13:41:00,888.75,453.75,1342.5
2023-05-11 13:42:00,926.25,457.5,1383.75
2023-05-11 13:43:00,937.5,446.25,1383.75
2023-05-11 13:44:00,941.25,438.75,1380.0
2023-05-11 13:45:00,975.0,423.75,1398.75
2023-05-11 13:46:00,1151.25,296.25,1447.5
2023-05-11 13:47:00,1023.75,401.25,1425.0
2023-05-11 13:48:00,1016.25,446.25,1462.5
2023-05-11 13:49:00,952.5,487.5,1440.0
2023-05-11 13:50:00,1001.25,461.25,1462.5
2023-05-11 13:51:00,1008.75,435.0,1443.75
2023-05-11 13:52:00,1038.75,427.5,1466.25
2023-05-11 13:53:00,982.5,431.25,1413.75
2023-05-11 13:54:00,1023.75,453.75,1477.5
2023-05-11 13:55:00,1110.0,431.25,1541.25
2023-05-11 13:56:00,1072.5,450.0,1522.5
2023-05-11 13:57:00,1173.75,412.5,1586.25
2023-05-11 13:58:00,1143.75,401.25,1545.0
2023-05-11 13:59:00,1155.0,427.5,1582.5
2023-05-11 14:00:00,1110.0,450.0,1560.0
2023-05-11 14:01:00,1076.25,427.5,1503.75
2023-05-11 14:02:00,1061.25,465.0,1526.25
2023-05-11 14:03:00,1087.5,457.5,1545.0
2023-05-11 14:04:00,1065.0,465.0,1530.0
2023-05-11 14:05:00,1117.5,453.75,1571.25
2023-05-11 14:06:00,1068.75,476.25,1545.0
2023-05-11 14:07:00,1158.75,450.0,1608.75
2023-05-11 14:08:00,1233.75,420.0,1653.75
2023-05-11 14:09:00,1215.0,438.75,1653.75
2023-05-11 14:10:00,1233.75,423.75,1657.5
2023-05-11 14:11:00,1192.5,442.5,1635.0
2023-05-11 14:12:00,1158.75,461.25,1620.0
2023-05-11 14:13:00,1188.75,453.75,1642.5
2023-05-11 14:14:00,1218.75,450.0,1668.75
2023-05-11 14:15:00,1162.5,465.0,1627.5
2023-05-11 14:16:00,1072.5,558.75,1631.25
2023-05-11 14:17:00,1080.0,543.75,1623.75
2023-05-11 14:18:00,1098.75,551.25,1650.0
2023-05-11 14:19:00,468.75,592.5,1061.25
2023-05-11 14:20:00,498.75,581.25,1080.0
2023-05-11 14:21:00,660.0,588.75,1248.75
2023-05-11 14:22:00,776.25,596.25,1372.5
2023-05-11 14:23:00,802.5,581.25,1383.75
2023-05-11 14:24:00,806.25,588.75,1395.0
2023-05-11 14:25:00,622.5,626.25,1248.75
2023-05-11 14:26:00,828.75,615.0,1443.75
2023-05-11 14:27:00,757.5,615.0,1372.5
2023-05-11 14:28:00,1162.5,577.5,1740.0
2023-05-11 14:29:00,1440.0,480.0,1920.0
2023-05-11 14:30:00,1353.75,532.5,1886.25
2023-05-11 14:31:00,1421.25,472.5,1893.75
2023-05-11 14:32:00,1402.5,502.5,1905.0
2023-05-11 14:33:00,1383.75,502.5,1886.25
2023-05-11 14:34:00,1402.5,495.0,1897.5
2023-05-11 14:35:00,1387.5,570.0,1957.5
2023-05-11 14:36:00,1391.25,573.75,1965.0
2023-05-11 14:37:00,1473.75,528.75,2002.5
2023-05-11 14:38:00,1533.75,521.25,2055.0
2023-05-11 14:39:00,1440.0,611.25,2051.25
2023-05-11 14:40:00,1451.25,596.25,2047.5
2023-05-11 14:41:00,1533.75,611.25,2145.0
2023-05-11 14:42:00,1428.75,656.25,2085.0
2023-05-11 14:43:00,1440.0,648.75,2088.75
2023-05-11 14:44:00,1631.25,615.0,2246.25
2023-05-11 14:45:00,1601.25,603.75,2205.0
2023-05-11 14:46:00,1661.25,570.0,2231.25
2023-05-11 14:47:00,1725.0,555.0,2280.0
2023-05-11 14:48:00,1702.5,566.25,2268.75
2023-05-11 14:49:00,1661.25,615.0,2276.25
2023-05-11 14:50:00,1691.25,577.5,2268.75
2023-05-11 14:51:00,1725.0,547.5,2272.5
2023-05-11 14:52:00,1710.0,573.75,2283.75
2023-05-11 14:53:00,1740.0,581.25,2321.25
2023-05-11 14:54:00,1755.0,558.75,2313.75
2023-05-11 14:55:00,1845.0,367.5,2212.5
2023-05-11 14:56:00,1886.25,183.75,2070.0
2023-05-11 14:57:00,1897.5,243.75,2141.25
2023-05-11 14:58:00,1878.75,333.75,2212.5
2023-05-11 14:59:00,1882.5,517.5,2400.0
2023-05-11 15:00:00,1897.5,547.5,2445.0
2023-05-11 15:01:00,1897.5,540.0,2437.5
2023-05-11 15:02:00,1882.5,618.75,2501.25
2023-05-11 15:03:00,1920.0,633.75,2553.75
2023-05-11 15:04:00,1916.25,633.75,2550.0
2023-05-11 15:05:00,1923.75,648.75,2572.5
2023-05-11 15:06:00,1927.5,690.0,2617.5
2023-05-11 15:07:00,1931.25,708.75,2640.0
2023-05-11 15:08:00,1927.5,708.75,2636.25
2023-05-11 15:09:00,1935.0,712.5,2647.5
2023-05-11 15:10:00,1935.0,708.75,2643.75
2023-05-11 15:11:00,1927.5,716.25,2643.75
2023-05-11 15:12:00,1931.25,720.0,2651.25
2023-05-11 15:13:00,1931.25,720.0,2651.25
2023-05-11 15:14:00,1931.25,723.75,2655.0
2023-05-11 15:15:00,1931.25,723.75,2655.0
2023-05-11 15:16:00,1931.25,723.75,2655.0
2023-05-11 15:17:00,1935.0,716.25,2651.25
2023-05-11 15:18:00,1935.0,716.25,2651.25
2023-05-11 15:19:00,1935.0,720.0,2655.0
2023-05-11 15:20:00,1935.0,723.75,2658.75
2023-05-11 15:21:00,1935.0,723.75,2658.75
2023-05-11 15:22:00,1935.0,723.75,2658.75
2023-05-11 15:23:00,1935.0,723.75,2658.75
2023-05-11 15:24:00,1935.0,723.75,2658.75
2023-05-11 15:25:00,1935.0,723.75,2658.75
2023-05-11 15:26:00,1935.0,723.75,2658.75
2023-05-11 15:27:00,1935.0,723.75,2658.75
2023-05-11 15:28:00,1935.0,723.75,2658.75
2023-05-11 15:29:00,1935.0,723.75,2658.75
2023-05-11 15:30:00,1935.0,723.75,2658.75
2023-05-18 10:15:00,0.0,0.0,0.0
2023-05-18 10:16:00,-75.0,71.25,-3.75
2023-05-18 10:17:00,-168.75,172.5,3.75
2023-05-18 10:18:00,-146.25,180.0,33.75
2023-05-18 10:19:00,-93.75,123.75,30.0
2023-05-18 10:20:00,-56.25,86.25,30.0
2023-05-18 10:21:00,-22.5,63.75,41.25
2023-05-18 10:22:00,-90.0,138.75,48.75
2023-05-18 10:23:00,-221.25,225.0,3.75
2023-05-18 10:24:00,-292.5,296.25,3.75
2023-05-18 10:25:00,-210.0,288.75,78.75
2023-05-18 10:26:00,-345.0,367.5,22.5
2023-05-18 10:27:00,-296.25,341.25,45.0
2023-05-18 10:28:00,-153.75,243.75,90.0
2023-05-18 10:29:00,-146.25,236.25,90.0
2023-05-18 10:30:00,-168.75,266.25,97.5
2023-05-18 10:31:00,-243.75,341.25,97.5
2023-05-18 10:32:00,-206.25,318.75,112.5
2023-05-18 10:33:00,-86.25,247.5,161.25
2023-05-18 10:34:00,37.5,135.0,172.5
2023-05-18 10:35:00,127.5,97.5,225.0
2023-05-18 10:36:00,165.0,71.25,236.25
2023-05-18 10:37:00,318.75,-82.5,236.25
2023-05-18 10:38:00,277.5,-26.25,251.25
2023-05-18 10:39:00,240.0,-7.5,232.5
2023-05-18 10:40:00,232.5,22.5,255.0
2023-05-18 10:41:00,63.75,191.25,255.0
2023-05-18 10:42:00,138.75,97.5,236.25
2023-05-18 10:43:00,183.75,22.5,206.25
2023-05-18 10:44:00,105.0,112.5,217.5
2023-05-18 10:45:00,-97.5,371.25,273.75
2023-05-18 10:46:00,-26.25,352.5,326.25
2023-05-18 10:47:00,22.5,285.0,307.5
2023-05-18 10:48:00,86.25,240.0,326.25
2023-05-18 10:49:00,33.75,262.5,296.25
2023-05-18 10:50:00,67.5,251.25,318.75
2023-05-18 10:51:00,127.5,180.0,307.5
2023-05-18 10:52:00,131.25,168.75,300.0
2023-05-18 10:53:00,86.25,195.0,281.25
2023-05-18 10:54:00,75.0,195.0,270.0
2023-05-18 10:55:00,138.75,138.75,277.5
2023-05-18 10:56:00,86.25,157.5,243.75
2023-05-18 10:57:00,-11.25,300.0,288.75
2023-05-18 10:58:00,-86.25,405.0,318.75
2023-05-18 10:59:00,-48.75,367.5,318.75
2023-05-18 11:00:00,-52.5,375.0,322.5
2023-05-18 11:01:00,-15.0,367.5,352.5
2023-05-18 11:02:00,-116.25,438.75,322.5
2023-05-18 11:03:00,-285.0,577.5,292.5
2023-05-18 11:04:00,-116.25,465.0,348.75
2023-05-18 11:05:00,-127.5,498.75,371.25
2023-05-18 11:06:00,-210.0,585.0,375.0
2023-05-18 11:07:00,-258.75,686.25,427.5
2023-05-18 11:08:00,-251.25,690.0,438.75
2023-05-18 11:09:00,-236.25,682.5,446.25
2023-05-18 11:10:00,-262.5,708.75,446.25
2023-05-18 11:11:00,-401.25,806.25,405.0
2023-05-18 11:12:00,-360.0,802.5,442.5
2023-05-18 11:13:00,-337.5,787.5,450.0
2023-05-18 11:14:00,-165.0,723.75,558.75
2023-05-18 11:15:00,-292.5,746.25,453.75
2023-05-18 11:16:00,-262.5,697.5,435.0
2023-05-18 11:17:00,-367.5,765.0,397.5
2023-05-18 11:18:00,-401.25,836.25,435.0
2023-05-18 11:19:00,-397.5,843.75,446.25
2023-05-18 11:20:00,-405.0,851.25,446.25
2023-05-18 11:21:00,-405.0,843.75,438.75
2023-05-18 11:22:00,-292.5,731.25,438.75
2023-05-18 11:23:00,-375.0,813.75,438.75
2023-05-18 11:24:00,-348.75,783.75,435.0
2023-05-18 11:25:00,-341.25,791.25,450.0
2023-05-18 11:26:00,-367.5,791.25,423.75
2023-05-18 11:27:00,-337.5,798.75,461.25
2023-05-18 11:28:00,-255.0,701.25,446.25
2023-05-18 11:29:00,-232.5,693.75,461.25
2023-05-18 11:30:00,-33.75,513.75,480.0
2023-05-18 11:31:00,146.25,378.75,525.0
2023-05-18 11:32:00,105.0,348.75,453.75
2023-05-18 11:33:00,-3.75,506.25,502.5
2023-05-18 11:34:00,7.5,483.75,491.25
2023-05-18 11:35:00,101.25,333.75,435.0
2023-05-18 11:36:00,157.5,228.75,386.25
2023-05-18 11:37:00,90.0,341.25,431.25
2023-05-18 11:38:00,-7.5,491.25,483.75
2023-05-18 11:39:00,-41.25,551.25,510.0
2023-05-18 11:40:00,-22.5,573.75,551.25
2023-05-18 11:41:00,-11.25,513.75,502.5
2023-05-18 11:42:00,-60.0,626.25,566.25
2023-05-18 11:43:00,-82.5,618.75,536.25
2023-05-18 11:44:00,37.5,483.75,521.25
2023-05-18 11:45:00,90.0,423.75,513.75
2023-05-18 11:46:00,11.25,393.75,405.0
2023-05-18 11:47:00,-75.0,611.25,536.25
2023-05-18 11:48:00,-41.25,596.25,555.0
2023-05-18 11:49:00,-78.75,663.75,585.0
2023-05-18 11:50:00,-78.75,701.25,622.5
2023-05-18 11:51:00,-172.5,768.75,596.25
2023-05-18 11:52:00,-255.0,851.25,596.25
2023-05-18 11:53:00,-300.0,956.25,656.25
2023-05-18 11:54:00,-491.25,1098.75,607.5
2023-05-18 11:55:00,-367.5,978.75,611.25
2023-05-18 11:56:00,-393.75,1016.25,622.5
2023-05-18 11:57:00,-363.75,971.25,607.5
2023-05-18 11:58:00,-270.0,933.75,663.75
2023-05-18 11:59:00,-281.25,926.25,645.0
2023-05-18 12:00:00,-213.75,888.75,675.0
2023-05-18 12:01:00,-210.0,888.75,678.75
2023-05-18 12:02:00,-161.25,851.25,690.0
2023-05-18 12:03:00,-120.0,821.25,701.25
2023-05-18 12:04:00,-63.75,768.75,705.0
2023-05-18 12:05:00,-71.25,731.25,660.0
2023-05-18 12:06:00,-120.0,783.75,663.75
2023-05-18 12:07:00,-78.75,626.25,547.5
2023-05-18 12:08:00,-52.5,581.25,528.75
2023-05-18 12:09:00,116.25,408.75,525.0
2023-05-18 12:10:00,75.0,513.75,588.75
2023-05-18 12:11:00,356.25,33.75,390.0
2023-05-18 12:12:00,397.5,-86.25,311.25
2023-05-18 12:13:00,356.25,3.75,360.0
2023-05-18 12:14:00,251.25,348.75,600.0
2023-05-18 12:15:00,318.75,138.75,457.5
2023-05-18 12:16:00,558.75,-356.25,202.5
2023-05-18 12:17:00,525.0,-416.25,108.75
2023-05-18 12:18:00,652.5,-738.75,-86.25
2023-05-18 12:19:00,667.5,-656.25,11.25
2023-05-18 12:20:00,802.5,-1248.75,-446.25
2023-05-18 12:21:00,753.75,-851.25,-97.5
2023-05-18 12:22:00,866.25,-1533.75,-667.5
2023-05-18 12:23:00,870.0,-1488.75,-618.75
2023-05-18 12:24:00,870.0,-1683.75,-813.75
2023-05-18 12:25:00,851.25,-1481.25,-630.0
2023-05-18 12:26:00,780.0,-1076.25,-296.25
2023-05-18 12:27:00,791.25,-1331.25,-540.0
2023-05-18 12:28:00,810.0,-1308.75,-498.75
2023-05-18 12:29:00,802.5,-1211.25,-408.75
2023-05-18 12:30:00,795.0,-1181.25,-386.25
2023-05-18 12:31:00,701.25,-708.75,-7.5
2023-05-18 12:32:00,618.75,-281.25,337.5
2023-05-18 12:33:00,667.5,-506.25,161.25
2023-05-18 12:34:00,727.5,-648.75,78.75
2023-05-18 12:35:00,708.75,-513.75,195.0
2023-05-18 12:36:00,708.75,-536.25,172.5
2023-05-18 12:37:00,746.25,-768.75,-22.5
2023-05-18 12:38:00,757.5,-753.75,3.75
2023-05-18 12:39:00,738.75,-753.75,-15.0
2023-05-18 12:40:00,746.25,-813.75,-67.5
2023-05-18 12:41:00,832.5,-1271.25,-438.75
2023-05-18 12:42:00,892.5,-1323.75,-431.25
2023-05-18 12:43:00,855.0,-1188.75,-333.75
2023-05-18 12:44:00,858.75,-1308.75,-450.0
2023-05-18 12:45:00,873.75,-1586.25,-712.5
2023-05-18 12:46:00,840.0,-1376.25,-536.25
2023-05-18 12:47:00,885.0,-1593.75,-708.75
2023-05-18 12:48:00,963.75,-2036.25,-1072.5
2023-05-18 12:49:00,963.75,-1826.25,-862.5
2023-05-18 12:50:00,907.5,-1436.25,-528.75
2023-05-18 12:51:00,900.0,-1451.25,-551.25
2023-05-18 12:52:00,885.0,-1398.75,-513.75
2023-05-18 12:53:00,990.0,-2148.75,-1158.75
2023-05-18 12:54:00,1057.5,-2321.25,-1263.75
2023-05-18 12:55:00,1057.5,-2283.75,-1226.25
2023-05-18 12:56:00,1046.25,-2373.75,-1327.5
2023-05-18 12:57:00,1275.0,-2591.25,-1316.25
2023-05-18 12:58:00,1012.5,-2272.5,-1260.0
2023-05-18 12:59:00,990.0,-2332.5,-1342.5
2023-05-18 13:00:00,1035.0,-2340.0,-1305.0
2023-05-18 13:01:00,971.25,-2220.0,-1248.75
2023-05-18 13:02:00,1038.75,-2298.75,-1260.0
2023-05-18 13:03:00,630.0,-1818.75,-1188.75
2023-05-18 13:04:00,540.0,-1706.25,-1166.25
2023-05-18 13:05:00,675.0,-1837.5,-1162.5
2023-05-18 13:06:00,862.5,-1995.0,-1132.5
2023-05-18 13:07:00,727.5,-1845.0,-1117.5
2023-05-18 13:08:00,701.25,-1830.0,-1128.75
2023-05-18 13:09:00,577.5,-1766.25,-1188.75
2023-05-18 13:10:00,735.0,-1901.25,-1166.25
2023-05-18 13:11:00,933.75,-2055.0,-1121.25
2023-05-18 13:12:00,941.25,-2040.0,-1098.75
2023-05-18 13:13:00,1016.25,-2055.0,-1038.75
2023-05-18 13:14:00,1023.75,-2073.75,-1050.0
2023-05-18 13:15:00,971.25,-2032.5,-1061.25
2023-05-18 13:16:00,960.0,-2043.75,-1083.75
2023-05-18 13:17:00,956.25,-2040.0,-1083.75
2023-05-18 13:18:00,982.5,-2066.25,-1083.75
2023-05-18 13:19:00,776.25,-1863.75,-1087.5
2023-05-18 13:20:00,900.0,-1968.75,-1068.75
2023-05-18 13:21:00,618.75,-1695.0,-1076.25
2023-05-18 13:22:00,611.25,-1680.0,-1068.75
2023-05-18 13:23:00,450.0,-1567.5,-1117.5
2023-05-18 13:24:00,412.5,-1518.75,-1106.25
2023-05-18 13:25:00,382.5,-1503.75,-1121.25
2023-05-18 13:26:00,386.25,-1567.5,-1181.25
2023-05-18 13:27:00,701.25,-1743.75,-1042.5
2023-05-18 13:28:00,690.0,-1740.0,-1050.0
2023-05-18 13:29:00,678.75,-1721.25,-1042.5
2023-05-18 13:30:00,363.75,-1496.25,-1132.5
2023-05-18 13:31:00,300.0,-1447.5,-1147.5
2023-05-18 13:32:00,843.75,-1818.75,-975.0
2023-05-18 13:33:00,855.0,-1811.25,-956.25
2023-05-18 13:34:00,1008.75,-1893.75,-885.0
2023-05-18 13:35:00,877.5,-1751.25,-873.75
2023-05-18 13:36:00,832.5,-1706.25,-873.75
2023-05-18 13:37:00,551.25,-1518.75,-967.5
2023-05-18 13:38:00,513.75,-1492.5,-978.75
2023-05-18 13:39:00,693.75,-1560.0,-866.25
2023-05-18 13:40:00,517.5,-1432.5,-915.0
2023-05-18 13:41:00,633.75,-1488.75,-855.0
2023-05-18 13:42:00,626.25,-1473.75,-847.5
2023-05-18 13:43:00,183.75,-1200.0,-1016.25
2023-05-18 13:44:00,86.25,-1151.25,-1065.0
2023-05-18 13:45:00,1278.75,-1837.5,-558.75
2023-05-18 13:46:00,2058.75,-2981.25,-922.5
2023-05-18 13:47:00,1781.25,-2456.25,-675.0
2023-05-18 13:48:00,896.25,-1500.0,-603.75
2023-05-18 13:49:00,528.75,-1293.75,-765.0
2023-05-18 13:50:00,1098.75,-1642.5,-543.75
2023-05-18 13:51:00,1136.25,-1612.5,-476.25
2023-05-18 13:52:00,1185.0,-1605.0,-420.0
2023-05-18 13:53:00,1278.75,-1725.0,-446.25
2023-05-18 13:54:00,1425.0,-1781.25,-356.25
2023-05-18 13:55:00,1368.75,-1691.25,-322.5
2023-05-18 13:56:00,1308.75,-1608.75,-300.0
2023-05-18 13:57:00,1293.75,-1631.25,-337.5
2023-05-18 13:58:00,1361.25,-1612.5,-251.25
2023-05-18 13:59:00,1368.75,-1631.25,-262.5
2023-05-18 14:00:00,1470.0,-1740.0,-270.0
2023-05-18 14:01:00,1383.75,-1623.75,-240.0
2023-05-18 14:02:00,1916.25,-2212.5,-296.25
2023-05-18 14:03:00,1912.5,-2145.0,-232.5
2023-05-18 14:04:00,1860.0,-2025.0,-165.0
2023-05-18 14:05:00,1920.0,-2058.75,-138.75
2023-05-18 14:06:00,2096.25,-2478.75,-382.5
2023-05-18 14:07:00,2175.0,-2441.25,-266.25
2023-05-18 14:08:00,2392.5,-2865.0,-472.5
2023-05-18 14:09:00,2437.5,-3041.25,-603.75
2023-05-18 14:10:00,2403.75,-2846.25,-442.5
2023-05-18 14:11:00,2358.75,-2733.75,-375.0
2023-05-18 14:12:00,2268.75,-2445.0,-176.25
2023-05-18 14:13:00,2205.0,-2340.0,-135.0
2023-05-18 14:14:00,2253.75,-2366.25,-112.5
2023-05-18 14:15:00,2407.5,-2748.75,-341.25
2023-05-18 14:16:00,2261.25,-2370.0,-108.75
2023-05-18 14:17:00,2388.75,-2726.25,-337.5
2023-05-18 14:18:00,2381.25,-2741.25,-360.0
2023-05-18 14:19:00,2486.25,-2932.5,-446.25
2023-05-18 14:20:00,2643.75,-3480.0,-836.25
2023-05-18 14:21:00,2715.0,-3495.0,-780.0
2023-05-18 14:22:00,2718.75,-3472.5,-753.75
2023-05-18 14:23:00,2715.0,-3450.0,-735.0
2023-05-18 14:24:00,2703.75,-3442.5,-738.75
2023-05-18 14:25:00,2662.5,-3401.25,-738.75
2023-05-18 14:26:00,2617.5,-3375.0,-757.5
2023-05-18 14:27:00,2565.0,-3363.75,-798.75
2023-05-18 14:28:00,2546.25,-3352.5,-806.25
2023-05-18 14:29:00,2550.0,-3371.25,-821.25
2023-05-18 14:30:00,2520.0,-3356.25,-836.25
2023-05-18 14:31:00,2583.75,-3363.75,-780.0
2023-05-18 14:32:00,2636.25,-3367.5,-731.25
2023-05-18 14:33:00,2711.25,-3401.25,-690.0
2023-05-18 14:34:00,2790.0,-3393.75,-603.75
2023-05-18 14:35:00,2692.5,-3348.75,-656.25
2023-05-18 14:36:00,2737.5,-3360.0,-622.5
2023-05-18 14:37:00,2801.25,-3375.0,-573.75
2023-05-18 14:38:00,2831.25,-3390.0,-558.75
2023-05-18 14:39:00,2868.75,-3423.75,-555.0
2023-05-18 14:40:00,2842.5,-3390.0,-547.5
2023-05-18 14:41:00,2913.75,-3420.0,-506.25
2023-05-18 14:42:00,2880.0,-3371.25,-491.25
2023-05-18 14:43:00,2853.75,-3367.5,-513.75
2023-05-18 14:44:00,2891.25,-3390.0,-498.75
2023-05-18 14:45:00,2895.0,-3393.75,-498.75
2023-05-18 14:46:00,2887.5,-3367.5,-480.0
2023-05-18 14:47:00,2872.5,-3356.25,-483.75
2023-05-18 14:48:00,2887.5,-3348.75,-461.25
2023-05-18 14:49:00,2902.5,-3356.25,-453.75
2023-05-18 14:50:00,2943.75,-3371.25,-427.5
2023-05-18 14:51:00,2970.0,-3375.0,-405.0
2023-05-18 14:52:00,2973.75,-3371.25,-397.5
2023-05-18 14:53:00,2985.0,-3386.25,-401.25
2023-05-18 14:54:00,2921.25,-3315.0,-393.75
2023-05-18 14:55:00,2947.5,-3311.25,-363.75
2023-05-18 14:56:00,2951.25,-3303.75,-352.5
2023-05-18 14:57:00,2898.75,-3303.75,-405.0
2023-05-18 14:58:00,2913.75,-3303.75,-390.0
2023-05-18 14:59:00,2872.5,-3288.75,-416.25
2023-05-18 15:00:00,2955.0,-3296.25,-341.25
2023-05-18 15:01:00,3022.5,-3296.25,-273.75
2023-05-18 15:02:00,3033.75,-3292.5,-258.75
2023-05-18 15:03:00,3052.5,-3330.0,-277.5
2023-05-18 15:04:00,3052.5,-3356.25,-303.75
2023-05-18 15:05:00,3067.5,-3318.75,-251.25
2023-05-18 15:06:00,3078.75,-3307.5,-228.75
2023-05-18 15:07:00,3086.25,-3367.5,-281.25
2023-05-18 15:08:00,3082.5,-3438.75,-356.25
2023-05-18 15:09:00,3086.25,-3476.25,-390.0
2023-05-18 15:10:00,3086.25,-3405.0,-318.75
2023-05-18 15:11:00,3086.25,-3292.5,-206.25
2023-05-18 15:12:00,3090.0,-3285.0,-195.0
2023-05-18 15:13:00,3082.5,-3277.5,-195.0
2023-05-18 15:14:00,3082.5,-3273.75,-191.25
2023-05-18 15:15:00,3086.25,-3266.25,-180.0
2023-05-18 15:16:00,3086.25,-3262.5,-176.25
2023-05-18 15:17:00,3090.0,-3266.25,-176.25
2023-05-18 15:18:00,3097.5,-3266.25,-168.75
2023-05-18 15:19:00,3097.5,-3262.5,-165.0
2023-05-18 15:20:00,3097.5,-3262.5,-165.0
2023-05-18 15:21:00,3097.5,-3262.5,-165.0
2023-05-18 15:22:00,3097.5,-3262.5,-165.0
2023-05-18 15:23:00,3097.5,-3262.5,-165.0
2023-05-18 15:24:00,3097.5,-3262.5,-165.0
2023-05-18 15:25:00,3097.5,-3262.5,-165.0
2023-05-18 15:26:00,3097.5,-3262.5,-165.0
2023-05-18 15:27:00,3097.5,-3262.5,-165.0
2023-05-18 15:28:00,3097.5,-3262.5,-165.0
2023-05-18 15:29:00,3097.5,-3262.5,-165.0
2023-05-18 15:30:00,3097.5,-3262.5,-165.0
2023-05-25 10:15:00,0.0,0.0,0.0
2023-05-25 10:16:00,26.25,-7.5,18.75
2023-05-25 10:17:00,-22.5,45.0,22.5
2023-05-25 10:18:00,-18.75,18.75,0.0
2023-05-25 10:19:00,221.25,-206.25,15.0
2023-05-25 10:20:00,116.25,-75.0,41.25
2023-05-25 10:21:00,-26.25,30.0,3.75
2023-05-25 10:22:00,116.25,-93.75,22.5
2023-05-25 10:23:00,172.5,-198.75,-26.25
2023-05-25 10:24:00,142.5,-135.0,7.5
2023-05-25 10:25:00,112.5,-97.5,15.0
2023-05-25 10:26:00,206.25,-153.75,52.5
2023-05-25 10:27:00,172.5,-127.5,45.0
2023-05-25 10:28:00,172.5,-120.0,52.5
2023-05-25 10:29:00,202.5,-123.75,78.75
2023-05-25 10:30:00,243.75,-123.75,120.0
2023-05-25 10:31:00,371.25,-210.0,161.25
2023-05-25 10:32:00,303.75,-123.75,180.0
2023-05-25 10:33:00,225.0,-3.75,221.25
2023-05-25 10:34:00,138.75,48.75,187.5
2023-05-25 10:35:00,112.5,45.0,157.5
2023-05-25 10:36:00,176.25,7.5,183.75
2023-05-25 10:37:00,168.75,11.25,180.0
2023-05-25 10:38:00,112.5,45.0,157.5
2023-05-25 10:39:00,22.5,105.0,127.5
2023-05-25 10:40:00,146.25,56.25,202.5
2023-05-25 10:41:00,288.75,-26.25,262.5
2023-05-25 10:42:00,213.75,18.75,232.5
2023-05-25 10:43:00,281.25,-33.75,247.5
2023-05-25 10:44:00,303.75,-56.25,247.5
2023-05-25 10:45:00,341.25,-75.0,266.25
2023-05-25 10:46:00,356.25,-71.25,285.0
2023-05-25 10:47:00,337.5,-78.75,258.75
2023-05-25 10:48:00,303.75,-37.5,266.25
2023-05-25 10:49:00,228.75,67.5,296.25
2023-05-25 10:50:00,213.75,78.75,292.5
2023-05-25 10:51:00,262.5,15.0,277.5
2023-05-25 10:52:00,288.75,41.25,330.0
2023-05-25 10:53:00,266.25,60.0,326.25
2023-05-25 10:54:00,262.5,41.25,303.75
2023-05-25 10:55:00,326.25,7.5,333.75
2023-05-25 10:56:00,408.75,-63.75,345.0
2023-05-25 10:57:00,270.0,26.25,296.25
2023-05-25 10:58:00,270.0,41.25,311.25
2023-05-25 10:59:00,240.0,52.5,292.5
2023-05-25 11:00:00,232.5,41.25,273.75
2023-05-25 11:01:00,288.75,48.75,337.5
2023-05-25 11:02:00,333.75,26.25,360.0
2023-05-25 11:03:00,322.5,37.5,360.0
2023-05-25 11:04:00,348.75,18.75,367.5
2023-05-25 11:05:00,363.75,18.75,382.5
2023-05-25 11:06:00,423.75,-41.25,382.5
2023-05-25 11:07:00,378.75,-3.75,375.0
2023-05-25 11:08:00,326.25,30.0,356.25
2023-05-25 11:09:00,318.75,30.0,348.75
2023-05-25 11:10:00,375.0,-11.25,363.75
2023-05-25 11:11:00,367.5,-7.5,360.0
2023-05-25 11:12:00,386.25,3.75,390.0
2023-05-25 11:13:00,367.5,18.75,386.25
2023-05-25 11:14:00,352.5,45.0,397.5
2023-05-25 11:15:00,356.25,37.5,393.75
2023-05-25 11:16:00,393.75,18.75,412.5
2023-05-25 11:17:00,562.5,-93.75,468.75
2023-05-25 11:18:00,693.75,-266.25,427.5
2023-05-25 11:19:00,723.75,-285.0,438.75
2023-05-25 11:20:00,761.25,-371.25,390.0
2023-05-25 11:21:00,746.25,-363.75,382.5
2023-05-25 11:22:00,742.5,-367.5,375.0
2023-05-25 11:23:00,750.0,-345.0,405.0
2023-05-25 11:24:00,742.5,-288.75,453.75
2023-05-25 11:25:00,750.0,-315.0,435.0
2023-05-25 11:26:00,787.5,-371.25,416.25
2023-05-25 11:27:00,783.75,-337.5,446.25
2023-05-25 11:28:00,810.0,-427.5,382.5
2023-05-25 11:29:00,828.75,-453.75,375.0
2023-05-25 11:30:00,840.0,-465.0,375.0
2023-05-25 11:31:00,843.75,-461.25,382.5
2023-05-25 11:32:00,843.75,-450.0,393.75
2023-05-25 11:33:00,915.0,-731.25,183.75
2023-05-25 11:34:00,911.25,-708.75,202.5
2023-05-25 11:35:00,896.25,-528.75,367.5
2023-05-25 11:36:00,828.75,-322.5,506.25
2023-05-25 11:37:00,832.5,-341.25,491.25
2023-05-25 11:38:00,813.75,-322.5,491.25
2023-05-25 11:39:00,817.5,-341.25,476.25
2023-05-25 11:40:00,821.25,-341.25,480.0
2023-05-25 11:41:00,828.75,-393.75,435.0
2023-05-25 11:42:00,832.5,-420.0,412.5
2023-05-25 11:43:00,806.25,-296.25,510.0
2023-05-25 11:44:00,821.25,-378.75,442.5
2023-05-25 11:45:00,888.75,-547.5,341.25
2023-05-25 11:46:00,870.0,-483.75,386.25
2023-05-25 11:47:00,843.75,-412.5,431.25
2023-05-25 11:48:00,817.5,-352.5,465.0
2023-05-25 11:49:00,806.25,-345.0,461.25
2023-05-25 11:50:00,772.5,-225.0,547.5
2023-05-25 11:51:00,806.25,-277.5,528.75
2023-05-25 11:52:00,795.0,-247.5,547.5
2023-05-25 11:53:00,776.25,-202.5,573.75
2023-05-25 11:54:00,768.75,-168.75,600.0
2023-05-25 11:55:00,761.25,-157.5,603.75
2023-05-25 11:56:00,731.25,-60.0,671.25
2023-05-25 11:57:00,742.5,-60.0,682.5
2023-05-25 11:58:00,761.25,-37.5,723.75
2023-05-25 11:59:00,753.75,3.75,757.5
2023-05-25 12:00:00,776.25,-78.75,697.5
2023-05-25 12:01:00,787.5,-101.25,686.25
2023-05-25 12:02:00,776.25,-105.0,671.25
2023-05-25 12:03:00,780.0,-120.0,660.0
2023-05-25 12:04:00,810.0,-168.75,641.25
2023-05-25 12:05:00,813.75,-198.75,615.0
2023-05-25 12:06:00,828.75,-221.25,607.5
2023-05-25 12:07:00,798.75,-153.75,645.0
2023-05-25 12:08:00,738.75,-30.0,708.75
2023-05-25 12:09:00,708.75,60.0,768.75
2023-05-25 12:10:00,682.5,97.5,780.0
2023-05-25 12:11:00,637.5,116.25,753.75
2023-05-25 12:12:00,701.25,45.0,746.25
2023-05-25 12:13:00,690.0,67.5,757.5
2023-05-25 12:14:00,712.5,56.25,768.75
2023-05-25 12:15:00,697.5,67.5,765.0
2023-05-25 12:16:00,667.5,86.25,753.75
2023-05-25 12:17:00,652.5,120.0,772.5
2023-05-25 12:18:00,648.75,127.5,776.25
2023-05-25 12:19:00,600.0,213.75,813.75
2023-05-25 12:20:00,592.5,221.25,813.75
2023-05-25 12:21:00,630.0,195.0,825.0
2023-05-25 12:22:00,663.75,153.75,817.5
2023-05-25 12:23:00,663.75,150.0,813.75
2023-05-25 12:24:00,705.0,131.25,836.25
2023-05-25 12:25:00,600.0,221.25,821.25
2023-05-25 12:26:00,618.75,191.25,810.0
2023-05-25 12:27:00,618.75,172.5,791.25
2023-05-25 12:28:00,652.5,142.5,795.0
2023-05-25 12:29:00,678.75,127.5,806.25
2023-05-25 12:30:00,686.25,123.75,810.0
2023-05-25 12:31:00,772.5,-52.5,720.0
2023-05-25 12:32:00,832.5,-78.75,753.75
2023-05-25 12:33:00,855.0,-97.5,757.5
2023-05-25 12:34:00,873.75,-131.25,742.5
2023-05-25 12:35:00,870.0,-105.0,765.0
2023-05-25 12:36:00,870.0,-101.25,768.75
2023-05-25 12:37:00,896.25,-105.0,791.25
2023-05-25 12:38:00,862.5,-48.75,813.75
2023-05-25 12:39:00,866.25,-48.75,817.5
2023-05-25 12:40:00,888.75,-93.75,795.0
2023-05-25 12:41:00,892.5,-105.0,787.5
2023-05-25 12:42:00,870.0,-71.25,798.75
2023-05-25 12:43:00,903.75,-67.5,836.25
2023-05-25 12:44:00,930.0,-161.25,768.75
2023-05-25 12:45:00,930.0,-101.25,828.75
2023-05-25 12:46:00,911.25,-75.0,836.25
2023-05-25 12:47:00,915.0,-131.25,783.75
2023-05-25 12:48:00,900.0,-71.25,828.75
2023-05-25 12:49:00,911.25,-105.0,806.25
2023-05-25 12:50:00,900.0,-45.0,855.0
2023-05-25 12:51:00,843.75,90.0,933.75
2023-05-25 12:52:00,780.0,210.0,990.0
2023-05-25 12:53:00,783.75,146.25,930.0
2023-05-25 12:54:00,813.75,138.75,952.5
2023-05-25 12:55:00,862.5,82.5,945.0
2023-05-25 12:56:00,933.75,-60.0,873.75
2023-05-25 12:57:00,941.25,-75.0,866.25
2023-05-25 12:58:00,945.0,-86.25,858.75
2023-05-25 12:59:00,993.75,-187.5,806.25
2023-05-25 13:00:00,986.25,-105.0,881.25
2023-05-25 13:01:00,971.25,-67.5,903.75
2023-05-25 13:02:00,1001.25,-165.0,836.25
2023-05-25 13:03:00,1053.75,-307.5,746.25
2023-05-25 13:04:00,1068.75,-333.75,735.0
2023-05-25 13:05:00,1083.75,-330.0,753.75
2023-05-25 13:06:00,1087.5,-315.0,772.5
2023-05-25 13:07:00,1083.75,-438.75,645.0
2023-05-25 13:08:00,1091.25,-397.5,693.75
2023-05-25 13:09:00,1068.75,-176.25,892.5
2023-05-25 13:10:00,1042.5,-75.0,967.5
2023-05-25 13:11:00,1065.0,-195.0,870.0
2023-05-25 13:12:00,1042.5,-105.0,937.5
2023-05-25 13:13:00,1050.0,-138.75,911.25
2023-05-25 13:14:00,1053.75,-191.25,862.5
2023-05-25 13:15:00,1057.5,-198.75,858.75
2023-05-25 13:16:00,1042.5,-135.0,907.5
2023-05-25 13:17:00,1087.5,-318.75,768.75
2023-05-25 13:18:00,1106.25,-375.0,731.25
2023-05-25 13:19:00,1125.0,-532.5,592.5
2023-05-25 13:20:00,1110.0,-408.75,701.25
2023-05-25 13:21:00,1102.5,-412.5,690.0
2023-05-25 13:22:00,1110.0,-363.75,746.25
2023-05-25 13:23:00,1113.75,-423.75,690.0
2023-05-25 13:24:00,1110.0,-465.0,645.0
2023-05-25 13:25:00,1087.5,-243.75,843.75
2023-05-25 13:26:00,1061.25,-101.25,960.0
2023-05-25 13:27:00,1068.75,-112.5,956.25
2023-05-25 13:28:00,1065.0,-78.75,986.25
2023-05-25 13:29:00,1080.0,-112.5,967.5
2023-05-25 13:30:00,1091.25,-183.75,907.5
2023-05-25 13:31:00,1147.5,-581.25,566.25
2023-05-25 13:32:00,1151.25,-491.25,660.0
2023-05-25 13:33:00,1151.25,-476.25,675.0
2023-05-25 13:34:00,1151.25,-435.0,716.25
2023-05-25 13:35:00,1143.75,-341.25,802.5
2023-05-25 13:36:00,1140.0,-390.0,750.0
2023-05-25 13:37:00,1143.75,-423.75,720.0
2023-05-25 13:38:00,1140.0,-352.5,787.5
2023-05-25 13:39:00,1132.5,-300.0,832.5
2023-05-25 13:40:00,1143.75,-431.25,712.5
2023-05-25 13:41:00,1155.0,-551.25,603.75
2023-05-25 13:42:00,1158.75,-603.75,555.0
2023-05-25 13:43:00,1155.0,-528.75,626.25
2023-05-25 13:44:00,1151.25,-352.5,798.75
2023-05-25 13:45:00,1155.0,-330.0,825.0
2023-05-25 13:46:00,1147.5,-303.75,843.75
2023-05-25 13:47:00,1136.25,-202.5,933.75
2023-05-25 13:48:00,1136.25,-142.5,993.75
2023-05-25 13:49:00,1121.25,-101.25,1020.0
2023-05-25 13:50:00,1147.5,-337.5,810.0
2023-05-25 13:51:00,1143.75,-225.0,918.75
2023-05-25 13:52:00,1136.25,-191.25,945.0
2023-05-25 13:53:00,1143.75,-150.0,993.75
2023-05-25 13:54:00,1136.25,-131.25,1005.0
2023-05-25 13:55:00,1143.75,-157.5,986.25
2023-05-25 13:56:00,1147.5,-123.75,1023.75
2023-05-25 13:57:00,1143.75,-116.25,1027.5
2023-05-25 13:58:00,1136.25,-37.5,1098.75
2023-05-25 13:59:00,1188.75,-352.5,836.25
2023-05-25 14:00:00,1192.5,-363.75,828.75
2023-05-25 14:01:00,1188.75,-258.75,930.0
2023-05-25 14:02:00,1177.5,-86.25,1091.25
2023-05-25 14:03:00,1181.25,-183.75,997.5
2023-05-25 14:04:00,1196.25,-255.0,941.25
2023-05-25 14:05:00,1185.0,-213.75,971.25
2023-05-25 14:06:00,1173.75,-48.75,1125.0
2023-05-25 14:07:00,1166.25,26.25,1192.5
2023-05-25 14:08:00,1162.5,52.5,1215.0
2023-05-25 14:09:00,1158.75,127.5,1286.25
2023-05-25 14:10:00,1136.25,210.0,1346.25
2023-05-25 14:11:00,1155.0,168.75,1323.75
2023-05-25 14:12:00,1151.25,165.0,1316.25
2023-05-25 14:13:00,1125.0,326.25,1451.25
2023-05-25 14:14:00,1102.5,356.25,1458.75
2023-05-25 14:15:00,1087.5,435.0,1522.5
2023-05-25 14:16:00,1083.75,412.5,1496.25
2023-05-25 14:17:00,1061.25,476.25,1537.5
2023-05-25 14:18:00,1080.0,423.75,1503.75
2023-05-25 14:19:00,1136.25,311.25,1447.5
2023-05-25 14:20:00,1117.5,356.25,1473.75
2023-05-25 14:21:00,1083.75,438.75,1522.5
2023-05-25 14:22:00,1008.75,540.0,1548.75
2023-05-25 14:23:00,922.5,603.75,1526.25
2023-05-25 14:24:00,956.25,596.25,1552.5
2023-05-25 14:25:00,963.75,596.25,1560.0
2023-05-25 14:26:00,945.0,615.0,1560.0
2023-05-25 14:27:00,922.5,622.5,1545.0
2023-05-25 14:28:00,937.5,633.75,1571.25
2023-05-25 14:29:00,1072.5,588.75,1661.25
2023-05-25 14:30:00,1106.25,551.25,1657.5
2023-05-25 14:31:00,978.75,637.5,1616.25
2023-05-25 14:32:00,1016.25,615.0,1631.25
2023-05-25 14:33:00,1113.75,543.75,1657.5
2023-05-25 14:34:00,1065.0,592.5,1657.5
2023-05-25 14:35:00,1068.75,596.25,1665.0
2023-05-25 14:36:00,1087.5,592.5,1680.0
2023-05-25 14:37:00,1110.0,577.5,1687.5
2023-05-25 14:38:00,1061.25,622.5,1683.75
2023-05-25 14:39:00,1091.25,607.5,1698.75
2023-05-25 14:40:00,1106.25,603.75,1710.0
2023-05-25 14:41:00,1016.25,682.5,1698.75
2023-05-25 14:42:00,1098.75,652.5,1751.25
2023-05-25 14:43:00,1102.5,667.5,1770.0
2023-05-25 14:44:00,1053.75,705.0,1758.75
2023-05-25 14:45:00,1035.0,705.0,1740.0
2023-05-25 14:46:00,1068.75,712.5,1781.25
2023-05-25 14:47:00,1061.25,738.75,1800.0
2023-05-25 14:48:00,1005.0,765.0,1770.0
2023-05-25 14:49:00,1031.25,761.25,1792.5
2023-05-25 14:50:00,952.5,776.25,1728.75
2023-05-25 14:51:00,757.5,780.0,1537.5
2023-05-25 14:52:00,750.0,780.0,1530.0
2023-05-25 14:53:00,615.0,783.75,1398.75
2023-05-25 14:54:00,611.25,787.5,1398.75
2023-05-25 14:55:00,648.75,795.0,1443.75
2023-05-25 14:56:00,693.75,802.5,1496.25
2023-05-25 14:57:00,446.25,802.5,1248.75
2023-05-25 14:58:00,573.75,798.75,1372.5
2023-05-25 14:59:00,562.5,806.25,1368.75
2023-05-25 15:00:00,281.25,795.0,1076.25
2023-05-25 15:01:00,-656.25,795.0,138.75
2023-05-25 15:02:00,-105.0,802.5,697.5
2023-05-25 15:03:00,-570.0,806.25,236.25
2023-05-25 15:04:00,581.25,810.0,1391.25
2023-05-25 15:05:00,-75.0,813.75,738.75
2023-05-25 15:06:00,-217.5,821.25,603.75
2023-05-25 15:07:00,198.75,821.25,1020.0
2023-05-25 15:08:00,86.25,817.5,903.75
2023-05-25 15:09:00,-135.0,817.5,682.5
2023-05-25 15:10:00,-142.5,821.25,678.75
2023-05-25 15:11:00,-228.75,821.25,592.5
2023-05-25 15:12:00,-307.5,825.0,517.5
2023-05-25 15:13:00,-281.25,825.0,543.75
2023-05-25 15:14:00,-367.5,825.0,457.5
2023-05-25 15:15:00,-671.25,828.75,157.5
2023-05-25 15:16:00,-866.25,832.5,-33.75
2023-05-25 15:17:00,-828.75,832.5,3.75
2023-05-25 15:18:00,-750.0,832.5,82.5
2023-05-25 15:19:00,-817.5,832.5,15.0
2023-05-25 15:20:00,-768.75,828.75,60.0
2023-05-25 15:21:00,-768.75,828.75,60.0
2023-05-25 15:22:00,-768.75,828.75,60.0
2023-05-25 15:23:00,-768.75,828.75,60.0
2023-05-25 15:24:00,-768.75,828.75,60.0
2023-05-25 15:25:00,-768.75,828.75,60.0
2023-05-25 15:26:00,-768.75,828.75,60.0
2023-05-25 15:27:00,-768.75,828.75,60.0
2023-05-25 15:28:00,-768.75,828.75,60.0
2023-05-25 15:29:00,-768.75,828.75,60.0
2023-05-25 15:30:00,-768.75,828.75,60.0
2023-06-01 10:15:00,0.0,0.0,0.0
2023-06-01 10:16:00,48.75,-26.25,22.5
2023-06-01 10:17:00,-37.5,45.0,7.5
2023-06-01 10:18:00,45.0,-33.75,11.25
2023-06-01 10:19:00,-15.0,15.0,0.0
2023-06-01 10:20:00,48.75,-41.25,7.5
2023-06-01 10:21:00,-60.0,63.75,3.75
2023-06-01 10:22:00,-30.0,48.75,18.75
2023-06-01 10:23:00,18.75,7.5,26.25
2023-06-01 10:24:00,172.5,-131.25,41.25
2023-06-01 10:25:00,71.25,-7.5,63.75
2023-06-01 10:26:00,-3.75,56.25,52.5
2023-06-01 10:27:00,-63.75,90.0,26.25
2023-06-01 10:28:00,-97.5,127.5,30.0
2023-06-01 10:29:00,-82.5,108.75,26.25
2023-06-01 10:30:00,11.25,75.0,86.25
2023-06-01 10:31:00,90.0,26.25,116.25
2023-06-01 10:32:00,52.5,60.0,112.5
2023-06-01 10:33:00,15.0,112.5,127.5
2023-06-01 10:34:00,0.0,101.25,101.25
2023-06-01 10:35:00,-52.5,146.25,93.75
2023-06-01 10:36:00,-82.5,195.0,112.5
2023-06-01 10:37:00,-63.75,180.0,116.25
2023-06-01 10:38:00,-131.25,221.25,90.0
2023-06-01 10:39:00,-131.25,243.75,112.5
2023-06-01 10:40:00,-157.5,247.5,90.0
2023-06-01 10:41:00,-161.25,258.75,97.5
2023-06-01 10:42:00,-142.5,247.5,105.0
2023-06-01 10:43:00,-105.0,228.75,123.75
2023-06-01 10:44:00,-48.75,210.0,161.25
2023-06-01 10:45:00,7.5,198.75,206.25
2023-06-01 10:46:00,30.0,191.25,221.25
2023-06-01 10:47:00,116.25,131.25,247.5
2023-06-01 10:48:00,48.75,172.5,221.25
2023-06-01 10:49:00,45.0,157.5,202.5
2023-06-01 10:50:00,101.25,138.75,240.0
2023-06-01 10:51:00,90.0,142.5,232.5
2023-06-01 10:52:00,11.25,202.5,213.75
2023-06-01 10:53:00,48.75,172.5,221.25
2023-06-01 10:54:00,7.5,198.75,206.25
2023-06-01 10:55:00,-52.5,180.0,127.5
2023-06-01 10:56:00,18.75,168.75,187.5
2023-06-01 10:57:00,112.5,157.5,270.0
2023-06-01 10:58:00,112.5,146.25,258.75
2023-06-01 10:59:00,56.25,161.25,217.5
2023-06-01 11:00:00,7.5,187.5,195.0
2023-06-01 11:01:00,63.75,198.75,262.5
2023-06-01 11:02:00,45.0,221.25,266.25
2023-06-01 11:03:00,37.5,210.0,247.5
2023-06-01 11:04:00,82.5,176.25,258.75
2023-06-01 11:05:00,146.25,146.25,292.5
2023-06-01 11:06:00,101.25,176.25,277.5
2023-06-01 11:07:00,116.25,172.5,288.75
2023-06-01 11:08:00,206.25,146.25,352.5
2023-06-01 11:09:00,150.0,161.25,311.25
2023-06-01 11:10:00,131.25,187.5,318.75
2023-06-01 11:11:00,78.75,232.5,311.25
2023-06-01 11:12:00,18.75,300.0,318.75
2023-06-01 11:13:00,33.75,296.25,330.0
2023-06-01 11:14:00,71.25,277.5,348.75
2023-06-01 11:15:00,18.75,341.25,360.0
2023-06-01 11:16:00,-41.25,333.75,292.5
2023-06-01 11:17:00,-108.75,375.0,266.25
2023-06-01 11:18:00,-127.5,401.25,273.75
2023-06-01 11:19:00,-97.5,382.5,285.0
2023-06-01 11:20:00,-108.75,390.0,281.25
2023-06-01 11:21:00,-116.25,390.0,273.75
2023-06-01 11:22:00,-90.0,371.25,281.25
2023-06-01 11:23:00,-60.0,371.25,311.25
2023-06-01 11:24:00,-37.5,367.5,330.0
2023-06-01 11:25:00,-97.5,382.5,285.0
2023-06-01 11:26:00,-48.75,371.25,322.5
2023-06-01 11:27:00,75.0,322.5,397.5
2023-06-01 11:28:00,105.0,315.0,420.0
2023-06-01 11:29:00,183.75,288.75,472.5
2023-06-01 11:30:00,176.25,255.0,431.25
2023-06-01 11:31:00,176.25,191.25,367.5
2023-06-01 11:32:00,180.0,210.0,390.0
2023-06-01 11:33:00,225.0,221.25,446.25
2023-06-01 11:34:00,311.25,180.0,491.25
2023-06-01 11:35:00,247.5,247.5,495.0
2023-06-01 11:36:00,258.75,236.25,495.0
2023-06-01 11:37:00,217.5,236.25,453.75
2023-06-01 11:38:00,217.5,255.0,472.5
2023-06-01 11:39:00,221.25,266.25,487.5
2023-06-01 11:40:00,236.25,251.25,487.5
2023-06-01 11:41:00,266.25,221.25,487.5
2023-06-01 11:42:00,243.75,243.75,487.5
2023-06-01 11:43:00,198.75,307.5,506.25
2023-06-01 11:44:00,210.0,307.5,517.5
2023-06-01 11:45:00,232.5,285.0,517.5
2023-06-01 11:46:00,273.75,247.5,521.25
2023-06-01 11:47:00,172.5,360.0,532.5
2023-06-01 11:48:00,187.5,337.5,525.0
2023-06-01 11:49:00,142.5,363.75,506.25
2023-06-01 11:50:00,142.5,367.5,510.0
2023-06-01 11:51:00,251.25,322.5,573.75
2023-06-01 11:52:00,442.5,228.75,671.25
2023-06-01 11:53:00,146.25,532.5,678.75
2023-06-01 11:54:00,240.0,348.75,588.75
2023-06-01 11:55:00,236.25,367.5,603.75
2023-06-01 11:56:00,266.25,307.5,573.75
2023-06-01 11:57:00,285.0,307.5,592.5
2023-06-01 11:58:00,307.5,311.25,618.75
2023-06-01 11:59:00,326.25,311.25,637.5
2023-06-01 12:00:00,367.5,270.0,637.5
2023-06-01 12:01:00,337.5,277.5,615.0
2023-06-01 12:02:00,315.0,303.75,618.75
2023-06-01 12:03:00,307.5,288.75,596.25
2023-06-01 12:04:00,378.75,195.0,573.75
2023-06-01 12:05:00,491.25,-120.0,371.25
2023-06-01 12:06:00,528.75,-33.75,495.0
2023-06-01 12:07:00,543.75,-37.5,506.25
2023-06-01 12:08:00,600.0,-198.75,401.25
2023-06-01 12:09:00,626.25,-168.75,457.5
2023-06-01 12:10:00,671.25,-273.75,397.5
2023-06-01 12:11:00,641.25,-315.0,326.25
2023-06-01 12:12:00,652.5,-285.0,367.5
2023-06-01 12:13:00,615.0,-221.25,393.75
2023-06-01 12:14:00,600.0,-270.0,330.0
2023-06-01 12:15:00,588.75,-210.0,378.75
2023-06-01 12:16:00,600.0,-270.0,330.0
2023-06-01 12:17:00,577.5,-405.0,172.5
2023-06-01 12:18:00,573.75,-262.5,311.25
2023-06-01 12:19:00,510.0,0.0,510.0
2023-06-01 12:20:00,521.25,-41.25,480.0
2023-06-01 12:21:00,566.25,-71.25,495.0
2023-06-01 12:22:00,528.75,3.75,532.5
2023-06-01 12:23:00,547.5,60.0,607.5
2023-06-01 12:24:00,540.0,138.75,678.75
2023-06-01 12:25:00,525.0,187.5,712.5
2023-06-01 12:26:00,547.5,157.5,705.0
2023-06-01 12:27:00,547.5,228.75,776.25
2023-06-01 12:28:00,555.0,210.0,765.0
2023-06-01 12:29:00,577.5,183.75,761.25
2023-06-01 12:30:00,603.75,150.0,753.75
2023-06-01 12:31:00,607.5,97.5,705.0
2023-06-01 12:32:00,573.75,150.0,723.75
2023-06-01 12:33:00,645.0,56.25,701.25
2023-06-01 12:34:00,592.5,142.5,735.0
2023-06-01 12:35:00,540.0,240.0,780.0
2023-06-01 12:36:00,450.0,300.0,750.0
2023-06-01 12:37:00,450.0,262.5,712.5
2023-06-01 12:38:00,401.25,270.0,671.25
2023-06-01 12:39:00,431.25,277.5,708.75
2023-06-01 12:40:00,510.0,213.75,723.75
2023-06-01 12:41:00,543.75,183.75,727.5
2023-06-01 12:42:00,570.0,187.5,757.5
2023-06-01 12:43:00,622.5,131.25,753.75
2023-06-01 12:44:00,551.25,213.75,765.0
2023-06-01 12:45:00,491.25,296.25,787.5
2023-06-01 12:46:00,502.5,243.75,746.25
2023-06-01 12:47:00,532.5,232.5,765.0
2023-06-01 12:48:00,577.5,157.5,735.0
2023-06-01 12:49:00,570.0,195.0,765.0
2023-06-01 12:50:00,577.5,168.75,746.25
2023-06-01 12:51:00,618.75,165.0,783.75
2023-06-01 12:52:00,622.5,138.75,761.25
2023-06-01 12:53:00,600.0,168.75,768.75
2023-06-01 12:54:00,585.0,247.5,832.5
2023-06-01 12:55:00,592.5,247.5,840.0
2023-06-01 12:56:00,611.25,187.5,798.75
2023-06-01 12:57:00,585.0,240.0,825.0
2023-06-01 12:58:00,547.5,277.5,825.0
2023-06-01 12:59:00,588.75,232.5,821.25
2023-06-01 13:00:00,592.5,217.5,810.0
2023-06-01 13:01:00,558.75,258.75,817.5
2023-06-01 13:02:00,543.75,247.5,791.25
2023-06-01 13:03:00,562.5,213.75,776.25
2023-06-01 13:04:00,592.5,168.75,761.25
2023-06-01 13:05:00,600.0,161.25,761.25
2023-06-01 13:06:00,588.75,161.25,750.0
2023-06-01 13:07:00,603.75,153.75,757.5
2023-06-01 13:08:00,585.0,168.75,753.75
2023-06-01 13:09:00,573.75,255.0,828.75
2023-06-01 13:10:00,600.0,157.5,757.5
2023-06-01 13:11:00,581.25,191.25,772.5
2023-06-01 13:12:00,577.5,180.0,757.5
2023-06-01 13:13:00,581.25,172.5,753.75
2023-06-01 13:14:00,551.25,228.75,780.0
2023-06-01 13:15:00,476.25,288.75,765.0
2023-06-01 13:16:00,393.75,371.25,765.0
2023-06-01 13:17:00,382.5,390.0,772.5
2023-06-01 13:18:00,420.0,363.75,783.75
2023-06-01 13:19:00,637.5,240.0,877.5
2023-06-01 13:20:00,585.0,258.75,843.75
2023-06-01 13:21:00,532.5,281.25,813.75
2023-06-01 13:22:00,543.75,277.5,821.25
2023-06-01 13:23:00,495.0,333.75,828.75
2023-06-01 13:24:00,453.75,371.25,825.0
2023-06-01 13:25:00,483.75,363.75,847.5
2023-06-01 13:26:00,502.5,330.0,832.5
2023-06-01 13:27:00,487.5,352.5,840.0
2023-06-01 13:28:00,517.5,356.25,873.75
2023-06-01 13:29:00,506.25,356.25,862.5
2023-06-01 13:30:00,513.75,352.5,866.25
2023-06-01 13:31:00,577.5,322.5,900.0
2023-06-01 13:32:00,585.0,288.75,873.75
2023-06-01 13:33:00,596.25,292.5,888.75
2023-06-01 13:34:00,596.25,296.25,892.5
2023-06-01 13:35:00,585.0,322.5,907.5
2023-06-01 13:36:00,570.0,341.25,911.25
2023-06-01 13:37:00,652.5,281.25,933.75
2023-06-01 13:38:00,652.5,251.25,903.75
2023-06-01 13:39:00,656.25,262.5,918.75
2023-06-01 13:40:00,652.5,247.5,900.0
2023-06-01 13:41:00,630.0,292.5,922.5
2023-06-01 13:42:00,622.5,232.5,855.0
2023-06-01 13:43:00,637.5,247.5,885.0
2023-06-01 13:44:00,637.5,240.0,877.5
2023-06-01 13:45:00,656.25,202.5,858.75
2023-06-01 13:46:00,746.25,11.25,757.5
2023-06-01 13:47:00,712.5,157.5,870.0
2023-06-01 13:48:00,791.25,-60.0,731.25
2023-06-01 13:49:00,817.5,3.75,821.25
2023-06-01 13:50:00,832.5,-63.75,768.75
2023-06-01 13:51:00,817.5,-3.75,813.75
2023-06-01 13:52:00,783.75,82.5,866.25
2023-06-01 13:53:00,918.75,-191.25,727.5
2023-06-01 13:54:00,918.75,-138.75,780.0
2023-06-01 13:55:00,982.5,-198.75,783.75
2023-06-01 13:56:00,1001.25,-217.5,783.75
2023-06-01 13:57:00,971.25,-56.25,915.0
2023-06-01 13:58:00,941.25,-26.25,915.0
2023-06-01 13:59:00,948.75,-15.0,933.75
2023-06-01 14:00:00,982.5,-86.25,896.25
2023-06-01 14:01:00,960.0,11.25,971.25
2023-06-01 14:02:00,933.75,105.0,1038.75
2023-06-01 14:03:00,952.5,67.5,1020.0
2023-06-01 14:04:00,933.75,150.0,1083.75
2023-06-01 14:05:00,907.5,262.5,1170.0
2023-06-01 14:06:00,911.25,187.5,1098.75
2023-06-01 14:07:00,911.25,195.0,1106.25
2023-06-01 14:08:00,911.25,142.5,1053.75
2023-06-01 14:09:00,900.0,183.75,1083.75
2023-06-01 14:10:00,888.75,202.5,1091.25
2023-06-01 14:11:00,918.75,127.5,1046.25
2023-06-01 14:12:00,975.0,15.0,990.0
2023-06-01 14:13:00,1005.0,-60.0,945.0
2023-06-01 14:14:00,1035.0,-33.75,1001.25
2023-06-01 14:15:00,1023.75,-26.25,997.5
2023-06-01 14:16:00,1023.75,-7.5,1016.25
2023-06-01 14:17:00,1016.25,52.5,1068.75
2023-06-01 14:18:00,993.75,135.0,1128.75
2023-06-01 14:19:00,1008.75,105.0,1113.75
2023-06-01 14:20:00,1008.75,112.5,1121.25
2023-06-01 14:21:00,1042.5,60.0,1102.5
2023-06-01 14:22:00,1061.25,15.0,1076.25
2023-06-01 14:23:00,1121.25,-120.0,1001.25
2023-06-01 14:24:00,1117.5,-101.25,1016.25
2023-06-01 14:25:00,1125.0,-262.5,862.5
2023-06-01 14:26:00,1128.75,-176.25,952.5
2023-06-01 14:27:00,1110.0,7.5,1117.5
2023-06-01 14:28:00,1080.0,112.5,1192.5
2023-06-01 14:29:00,1091.25,101.25,1192.5
2023-06-01 14:30:00,1065.0,300.0,1365.0
2023-06-01 14:31:00,1095.0,191.25,1286.25
2023-06-01 14:32:00,1117.5,127.5,1245.0
2023-06-01 14:33:00,1140.0,67.5,1207.5
2023-06-01 14:34:00,1155.0,-90.0,1065.0
2023-06-01 14:35:00,1132.5,0.0,1132.5
2023-06-01 14:36:00,1143.75,-22.5,1121.25
2023-06-01 14:37:00,1151.25,-120.0,1031.25
2023-06-01 14:38:00,1151.25,-63.75,1087.5
2023-06-01 14:39:00,1147.5,-11.25,1136.25
2023-06-01 14:40:00,1151.25,75.0,1226.25
2023-06-01 14:41:00,1151.25,97.5,1248.75
2023-06-01 14:42:00,1147.5,225.0,1372.5
2023-06-01 14:43:00,1166.25,135.0,1301.25
2023-06-01 14:44:00,1162.5,48.75,1211.25
2023-06-01 14:45:00,1185.0,-45.0,1140.0
2023-06-01 14:46:00,1196.25,48.75,1245.0
2023-06-01 14:47:00,1188.75,67.5,1256.25
2023-06-01 14:48:00,1181.25,157.5,1338.75
2023-06-01 14:49:00,1185.0,116.25,1301.25
2023-06-01 14:50:00,1196.25,-168.75,1027.5
2023-06-01 14:51:00,1196.25,-93.75,1102.5
2023-06-01 14:52:00,1203.75,33.75,1237.5
2023-06-01 14:53:00,1200.0,161.25,1361.25
2023-06-01 14:54:00,1188.75,123.75,1312.5
2023-06-01 14:55:00,1196.25,157.5,1353.75
2023-06-01 14:56:00,1200.0,210.0,1410.0
2023-06-01 14:57:00,1185.0,521.25,1706.25
2023-06-01 14:58:00,1192.5,585.0,1777.5
2023-06-01 14:59:00,1188.75,682.5,1871.25
2023-06-01 15:00:00,1200.0,585.0,1785.0
2023-06-01 15:01:00,1218.75,528.75,1747.5
2023-06-01 15:02:00,1226.25,528.75,1755.0
2023-06-01 15:03:00,1230.0,585.0,1815.0
2023-06-01 15:04:00,1237.5,453.75,1691.25
2023-06-01 15:05:00,1237.5,228.75,1466.25
2023-06-01 15:06:00,1241.25,161.25,1402.5
2023-06-01 15:07:00,1245.0,37.5,1282.5
2023-06-01 15:08:00,1245.0,172.5,1417.5
2023-06-01 15:09:00,1245.0,213.75,1458.75
2023-06-01 15:10:00,1241.25,22.5,1263.75
2023-06-01 15:11:00,1241.25,416.25,1657.5
2023-06-01 15:12:00,1245.0,367.5,1612.5
2023-06-01 15:13:00,1245.0,476.25,1721.25
2023-06-01 15:14:00,1241.25,678.75,1920.0
2023-06-01 15:15:00,1245.0,240.0,1485.0
2023-06-01 15:16:00,1245.0,-30.0,1215.0
2023-06-01 15:17:00,1248.75,-56.25,1192.5
2023-06-01 15:18:00,1248.75,-105.0,1143.75
2023-06-01 15:19:00,1248.75,-37.5,1211.25
2023-06-01 15:20:00,1248.75,-120.0,1128.75
2023-06-01 15:21:00,1248.75,-120.0,1128.75
2023-06-01 15:22:00,1248.75,-120.0,1128.75
2023-06-01 15:23:00,1248.75,-120.0,1128.75
2023-06-01 15:24:00,1248.75,-120.0,1128.75
2023-06-01 15:25:00,1248.75,-120.0,1128.75
2023-06-01 15:26:00,1248.75,-120.0,1128.75
2023-06-01 15:27:00,1248.75,-120.0,1128.75
2023-06-01 15:28:00,1248.75,-120.0,1128.75
2023-06-01 15:29:00,1248.75,-120.0,1128.75
2023-06-01 15:30:00,1248.75,-120.0,1128.75
2023-06-08 10:15:00,0.0,0.0,0.0
2023-06-08 10:16:00,0.0,142.5,142.5
2023-06-08 10:17:00,0.0,228.75,228.75
2023-06-08 10:18:00,0.0,213.75,213.75
2023-06-08 10:19:00,0.0,273.75,273.75
2023-06-08 10:20:00,0.0,307.5,307.5
2023-06-08 10:21:00,0.0,341.25,341.25
2023-06-08 10:22:00,0.0,333.75,333.75
2023-06-08 10:23:00,0.0,356.25,356.25
2023-06-08 10:24:00,0.0,390.0,390.0
2023-06-08 10:25:00,0.0,367.5,367.5
2023-06-08 10:26:00,0.0,378.75,378.75
2023-06-08 10:27:00,0.0,352.5,352.5
2023-06-08 10:28:00,0.0,371.25,371.25
2023-06-08 10:29:00,0.0,401.25,401.25
2023-06-08 10:30:00,0.0,382.5,382.5
2023-06-08 10:31:00,0.0,401.25,401.25
2023-06-08 10:32:00,0.0,375.0,375.0
2023-06-08 10:33:00,0.0,386.25,386.25
2023-06-08 10:34:00,0.0,375.0,375.0
2023-06-08 10:35:00,0.0,363.75,363.75
2023-06-08 10:36:00,0.0,341.25,341.25
2023-06-08 10:37:00,0.0,341.25,341.25
2023-06-08 10:38:00,0.0,330.0,330.0
2023-06-08 10:39:00,0.0,401.25,401.25
2023-06-08 10:40:00,0.0,457.5,457.5
2023-06-08 10:41:00,0.0,435.0,435.0
2023-06-08 10:42:00,0.0,438.75,438.75
2023-06-08 10:43:00,0.0,423.75,423.75
2023-06-08 10:44:00,0.0,435.0,435.0
2023-06-08 10:45:00,0.0,453.75,453.75
2023-06-08 10:46:00,0.0,480.0,480.0
2023-06-08 10:47:00,0.0,487.5,487.5
2023-06-08 10:48:00,0.0,498.75,498.75
2023-06-08 10:49:00,0.0,510.0,510.0
2023-06-08 10:50:00,0.0,525.0,525.0
2023-06-08 10:51:00,0.0,528.75,528.75
2023-06-08 10:52:00,0.0,510.0,510.0
2023-06-08 10:53:00,0.0,506.25,506.25
2023-06-08 10:54:00,0.0,510.0,510.0
2023-06-08 10:55:00,0.0,510.0,510.0
2023-06-08 10:56:00,0.0,498.75,498.75
2023-06-08 10:57:00,0.0,476.25,476.25
2023-06-08 10:58:00,0.0,498.75,498.75
2023-06-08 10:59:00,0.0,536.25,536.25
2023-06-08 11:00:00,0.0,521.25,521.25
2023-06-08 11:01:00,0.0,513.75,513.75
2023-06-08 11:02:00,0.0,517.5,517.5
2023-06-08 11:03:00,0.0,543.75,543.75
2023-06-08 11:04:00,0.0,525.0,525.0
2023-06-08 11:05:00,0.0,528.75,528.75
2023-06-08 11:06:00,0.0,536.25,536.25
2023-06-08 11:07:00,0.0,562.5,562.5
2023-06-08 11:08:00,0.0,573.75,573.75
2023-06-08 11:09:00,0.0,603.75,603.75
2023-06-08 11:10:00,0.0,585.0,585.0
2023-06-08 11:11:00,0.0,596.25,596.25
2023-06-08 11:12:00,0.0,607.5,607.5
2023-06-08 11:13:00,0.0,603.75,603.75
2023-06-08 11:14:00,0.0,596.25,596.25
2023-06-08 11:15:00,0.0,558.75,558.75
2023-06-08 11:16:00,0.0,547.5,547.5
2023-06-08 11:17:00,0.0,495.0,495.0
2023-06-08 11:18:00,0.0,502.5,502.5
2023-06-08 11:19:00,0.0,528.75,528.75
2023-06-08 11:20:00,0.0,483.75,483.75
2023-06-08 11:21:00,0.0,386.25,386.25
2023-06-08 11:22:00,0.0,442.5,442.5
2023-06-08 11:23:00,0.0,382.5,382.5
2023-06-08 11:24:00,0.0,408.75,408.75
2023-06-08 11:25:00,0.0,382.5,382.5
2023-06-08 11:26:00,0.0,397.5,397.5
2023-06-08 11:27:00,0.0,322.5,322.5
2023-06-08 11:28:00,0.0,262.5,262.5
2023-06-08 11:29:00,0.0,348.75,348.75
2023-06-08 11:30:00,0.0,401.25,401.25
2023-06-08 11:31:00,0.0,465.0,465.0
2023-06-08 11:32:00,0.0,431.25,431.25
2023-06-08 11:33:00,0.0,363.75,363.75
2023-06-08 11:34:00,0.0,375.0,375.0
2023-06-08 11:35:00,0.0,307.5,307.5
2023-06-08 11:36:00,0.0,288.75,288.75
2023-06-08 11:37:00,0.0,303.75,303.75
2023-06-08 11:38:00,0.0,285.0,285.0
2023-06-08 11:39:00,0.0,341.25,341.25
2023-06-08 11:40:00,0.0,315.0,315.0
2023-06-08 11:41:00,0.0,288.75,288.75
2023-06-08 11:42:00,0.0,176.25,176.25
2023-06-08 11:43:00,0.0,-22.5,-22.5
2023-06-08 11:44:00,0.0,-120.0,-120.0
2023-06-08 11:45:00,0.0,-311.25,-311.25
2023-06-08 11:46:00,0.0,-202.5,-202.5
2023-06-08 11:47:00,0.0,-161.25,-161.25
2023-06-08 11:48:00,0.0,-101.25,-101.25
2023-06-08 11:49:00,0.0,-408.75,-408.75
2023-06-08 11:50:00,0.0,-652.5,-652.5
2023-06-08 11:51:00,0.0,-652.5,-652.5
2023-06-08 11:52:00,0.0,-690.0,-690.0
2023-06-08 11:53:00,0.0,-693.75,-693.75
2023-06-08 11:54:00,0.0,-723.75,-723.75
2023-06-08 11:55:00,0.0,-960.0,-960.0
2023-06-08 11:56:00,0.0,-821.25,-821.25
2023-06-08 11:57:00,0.0,-663.75,-663.75
2023-06-08 11:58:00,0.0,-667.5,-667.5
2023-06-08 11:59:00,0.0,-990.0,-990.0
2023-06-08 12:00:00,0.0,-1252.5,-1252.5
2023-06-08 12:01:00,176.25,-1522.5,-1346.25
2023-06-08 12:02:00,127.5,-1436.25,-1308.75
2023-06-08 12:03:00,183.75,-1545.0,-1361.25
2023-06-08 12:04:00,112.5,-1391.25,-1278.75
2023-06-08 12:05:00,11.25,-1155.0,-1143.75
2023-06-08 12:06:00,142.5,-1282.5,-1140.0
2023-06-08 12:07:00,60.0,-1200.0,-1140.0
2023-06-08 12:08:00,30.0,-1151.25,-1121.25
2023-06-08 12:09:00,0.0,-1125.0,-1125.0
2023-06-08 12:10:00,15.0,-1147.5,-1132.5
2023-06-08 12:11:00,-52.5,-1031.25,-1083.75
2023-06-08 12:12:00,67.5,-1151.25,-1083.75
2023-06-08 12:13:00,-48.75,-971.25,-1020.0
2023-06-08 12:14:00,-67.5,-963.75,-1031.25
2023-06-08 12:15:00,-247.5,-776.25,-1023.75
2023-06-08 12:16:00,-198.75,-888.75,-1087.5
2023-06-08 12:17:00,-378.75,-697.5,-1076.25
2023-06-08 12:18:00,-247.5,-862.5,-1110.0
2023-06-08 12:19:00,-225.0,-836.25,-1061.25
2023-06-08 12:20:00,33.75,-1057.5,-1023.75
2023-06-08 12:21:00,97.5,-1151.25,-1053.75
2023-06-08 12:22:00,-198.75,-817.5,-1016.25
2023-06-08 12:23:00,-296.25,-727.5,-1023.75
2023-06-08 12:24:00,-71.25,-870.0,-941.25
2023-06-08 12:25:00,-258.75,-727.5,-986.25
2023-06-08 12:26:00,-288.75,-690.0,-978.75
2023-06-08 12:27:00,-288.75,-663.75,-952.5
2023-06-08 12:28:00,-75.0,-825.0,-900.0
2023-06-08 12:29:00,-105.0,-791.25,-896.25
2023-06-08 12:30:00,-161.25,-750.0,-911.25
2023-06-08 12:31:00,-202.5,-720.0,-922.5
2023-06-08 12:32:00,-120.0,-798.75,-918.75
2023-06-08 12:33:00,-161.25,-735.0,-896.25
2023-06-08 12:34:00,-86.25,-798.75,-885.0
2023-06-08 12:35:00,461.25,-1301.25,-840.0
2023-06-08 12:36:00,322.5,-1211.25,-888.75
2023-06-08 12:37:00,401.25,-1230.0,-828.75
2023-06-08 12:38:00,468.75,-1342.5,-873.75
2023-06-08 12:39:00,363.75,-1151.25,-787.5
2023-06-08 12:40:00,356.25,-1132.5,-776.25
2023-06-08 12:41:00,71.25,-810.0,-738.75
2023-06-08 12:42:00,26.25,-746.25,-720.0
2023-06-08 12:43:00,75.0,-787.5,-712.5
2023-06-08 12:44:00,56.25,-806.25,-750.0
2023-06-08 12:45:00,-15.0,-727.5,-742.5
2023-06-08 12:46:00,-37.5,-776.25,-813.75
2023-06-08 12:47:00,75.0,-828.75,-753.75
2023-06-08 12:48:00,172.5,-1046.25,-873.75
2023-06-08 12:49:00,367.5,-1196.25,-828.75
2023-06-08 12:50:00,236.25,-1061.25,-825.0
2023-06-08 12:51:00,258.75,-1095.0,-836.25
2023-06-08 12:52:00,288.75,-1083.75,-795.0
2023-06-08 12:53:00,326.25,-1117.5,-791.25
2023-06-08 12:54:00,341.25,-1166.25,-825.0
2023-06-08 12:55:00,378.75,-1286.25,-907.5
2023-06-08 12:56:00,352.5,-1222.5,-870.0
2023-06-08 12:57:00,281.25,-1143.75,-862.5
2023-06-08 12:58:00,382.5,-1260.0,-877.5
2023-06-08 12:59:00,165.0,-888.75,-723.75
2023-06-08 13:00:00,116.25,-817.5,-701.25
2023-06-08 13:01:00,86.25,-825.0,-738.75
2023-06-08 13:02:00,101.25,-840.0,-738.75
2023-06-08 13:03:00,75.0,-802.5,-727.5
2023-06-08 13:04:00,135.0,-843.75,-708.75
2023-06-08 13:05:00,45.0,-768.75,-723.75
2023-06-08 13:06:00,142.5,-843.75,-701.25
2023-06-08 13:07:00,187.5,-922.5,-735.0
2023-06-08 13:08:00,288.75,-1027.5,-738.75
2023-06-08 13:09:00,438.75,-1226.25,-787.5
2023-06-08 13:10:00,487.5,-1353.75,-866.25
2023-06-08 13:11:00,588.75,-1395.0,-806.25
2023-06-08 13:12:00,457.5,-1151.25,-693.75
2023-06-08 13:13:00,547.5,-1395.0,-847.5
2023-06-08 13:14:00,472.5,-1271.25,-798.75
2023-06-08 13:15:00,510.0,-1308.75,-798.75
2023-06-08 13:16:00,483.75,-1305.0,-821.25
2023-06-08 13:17:00,416.25,-1218.75,-802.5
2023-06-08 13:18:00,405.0,-1196.25,-791.25
2023-06-08 13:19:00,442.5,-1170.0,-727.5
2023-06-08 13:20:00,360.0,-1072.5,-712.5
2023-06-08 13:21:00,401.25,-1080.0,-678.75
2023-06-08 13:22:00,375.0,-1031.25,-656.25
2023-06-08 13:23:00,326.25,-975.0,-648.75
2023-06-08 13:24:00,416.25,-1113.75,-697.5
2023-06-08 13:25:00,472.5,-1181.25,-708.75
2023-06-08 13:26:00,446.25,-1132.5,-686.25
2023-06-08 13:27:00,517.5,-1260.0,-742.5
2023-06-08 13:28:00,427.5,-1076.25,-648.75
2023-06-08 13:29:00,480.0,-1185.0,-705.0
2023-06-08 13:30:00,450.0,-1102.5,-652.5
2023-06-08 13:31:00,397.5,-1042.5,-645.0
2023-06-08 13:32:00,356.25,-1016.25,-660.0
2023-06-08 13:33:00,457.5,-1102.5,-645.0
2023-06-08 13:34:00,517.5,-1170.0,-652.5
2023-06-08 13:35:00,498.75,-1162.5,-663.75
2023-06-08 13:36:00,532.5,-1237.5,-705.0
2023-06-08 13:37:00,528.75,-1230.0,-701.25
2023-06-08 13:38:00,487.5,-1158.75,-671.25
2023-06-08 13:39:00,543.75,-1226.25,-682.5
2023-06-08 13:40:00,457.5,-1106.25,-648.75
2023-06-08 13:41:00,277.5,-798.75,-521.25
2023-06-08 13:42:00,63.75,-487.5,-423.75
2023-06-08 13:43:00,262.5,-723.75,-461.25
2023-06-08 13:44:00,48.75,-480.0,-431.25
2023-06-08 13:45:00,-22.5,-360.0,-382.5
2023-06-08 13:46:00,-468.75,-82.5,-551.25
2023-06-08 13:47:00,-457.5,-15.0,-472.5
2023-06-08 13:48:00,-390.0,-26.25,-416.25
2023-06-08 13:49:00,-420.0,0.0,-420.0
2023-06-08 13:50:00,-348.75,-41.25,-390.0
2023-06-08 13:51:00,-240.0,-135.0,-375.0
2023-06-08 13:52:00,-318.75,-60.0,-378.75
2023-06-08 13:53:00,-153.75,-187.5,-341.25
2023-06-08 13:54:00,-157.5,-210.0,-367.5
2023-06-08 13:55:00,-360.0,-45.0,-405.0
2023-06-08 13:56:00,-397.5,7.5,-390.0
2023-06-08 13:57:00,-573.75,123.75,-450.0
2023-06-08 13:58:00,-333.75,-22.5,-356.25
2023-06-08 13:59:00,-517.5,60.0,-457.5
2023-06-08 14:00:00,-570.0,97.5,-472.5
2023-06-08 14:01:00,-708.75,191.25,-517.5
2023-06-08 14:02:00,-528.75,131.25,-397.5
2023-06-08 14:03:00,-266.25,3.75,-262.5
2023-06-08 14:04:00,-521.25,131.25,-390.0
2023-06-08 14:05:00,-630.0,206.25,-423.75
2023-06-08 14:06:00,-513.75,135.0,-378.75
2023-06-08 14:07:00,-322.5,60.0,-262.5
2023-06-08 14:08:00,333.75,-386.25,-52.5
2023-06-08 14:09:00,247.5,-322.5,-75.0
2023-06-08 14:10:00,603.75,-637.5,-33.75
2023-06-08 14:11:00,753.75,-798.75,-45.0
2023-06-08 14:12:00,993.75,-1207.5,-213.75
2023-06-08 14:13:00,948.75,-1050.0,-101.25
2023-06-08 14:14:00,851.25,-873.75,-22.5
2023-06-08 14:15:00,840.0,-911.25,-71.25
2023-06-08 14:16:00,982.5,-1076.25,-93.75
2023-06-08 14:17:00,873.75,-948.75,-75.0
2023-06-08 14:18:00,862.5,-843.75,18.75
2023-06-08 14:19:00,948.75,-1005.0,-56.25
2023-06-08 14:20:00,1087.5,-1211.25,-123.75
2023-06-08 14:21:00,1072.5,-1147.5,-75.0
2023-06-08 14:22:00,1192.5,-1211.25,-18.75
2023-06-08 14:23:00,1320.0,-1537.5,-217.5
2023-06-08 14:24:00,1237.5,-1305.0,-67.5
2023-06-08 14:25:00,1061.25,-1046.25,15.0
2023-06-08 14:26:00,1038.75,-967.5,71.25
2023-06-08 14:27:00,1083.75,-1042.5,41.25
2023-06-08 14:28:00,1046.25,-937.5,108.75
2023-06-08 14:29:00,1031.25,-828.75,202.5
2023-06-08 14:30:00,1113.75,-990.0,123.75
2023-06-08 14:31:00,1057.5,-885.0,172.5
2023-06-08 14:32:00,1072.5,-885.0,187.5
2023-06-08 14:33:00,1147.5,-1001.25,146.25
2023-06-08 14:34:00,1263.75,-1230.0,33.75
2023-06-08 14:35:00,1140.0,-918.75,221.25
2023-06-08 14:36:00,1087.5,-877.5,210.0
2023-06-08 14:37:00,1173.75,-963.75,210.0
2023-06-08 14:38:00,1023.75,-626.25,397.5
2023-06-08 14:39:00,1091.25,-738.75,352.5
2023-06-08 14:40:00,1173.75,-881.25,292.5
2023-06-08 14:41:00,1008.75,-588.75,420.0
2023-06-08 14:42:00,1113.75,-750.0,363.75
2023-06-08 14:43:00,1233.75,-967.5,266.25
2023-06-08 14:44:00,1215.0,-888.75,326.25
2023-06-08 14:45:00,1215.0,-911.25,303.75
2023-06-08 14:46:00,1286.25,-1072.5,213.75
2023-06-08 14:47:00,1541.25,-2122.5,-581.25
2023-06-08 14:48:00,1616.25,-2298.75,-682.5
2023-06-08 14:49:00,1676.25,-2700.0,-1023.75
2023-06-08 14:50:00,1683.75,-2861.25,-1177.5
2023-06-08 14:51:00,1683.75,-2797.5,-1113.75
2023-06-08 14:52:00,1683.75,-2613.75,-930.0
2023-06-08 14:53:00,1683.75,-3082.5,-1398.75
2023-06-08 14:54:00,1683.75,-2970.0,-1286.25
2023-06-08 14:55:00,1683.75,-2958.75,-1275.0
2023-06-08 14:56:00,1683.75,-2958.75,-1275.0
2023-06-08 14:57:00,1683.75,-2958.75,-1275.0
2023-06-08 14:58:00,1683.75,-2958.75,-1275.0
2023-06-08 14:59:00,1683.75,-2958.75,-1275.0
2023-06-08 15:00:00,1683.75,-2958.75,-1275.0
2023-06-08 15:01:00,1683.75,-2958.75,-1275.0
2023-06-08 15:02:00,1683.75,-2958.75,-1275.0
2023-06-08 15:03:00,1683.75,-2958.75,-1275.0
2023-06-08 15:04:00,1683.75,-2958.75,-1275.0
2023-06-08 15:05:00,1683.75,-2958.75,-1275.0
2023-06-08 15:06:00,1683.75,-2958.75,-1275.0
2023-06-08 15:07:00,1683.75,-2958.75,-1275.0
2023-06-08 15:08:00,1683.75,-2958.75,-1275.0
2023-06-08 15:09:00,1683.75,-2958.75,-1275.0
2023-06-08 15:10:00,1683.75,-2958.75,-1275.0
2023-06-08 15:11:00,1683.75,-2958.75,-1275.0
2023-06-08 15:12:00,1683.75,-2958.75,-1275.0
2023-06-08 15:13:00,1683.75,-2958.75,-1275.0
2023-06-08 15:14:00,1683.75,-2958.75,-1275.0
2023-06-08 15:15:00,1683.75,-2958.75,-1275.0
2023-06-08 15:16:00,1683.75,-2958.75,-1275.0
2023-06-08 15:17:00,1683.75,-2958.75,-1275.0
2023-06-08 15:18:00,1683.75,-2958.75,-1275.0
2023-06-08 15:19:00,1683.75,-2958.75,-1275.0
2023-06-08 15:20:00,1683.75,-2958.75,-1275.0
2023-06-08 15:21:00,1683.75,-2958.75,-1275.0
2023-06-08 15:22:00,1683.75,-2958.75,-1275.0
2023-06-08 15:23:00,1683.75,-2958.75,-1275.0
2023-06-08 15:24:00,1683.75,-2958.75,-1275.0
2023-06-08 15:25:00,1683.75,-2958.75,-1275.0
2023-06-08 15:26:00,1683.75,-2958.75,-1275.0
2023-06-08 15:27:00,1683.75,-2958.75,-1275.0
2023-06-08 15:28:00,1683.75,-2958.75,-1275.0
2023-06-08 15:29:00,1683.75,-2958.75,-1275.0
2023-06-08 15:30:00,1683.75,-2958.75,-1275.0
2023-06-15 10:15:00,0.0,0.0,0.0
2023-06-15 10:16:00,45.0,-30.0,15.0
2023-06-15 10:17:00,-18.75,22.5,3.75
2023-06-15 10:18:00,3.75,52.5,56.25
2023-06-15 10:19:00,-138.75,236.25,97.5
2023-06-15 10:20:00,-420.0,416.25,-3.75
2023-06-15 10:21:00,-483.75,472.5,-11.25
2023-06-15 10:22:00,-495.0,468.75,-26.25
2023-06-15 10:23:00,-510.0,483.75,-26.25
2023-06-15 10:24:00,-603.75,498.75,-105.0
2023-06-15 10:25:00,-780.0,528.75,-251.25
2023-06-15 10:26:00,-768.75,543.75,-225.0
2023-06-15 10:27:00,-656.25,487.5,-168.75
2023-06-15 10:28:00,-645.0,483.75,-161.25
2023-06-15 10:29:00,-517.5,431.25,-86.25
2023-06-15 10:30:00,-600.0,457.5,-142.5
2023-06-15 10:31:00,-581.25,457.5,-123.75
2023-06-15 10:32:00,-675.0,498.75,-176.25
2023-06-15 10:33:00,-581.25,465.0,-116.25
2023-06-15 10:34:00,-416.25,371.25,-45.0
2023-06-15 10:35:00,-333.75,360.0,26.25
2023-06-15 10:36:00,-427.5,363.75,-63.75
2023-06-15 10:37:00,-307.5,330.0,22.5
2023-06-15 10:38:00,-318.75,326.25,7.5
2023-06-15 10:39:00,-356.25,345.0,-11.25
2023-06-15 10:40:00,-540.0,457.5,-82.5
2023-06-15 10:41:00,-532.5,453.75,-78.75
2023-06-15 10:42:00,-431.25,431.25,0.0
2023-06-15 10:43:00,-367.5,371.25,3.75
2023-06-15 10:44:00,-367.5,371.25,3.75
2023-06-15 10:45:00,-352.5,363.75,11.25
2023-06-15 10:46:00,-378.75,386.25,7.5
2023-06-15 10:47:00,-431.25,408.75,-22.5
2023-06-15 10:48:00,-438.75,416.25,-22.5
2023-06-15 10:49:00,-326.25,341.25,15.0
2023-06-15 10:50:00,-386.25,382.5,-3.75
2023-06-15 10:51:00,-382.5,382.5,0.0
2023-06-15 10:52:00,-378.75,408.75,30.0
2023-06-15 10:53:00,-423.75,435.0,11.25
2023-06-15 10:54:00,-303.75,352.5,48.75
2023-06-15 10:55:00,-3.75,206.25,202.5
2023-06-15 10:56:00,-75.0,258.75,183.75
2023-06-15 10:57:00,-90.0,266.25,176.25
2023-06-15 10:58:00,-75.0,247.5,172.5
2023-06-15 10:59:00,-142.5,296.25,153.75
2023-06-15 11:00:00,-48.75,262.5,213.75
2023-06-15 11:01:00,-165.0,337.5,172.5
2023-06-15 11:02:00,-90.0,288.75,198.75
2023-06-15 11:03:00,3.75,247.5,251.25
2023-06-15 11:04:00,15.0,217.5,232.5
2023-06-15 11:05:00,-22.5,240.0,217.5
2023-06-15 11:06:00,15.0,217.5,232.5
2023-06-15 11:07:00,146.25,108.75,255.0
2023-06-15 11:08:00,255.0,56.25,311.25
2023-06-15 11:09:00,236.25,52.5,288.75
2023-06-15 11:10:00,285.0,-15.0,270.0
2023-06-15 11:11:00,221.25,90.0,311.25
2023-06-15 11:12:00,296.25,-7.5,288.75
2023-06-15 11:13:00,281.25,41.25,322.5
2023-06-15 11:14:00,318.75,-18.75,300.0
2023-06-15 11:15:00,450.0,-273.75,176.25
2023-06-15 11:16:00,585.0,-630.0,-45.0
2023-06-15 11:17:00,562.5,-480.0,82.5
2023-06-15 11:18:00,607.5,-637.5,-30.0
2023-06-15 11:19:00,562.5,-525.0,37.5
2023-06-15 11:20:00,611.25,-727.5,-116.25
2023-06-15 11:21:00,678.75,-971.25,-292.5
2023-06-15 11:22:00,716.25,-1065.0,-348.75
2023-06-15 11:23:00,723.75,-960.0,-236.25
2023-06-15 11:24:00,712.5,-1012.5,-300.0
2023-06-15 11:25:00,712.5,-1053.75,-341.25
2023-06-15 11:26:00,588.75,-851.25,-262.5
2023-06-15 11:27:00,641.25,-930.0,-288.75
2023-06-15 11:28:00,592.5,-866.25,-273.75
2023-06-15 11:29:00,566.25,-892.5,-326.25
2023-06-15 11:30:00,780.0,-1053.75,-273.75
2023-06-15 11:31:00,840.0,-1143.75,-303.75
2023-06-15 11:32:00,1335.0,-1721.25,-386.25
2023-06-15 11:33:00,1308.75,-1635.0,-326.25
2023-06-15 11:34:00,1376.25,-1766.25,-390.0
2023-06-15 11:35:00,1500.0,-2070.0,-570.0
2023-06-15 11:36:00,1346.25,-1807.5,-461.25
2023-06-15 11:37:00,1237.5,-1646.25,-408.75
2023-06-15 11:38:00,1215.0,-1665.0,-450.0
2023-06-15 11:39:00,1230.0,-1612.5,-382.5
2023-06-15 11:40:00,1320.0,-1781.25,-461.25
2023-06-15 11:41:00,1173.75,-1548.75,-375.0
2023-06-15 11:42:00,1117.5,-1518.75,-401.25
2023-06-15 11:43:00,1173.75,-1653.75,-480.0
2023-06-15 11:44:00,1237.5,-1781.25,-543.75
2023-06-15 11:45:00,1338.75,-1946.25,-607.5
2023-06-15 11:46:00,1357.5,-1972.5,-615.0
2023-06-15 11:47:00,1357.5,-2066.25,-708.75
2023-06-15 11:48:00,1383.75,-2043.75,-660.0
2023-06-15 11:49:00,1387.5,-1998.75,-611.25
2023-06-15 11:50:00,1391.25,-1957.5,-566.25
2023-06-15 11:51:00,1365.0,-1882.5,-517.5
2023-06-15 11:52:00,1368.75,-1961.25,-592.5
2023-06-15 11:53:00,1335.0,-1848.75,-513.75
2023-06-15 11:54:00,1293.75,-1702.5,-408.75
2023-06-15 11:55:00,1365.0,-1920.0,-555.0
2023-06-15 11:56:00,1237.5,-1676.25,-438.75
2023-06-15 11:57:00,1331.25,-1867.5,-536.25
2023-06-15 11:58:00,1327.5,-1908.75,-581.25
2023-06-15 11:59:00,1196.25,-1646.25,-450.0
2023-06-15 12:00:00,1218.75,-1680.0,-461.25
2023-06-15 12:01:00,1151.25,-1638.75,-487.5
2023-06-15 12:02:00,1181.25,-1631.25,-450.0
2023-06-15 12:03:00,1192.5,-1676.25,-483.75
2023-06-15 12:04:00,1196.25,-1657.5,-461.25
2023-06-15 12:05:00,1372.5,-1946.25,-573.75
2023-06-15 12:06:00,1301.25,-1803.75,-502.5
2023-06-15 12:07:00,1275.0,-1755.0,-480.0
2023-06-15 12:08:00,1215.0,-1650.0,-435.0
2023-06-15 12:09:00,1196.25,-1586.25,-390.0
2023-06-15 12:10:00,1136.25,-1440.0,-303.75
2023-06-15 12:11:00,1158.75,-1488.75,-330.0
2023-06-15 12:12:00,1151.25,-1485.0,-333.75
2023-06-15 12:13:00,1166.25,-1511.25,-345.0
2023-06-15 12:14:00,1110.0,-1342.5,-232.5
2023-06-15 12:15:00,1155.0,-1410.0,-255.0
2023-06-15 12:16:00,1143.75,-1410.0,-266.25
2023-06-15 12:17:00,1128.75,-1305.0,-176.25
2023-06-15 12:18:00,1140.0,-1338.75,-198.75
2023-06-15 12:19:00,1136.25,-1320.0,-183.75
2023-06-15 12:20:00,1095.0,-1237.5,-142.5
2023-06-15 12:21:00,1110.0,-1275.0,-165.0
2023-06-15 12:22:00,1110.0,-1230.0,-120.0
2023-06-15 12:23:00,948.75,-952.5,-3.75
2023-06-15 12:24:00,945.0,-948.75,-3.75
2023-06-15 12:25:00,783.75,-757.5,26.25
2023-06-15 12:26:00,757.5,-832.5,-75.0
2023-06-15 12:27:00,963.75,-993.75,-30.0
2023-06-15 12:28:00,956.25,-1020.0,-63.75
2023-06-15 12:29:00,1136.25,-1207.5,-71.25
2023-06-15 12:30:00,1136.25,-1173.75,-37.5
2023-06-15 12:31:00,986.25,-1035.0,-48.75
2023-06-15 12:32:00,1005.0,-1065.0,-60.0
2023-06-15 12:33:00,986.25,-1035.0,-48.75
2023-06-15 12:34:00,1035.0,-1091.25,-56.25
2023-06-15 12:35:00,1218.75,-1331.25,-112.5
2023-06-15 12:36:00,1372.5,-1496.25,-123.75
2023-06-15 12:37:00,1458.75,-1605.0,-146.25
2023-06-15 12:38:00,1380.0,-1417.5,-37.5
2023-06-15 12:39:00,1402.5,-1432.5,-30.0
2023-06-15 12:40:00,1361.25,-1380.0,-18.75
2023-06-15 12:41:00,1323.75,-1346.25,-22.5
2023-06-15 12:42:00,1417.5,-1500.0,-82.5
2023-06-15 12:43:00,1477.5,-1575.0,-97.5
2023-06-15 12:44:00,1417.5,-1500.0,-82.5
2023-06-15 12:45:00,1443.75,-1488.75,-45.0
2023-06-15 12:46:00,1327.5,-1305.0,22.5
2023-06-15 12:47:00,1350.0,-1346.25,3.75
2023-06-15 12:48:00,1297.5,-1305.0,-7.5
2023-06-15 12:49:00,1136.25,-1023.75,112.5
2023-06-15 12:50:00,1035.0,-952.5,82.5
2023-06-15 12:51:00,1057.5,-967.5,90.0
2023-06-15 12:52:00,982.5,-866.25,116.25
2023-06-15 12:53:00,997.5,-907.5,90.0
2023-06-15 12:54:00,1023.75,-937.5,86.25
2023-06-15 12:55:00,1110.0,-1020.0,90.0
2023-06-15 12:56:00,1128.75,-1102.5,26.25
2023-06-15 12:57:00,1098.75,-1027.5,71.25
2023-06-15 12:58:00,1173.75,-1098.75,75.0
2023-06-15 12:59:00,1121.25,-1031.25,90.0
2023-06-15 13:00:00,1132.5,-1016.25,116.25
2023-06-15 13:01:00,1083.75,-952.5,131.25
2023-06-15 13:02:00,1005.0,-851.25,153.75
2023-06-15 13:03:00,1271.25,-1155.0,116.25
2023-06-15 13:04:00,1290.0,-1188.75,101.25
2023-06-15 13:05:00,1342.5,-1346.25,-3.75
2023-06-15 13:06:00,1305.0,-1316.25,-11.25
2023-06-15 13:07:00,1376.25,-1380.0,-3.75
2023-06-15 13:08:00,1470.0,-1605.0,-135.0
2023-06-15 13:09:00,1485.0,-1623.75,-138.75
2023-06-15 13:10:00,1507.5,-1556.25,-48.75
2023-06-15 13:11:00,1496.25,-1552.5,-56.25
2023-06-15 13:12:00,1627.5,-1740.0,-112.5
2023-06-15 13:13:00,1698.75,-1893.75,-195.0
2023-06-15 13:14:00,1567.5,-1571.25,-3.75
2023-06-15 13:15:00,1515.0,-1485.0,30.0
2023-06-15 13:16:00,1481.25,-1425.0,56.25
2023-06-15 13:17:00,1440.0,-1305.0,135.0
2023-06-15 13:18:00,1477.5,-1323.75,153.75
2023-06-15 13:19:00,1402.5,-1203.75,198.75
2023-06-15 13:20:00,1447.5,-1252.5,195.0
2023-06-15 13:21:00,1462.5,-1293.75,168.75
2023-06-15 13:22:00,1563.75,-1462.5,101.25
2023-06-15 13:23:00,1620.0,-1545.0,75.0
2023-06-15 13:24:00,1571.25,-1458.75,112.5
2023-06-15 13:25:00,1575.0,-1578.75,-3.75
2023-06-15 13:26:00,1507.5,-1425.0,82.5
2023-06-15 13:27:00,1436.25,-1245.0,191.25
2023-06-15 13:28:00,1323.75,-1091.25,232.5
2023-06-15 13:29:00,1308.75,-1046.25,262.5
2023-06-15 13:30:00,1308.75,-1053.75,255.0
2023-06-15 13:31:00,1203.75,-930.0,273.75
2023-06-15 13:32:00,1166.25,-888.75,277.5
2023-06-15 13:33:00,990.0,-641.25,348.75
2023-06-15 13:34:00,678.75,-378.75,300.0
2023-06-15 13:35:00,675.0,-390.0,285.0
2023-06-15 13:36:00,780.0,-472.5,307.5
2023-06-15 13:37:00,543.75,-378.75,165.0
2023-06-15 13:38:00,690.0,-468.75,221.25
2023-06-15 13:39:00,240.0,-153.75,86.25
2023-06-15 13:40:00,176.25,-75.0,101.25
2023-06-15 13:41:00,318.75,-225.0,93.75
2023-06-15 13:42:00,611.25,-356.25,255.0
2023-06-15 13:43:00,731.25,-420.0,311.25
2023-06-15 13:44:00,1065.0,-637.5,427.5
2023-06-15 13:45:00,982.5,-558.75,423.75
2023-06-15 13:46:00,1218.75,-798.75,420.0
2023-06-15 13:47:00,941.25,-446.25,495.0
2023-06-15 13:48:00,761.25,-337.5,423.75
2023-06-15 13:49:00,1031.25,-573.75,457.5
2023-06-15 13:50:00,1087.5,-633.75,453.75
2023-06-15 13:51:00,990.0,-581.25,408.75
2023-06-15 13:52:00,828.75,-360.0,468.75
2023-06-15 13:53:00,1158.75,-697.5,461.25
2023-06-15 13:54:00,1076.25,-615.0,461.25
2023-06-15 13:55:00,990.0,-495.0,495.0
2023-06-15 13:56:00,802.5,-423.75,378.75
2023-06-15 13:57:00,915.0,-401.25,513.75
2023-06-15 13:58:00,930.0,-427.5,502.5
2023-06-15 13:59:00,1128.75,-675.0,453.75
2023-06-15 14:00:00,1203.75,-697.5,506.25
2023-06-15 14:01:00,1065.0,-513.75,551.25
2023-06-15 14:02:00,971.25,-412.5,558.75
2023-06-15 14:03:00,1560.0,-1035.0,525.0
2023-06-15 14:04:00,1923.75,-1462.5,461.25
2023-06-15 14:05:00,1968.75,-1563.75,405.0
2023-06-15 14:06:00,1841.25,-1455.0,386.25
2023-06-15 14:07:00,1946.25,-1650.0,296.25
2023-06-15 14:08:00,1935.0,-1601.25,333.75
2023-06-15 14:09:00,1837.5,-1181.25,656.25
2023-06-15 14:10:00,1897.5,-1338.75,558.75
2023-06-15 14:11:00,1818.75,-1188.75,630.0
2023-06-15 14:12:00,2085.0,-1770.0,315.0
2023-06-15 14:13:00,2298.75,-2358.75,-60.0
2023-06-15 14:14:00,2302.5,-2370.0,-67.5
2023-06-15 14:15:00,2381.25,-2812.5,-431.25
2023-06-15 14:16:00,2272.5,-2351.25,-78.75
2023-06-15 14:17:00,2250.0,-2426.25,-176.25
2023-06-15 14:18:00,2298.75,-2542.5,-243.75
2023-06-15 14:19:00,2392.5,-2981.25,-588.75
2023-06-15 14:20:00,2347.5,-2745.0,-397.5
2023-06-15 14:21:00,2343.75,-2692.5,-348.75
2023-06-15 14:22:00,2343.75,-2733.75,-390.0
2023-06-15 14:23:00,2448.75,-2782.5,-333.75
2023-06-15 14:24:00,2482.5,-2771.25,-288.75
2023-06-15 14:25:00,2497.5,-2756.25,-258.75
2023-06-15 14:26:00,2392.5,-2696.25,-303.75
2023-06-15 14:27:00,2418.75,-2700.0,-281.25
2023-06-15 14:28:00,2463.75,-2718.75,-255.0
2023-06-15 14:29:00,2452.5,-2745.0,-292.5
2023-06-15 14:30:00,2433.75,-2703.75,-270.0
2023-06-15 14:31:00,2415.0,-2696.25,-281.25
2023-06-15 14:32:00,2430.0,-2692.5,-262.5
2023-06-15 14:33:00,2433.75,-2715.0,-281.25
2023-06-15 14:34:00,2403.75,-2688.75,-285.0
2023-06-15 14:35:00,2403.75,-2685.0,-281.25
2023-06-15 14:36:00,2411.25,-2722.5,-311.25
2023-06-15 14:37:00,2561.25,-2816.25,-255.0
2023-06-15 14:38:00,2561.25,-2846.25,-285.0
2023-06-15 14:39:00,2568.75,-2827.5,-258.75
2023-06-15 14:40:00,2617.5,-2805.0,-187.5
2023-06-15 14:41:00,2617.5,-2808.75,-191.25
2023-06-15 14:42:00,2610.0,-2756.25,-146.25
2023-06-15 14:43:00,2628.75,-2771.25,-142.5
2023-06-15 14:44:00,2655.0,-2760.0,-105.0
2023-06-15 14:45:00,2643.75,-2752.5,-108.75
2023-06-15 14:46:00,2651.25,-2737.5,-86.25
2023-06-15 14:47:00,2640.0,-2602.5,37.5
2023-06-15 14:48:00,2715.0,-2797.5,-82.5
2023-06-15 14:49:00,2726.25,-2763.75,-37.5
2023-06-15 14:50:00,2737.5,-2786.25,-48.75
2023-06-15 14:51:00,2748.75,-2760.0,-11.25
2023-06-15 14:52:00,2737.5,-2711.25,26.25
2023-06-15 14:53:00,2741.25,-2666.25,75.0
2023-06-15 14:54:00,2733.75,-2703.75,30.0
2023-06-15 14:55:00,2752.5,-2726.25,26.25
2023-06-15 14:56:00,2752.5,-2726.25,26.25
2023-06-15 14:57:00,2760.0,-2733.75,26.25
2023-06-15 14:58:00,2760.0,-2748.75,11.25
2023-06-15 14:59:00,2771.25,-2718.75,52.5
2023-06-15 15:00:00,2763.75,-2625.0,138.75
2023-06-15 15:01:00,2767.5,-2531.25,236.25
2023-06-15 15:02:00,2767.5,-2460.0,307.5
2023-06-15 15:03:00,2760.0,-2452.5,307.5
2023-06-15 15:04:00,2775.0,-2422.5,352.5
2023-06-15 15:05:00,2775.0,-2415.0,360.0
2023-06-15 15:06:00,2786.25,-2415.0,371.25
2023-06-15 15:07:00,2793.75,-2407.5,386.25
2023-06-15 15:08:00,2801.25,-2407.5,393.75
2023-06-15 15:09:00,2797.5,-2411.25,386.25
2023-06-15 15:10:00,2793.75,-2407.5,386.25
2023-06-15 15:11:00,2790.0,-2403.75,386.25
2023-06-15 15:12:00,2797.5,-2400.0,397.5
2023-06-15 15:13:00,2805.0,-2407.5,397.5
2023-06-15 15:14:00,2805.0,-2400.0,405.0
2023-06-15 15:15:00,2808.75,-2407.5,401.25
2023-06-15 15:16:00,2816.25,-2400.0,416.25
2023-06-15 15:17:00,2816.25,-2403.75,412.5
2023-06-15 15:18:00,2816.25,-2400.0,416.25
2023-06-15 15:19:00,2816.25,-2403.75,412.5
2023-06-15 15:20:00,2820.0,-2403.75,416.25
2023-06-15 15:21:00,2820.0,-2403.75,416.25
2023-06-15 15:22:00,2820.0,-2403.75,416.25
2023-06-15 15:23:00,2820.0,-2403.75,416.25
2023-06-15 15:24:00,2820.0,-2403.75,416.25
2023-06-15 15:25:00,2820.0,-2403.75,416.25
2023-06-15 15:26:00,2820.0,-2403.75,416.25
2023-06-15 15:27:00,2820.0,-2403.75,416.25
2023-06-15 15:28:00,2820.0,-2403.75,416.25
2023-06-15 15:29:00,2820.0,-2403.75,416.25
2023-06-15 15:30:00,2820.0,-2403.75,416.25
2023-06-22 10:15:00,0.0,0.0,0.0
2023-06-22 10:16:00,-26.25,48.75,22.5
2023-06-22 10:17:00,-26.25,26.25,0.0
2023-06-22 10:18:00,112.5,-75.0,37.5
2023-06-22 10:19:00,15.0,3.75,18.75
2023-06-22 10:20:00,135.0,-60.0,75.0
2023-06-22 10:21:00,101.25,-71.25,30.0
2023-06-22 10:22:00,48.75,-18.75,30.0
2023-06-22 10:23:00,-18.75,33.75,15.0
2023-06-22 10:24:00,-131.25,108.75,-22.5
2023-06-22 10:25:00,-176.25,90.0,-86.25
2023-06-22 10:26:00,-270.0,135.0,-135.0
2023-06-22 10:27:00,-442.5,187.5,-255.0
2023-06-22 10:28:00,-551.25,210.0,-341.25
2023-06-22 10:29:00,-378.75,172.5,-206.25
2023-06-22 10:30:00,-120.0,86.25,-33.75
2023-06-22 10:31:00,-315.0,146.25,-168.75
2023-06-22 10:32:00,-348.75,176.25,-172.5
2023-06-22 10:33:00,-277.5,142.5,-135.0
2023-06-22 10:34:00,-296.25,142.5,-153.75
2023-06-22 10:35:00,-243.75,146.25,-97.5
2023-06-22 10:36:00,-213.75,138.75,-75.0
2023-06-22 10:37:00,-191.25,127.5,-63.75
2023-06-22 10:38:00,-277.5,187.5,-90.0
2023-06-22 10:39:00,-243.75,161.25,-82.5
2023-06-22 10:40:00,-206.25,165.0,-41.25
2023-06-22 10:41:00,-52.5,93.75,41.25
2023-06-22 10:42:00,-172.5,142.5,-30.0
2023-06-22 10:43:00,-123.75,123.75,0.0
2023-06-22 10:44:00,-101.25,108.75,7.5
2023-06-22 10:45:00,-82.5,108.75,26.25
2023-06-22 10:46:00,-52.5,112.5,60.0
2023-06-22 10:47:00,-30.0,90.0,60.0
2023-06-22 10:48:00,-75.0,123.75,48.75
2023-06-22 10:49:00,-93.75,135.0,41.25
2023-06-22 10:50:00,18.75,90.0,108.75
2023-06-22 10:51:00,97.5,41.25,138.75
2023-06-22 10:52:00,86.25,41.25,127.5
2023-06-22 10:53:00,82.5,41.25,123.75
2023-06-22 10:54:00,112.5,-15.0,97.5
2023-06-22 10:55:00,105.0,3.75,108.75
2023-06-22 10:56:00,123.75,-3.75,120.0
2023-06-22 10:57:00,116.25,-11.25,105.0
2023-06-22 10:58:00,146.25,-26.25,120.0
2023-06-22 10:59:00,142.5,-33.75,108.75
2023-06-22 11:00:00,322.5,-202.5,120.0
2023-06-22 11:01:00,285.0,-142.5,142.5
2023-06-22 11:02:00,288.75,-161.25,127.5
2023-06-22 11:03:00,251.25,-127.5,123.75
2023-06-22 11:04:00,300.0,-198.75,101.25
2023-06-22 11:05:00,345.0,-228.75,116.25
2023-06-22 11:06:00,270.0,-123.75,146.25
2023-06-22 11:07:00,255.0,-127.5,127.5
2023-06-22 11:08:00,210.0,-22.5,187.5
2023-06-22 11:09:00,236.25,-78.75,157.5
2023-06-22 11:10:00,330.0,-168.75,161.25
2023-06-22 11:11:00,277.5,-138.75,138.75
2023-06-22 11:12:00,236.25,-41.25,195.0
2023-06-22 11:13:00,277.5,-97.5,180.0
2023-06-22 11:14:00,277.5,-93.75,183.75
2023-06-22 11:15:00,318.75,-123.75,195.0
2023-06-22 11:16:00,266.25,-90.0,176.25
2023-06-22 11:17:00,273.75,-93.75,180.0
2023-06-22 11:18:00,277.5,-71.25,206.25
2023-06-22 11:19:00,315.0,-78.75,236.25
2023-06-22 11:20:00,577.5,-427.5,150.0
2023-06-22 11:21:00,491.25,-277.5,213.75
2023-06-22 11:22:00,498.75,-270.0,228.75
2023-06-22 11:23:00,547.5,-352.5,195.0
2023-06-22 11:24:00,555.0,-356.25,198.75
2023-06-22 11:25:00,540.0,-333.75,206.25
2023-06-22 11:26:00,521.25,-326.25,195.0
2023-06-22 11:27:00,517.5,-356.25,161.25
2023-06-22 11:28:00,506.25,-330.0,176.25
2023-06-22 11:29:00,562.5,-438.75,123.75
2023-06-22 11:30:00,633.75,-491.25,142.5
2023-06-22 11:31:00,656.25,-498.75,157.5
2023-06-22 11:32:00,633.75,-442.5,191.25
2023-06-22 11:33:00,626.25,-461.25,165.0
2023-06-22 11:34:00,607.5,-363.75,243.75
2023-06-22 11:35:00,626.25,-487.5,138.75
2023-06-22 11:36:00,596.25,-423.75,172.5
2023-06-22 11:37:00,577.5,-408.75,168.75
2023-06-22 11:38:00,562.5,-333.75,228.75
2023-06-22 11:39:00,547.5,-330.0,217.5
2023-06-22 11:40:00,573.75,-371.25,202.5
2023-06-22 11:41:00,585.0,-386.25,198.75
2023-06-22 11:42:00,630.0,-450.0,180.0
2023-06-22 11:43:00,615.0,-435.0,180.0
2023-06-22 11:44:00,585.0,-465.0,120.0
2023-06-22 11:45:00,626.25,-435.0,191.25
2023-06-22 11:46:00,626.25,-416.25,210.0
2023-06-22 11:47:00,618.75,-435.0,183.75
2023-06-22 11:48:00,592.5,-360.0,232.5
2023-06-22 11:49:00,551.25,-326.25,225.0
2023-06-22 11:50:00,585.0,-367.5,217.5
2023-06-22 11:51:00,618.75,-405.0,213.75
2023-06-22 11:52:00,633.75,-465.0,168.75
2023-06-22 11:53:00,592.5,-378.75,213.75
2023-06-22 11:54:00,622.5,-465.0,157.5
2023-06-22 11:55:00,566.25,-315.0,251.25
2023-06-22 11:56:00,525.0,-262.5,262.5
2023-06-22 11:57:00,551.25,-273.75,277.5
2023-06-22 11:58:00,577.5,-303.75,273.75
2023-06-22 11:59:00,577.5,-288.75,288.75
2023-06-22 12:00:00,577.5,-307.5,270.0
2023-06-22 12:01:00,611.25,-352.5,258.75
2023-06-22 12:02:00,577.5,-303.75,273.75
2023-06-22 12:03:00,596.25,-322.5,273.75
2023-06-22 12:04:00,611.25,-333.75,277.5
2023-06-22 12:05:00,637.5,-438.75,198.75
2023-06-22 12:06:00,735.0,-693.75,41.25
2023-06-22 12:07:00,746.25,-637.5,108.75
2023-06-22 12:08:00,750.0,-667.5,82.5
2023-06-22 12:09:00,761.25,-678.75,82.5
2023-06-22 12:10:00,810.0,-896.25,-86.25
2023-06-22 12:11:00,817.5,-952.5,-135.0
2023-06-22 12:12:00,828.75,-911.25,-82.5
2023-06-22 12:13:00,847.5,-948.75,-101.25
2023-06-22 12:14:00,836.25,-896.25,-60.0
2023-06-22 12:15:00,832.5,-847.5,-15.0
2023-06-22 12:16:00,847.5,-997.5,-150.0
2023-06-22 12:17:00,843.75,-945.0,-101.25
2023-06-22 12:18:00,836.25,-948.75,-112.5
2023-06-22 12:19:00,821.25,-821.25,0.0
2023-06-22 12:20:00,810.0,-802.5,7.5
2023-06-22 12:21:00,832.5,-885.0,-52.5
2023-06-22 12:22:00,798.75,-821.25,-22.5
2023-06-22 12:23:00,806.25,-825.0,-18.75
2023-06-22 12:24:00,802.5,-776.25,26.25
2023-06-22 12:25:00,795.0,-716.25,78.75
2023-06-22 12:26:00,798.75,-727.5,71.25
2023-06-22 12:27:00,810.0,-765.0,45.0
2023-06-22 12:28:00,768.75,-588.75,180.0
2023-06-22 12:29:00,750.0,-480.0,270.0
2023-06-22 12:30:00,753.75,-442.5,311.25
2023-06-22 12:31:00,768.75,-513.75,255.0
2023-06-22 12:32:00,776.25,-498.75,277.5
2023-06-22 12:33:00,776.25,-495.0,281.25
2023-06-22 12:34:00,765.0,-431.25,333.75
2023-06-22 12:35:00,761.25,-382.5,378.75
2023-06-22 12:36:00,738.75,-318.75,420.0
2023-06-22 12:37:00,765.0,-412.5,352.5
2023-06-22 12:38:00,802.5,-427.5,375.0
2023-06-22 12:39:00,802.5,-435.0,367.5
2023-06-22 12:40:00,802.5,-446.25,356.25
2023-06-22 12:41:00,832.5,-551.25,281.25
2023-06-22 12:42:00,862.5,-645.0,217.5
2023-06-22 12:43:00,870.0,-633.75,236.25
2023-06-22 12:44:00,877.5,-648.75,228.75
2023-06-22 12:45:00,933.75,-851.25,82.5
2023-06-22 12:46:00,911.25,-776.25,135.0
2023-06-22 12:47:00,915.0,-780.0,135.0
2023-06-22 12:48:00,896.25,-746.25,150.0
2023-06-22 12:49:00,900.0,-761.25,138.75
2023-06-22 12:50:00,911.25,-802.5,108.75
2023-06-22 12:51:00,915.0,-937.5,-22.5
2023-06-22 12:52:00,918.75,-813.75,105.0
2023-06-22 12:53:00,952.5,-1068.75,-116.25
2023-06-22 12:54:00,971.25,-1147.5,-176.25
2023-06-22 12:55:00,971.25,-1425.0,-453.75
2023-06-22 12:56:00,993.75,-1477.5,-483.75
2023-06-22 12:57:00,990.0,-1620.0,-630.0
2023-06-22 12:58:00,986.25,-1470.0,-483.75
2023-06-22 12:59:00,982.5,-1447.5,-465.0
2023-06-22 13:00:00,982.5,-1578.75,-596.25
2023-06-22 13:01:00,892.5,-1507.5,-615.0
2023-06-22 13:02:00,1241.25,-2028.75,-787.5
2023-06-22 13:03:00,1136.25,-1717.5,-581.25
2023-06-22 13:04:00,1260.0,-2002.5,-742.5
2023-06-22 13:05:00,1391.25,-2152.5,-761.25
2023-06-22 13:06:00,1481.25,-2400.0,-918.75
2023-06-22 13:07:00,1278.75,-2017.5,-738.75
2023-06-22 13:08:00,1233.75,-1878.75,-645.0
2023-06-22 13:09:00,1278.75,-2013.75,-735.0
2023-06-22 13:10:00,1113.75,-1717.5,-603.75
2023-06-22 13:11:00,1098.75,-1713.75,-615.0
2023-06-22 13:12:00,1027.5,-1665.0,-637.5
2023-06-22 13:13:00,795.0,-1215.0,-420.0
2023-06-22 13:14:00,693.75,-1128.75,-435.0
2023-06-22 13:15:00,551.25,-952.5,-401.25
2023-06-22 13:16:00,577.5,-993.75,-416.25
2023-06-22 13:17:00,765.0,-1128.75,-363.75
2023-06-22 13:18:00,723.75,-1083.75,-360.0
2023-06-22 13:19:00,198.75,-607.5,-408.75
2023-06-22 13:20:00,292.5,-645.0,-352.5
2023-06-22 13:21:00,277.5,-607.5,-330.0
2023-06-22 13:22:00,-127.5,-270.0,-397.5
2023-06-22 13:23:00,-187.5,-228.75,-416.25
2023-06-22 13:24:00,-7.5,-288.75,-296.25
2023-06-22 13:25:00,-15.0,-292.5,-307.5
2023-06-22 13:26:00,-22.5,-288.75,-311.25
2023-06-22 13:27:00,165.0,-405.0,-240.0
2023-06-22 13:28:00,382.5,-581.25,-198.75
2023-06-22 13:29:00,270.0,-521.25,-251.25
2023-06-22 13:30:00,195.0,-438.75,-243.75
2023-06-22 13:31:00,-588.75,45.0,-543.75
2023-06-22 13:32:00,-348.75,-26.25,-375.0
2023-06-22 13:33:00,-341.25,-18.75,-360.0
2023-06-22 13:34:00,-191.25,-112.5,-303.75
2023-06-22 13:35:00,-438.75,-26.25,-465.0
2023-06-22 13:36:00,-480.0,22.5,-457.5
2023-06-22 13:37:00,-525.0,41.25,-483.75
2023-06-22 13:38:00,-1331.25,330.0,-1001.25
2023-06-22 13:39:00,-2396.25,491.25,-1905.0
2023-06-22 13:40:00,-2130.0,431.25,-1698.75
2023-06-22 13:41:00,-2062.5,423.75,-1638.75
2023-06-22 13:42:00,-2197.5,525.0,-1672.5
2023-06-22 13:43:00,-2246.25,607.5,-1638.75
2023-06-22 13:44:00,-2306.25,592.5,-1713.75
2023-06-22 13:45:00,-2242.5,555.0,-1687.5
2023-06-22 13:46:00,-2313.75,611.25,-1702.5
2023-06-22 13:47:00,-2171.25,551.25,-1620.0
2023-06-22 13:48:00,-2220.0,562.5,-1657.5
2023-06-22 13:49:00,-2310.0,581.25,-1728.75
2023-06-22 13:50:00,-2197.5,543.75,-1653.75
2023-06-22 13:51:00,-2227.5,555.0,-1672.5
2023-06-22 13:52:00,-2253.75,573.75,-1680.0
2023-06-22 13:53:00,-2238.75,581.25,-1657.5
2023-06-22 13:54:00,-2058.75,461.25,-1597.5
2023-06-22 13:55:00,-2058.75,491.25,-1567.5
2023-06-22 13:56:00,-2085.0,506.25,-1578.75
2023-06-22 13:57:00,-2137.5,536.25,-1601.25
2023-06-22 13:58:00,-2148.75,555.0,-1593.75
2023-06-22 13:59:00,-2111.25,536.25,-1575.0
2023-06-22 14:00:00,-2092.5,498.75,-1593.75
2023-06-22 14:01:00,-2047.5,517.5,-1530.0
2023-06-22 14:02:00,-1867.5,408.75,-1458.75
2023-06-22 14:03:00,-1871.25,431.25,-1440.0
2023-06-22 14:04:00,-1822.5,397.5,-1425.0
2023-06-22 14:05:00,-1886.25,435.0,-1451.25
2023-06-22 14:06:00,-2021.25,592.5,-1428.75
2023-06-22 14:07:00,-1942.5,566.25,-1376.25
2023-06-22 14:08:00,-1882.5,510.0,-1372.5
2023-06-22 14:09:00,-1856.25,446.25,-1410.0
2023-06-22 14:10:00,-1878.75,476.25,-1402.5
2023-06-22 14:11:00,-1878.75,450.0,-1428.75
2023-06-22 14:12:00,-1856.25,427.5,-1428.75
2023-06-22 14:13:00,-1807.5,397.5,-1410.0
2023-06-22 14:14:00,-1826.25,442.5,-1383.75
2023-06-22 14:15:00,-1830.0,435.0,-1395.0
2023-06-22 14:16:00,-1762.5,363.75,-1398.75
2023-06-22 14:17:00,-1736.25,270.0,-1466.25
2023-06-22 14:18:00,-1691.25,225.0,-1466.25
2023-06-22 14:19:00,-1657.5,82.5,-1575.0
2023-06-22 14:20:00,-1646.25,-71.25,-1717.5
2023-06-22 14:21:00,-1638.75,-348.75,-1987.5
2023-06-22 14:22:00,-1635.0,-521.25,-2156.25
2023-06-22 14:23:00,-1627.5,-566.25,-2193.75
2023-06-22 14:24:00,-1642.5,-401.25,-2043.75
2023-06-22 14:25:00,-1635.0,-720.0,-2355.0
2023-06-22 14:26:00,-1672.5,-678.75,-2351.25
2023-06-22 14:27:00,-1616.25,-738.75,-2355.0
2023-06-22 14:28:00,-1170.0,-1271.25,-2441.25
2023-06-22 14:29:00,-1061.25,-1515.0,-2576.25
2023-06-22 14:30:00,-986.25,-1796.25,-2782.5
2023-06-22 14:31:00,-1072.5,-1672.5,-2745.0
2023-06-22 14:32:00,-1425.0,-907.5,-2332.5
2023-06-22 14:33:00,-1035.0,-1575.0,-2610.0
2023-06-22 14:34:00,-1031.25,-1668.75,-2700.0
2023-06-22 14:35:00,-817.5,-2396.25,-3213.75
2023-06-22 14:36:00,-892.5,-1991.25,-2883.75
2023-06-22 14:37:00,-896.25,-2100.0,-2996.25
2023-06-22 14:38:00,-956.25,-1920.0,-2876.25
2023-06-22 14:39:00,-956.25,-1743.75,-2700.0
2023-06-22 14:40:00,-978.75,-1725.0,-2703.75
2023-06-22 14:41:00,-1162.5,-1245.0,-2407.5
2023-06-22 14:42:00,-1357.5,-716.25,-2073.75
2023-06-22 14:43:00,-1121.25,-907.5,-2028.75
2023-06-22 14:44:00,-1158.75,-806.25,-1965.0
2023-06-22 14:45:00,-1601.25,-30.0,-1631.25
2023-06-22 14:46:00,-1848.75,191.25,-1657.5
2023-06-22 14:47:00,-1965.0,240.0,-1725.0
2023-06-22 14:48:00,-1740.0,157.5,-1582.5
2023-06-22 14:49:00,-1072.5,-423.75,-1496.25
2023-06-22 14:50:00,-1661.25,138.75,-1522.5
2023-06-22 14:51:00,-1503.75,45.0,-1458.75
2023-06-22 14:52:00,-1380.0,-45.0,-1425.0
2023-06-22 14:53:00,-1410.0,11.25,-1398.75
2023-06-22 14:54:00,-1481.25,82.5,-1398.75
2023-06-22 14:55:00,-1372.5,-11.25,-1383.75
2023-06-22 14:56:00,-1140.0,-195.0,-1335.0
2023-06-22 14:57:00,-1207.5,-180.0,-1387.5
2023-06-22 14:58:00,-1185.0,-142.5,-1327.5
2023-06-22 14:59:00,-873.75,-577.5,-1451.25
2023-06-22 15:00:00,-675.0,-836.25,-1511.25
2023-06-22 15:01:00,-487.5,-1507.5,-1995.0
2023-06-22 15:02:00,-363.75,-1841.25,-2205.0
2023-06-22 15:03:00,-476.25,-626.25,-1102.5
2023-06-22 15:04:00,-618.75,-82.5,-701.25
2023-06-22 15:05:00,-446.25,-690.0,-1136.25
2023-06-22 15:06:00,-420.0,-292.5,-712.5
2023-06-22 15:07:00,-296.25,-1050.0,-1346.25
2023-06-22 15:08:00,-292.5,-1008.75,-1301.25
2023-06-22 15:09:00,-255.0,-1057.5,-1312.5
2023-06-22 15:10:00,-236.25,-1177.5,-1413.75
2023-06-22 15:11:00,-225.0,-1207.5,-1432.5
2023-06-22 15:12:00,-225.0,-1065.0,-1290.0
2023-06-22 15:13:00,-221.25,-1500.0,-1721.25
2023-06-22 15:14:00,-217.5,-1477.5,-1695.0
2023-06-22 15:15:00,-210.0,-1376.25,-1586.25
2023-06-22 15:16:00,-217.5,-1121.25,-1338.75
2023-06-22 15:17:00,-213.75,-1110.0,-1323.75
2023-06-22 15:18:00,-206.25,-1260.0,-1466.25
2023-06-22 15:19:00,-206.25,-1338.75,-1545.0
2023-06-22 15:20:00,-206.25,-1361.25,-1567.5
2023-06-22 15:21:00,-206.25,-1361.25,-1567.5
2023-06-22 15:22:00,-206.25,-1361.25,-1567.5
2023-06-22 15:23:00,-206.25,-1361.25,-1567.5
2023-06-22 15:24:00,-206.25,-1361.25,-1567.5
2023-06-22 15:25:00,-206.25,-1361.25,-1567.5
2023-06-22 15:26:00,-206.25,-1361.25,-1567.5
2023-06-22 15:27:00,-206.25,-1361.25,-1567.5
2023-06-22 15:28:00,-206.25,-1361.25,-1567.5
2023-06-22 15:29:00,-206.25,-1361.25,-1567.5
2023-06-22 15:30:00,-206.25,-1361.25,-1567.5
2023-06-28 10:15:00,0.0,0.0,0.0
2023-06-28 10:16:00,-7.5,-7.5,-15.0
2023-06-28 10:17:00,-33.75,18.75,-15.0
2023-06-28 10:18:00,30.0,-30.0,0.0
2023-06-28 10:19:00,11.25,-3.75,7.5
2023-06-28 10:20:00,-3.75,26.25,22.5
2023-06-28 10:21:00,-56.25,52.5,-3.75
2023-06-28 10:22:00,-45.0,67.5,22.5
2023-06-28 10:23:00,7.5,18.75,26.25
2023-06-28 10:24:00,63.75,-33.75,30.0
2023-06-28 10:25:00,82.5,-48.75,33.75
2023-06-28 10:26:00,97.5,-71.25,26.25
2023-06-28 10:27:00,90.0,-78.75,11.25
2023-06-28 10:28:00,-3.75,101.25,97.5
2023-06-28 10:29:00,-86.25,195.0,108.75
2023-06-28 10:30:00,-127.5,251.25,123.75
2023-06-28 10:31:00,-123.75,240.0,116.25
2023-06-28 10:32:00,-48.75,187.5,138.75
2023-06-28 10:33:00,-315.0,405.0,90.0
2023-06-28 10:34:00,-273.75,405.0,131.25
2023-06-28 10:35:00,-236.25,378.75,142.5
2023-06-28 10:36:00,-296.25,397.5,101.25
2023-06-28 10:37:00,-341.25,435.0,93.75
2023-06-28 10:38:00,-318.75,390.0,71.25
2023-06-28 10:39:00,-476.25,450.0,-26.25
2023-06-28 10:40:00,-442.5,450.0,7.5
2023-06-28 10:41:00,-716.25,543.75,-172.5
2023-06-28 10:42:00,-600.0,517.5,-82.5
2023-06-28 10:43:00,-596.25,510.0,-86.25
2023-06-28 10:44:00,-648.75,525.0,-123.75
2023-06-28 10:45:00,-675.0,547.5,-127.5
2023-06-28 10:46:00,-588.75,528.75,-60.0
2023-06-28 10:47:00,-648.75,525.0,-123.75
2023-06-28 10:48:00,-675.0,562.5,-112.5
2023-06-28 10:49:00,-847.5,652.5,-195.0
2023-06-28 10:50:00,-873.75,663.75,-210.0
2023-06-28 10:51:00,-911.25,675.0,-236.25
2023-06-28 10:52:00,-840.0,652.5,-187.5
2023-06-28 10:53:00,-810.0,633.75,-176.25
2023-06-28 10:54:00,-652.5,600.0,-52.5
2023-06-28 10:55:00,-637.5,592.5,-45.0
2023-06-28 10:56:00,-742.5,611.25,-131.25
2023-06-28 10:57:00,-671.25,562.5,-108.75
2023-06-28 10:58:00,-716.25,588.75,-127.5
2023-06-28 10:59:00,-562.5,532.5,-30.0
2023-06-28 11:00:00,-498.75,513.75,15.0
2023-06-28 11:01:00,-532.5,502.5,-30.0
2023-06-28 11:02:00,-600.0,547.5,-52.5
2023-06-28 11:03:00,-648.75,543.75,-105.0
2023-06-28 11:04:00,-667.5,540.0,-127.5
2023-06-28 11:05:00,-750.0,585.0,-165.0
2023-06-28 11:06:00,-768.75,592.5,-176.25
2023-06-28 11:07:00,-783.75,611.25,-172.5
2023-06-28 11:08:00,-828.75,656.25,-172.5
2023-06-28 11:09:00,-810.0,641.25,-168.75
2023-06-28 11:10:00,-791.25,637.5,-153.75
2023-06-28 11:11:00,-941.25,682.5,-258.75
2023-06-28 11:12:00,-933.75,705.0,-228.75
2023-06-28 11:13:00,-1095.0,772.5,-322.5
2023-06-28 11:14:00,-1095.0,750.0,-345.0
2023-06-28 11:15:00,-1218.75,783.75,-435.0
2023-06-28 11:16:00,-1106.25,757.5,-348.75
2023-06-28 11:17:00,-1102.5,746.25,-356.25
2023-06-28 11:18:00,-1117.5,742.5,-375.0
2023-06-28 11:19:00,-1113.75,727.5,-386.25
2023-06-28 11:20:00,-1098.75,727.5,-371.25
2023-06-28 11:21:00,-1147.5,742.5,-405.0
2023-06-28 11:22:00,-1533.75,840.0,-693.75
2023-06-28 11:23:00,-1530.0,855.0,-675.0
2023-06-28 11:24:00,-1766.25,877.5,-888.75
2023-06-28 11:25:00,-1683.75,855.0,-828.75
2023-06-28 11:26:00,-1612.5,858.75,-753.75
2023-06-28 11:27:00,-1590.0,862.5,-727.5
2023-06-28 11:28:00,-1698.75,862.5,-836.25
2023-06-28 11:29:00,-1683.75,866.25,-817.5
2023-06-28 11:30:00,-1938.75,873.75,-1065.0
2023-06-28 11:31:00,-1826.25,918.75,-907.5
2023-06-28 11:32:00,-1818.75,937.5,-881.25
2023-06-28 11:33:00,-1785.0,900.0,-885.0
2023-06-28 11:34:00,-1927.5,963.75,-963.75
2023-06-28 11:35:00,-1938.75,1005.0,-933.75
2023-06-28 11:36:00,-1965.0,1008.75,-956.25
2023-06-28 11:37:00,-1897.5,952.5,-945.0
2023-06-28 11:38:00,-1938.75,971.25,-967.5
2023-06-28 11:39:00,-1905.0,971.25,-933.75
2023-06-28 11:40:00,-1908.75,960.0,-948.75
2023-06-28 11:41:00,-1923.75,986.25,-937.5
2023-06-28 11:42:00,-1725.0,907.5,-817.5
2023-06-28 11:43:00,-1473.75,798.75,-675.0
2023-06-28 11:44:00,-1593.75,843.75,-750.0
2023-06-28 11:45:00,-1653.75,885.0,-768.75
2023-06-28 11:46:00,-1818.75,952.5,-866.25
2023-06-28 11:47:00,-2006.25,1102.5,-903.75
2023-06-28 11:48:00,-1987.5,1080.0,-907.5
2023-06-28 11:49:00,-2223.75,1162.5,-1061.25
2023-06-28 11:50:00,-2133.75,1113.75,-1020.0
2023-06-28 11:51:00,-2085.0,1035.0,-1050.0
2023-06-28 11:52:00,-2302.5,1151.25,-1151.25
2023-06-28 11:53:00,-2148.75,1072.5,-1076.25
2023-06-28 11:54:00,-2212.5,1091.25,-1121.25
2023-06-28 11:55:00,-2066.25,1076.25,-990.0
2023-06-28 11:56:00,-2032.5,1023.75,-1008.75
2023-06-28 11:57:00,-1995.0,1020.0,-975.0
2023-06-28 11:58:00,-2032.5,1046.25,-986.25
2023-06-28 11:59:00,-2118.75,1087.5,-1031.25
2023-06-28 12:00:00,-2501.25,1331.25,-1170.0
2023-06-28 12:01:00,-2523.75,1432.5,-1091.25
2023-06-28 12:02:00,-2553.75,1485.0,-1068.75
2023-06-28 12:03:00,-2463.75,1410.0,-1053.75
2023-06-28 12:04:00,-2520.0,1402.5,-1117.5
2023-06-28 12:05:00,-2763.75,1473.75,-1290.0
2023-06-28 12:06:00,-2610.0,1346.25,-1263.75
2023-06-28 12:07:00,-2613.75,1308.75,-1305.0
2023-06-28 12:08:00,-2636.25,1290.0,-1346.25
2023-06-28 12:09:00,-2542.5,1222.5,-1320.0
2023-06-28 12:10:00,-2643.75,1342.5,-1301.25
2023-06-28 12:11:00,-1961.25,780.0,-1181.25
2023-06-28 12:12:00,-2006.25,761.25,-1245.0
2023-06-28 12:13:00,-1522.5,198.75,-1323.75
2023-06-28 12:14:00,-1661.25,315.0,-1346.25
2023-06-28 12:15:00,-1653.75,292.5,-1361.25
2023-06-28 12:16:00,-1481.25,37.5,-1443.75
2023-06-28 12:17:00,-1635.0,285.0,-1350.0
2023-06-28 12:18:00,-1957.5,573.75,-1383.75
2023-06-28 12:19:00,-1980.0,622.5,-1357.5
2023-06-28 12:20:00,-2058.75,671.25,-1387.5
2023-06-28 12:21:00,-2126.25,791.25,-1335.0
2023-06-28 12:22:00,-2062.5,772.5,-1290.0
2023-06-28 12:23:00,-2141.25,772.5,-1368.75
2023-06-28 12:24:00,-2058.75,693.75,-1365.0
2023-06-28 12:25:00,-1830.0,450.0,-1380.0
2023-06-28 12:26:00,-1957.5,630.0,-1327.5
2023-06-28 12:27:00,-2111.25,866.25,-1245.0
2023-06-28 12:28:00,-2178.75,1027.5,-1151.25
2023-06-28 12:29:00,-2445.0,1192.5,-1252.5
2023-06-28 12:30:00,-2392.5,1181.25,-1211.25
2023-06-28 12:31:00,-2396.25,1057.5,-1338.75
2023-06-28 12:32:00,-2283.75,1005.0,-1278.75
2023-06-28 12:33:00,-2171.25,945.0,-1226.25
2023-06-28 12:34:00,-2182.5,1001.25,-1181.25
2023-06-28 12:35:00,-2160.0,993.75,-1166.25
2023-06-28 12:36:00,-2073.75,866.25,-1207.5
2023-06-28 12:37:00,-2118.75,937.5,-1181.25
2023-06-28 12:38:00,-2032.5,847.5,-1185.0
2023-06-28 12:39:00,-2133.75,903.75,-1230.0
2023-06-28 12:40:00,-2118.75,896.25,-1222.5
2023-06-28 12:41:00,-2002.5,828.75,-1173.75
2023-06-28 12:42:00,-1668.75,551.25,-1117.5
2023-06-28 12:43:00,-1931.25,791.25,-1140.0
2023-06-28 12:44:00,-1938.75,750.0,-1188.75
2023-06-28 12:45:00,-1781.25,600.0,-1181.25
2023-06-28 12:46:00,-1815.0,592.5,-1222.5
2023-06-28 12:47:00,-1676.25,495.0,-1181.25
2023-06-28 12:48:00,-1710.0,465.0,-1245.0
2023-06-28 12:49:00,-1837.5,660.0,-1177.5
2023-06-28 12:50:00,-2250.0,1342.5,-907.5
2023-06-28 12:51:00,-2445.0,1530.0,-915.0
2023-06-28 12:52:00,-2790.0,1882.5,-907.5
2023-06-28 12:53:00,-2853.75,1878.75,-975.0
2023-06-28 12:54:00,-2868.75,1848.75,-1020.0
2023-06-28 12:55:00,-2576.25,1687.5,-888.75
2023-06-28 12:56:00,-2583.75,1638.75,-945.0
2023-06-28 12:57:00,-2685.0,1676.25,-1008.75
2023-06-28 12:58:00,-2898.75,1837.5,-1061.25
2023-06-28 12:59:00,-2737.5,1721.25,-1016.25
2023-06-28 13:00:00,-2703.75,1710.0,-993.75
2023-06-28 13:01:00,-2741.25,1713.75,-1027.5
2023-06-28 13:02:00,-2613.75,1676.25,-937.5
2023-06-28 13:03:00,-2490.0,1605.0,-885.0
2023-06-28 13:04:00,-3258.75,2302.5,-956.25
2023-06-28 13:05:00,-3003.75,2092.5,-911.25
2023-06-28 13:06:00,-3060.0,2115.0,-945.0
2023-06-28 13:07:00,-3090.0,2133.75,-956.25
2023-06-28 13:08:00,-3011.25,2100.0,-911.25
2023-06-28 13:09:00,-3033.75,2107.5,-926.25
2023-06-28 13:10:00,-2430.0,1638.75,-791.25
2023-06-28 13:11:00,-2812.5,1845.0,-967.5
2023-06-28 13:12:00,-3142.5,1987.5,-1155.0
2023-06-28 13:13:00,-3202.5,2126.25,-1076.25
2023-06-28 13:14:00,-3225.0,2178.75,-1046.25
2023-06-28 13:15:00,-3277.5,2208.75,-1068.75
2023-06-28 13:16:00,-3266.25,2167.5,-1098.75
2023-06-28 13:17:00,-3221.25,2148.75,-1072.5
2023-06-28 13:18:00,-3202.5,2130.0,-1072.5
2023-06-28 13:19:00,-3195.0,2178.75,-1016.25
2023-06-28 13:20:00,-3326.25,2373.75,-952.5
2023-06-28 13:21:00,-3213.75,2272.5,-941.25
2023-06-28 13:22:00,-3483.75,2411.25,-1072.5
2023-06-28 13:23:00,-3195.0,2220.0,-975.0
2023-06-28 13:24:00,-3183.75,2190.0,-993.75
2023-06-28 13:25:00,-3157.5,2122.5,-1035.0
2023-06-28 13:26:00,-3206.25,2156.25,-1050.0
2023-06-28 13:27:00,-3157.5,2058.75,-1098.75
2023-06-28 13:28:00,-3075.0,1976.25,-1098.75
2023-06-28 13:29:00,-3142.5,2081.25,-1061.25
2023-06-28 13:30:00,-3296.25,2227.5,-1068.75
2023-06-28 13:31:00,-3431.25,2295.0,-1136.25
2023-06-28 13:32:00,-3311.25,2216.25,-1095.0
2023-06-28 13:33:00,-3236.25,2141.25,-1095.0
2023-06-28 13:34:00,-3318.75,2220.0,-1098.75
2023-06-28 13:35:00,-3337.5,2231.25,-1106.25
2023-06-28 13:36:00,-3266.25,2163.75,-1102.5
2023-06-28 13:37:00,-3228.75,2156.25,-1072.5
2023-06-28 13:38:00,-3408.75,2340.0,-1068.75
2023-06-28 13:39:00,-3660.0,2580.0,-1080.0
2023-06-28 13:40:00,-3521.25,2463.75,-1057.5
2023-06-28 13:41:00,-3626.25,2467.5,-1158.75
2023-06-28 13:42:00,-3307.5,2283.75,-1023.75
2023-06-28 13:43:00,-3446.25,2332.5,-1113.75
2023-06-28 13:44:00,-3521.25,2392.5,-1128.75
2023-06-28 13:45:00,-3862.5,2771.25,-1091.25
2023-06-28 13:46:00,-3363.75,2358.75,-1005.0
2023-06-28 13:47:00,-3476.25,2430.0,-1046.25
2023-06-28 13:48:00,-3555.0,2497.5,-1057.5
2023-06-28 13:49:00,-3633.75,2471.25,-1162.5
2023-06-28 13:50:00,-3532.5,2516.25,-1016.25
2023-06-28 13:51:00,-3525.0,2493.75,-1031.25
2023-06-28 13:52:00,-3502.5,2471.25,-1031.25
2023-06-28 13:53:00,-3465.0,2445.0,-1020.0
2023-06-28 13:54:00,-3420.0,2388.75,-1031.25
2023-06-28 13:55:00,-3480.0,2430.0,-1050.0
2023-06-28 13:56:00,-3251.25,2272.5,-978.75
2023-06-28 13:57:00,-3075.0,2182.5,-892.5
2023-06-28 13:58:00,-3045.0,2122.5,-922.5
2023-06-28 13:59:00,-2977.5,2025.0,-952.5
2023-06-28 14:00:00,-3030.0,2081.25,-948.75
2023-06-28 14:01:00,-3307.5,2433.75,-873.75
2023-06-28 14:02:00,-3318.75,2448.75,-870.0
2023-06-28 14:03:00,-3442.5,2610.0,-832.5
2023-06-28 14:04:00,-3285.0,2486.25,-798.75
2023-06-28 14:05:00,-3285.0,2538.75,-746.25
2023-06-28 14:06:00,-3315.0,2617.5,-697.5
2023-06-28 14:07:00,-3146.25,2587.5,-558.75
2023-06-28 14:08:00,-3052.5,2452.5,-600.0
2023-06-28 14:09:00,-2992.5,2422.5,-570.0
2023-06-28 14:10:00,-3026.25,2426.25,-600.0
2023-06-28 14:11:00,-3131.25,2561.25,-570.0
2023-06-28 14:12:00,-3022.5,2463.75,-558.75
2023-06-28 14:13:00,-3120.0,2632.5,-487.5
2023-06-28 14:14:00,-2973.75,2516.25,-457.5
2023-06-28 14:15:00,-2542.5,2043.75,-498.75
2023-06-28 14:16:00,-2358.75,1882.5,-476.25
2023-06-28 14:17:00,-2501.25,2272.5,-228.75
2023-06-28 14:18:00,-2700.0,2591.25,-108.75
2023-06-28 14:19:00,-2756.25,2688.75,-67.5
2023-06-28 14:20:00,-2711.25,2670.0,-41.25
2023-06-28 14:21:00,-2636.25,2640.0,3.75
2023-06-28 14:22:00,-2745.0,2936.25,191.25
2023-06-28 14:23:00,-2763.75,3086.25,322.5
2023-06-28 14:24:00,-2853.75,3251.25,397.5
2023-06-28 14:25:00,-2917.5,3348.75,431.25
2023-06-28 14:26:00,-3202.5,3487.5,285.0
2023-06-28 14:27:00,-3142.5,3566.25,423.75
2023-06-28 14:28:00,-3217.5,3573.75,356.25
2023-06-28 14:29:00,-3225.0,3570.0,345.0
2023-06-28 14:30:00,-3202.5,3540.0,337.5
2023-06-28 14:31:00,-2842.5,3468.75,626.25
2023-06-28 14:32:00,-2598.75,3341.25,742.5
2023-06-28 14:33:00,-2925.0,3555.0,630.0
2023-06-28 14:34:00,-2651.25,3461.25,810.0
2023-06-28 14:35:00,-2643.75,3435.0,791.25
2023-06-28 14:36:00,-2640.0,3476.25,836.25
2023-06-28 14:37:00,-2625.0,3476.25,851.25
2023-06-28 14:38:00,-2673.75,3487.5,813.75
2023-06-28 14:39:00,-2651.25,3570.0,918.75
2023-06-28 14:40:00,-2553.75,3502.5,948.75
2023-06-28 14:41:00,-2321.25,3371.25,1050.0
2023-06-28 14:42:00,-1976.25,3056.25,1080.0
2023-06-28 14:43:00,-2133.75,3262.5,1128.75
2023-06-28 14:44:00,-2032.5,3183.75,1151.25
2023-06-28 14:45:00,-2066.25,3258.75,1192.5
2023-06-28 14:46:00,-2287.5,3540.0,1252.5
2023-06-28 14:47:00,-2261.25,3588.75,1327.5
2023-06-28 14:48:00,-2145.0,3573.75,1428.75
2023-06-28 14:49:00,-1995.0,3375.0,1380.0
2023-06-28 14:50:00,-2025.0,3405.0,1380.0
2023-06-28 14:51:00,-2238.75,3633.75,1395.0
2023-06-28 14:52:00,-2130.0,3532.5,1402.5
2023-06-28 14:53:00,-2175.0,3615.0,1440.0
2023-06-28 14:54:00,-2133.75,3615.0,1481.25
2023-06-28 14:55:00,-1998.75,3525.0,1526.25
2023-06-28 14:56:00,-1957.5,3551.25,1593.75
2023-06-28 14:57:00,-2096.25,3611.25,1515.0
2023-06-28 14:58:00,-1953.75,3562.5,1608.75
2023-06-28 14:59:00,-1998.75,3600.0,1601.25
2023-06-28 15:00:00,-2118.75,3663.75,1545.0
2023-06-28 15:01:00,-1676.25,3521.25,1845.0
2023-06-28 15:02:00,-1500.0,3288.75,1788.75
2023-06-28 15:03:00,-1500.0,3288.75,1788.75
2023-06-28 15:04:00,-1447.5,3393.75,1946.25
2023-06-28 15:05:00,-1417.5,3030.0,1612.5
2023-06-28 15:06:00,-1402.5,2932.5,1530.0
2023-06-28 15:07:00,-1398.75,3135.0,1736.25
2023-06-28 15:08:00,-1398.75,3375.0,1976.25
2023-06-28 15:09:00,-1398.75,3502.5,2103.75
2023-06-28 15:10:00,-1398.75,3716.25,2317.5
2023-06-28 15:11:00,-1398.75,3847.5,2448.75
2023-06-28 15:12:00,-1402.5,3832.5,2430.0
2023-06-28 15:13:00,-1402.5,3978.75,2576.25
2023-06-28 15:14:00,-1395.0,4042.5,2647.5
2023-06-28 15:15:00,-1398.75,4038.75,2640.0
2023-06-28 15:16:00,-1391.25,4038.75,2647.5
2023-06-28 15:17:00,-1387.5,4053.75,2666.25
2023-06-28 15:18:00,-1387.5,4061.25,2673.75
2023-06-28 15:19:00,-1380.0,4061.25,2681.25
2023-06-28 15:20:00,-1383.75,4061.25,2677.5
2023-06-28 15:21:00,-1383.75,4061.25,2677.5
2023-06-28 15:22:00,-1383.75,4061.25,2677.5
2023-06-28 15:23:00,-1383.75,4061.25,2677.5
2023-06-28 15:24:00,-1383.75,4061.25,2677.5
2023-06-28 15:25:00,-1383.75,4061.25,2677.5
2023-06-28 15:26:00,-1383.75,4061.25,2677.5
2023-06-28 15:27:00,-1383.75,4061.25,2677.5
2023-06-28 15:28:00,-1383.75,4061.25,2677.5
2023-06-28 15:29:00,-1383.75,4061.25,2677.5
2023-06-28 15:30:00,-1383.75,4061.25,2677.5
2023-07-06 10:15:00,0.0,0.0,0.0
2023-07-06 10:16:00,56.25,-37.5,18.75
2023-07-06 10:17:00,56.25,-41.25,15.0
2023-07-06 10:18:00,213.75,-146.25,67.5
2023-07-06 10:19:00,202.5,-131.25,71.25
2023-07-06 10:20:00,157.5,-101.25,56.25
2023-07-06 10:21:00,247.5,-243.75,3.75
2023-07-06 10:22:00,168.75,-142.5,26.25
2023-07-06 10:23:00,157.5,-146.25,11.25
2023-07-06 10:24:00,78.75,-56.25,22.5
2023-07-06 10:25:00,-15.0,-30.0,-45.0
2023-07-06 10:26:00,-210.0,142.5,-67.5
2023-07-06 10:27:00,-183.75,93.75,-90.0
2023-07-06 10:28:00,-292.5,157.5,-135.0
2023-07-06 10:29:00,-198.75,161.25,-37.5
2023-07-06 10:30:00,-142.5,172.5,30.0
2023-07-06 10:31:00,-90.0,153.75,63.75
2023-07-06 10:32:00,-18.75,127.5,108.75
2023-07-06 10:33:00,93.75,108.75,202.5
2023-07-06 10:34:00,266.25,-30.0,236.25
2023-07-06 10:35:00,142.5,90.0,232.5
2023-07-06 10:36:00,-22.5,165.0,142.5
2023-07-06 10:37:00,-15.0,157.5,142.5
2023-07-06 10:38:00,41.25,105.0,146.25
2023-07-06 10:39:00,97.5,67.5,165.0
2023-07-06 10:40:00,202.5,-26.25,176.25
2023-07-06 10:41:00,225.0,-30.0,195.0
2023-07-06 10:42:00,285.0,-120.0,165.0
2023-07-06 10:43:00,390.0,-221.25,168.75
2023-07-06 10:44:00,367.5,-153.75,213.75
2023-07-06 10:45:00,195.0,45.0,240.0
2023-07-06 10:46:00,210.0,-3.75,206.25
2023-07-06 10:47:00,75.0,101.25,176.25
2023-07-06 10:48:00,78.75,105.0,183.75
2023-07-06 10:49:00,67.5,138.75,206.25
2023-07-06 10:50:00,67.5,142.5,210.0
2023-07-06 10:51:00,52.5,138.75,191.25
2023-07-06 10:52:00,116.25,75.0,191.25
2023-07-06 10:53:00,138.75,93.75,232.5
2023-07-06 10:54:00,86.25,112.5,198.75
2023-07-06 10:55:00,146.25,120.0,266.25
2023-07-06 10:56:00,41.25,285.0,326.25
2023-07-06 10:57:00,97.5,240.0,337.5
2023-07-06 10:58:00,75.0,258.75,333.75
2023-07-06 10:59:00,101.25,251.25,352.5
2023-07-06 11:00:00,-18.75,442.5,423.75
2023-07-06 11:01:00,7.5,442.5,450.0
2023-07-06 11:02:00,71.25,420.0,491.25
2023-07-06 11:03:00,63.75,416.25,480.0
2023-07-06 11:04:00,157.5,356.25,513.75
2023-07-06 11:05:00,-37.5,562.5,525.0
2023-07-06 11:06:00,-37.5,566.25,528.75
2023-07-06 11:07:00,52.5,525.0,577.5
2023-07-06 11:08:00,86.25,495.0,581.25
2023-07-06 11:09:00,150.0,438.75,588.75
2023-07-06 11:10:00,240.0,367.5,607.5
2023-07-06 11:11:00,258.75,311.25,570.0
2023-07-06 11:12:00,251.25,330.0,581.25
2023-07-06 11:13:00,157.5,468.75,626.25
2023-07-06 11:14:00,183.75,367.5,551.25
2023-07-06 11:15:00,138.75,431.25,570.0
2023-07-06 11:16:00,90.0,517.5,607.5
2023-07-06 11:17:00,157.5,416.25,573.75
2023-07-06 11:18:00,101.25,472.5,573.75
2023-07-06 11:19:00,135.0,386.25,521.25
2023-07-06 11:20:00,157.5,408.75,566.25
2023-07-06 11:21:00,101.25,498.75,600.0
2023-07-06 11:22:00,161.25,420.0,581.25
2023-07-06 11:23:00,210.0,371.25,581.25
2023-07-06 11:24:00,187.5,401.25,588.75
2023-07-06 11:25:00,195.0,397.5,592.5
2023-07-06 11:26:00,135.0,495.0,630.0
2023-07-06 11:27:00,142.5,476.25,618.75
2023-07-06 11:28:00,180.0,450.0,630.0
2023-07-06 11:29:00,202.5,442.5,645.0
2023-07-06 11:30:00,217.5,453.75,671.25
2023-07-06 11:31:00,127.5,592.5,720.0
2023-07-06 11:32:00,82.5,626.25,708.75
2023-07-06 11:33:00,18.75,682.5,701.25
2023-07-06 11:34:00,78.75,607.5,686.25
2023-07-06 11:35:00,-7.5,682.5,675.0
2023-07-06 11:36:00,-15.0,686.25,671.25
2023-07-06 11:37:00,-18.75,716.25,697.5
2023-07-06 11:38:00,105.0,678.75,783.75
2023-07-06 11:39:00,-3.75,746.25,742.5
2023-07-06 11:40:00,18.75,735.0,753.75
2023-07-06 11:41:00,67.5,716.25,783.75
2023-07-06 11:42:00,37.5,746.25,783.75
2023-07-06 11:43:00,52.5,750.0,802.5
2023-07-06 11:44:00,67.5,727.5,795.0
2023-07-06 11:45:00,86.25,708.75,795.0
2023-07-06 11:46:00,15.0,791.25,806.25
2023-07-06 11:47:00,48.75,787.5,836.25
2023-07-06 11:48:00,123.75,712.5,836.25
2023-07-06 11:49:00,168.75,682.5,851.25
2023-07-06 11:50:00,183.75,678.75,862.5
2023-07-06 11:51:00,157.5,686.25,843.75
2023-07-06 11:52:00,187.5,660.0,847.5
2023-07-06 11:53:00,93.75,738.75,832.5
2023-07-06 11:54:00,82.5,746.25,828.75
2023-07-06 11:55:00,217.5,641.25,858.75
2023-07-06 11:56:00,183.75,645.0,828.75
2023-07-06 11:57:00,153.75,690.0,843.75
2023-07-06 11:58:00,135.0,697.5,832.5
2023-07-06 11:59:00,210.0,663.75,873.75
2023-07-06 12:00:00,180.0,663.75,843.75
2023-07-06 12:01:00,273.75,562.5,836.25
2023-07-06 12:02:00,258.75,573.75,832.5
2023-07-06 12:03:00,483.75,442.5,926.25
2023-07-06 12:04:00,318.75,581.25,900.0
2023-07-06 12:05:00,397.5,528.75,926.25
2023-07-06 12:06:00,401.25,525.0,926.25
2023-07-06 12:07:00,420.0,506.25,926.25
2023-07-06 12:08:00,442.5,536.25,978.75
2023-07-06 12:09:00,476.25,487.5,963.75
2023-07-06 12:10:00,446.25,495.0,941.25
2023-07-06 12:11:00,405.0,521.25,926.25
2023-07-06 12:12:00,352.5,588.75,941.25
2023-07-06 12:13:00,348.75,600.0,948.75
2023-07-06 12:14:00,378.75,547.5,926.25
2023-07-06 12:15:00,461.25,476.25,937.5
2023-07-06 12:16:00,450.0,446.25,896.25
2023-07-06 12:17:00,416.25,498.75,915.0
2023-07-06 12:18:00,401.25,521.25,922.5
2023-07-06 12:19:00,412.5,547.5,960.0
2023-07-06 12:20:00,427.5,525.0,952.5
2023-07-06 12:21:00,405.0,566.25,971.25
2023-07-06 12:22:00,397.5,581.25,978.75
2023-07-06 12:23:00,416.25,555.0,971.25
2023-07-06 12:24:00,468.75,506.25,975.0
2023-07-06 12:25:00,480.0,513.75,993.75
2023-07-06 12:26:00,483.75,510.0,993.75
2023-07-06 12:27:00,690.0,322.5,1012.5
2023-07-06 12:28:00,813.75,251.25,1065.0
2023-07-06 12:29:00,735.0,378.75,1113.75
2023-07-06 12:30:00,600.0,573.75,1173.75
2023-07-06 12:31:00,592.5,536.25,1128.75
2023-07-06 12:32:00,637.5,468.75,1106.25
2023-07-06 12:33:00,652.5,465.0,1117.5
2023-07-06 12:34:00,671.25,442.5,1113.75
2023-07-06 12:35:00,716.25,405.0,1121.25
2023-07-06 12:36:00,731.25,465.0,1196.25
2023-07-06 12:37:00,697.5,483.75,1181.25
2023-07-06 12:38:00,716.25,393.75,1110.0
2023-07-06 12:39:00,738.75,416.25,1155.0
2023-07-06 12:40:00,731.25,390.0,1121.25
2023-07-06 12:41:00,678.75,525.0,1203.75
2023-07-06 12:42:00,750.0,401.25,1151.25
2023-07-06 12:43:00,843.75,311.25,1155.0
2023-07-06 12:44:00,840.0,363.75,1203.75
2023-07-06 12:45:00,858.75,341.25,1200.0
2023-07-06 12:46:00,832.5,367.5,1200.0
2023-07-06 12:47:00,768.75,480.0,1248.75
2023-07-06 12:48:00,708.75,521.25,1230.0
2023-07-06 12:49:00,686.25,626.25,1312.5
2023-07-06 12:50:00,723.75,551.25,1275.0
2023-07-06 12:51:00,690.0,558.75,1248.75
2023-07-06 12:52:00,697.5,562.5,1260.0
2023-07-06 12:53:00,633.75,705.0,1338.75
2023-07-06 12:54:00,708.75,630.0,1338.75
2023-07-06 12:55:00,566.25,806.25,1372.5
2023-07-06 12:56:00,461.25,907.5,1368.75
2023-07-06 12:57:00,461.25,956.25,1417.5
2023-07-06 12:58:00,375.0,1027.5,1402.5
2023-07-06 12:59:00,555.0,885.0,1440.0
2023-07-06 13:00:00,498.75,900.0,1398.75
2023-07-06 13:01:00,517.5,855.0,1372.5
2023-07-06 13:02:00,446.25,918.75,1365.0
2023-07-06 13:03:00,442.5,903.75,1346.25
2023-07-06 13:04:00,457.5,911.25,1368.75
2023-07-06 13:05:00,416.25,941.25,1357.5
2023-07-06 13:06:00,487.5,911.25,1398.75
2023-07-06 13:07:00,513.75,892.5,1406.25
2023-07-06 13:08:00,416.25,971.25,1387.5
2023-07-06 13:09:00,453.75,956.25,1410.0
2023-07-06 13:10:00,450.0,967.5,1417.5
2023-07-06 13:11:00,438.75,963.75,1402.5
2023-07-06 13:12:00,517.5,926.25,1443.75
2023-07-06 13:13:00,637.5,885.0,1522.5
2023-07-06 13:14:00,768.75,847.5,1616.25
2023-07-06 13:15:00,776.25,817.5,1593.75
2023-07-06 13:16:00,843.75,761.25,1605.0
2023-07-06 13:17:00,757.5,843.75,1601.25
2023-07-06 13:18:00,735.0,806.25,1541.25
2023-07-06 13:19:00,712.5,840.0,1552.5
2023-07-06 13:20:00,798.75,750.0,1548.75
2023-07-06 13:21:00,888.75,735.0,1623.75
2023-07-06 13:22:00,791.25,806.25,1597.5
2023-07-06 13:23:00,813.75,791.25,1605.0
2023-07-06 13:24:00,806.25,787.5,1593.75
2023-07-06 13:25:00,795.0,806.25,1601.25
2023-07-06 13:26:00,735.0,900.0,1635.0
2023-07-06 13:27:00,738.75,896.25,1635.0
2023-07-06 13:28:00,682.5,1001.25,1683.75
2023-07-06 13:29:00,716.25,963.75,1680.0
2023-07-06 13:30:00,637.5,1023.75,1661.25
2023-07-06 13:31:00,588.75,1136.25,1725.0
2023-07-06 13:32:00,746.25,1031.25,1777.5
2023-07-06 13:33:00,746.25,1016.25,1762.5
2023-07-06 13:34:00,776.25,1005.0,1781.25
2023-07-06 13:35:00,776.25,1001.25,1777.5
2023-07-06 13:36:00,757.5,1027.5,1785.0
2023-07-06 13:37:00,787.5,1012.5,1800.0
2023-07-06 13:38:00,761.25,1027.5,1788.75
2023-07-06 13:39:00,806.25,986.25,1792.5
2023-07-06 13:40:00,787.5,1008.75,1796.25
2023-07-06 13:41:00,873.75,941.25,1815.0
2023-07-06 13:42:00,802.5,1035.0,1837.5
2023-07-06 13:43:00,753.75,1113.75,1867.5
2023-07-06 13:44:00,757.5,1087.5,1845.0
2023-07-06 13:45:00,795.0,1072.5,1867.5
2023-07-06 13:46:00,780.0,1083.75,1863.75
2023-07-06 13:47:00,776.25,1068.75,1845.0
2023-07-06 13:48:00,780.0,1076.25,1856.25
2023-07-06 13:49:00,772.5,1098.75,1871.25
2023-07-06 13:50:00,832.5,1035.0,1867.5
2023-07-06 13:51:00,776.25,1072.5,1848.75
2023-07-06 13:52:00,746.25,1076.25,1822.5
2023-07-06 13:53:00,720.0,1080.0,1800.0
2023-07-06 13:54:00,738.75,1091.25,1830.0
2023-07-06 13:55:00,738.75,1087.5,1826.25
2023-07-06 13:56:00,765.0,1065.0,1830.0
2023-07-06 13:57:00,892.5,918.75,1811.25
2023-07-06 13:58:00,791.25,1050.0,1841.25
2023-07-06 13:59:00,821.25,967.5,1788.75
2023-07-06 14:00:00,791.25,1061.25,1852.5
2023-07-06 14:01:00,645.0,1267.5,1912.5
2023-07-06 14:02:00,761.25,1196.25,1957.5
2023-07-06 14:03:00,738.75,1256.25,1995.0
2023-07-06 14:04:00,723.75,1260.0,1983.75
2023-07-06 14:05:00,783.75,1192.5,1976.25
2023-07-06 14:06:00,806.25,1181.25,1987.5
2023-07-06 14:07:00,828.75,1170.0,1998.75
2023-07-06 14:08:00,843.75,1147.5,1991.25
2023-07-06 14:09:00,847.5,1162.5,2010.0
2023-07-06 14:10:00,911.25,1185.0,2096.25
2023-07-06 14:11:00,892.5,1207.5,2100.0
2023-07-06 14:12:00,810.0,1350.0,2160.0
2023-07-06 14:13:00,772.5,1323.75,2096.25
2023-07-06 14:14:00,787.5,1335.0,2122.5
2023-07-06 14:15:00,746.25,1380.0,2126.25
2023-07-06 14:16:00,708.75,1398.75,2107.5
2023-07-06 14:17:00,622.5,1477.5,2100.0
2023-07-06 14:18:00,480.0,1548.75,2028.75
2023-07-06 14:19:00,266.25,1560.0,1826.25
2023-07-06 14:20:00,93.75,1623.75,1717.5
2023-07-06 14:21:00,71.25,1653.75,1725.0
2023-07-06 14:22:00,288.75,1642.5,1931.25
2023-07-06 14:23:00,431.25,1612.5,2043.75
2023-07-06 14:24:00,588.75,1575.0,2163.75
2023-07-06 14:25:00,892.5,1500.0,2392.5
2023-07-06 14:26:00,948.75,1545.0,2493.75
2023-07-06 14:27:00,986.25,1503.75,2490.0
2023-07-06 14:28:00,990.0,1533.75,2523.75
2023-07-06 14:29:00,911.25,1586.25,2497.5
2023-07-06 14:30:00,888.75,1582.5,2471.25
2023-07-06 14:31:00,690.0,1668.75,2358.75
2023-07-06 14:32:00,757.5,1676.25,2433.75
2023-07-06 14:33:00,727.5,1691.25,2418.75
2023-07-06 14:34:00,761.25,1650.0,2411.25
2023-07-06 14:35:00,720.0,1687.5,2407.5
2023-07-06 14:36:00,558.75,1710.0,2268.75
2023-07-06 14:37:00,682.5,1698.75,2381.25
2023-07-06 14:38:00,667.5,1706.25,2373.75
2023-07-06 14:39:00,772.5,1695.0,2467.5
2023-07-06 14:40:00,795.0,1702.5,2497.5
2023-07-06 14:41:00,791.25,1755.0,2546.25
2023-07-06 14:42:00,641.25,1781.25,2422.5
2023-07-06 14:43:00,465.0,1792.5,2257.5
2023-07-06 14:44:00,491.25,1792.5,2283.75
2023-07-06 14:45:00,480.0,1773.75,2253.75
2023-07-06 14:46:00,431.25,1785.0,2216.25
2023-07-06 14:47:00,371.25,1796.25,2167.5
2023-07-06 14:48:00,315.0,1792.5,2107.5
2023-07-06 14:49:00,183.75,1800.0,1983.75
2023-07-06 14:50:00,446.25,1796.25,2242.5
2023-07-06 14:51:00,682.5,1785.0,2467.5
2023-07-06 14:52:00,581.25,1788.75,2370.0
2023-07-06 14:53:00,348.75,1800.0,2148.75
2023-07-06 14:54:00,401.25,1818.75,2220.0
2023-07-06 14:55:00,405.0,1811.25,2216.25
2023-07-06 14:56:00,480.0,1807.5,2287.5
2023-07-06 14:57:00,483.75,1807.5,2291.25
2023-07-06 14:58:00,513.75,1807.5,2321.25
2023-07-06 14:59:00,536.25,1807.5,2343.75
2023-07-06 15:00:00,690.0,1803.75,2493.75
2023-07-06 15:01:00,840.0,1815.0,2655.0
2023-07-06 15:02:00,656.25,1822.5,2478.75
2023-07-06 15:03:00,843.75,1822.5,2666.25
2023-07-06 15:04:00,1162.5,1830.0,2992.5
2023-07-06 15:05:00,1218.75,1830.0,3048.75
2023-07-06 15:06:00,1226.25,1837.5,3063.75
2023-07-06 15:07:00,1327.5,1841.25,3168.75
2023-07-06 15:08:00,1312.5,1837.5,3150.0
2023-07-06 15:09:00,1222.5,1845.0,3067.5
2023-07-06 15:10:00,1113.75,1845.0,2958.75
2023-07-06 15:11:00,1226.25,1845.0,3071.25
2023-07-06 15:12:00,911.25,1848.75,2760.0
2023-07-06 15:13:00,997.5,1848.75,2846.25
2023-07-06 15:14:00,1211.25,1848.75,3060.0
2023-07-06 15:15:00,1083.75,1848.75,2932.5
2023-07-06 15:16:00,1136.25,1848.75,2985.0
2023-07-06 15:17:00,1320.0,1852.5,3172.5
2023-07-06 15:18:00,1233.75,1852.5,3086.25
2023-07-06 15:19:00,1395.0,1852.5,3247.5
2023-07-06 15:20:00,1368.75,1852.5,3221.25
2023-07-06 15:21:00,1368.75,1852.5,3221.25
2023-07-06 15:22:00,1368.75,1852.5,3221.25
2023-07-06 15:23:00,1368.75,1852.5,3221.25
2023-07-06 15:24:00,1368.75,1852.5,3221.25
2023-07-06 15:25:00,1368.75,1852.5,3221.25
2023-07-06 15:26:00,1368.75,1852.5,3221.25
2023-07-06 15:27:00,1368.75,1852.5,3221.25
2023-07-06 15:28:00,1368.75,1852.5,3221.25
2023-07-06 15:29:00,1368.75,1852.5,3221.25
2023-07-06 15:30:00,1368.75,1852.5,3221.25
2023-07-13 10:15:00,0.0,0.0,0.0
2023-07-13 10:16:00,-7.5,18.75,11.25
2023-07-13 10:17:00,195.0,-82.5,112.5
2023-07-13 10:18:00,300.0,-183.75,116.25
2023-07-13 10:19:00,408.75,-273.75,135.0
2023-07-13 10:20:00,296.25,-153.75,142.5
2023-07-13 10:21:00,345.0,-187.5,157.5
2023-07-13 10:22:00,311.25,-172.5,138.75
2023-07-13 10:23:00,243.75,-120.0,123.75
2023-07-13 10:24:00,206.25,-52.5,153.75
2023-07-13 10:25:00,153.75,-7.5,146.25
2023-07-13 10:26:00,165.0,-37.5,127.5
2023-07-13 10:27:00,206.25,-93.75,112.5
2023-07-13 10:28:00,161.25,-11.25,150.0
2023-07-13 10:29:00,105.0,67.5,172.5
2023-07-13 10:30:00,116.25,52.5,168.75
2023-07-13 10:31:00,157.5,30.0,187.5
2023-07-13 10:32:00,303.75,-71.25,232.5
2023-07-13 10:33:00,345.0,-82.5,262.5
2023-07-13 10:34:00,375.0,-131.25,243.75
2023-07-13 10:35:00,307.5,-71.25,236.25
2023-07-13 10:36:00,303.75,-112.5,191.25
2023-07-13 10:37:00,480.0,-348.75,131.25
2023-07-13 10:38:00,450.0,-273.75,176.25
2023-07-13 10:39:00,378.75,-157.5,221.25
2023-07-13 10:40:00,367.5,-142.5,225.0
2023-07-13 10:41:00,326.25,-116.25,210.0
2023-07-13 10:42:00,378.75,-168.75,210.0
2023-07-13 10:43:00,360.0,-172.5,187.5
2023-07-13 10:44:00,405.0,-221.25,183.75
2023-07-13 10:45:00,375.0,-180.0,195.0
2023-07-13 10:46:00,348.75,-146.25,202.5
2023-07-13 10:47:00,322.5,-86.25,236.25
2023-07-13 10:48:00,318.75,-67.5,251.25
2023-07-13 10:49:00,356.25,-153.75,202.5
2023-07-13 10:50:00,431.25,-243.75,187.5
2023-07-13 10:51:00,382.5,-198.75,183.75
2023-07-13 10:52:00,348.75,-120.0,228.75
2023-07-13 10:53:00,375.0,-225.0,150.0
2023-07-13 10:54:00,367.5,-202.5,165.0
2023-07-13 10:55:00,382.5,-176.25,206.25
2023-07-13 10:56:00,352.5,-157.5,195.0
2023-07-13 10:57:00,382.5,-183.75,198.75
2023-07-13 10:58:00,375.0,-221.25,153.75
2023-07-13 10:59:00,348.75,-180.0,168.75
2023-07-13 11:00:00,348.75,-150.0,198.75
2023-07-13 11:01:00,348.75,-127.5,221.25
2023-07-13 11:02:00,330.0,-82.5,247.5
2023-07-13 11:03:00,300.0,-60.0,240.0
2023-07-13 11:04:00,322.5,-101.25,221.25
2023-07-13 11:05:00,363.75,-142.5,221.25
2023-07-13 11:06:00,360.0,-161.25,198.75
2023-07-13 11:07:00,367.5,-172.5,195.0
2023-07-13 11:08:00,397.5,-202.5,195.0
2023-07-13 11:09:00,431.25,-210.0,221.25
2023-07-13 11:10:00,468.75,-288.75,180.0
2023-07-13 11:11:00,363.75,-120.0,243.75
2023-07-13 11:12:00,382.5,-116.25,266.25
2023-07-13 11:13:00,348.75,-75.0,273.75
2023-07-13 11:14:00,296.25,3.75,300.0
2023-07-13 11:15:00,277.5,33.75,311.25
2023-07-13 11:16:00,146.25,258.75,405.0
2023-07-13 11:17:00,225.0,161.25,386.25
2023-07-13 11:18:00,165.0,206.25,371.25
2023-07-13 11:19:00,247.5,127.5,375.0
2023-07-13 11:20:00,262.5,105.0,367.5
2023-07-13 11:21:00,348.75,67.5,416.25
2023-07-13 11:22:00,341.25,18.75,360.0
2023-07-13 11:23:00,318.75,48.75,367.5
2023-07-13 11:24:00,285.0,75.0,360.0
2023-07-13 11:25:00,322.5,67.5,390.0
2023-07-13 11:26:00,333.75,56.25,390.0
2023-07-13 11:27:00,307.5,78.75,386.25
2023-07-13 11:28:00,266.25,142.5,408.75
2023-07-13 11:29:00,326.25,97.5,423.75
2023-07-13 11:30:00,363.75,71.25,435.0
2023-07-13 11:31:00,337.5,63.75,401.25
2023-07-13 11:32:00,371.25,60.0,431.25
2023-07-13 11:33:00,360.0,67.5,427.5
2023-07-13 11:34:00,296.25,138.75,435.0
2023-07-13 11:35:00,345.0,86.25,431.25
2023-07-13 11:36:00,330.0,97.5,427.5
2023-07-13 11:37:00,345.0,108.75,453.75
2023-07-13 11:38:00,438.75,45.0,483.75
2023-07-13 11:39:00,468.75,37.5,506.25
2023-07-13 11:40:00,427.5,78.75,506.25
2023-07-13 11:41:00,472.5,56.25,528.75
2023-07-13 11:42:00,461.25,75.0,536.25
2023-07-13 11:43:00,468.75,82.5,551.25
2023-07-13 11:44:00,453.75,93.75,547.5
2023-07-13 11:45:00,401.25,168.75,570.0
2023-07-13 11:46:00,367.5,180.0,547.5
2023-07-13 11:47:00,348.75,176.25,525.0
2023-07-13 11:48:00,330.0,198.75,528.75
2023-07-13 11:49:00,352.5,183.75,536.25
2023-07-13 11:50:00,307.5,206.25,513.75
2023-07-13 11:51:00,296.25,198.75,495.0
2023-07-13 11:52:00,363.75,161.25,525.0
2023-07-13 11:53:00,367.5,150.0,517.5
2023-07-13 11:54:00,371.25,131.25,502.5
2023-07-13 11:55:00,513.75,71.25,585.0
2023-07-13 11:56:00,401.25,142.5,543.75
2023-07-13 11:57:00,408.75,90.0,498.75
2023-07-13 11:58:00,442.5,56.25,498.75
2023-07-13 11:59:00,427.5,82.5,510.0
2023-07-13 12:00:00,446.25,86.25,532.5
2023-07-13 12:01:00,438.75,105.0,543.75
2023-07-13 12:02:00,431.25,93.75,525.0
2023-07-13 12:03:00,468.75,63.75,532.5
2023-07-13 12:04:00,438.75,48.75,487.5
2023-07-13 12:05:00,457.5,22.5,480.0
2023-07-13 12:06:00,453.75,-11.25,442.5
2023-07-13 12:07:00,461.25,15.0,476.25
2023-07-13 12:08:00,442.5,71.25,513.75
2023-07-13 12:09:00,382.5,172.5,555.0
2023-07-13 12:10:00,405.0,165.0,570.0
2023-07-13 12:11:00,457.5,71.25,528.75
2023-07-13 12:12:00,416.25,123.75,540.0
2023-07-13 12:13:00,390.0,150.0,540.0
2023-07-13 12:14:00,363.75,138.75,502.5
2023-07-13 12:15:00,405.0,97.5,502.5
2023-07-13 12:16:00,420.0,41.25,461.25
2023-07-13 12:17:00,401.25,67.5,468.75
2023-07-13 12:18:00,393.75,82.5,476.25
2023-07-13 12:19:00,393.75,86.25,480.0
2023-07-13 12:20:00,345.0,165.0,510.0
2023-07-13 12:21:00,315.0,153.75,468.75
2023-07-13 12:22:00,345.0,123.75,468.75
2023-07-13 12:23:00,390.0,93.75,483.75
2023-07-13 12:24:00,401.25,48.75,450.0
2023-07-13 12:25:00,450.0,-11.25,438.75
2023-07-13 12:26:00,408.75,52.5,461.25
2023-07-13 12:27:00,412.5,45.0,457.5
2023-07-13 12:28:00,435.0,0.0,435.0
2023-07-13 12:29:00,633.75,-255.0,378.75
2023-07-13 12:30:00,645.0,-243.75,401.25
2023-07-13 12:31:00,727.5,-360.0,367.5
2023-07-13 12:32:00,690.0,-273.75,416.25
2023-07-13 12:33:00,600.0,-82.5,517.5
2023-07-13 12:34:00,618.75,-153.75,465.0
2023-07-13 12:35:00,641.25,-153.75,487.5
2023-07-13 12:36:00,633.75,-153.75,480.0
2023-07-13 12:37:00,626.25,-108.75,517.5
2023-07-13 12:38:00,551.25,71.25,622.5
2023-07-13 12:39:00,603.75,-11.25,592.5
2023-07-13 12:40:00,626.25,-30.0,596.25
2023-07-13 12:41:00,675.0,-123.75,551.25
2023-07-13 12:42:00,671.25,-131.25,540.0
2023-07-13 12:43:00,686.25,-153.75,532.5
2023-07-13 12:44:00,667.5,-120.0,547.5
2023-07-13 12:45:00,645.0,-97.5,547.5
2023-07-13 12:46:00,630.0,-86.25,543.75
2023-07-13 12:47:00,618.75,-82.5,536.25
2023-07-13 12:48:00,603.75,-60.0,543.75
2023-07-13 12:49:00,611.25,-78.75,532.5
2023-07-13 12:50:00,656.25,-142.5,513.75
2023-07-13 12:51:00,656.25,-120.0,536.25
2023-07-13 12:52:00,648.75,-93.75,555.0
2023-07-13 12:53:00,648.75,-108.75,540.0
2023-07-13 12:54:00,588.75,-22.5,566.25
2023-07-13 12:55:00,547.5,75.0,622.5
2023-07-13 12:56:00,502.5,172.5,675.0
2023-07-13 12:57:00,510.0,123.75,633.75
2023-07-13 12:58:00,525.0,123.75,648.75
2023-07-13 12:59:00,495.0,150.0,645.0
2023-07-13 13:00:00,510.0,93.75,603.75
2023-07-13 13:01:00,547.5,41.25,588.75
2023-07-13 13:02:00,528.75,105.0,633.75
2023-07-13 13:03:00,382.5,225.0,607.5
2023-07-13 13:04:00,393.75,217.5,611.25
2023-07-13 13:05:00,405.0,195.0,600.0
2023-07-13 13:06:00,356.25,240.0,596.25
2023-07-13 13:07:00,401.25,187.5,588.75
2023-07-13 13:08:00,401.25,221.25,622.5
2023-07-13 13:09:00,450.0,168.75,618.75
2023-07-13 13:10:00,472.5,161.25,633.75
2023-07-13 13:11:00,558.75,86.25,645.0
2023-07-13 13:12:00,480.0,217.5,697.5
2023-07-13 13:13:00,472.5,217.5,690.0
2023-07-13 13:14:00,423.75,247.5,671.25
2023-07-13 13:15:00,453.75,221.25,675.0
2023-07-13 13:16:00,487.5,210.0,697.5
2023-07-13 13:17:00,472.5,213.75,686.25
2023-07-13 13:18:00,502.5,191.25,693.75
2023-07-13 13:19:00,491.25,236.25,727.5
2023-07-13 13:20:00,506.25,202.5,708.75
2023-07-13 13:21:00,480.0,243.75,723.75
2023-07-13 13:22:00,551.25,153.75,705.0
2023-07-13 13:23:00,562.5,161.25,723.75
2023-07-13 13:24:00,611.25,78.75,690.0
2023-07-13 13:25:00,626.25,71.25,697.5
2023-07-13 13:26:00,708.75,-135.0,573.75
2023-07-13 13:27:00,720.0,-153.75,566.25
2023-07-13 13:28:00,832.5,-363.75,468.75
2023-07-13 13:29:00,791.25,-285.0,506.25
2023-07-13 13:30:00,787.5,-315.0,472.5
2023-07-13 13:31:00,843.75,-457.5,386.25
2023-07-13 13:32:00,787.5,-210.0,577.5
2023-07-13 13:33:00,836.25,-225.0,611.25
2023-07-13 13:34:00,787.5,-63.75,723.75
2023-07-13 13:35:00,675.0,217.5,892.5
2023-07-13 13:36:00,772.5,30.0,802.5
2023-07-13 13:37:00,768.75,-3.75,765.0
2023-07-13 13:38:00,810.0,-105.0,705.0
2023-07-13 13:39:00,806.25,-157.5,648.75
2023-07-13 13:40:00,802.5,-138.75,663.75
2023-07-13 13:41:00,783.75,-22.5,761.25
2023-07-13 13:42:00,873.75,-206.25,667.5
2023-07-13 13:43:00,963.75,-378.75,585.0
2023-07-13 13:44:00,922.5,-288.75,633.75
2023-07-13 13:45:00,926.25,-378.75,547.5
2023-07-13 13:46:00,907.5,-333.75,573.75
2023-07-13 13:47:00,892.5,-221.25,671.25
2023-07-13 13:48:00,881.25,-123.75,757.5
2023-07-13 13:49:00,911.25,-217.5,693.75
2023-07-13 13:50:00,896.25,-172.5,723.75
2023-07-13 13:51:00,915.0,-225.0,690.0
2023-07-13 13:52:00,978.75,-352.5,626.25
2023-07-13 13:53:00,1023.75,-585.0,438.75
2023-07-13 13:54:00,1057.5,-607.5,450.0
2023-07-13 13:55:00,1080.0,-903.75,176.25
2023-07-13 13:56:00,1140.0,-986.25,153.75
2023-07-13 13:57:00,1057.5,-813.75,243.75
2023-07-13 13:58:00,1387.5,-1166.25,221.25
2023-07-13 13:59:00,1473.75,-1278.75,195.0
2023-07-13 14:00:00,1650.0,-1477.5,172.5
2023-07-13 14:01:00,1556.25,-1353.75,202.5
2023-07-13 14:02:00,1792.5,-1560.0,232.5
2023-07-13 14:03:00,1785.0,-1466.25,318.75
2023-07-13 14:04:00,1878.75,-1515.0,363.75
2023-07-13 14:05:00,1710.0,-1293.75,416.25
2023-07-13 14:06:00,1698.75,-1188.75,510.0
2023-07-13 14:07:00,1927.5,-1447.5,480.0
2023-07-13 14:08:00,1875.0,-1282.5,592.5
2023-07-13 14:09:00,2205.0,-1980.0,225.0
2023-07-13 14:10:00,2366.25,-2730.0,-363.75
2023-07-13 14:11:00,2366.25,-2745.0,-378.75
2023-07-13 14:12:00,2317.5,-2677.5,-360.0
2023-07-13 14:13:00,2430.0,-2771.25,-341.25
2023-07-13 14:14:00,2520.0,-2827.5,-307.5
2023-07-13 14:15:00,2546.25,-2838.75,-292.5
2023-07-13 14:16:00,2591.25,-2906.25,-315.0
2023-07-13 14:17:00,2651.25,-2970.0,-318.75
2023-07-13 14:18:00,2632.5,-2835.0,-202.5
2023-07-13 14:19:00,2598.75,-2857.5,-258.75
2023-07-13 14:20:00,2602.5,-2835.0,-232.5
2023-07-13 14:21:00,2456.25,-2595.0,-138.75
2023-07-13 14:22:00,2482.5,-2535.0,-52.5
2023-07-13 14:23:00,2493.75,-2576.25,-82.5
2023-07-13 14:24:00,2385.0,-2508.75,-123.75
2023-07-13 14:25:00,2565.0,-2610.0,-45.0
2023-07-13 14:26:00,2373.75,-2482.5,-108.75
2023-07-13 14:27:00,2460.0,-2531.25,-71.25
2023-07-13 14:28:00,2475.0,-2527.5,-52.5
2023-07-13 14:29:00,2433.75,-2486.25,-52.5
2023-07-13 14:30:00,2520.0,-2516.25,3.75
2023-07-13 14:31:00,2452.5,-2486.25,-33.75
2023-07-13 14:32:00,2508.75,-2501.25,7.5
2023-07-13 14:33:00,2565.0,-2523.75,41.25
2023-07-13 14:34:00,2542.5,-2497.5,45.0
2023-07-13 14:35:00,2703.75,-2587.5,116.25
2023-07-13 14:36:00,2745.0,-2610.0,135.0
2023-07-13 14:37:00,2808.75,-2658.75,150.0
2023-07-13 14:38:00,2835.0,-2688.75,146.25
2023-07-13 14:39:00,2846.25,-2666.25,180.0
2023-07-13 14:40:00,2850.0,-2696.25,153.75
2023-07-13 14:41:00,2876.25,-2715.0,161.25
2023-07-13 14:42:00,2883.75,-2756.25,127.5
2023-07-13 14:43:00,2902.5,-2861.25,41.25
2023-07-13 14:44:00,2925.0,-2917.5,7.5
2023-07-13 14:45:00,2925.0,-2917.5,7.5
2023-07-13 14:46:00,2925.0,-3052.5,-127.5
2023-07-13 14:47:00,2928.75,-2962.5,-33.75
2023-07-13 14:48:00,2910.0,-2658.75,251.25
2023-07-13 14:49:00,2913.75,-2741.25,172.5
2023-07-13 14:50:00,2906.25,-2733.75,172.5
2023-07-13 14:51:00,2913.75,-2711.25,202.5
2023-07-13 14:52:00,2917.5,-2913.75,3.75
2023-07-13 14:53:00,2940.0,-3187.5,-247.5
2023-07-13 14:54:00,2936.25,-3270.0,-333.75
2023-07-13 14:55:00,2951.25,-3596.25,-645.0
2023-07-13 14:56:00,2951.25,-3498.75,-547.5
2023-07-13 14:57:00,2951.25,-3378.75,-427.5
2023-07-13 14:58:00,2951.25,-3382.5,-431.25
2023-07-13 14:59:00,2955.0,-3303.75,-348.75
2023-07-13 15:00:00,2932.5,-3528.75,-596.25
2023-07-13 15:01:00,2943.75,-3562.5,-618.75
2023-07-13 15:02:00,2962.5,-3408.75,-446.25
2023-07-13 15:03:00,2973.75,-3626.25,-652.5
2023-07-13 15:04:00,2977.5,-3675.0,-697.5
2023-07-13 15:05:00,2973.75,-2906.25,67.5
2023-07-13 15:06:00,2988.75,-2613.75,375.0
2023-07-13 15:07:00,2996.25,-2617.5,378.75
2023-07-13 15:08:00,2992.5,-3037.5,-45.0
2023-07-13 15:09:00,2996.25,-2831.25,165.0
2023-07-13 15:10:00,3000.0,-2662.5,337.5
2023-07-13 15:11:00,3000.0,-2602.5,397.5
2023-07-13 15:12:00,3007.5,-2617.5,390.0
2023-07-13 15:13:00,3003.75,-2478.75,525.0
2023-07-13 15:14:00,3000.0,-2385.0,615.0
2023-07-13 15:15:00,3003.75,-2347.5,656.25
2023-07-13 15:16:00,3011.25,-2343.75,667.5
2023-07-13 15:17:00,3011.25,-2336.25,675.0
2023-07-13 15:18:00,3003.75,-2332.5,671.25
2023-07-13 15:19:00,3011.25,-2332.5,678.75
2023-07-13 15:20:00,3011.25,-2332.5,678.75
2023-07-13 15:21:00,3011.25,-2332.5,678.75
2023-07-13 15:22:00,3011.25,-2332.5,678.75
2023-07-13 15:23:00,3011.25,-2332.5,678.75
2023-07-13 15:24:00,3011.25,-2332.5,678.75
2023-07-13 15:25:00,3011.25,-2332.5,678.75
2023-07-13 15:26:00,3011.25,-2332.5,678.75
2023-07-13 15:27:00,3011.25,-2332.5,678.75
2023-07-13 15:28:00,3011.25,-2332.5,678.75
2023-07-13 15:29:00,3011.25,-2332.5,678.75
2023-07-13 15:30:00,3011.25,-2332.5,678.75
2023-07-20 10:15:00,0.0,0.0,0.0
2023-07-20 10:16:00,75.0,-90.0,-15.0
2023-07-20 10:17:00,-90.0,153.75,63.75
2023-07-20 10:18:00,-210.0,326.25,116.25
2023-07-20 10:19:00,-408.75,431.25,22.5
2023-07-20 10:20:00,-506.25,483.75,-22.5
2023-07-20 10:21:00,-285.0,292.5,7.5
2023-07-20 10:22:00,-382.5,435.0,52.5
2023-07-20 10:23:00,-502.5,476.25,-26.25
2023-07-20 10:24:00,-498.75,465.0,-33.75
2023-07-20 10:25:00,-622.5,573.75,-48.75
2023-07-20 10:26:00,-675.0,626.25,-48.75
2023-07-20 10:27:00,-768.75,716.25,-52.5
2023-07-20 10:28:00,-885.0,776.25,-108.75
2023-07-20 10:29:00,-652.5,656.25,3.75
2023-07-20 10:30:00,-918.75,772.5,-146.25
2023-07-20 10:31:00,-862.5,750.0,-112.5
2023-07-20 10:32:00,-1177.5,847.5,-330.0
2023-07-20 10:33:00,-1091.25,817.5,-273.75
2023-07-20 10:34:00,-1012.5,798.75,-213.75
2023-07-20 10:35:00,-1410.0,907.5,-502.5
2023-07-20 10:36:00,-1038.75,768.75,-270.0
2023-07-20 10:37:00,-993.75,757.5,-236.25
2023-07-20 10:38:00,-885.0,697.5,-187.5
2023-07-20 10:39:00,-1008.75,791.25,-217.5
2023-07-20 10:40:00,-1008.75,791.25,-217.5
2023-07-20 10:41:00,-847.5,693.75,-153.75
2023-07-20 10:42:00,-873.75,690.0,-183.75
2023-07-20 10:43:00,-990.0,750.0,-240.0
2023-07-20 10:44:00,-1083.75,765.0,-318.75
2023-07-20 10:45:00,-855.0,693.75,-161.25
2023-07-20 10:46:00,-656.25,618.75,-37.5
2023-07-20 10:47:00,-787.5,693.75,-93.75
2023-07-20 10:48:00,-945.0,757.5,-187.5
2023-07-20 10:49:00,-806.25,686.25,-120.0
2023-07-20 10:50:00,-866.25,735.0,-131.25
2023-07-20 10:51:00,-768.75,682.5,-86.25
2023-07-20 10:52:00,-750.0,671.25,-78.75
2023-07-20 10:53:00,-825.0,697.5,-127.5
2023-07-20 10:54:00,-828.75,723.75,-105.0
2023-07-20 10:55:00,-1035.0,821.25,-213.75
2023-07-20 10:56:00,-1117.5,885.0,-232.5
2023-07-20 10:57:00,-1110.0,851.25,-258.75
2023-07-20 10:58:00,-1016.25,825.0,-191.25
2023-07-20 10:59:00,-971.25,810.0,-161.25
2023-07-20 11:00:00,-787.5,742.5,-45.0
2023-07-20 11:01:00,-810.0,757.5,-52.5
2023-07-20 11:02:00,-783.75,753.75,-30.0
2023-07-20 11:03:00,-896.25,817.5,-78.75
2023-07-20 11:04:00,-978.75,840.0,-138.75
2023-07-20 11:05:00,-930.0,825.0,-105.0
2023-07-20 11:06:00,-926.25,813.75,-112.5
2023-07-20 11:07:00,-873.75,821.25,-52.5
2023-07-20 11:08:00,-881.25,791.25,-90.0
2023-07-20 11:09:00,-877.5,802.5,-75.0
2023-07-20 11:10:00,-847.5,791.25,-56.25
2023-07-20 11:11:00,-802.5,776.25,-26.25
2023-07-20 11:12:00,-727.5,765.0,37.5
2023-07-20 11:13:00,-723.75,757.5,33.75
2023-07-20 11:14:00,-772.5,783.75,11.25
2023-07-20 11:15:00,-701.25,783.75,82.5
2023-07-20 11:16:00,-453.75,652.5,198.75
2023-07-20 11:17:00,-566.25,731.25,165.0
2023-07-20 11:18:00,-465.0,678.75,213.75
2023-07-20 11:19:00,-420.0,675.0,255.0
2023-07-20 11:20:00,-285.0,607.5,322.5
2023-07-20 11:21:00,-435.0,663.75,228.75
2023-07-20 11:22:00,-416.25,682.5,266.25
2023-07-20 11:23:00,-412.5,671.25,258.75
2023-07-20 11:24:00,-420.0,693.75,273.75
2023-07-20 11:25:00,-581.25,802.5,221.25
2023-07-20 11:26:00,-570.0,787.5,217.5
2023-07-20 11:27:00,-705.0,858.75,153.75
2023-07-20 11:28:00,-611.25,813.75,202.5
2023-07-20 11:29:00,-663.75,847.5,183.75
2023-07-20 11:30:00,-746.25,896.25,150.0
2023-07-20 11:31:00,-757.5,881.25,123.75
2023-07-20 11:32:00,-753.75,888.75,135.0
2023-07-20 11:33:00,-738.75,885.0,146.25
2023-07-20 11:34:00,-757.5,885.0,127.5
2023-07-20 11:35:00,-825.0,922.5,97.5
2023-07-20 11:36:00,-682.5,870.0,187.5
2023-07-20 11:37:00,-783.75,892.5,108.75
2023-07-20 11:38:00,-903.75,918.75,15.0
2023-07-20 11:39:00,-798.75,888.75,90.0
2023-07-20 11:40:00,-963.75,1005.0,41.25
2023-07-20 11:41:00,-896.25,978.75,82.5
2023-07-20 11:42:00,-915.0,975.0,60.0
2023-07-20 11:43:00,-787.5,930.0,142.5
2023-07-20 11:44:00,-768.75,915.0,146.25
2023-07-20 11:45:00,-783.75,933.75,150.0
2023-07-20 11:46:00,-772.5,918.75,146.25
2023-07-20 11:47:00,-840.0,941.25,101.25
2023-07-20 11:48:00,-611.25,847.5,236.25
2023-07-20 11:49:00,-656.25,855.0,198.75
2023-07-20 11:50:00,-637.5,881.25,243.75
2023-07-20 11:51:00,-581.25,866.25,285.0
2023-07-20 11:52:00,-720.0,918.75,198.75
2023-07-20 11:53:00,-678.75,903.75,225.0
2023-07-20 11:54:00,-723.75,937.5,213.75
2023-07-20 11:55:00,-952.5,1038.75,86.25
2023-07-20 11:56:00,-851.25,1001.25,150.0
2023-07-20 11:57:00,-855.0,1005.0,150.0
2023-07-20 11:58:00,-1211.25,1177.5,-33.75
2023-07-20 11:59:00,-1226.25,1177.5,-48.75
2023-07-20 12:00:00,-1196.25,1177.5,-18.75
2023-07-20 12:01:00,-1158.75,1140.0,-18.75
2023-07-20 12:02:00,-1106.25,1091.25,-15.0
2023-07-20 12:03:00,-1068.75,1076.25,7.5
2023-07-20 12:04:00,-1042.5,1020.0,-22.5
2023-07-20 12:05:00,-1083.75,1087.5,3.75
2023-07-20 12:06:00,-1023.75,1035.0,11.25
2023-07-20 12:07:00,-1605.0,1627.5,22.5
2023-07-20 12:08:00,-1980.0,1863.75,-116.25
2023-07-20 12:09:00,-1818.75,1826.25,7.5
2023-07-20 12:10:00,-1968.75,1912.5,-56.25
2023-07-20 12:11:00,-1822.5,1841.25,18.75
2023-07-20 12:12:00,-1897.5,1815.0,-82.5
2023-07-20 12:13:00,-1976.25,1867.5,-108.75
2023-07-20 12:14:00,-1747.5,1781.25,33.75
2023-07-20 12:15:00,-1781.25,1766.25,-15.0
2023-07-20 12:16:00,-1522.5,1657.5,135.0
2023-07-20 12:17:00,-1578.75,1687.5,108.75
2023-07-20 12:18:00,-1563.75,1668.75,105.0
2023-07-20 12:19:00,-1578.75,1698.75,120.0
2023-07-20 12:20:00,-1593.75,1698.75,105.0
2023-07-20 12:21:00,-1642.5,1728.75,86.25
2023-07-20 12:22:00,-1691.25,1732.5,41.25
2023-07-20 12:23:00,-1927.5,1848.75,-78.75
2023-07-20 12:24:00,-1871.25,1878.75,7.5
2023-07-20 12:25:00,-1747.5,1833.75,86.25
2023-07-20 12:26:00,-1781.25,1826.25,45.0
2023-07-20 12:27:00,-1755.0,1800.0,45.0
2023-07-20 12:28:00,-1706.25,1800.0,93.75
2023-07-20 12:29:00,-1770.0,1841.25,71.25
2023-07-20 12:30:00,-1942.5,1927.5,-15.0
2023-07-20 12:31:00,-1931.25,2025.0,93.75
2023-07-20 12:32:00,-1860.0,1998.75,138.75
2023-07-20 12:33:00,-1721.25,1953.75,232.5
2023-07-20 12:34:00,-1751.25,1931.25,180.0
2023-07-20 12:35:00,-1923.75,2021.25,97.5
2023-07-20 12:36:00,-2130.0,2156.25,26.25
2023-07-20 12:37:00,-1976.25,2077.5,101.25
2023-07-20 12:38:00,-1875.0,2002.5,127.5
2023-07-20 12:39:00,-1961.25,2040.0,78.75
2023-07-20 12:40:00,-1991.25,2032.5,41.25
2023-07-20 12:41:00,-1950.0,1968.75,18.75
2023-07-20 12:42:00,-1965.0,2040.0,75.0
2023-07-20 12:43:00,-2021.25,2062.5,41.25
2023-07-20 12:44:00,-2025.0,2032.5,7.5
2023-07-20 12:45:00,-1998.75,2010.0,11.25
2023-07-20 12:46:00,-2088.75,2058.75,-30.0
2023-07-20 12:47:00,-2231.25,2073.75,-157.5
2023-07-20 12:48:00,-2118.75,2036.25,-82.5
2023-07-20 12:49:00,-2186.25,2088.75,-97.5
2023-07-20 12:50:00,-2208.75,2066.25,-142.5
2023-07-20 12:51:00,-2250.0,2055.0,-195.0
2023-07-20 12:52:00,-2145.0,2040.0,-105.0
2023-07-20 12:53:00,-2223.75,2055.0,-168.75
2023-07-20 12:54:00,-2411.25,2167.5,-243.75
2023-07-20 12:55:00,-2771.25,2178.75,-592.5
2023-07-20 12:56:00,-2733.75,2137.5,-596.25
2023-07-20 12:57:00,-2670.0,2148.75,-521.25
2023-07-20 12:58:00,-2666.25,2130.0,-536.25
2023-07-20 12:59:00,-2861.25,2190.0,-671.25
2023-07-20 13:00:00,-2752.5,2141.25,-611.25
2023-07-20 13:01:00,-2358.75,1995.0,-363.75
2023-07-20 13:02:00,-2666.25,2096.25,-570.0
2023-07-20 13:03:00,-2621.25,2077.5,-543.75
2023-07-20 13:04:00,-2677.5,2081.25,-596.25
2023-07-20 13:05:00,-2677.5,2115.0,-562.5
2023-07-20 13:06:00,-2883.75,2313.75,-570.0
2023-07-20 13:07:00,-2767.5,2280.0,-487.5
2023-07-20 13:08:00,-2696.25,2216.25,-480.0
2023-07-20 13:09:00,-2542.5,2145.0,-397.5
2023-07-20 13:10:00,-2512.5,2133.75,-378.75
2023-07-20 13:11:00,-2700.0,2193.75,-506.25
2023-07-20 13:12:00,-2640.0,2193.75,-446.25
2023-07-20 13:13:00,-2568.75,2167.5,-401.25
2023-07-20 13:14:00,-2636.25,2216.25,-420.0
2023-07-20 13:15:00,-2715.0,2313.75,-401.25
2023-07-20 13:16:00,-2790.0,2343.75,-446.25
2023-07-20 13:17:00,-3063.75,2595.0,-468.75
2023-07-20 13:18:00,-3082.5,2553.75,-528.75
2023-07-20 13:19:00,-3150.0,2643.75,-506.25
2023-07-20 13:20:00,-3165.0,2621.25,-543.75
2023-07-20 13:21:00,-3063.75,2557.5,-506.25
2023-07-20 13:22:00,-3112.5,2546.25,-566.25
2023-07-20 13:23:00,-3097.5,2497.5,-600.0
2023-07-20 13:24:00,-3056.25,2456.25,-600.0
2023-07-20 13:25:00,-3138.75,2520.0,-618.75
2023-07-20 13:26:00,-3138.75,2527.5,-611.25
2023-07-20 13:27:00,-3056.25,2505.0,-551.25
2023-07-20 13:28:00,-3131.25,2512.5,-618.75
2023-07-20 13:29:00,-3202.5,2576.25,-626.25
2023-07-20 13:30:00,-3048.75,2501.25,-547.5
2023-07-20 13:31:00,-3131.25,2512.5,-618.75
2023-07-20 13:32:00,-3483.75,2673.75,-810.0
2023-07-20 13:33:00,-3667.5,2700.0,-967.5
2023-07-20 13:34:00,-3712.5,2707.5,-1005.0
2023-07-20 13:35:00,-3570.0,2685.0,-885.0
2023-07-20 13:36:00,-3221.25,2602.5,-618.75
2023-07-20 13:37:00,-3258.75,2632.5,-626.25
2023-07-20 13:38:00,-2913.75,2508.75,-405.0
2023-07-20 13:39:00,-2373.75,2298.75,-75.0
2023-07-20 13:40:00,-2388.75,2355.0,-33.75
2023-07-20 13:41:00,-2355.0,2328.75,-26.25
2023-07-20 13:42:00,-2392.5,2388.75,-3.75
2023-07-20 13:43:00,-2463.75,2445.0,-18.75
2023-07-20 13:44:00,-2662.5,2568.75,-93.75
2023-07-20 13:45:00,-2801.25,2598.75,-202.5
2023-07-20 13:46:00,-3048.75,2767.5,-281.25
2023-07-20 13:47:00,-2966.25,2756.25,-210.0
2023-07-20 13:48:00,-2921.25,2711.25,-210.0
2023-07-20 13:49:00,-2955.0,2726.25,-228.75
2023-07-20 13:50:00,-2917.5,2692.5,-225.0
2023-07-20 13:51:00,-2748.75,2625.0,-123.75
2023-07-20 13:52:00,-2876.25,2677.5,-198.75
2023-07-20 13:53:00,-3108.75,2733.75,-375.0
2023-07-20 13:54:00,-3206.25,2771.25,-435.0
2023-07-20 13:55:00,-3300.0,2782.5,-517.5
2023-07-20 13:56:00,-3363.75,2797.5,-566.25
2023-07-20 13:57:00,-3416.25,2936.25,-480.0
2023-07-20 13:58:00,-3720.0,3007.5,-712.5
2023-07-20 13:59:00,-3513.75,2958.75,-555.0
2023-07-20 14:00:00,-3622.5,2962.5,-660.0
2023-07-20 14:01:00,-4158.75,3510.0,-648.75
2023-07-20 14:02:00,-4121.25,3472.5,-648.75
2023-07-20 14:03:00,-4331.25,3757.5,-573.75
2023-07-20 14:04:00,-4398.75,3735.0,-663.75
2023-07-20 14:05:00,-4515.0,3941.25,-573.75
2023-07-20 14:06:00,-4057.5,3667.5,-390.0
2023-07-20 14:07:00,-4162.5,3656.25,-506.25
2023-07-20 14:08:00,-4278.75,3798.75,-480.0
2023-07-20 14:09:00,-4080.0,3585.0,-495.0
2023-07-20 14:10:00,-3795.0,3547.5,-247.5
2023-07-20 14:11:00,-4203.75,3776.25,-427.5
2023-07-20 14:12:00,-4245.0,3855.0,-390.0
2023-07-20 14:13:00,-4248.75,3982.5,-266.25
2023-07-20 14:14:00,-4162.5,3828.75,-333.75
2023-07-20 14:15:00,-4387.5,4061.25,-326.25
2023-07-20 14:16:00,-4320.0,3997.5,-322.5
2023-07-20 14:17:00,-4601.25,4353.75,-247.5
2023-07-20 14:18:00,-4207.5,3930.0,-277.5
2023-07-20 14:19:00,-4338.75,4046.25,-292.5
2023-07-20 14:20:00,-4350.0,4117.5,-232.5
2023-07-20 14:21:00,-4623.75,4406.25,-217.5
2023-07-20 14:22:00,-4968.75,4657.5,-311.25
2023-07-20 14:23:00,-4890.0,4612.5,-277.5
2023-07-20 14:24:00,-5137.5,4740.0,-397.5
2023-07-20 14:25:00,-5010.0,4687.5,-322.5
2023-07-20 14:26:00,-5167.5,4807.5,-360.0
2023-07-20 14:27:00,-6007.5,5133.75,-873.75
2023-07-20 14:28:00,-6243.75,5182.5,-1061.25
2023-07-20 14:29:00,-6543.75,5283.75,-1260.0
2023-07-20 14:30:00,-6363.75,5268.75,-1095.0
2023-07-20 14:31:00,-6540.0,5430.0,-1110.0
2023-07-20 14:32:00,-6401.25,5347.5,-1053.75
2023-07-20 14:33:00,-6540.0,5456.25,-1083.75
2023-07-20 14:34:00,-6371.25,5415.0,-956.25
2023-07-20 14:35:00,-5850.0,5216.25,-633.75
2023-07-20 14:36:00,-6277.5,5381.25,-896.25
2023-07-20 14:37:00,-6348.75,5373.75,-975.0
2023-07-20 14:38:00,-6423.75,5426.25,-997.5
2023-07-20 14:39:00,-6618.75,5561.25,-1057.5
2023-07-20 14:40:00,-6431.25,5490.0,-941.25
2023-07-20 14:41:00,-6330.0,5430.0,-900.0
2023-07-20 14:42:00,-6356.25,5422.5,-933.75
2023-07-20 14:43:00,-5865.0,5152.5,-712.5
2023-07-20 14:44:00,-5827.5,5092.5,-735.0
2023-07-20 14:45:00,-5298.75,4818.75,-480.0
2023-07-20 14:46:00,-5711.25,5133.75,-577.5
2023-07-20 14:47:00,-5617.5,5002.5,-615.0
2023-07-20 14:48:00,-5208.75,4788.75,-420.0
2023-07-20 14:49:00,-4927.5,4680.0,-247.5
2023-07-20 14:50:00,-4766.25,4702.5,-63.75
2023-07-20 14:51:00,-5373.75,5321.25,-52.5
2023-07-20 14:52:00,-5182.5,5370.0,187.5
2023-07-20 14:53:00,-5182.5,5268.75,86.25
2023-07-20 14:54:00,-5088.75,5246.25,157.5
2023-07-20 14:55:00,-5081.25,5310.0,228.75
2023-07-20 14:56:00,-5208.75,5441.25,232.5
2023-07-20 14:57:00,-5013.75,5347.5,333.75
2023-07-20 14:58:00,-5336.25,5591.25,255.0
2023-07-20 14:59:00,-5370.0,5700.0,330.0
2023-07-20 15:00:00,-5295.0,5707.5,412.5
2023-07-20 15:01:00,-5242.5,5793.75,551.25
2023-07-20 15:02:00,-5580.0,6093.75,513.75
2023-07-20 15:03:00,-5542.5,6101.25,558.75
2023-07-20 15:04:00,-5887.5,6198.75,311.25
2023-07-20 15:05:00,-5538.75,6142.5,603.75
2023-07-20 15:06:00,-5700.0,6165.0,465.0
2023-07-20 15:07:00,-6288.75,6240.0,-48.75
2023-07-20 15:08:00,-6273.75,6240.0,-33.75
2023-07-20 15:09:00,-6356.25,6243.75,-112.5
2023-07-20 15:10:00,-6176.25,6243.75,67.5
2023-07-20 15:11:00,-6277.5,6258.75,-18.75
2023-07-20 15:12:00,-6487.5,6262.5,-225.0
2023-07-20 15:13:00,-6116.25,6266.25,150.0
2023-07-20 15:14:00,-6146.25,6266.25,120.0
2023-07-20 15:15:00,-6101.25,6270.0,168.75
2023-07-20 15:16:00,-6108.75,6270.0,161.25
2023-07-20 15:17:00,-5730.0,6277.5,547.5
2023-07-20 15:18:00,-6041.25,6270.0,228.75
2023-07-20 15:19:00,-6000.0,6281.25,281.25
2023-07-20 15:20:00,-5883.75,6273.75,390.0
2023-07-20 15:21:00,-5883.75,6273.75,390.0
2023-07-20 15:22:00,-5883.75,6273.75,390.0
2023-07-20 15:23:00,-5883.75,6273.75,390.0
2023-07-20 15:24:00,-5883.75,6273.75,390.0
2023-07-20 15:25:00,-5883.75,6273.75,390.0
2023-07-20 15:26:00,-5883.75,6273.75,390.0
2023-07-20 15:27:00,-5883.75,6273.75,390.0
2023-07-20 15:28:00,-5883.75,6273.75,390.0
2023-07-20 15:29:00,-5883.75,6273.75,390.0
2023-07-20 15:30:00,-5883.75,6273.75,390.0
2023-07-27 10:15:00,0.0,0.0,0.0
2023-07-27 10:16:00,-116.25,161.25,45.0
2023-07-27 10:17:00,-213.75,232.5,18.75
2023-07-27 10:18:00,-142.5,183.75,41.25
2023-07-27 10:19:00,-48.75,48.75,0.0
2023-07-27 10:20:00,-63.75,56.25,-7.5
2023-07-27 10:21:00,30.0,7.5,37.5
2023-07-27 10:22:00,-56.25,101.25,45.0
2023-07-27 10:23:00,-15.0,41.25,26.25
2023-07-27 10:24:00,-60.0,75.0,15.0
2023-07-27 10:25:00,-37.5,75.0,37.5
2023-07-27 10:26:00,-37.5,82.5,45.0
2023-07-27 10:27:00,-236.25,273.75,37.5
2023-07-27 10:28:00,-217.5,258.75,41.25
2023-07-27 10:29:00,-135.0,225.0,90.0
2023-07-27 10:30:00,-97.5,198.75,101.25
2023-07-27 10:31:00,-150.0,273.75,123.75
2023-07-27 10:32:00,-97.5,210.0,112.5
2023-07-27 10:33:00,135.0,-52.5,82.5
2023-07-27 10:34:00,202.5,-131.25,71.25
2023-07-27 10:35:00,161.25,-67.5,93.75
2023-07-27 10:36:00,108.75,-18.75,90.0
2023-07-27 10:37:00,172.5,-138.75,33.75
2023-07-27 10:38:00,176.25,-93.75,82.5
2023-07-27 10:39:00,131.25,-63.75,67.5
2023-07-27 10:40:00,82.5,-45.0,37.5
2023-07-27 10:41:00,101.25,-11.25,90.0
2023-07-27 10:42:00,333.75,-375.0,-41.25
2023-07-27 10:43:00,180.0,-86.25,93.75
2023-07-27 10:44:00,210.0,-210.0,0.0
2023-07-27 10:45:00,131.25,-90.0,41.25
2023-07-27 10:46:00,168.75,-176.25,-7.5
2023-07-27 10:47:00,138.75,-123.75,15.0
2023-07-27 10:48:00,60.0,-11.25,48.75
2023-07-27 10:49:00,146.25,-120.0,26.25
2023-07-27 10:50:00,176.25,-101.25,75.0
2023-07-27 10:51:00,52.5,22.5,75.0
2023-07-27 10:52:00,48.75,48.75,97.5
2023-07-27 10:53:00,15.0,75.0,90.0
2023-07-27 10:54:00,33.75,71.25,105.0
2023-07-27 10:55:00,270.0,-202.5,67.5
2023-07-27 10:56:00,101.25,56.25,157.5
2023-07-27 10:57:00,82.5,56.25,138.75
2023-07-27 10:58:00,206.25,-63.75,142.5
2023-07-27 10:59:00,273.75,-165.0,108.75
2023-07-27 11:00:00,348.75,-243.75,105.0
2023-07-27 11:01:00,472.5,-397.5,75.0
2023-07-27 11:02:00,442.5,-228.75,213.75
2023-07-27 11:03:00,506.25,-296.25,210.0
2023-07-27 11:04:00,517.5,-315.0,202.5
2023-07-27 11:05:00,611.25,-390.0,221.25
2023-07-27 11:06:00,480.0,-198.75,281.25
2023-07-27 11:07:00,476.25,-258.75,217.5
2023-07-27 11:08:00,465.0,-172.5,292.5
2023-07-27 11:09:00,438.75,-97.5,341.25
2023-07-27 11:10:00,521.25,-240.0,281.25
2023-07-27 11:11:00,498.75,-247.5,251.25
2023-07-27 11:12:00,536.25,-296.25,240.0
2023-07-27 11:13:00,480.0,-206.25,273.75
2023-07-27 11:14:00,431.25,-138.75,292.5
2023-07-27 11:15:00,626.25,-431.25,195.0
2023-07-27 11:16:00,817.5,-855.0,-37.5
2023-07-27 11:17:00,798.75,-776.25,22.5
2023-07-27 11:18:00,881.25,-1072.5,-191.25
2023-07-27 11:19:00,817.5,-843.75,-26.25
2023-07-27 11:20:00,806.25,-843.75,-37.5
2023-07-27 11:21:00,780.0,-828.75,-48.75
2023-07-27 11:22:00,806.25,-840.0,-33.75
2023-07-27 11:23:00,918.75,-1455.0,-536.25
2023-07-27 11:24:00,960.0,-1691.25,-731.25
2023-07-27 11:25:00,963.75,-1623.75,-660.0
2023-07-27 11:26:00,960.0,-1848.75,-888.75
2023-07-27 11:27:00,982.5,-1980.0,-997.5
2023-07-27 11:28:00,1267.5,-2486.25,-1218.75
2023-07-27 11:29:00,1252.5,-2505.0,-1252.5
2023-07-27 11:30:00,1091.25,-2160.0,-1068.75
2023-07-27 11:31:00,986.25,-2100.0,-1113.75
2023-07-27 11:32:00,956.25,-1916.25,-960.0
2023-07-27 11:33:00,1245.0,-2336.25,-1091.25
2023-07-27 11:34:00,1166.25,-2362.5,-1196.25
2023-07-27 11:35:00,1335.0,-2655.0,-1320.0
2023-07-27 11:36:00,1012.5,-2107.5,-1095.0
2023-07-27 11:37:00,956.25,-2055.0,-1098.75
2023-07-27 11:38:00,948.75,-1991.25,-1042.5
2023-07-27 11:39:00,978.75,-2062.5,-1083.75
2023-07-27 11:40:00,870.0,-1938.75,-1068.75
2023-07-27 11:41:00,941.25,-1815.0,-873.75
2023-07-27 11:42:00,907.5,-1796.25,-888.75
2023-07-27 11:43:00,1087.5,-2212.5,-1125.0
2023-07-27 11:44:00,1065.0,-2115.0,-1050.0
2023-07-27 11:45:00,1050.0,-2178.75,-1128.75
2023-07-27 11:46:00,1065.0,-2148.75,-1083.75
2023-07-27 11:47:00,1196.25,-2272.5,-1076.25
2023-07-27 11:48:00,1042.5,-1968.75,-926.25
2023-07-27 11:49:00,1061.25,-2017.5,-956.25
2023-07-27 11:50:00,1440.0,-2595.0,-1155.0
2023-07-27 11:51:00,1638.75,-2876.25,-1237.5
2023-07-27 11:52:00,1578.75,-2606.25,-1027.5
2023-07-27 11:53:00,1473.75,-2415.0,-941.25
2023-07-27 11:54:00,1346.25,-2152.5,-806.25
2023-07-27 11:55:00,1196.25,-1852.5,-656.25
2023-07-27 11:56:00,1065.0,-1702.5,-637.5
2023-07-27 11:57:00,1008.75,-1545.0,-536.25
2023-07-27 11:58:00,1076.25,-1710.0,-633.75
2023-07-27 11:59:00,888.75,-1350.0,-461.25
2023-07-27 12:00:00,937.5,-1372.5,-435.0
2023-07-27 12:01:00,986.25,-1481.25,-495.0
2023-07-27 12:02:00,795.0,-1263.75,-468.75
2023-07-27 12:03:00,900.0,-1447.5,-547.5
2023-07-27 12:04:00,1080.0,-1770.0,-690.0
2023-07-27 12:05:00,1076.25,-1698.75,-622.5
2023-07-27 12:06:00,986.25,-1620.0,-633.75
2023-07-27 12:07:00,937.5,-1541.25,-603.75
2023-07-27 12:08:00,1087.5,-1728.75,-641.25
2023-07-27 12:09:00,993.75,-1533.75,-540.0
2023-07-27 12:10:00,1072.5,-1695.0,-622.5
2023-07-27 12:11:00,1042.5,-1601.25,-558.75
2023-07-27 12:12:00,1061.25,-1571.25,-510.0
2023-07-27 12:13:00,1095.0,-1601.25,-506.25
2023-07-27 12:14:00,993.75,-1492.5,-498.75
2023-07-27 12:15:00,1121.25,-1631.25,-510.0
2023-07-27 12:16:00,1166.25,-1758.75,-592.5
2023-07-27 12:17:00,1432.5,-2141.25,-708.75
2023-07-27 12:18:00,1301.25,-1957.5,-656.25
2023-07-27 12:19:00,1181.25,-1871.25,-690.0
2023-07-27 12:20:00,1080.0,-1642.5,-562.5
2023-07-27 12:21:00,990.0,-1556.25,-566.25
2023-07-27 12:22:00,1035.0,-1627.5,-592.5
2023-07-27 12:23:00,1023.75,-1608.75,-585.0
2023-07-27 12:24:00,1143.75,-1777.5,-633.75
2023-07-27 12:25:00,1042.5,-1605.0,-562.5
2023-07-27 12:26:00,1005.0,-1642.5,-637.5
2023-07-27 12:27:00,1278.75,-1998.75,-720.0
2023-07-27 12:28:00,1072.5,-1758.75,-686.25
2023-07-27 12:29:00,1068.75,-1680.0,-611.25
2023-07-27 12:30:00,1106.25,-1702.5,-596.25
2023-07-27 12:31:00,1211.25,-1931.25,-720.0
2023-07-27 12:32:00,1162.5,-1886.25,-723.75
2023-07-27 12:33:00,1098.75,-1781.25,-682.5
2023-07-27 12:34:00,1402.5,-2298.75,-896.25
2023-07-27 12:35:00,1541.25,-2516.25,-975.0
2023-07-27 12:36:00,1488.75,-2655.0,-1166.25
2023-07-27 12:37:00,1395.0,-2437.5,-1042.5
2023-07-27 12:38:00,1372.5,-2355.0,-982.5
2023-07-27 12:39:00,1417.5,-2523.75,-1106.25
2023-07-27 12:40:00,1740.0,-3206.25,-1466.25
2023-07-27 12:41:00,1500.0,-2628.75,-1128.75
2023-07-27 12:42:00,1496.25,-2767.5,-1271.25
2023-07-27 12:43:00,1432.5,-2583.75,-1151.25
2023-07-27 12:44:00,1342.5,-2403.75,-1061.25
2023-07-27 12:45:00,1335.0,-2317.5,-982.5
2023-07-27 12:46:00,1488.75,-2628.75,-1140.0
2023-07-27 12:47:00,1376.25,-2377.5,-1001.25
2023-07-27 12:48:00,1215.0,-2013.75,-798.75
2023-07-27 12:49:00,1162.5,-1908.75,-746.25
2023-07-27 12:50:00,1185.0,-1923.75,-738.75
2023-07-27 12:51:00,1072.5,-1687.5,-615.0
2023-07-27 12:52:00,1125.0,-1732.5,-607.5
2023-07-27 12:53:00,1185.0,-1788.75,-603.75
2023-07-27 12:54:00,1376.25,-2100.0,-723.75
2023-07-27 12:55:00,1481.25,-2227.5,-746.25
2023-07-27 12:56:00,1481.25,-2171.25,-690.0
2023-07-27 12:57:00,1402.5,-2066.25,-663.75
2023-07-27 12:58:00,1391.25,-2010.0,-618.75
2023-07-27 12:59:00,1605.0,-2430.0,-825.0
2023-07-27 13:00:00,1443.75,-2156.25,-712.5
2023-07-27 13:01:00,1428.75,-2085.0,-656.25
2023-07-27 13:02:00,1496.25,-2190.0,-693.75
2023-07-27 13:03:00,1965.0,-3086.25,-1121.25
2023-07-27 13:04:00,1908.75,-2827.5,-918.75
2023-07-27 13:05:00,2167.5,-3517.5,-1350.0
2023-07-27 13:06:00,2051.25,-3195.0,-1143.75
2023-07-27 13:07:00,2043.75,-2985.0,-941.25
2023-07-27 13:08:00,2088.75,-3270.0,-1181.25
2023-07-27 13:09:00,2006.25,-2887.5,-881.25
2023-07-27 13:10:00,1897.5,-2572.5,-675.0
2023-07-27 13:11:00,1830.0,-2535.0,-705.0
2023-07-27 13:12:00,1773.75,-2415.0,-641.25
2023-07-27 13:13:00,1751.25,-2175.0,-423.75
2023-07-27 13:14:00,1680.0,-2032.5,-352.5
2023-07-27 13:15:00,1488.75,-1728.75,-240.0
2023-07-27 13:16:00,1473.75,-1590.0,-116.25
2023-07-27 13:17:00,1477.5,-1563.75,-86.25
2023-07-27 13:18:00,1713.75,-1965.0,-251.25
2023-07-27 13:19:00,1346.25,-1301.25,45.0
2023-07-27 13:20:00,1275.0,-1076.25,198.75
2023-07-27 13:21:00,1170.0,-847.5,322.5
2023-07-27 13:22:00,1248.75,-821.25,427.5
2023-07-27 13:23:00,1710.0,-1263.75,446.25
2023-07-27 13:24:00,2062.5,-1916.25,146.25
2023-07-27 13:25:00,1841.25,-1436.25,405.0
2023-07-27 13:26:00,1965.0,-1653.75,311.25
2023-07-27 13:27:00,1901.25,-1635.0,266.25
2023-07-27 13:28:00,2130.0,-2145.0,-15.0
2023-07-27 13:29:00,2302.5,-2426.25,-123.75
2023-07-27 13:30:00,2418.75,-2737.5,-318.75
2023-07-27 13:31:00,2527.5,-3292.5,-765.0
2023-07-27 13:32:00,2418.75,-2887.5,-468.75
2023-07-27 13:33:00,2362.5,-2928.75,-566.25
2023-07-27 13:34:00,2591.25,-3945.0,-1353.75
2023-07-27 13:35:00,2583.75,-3828.75,-1245.0
2023-07-27 13:36:00,2505.0,-3585.0,-1080.0
2023-07-27 13:37:00,2508.75,-3637.5,-1128.75
2023-07-27 13:38:00,2411.25,-3420.0,-1008.75
2023-07-27 13:39:00,2527.5,-3600.0,-1072.5
2023-07-27 13:40:00,2553.75,-3641.25,-1087.5
2023-07-27 13:41:00,2565.0,-3660.0,-1095.0
2023-07-27 13:42:00,2505.0,-3562.5,-1057.5
2023-07-27 13:43:00,2531.25,-3600.0,-1068.75
2023-07-27 13:44:00,2520.0,-3543.75,-1023.75
2023-07-27 13:45:00,2508.75,-3577.5,-1068.75
2023-07-27 13:46:00,2475.0,-3525.0,-1050.0
2023-07-27 13:47:00,2471.25,-3558.75,-1087.5
2023-07-27 13:48:00,2523.75,-3622.5,-1098.75
2023-07-27 13:49:00,2546.25,-3592.5,-1046.25
2023-07-27 13:50:00,2812.5,-4005.0,-1192.5
2023-07-27 13:51:00,2775.0,-3768.75,-993.75
2023-07-27 13:52:00,2763.75,-3791.25,-1027.5
2023-07-27 13:53:00,2726.25,-3701.25,-975.0
2023-07-27 13:54:00,2673.75,-3600.0,-926.25
2023-07-27 13:55:00,2662.5,-3562.5,-900.0
2023-07-27 13:56:00,2598.75,-3450.0,-851.25
2023-07-27 13:57:00,2520.0,-3300.0,-780.0
2023-07-27 13:58:00,2610.0,-3390.0,-780.0
2023-07-27 13:59:00,2580.0,-3371.25,-791.25
2023-07-27 14:00:00,2640.0,-3405.0,-765.0
2023-07-27 14:01:00,2718.75,-3476.25,-757.5
2023-07-27 14:02:00,2722.5,-3416.25,-693.75
2023-07-27 14:03:00,2790.0,-3491.25,-701.25
2023-07-27 14:04:00,2913.75,-3521.25,-607.5
2023-07-27 14:05:00,2992.5,-3577.5,-585.0
2023-07-27 14:06:00,2958.75,-3472.5,-513.75
2023-07-27 14:07:00,3041.25,-3663.75,-622.5
2023-07-27 14:08:00,3022.5,-3555.0,-532.5
2023-07-27 14:09:00,3048.75,-3476.25,-427.5
2023-07-27 14:10:00,3007.5,-3506.25,-498.75
2023-07-27 14:11:00,2955.0,-3450.0,-495.0
2023-07-27 14:12:00,2988.75,-3468.75,-480.0
2023-07-27 14:13:00,2977.5,-3371.25,-393.75
2023-07-27 14:14:00,2947.5,-3217.5,-270.0
2023-07-27 14:15:00,2962.5,-3243.75,-281.25
2023-07-27 14:16:00,2883.75,-3090.0,-206.25
2023-07-27 14:17:00,2947.5,-3135.0,-187.5
2023-07-27 14:18:00,3071.25,-3502.5,-431.25
2023-07-27 14:19:00,3086.25,-3311.25,-225.0
2023-07-27 14:20:00,3150.0,-3562.5,-412.5
2023-07-27 14:21:00,3172.5,-3723.75,-551.25
2023-07-27 14:22:00,3180.0,-3825.0,-645.0
2023-07-27 14:23:00,3187.5,-3840.0,-652.5
2023-07-27 14:24:00,3183.75,-3671.25,-487.5
2023-07-27 14:25:00,3217.5,-3765.0,-547.5
2023-07-27 14:26:00,3225.0,-3708.75,-483.75
2023-07-27 14:27:00,3240.0,-3780.0,-540.0
2023-07-27 14:28:00,3240.0,-3911.25,-671.25
2023-07-27 14:29:00,3247.5,-3806.25,-558.75
2023-07-27 14:30:00,3240.0,-3761.25,-521.25
2023-07-27 14:31:00,3251.25,-3817.5,-566.25
2023-07-27 14:32:00,3262.5,-3960.0,-697.5
2023-07-27 14:33:00,3251.25,-4061.25,-810.0
2023-07-27 14:34:00,3247.5,-4207.5,-960.0
2023-07-27 14:35:00,3243.75,-4143.75,-900.0
2023-07-27 14:36:00,3247.5,-5103.75,-1856.25
2023-07-27 14:37:00,3243.75,-5632.5,-2388.75
2023-07-27 14:38:00,3236.25,-5666.25,-2430.0
2023-07-27 14:39:00,3236.25,-5775.0,-2538.75
2023-07-27 14:40:00,3240.0,-5831.25,-2591.25
2023-07-27 14:41:00,3236.25,-5692.5,-2456.25
2023-07-27 14:42:00,3243.75,-5610.0,-2366.25
2023-07-27 14:43:00,3247.5,-5662.5,-2415.0
2023-07-27 14:44:00,3251.25,-5681.25,-2430.0
2023-07-27 14:45:00,3258.75,-5182.5,-1923.75
2023-07-27 14:46:00,3258.75,-5298.75,-2040.0
2023-07-27 14:47:00,3322.5,-4995.0,-1672.5
2023-07-27 14:48:00,3337.5,-5115.0,-1777.5
2023-07-27 14:49:00,3322.5,-4998.75,-1676.25
2023-07-27 14:50:00,3315.0,-4822.5,-1507.5
2023-07-27 14:51:00,3307.5,-4890.0,-1582.5
2023-07-27 14:52:00,3292.5,-5332.5,-2040.0
2023-07-27 14:53:00,3307.5,-5576.25,-2268.75
2023-07-27 14:54:00,3322.5,-5621.25,-2298.75
2023-07-27 14:55:00,3330.0,-5662.5,-2332.5
2023-07-27 14:56:00,3326.25,-5377.5,-2051.25
2023-07-27 14:57:00,3326.25,-5572.5,-2246.25
2023-07-27 14:58:00,3326.25,-6221.25,-2895.0
2023-07-27 14:59:00,3322.5,-6300.0,-2977.5
2023-07-27 15:00:00,3318.75,-6247.5,-2928.75
2023-07-27 15:01:00,3307.5,-4766.25,-1458.75
2023-07-27 15:02:00,3311.25,-4533.75,-1222.5
2023-07-27 15:03:00,3333.75,-4920.0,-1586.25
2023-07-27 15:04:00,3348.75,-5385.0,-2036.25
2023-07-27 15:05:00,3360.0,-4721.25,-1361.25
2023-07-27 15:06:00,3371.25,-4556.25,-1185.0
2023-07-27 15:07:00,3378.75,-3716.25,-337.5
2023-07-27 15:08:00,3386.25,-4147.5,-761.25
2023-07-27 15:09:00,3382.5,-3866.25,-483.75
2023-07-27 15:10:00,3382.5,-3427.5,-45.0
2023-07-27 15:11:00,3378.75,-3746.25,-367.5
2023-07-27 15:12:00,3386.25,-3352.5,33.75
2023-07-27 15:13:00,3382.5,-2910.0,472.5
2023-07-27 15:14:00,3375.0,-2827.5,547.5
2023-07-27 15:15:00,3378.75,-2722.5,656.25
2023-07-27 15:16:00,3378.75,-2771.25,607.5
2023-07-27 15:17:00,3390.0,-2985.0,405.0
2023-07-27 15:18:00,3393.75,-2715.0,678.75
2023-07-27 15:19:00,3390.0,-2771.25,618.75
2023-07-27 15:20:00,3393.75,-2662.5,731.25
2023-07-27 15:21:00,3393.75,-2662.5,731.25
2023-07-27 15:22:00,3393.75,-2662.5,731.25
2023-07-27 15:23:00,3393.75,-2662.5,731.25
2023-07-27 15:24:00,3393.75,-2662.5,731.25
2023-07-27 15:25:00,3393.75,-2662.5,731.25
2023-07-27 15:26:00,3393.75,-2662.5,731.25
2023-07-27 15:27:00,3393.75,-2662.5,731.25
2023-07-27 15:28:00,3393.75,-2662.5,731.25
2023-07-27 15:29:00,3393.75,-2662.5,731.25
2023-07-27 15:30:00,3393.75,-2662.5,731.25
2023-08-03 10:15:00,0.0,0.0,0.0
2023-08-03 10:16:00,-22.5,60.0,37.5
2023-08-03 10:17:00,-41.25,67.5,26.25
2023-08-03 10:18:00,-63.75,123.75,60.0
2023-08-03 10:19:00,-236.25,352.5,116.25
2023-08-03 10:20:00,-247.5,326.25,78.75
2023-08-03 10:21:00,-97.5,165.0,67.5
2023-08-03 10:22:00,26.25,71.25,97.5
2023-08-03 10:23:00,-52.5,116.25,63.75
2023-08-03 10:24:00,-56.25,112.5,56.25
2023-08-03 10:25:00,-26.25,127.5,101.25
2023-08-03 10:26:00,15.0,71.25,86.25
2023-08-03 10:27:00,240.0,-157.5,82.5
2023-08-03 10:28:00,161.25,-82.5,78.75
2023-08-03 10:29:00,82.5,120.0,202.5
2023-08-03 10:30:00,18.75,127.5,146.25
2023-08-03 10:31:00,-37.5,232.5,195.0
2023-08-03 10:32:00,-22.5,176.25,153.75
2023-08-03 10:33:00,56.25,90.0,146.25
2023-08-03 10:34:00,75.0,60.0,135.0
2023-08-03 10:35:00,142.5,-15.0,127.5
2023-08-03 10:36:00,195.0,-45.0,150.0
2023-08-03 10:37:00,187.5,-11.25,176.25
2023-08-03 10:38:00,157.5,82.5,240.0
2023-08-03 10:39:00,86.25,198.75,285.0
2023-08-03 10:40:00,146.25,90.0,236.25
2023-08-03 10:41:00,161.25,101.25,262.5
2023-08-03 10:42:00,90.0,165.0,255.0
2023-08-03 10:43:00,90.0,157.5,247.5
2023-08-03 10:44:00,97.5,172.5,270.0
2023-08-03 10:45:00,116.25,150.0,266.25
2023-08-03 10:46:00,198.75,86.25,285.0
2023-08-03 10:47:00,105.0,195.0,300.0
2023-08-03 10:48:00,97.5,206.25,303.75
2023-08-03 10:49:00,262.5,127.5,390.0
2023-08-03 10:50:00,228.75,105.0,333.75
2023-08-03 10:51:00,213.75,161.25,375.0
2023-08-03 10:52:00,97.5,258.75,356.25
2023-08-03 10:53:00,97.5,243.75,341.25
2023-08-03 10:54:00,78.75,288.75,367.5
2023-08-03 10:55:00,-108.75,476.25,367.5
2023-08-03 10:56:00,-296.25,633.75,337.5
2023-08-03 10:57:00,-292.5,577.5,285.0
2023-08-03 10:58:00,-408.75,622.5,213.75
2023-08-03 10:59:00,-262.5,532.5,270.0
2023-08-03 11:00:00,-363.75,615.0,251.25
2023-08-03 11:01:00,-315.0,585.0,270.0
2023-08-03 11:02:00,-232.5,547.5,315.0
2023-08-03 11:03:00,-408.75,682.5,273.75
2023-08-03 11:04:00,-330.0,660.0,330.0
2023-08-03 11:05:00,-367.5,675.0,307.5
2023-08-03 11:06:00,-390.0,693.75,303.75
2023-08-03 11:07:00,-446.25,690.0,243.75
2023-08-03 11:08:00,-577.5,847.5,270.0
2023-08-03 11:09:00,-408.75,750.0,341.25
2023-08-03 11:10:00,-423.75,780.0,356.25
2023-08-03 11:11:00,-431.25,821.25,390.0
2023-08-03 11:12:00,-311.25,765.0,453.75
2023-08-03 11:13:00,-63.75,622.5,558.75
2023-08-03 11:14:00,-183.75,667.5,483.75
2023-08-03 11:15:00,-146.25,663.75,517.5
2023-08-03 11:16:00,-161.25,675.0,513.75
2023-08-03 11:17:00,48.75,536.25,585.0
2023-08-03 11:18:00,-82.5,671.25,588.75
2023-08-03 11:19:00,-18.75,641.25,622.5
2023-08-03 11:20:00,-11.25,603.75,592.5
2023-08-03 11:21:00,75.0,536.25,611.25
2023-08-03 11:22:00,60.0,566.25,626.25
2023-08-03 11:23:00,3.75,656.25,660.0
2023-08-03 11:24:00,-71.25,720.0,648.75
2023-08-03 11:25:00,-15.0,686.25,671.25
2023-08-03 11:26:00,0.0,693.75,693.75
2023-08-03 11:27:00,52.5,660.0,712.5
2023-08-03 11:28:00,78.75,637.5,716.25
2023-08-03 11:29:00,-52.5,712.5,660.0
2023-08-03 11:30:00,0.0,712.5,712.5
2023-08-03 11:31:00,-37.5,772.5,735.0
2023-08-03 11:32:00,-123.75,832.5,708.75
2023-08-03 11:33:00,-131.25,806.25,675.0
2023-08-03 11:34:00,22.5,723.75,746.25
2023-08-03 11:35:00,108.75,667.5,776.25
2023-08-03 11:36:00,82.5,678.75,761.25
2023-08-03 11:37:00,225.0,626.25,851.25
2023-08-03 11:38:00,120.0,671.25,791.25
2023-08-03 11:39:00,97.5,708.75,806.25
2023-08-03 11:40:00,-18.75,798.75,780.0
2023-08-03 11:41:00,26.25,750.0,776.25
2023-08-03 11:42:00,71.25,742.5,813.75
2023-08-03 11:43:00,33.75,780.0,813.75
2023-08-03 11:44:00,-26.25,810.0,783.75
2023-08-03 11:45:00,-26.25,787.5,761.25
2023-08-03 11:46:00,-101.25,828.75,727.5
2023-08-03 11:47:00,-52.5,795.0,742.5
2023-08-03 11:48:00,105.0,708.75,813.75
2023-08-03 11:49:00,93.75,731.25,825.0
2023-08-03 11:50:00,183.75,648.75,832.5
2023-08-03 11:51:00,195.0,708.75,903.75
2023-08-03 11:52:00,135.0,765.0,900.0
2023-08-03 11:53:00,270.0,652.5,922.5
2023-08-03 11:54:00,262.5,678.75,941.25
2023-08-03 11:55:00,228.75,697.5,926.25
2023-08-03 11:56:00,225.0,663.75,888.75
2023-08-03 11:57:00,236.25,671.25,907.5
2023-08-03 11:58:00,240.0,671.25,911.25
2023-08-03 11:59:00,243.75,682.5,926.25
2023-08-03 12:00:00,232.5,686.25,918.75
2023-08-03 12:01:00,277.5,652.5,930.0
2023-08-03 12:02:00,243.75,671.25,915.0
2023-08-03 12:03:00,446.25,502.5,948.75
2023-08-03 12:04:00,386.25,562.5,948.75
2023-08-03 12:05:00,521.25,375.0,896.25
2023-08-03 12:06:00,476.25,483.75,960.0
2023-08-03 12:07:00,465.0,446.25,911.25
2023-08-03 12:08:00,438.75,540.0,978.75
2023-08-03 12:09:00,431.25,573.75,1005.0
2023-08-03 12:10:00,472.5,528.75,1001.25
2023-08-03 12:11:00,495.0,498.75,993.75
2023-08-03 12:12:00,517.5,502.5,1020.0
2023-08-03 12:13:00,536.25,487.5,1023.75
2023-08-03 12:14:00,607.5,405.0,1012.5
2023-08-03 12:15:00,701.25,202.5,903.75
2023-08-03 12:16:00,716.25,67.5,783.75
2023-08-03 12:17:00,697.5,150.0,847.5
2023-08-03 12:18:00,731.25,86.25,817.5
2023-08-03 12:19:00,753.75,63.75,817.5
2023-08-03 12:20:00,753.75,22.5,776.25
2023-08-03 12:21:00,825.0,-202.5,622.5
2023-08-03 12:22:00,832.5,-322.5,510.0
2023-08-03 12:23:00,862.5,-382.5,480.0
2023-08-03 12:24:00,885.0,-318.75,566.25
2023-08-03 12:25:00,892.5,-367.5,525.0
2023-08-03 12:26:00,862.5,-273.75,588.75
2023-08-03 12:27:00,903.75,-480.0,423.75
2023-08-03 12:28:00,918.75,-592.5,326.25
2023-08-03 12:29:00,888.75,-472.5,416.25
2023-08-03 12:30:00,911.25,-645.0,266.25
2023-08-03 12:31:00,911.25,-997.5,-86.25
2023-08-03 12:32:00,888.75,-757.5,131.25
2023-08-03 12:33:00,892.5,-671.25,221.25
2023-08-03 12:34:00,918.75,-757.5,161.25
2023-08-03 12:35:00,960.0,-978.75,-18.75
2023-08-03 12:36:00,937.5,-791.25,146.25
2023-08-03 12:37:00,952.5,-945.0,7.5
2023-08-03 12:38:00,967.5,-1001.25,-33.75
2023-08-03 12:39:00,975.0,-1038.75,-63.75
2023-08-03 12:40:00,982.5,-1267.5,-285.0
2023-08-03 12:41:00,971.25,-1357.5,-386.25
2023-08-03 12:42:00,956.25,-1237.5,-281.25
2023-08-03 12:43:00,956.25,-1076.25,-120.0
2023-08-03 12:44:00,960.0,-1143.75,-183.75
2023-08-03 12:45:00,971.25,-1503.75,-532.5
2023-08-03 12:46:00,1275.0,-1897.5,-622.5
2023-08-03 12:47:00,1413.75,-1983.75,-570.0
2023-08-03 12:48:00,1492.5,-2118.75,-626.25
2023-08-03 12:49:00,1548.75,-2253.75,-705.0
2023-08-03 12:50:00,1473.75,-2235.0,-761.25
2023-08-03 12:51:00,1383.75,-2092.5,-708.75
2023-08-03 12:52:00,1406.25,-2070.0,-663.75
2023-08-03 12:53:00,1676.25,-2272.5,-596.25
2023-08-03 12:54:00,1646.25,-2265.0,-618.75
2023-08-03 12:55:00,1758.75,-2456.25,-697.5
2023-08-03 12:56:00,1935.0,-2782.5,-847.5
2023-08-03 12:57:00,2160.0,-3472.5,-1312.5
2023-08-03 12:58:00,2070.0,-3202.5,-1132.5
2023-08-03 12:59:00,2002.5,-3093.75,-1091.25
2023-08-03 13:00:00,1942.5,-2925.0,-982.5
2023-08-03 13:01:00,2032.5,-3277.5,-1245.0
2023-08-03 13:02:00,2253.75,-3791.25,-1537.5
2023-08-03 13:03:00,2193.75,-3885.0,-1691.25
2023-08-03 13:04:00,2025.0,-3476.25,-1451.25
2023-08-03 13:05:00,2133.75,-3791.25,-1657.5
2023-08-03 13:06:00,1950.0,-3303.75,-1353.75
2023-08-03 13:07:00,1830.0,-3000.0,-1170.0
2023-08-03 13:08:00,1916.25,-2970.0,-1053.75
2023-08-03 13:09:00,1875.0,-2846.25,-971.25
2023-08-03 13:10:00,2088.75,-3288.75,-1200.0
2023-08-03 13:11:00,1991.25,-3112.5,-1121.25
2023-08-03 13:12:00,2006.25,-3131.25,-1125.0
2023-08-03 13:13:00,2182.5,-3472.5,-1290.0
2023-08-03 13:14:00,1987.5,-2955.0,-967.5
2023-08-03 13:15:00,2047.5,-3187.5,-1140.0
2023-08-03 13:16:00,2032.5,-3116.25,-1083.75
2023-08-03 13:17:00,1983.75,-3000.0,-1016.25
2023-08-03 13:18:00,2197.5,-3412.5,-1215.0
2023-08-03 13:19:00,2017.5,-3018.75,-1001.25
2023-08-03 13:20:00,2343.75,-3697.5,-1353.75
2023-08-03 13:21:00,2880.0,-4252.5,-1372.5
2023-08-03 13:22:00,2947.5,-4323.75,-1376.25
2023-08-03 13:23:00,2658.75,-3971.25,-1312.5
2023-08-03 13:24:00,2891.25,-4237.5,-1346.25
2023-08-03 13:25:00,2658.75,-4046.25,-1387.5
2023-08-03 13:26:00,3018.75,-4398.75,-1380.0
2023-08-03 13:27:00,2868.75,-4158.75,-1290.0
2023-08-03 13:28:00,2895.0,-4170.0,-1275.0
2023-08-03 13:29:00,2880.0,-4155.0,-1275.0
2023-08-03 13:30:00,2880.0,-4102.5,-1222.5
2023-08-03 13:31:00,2786.25,-3990.0,-1203.75
2023-08-03 13:32:00,2947.5,-4132.5,-1185.0
2023-08-03 13:33:00,2613.75,-3656.25,-1042.5
2023-08-03 13:34:00,2786.25,-3922.5,-1136.25
2023-08-03 13:35:00,2760.0,-3885.0,-1125.0
2023-08-03 13:36:00,2673.75,-3716.25,-1042.5
2023-08-03 13:37:00,2448.75,-3551.25,-1102.5
2023-08-03 13:38:00,2115.0,-3093.75,-978.75
2023-08-03 13:39:00,1923.75,-2891.25,-967.5
2023-08-03 13:40:00,2471.25,-3446.25,-975.0
2023-08-03 13:41:00,2850.0,-3843.75,-993.75
2023-08-03 13:42:00,2857.5,-3802.5,-945.0
2023-08-03 13:43:00,3000.0,-3888.75,-888.75
2023-08-03 13:44:00,3000.0,-3832.5,-832.5
2023-08-03 13:45:00,3258.75,-4065.0,-806.25
2023-08-03 13:46:00,3682.5,-4646.25,-963.75
2023-08-03 13:47:00,3825.0,-4758.75,-933.75
2023-08-03 13:48:00,3697.5,-4556.25,-858.75
2023-08-03 13:49:00,3341.25,-4038.75,-697.5
2023-08-03 13:50:00,3337.5,-4023.75,-686.25
2023-08-03 13:51:00,2883.75,-3528.75,-645.0
2023-08-03 13:52:00,2767.5,-3356.25,-588.75
2023-08-03 13:53:00,3138.75,-3731.25,-592.5
2023-08-03 13:54:00,2711.25,-3341.25,-630.0
2023-08-03 13:55:00,3101.25,-3738.75,-637.5
2023-08-03 13:56:00,3131.25,-3813.75,-682.5
2023-08-03 13:57:00,3476.25,-4218.75,-742.5
2023-08-03 13:58:00,3731.25,-4477.5,-746.25
2023-08-03 13:59:00,3787.5,-4458.75,-671.25
2023-08-03 14:00:00,3918.75,-4706.25,-787.5
2023-08-03 14:01:00,3450.0,-4335.0,-885.0
2023-08-03 14:02:00,3532.5,-4387.5,-855.0
2023-08-03 14:03:00,3562.5,-4365.0,-802.5
2023-08-03 14:04:00,3645.0,-4398.75,-753.75
2023-08-03 14:05:00,3765.0,-4477.5,-712.5
2023-08-03 14:06:00,4421.25,-4882.5,-461.25
2023-08-03 14:07:00,4211.25,-4676.25,-465.0
2023-08-03 14:08:00,3945.0,-4410.0,-465.0
2023-08-03 14:09:00,4192.5,-4638.75,-446.25
2023-08-03 14:10:00,4372.5,-4770.0,-397.5
2023-08-03 14:11:00,4297.5,-4706.25,-408.75
2023-08-03 14:12:00,4623.75,-5036.25,-412.5
2023-08-03 14:13:00,4620.0,-5010.0,-390.0
2023-08-03 14:14:00,4383.75,-4732.5,-348.75
2023-08-03 14:15:00,4256.25,-4623.75,-367.5
2023-08-03 14:16:00,4207.5,-4605.0,-397.5
2023-08-03 14:17:00,4346.25,-4706.25,-360.0
2023-08-03 14:18:00,4387.5,-4710.0,-322.5
2023-08-03 14:19:00,4383.75,-4706.25,-322.5
2023-08-03 14:20:00,4181.25,-4578.75,-397.5
2023-08-03 14:21:00,4008.75,-4436.25,-427.5
2023-08-03 14:22:00,3585.0,-4065.0,-480.0
2023-08-03 14:23:00,3802.5,-4196.25,-393.75
2023-08-03 14:24:00,3802.5,-4245.0,-442.5
2023-08-03 14:25:00,3911.25,-4222.5,-311.25
2023-08-03 14:26:00,3975.0,-4376.25,-401.25
2023-08-03 14:27:00,3918.75,-4323.75,-405.0
2023-08-03 14:28:00,3975.0,-4301.25,-326.25
2023-08-03 14:29:00,3453.75,-3945.0,-491.25
2023-08-03 14:30:00,3056.25,-3705.0,-648.75
2023-08-03 14:31:00,3371.25,-3836.25,-465.0
2023-08-03 14:32:00,3217.5,-3720.0,-502.5
2023-08-03 14:33:00,3255.0,-3712.5,-457.5
2023-08-03 14:34:00,3956.25,-3960.0,-3.75
2023-08-03 14:35:00,3540.0,-3757.5,-217.5
2023-08-03 14:36:00,3690.0,-3802.5,-112.5
2023-08-03 14:37:00,3423.75,-3735.0,-311.25
2023-08-03 14:38:00,3337.5,-3596.25,-258.75
2023-08-03 14:39:00,3420.0,-3600.0,-180.0
2023-08-03 14:40:00,3097.5,-3487.5,-390.0
2023-08-03 14:41:00,3030.0,-3472.5,-442.5
2023-08-03 14:42:00,3596.25,-3536.25,60.0
2023-08-03 14:43:00,4237.5,-3675.0,562.5
2023-08-03 14:44:00,4927.5,-3960.0,967.5
2023-08-03 14:45:00,4863.75,-3978.75,885.0
2023-08-03 14:46:00,4665.0,-3735.0,930.0
2023-08-03 14:47:00,4818.75,-3806.25,1012.5
2023-08-03 14:48:00,5163.75,-3892.5,1271.25
2023-08-03 14:49:00,5261.25,-4110.0,1151.25
2023-08-03 14:50:00,5272.5,-4166.25,1106.25
2023-08-03 14:51:00,5250.0,-4113.75,1136.25
2023-08-03 14:52:00,5235.0,-4027.5,1207.5
2023-08-03 14:53:00,5283.75,-4091.25,1192.5
2023-08-03 14:54:00,5430.0,-4368.75,1061.25
2023-08-03 14:55:00,5062.5,-3667.5,1395.0
2023-08-03 14:56:00,4878.75,-3585.0,1293.75
2023-08-03 14:57:00,4972.5,-3592.5,1380.0
2023-08-03 14:58:00,5006.25,-3611.25,1395.0
2023-08-03 14:59:00,4481.25,-3457.5,1023.75
2023-08-03 15:00:00,4110.0,-3397.5,712.5
2023-08-03 15:01:00,3761.25,-3326.25,435.0
2023-08-03 15:02:00,4458.75,-3307.5,1151.25
2023-08-03 15:03:00,3915.0,-3311.25,603.75
2023-08-03 15:04:00,4200.0,-3288.75,911.25
2023-08-03 15:05:00,4327.5,-3285.0,1042.5
2023-08-03 15:06:00,4132.5,-3288.75,843.75
2023-08-03 15:07:00,4470.0,-3288.75,1181.25
2023-08-03 15:08:00,4972.5,-3292.5,1680.0
2023-08-03 15:09:00,4260.0,-3292.5,967.5
2023-08-03 15:10:00,4128.75,-3292.5,836.25
2023-08-03 15:11:00,3982.5,-3281.25,701.25
2023-08-03 15:12:00,3963.75,-3281.25,682.5
2023-08-03 15:13:00,4207.5,-3281.25,926.25
2023-08-03 15:14:00,4050.0,-3277.5,772.5
2023-08-03 15:15:00,3562.5,-3277.5,285.0
2023-08-03 15:16:00,3345.0,-3277.5,67.5
2023-08-03 15:17:00,3442.5,-3277.5,165.0
2023-08-03 15:18:00,3420.0,-3277.5,142.5
2023-08-03 15:19:00,3183.75,-3277.5,-93.75
2023-08-03 15:20:00,3176.25,-3277.5,-101.25
2023-08-03 15:21:00,3176.25,-3277.5,-101.25
2023-08-03 15:22:00,3176.25,-3277.5,-101.25
2023-08-03 15:23:00,3176.25,-3277.5,-101.25
2023-08-03 15:24:00,3176.25,-3277.5,-101.25
2023-08-03 15:25:00,3176.25,-3277.5,-101.25
2023-08-03 15:26:00,3176.25,-3277.5,-101.25
2023-08-03 15:27:00,3176.25,-3277.5,-101.25
2023-08-03 15:28:00,3176.25,-3277.5,-101.25
2023-08-03 15:29:00,3176.25,-3277.5,-101.25
2023-08-03 15:30:00,3176.25,-3277.5,-101.25
2023-08-10 10:15:00,0.0,0.0,0.0
2023-08-10 10:16:00,18.75,78.75,97.5
2023-08-10 10:17:00,86.25,-7.5,78.75
2023-08-10 10:18:00,296.25,-127.5,168.75
2023-08-10 10:19:00,202.5,-3.75,198.75
2023-08-10 10:20:00,168.75,41.25,210.0
2023-08-10 10:21:00,206.25,-33.75,172.5
2023-08-10 10:22:00,243.75,-86.25,157.5
2023-08-10 10:23:00,618.75,-873.75,-255.0
2023-08-10 10:24:00,693.75,-1353.75,-660.0
2023-08-10 10:25:00,821.25,-1995.0,-1173.75
2023-08-10 10:26:00,836.25,-2681.25,-1845.0
2023-08-10 10:27:00,791.25,-2572.5,-1781.25
2023-08-10 10:28:00,795.0,-2463.75,-1668.75
2023-08-10 10:29:00,798.75,-2805.0,-2006.25
2023-08-10 10:30:00,832.5,-2823.75,-1991.25
2023-08-10 10:31:00,1421.25,-3682.5,-2261.25
2023-08-10 10:32:00,1402.5,-3836.25,-2433.75
2023-08-10 10:33:00,1500.0,-4320.0,-2820.0
2023-08-10 10:34:00,1698.75,-4691.25,-2992.5
2023-08-10 10:35:00,1601.25,-4541.25,-2940.0
2023-08-10 10:36:00,1582.5,-4646.25,-3063.75
2023-08-10 10:37:00,1526.25,-4477.5,-2951.25
2023-08-10 10:38:00,1425.0,-4327.5,-2902.5
2023-08-10 10:39:00,1346.25,-4008.75,-2662.5
2023-08-10 10:40:00,1635.0,-4642.5,-3007.5
2023-08-10 10:41:00,1856.25,-5137.5,-3281.25
2023-08-10 10:42:00,1770.0,-4691.25,-2921.25
2023-08-10 10:43:00,1762.5,-4743.75,-2981.25
2023-08-10 10:44:00,1672.5,-4616.25,-2943.75
2023-08-10 10:45:00,1657.5,-4522.5,-2865.0
2023-08-10 10:46:00,1597.5,-4297.5,-2700.0
2023-08-10 10:47:00,1320.0,-3513.75,-2193.75
2023-08-10 10:48:00,877.5,-2835.0,-1957.5
2023-08-10 10:49:00,997.5,-2876.25,-1878.75
2023-08-10 10:50:00,1091.25,-2932.5,-1841.25
2023-08-10 10:51:00,892.5,-2737.5,-1845.0
2023-08-10 10:52:00,858.75,-2568.75,-1710.0
2023-08-10 10:53:00,652.5,-2178.75,-1526.25
2023-08-10 10:54:00,71.25,-1665.0,-1593.75
2023-08-10 10:55:00,191.25,-1631.25,-1440.0
2023-08-10 10:56:00,112.5,-1608.75,-1496.25
2023-08-10 10:57:00,108.75,-1623.75,-1515.0
2023-08-10 10:58:00,116.25,-1575.0,-1458.75
2023-08-10 10:59:00,442.5,-1800.0,-1357.5
2023-08-10 11:00:00,600.0,-1875.0,-1275.0
2023-08-10 11:01:00,847.5,-2107.5,-1260.0
2023-08-10 11:02:00,1068.75,-2463.75,-1395.0
2023-08-10 11:03:00,1076.25,-2490.0,-1413.75
2023-08-10 11:04:00,858.75,-2175.0,-1316.25
2023-08-10 11:05:00,588.75,-1905.0,-1316.25
2023-08-10 11:06:00,630.0,-1905.0,-1275.0
2023-08-10 11:07:00,236.25,-1545.0,-1308.75
2023-08-10 11:08:00,270.0,-1567.5,-1297.5
2023-08-10 11:09:00,420.0,-1680.0,-1260.0
2023-08-10 11:10:00,750.0,-2040.0,-1290.0
2023-08-10 11:11:00,630.0,-1822.5,-1192.5
2023-08-10 11:12:00,821.25,-2040.0,-1218.75
2023-08-10 11:13:00,720.0,-1935.0,-1215.0
2023-08-10 11:14:00,836.25,-2081.25,-1245.0
2023-08-10 11:15:00,1121.25,-2452.5,-1331.25
2023-08-10 11:16:00,945.0,-2227.5,-1282.5
2023-08-10 11:17:00,727.5,-1923.75,-1196.25
2023-08-10 11:18:00,918.75,-2100.0,-1181.25
2023-08-10 11:19:00,825.0,-1998.75,-1173.75
2023-08-10 11:20:00,836.25,-1972.5,-1136.25
2023-08-10 11:21:00,720.0,-1785.0,-1065.0
2023-08-10 11:22:00,986.25,-2021.25,-1035.0
2023-08-10 11:23:00,1080.0,-2137.5,-1057.5
2023-08-10 11:24:00,915.0,-1882.5,-967.5
2023-08-10 11:25:00,810.0,-1811.25,-1001.25
2023-08-10 11:26:00,1095.0,-2066.25,-971.25
2023-08-10 11:27:00,1027.5,-1965.0,-937.5
2023-08-10 11:28:00,1282.5,-2246.25,-963.75
2023-08-10 11:29:00,1121.25,-2077.5,-956.25
2023-08-10 11:30:00,1207.5,-2178.75,-971.25
2023-08-10 11:31:00,1166.25,-2062.5,-896.25
2023-08-10 11:32:00,1095.0,-1968.75,-873.75
2023-08-10 11:33:00,1042.5,-1863.75,-821.25
2023-08-10 11:34:00,1136.25,-1923.75,-787.5
2023-08-10 11:35:00,1012.5,-1710.0,-697.5
2023-08-10 11:36:00,1076.25,-1845.0,-768.75
2023-08-10 11:37:00,1098.75,-1785.0,-686.25
2023-08-10 11:38:00,1177.5,-1867.5,-690.0
2023-08-10 11:39:00,1050.0,-1665.0,-615.0
2023-08-10 11:40:00,1361.25,-1860.0,-498.75
2023-08-10 11:41:00,1260.0,-1751.25,-491.25
2023-08-10 11:42:00,1042.5,-1421.25,-378.75
2023-08-10 11:43:00,1053.75,-1417.5,-363.75
2023-08-10 11:44:00,1113.75,-1462.5,-348.75
2023-08-10 11:45:00,825.0,-1125.0,-300.0
2023-08-10 11:46:00,851.25,-1151.25,-300.0
2023-08-10 11:47:00,1050.0,-1376.25,-326.25
2023-08-10 11:48:00,930.0,-1203.75,-273.75
2023-08-10 11:49:00,915.0,-1260.0,-345.0
2023-08-10 11:50:00,963.75,-1316.25,-352.5
2023-08-10 11:51:00,618.75,-960.0,-341.25
2023-08-10 11:52:00,723.75,-975.0,-251.25
2023-08-10 11:53:00,746.25,-922.5,-176.25
2023-08-10 11:54:00,281.25,-573.75,-292.5
2023-08-10 11:55:00,-41.25,-405.0,-446.25
2023-08-10 11:56:00,-513.75,-153.75,-667.5
2023-08-10 11:57:00,-495.0,-131.25,-626.25
2023-08-10 11:58:00,-573.75,-108.75,-682.5
2023-08-10 11:59:00,-311.25,-206.25,-517.5
2023-08-10 12:00:00,-630.0,-101.25,-731.25
2023-08-10 12:01:00,-675.0,-48.75,-723.75
2023-08-10 12:02:00,-442.5,-150.0,-592.5
2023-08-10 12:03:00,-566.25,-86.25,-652.5
2023-08-10 12:04:00,-401.25,-180.0,-581.25
2023-08-10 12:05:00,-712.5,0.0,-712.5
2023-08-10 12:06:00,-472.5,-120.0,-592.5
2023-08-10 12:07:00,-457.5,-127.5,-585.0
2023-08-10 12:08:00,-356.25,-161.25,-517.5
2023-08-10 12:09:00,-536.25,-56.25,-592.5
2023-08-10 12:10:00,-345.0,-138.75,-483.75
2023-08-10 12:11:00,693.75,-551.25,142.5
2023-08-10 12:12:00,663.75,-633.75,30.0
2023-08-10 12:13:00,720.0,-660.0,60.0
2023-08-10 12:14:00,1072.5,-952.5,120.0
2023-08-10 12:15:00,1248.75,-1170.0,78.75
2023-08-10 12:16:00,1365.0,-1466.25,-101.25
2023-08-10 12:17:00,1312.5,-1320.0,-7.5
2023-08-10 12:18:00,1245.0,-1241.25,3.75
2023-08-10 12:19:00,1113.75,-1140.0,-26.25
2023-08-10 12:20:00,1185.0,-1136.25,48.75
2023-08-10 12:21:00,1181.25,-1162.5,18.75
2023-08-10 12:22:00,1327.5,-1297.5,30.0
2023-08-10 12:23:00,1196.25,-1125.0,71.25
2023-08-10 12:24:00,1102.5,-952.5,150.0
2023-08-10 12:25:00,832.5,-562.5,270.0
2023-08-10 12:26:00,697.5,-431.25,266.25
2023-08-10 12:27:00,907.5,-603.75,303.75
2023-08-10 12:28:00,986.25,-626.25,360.0
2023-08-10 12:29:00,772.5,-495.0,277.5
2023-08-10 12:30:00,746.25,-457.5,288.75
2023-08-10 12:31:00,870.0,-577.5,292.5
2023-08-10 12:32:00,858.75,-585.0,273.75
2023-08-10 12:33:00,1020.0,-663.75,356.25
2023-08-10 12:34:00,1106.25,-847.5,258.75
2023-08-10 12:35:00,1166.25,-1001.25,165.0
2023-08-10 12:36:00,1192.5,-975.0,217.5
2023-08-10 12:37:00,1110.0,-881.25,228.75
2023-08-10 12:38:00,1158.75,-960.0,198.75
2023-08-10 12:39:00,963.75,-708.75,255.0
2023-08-10 12:40:00,727.5,-450.0,277.5
2023-08-10 12:41:00,517.5,-266.25,251.25
2023-08-10 12:42:00,607.5,-363.75,243.75
2023-08-10 12:43:00,705.0,-401.25,303.75
2023-08-10 12:44:00,431.25,-206.25,225.0
2023-08-10 12:45:00,176.25,-108.75,67.5
2023-08-10 12:46:00,292.5,-180.0,112.5
2023-08-10 12:47:00,498.75,-288.75,210.0
2023-08-10 12:48:00,528.75,-303.75,225.0
2023-08-10 12:49:00,101.25,-30.0,71.25
2023-08-10 12:50:00,292.5,-161.25,131.25
2023-08-10 12:51:00,206.25,-45.0,161.25
2023-08-10 12:52:00,303.75,-131.25,172.5
2023-08-10 12:53:00,195.0,-48.75,146.25
2023-08-10 12:54:00,168.75,-41.25,127.5
2023-08-10 12:55:00,198.75,-26.25,172.5
2023-08-10 12:56:00,446.25,-153.75,292.5
2023-08-10 12:57:00,780.0,-375.0,405.0
2023-08-10 12:58:00,930.0,-495.0,435.0
2023-08-10 12:59:00,675.0,-292.5,382.5
2023-08-10 13:00:00,738.75,-292.5,446.25
2023-08-10 13:01:00,502.5,-198.75,303.75
2023-08-10 13:02:00,517.5,-161.25,356.25
2023-08-10 13:03:00,255.0,30.0,285.0
2023-08-10 13:04:00,322.5,7.5,330.0
2023-08-10 13:05:00,-337.5,281.25,-56.25
2023-08-10 13:06:00,-986.25,517.5,-468.75
2023-08-10 13:07:00,-405.0,386.25,-18.75
2023-08-10 13:08:00,-802.5,468.75,-333.75
2023-08-10 13:09:00,-603.75,397.5,-206.25
2023-08-10 13:10:00,-408.75,307.5,-101.25
2023-08-10 13:11:00,-427.5,311.25,-116.25
2023-08-10 13:12:00,-255.0,270.0,15.0
2023-08-10 13:13:00,-405.0,318.75,-86.25
2023-08-10 13:14:00,-757.5,438.75,-318.75
2023-08-10 13:15:00,-652.5,427.5,-225.0
2023-08-10 13:16:00,-768.75,446.25,-322.5
2023-08-10 13:17:00,-1680.0,693.75,-986.25
2023-08-10 13:18:00,-1140.0,566.25,-573.75
2023-08-10 13:19:00,-896.25,532.5,-363.75
2023-08-10 13:20:00,-161.25,258.75,97.5
2023-08-10 13:21:00,138.75,150.0,288.75
2023-08-10 13:22:00,78.75,202.5,281.25
2023-08-10 13:23:00,-330.0,318.75,-11.25
2023-08-10 13:24:00,438.75,15.0,453.75
2023-08-10 13:25:00,843.75,-176.25,667.5
2023-08-10 13:26:00,1605.0,-888.75,716.25
2023-08-10 13:27:00,1837.5,-1256.25,581.25
2023-08-10 13:28:00,1815.0,-1140.0,675.0
2023-08-10 13:29:00,1972.5,-1166.25,806.25
2023-08-10 13:30:00,1863.75,-1098.75,765.0
2023-08-10 13:31:00,2088.75,-1316.25,772.5
2023-08-10 13:32:00,2070.0,-1241.25,828.75
2023-08-10 13:33:00,2201.25,-1436.25,765.0
2023-08-10 13:34:00,1931.25,-877.5,1053.75
2023-08-10 13:35:00,1728.75,-510.0,1218.75
2023-08-10 13:36:00,1830.0,-603.75,1226.25
2023-08-10 13:37:00,1886.25,-817.5,1068.75
2023-08-10 13:38:00,1878.75,-738.75,1140.0
2023-08-10 13:39:00,1893.75,-795.0,1098.75
2023-08-10 13:40:00,1987.5,-896.25,1091.25
2023-08-10 13:41:00,2085.0,-1102.5,982.5
2023-08-10 13:42:00,1747.5,-540.0,1207.5
2023-08-10 13:43:00,1931.25,-761.25,1170.0
2023-08-10 13:44:00,2073.75,-926.25,1147.5
2023-08-10 13:45:00,2002.5,-885.0,1117.5
2023-08-10 13:46:00,2175.0,-1185.0,990.0
2023-08-10 13:47:00,2111.25,-1065.0,1046.25
2023-08-10 13:48:00,2021.25,-978.75,1042.5
2023-08-10 13:49:00,2546.25,-1698.75,847.5
2023-08-10 13:50:00,2313.75,-1417.5,896.25
2023-08-10 13:51:00,2433.75,-1631.25,802.5
2023-08-10 13:52:00,2598.75,-2040.0,558.75
2023-08-10 13:53:00,2763.75,-2445.0,318.75
2023-08-10 13:54:00,2872.5,-2707.5,165.0
2023-08-10 13:55:00,2902.5,-2966.25,-63.75
2023-08-10 13:56:00,2737.5,-2433.75,303.75
2023-08-10 13:57:00,2711.25,-2302.5,408.75
2023-08-10 13:58:00,2602.5,-1950.0,652.5
2023-08-10 13:59:00,2636.25,-2028.75,607.5
2023-08-10 14:00:00,2745.0,-2377.5,367.5
2023-08-10 14:01:00,2745.0,-2336.25,408.75
2023-08-10 14:02:00,2790.0,-2448.75,341.25
2023-08-10 14:03:00,2895.0,-2816.25,78.75
2023-08-10 14:04:00,2943.75,-3071.25,-127.5
2023-08-10 14:05:00,2823.75,-2628.75,195.0
2023-08-10 14:06:00,2816.25,-2490.0,326.25
2023-08-10 14:07:00,2655.0,-1920.0,735.0
2023-08-10 14:08:00,2452.5,-1387.5,1065.0
2023-08-10 14:09:00,2066.25,-566.25,1500.0
2023-08-10 14:10:00,1882.5,-356.25,1526.25
2023-08-10 14:11:00,2103.75,-348.75,1755.0
2023-08-10 14:12:00,2190.0,-412.5,1777.5
2023-08-10 14:13:00,1856.25,33.75,1890.0
2023-08-10 14:14:00,2070.0,-232.5,1837.5
2023-08-10 14:15:00,1972.5,-90.0,1882.5
2023-08-10 14:16:00,1533.75,273.75,1807.5
2023-08-10 14:17:00,1683.75,165.0,1848.75
2023-08-10 14:18:00,2193.75,-150.0,2043.75
2023-08-10 14:19:00,1953.75,-22.5,1931.25
2023-08-10 14:20:00,2433.75,-472.5,1961.25
2023-08-10 14:21:00,2385.0,-412.5,1972.5
2023-08-10 14:22:00,2280.0,-213.75,2066.25
2023-08-10 14:23:00,2272.5,-210.0,2062.5
2023-08-10 14:24:00,2302.5,-243.75,2058.75
2023-08-10 14:25:00,2235.0,-108.75,2126.25
2023-08-10 14:26:00,2227.5,-120.0,2107.5
2023-08-10 14:27:00,2388.75,-330.0,2058.75
2023-08-10 14:28:00,2486.25,-431.25,2055.0
2023-08-10 14:29:00,2385.0,-255.0,2130.0
2023-08-10 14:30:00,2666.25,-618.75,2047.5
2023-08-10 14:31:00,2816.25,-735.0,2081.25
2023-08-10 14:32:00,2426.25,-217.5,2208.75
2023-08-10 14:33:00,2463.75,-202.5,2261.25
2023-08-10 14:34:00,2047.5,202.5,2250.0
2023-08-10 14:35:00,2092.5,206.25,2298.75
2023-08-10 14:36:00,2343.75,0.0,2343.75
2023-08-10 14:37:00,2141.25,187.5,2328.75
2023-08-10 14:38:00,2306.25,120.0,2426.25
2023-08-10 14:39:00,2497.5,-48.75,2448.75
2023-08-10 14:40:00,2580.0,-123.75,2456.25
2023-08-10 14:41:00,2752.5,-337.5,2415.0
2023-08-10 14:42:00,2925.0,-611.25,2313.75
2023-08-10 14:43:00,2820.0,-420.0,2400.0
2023-08-10 14:44:00,2475.0,232.5,2707.5
2023-08-10 14:45:00,2692.5,0.0,2692.5
2023-08-10 14:46:00,2917.5,-382.5,2535.0
2023-08-10 14:47:00,3060.0,-656.25,2403.75
2023-08-10 14:48:00,2966.25,-450.0,2516.25
2023-08-10 14:49:00,2992.5,-513.75,2478.75
2023-08-10 14:50:00,3153.75,-810.0,2343.75
2023-08-10 14:51:00,3202.5,-866.25,2336.25
2023-08-10 14:52:00,3288.75,-1128.75,2160.0
2023-08-10 14:53:00,3240.0,-900.0,2340.0
2023-08-10 14:54:00,3345.0,-1233.75,2111.25
2023-08-10 14:55:00,3187.5,-663.75,2523.75
2023-08-10 14:56:00,2898.75,56.25,2955.0
2023-08-10 14:57:00,3022.5,15.0,3037.5
2023-08-10 14:58:00,2985.0,26.25,3011.25
2023-08-10 14:59:00,3093.75,67.5,3161.25
2023-08-10 15:00:00,3262.5,-390.0,2872.5
2023-08-10 15:01:00,3247.5,307.5,3555.0
2023-08-10 15:02:00,3345.0,165.0,3510.0
2023-08-10 15:03:00,3551.25,-453.75,3097.5
2023-08-10 15:04:00,3581.25,-652.5,2928.75
2023-08-10 15:05:00,3603.75,-641.25,2962.5
2023-08-10 15:06:00,3502.5,468.75,3971.25
2023-08-10 15:07:00,3502.5,420.0,3922.5
2023-08-10 15:08:00,3480.0,562.5,4042.5
2023-08-10 15:09:00,3498.75,506.25,4005.0
2023-08-10 15:10:00,3420.0,855.0,4275.0
2023-08-10 15:11:00,3487.5,723.75,4211.25
2023-08-10 15:12:00,3521.25,768.75,4290.0
2023-08-10 15:13:00,3453.75,1016.25,4470.0
2023-08-10 15:14:00,3483.75,918.75,4402.5
2023-08-10 15:15:00,3573.75,753.75,4327.5
2023-08-10 15:16:00,3577.5,798.75,4376.25
2023-08-10 15:17:00,3607.5,671.25,4278.75
2023-08-10 15:18:00,3622.5,701.25,4323.75
2023-08-10 15:19:00,3630.0,491.25,4121.25
2023-08-10 15:20:00,3637.5,390.0,4027.5
2023-08-10 15:21:00,3637.5,390.0,4027.5
2023-08-10 15:22:00,3637.5,390.0,4027.5
2023-08-10 15:23:00,3637.5,390.0,4027.5
2023-08-10 15:24:00,3637.5,390.0,4027.5
2023-08-10 15:25:00,3637.5,390.0,4027.5
2023-08-10 15:26:00,3637.5,390.0,4027.5
2023-08-10 15:27:00,3637.5,390.0,4027.5
2023-08-10 15:28:00,3637.5,390.0,4027.5
2023-08-10 15:29:00,3637.5,390.0,4027.5
2023-08-10 15:30:00,3637.5,0.0,3637.5
2023-08-17 10:15:00,0.0,0.0,0.0
2023-08-17 10:16:00,75.0,-82.5,-7.5
2023-08-17 10:17:00,48.75,-26.25,22.5
2023-08-17 10:18:00,138.75,-120.0,18.75
2023-08-17 10:19:00,146.25,-180.0,-33.75
2023-08-17 10:20:00,67.5,-52.5,15.0
2023-08-17 10:21:00,26.25,3.75,30.0
2023-08-17 10:22:00,52.5,-7.5,45.0
2023-08-17 10:23:00,-138.75,270.0,131.25
2023-08-17 10:24:00,-11.25,112.5,101.25
2023-08-17 10:25:00,172.5,-78.75,93.75
2023-08-17 10:26:00,198.75,-142.5,56.25
2023-08-17 10:27:00,142.5,-90.0,52.5
2023-08-17 10:28:00,131.25,-56.25,75.0
2023-08-17 10:29:00,157.5,-71.25,86.25
2023-08-17 10:30:00,172.5,-97.5,75.0
2023-08-17 10:31:00,135.0,-3.75,131.25
2023-08-17 10:32:00,146.25,3.75,150.0
2023-08-17 10:33:00,112.5,56.25,168.75
2023-08-17 10:34:00,71.25,105.0,176.25
2023-08-17 10:35:00,-18.75,198.75,180.0
2023-08-17 10:36:00,-22.5,172.5,150.0
2023-08-17 10:37:00,-67.5,217.5,150.0
2023-08-17 10:38:00,-33.75,232.5,198.75
2023-08-17 10:39:00,52.5,138.75,191.25
2023-08-17 10:40:00,-7.5,228.75,221.25
2023-08-17 10:41:00,-45.0,303.75,258.75
2023-08-17 10:42:00,-108.75,352.5,243.75
2023-08-17 10:43:00,-82.5,341.25,258.75
2023-08-17 10:44:00,48.75,225.0,273.75
2023-08-17 10:45:00,90.0,180.0,270.0
2023-08-17 10:46:00,56.25,202.5,258.75
2023-08-17 10:47:00,45.0,232.5,277.5
2023-08-17 10:48:00,82.5,221.25,303.75
2023-08-17 10:49:00,153.75,138.75,292.5
2023-08-17 10:50:00,78.75,217.5,296.25
2023-08-17 10:51:00,15.0,288.75,303.75
2023-08-17 10:52:00,60.0,236.25,296.25
2023-08-17 10:53:00,105.0,213.75,318.75
2023-08-17 10:54:00,3.75,273.75,277.5
2023-08-17 10:55:00,3.75,300.0,303.75
2023-08-17 10:56:00,-15.0,322.5,307.5
2023-08-17 10:57:00,-41.25,352.5,311.25
2023-08-17 10:58:00,3.75,311.25,315.0
2023-08-17 10:59:00,-48.75,356.25,307.5
2023-08-17 11:00:00,-22.5,360.0,337.5
2023-08-17 11:01:00,-18.75,348.75,330.0
2023-08-17 11:02:00,-3.75,337.5,333.75
2023-08-17 11:03:00,7.5,352.5,360.0
2023-08-17 11:04:00,18.75,318.75,337.5
2023-08-17 11:05:00,-22.5,371.25,348.75
2023-08-17 11:06:00,-3.75,341.25,337.5
2023-08-17 11:07:00,-41.25,397.5,356.25
2023-08-17 11:08:00,-15.0,367.5,352.5
2023-08-17 11:09:00,86.25,330.0,416.25
2023-08-17 11:10:00,101.25,307.5,408.75
2023-08-17 11:11:00,367.5,138.75,506.25
2023-08-17 11:12:00,303.75,183.75,487.5
2023-08-17 11:13:00,270.0,210.0,480.0
2023-08-17 11:14:00,281.25,187.5,468.75
2023-08-17 11:15:00,348.75,108.75,457.5
2023-08-17 11:16:00,528.75,-11.25,517.5
2023-08-17 11:17:00,791.25,-555.0,236.25
2023-08-17 11:18:00,701.25,-416.25,285.0
2023-08-17 11:19:00,817.5,-742.5,75.0
2023-08-17 11:20:00,870.0,-963.75,-93.75
2023-08-17 11:21:00,810.0,-671.25,138.75
2023-08-17 11:22:00,753.75,-678.75,75.0
2023-08-17 11:23:00,791.25,-746.25,45.0
2023-08-17 11:24:00,791.25,-731.25,60.0
2023-08-17 11:25:00,750.0,-570.0,180.0
2023-08-17 11:26:00,772.5,-727.5,45.0
2023-08-17 11:27:00,765.0,-678.75,86.25
2023-08-17 11:28:00,825.0,-903.75,-78.75
2023-08-17 11:29:00,832.5,-903.75,-71.25
2023-08-17 11:30:00,821.25,-821.25,0.0
2023-08-17 11:31:00,825.0,-742.5,82.5
2023-08-17 11:32:00,907.5,-1020.0,-112.5
2023-08-17 11:33:00,892.5,-851.25,41.25
2023-08-17 11:34:00,877.5,-862.5,15.0
2023-08-17 11:35:00,847.5,-648.75,198.75
2023-08-17 11:36:00,858.75,-708.75,150.0
2023-08-17 11:37:00,840.0,-652.5,187.5
2023-08-17 11:38:00,828.75,-641.25,187.5
2023-08-17 11:39:00,810.0,-408.75,401.25
2023-08-17 11:40:00,813.75,-453.75,360.0
2023-08-17 11:41:00,787.5,-333.75,453.75
2023-08-17 11:42:00,783.75,-333.75,450.0
2023-08-17 11:43:00,798.75,-405.0,393.75
2023-08-17 11:44:00,806.25,-397.5,408.75
2023-08-17 11:45:00,806.25,-326.25,480.0
2023-08-17 11:46:00,802.5,-322.5,480.0
2023-08-17 11:47:00,828.75,-401.25,427.5
2023-08-17 11:48:00,832.5,-408.75,423.75
2023-08-17 11:49:00,843.75,-442.5,401.25
2023-08-17 11:50:00,825.0,-352.5,472.5
2023-08-17 11:51:00,836.25,-371.25,465.0
2023-08-17 11:52:00,825.0,-296.25,528.75
2023-08-17 11:53:00,866.25,-468.75,397.5
2023-08-17 11:54:00,892.5,-472.5,420.0
2023-08-17 11:55:00,926.25,-637.5,288.75
2023-08-17 11:56:00,877.5,-472.5,405.0
2023-08-17 11:57:00,892.5,-442.5,450.0
2023-08-17 11:58:00,907.5,-566.25,341.25
2023-08-17 11:59:00,896.25,-570.0,326.25
2023-08-17 12:00:00,907.5,-645.0,262.5
2023-08-17 12:01:00,933.75,-776.25,157.5
2023-08-17 12:02:00,903.75,-600.0,303.75
2023-08-17 12:03:00,885.0,-476.25,408.75
2023-08-17 12:04:00,881.25,-457.5,423.75
2023-08-17 12:05:00,903.75,-626.25,277.5
2023-08-17 12:06:00,918.75,-686.25,232.5
2023-08-17 12:07:00,941.25,-802.5,138.75
2023-08-17 12:08:00,945.0,-686.25,258.75
2023-08-17 12:09:00,952.5,-757.5,195.0
2023-08-17 12:10:00,975.0,-821.25,153.75
2023-08-17 12:11:00,1023.75,-930.0,93.75
2023-08-17 12:12:00,1065.0,-1117.5,-52.5
2023-08-17 12:13:00,1061.25,-1027.5,33.75
2023-08-17 12:14:00,1042.5,-851.25,191.25
2023-08-17 12:15:00,1020.0,-723.75,296.25
2023-08-17 12:16:00,1031.25,-885.0,146.25
2023-08-17 12:17:00,1046.25,-918.75,127.5
2023-08-17 12:18:00,1023.75,-720.0,303.75
2023-08-17 12:19:00,1050.0,-862.5,187.5
2023-08-17 12:20:00,1046.25,-855.0,191.25
2023-08-17 12:21:00,1061.25,-888.75,172.5
2023-08-17 12:22:00,1072.5,-907.5,165.0
2023-08-17 12:23:00,1035.0,-697.5,337.5
2023-08-17 12:24:00,1035.0,-735.0,300.0
2023-08-17 12:25:00,1042.5,-753.75,288.75
2023-08-17 12:26:00,1020.0,-543.75,476.25
2023-08-17 12:27:00,1023.75,-555.0,468.75
2023-08-17 12:28:00,1068.75,-817.5,251.25
2023-08-17 12:29:00,1042.5,-555.0,487.5
2023-08-17 12:30:00,1016.25,-378.75,637.5
2023-08-17 12:31:00,1020.0,-453.75,566.25
2023-08-17 12:32:00,1012.5,-341.25,671.25
2023-08-17 12:33:00,1005.0,-303.75,701.25
2023-08-17 12:34:00,1012.5,-378.75,633.75
2023-08-17 12:35:00,1061.25,-532.5,528.75
2023-08-17 12:36:00,1068.75,-570.0,498.75
2023-08-17 12:37:00,1091.25,-543.75,547.5
2023-08-17 12:38:00,1083.75,-622.5,461.25
2023-08-17 12:39:00,1128.75,-810.0,318.75
2023-08-17 12:40:00,1155.0,-885.0,270.0
2023-08-17 12:41:00,1218.75,-918.75,300.0
2023-08-17 12:42:00,1042.5,-693.75,348.75
2023-08-17 12:43:00,1095.0,-757.5,337.5
2023-08-17 12:44:00,1185.0,-806.25,378.75
2023-08-17 12:45:00,1530.0,-1087.5,442.5
2023-08-17 12:46:00,1455.0,-948.75,506.25
2023-08-17 12:47:00,1462.5,-967.5,495.0
2023-08-17 12:48:00,1425.0,-911.25,513.75
2023-08-17 12:49:00,1353.75,-825.0,528.75
2023-08-17 12:50:00,1267.5,-727.5,540.0
2023-08-17 12:51:00,1203.75,-686.25,517.5
2023-08-17 12:52:00,1368.75,-821.25,547.5
2023-08-17 12:53:00,1473.75,-937.5,536.25
2023-08-17 12:54:00,1560.0,-1027.5,532.5
2023-08-17 12:55:00,1590.0,-1083.75,506.25
2023-08-17 12:56:00,1687.5,-1132.5,555.0
2023-08-17 12:57:00,1567.5,-922.5,645.0
2023-08-17 12:58:00,1646.25,-1061.25,585.0
2023-08-17 12:59:00,1815.0,-1271.25,543.75
2023-08-17 13:00:00,1818.75,-1252.5,566.25
2023-08-17 13:01:00,1841.25,-1222.5,618.75
2023-08-17 13:02:00,1747.5,-1057.5,690.0
2023-08-17 13:03:00,1781.25,-1125.0,656.25
2023-08-17 13:04:00,1803.75,-1113.75,690.0
2023-08-17 13:05:00,1785.0,-1091.25,693.75
2023-08-17 13:06:00,1803.75,-1106.25,697.5
2023-08-17 13:07:00,1563.75,-783.75,780.0
2023-08-17 13:08:00,1582.5,-787.5,795.0
2023-08-17 13:09:00,1575.0,-817.5,757.5
2023-08-17 13:10:00,1612.5,-802.5,810.0
2023-08-17 13:11:00,1736.25,-956.25,780.0
2023-08-17 13:12:00,1785.0,-1008.75,776.25
2023-08-17 13:13:00,1811.25,-1031.25,780.0
2023-08-17 13:14:00,1830.0,-1050.0,780.0
2023-08-17 13:15:00,2070.0,-1271.25,798.75
2023-08-17 13:16:00,1830.0,-960.0,870.0
2023-08-17 13:17:00,1608.75,-723.75,885.0
2023-08-17 13:18:00,1661.25,-780.0,881.25
2023-08-17 13:19:00,1792.5,-918.75,873.75
2023-08-17 13:20:00,1676.25,-843.75,832.5
2023-08-17 13:21:00,1717.5,-851.25,866.25
2023-08-17 13:22:00,1683.75,-851.25,832.5
2023-08-17 13:23:00,1852.5,-963.75,888.75
2023-08-17 13:24:00,1826.25,-915.0,911.25
2023-08-17 13:25:00,1796.25,-933.75,862.5
2023-08-17 13:26:00,1680.0,-825.0,855.0
2023-08-17 13:27:00,1773.75,-915.0,858.75
2023-08-17 13:28:00,1807.5,-945.0,862.5
2023-08-17 13:29:00,1781.25,-862.5,918.75
2023-08-17 13:30:00,1740.0,-798.75,941.25
2023-08-17 13:31:00,1781.25,-836.25,945.0
2023-08-17 13:32:00,1537.5,-521.25,1016.25
2023-08-17 13:33:00,1507.5,-442.5,1065.0
2023-08-17 13:34:00,1511.25,-427.5,1083.75
2023-08-17 13:35:00,1290.0,-221.25,1068.75
2023-08-17 13:36:00,1128.75,-41.25,1087.5
2023-08-17 13:37:00,978.75,112.5,1091.25
2023-08-17 13:38:00,1155.0,11.25,1166.25
2023-08-17 13:39:00,1406.25,-202.5,1203.75
2023-08-17 13:40:00,1537.5,-277.5,1260.0
2023-08-17 13:41:00,1376.25,-210.0,1166.25
2023-08-17 13:42:00,1267.5,-97.5,1170.0
2023-08-17 13:43:00,1207.5,-26.25,1181.25
2023-08-17 13:44:00,1038.75,120.0,1158.75
2023-08-17 13:45:00,975.0,232.5,1207.5
2023-08-17 13:46:00,1046.25,228.75,1275.0
2023-08-17 13:47:00,1087.5,180.0,1267.5
2023-08-17 13:48:00,817.5,405.0,1222.5
2023-08-17 13:49:00,855.0,420.0,1275.0
2023-08-17 13:50:00,997.5,337.5,1335.0
2023-08-17 13:51:00,888.75,386.25,1275.0
2023-08-17 13:52:00,772.5,461.25,1233.75
2023-08-17 13:53:00,483.75,641.25,1125.0
2023-08-17 13:54:00,588.75,615.0,1203.75
2023-08-17 13:55:00,738.75,521.25,1260.0
2023-08-17 13:56:00,731.25,513.75,1245.0
2023-08-17 13:57:00,772.5,495.0,1267.5
2023-08-17 13:58:00,566.25,615.0,1181.25
2023-08-17 13:59:00,637.5,588.75,1226.25
2023-08-17 14:00:00,971.25,461.25,1432.5
2023-08-17 14:01:00,1447.5,232.5,1680.0
2023-08-17 14:02:00,1515.0,202.5,1717.5
2023-08-17 14:03:00,1492.5,236.25,1728.75
2023-08-17 14:04:00,1661.25,165.0,1826.25
2023-08-17 14:05:00,1357.5,401.25,1758.75
2023-08-17 14:06:00,967.5,626.25,1593.75
2023-08-17 14:07:00,828.75,682.5,1511.25
2023-08-17 14:08:00,1117.5,551.25,1668.75
2023-08-17 14:09:00,1057.5,555.0,1612.5
2023-08-17 14:10:00,1241.25,472.5,1713.75
2023-08-17 14:11:00,1241.25,502.5,1743.75
2023-08-17 14:12:00,963.75,652.5,1616.25
2023-08-17 14:13:00,926.25,663.75,1590.0
2023-08-17 14:14:00,802.5,705.0,1507.5
2023-08-17 14:15:00,930.0,667.5,1597.5
2023-08-17 14:16:00,1110.0,641.25,1751.25
2023-08-17 14:17:00,1110.0,648.75,1758.75
2023-08-17 14:18:00,1203.75,626.25,1830.0
2023-08-17 14:19:00,1402.5,513.75,1916.25
2023-08-17 14:20:00,1068.75,701.25,1770.0
2023-08-17 14:21:00,1102.5,686.25,1788.75
2023-08-17 14:22:00,1080.0,727.5,1807.5
2023-08-17 14:23:00,1312.5,648.75,1961.25
2023-08-17 14:24:00,1425.0,558.75,1983.75
2023-08-17 14:25:00,1428.75,543.75,1972.5
2023-08-17 14:26:00,1271.25,660.0,1931.25
2023-08-17 14:27:00,1695.0,450.0,2145.0
2023-08-17 14:28:00,1957.5,296.25,2253.75
2023-08-17 14:29:00,2122.5,183.75,2306.25
2023-08-17 14:30:00,1972.5,397.5,2370.0
2023-08-17 14:31:00,1485.0,701.25,2186.25
2023-08-17 14:32:00,1470.0,750.0,2220.0
2023-08-17 14:33:00,911.25,993.75,1905.0
2023-08-17 14:34:00,900.0,971.25,1871.25
2023-08-17 14:35:00,495.0,1125.0,1620.0
2023-08-17 14:36:00,502.5,1106.25,1608.75
2023-08-17 14:37:00,532.5,1110.0,1642.5
2023-08-17 14:38:00,521.25,1113.75,1635.0
2023-08-17 14:39:00,682.5,1102.5,1785.0
2023-08-17 14:40:00,588.75,1136.25,1725.0
2023-08-17 14:41:00,318.75,1192.5,1511.25
2023-08-17 14:42:00,517.5,1158.75,1676.25
2023-08-17 14:43:00,566.25,1155.0,1721.25
2023-08-17 14:44:00,765.0,1143.75,1908.75
2023-08-17 14:45:00,742.5,1151.25,1893.75
2023-08-17 14:46:00,836.25,1128.75,1965.0
2023-08-17 14:47:00,746.25,1147.5,1893.75
2023-08-17 14:48:00,1053.75,1087.5,2141.25
2023-08-17 14:49:00,1065.0,1128.75,2193.75
2023-08-17 14:50:00,915.0,1155.0,2070.0
2023-08-17 14:51:00,780.0,1218.75,1998.75
2023-08-17 14:52:00,476.25,1260.0,1736.25
2023-08-17 14:53:00,442.5,1256.25,1698.75
2023-08-17 14:54:00,176.25,1282.5,1458.75
2023-08-17 14:55:00,397.5,1263.75,1661.25
2023-08-17 14:56:00,318.75,1267.5,1586.25
2023-08-17 14:57:00,412.5,1252.5,1665.0
2023-08-17 14:58:00,168.75,1286.25,1455.0
2023-08-17 14:59:00,480.0,1252.5,1732.5
2023-08-17 15:00:00,393.75,1237.5,1631.25
2023-08-17 15:01:00,960.0,1282.5,2242.5
2023-08-17 15:02:00,1301.25,1286.25,2587.5
2023-08-17 15:03:00,1777.5,1263.75,3041.25
2023-08-17 15:04:00,1383.75,1316.25,2700.0
2023-08-17 15:05:00,1496.25,1305.0,2801.25
2023-08-17 15:06:00,1353.75,1331.25,2685.0
2023-08-17 15:07:00,1125.0,1338.75,2463.75
2023-08-17 15:08:00,1196.25,1338.75,2535.0
2023-08-17 15:09:00,1612.5,1338.75,2951.25
2023-08-17 15:10:00,1421.25,1342.5,2763.75
2023-08-17 15:11:00,1605.0,1346.25,2951.25
2023-08-17 15:12:00,1665.0,1350.0,3015.0
2023-08-17 15:13:00,1616.25,1346.25,2962.5
2023-08-17 15:14:00,1863.75,1350.0,3213.75
2023-08-17 15:15:00,1916.25,1350.0,3266.25
2023-08-17 15:16:00,2013.75,1346.25,3360.0
2023-08-17 15:17:00,2145.0,1342.5,3487.5
2023-08-17 15:18:00,2021.25,1346.25,3367.5
2023-08-17 15:19:00,2257.5,1346.25,3603.75
2023-08-17 15:20:00,2152.5,1346.25,3498.75
2023-08-17 15:21:00,2152.5,1346.25,3498.75
2023-08-17 15:22:00,2152.5,1346.25,3498.75
2023-08-17 15:23:00,2152.5,1346.25,3498.75
2023-08-17 15:24:00,2152.5,1346.25,3498.75
2023-08-17 15:25:00,2152.5,1346.25,3498.75
2023-08-17 15:26:00,2152.5,1346.25,3498.75
2023-08-17 15:27:00,2152.5,1346.25,3498.75
2023-08-17 15:28:00,2152.5,1346.25,3498.75
2023-08-17 15:29:00,2152.5,1346.25,3498.75
2023-08-17 15:30:00,2152.5,1346.25,3498.75
2023-08-24 10:15:00,0.0,0.0,0.0
2023-08-24 10:16:00,-22.5,37.5,15.0
2023-08-24 10:17:00,15.0,-37.5,-22.5
2023-08-24 10:18:00,22.5,-30.0,-7.5
2023-08-24 10:19:00,48.75,-78.75,-30.0
2023-08-24 10:20:00,56.25,-37.5,18.75
2023-08-24 10:21:00,142.5,-172.5,-30.0
2023-08-24 10:22:00,198.75,-307.5,-108.75
2023-08-24 10:23:00,341.25,-611.25,-270.0
2023-08-24 10:24:00,281.25,-525.0,-243.75
2023-08-24 10:25:00,262.5,-487.5,-225.0
2023-08-24 10:26:00,277.5,-551.25,-273.75
2023-08-24 10:27:00,255.0,-423.75,-168.75
2023-08-24 10:28:00,300.0,-588.75,-288.75
2023-08-24 10:29:00,318.75,-626.25,-307.5
2023-08-24 10:30:00,382.5,-753.75,-371.25
2023-08-24 10:31:00,390.0,-776.25,-386.25
2023-08-24 10:32:00,420.0,-776.25,-356.25
2023-08-24 10:33:00,502.5,-978.75,-476.25
2023-08-24 10:34:00,532.5,-967.5,-435.0
2023-08-24 10:35:00,435.0,-750.0,-315.0
2023-08-24 10:36:00,465.0,-915.0,-450.0
2023-08-24 10:37:00,577.5,-1170.0,-592.5
2023-08-24 10:38:00,682.5,-1316.25,-633.75
2023-08-24 10:39:00,735.0,-1552.5,-817.5
2023-08-24 10:40:00,750.0,-1852.5,-1102.5
2023-08-24 10:41:00,720.0,-2013.75,-1293.75
2023-08-24 10:42:00,712.5,-2115.0,-1402.5
2023-08-24 10:43:00,645.0,-1976.25,-1331.25
2023-08-24 10:44:00,585.0,-1770.0,-1185.0
2023-08-24 10:45:00,600.0,-1950.0,-1350.0
2023-08-24 10:46:00,562.5,-1841.25,-1278.75
2023-08-24 10:47:00,712.5,-2272.5,-1560.0
2023-08-24 10:48:00,637.5,-1946.25,-1308.75
2023-08-24 10:49:00,607.5,-1758.75,-1151.25
2023-08-24 10:50:00,562.5,-1503.75,-941.25
2023-08-24 10:51:00,525.0,-1331.25,-806.25
2023-08-24 10:52:00,675.0,-1736.25,-1061.25
2023-08-24 10:53:00,727.5,-1860.0,-1132.5
2023-08-24 10:54:00,652.5,-1710.0,-1057.5
2023-08-24 10:55:00,705.0,-1890.0,-1185.0
2023-08-24 10:56:00,697.5,-1863.75,-1166.25
2023-08-24 10:57:00,795.0,-2250.0,-1455.0
2023-08-24 10:58:00,877.5,-2790.0,-1912.5
2023-08-24 10:59:00,907.5,-2932.5,-2025.0
2023-08-24 11:00:00,945.0,-3468.75,-2523.75
2023-08-24 11:01:00,870.0,-3472.5,-2602.5
2023-08-24 11:02:00,843.75,-3375.0,-2531.25
2023-08-24 11:03:00,663.75,-3067.5,-2403.75
2023-08-24 11:04:00,637.5,-3101.25,-2463.75
2023-08-24 11:05:00,618.75,-3041.25,-2422.5
2023-08-24 11:06:00,588.75,-2988.75,-2400.0
2023-08-24 11:07:00,566.25,-2876.25,-2310.0
2023-08-24 11:08:00,832.5,-3356.25,-2523.75
2023-08-24 11:09:00,1316.25,-4226.25,-2910.0
2023-08-24 11:10:00,1552.5,-4593.75,-3041.25
2023-08-24 11:11:00,1338.75,-4177.5,-2838.75
2023-08-24 11:12:00,1372.5,-4383.75,-3011.25
2023-08-24 11:13:00,1481.25,-4597.5,-3116.25
2023-08-24 11:14:00,1398.75,-4398.75,-3000.0
2023-08-24 11:15:00,1350.0,-4335.0,-2985.0
2023-08-24 11:16:00,1500.0,-4612.5,-3112.5
2023-08-24 11:17:00,1522.5,-4605.0,-3082.5
2023-08-24 11:18:00,1376.25,-4365.0,-2988.75
2023-08-24 11:19:00,1503.75,-4522.5,-3018.75
2023-08-24 11:20:00,1620.0,-4665.0,-3045.0
2023-08-24 11:21:00,1470.0,-4376.25,-2906.25
2023-08-24 11:22:00,1406.25,-4372.5,-2966.25
2023-08-24 11:23:00,1425.0,-4376.25,-2951.25
2023-08-24 11:24:00,1623.75,-4646.25,-3022.5
2023-08-24 11:25:00,1601.25,-4597.5,-2996.25
2023-08-24 11:26:00,1623.75,-4695.0,-3071.25
2023-08-24 11:27:00,1593.75,-4582.5,-2988.75
2023-08-24 11:28:00,1518.75,-4458.75,-2940.0
2023-08-24 11:29:00,1421.25,-4248.75,-2827.5
2023-08-24 11:30:00,1496.25,-4466.25,-2970.0
2023-08-24 11:31:00,1548.75,-4582.5,-3033.75
2023-08-24 11:32:00,1563.75,-4680.0,-3116.25
2023-08-24 11:33:00,1492.5,-4447.5,-2955.0
2023-08-24 11:34:00,1477.5,-4477.5,-3000.0
2023-08-24 11:35:00,1425.0,-4293.75,-2868.75
2023-08-24 11:36:00,1323.75,-4110.0,-2786.25
2023-08-24 11:37:00,1402.5,-4320.0,-2917.5
2023-08-24 11:38:00,1515.0,-4428.75,-2913.75
2023-08-24 11:39:00,1395.0,-4196.25,-2801.25
2023-08-24 11:40:00,1425.0,-4286.25,-2861.25
2023-08-24 11:41:00,1473.75,-4342.5,-2868.75
2023-08-24 11:42:00,1410.0,-4177.5,-2767.5
2023-08-24 11:43:00,1387.5,-4113.75,-2726.25
2023-08-24 11:44:00,1233.75,-3851.25,-2617.5
2023-08-24 11:45:00,1173.75,-3708.75,-2535.0
2023-08-24 11:46:00,1271.25,-3911.25,-2640.0
2023-08-24 11:47:00,1207.5,-3795.0,-2587.5
2023-08-24 11:48:00,1226.25,-3862.5,-2636.25
2023-08-24 11:49:00,1241.25,-3851.25,-2610.0
2023-08-24 11:50:00,1357.5,-4038.75,-2681.25
2023-08-24 11:51:00,1252.5,-3877.5,-2625.0
2023-08-24 11:52:00,1290.0,-3847.5,-2557.5
2023-08-24 11:53:00,1398.75,-4031.25,-2632.5
2023-08-24 11:54:00,1447.5,-4113.75,-2666.25
2023-08-24 11:55:00,2017.5,-5066.25,-3048.75
2023-08-24 11:56:00,2103.75,-5223.75,-3120.0
2023-08-24 11:57:00,2103.75,-5051.25,-2947.5
2023-08-24 11:58:00,2017.5,-4912.5,-2895.0
2023-08-24 11:59:00,1852.5,-4533.75,-2681.25
2023-08-24 12:00:00,1871.25,-4736.25,-2865.0
2023-08-24 12:01:00,1893.75,-4743.75,-2850.0
2023-08-24 12:02:00,1995.0,-5010.0,-3015.0
2023-08-24 12:03:00,2062.5,-5253.75,-3191.25
2023-08-24 12:04:00,2130.0,-5538.75,-3408.75
2023-08-24 12:05:00,2137.5,-5553.75,-3416.25
2023-08-24 12:06:00,2115.0,-5531.25,-3416.25
2023-08-24 12:07:00,2055.0,-5403.75,-3348.75
2023-08-24 12:08:00,2051.25,-5418.75,-3367.5
2023-08-24 12:09:00,2115.0,-5550.0,-3435.0
2023-08-24 12:10:00,2115.0,-5621.25,-3506.25
2023-08-24 12:11:00,2137.5,-5662.5,-3525.0
2023-08-24 12:12:00,2283.75,-5966.25,-3682.5
2023-08-24 12:13:00,2358.75,-6705.0,-4346.25
2023-08-24 12:14:00,2253.75,-6228.75,-3975.0
2023-08-24 12:15:00,2130.0,-5692.5,-3562.5
2023-08-24 12:16:00,2107.5,-5760.0,-3652.5
2023-08-24 12:17:00,2058.75,-5550.0,-3491.25
2023-08-24 12:18:00,2066.25,-5636.25,-3570.0
2023-08-24 12:19:00,2111.25,-5793.75,-3682.5
2023-08-24 12:20:00,2070.0,-5670.0,-3600.0
2023-08-24 12:21:00,2028.75,-5726.25,-3697.5
2023-08-24 12:22:00,2100.0,-5917.5,-3817.5
2023-08-24 12:23:00,2047.5,-5730.0,-3682.5
2023-08-24 12:24:00,2013.75,-5715.0,-3701.25
2023-08-24 12:25:00,2055.0,-5861.25,-3806.25
2023-08-24 12:26:00,2107.5,-6127.5,-4020.0
2023-08-24 12:27:00,2227.5,-6210.0,-3982.5
2023-08-24 12:28:00,2212.5,-6206.25,-3993.75
2023-08-24 12:29:00,2208.75,-6266.25,-4057.5
2023-08-24 12:30:00,2208.75,-6262.5,-4053.75
2023-08-24 12:31:00,2175.0,-6157.5,-3982.5
2023-08-24 12:32:00,2148.75,-6033.75,-3885.0
2023-08-24 12:33:00,2058.75,-5617.5,-3558.75
2023-08-24 12:34:00,1968.75,-5223.75,-3255.0
2023-08-24 12:35:00,1841.25,-4811.25,-2970.0
2023-08-24 12:36:00,1777.5,-4687.5,-2910.0
2023-08-24 12:37:00,1950.0,-4942.5,-2992.5
2023-08-24 12:38:00,2017.5,-5036.25,-3018.75
2023-08-24 12:39:00,1863.75,-4751.25,-2887.5
2023-08-24 12:40:00,1867.5,-4785.0,-2917.5
2023-08-24 12:41:00,1972.5,-4953.75,-2981.25
2023-08-24 12:42:00,1961.25,-4965.0,-3003.75
2023-08-24 12:43:00,1961.25,-4886.25,-2925.0
2023-08-24 12:44:00,1965.0,-4848.75,-2883.75
2023-08-24 12:45:00,1968.75,-4867.5,-2898.75
2023-08-24 12:46:00,1893.75,-4717.5,-2823.75
2023-08-24 12:47:00,2160.0,-5265.0,-3105.0
2023-08-24 12:48:00,2388.75,-6097.5,-3708.75
2023-08-24 12:49:00,2377.5,-5977.5,-3600.0
2023-08-24 12:50:00,2355.0,-5925.0,-3570.0
2023-08-24 12:51:00,2340.0,-5767.5,-3427.5
2023-08-24 12:52:00,2377.5,-5883.75,-3506.25
2023-08-24 12:53:00,2325.0,-5583.75,-3258.75
2023-08-24 12:54:00,2430.0,-5932.5,-3502.5
2023-08-24 12:55:00,2411.25,-5906.25,-3495.0
2023-08-24 12:56:00,2403.75,-5902.5,-3498.75
2023-08-24 12:57:00,2351.25,-5625.0,-3273.75
2023-08-24 12:58:00,2313.75,-5456.25,-3142.5
2023-08-24 12:59:00,2385.0,-5700.0,-3315.0
2023-08-24 13:00:00,2437.5,-5932.5,-3495.0
2023-08-24 13:01:00,2542.5,-6232.5,-3690.0
2023-08-24 13:02:00,2448.75,-5763.75,-3315.0
2023-08-24 13:03:00,2418.75,-5628.75,-3210.0
2023-08-24 13:04:00,2452.5,-5711.25,-3258.75
2023-08-24 13:05:00,2460.0,-5752.5,-3292.5
2023-08-24 13:06:00,2505.0,-5932.5,-3427.5
2023-08-24 13:07:00,2595.0,-6206.25,-3611.25
2023-08-24 13:08:00,2572.5,-6063.75,-3491.25
2023-08-24 13:09:00,2628.75,-6405.0,-3776.25
2023-08-24 13:10:00,2733.75,-6847.5,-4113.75
2023-08-24 13:11:00,2760.0,-6881.25,-4121.25
2023-08-24 13:12:00,2722.5,-6817.5,-4095.0
2023-08-24 13:13:00,2707.5,-6810.0,-4102.5
2023-08-24 13:14:00,2715.0,-6813.75,-4098.75
2023-08-24 13:15:00,2741.25,-6840.0,-4098.75
2023-08-24 13:16:00,2733.75,-6832.5,-4098.75
2023-08-24 13:17:00,2737.5,-6832.5,-4095.0
2023-08-24 13:18:00,2737.5,-6828.75,-4091.25
2023-08-24 13:19:00,2748.75,-6810.0,-4061.25
2023-08-24 13:20:00,2853.75,-6862.5,-4008.75
2023-08-24 13:21:00,2838.75,-6855.0,-4016.25
2023-08-24 13:22:00,2868.75,-6858.75,-3990.0
2023-08-24 13:23:00,2846.25,-6843.75,-3997.5
2023-08-24 13:24:00,2827.5,-6843.75,-4016.25
2023-08-24 13:25:00,2827.5,-6847.5,-4020.0
2023-08-24 13:26:00,2868.75,-6881.25,-4012.5
2023-08-24 13:27:00,2835.0,-6866.25,-4031.25
2023-08-24 13:28:00,2857.5,-6866.25,-4008.75
2023-08-24 13:29:00,2846.25,-6885.0,-4038.75
2023-08-24 13:30:00,2831.25,-6858.75,-4027.5
2023-08-24 13:31:00,2797.5,-6821.25,-4023.75
2023-08-24 13:32:00,2748.75,-6810.0,-4061.25
2023-08-24 13:33:00,2700.0,-6772.5,-4072.5
2023-08-24 13:34:00,2707.5,-6783.75,-4076.25
2023-08-24 13:35:00,2651.25,-6776.25,-4125.0
2023-08-24 13:36:00,2692.5,-6787.5,-4095.0
2023-08-24 13:37:00,2797.5,-6806.25,-4008.75
2023-08-24 13:38:00,2835.0,-6840.0,-4005.0
2023-08-24 13:39:00,2876.25,-6855.0,-3978.75
2023-08-24 13:40:00,2865.0,-6847.5,-3982.5
2023-08-24 13:41:00,2902.5,-6888.75,-3986.25
2023-08-24 13:42:00,2880.0,-6843.75,-3963.75
2023-08-24 13:43:00,2868.75,-6821.25,-3952.5
2023-08-24 13:44:00,2883.75,-6832.5,-3948.75
2023-08-24 13:45:00,2883.75,-6832.5,-3948.75
2023-08-24 13:46:00,2842.5,-6772.5,-3930.0
2023-08-24 13:47:00,2835.0,-6776.25,-3941.25
2023-08-24 13:48:00,2793.75,-6753.75,-3960.0
2023-08-24 13:49:00,2801.25,-6761.25,-3960.0
2023-08-24 13:50:00,2850.0,-6768.75,-3918.75
2023-08-24 13:51:00,2857.5,-6780.0,-3922.5
2023-08-24 13:52:00,2835.0,-6757.5,-3922.5
2023-08-24 13:53:00,2823.75,-6750.0,-3926.25
2023-08-24 13:54:00,2808.75,-6765.0,-3956.25
2023-08-24 13:55:00,2775.0,-6750.0,-3975.0
2023-08-24 13:56:00,2812.5,-6757.5,-3945.0
2023-08-24 13:57:00,2842.5,-6765.0,-3922.5
2023-08-24 13:58:00,2891.25,-6780.0,-3888.75
2023-08-24 13:59:00,2902.5,-6787.5,-3885.0
2023-08-24 14:00:00,2928.75,-6783.75,-3855.0
2023-08-24 14:01:00,2876.25,-6753.75,-3877.5
2023-08-24 14:02:00,2895.0,-6768.75,-3873.75
2023-08-24 14:03:00,2895.0,-6761.25,-3866.25
2023-08-24 14:04:00,2902.5,-6765.0,-3862.5
2023-08-24 14:05:00,2872.5,-6735.0,-3862.5
2023-08-24 14:06:00,2876.25,-6735.0,-3858.75
2023-08-24 14:07:00,2868.75,-6716.25,-3847.5
2023-08-24 14:08:00,2913.75,-6723.75,-3810.0
2023-08-24 14:09:00,2876.25,-6708.75,-3832.5
2023-08-24 14:10:00,2891.25,-6705.0,-3813.75
2023-08-24 14:11:00,2861.25,-6693.75,-3832.5
2023-08-24 14:12:00,2876.25,-6690.0,-3813.75
2023-08-24 14:13:00,2842.5,-6686.25,-3843.75
2023-08-24 14:14:00,2872.5,-6690.0,-3817.5
2023-08-24 14:15:00,2846.25,-6686.25,-3840.0
2023-08-24 14:16:00,2906.25,-6701.25,-3795.0
2023-08-24 14:17:00,2902.5,-6705.0,-3802.5
2023-08-24 14:18:00,2940.0,-6701.25,-3761.25
2023-08-24 14:19:00,2951.25,-6705.0,-3753.75
2023-08-24 14:20:00,2951.25,-6701.25,-3750.0
2023-08-24 14:21:00,3000.0,-6712.5,-3712.5
2023-08-24 14:22:00,2981.25,-6701.25,-3720.0
2023-08-24 14:23:00,3003.75,-6701.25,-3697.5
2023-08-24 14:24:00,3015.0,-6701.25,-3686.25
2023-08-24 14:25:00,3056.25,-6750.0,-3693.75
2023-08-24 14:26:00,3056.25,-6761.25,-3705.0
2023-08-24 14:27:00,3067.5,-6735.0,-3667.5
2023-08-24 14:28:00,3052.5,-6697.5,-3645.0
2023-08-24 14:29:00,3052.5,-6690.0,-3637.5
2023-08-24 14:30:00,3033.75,-6690.0,-3656.25
2023-08-24 14:31:00,3045.0,-6697.5,-3652.5
2023-08-24 14:32:00,3075.0,-6697.5,-3622.5
2023-08-24 14:33:00,3078.75,-6690.0,-3611.25
2023-08-24 14:34:00,3082.5,-6675.0,-3592.5
2023-08-24 14:35:00,3086.25,-6675.0,-3588.75
2023-08-24 14:36:00,3101.25,-6682.5,-3581.25
2023-08-24 14:37:00,3093.75,-6682.5,-3588.75
2023-08-24 14:38:00,3108.75,-6682.5,-3573.75
2023-08-24 14:39:00,3112.5,-6682.5,-3570.0
2023-08-24 14:40:00,3108.75,-6675.0,-3566.25
2023-08-24 14:41:00,3116.25,-6675.0,-3558.75
2023-08-24 14:42:00,3112.5,-6667.5,-3555.0
2023-08-24 14:43:00,3112.5,-6667.5,-3555.0
2023-08-24 14:44:00,3112.5,-6663.75,-3551.25
2023-08-24 14:45:00,3123.75,-6671.25,-3547.5
2023-08-24 14:46:00,3131.25,-6671.25,-3540.0
2023-08-24 14:47:00,3135.0,-6675.0,-3540.0
2023-08-24 14:48:00,3131.25,-6701.25,-3570.0
2023-08-24 14:49:00,3131.25,-6701.25,-3570.0
2023-08-24 14:50:00,3127.5,-6690.0,-3562.5
2023-08-24 14:51:00,3135.0,-6708.75,-3573.75
2023-08-24 14:52:00,3135.0,-6716.25,-3581.25
2023-08-24 14:53:00,3142.5,-6686.25,-3543.75
2023-08-24 14:54:00,3142.5,-6693.75,-3551.25
2023-08-24 14:55:00,3142.5,-6690.0,-3547.5
2023-08-24 14:56:00,3138.75,-6697.5,-3558.75
2023-08-24 14:57:00,3142.5,-6690.0,-3547.5
2023-08-24 14:58:00,3146.25,-6690.0,-3543.75
2023-08-24 14:59:00,3142.5,-6697.5,-3555.0
2023-08-24 15:00:00,3138.75,-6671.25,-3532.5
2023-08-24 15:01:00,3138.75,-6663.75,-3525.0
2023-08-24 15:02:00,3146.25,-6656.25,-3510.0
2023-08-24 15:03:00,3153.75,-6656.25,-3502.5
2023-08-24 15:04:00,3165.0,-6652.5,-3487.5
2023-08-24 15:05:00,3165.0,-6645.0,-3480.0
2023-08-24 15:06:00,3165.0,-6648.75,-3483.75
2023-08-24 15:07:00,3165.0,-6641.25,-3476.25
2023-08-24 15:08:00,3172.5,-6641.25,-3468.75
2023-08-24 15:09:00,3168.75,-6637.5,-3468.75
2023-08-24 15:10:00,3168.75,-6641.25,-3472.5
2023-08-24 15:11:00,3172.5,-6637.5,-3465.0
2023-08-24 15:12:00,3172.5,-6637.5,-3465.0
2023-08-24 15:13:00,3168.75,-6637.5,-3468.75
2023-08-24 15:14:00,3176.25,-6641.25,-3465.0
2023-08-24 15:15:00,3176.25,-6637.5,-3461.25
2023-08-24 15:16:00,3176.25,-6637.5,-3461.25
2023-08-24 15:17:00,3176.25,-6641.25,-3465.0
2023-08-24 15:18:00,3180.0,-6637.5,-3457.5
2023-08-24 15:19:00,3172.5,-6637.5,-3465.0
2023-08-24 15:20:00,3176.25,-6633.75,-3457.5
2023-08-24 15:21:00,3176.25,-6633.75,-3457.5
2023-08-24 15:22:00,3176.25,-6633.75,-3457.5
2023-08-24 15:23:00,3176.25,-6633.75,-3457.5
2023-08-24 15:24:00,3176.25,-6633.75,-3457.5
2023-08-24 15:25:00,3176.25,-6633.75,-3457.5
2023-08-24 15:26:00,3176.25,-6633.75,-3457.5
2023-08-24 15:27:00,3176.25,-6633.75,-3457.5
2023-08-24 15:28:00,3176.25,-6633.75,-3457.5
2023-08-24 15:29:00,3176.25,-6633.75,-3457.5
2023-08-24 15:30:00,3176.25,-6633.75,-3457.5
2023-08-31 10:15:00,0.0,0.0,0.0
2023-08-31 10:16:00,15.0,-45.0,-30.0
2023-08-31 10:17:00,3.75,0.0,3.75
2023-08-31 10:18:00,-48.75,123.75,75.0
2023-08-31 10:19:00,-41.25,78.75,37.5
2023-08-31 10:20:00,56.25,-45.0,11.25
2023-08-31 10:21:00,56.25,7.5,63.75
2023-08-31 10:22:00,67.5,-22.5,45.0
2023-08-31 10:23:00,82.5,-71.25,11.25
2023-08-31 10:24:00,60.0,-30.0,30.0
2023-08-31 10:25:00,52.5,-3.75,48.75
2023-08-31 10:26:00,116.25,-112.5,3.75
2023-08-31 10:27:00,191.25,-247.5,-56.25
2023-08-31 10:28:00,195.0,-367.5,-172.5
2023-08-31 10:29:00,180.0,-322.5,-142.5
2023-08-31 10:30:00,255.0,-521.25,-266.25
2023-08-31 10:31:00,243.75,-405.0,-161.25
2023-08-31 10:32:00,210.0,-288.75,-78.75
2023-08-31 10:33:00,213.75,-382.5,-168.75
2023-08-31 10:34:00,210.0,-423.75,-213.75
2023-08-31 10:35:00,206.25,-371.25,-165.0
2023-08-31 10:36:00,262.5,-652.5,-390.0
2023-08-31 10:37:00,303.75,-840.0,-536.25
2023-08-31 10:38:00,318.75,-1158.75,-840.0
2023-08-31 10:39:00,277.5,-881.25,-603.75
2023-08-31 10:40:00,292.5,-866.25,-573.75
2023-08-31 10:41:00,300.0,-990.0,-690.0
2023-08-31 10:42:00,273.75,-757.5,-483.75
2023-08-31 10:43:00,262.5,-701.25,-438.75
2023-08-31 10:44:00,247.5,-596.25,-348.75
2023-08-31 10:45:00,277.5,-783.75,-506.25
2023-08-31 10:46:00,262.5,-675.0,-412.5
2023-08-31 10:47:00,270.0,-705.0,-435.0
2023-08-31 10:48:00,277.5,-791.25,-513.75
2023-08-31 10:49:00,273.75,-783.75,-510.0
2023-08-31 10:50:00,285.0,-765.0,-480.0
2023-08-31 10:51:00,292.5,-843.75,-551.25
2023-08-31 10:52:00,292.5,-813.75,-521.25
2023-08-31 10:53:00,303.75,-896.25,-592.5
2023-08-31 10:54:00,285.0,-735.0,-450.0
2023-08-31 10:55:00,300.0,-780.0,-480.0
2023-08-31 10:56:00,303.75,-780.0,-476.25
2023-08-31 10:57:00,363.75,-926.25,-562.5
2023-08-31 10:58:00,285.0,-528.75,-243.75
2023-08-31 10:59:00,303.75,-555.0,-251.25
2023-08-31 11:00:00,311.25,-588.75,-277.5
2023-08-31 11:01:00,345.0,-776.25,-431.25
2023-08-31 11:02:00,333.75,-705.0,-371.25
2023-08-31 11:03:00,367.5,-1008.75,-641.25
2023-08-31 11:04:00,416.25,-1320.0,-903.75
2023-08-31 11:05:00,405.0,-1252.5,-847.5
2023-08-31 11:06:00,412.5,-1335.0,-922.5
2023-08-31 11:07:00,405.0,-1335.0,-930.0
2023-08-31 11:08:00,401.25,-1413.75,-1012.5
2023-08-31 11:09:00,405.0,-1391.25,-986.25
2023-08-31 11:10:00,393.75,-1335.0,-941.25
2023-08-31 11:11:00,378.75,-1312.5,-933.75
2023-08-31 11:12:00,375.0,-1256.25,-881.25
2023-08-31 11:13:00,367.5,-1226.25,-858.75
2023-08-31 11:14:00,375.0,-1245.0,-870.0
2023-08-31 11:15:00,378.75,-1252.5,-873.75
2023-08-31 11:16:00,378.75,-1211.25,-832.5
2023-08-31 11:17:00,382.5,-1200.0,-817.5
2023-08-31 11:18:00,371.25,-1173.75,-802.5
2023-08-31 11:19:00,363.75,-1050.0,-686.25
2023-08-31 11:20:00,348.75,-997.5,-648.75
2023-08-31 11:21:00,356.25,-1121.25,-765.0
2023-08-31 11:22:00,360.0,-1125.0,-765.0
2023-08-31 11:23:00,363.75,-1128.75,-765.0
2023-08-31 11:24:00,337.5,-885.0,-547.5
2023-08-31 11:25:00,300.0,-570.0,-270.0
2023-08-31 11:26:00,258.75,-378.75,-120.0
2023-08-31 11:27:00,296.25,-577.5,-281.25
2023-08-31 11:28:00,296.25,-566.25,-270.0
2023-08-31 11:29:00,296.25,-502.5,-206.25
2023-08-31 11:30:00,296.25,-536.25,-240.0
2023-08-31 11:31:00,337.5,-693.75,-356.25
2023-08-31 11:32:00,296.25,-570.0,-273.75
2023-08-31 11:33:00,273.75,-416.25,-142.5
2023-08-31 11:34:00,243.75,-315.0,-71.25
2023-08-31 11:35:00,228.75,-161.25,67.5
2023-08-31 11:36:00,266.25,-281.25,-15.0
2023-08-31 11:37:00,232.5,-225.0,7.5
2023-08-31 11:38:00,255.0,-311.25,-56.25
2023-08-31 11:39:00,243.75,-210.0,33.75
2023-08-31 11:40:00,270.0,-356.25,-86.25
2023-08-31 11:41:00,311.25,-480.0,-168.75
2023-08-31 11:42:00,296.25,-397.5,-101.25
2023-08-31 11:43:00,322.5,-495.0,-172.5
2023-08-31 11:44:00,345.0,-525.0,-180.0
2023-08-31 11:45:00,341.25,-517.5,-176.25
2023-08-31 11:46:00,345.0,-525.0,-180.0
2023-08-31 11:47:00,348.75,-562.5,-213.75
2023-08-31 11:48:00,401.25,-697.5,-296.25
2023-08-31 11:49:00,375.0,-558.75,-183.75
2023-08-31 11:50:00,412.5,-783.75,-371.25
2023-08-31 11:51:00,408.75,-682.5,-273.75
2023-08-31 11:52:00,405.0,-757.5,-352.5
2023-08-31 11:53:00,412.5,-780.0,-367.5
2023-08-31 11:54:00,416.25,-817.5,-401.25
2023-08-31 11:55:00,420.0,-832.5,-412.5
2023-08-31 11:56:00,427.5,-787.5,-360.0
2023-08-31 11:57:00,435.0,-870.0,-435.0
2023-08-31 11:58:00,427.5,-753.75,-326.25
2023-08-31 11:59:00,435.0,-806.25,-371.25
2023-08-31 12:00:00,472.5,-997.5,-525.0
2023-08-31 12:01:00,472.5,-1091.25,-618.75
2023-08-31 12:02:00,502.5,-1380.0,-877.5
2023-08-31 12:03:00,491.25,-1113.75,-622.5
2023-08-31 12:04:00,465.0,-952.5,-487.5
2023-08-31 12:05:00,461.25,-975.0,-513.75
2023-08-31 12:06:00,461.25,-1031.25,-570.0
2023-08-31 12:07:00,476.25,-1128.75,-652.5
2023-08-31 12:08:00,465.0,-1027.5,-562.5
2023-08-31 12:09:00,465.0,-1005.0,-540.0
2023-08-31 12:10:00,472.5,-1072.5,-600.0
2023-08-31 12:11:00,495.0,-1140.0,-645.0
2023-08-31 12:12:00,487.5,-1065.0,-577.5
2023-08-31 12:13:00,521.25,-1455.0,-933.75
2023-08-31 12:14:00,502.5,-1342.5,-840.0
2023-08-31 12:15:00,498.75,-1297.5,-798.75
2023-08-31 12:16:00,495.0,-1410.0,-915.0
2023-08-31 12:17:00,483.75,-1237.5,-753.75
2023-08-31 12:18:00,476.25,-1155.0,-678.75
2023-08-31 12:19:00,457.5,-903.75,-446.25
2023-08-31 12:20:00,461.25,-956.25,-495.0
2023-08-31 12:21:00,480.0,-1177.5,-697.5
2023-08-31 12:22:00,491.25,-1293.75,-802.5
2023-08-31 12:23:00,495.0,-1470.0,-975.0
2023-08-31 12:24:00,517.5,-1856.25,-1338.75
2023-08-31 12:25:00,517.5,-1833.75,-1316.25
2023-08-31 12:26:00,397.5,-1545.0,-1147.5
2023-08-31 12:27:00,585.0,-1848.75,-1263.75
2023-08-31 12:28:00,412.5,-1665.0,-1252.5
2023-08-31 12:29:00,401.25,-1601.25,-1200.0
2023-08-31 12:30:00,322.5,-1327.5,-1005.0
2023-08-31 12:31:00,285.0,-1338.75,-1053.75
2023-08-31 12:32:00,348.75,-1425.0,-1076.25
2023-08-31 12:33:00,401.25,-1511.25,-1110.0
2023-08-31 12:34:00,401.25,-1492.5,-1091.25
2023-08-31 12:35:00,483.75,-1605.0,-1121.25
2023-08-31 12:36:00,476.25,-1605.0,-1128.75
2023-08-31 12:37:00,581.25,-1766.25,-1185.0
2023-08-31 12:38:00,510.0,-1627.5,-1117.5
2023-08-31 12:39:00,457.5,-1560.0,-1102.5
2023-08-31 12:40:00,431.25,-1545.0,-1113.75
2023-08-31 12:41:00,532.5,-1620.0,-1087.5
2023-08-31 12:42:00,457.5,-1548.75,-1091.25
2023-08-31 12:43:00,435.0,-1518.75,-1083.75
2023-08-31 12:44:00,225.0,-1121.25,-896.25
2023-08-31 12:45:00,258.75,-1207.5,-948.75
2023-08-31 12:46:00,52.5,-937.5,-885.0
2023-08-31 12:47:00,112.5,-1035.0,-922.5
2023-08-31 12:48:00,131.25,-1091.25,-960.0
2023-08-31 12:49:00,513.75,-1518.75,-1005.0
2023-08-31 12:50:00,382.5,-1263.75,-881.25
2023-08-31 12:51:00,285.0,-1095.0,-810.0
2023-08-31 12:52:00,172.5,-1035.0,-862.5
2023-08-31 12:53:00,255.0,-1177.5,-922.5
2023-08-31 12:54:00,251.25,-1170.0,-918.75
2023-08-31 12:55:00,161.25,-1001.25,-840.0
2023-08-31 12:56:00,315.0,-1173.75,-858.75
2023-08-31 12:57:00,416.25,-1357.5,-941.25
2023-08-31 12:58:00,240.0,-1136.25,-896.25
2023-08-31 12:59:00,221.25,-1050.0,-828.75
2023-08-31 13:00:00,251.25,-1113.75,-862.5
2023-08-31 13:01:00,292.5,-1117.5,-825.0
2023-08-31 13:02:00,345.0,-1188.75,-843.75
2023-08-31 13:03:00,502.5,-1395.0,-892.5
2023-08-31 13:04:00,495.0,-1361.25,-866.25
2023-08-31 13:05:00,532.5,-1417.5,-885.0
2023-08-31 13:06:00,476.25,-1346.25,-870.0
2023-08-31 13:07:00,498.75,-1383.75,-885.0
2023-08-31 13:08:00,465.0,-1293.75,-828.75
2023-08-31 13:09:00,465.0,-1327.5,-862.5
2023-08-31 13:10:00,307.5,-1091.25,-783.75
2023-08-31 13:11:00,585.0,-1447.5,-862.5
2023-08-31 13:12:00,1005.0,-1897.5,-892.5
2023-08-31 13:13:00,1023.75,-2025.0,-1001.25
2023-08-31 13:14:00,1027.5,-1946.25,-918.75
2023-08-31 13:15:00,1050.0,-1991.25,-941.25
2023-08-31 13:16:00,1065.0,-1886.25,-821.25
2023-08-31 13:17:00,1110.0,-1961.25,-851.25
2023-08-31 13:18:00,1110.0,-1822.5,-712.5
2023-08-31 13:19:00,1080.0,-1736.25,-656.25
2023-08-31 13:20:00,1143.75,-1901.25,-757.5
2023-08-31 13:21:00,1222.5,-1995.0,-772.5
2023-08-31 13:22:00,1166.25,-1713.75,-547.5
2023-08-31 13:23:00,1106.25,-1657.5,-551.25
2023-08-31 13:24:00,1117.5,-1683.75,-566.25
2023-08-31 13:25:00,1106.25,-1560.0,-453.75
2023-08-31 13:26:00,1061.25,-1372.5,-311.25
2023-08-31 13:27:00,1132.5,-1582.5,-450.0
2023-08-31 13:28:00,1143.75,-1590.0,-446.25
2023-08-31 13:29:00,1158.75,-1586.25,-427.5
2023-08-31 13:30:00,1053.75,-1338.75,-285.0
2023-08-31 13:31:00,1005.0,-1222.5,-217.5
2023-08-31 13:32:00,1012.5,-1196.25,-183.75
2023-08-31 13:33:00,885.0,-956.25,-71.25
2023-08-31 13:34:00,1035.0,-1136.25,-101.25
2023-08-31 13:35:00,787.5,-720.0,67.5
2023-08-31 13:36:00,701.25,-592.5,108.75
2023-08-31 13:37:00,397.5,-236.25,161.25
2023-08-31 13:38:00,341.25,-210.0,131.25
2023-08-31 13:39:00,401.25,-243.75,157.5
2023-08-31 13:40:00,408.75,-232.5,176.25
2023-08-31 13:41:00,251.25,-86.25,165.0
2023-08-31 13:42:00,161.25,41.25,202.5
2023-08-31 13:43:00,285.0,-26.25,258.75
2023-08-31 13:44:00,288.75,-33.75,255.0
2023-08-31 13:45:00,322.5,-101.25,221.25
2023-08-31 13:46:00,596.25,-337.5,258.75
2023-08-31 13:47:00,581.25,-322.5,258.75
2023-08-31 13:48:00,821.25,-528.75,292.5
2023-08-31 13:49:00,697.5,-322.5,375.0
2023-08-31 13:50:00,915.0,-532.5,382.5
2023-08-31 13:51:00,963.75,-555.0,408.75
2023-08-31 13:52:00,922.5,-513.75,408.75
2023-08-31 13:53:00,1110.0,-735.0,375.0
2023-08-31 13:54:00,1230.0,-945.0,285.0
2023-08-31 13:55:00,1215.0,-795.0,420.0
2023-08-31 13:56:00,1226.25,-862.5,363.75
2023-08-31 13:57:00,1095.0,-675.0,420.0
2023-08-31 13:58:00,1147.5,-873.75,273.75
2023-08-31 13:59:00,1222.5,-930.0,292.5
2023-08-31 14:00:00,1245.0,-948.75,296.25
2023-08-31 14:01:00,1162.5,-783.75,378.75
2023-08-31 14:02:00,1282.5,-1020.0,262.5
2023-08-31 14:03:00,1233.75,-915.0,318.75
2023-08-31 14:04:00,1245.0,-903.75,341.25
2023-08-31 14:05:00,1155.0,-697.5,457.5
2023-08-31 14:06:00,1151.25,-776.25,375.0
2023-08-31 14:07:00,1140.0,-742.5,397.5
2023-08-31 14:08:00,1233.75,-813.75,420.0
2023-08-31 14:09:00,1207.5,-791.25,416.25
2023-08-31 14:10:00,1207.5,-806.25,401.25
2023-08-31 14:11:00,1263.75,-847.5,416.25
2023-08-31 14:12:00,1458.75,-1188.75,270.0
2023-08-31 14:13:00,1417.5,-1121.25,296.25
2023-08-31 14:14:00,1526.25,-1361.25,165.0
2023-08-31 14:15:00,1575.0,-1526.25,48.75
2023-08-31 14:16:00,1597.5,-1567.5,30.0
2023-08-31 14:17:00,1518.75,-1230.0,288.75
2023-08-31 14:18:00,1530.0,-1290.0,240.0
2023-08-31 14:19:00,1582.5,-1406.25,176.25
2023-08-31 14:20:00,1620.0,-1496.25,123.75
2023-08-31 14:21:00,1646.25,-1541.25,105.0
2023-08-31 14:22:00,1650.0,-1545.0,105.0
2023-08-31 14:23:00,1627.5,-1282.5,345.0
2023-08-31 14:24:00,1616.25,-1211.25,405.0
2023-08-31 14:25:00,1601.25,-1211.25,390.0
2023-08-31 14:26:00,1608.75,-1173.75,435.0
2023-08-31 14:27:00,1571.25,-1072.5,498.75
2023-08-31 14:28:00,1650.0,-1297.5,352.5
2023-08-31 14:29:00,1687.5,-1466.25,221.25
2023-08-31 14:30:00,1755.0,-1860.0,-105.0
2023-08-31 14:31:00,1717.5,-1552.5,165.0
2023-08-31 14:32:00,1743.75,-1687.5,56.25
2023-08-31 14:33:00,1781.25,-1717.5,63.75
2023-08-31 14:34:00,1841.25,-1938.75,-97.5
2023-08-31 14:35:00,1800.0,-1650.0,150.0
2023-08-31 14:36:00,1770.0,-1515.0,255.0
2023-08-31 14:37:00,1818.75,-1747.5,71.25
2023-08-31 14:38:00,1837.5,-1792.5,45.0
2023-08-31 14:39:00,1841.25,-1818.75,22.5
2023-08-31 14:40:00,1837.5,-1743.75,93.75
2023-08-31 14:41:00,1811.25,-1687.5,123.75
2023-08-31 14:42:00,1860.0,-1755.0,105.0
2023-08-31 14:43:00,1856.25,-1657.5,198.75
2023-08-31 14:44:00,1860.0,-1627.5,232.5
2023-08-31 14:45:00,1908.75,-1740.0,168.75
2023-08-31 14:46:00,1901.25,-1743.75,157.5
2023-08-31 14:47:00,1935.0,-1747.5,187.5
2023-08-31 14:48:00,1867.5,-1732.5,135.0
2023-08-31 14:49:00,1916.25,-1728.75,187.5
2023-08-31 14:50:00,1946.25,-1736.25,210.0
2023-08-31 14:51:00,1938.75,-1728.75,210.0
2023-08-31 14:52:00,1920.0,-1725.0,195.0
2023-08-31 14:53:00,1942.5,-1728.75,213.75
2023-08-31 14:54:00,1972.5,-1725.0,247.5
2023-08-31 14:55:00,1976.25,-1721.25,255.0
2023-08-31 14:56:00,1957.5,-1725.0,232.5
2023-08-31 14:57:00,1942.5,-1717.5,225.0
2023-08-31 14:58:00,1908.75,-1717.5,191.25
2023-08-31 14:59:00,1893.75,-1721.25,172.5
2023-08-31 15:00:00,1882.5,-1717.5,165.0
2023-08-31 15:01:00,1826.25,-1713.75,112.5
2023-08-31 15:02:00,2040.0,-1713.75,326.25
2023-08-31 15:03:00,2058.75,-1710.0,348.75
2023-08-31 15:04:00,2070.0,-1713.75,356.25
2023-08-31 15:05:00,2077.5,-1710.0,367.5
2023-08-31 15:06:00,2070.0,-1713.75,356.25
2023-08-31 15:07:00,2092.5,-1717.5,375.0
2023-08-31 15:08:00,2088.75,-1717.5,371.25
2023-08-31 15:09:00,2096.25,-1710.0,386.25
2023-08-31 15:10:00,2096.25,-1710.0,386.25
2023-08-31 15:11:00,2092.5,-1702.5,390.0
2023-08-31 15:12:00,2092.5,-1702.5,390.0
2023-08-31 15:13:00,2096.25,-1706.25,390.0
2023-08-31 15:14:00,2092.5,-1706.25,386.25
2023-08-31 15:15:00,2081.25,-1698.75,382.5
2023-08-31 15:16:00,2085.0,-1702.5,382.5
2023-08-31 15:17:00,2092.5,-1698.75,393.75
2023-08-31 15:18:00,2096.25,-1698.75,397.5
2023-08-31 15:19:00,2096.25,-1698.75,397.5
2023-08-31 15:20:00,2096.25,-1702.5,393.75
2023-08-31 15:21:00,2096.25,-1702.5,393.75
2023-08-31 15:22:00,2096.25,-1702.5,393.75
2023-08-31 15:23:00,2096.25,-1702.5,393.75
2023-08-31 15:24:00,2096.25,-1702.5,393.75
2023-08-31 15:25:00,2096.25,-1702.5,393.75
2023-08-31 15:26:00,2096.25,-1702.5,393.75
2023-08-31 15:27:00,2096.25,-1702.5,393.75
2023-08-31 15:28:00,2096.25,-1702.5,393.75
2023-08-31 15:29:00,2096.25,-1702.5,393.75
2023-08-31 15:30:00,2096.25,-1702.5,393.75
2023-09-07 10:15:00,0.0,0.0,0.0
2023-09-07 10:16:00,-48.75,45.0,-3.75
2023-09-07 10:17:00,-60.0,56.25,-3.75
2023-09-07 10:18:00,11.25,-41.25,-30.0
2023-09-07 10:19:00,0.0,-63.75,-63.75
2023-09-07 10:20:00,7.5,-71.25,-63.75
2023-09-07 10:21:00,15.0,-37.5,-22.5
2023-09-07 10:22:00,0.0,-45.0,-45.0
2023-09-07 10:23:00,33.75,-78.75,-45.0
2023-09-07 10:24:00,7.5,-37.5,-30.0
2023-09-07 10:25:00,-18.75,7.5,-11.25
2023-09-07 10:26:00,-56.25,60.0,3.75
2023-09-07 10:27:00,-52.5,30.0,-22.5
2023-09-07 10:28:00,-15.0,15.0,0.0
2023-09-07 10:29:00,-15.0,15.0,0.0
2023-09-07 10:30:00,-18.75,52.5,33.75
2023-09-07 10:31:00,7.5,15.0,22.5
2023-09-07 10:32:00,3.75,22.5,26.25
2023-09-07 10:33:00,60.0,-18.75,41.25
2023-09-07 10:34:00,26.25,3.75,30.0
2023-09-07 10:35:00,22.5,11.25,33.75
2023-09-07 10:36:00,41.25,-3.75,37.5
2023-09-07 10:37:00,60.0,-52.5,7.5
2023-09-07 10:38:00,63.75,-75.0,-11.25
2023-09-07 10:39:00,-52.5,221.25,168.75
2023-09-07 10:40:00,-157.5,307.5,150.0
2023-09-07 10:41:00,-108.75,277.5,168.75
2023-09-07 10:42:00,-206.25,288.75,82.5
2023-09-07 10:43:00,-150.0,266.25,116.25
2023-09-07 10:44:00,-150.0,251.25,101.25
2023-09-07 10:45:00,-303.75,315.0,11.25
2023-09-07 10:46:00,-228.75,292.5,63.75
2023-09-07 10:47:00,-221.25,292.5,71.25
2023-09-07 10:48:00,-277.5,371.25,93.75
2023-09-07 10:49:00,-277.5,382.5,105.0
2023-09-07 10:50:00,-225.0,345.0,120.0
2023-09-07 10:51:00,-236.25,352.5,116.25
2023-09-07 10:52:00,-206.25,345.0,138.75
2023-09-07 10:53:00,-131.25,303.75,172.5
2023-09-07 10:54:00,-112.5,292.5,180.0
2023-09-07 10:55:00,-172.5,318.75,146.25
2023-09-07 10:56:00,-206.25,341.25,135.0
2023-09-07 10:57:00,-251.25,371.25,120.0
2023-09-07 10:58:00,-236.25,393.75,157.5
2023-09-07 10:59:00,-202.5,367.5,165.0
2023-09-07 11:00:00,-281.25,423.75,142.5
2023-09-07 11:01:00,-296.25,427.5,131.25
2023-09-07 11:02:00,-285.0,431.25,146.25
2023-09-07 11:03:00,-273.75,435.0,161.25
2023-09-07 11:04:00,-300.0,487.5,187.5
2023-09-07 11:05:00,-221.25,450.0,228.75
2023-09-07 11:06:00,-232.5,435.0,202.5
2023-09-07 11:07:00,-277.5,446.25,168.75
2023-09-07 11:08:00,-243.75,435.0,191.25
2023-09-07 11:09:00,-255.0,442.5,187.5
2023-09-07 11:10:00,-288.75,468.75,180.0
2023-09-07 11:11:00,-397.5,483.75,86.25
2023-09-07 11:12:00,-480.0,536.25,56.25
2023-09-07 11:13:00,-397.5,532.5,135.0
2023-09-07 11:14:00,-536.25,566.25,30.0
2023-09-07 11:15:00,-487.5,555.0,67.5
2023-09-07 11:16:00,-491.25,558.75,67.5
2023-09-07 11:17:00,-495.0,543.75,48.75
2023-09-07 11:18:00,-472.5,528.75,56.25
2023-09-07 11:19:00,-446.25,521.25,75.0
2023-09-07 11:20:00,-465.0,532.5,67.5
2023-09-07 11:21:00,-337.5,513.75,176.25
2023-09-07 11:22:00,-345.0,495.0,150.0
2023-09-07 11:23:00,-326.25,498.75,172.5
2023-09-07 11:24:00,-363.75,498.75,135.0
2023-09-07 11:25:00,-363.75,513.75,150.0
2023-09-07 11:26:00,-281.25,495.0,213.75
2023-09-07 11:27:00,-303.75,502.5,198.75
2023-09-07 11:28:00,-270.0,480.0,210.0
2023-09-07 11:29:00,-236.25,476.25,240.0
2023-09-07 11:30:00,-236.25,480.0,243.75
2023-09-07 11:31:00,-300.0,506.25,206.25
2023-09-07 11:32:00,-150.0,465.0,315.0
2023-09-07 11:33:00,-127.5,423.75,296.25
2023-09-07 11:34:00,-138.75,408.75,270.0
2023-09-07 11:35:00,-71.25,390.0,318.75
2023-09-07 11:36:00,-33.75,371.25,337.5
2023-09-07 11:37:00,-97.5,397.5,300.0
2023-09-07 11:38:00,7.5,352.5,360.0
2023-09-07 11:39:00,71.25,247.5,318.75
2023-09-07 11:40:00,108.75,112.5,221.25
2023-09-07 11:41:00,86.25,195.0,281.25
2023-09-07 11:42:00,116.25,180.0,296.25
2023-09-07 11:43:00,90.0,217.5,307.5
2023-09-07 11:44:00,86.25,195.0,281.25
2023-09-07 11:45:00,101.25,187.5,288.75
2023-09-07 11:46:00,86.25,240.0,326.25
2023-09-07 11:47:00,48.75,270.0,318.75
2023-09-07 11:48:00,56.25,236.25,292.5
2023-09-07 11:49:00,90.0,217.5,307.5
2023-09-07 11:50:00,93.75,210.0,303.75
2023-09-07 11:51:00,67.5,270.0,337.5
2023-09-07 11:52:00,45.0,285.0,330.0
2023-09-07 11:53:00,48.75,337.5,386.25
2023-09-07 11:54:00,37.5,352.5,390.0
2023-09-07 11:55:00,-22.5,446.25,423.75
2023-09-07 11:56:00,-63.75,457.5,393.75
2023-09-07 11:57:00,18.75,438.75,457.5
2023-09-07 11:58:00,-33.75,446.25,412.5
2023-09-07 11:59:00,-63.75,498.75,435.0
2023-09-07 12:00:00,-112.5,543.75,431.25
2023-09-07 12:01:00,-48.75,525.0,476.25
2023-09-07 12:02:00,-108.75,555.0,446.25
2023-09-07 12:03:00,-93.75,525.0,431.25
2023-09-07 12:04:00,-33.75,502.5,468.75
2023-09-07 12:05:00,-30.0,483.75,453.75
2023-09-07 12:06:00,11.25,457.5,468.75
2023-09-07 12:07:00,7.5,457.5,465.0
2023-09-07 12:08:00,0.0,453.75,453.75
2023-09-07 12:09:00,63.75,390.0,453.75
2023-09-07 12:10:00,-7.5,468.75,461.25
2023-09-07 12:11:00,-30.0,480.0,450.0
2023-09-07 12:12:00,-18.75,457.5,438.75
2023-09-07 12:13:00,-7.5,461.25,453.75
2023-09-07 12:14:00,-52.5,498.75,446.25
2023-09-07 12:15:00,-15.0,472.5,457.5
2023-09-07 12:16:00,0.0,427.5,427.5
2023-09-07 12:17:00,11.25,423.75,435.0
2023-09-07 12:18:00,41.25,390.0,431.25
2023-09-07 12:19:00,26.25,401.25,427.5
2023-09-07 12:20:00,33.75,405.0,438.75
2023-09-07 12:21:00,11.25,468.75,480.0
2023-09-07 12:22:00,-3.75,483.75,480.0
2023-09-07 12:23:00,-18.75,476.25,457.5
2023-09-07 12:24:00,63.75,416.25,480.0
2023-09-07 12:25:00,15.0,461.25,476.25
2023-09-07 12:26:00,-48.75,536.25,487.5
2023-09-07 12:27:00,-30.0,495.0,465.0
2023-09-07 12:28:00,37.5,453.75,491.25
2023-09-07 12:29:00,75.0,393.75,468.75
2023-09-07 12:30:00,78.75,390.0,468.75
2023-09-07 12:31:00,52.5,435.0,487.5
2023-09-07 12:32:00,41.25,465.0,506.25
2023-09-07 12:33:00,30.0,468.75,498.75
2023-09-07 12:34:00,-7.5,472.5,465.0
2023-09-07 12:35:00,-3.75,491.25,487.5
2023-09-07 12:36:00,-41.25,510.0,468.75
2023-09-07 12:37:00,-45.0,521.25,476.25
2023-09-07 12:38:00,-41.25,528.75,487.5
2023-09-07 12:39:00,-26.25,510.0,483.75
2023-09-07 12:40:00,-33.75,525.0,491.25
2023-09-07 12:41:00,7.5,487.5,495.0
2023-09-07 12:42:00,11.25,472.5,483.75
2023-09-07 12:43:00,-48.75,528.75,480.0
2023-09-07 12:44:00,-37.5,521.25,483.75
2023-09-07 12:45:00,-37.5,517.5,480.0
2023-09-07 12:46:00,-52.5,528.75,476.25
2023-09-07 12:47:00,-101.25,555.0,453.75
2023-09-07 12:48:00,-243.75,611.25,367.5
2023-09-07 12:49:00,-341.25,648.75,307.5
2023-09-07 12:50:00,-270.0,633.75,363.75
2023-09-07 12:51:00,-285.0,622.5,337.5
2023-09-07 12:52:00,-251.25,611.25,360.0
2023-09-07 12:53:00,-187.5,611.25,423.75
2023-09-07 12:54:00,-52.5,581.25,528.75
2023-09-07 12:55:00,48.75,502.5,551.25
2023-09-07 12:56:00,26.25,498.75,525.0
2023-09-07 12:57:00,33.75,468.75,502.5
2023-09-07 12:58:00,-30.0,543.75,513.75
2023-09-07 12:59:00,-45.0,540.0,495.0
2023-09-07 13:00:00,-26.25,543.75,517.5
2023-09-07 13:01:00,-15.0,517.5,502.5
2023-09-07 13:02:00,-3.75,502.5,498.75
2023-09-07 13:03:00,-22.5,513.75,491.25
2023-09-07 13:04:00,-41.25,540.0,498.75
2023-09-07 13:05:00,-63.75,551.25,487.5
2023-09-07 13:06:00,-48.75,543.75,495.0
2023-09-07 13:07:00,-210.0,603.75,393.75
2023-09-07 13:08:00,-228.75,615.0,386.25
2023-09-07 13:09:00,-183.75,600.0,416.25
2023-09-07 13:10:00,-180.0,585.0,405.0
2023-09-07 13:11:00,-243.75,607.5,363.75
2023-09-07 13:12:00,-183.75,573.75,390.0
2023-09-07 13:13:00,-153.75,566.25,412.5
2023-09-07 13:14:00,-180.0,596.25,416.25
2023-09-07 13:15:00,-191.25,596.25,405.0
2023-09-07 13:16:00,-228.75,600.0,371.25
2023-09-07 13:17:00,-270.0,618.75,348.75
2023-09-07 13:18:00,-311.25,633.75,322.5
2023-09-07 13:19:00,-318.75,622.5,303.75
2023-09-07 13:20:00,-397.5,630.0,232.5
2023-09-07 13:21:00,-393.75,630.0,236.25
2023-09-07 13:22:00,-378.75,626.25,247.5
2023-09-07 13:23:00,-352.5,626.25,273.75
2023-09-07 13:24:00,-360.0,626.25,266.25
2023-09-07 13:25:00,-386.25,630.0,243.75
2023-09-07 13:26:00,-633.75,675.0,41.25
2023-09-07 13:27:00,-543.75,656.25,112.5
2023-09-07 13:28:00,-540.0,648.75,108.75
2023-09-07 13:29:00,-622.5,667.5,45.0
2023-09-07 13:30:00,-551.25,675.0,123.75
2023-09-07 13:31:00,-461.25,663.75,202.5
2023-09-07 13:32:00,-457.5,663.75,206.25
2023-09-07 13:33:00,-476.25,660.0,183.75
2023-09-07 13:34:00,-671.25,675.0,3.75
2023-09-07 13:35:00,-551.25,678.75,127.5
2023-09-07 13:36:00,-930.0,693.75,-236.25
2023-09-07 13:37:00,-630.0,693.75,63.75
2023-09-07 13:38:00,-660.0,682.5,22.5
2023-09-07 13:39:00,-697.5,690.0,-7.5
2023-09-07 13:40:00,-997.5,705.0,-292.5
2023-09-07 13:41:00,-1226.25,716.25,-510.0
2023-09-07 13:42:00,-1417.5,723.75,-693.75
2023-09-07 13:43:00,-1230.0,716.25,-513.75
2023-09-07 13:44:00,-1192.5,716.25,-476.25
2023-09-07 13:45:00,-1653.75,716.25,-937.5
2023-09-07 13:46:00,-1597.5,630.0,-967.5
2023-09-07 13:47:00,-1545.0,603.75,-941.25
2023-09-07 13:48:00,-1631.25,637.5,-993.75
2023-09-07 13:49:00,-1541.25,570.0,-971.25
2023-09-07 13:50:00,-1676.25,588.75,-1087.5
2023-09-07 13:51:00,-1586.25,573.75,-1012.5
2023-09-07 13:52:00,-1211.25,371.25,-840.0
2023-09-07 13:53:00,-1260.0,435.0,-825.0
2023-09-07 13:54:00,-1380.0,540.0,-840.0
2023-09-07 13:55:00,-1518.75,660.0,-858.75
2023-09-07 13:56:00,-1511.25,637.5,-873.75
2023-09-07 13:57:00,-1533.75,648.75,-885.0
2023-09-07 13:58:00,-1406.25,570.0,-836.25
2023-09-07 13:59:00,-1357.5,536.25,-821.25
2023-09-07 14:00:00,-1387.5,566.25,-821.25
2023-09-07 14:01:00,-2190.0,1005.0,-1185.0
2023-09-07 14:02:00,-1912.5,937.5,-975.0
2023-09-07 14:03:00,-1938.75,922.5,-1016.25
2023-09-07 14:04:00,-2058.75,1020.0,-1038.75
2023-09-07 14:05:00,-2212.5,1143.75,-1068.75
2023-09-07 14:06:00,-1972.5,1091.25,-881.25
2023-09-07 14:07:00,-2047.5,1061.25,-986.25
2023-09-07 14:08:00,-1800.0,926.25,-873.75
2023-09-07 14:09:00,-2156.25,1091.25,-1065.0
2023-09-07 14:10:00,-2340.0,1151.25,-1188.75
2023-09-07 14:11:00,-2265.0,1091.25,-1173.75
2023-09-07 14:12:00,-2190.0,1016.25,-1173.75
2023-09-07 14:13:00,-2313.75,1151.25,-1162.5
2023-09-07 14:14:00,-2276.25,1188.75,-1087.5
2023-09-07 14:15:00,-2220.0,1151.25,-1068.75
2023-09-07 14:16:00,-2295.0,1278.75,-1016.25
2023-09-07 14:17:00,-2130.0,1173.75,-956.25
2023-09-07 14:18:00,-2201.25,1293.75,-907.5
2023-09-07 14:19:00,-2347.5,1331.25,-1016.25
2023-09-07 14:20:00,-2516.25,1443.75,-1072.5
2023-09-07 14:21:00,-2430.0,1316.25,-1113.75
2023-09-07 14:22:00,-2452.5,1301.25,-1151.25
2023-09-07 14:23:00,-2358.75,1226.25,-1132.5
2023-09-07 14:24:00,-2306.25,1196.25,-1110.0
2023-09-07 14:25:00,-2377.5,1323.75,-1053.75
2023-09-07 14:26:00,-2400.0,1413.75,-986.25
2023-09-07 14:27:00,-2632.5,1488.75,-1143.75
2023-09-07 14:28:00,-2722.5,1443.75,-1278.75
2023-09-07 14:29:00,-2553.75,1361.25,-1192.5
2023-09-07 14:30:00,-2823.75,1518.75,-1305.0
2023-09-07 14:31:00,-2925.0,1511.25,-1413.75
2023-09-07 14:32:00,-3131.25,1526.25,-1605.0
2023-09-07 14:33:00,-3251.25,1496.25,-1755.0
2023-09-07 14:34:00,-3315.0,1518.75,-1796.25
2023-09-07 14:35:00,-3457.5,1571.25,-1886.25
2023-09-07 14:36:00,-3990.0,1608.75,-2381.25
2023-09-07 14:37:00,-3900.0,1556.25,-2343.75
2023-09-07 14:38:00,-4931.25,1646.25,-3285.0
2023-09-07 14:39:00,-6371.25,1721.25,-4650.0
2023-09-07 14:40:00,-6131.25,1691.25,-4440.0
2023-09-07 14:41:00,-5655.0,1770.0,-3885.0
2023-09-07 14:42:00,-5756.25,1818.75,-3937.5
2023-09-07 14:43:00,-6030.0,1950.0,-4080.0
2023-09-07 14:44:00,-5718.75,1957.5,-3761.25
2023-09-07 14:45:00,-5662.5,1942.5,-3720.0
2023-09-07 14:46:00,-5388.75,1845.0,-3543.75
2023-09-07 14:47:00,-4616.25,1575.0,-3041.25
2023-09-07 14:48:00,-5171.25,1807.5,-3363.75
2023-09-07 14:49:00,-4710.0,1785.0,-2925.0
2023-09-07 14:50:00,-4766.25,1965.0,-2801.25
2023-09-07 14:51:00,-5400.0,2122.5,-3277.5
2023-09-07 14:52:00,-5231.25,2152.5,-3078.75
2023-09-07 14:53:00,-5197.5,2092.5,-3105.0
2023-09-07 14:54:00,-5430.0,2242.5,-3187.5
2023-09-07 14:55:00,-5111.25,2205.0,-2906.25
2023-09-07 14:56:00,-4582.5,2122.5,-2460.0
2023-09-07 14:57:00,-4905.0,2137.5,-2767.5
2023-09-07 14:58:00,-4492.5,2152.5,-2340.0
2023-09-07 14:59:00,-5096.25,2257.5,-2838.75
2023-09-07 15:00:00,-5640.0,2347.5,-3292.5
2023-09-07 15:01:00,-4931.25,2325.0,-2606.25
2023-09-07 15:02:00,-4653.75,2370.0,-2283.75
2023-09-07 15:03:00,-4653.75,2475.0,-2178.75
2023-09-07 15:04:00,-4462.5,2490.0,-1972.5
2023-09-07 15:05:00,-4590.0,2542.5,-2047.5
2023-09-07 15:06:00,-4443.75,2557.5,-1886.25
2023-09-07 15:07:00,-4158.75,2542.5,-1616.25
2023-09-07 15:08:00,-4038.75,2557.5,-1481.25
2023-09-07 15:09:00,-4383.75,2625.0,-1758.75
2023-09-07 15:10:00,-4065.0,2617.5,-1447.5
2023-09-07 15:11:00,-4098.75,2617.5,-1481.25
2023-09-07 15:12:00,-4042.5,2625.0,-1417.5
2023-09-07 15:13:00,-4196.25,2647.5,-1548.75
2023-09-07 15:14:00,-4331.25,2662.5,-1668.75
2023-09-07 15:15:00,-3562.5,2647.5,-915.0
2023-09-07 15:16:00,-3888.75,2640.0,-1248.75
2023-09-07 15:17:00,-3828.75,2640.0,-1188.75
2023-09-07 15:18:00,-3738.75,2647.5,-1091.25
2023-09-07 15:19:00,-3967.5,2662.5,-1305.0
2023-09-07 15:20:00,-3896.25,2662.5,-1233.75
2023-09-07 15:21:00,-3896.25,2662.5,-1233.75
2023-09-07 15:22:00,-3896.25,2662.5,-1233.75
2023-09-07 15:23:00,-3896.25,2662.5,-1233.75
2023-09-07 15:24:00,-3896.25,2662.5,-1233.75
2023-09-07 15:25:00,-3896.25,2662.5,-1233.75
2023-09-07 15:26:00,-3896.25,2662.5,-1233.75
2023-09-07 15:27:00,-3896.25,2662.5,-1233.75
2023-09-07 15:28:00,-3896.25,2662.5,-1233.75
2023-09-07 15:29:00,-3896.25,2662.5,-1233.75
2023-09-07 15:30:00,-3896.25,2662.5,-1233.75
2023-09-14 10:15:00,0.0,0.0,0.0
2023-09-14 10:16:00,-105.0,195.0,90.0
2023-09-14 10:17:00,266.25,-435.0,-168.75
2023-09-14 10:18:00,375.0,-933.75,-558.75
2023-09-14 10:19:00,300.0,-892.5,-592.5
2023-09-14 10:20:00,352.5,-990.0,-637.5
2023-09-14 10:21:00,345.0,-783.75,-438.75
2023-09-14 10:22:00,386.25,-1012.5,-626.25
2023-09-14 10:23:00,408.75,-967.5,-558.75
2023-09-14 10:24:00,318.75,-750.0,-431.25
2023-09-14 10:25:00,360.0,-915.0,-555.0
2023-09-14 10:26:00,281.25,-630.0,-348.75
2023-09-14 10:27:00,217.5,-412.5,-195.0
2023-09-14 10:28:00,262.5,-738.75,-476.25
2023-09-14 10:29:00,168.75,-270.0,-101.25
2023-09-14 10:30:00,266.25,-562.5,-296.25
2023-09-14 10:31:00,221.25,-495.0,-273.75
2023-09-14 10:32:00,288.75,-637.5,-348.75
2023-09-14 10:33:00,292.5,-600.0,-307.5
2023-09-14 10:34:00,258.75,-521.25,-262.5
2023-09-14 10:35:00,236.25,-341.25,-105.0
2023-09-14 10:36:00,225.0,-408.75,-183.75
2023-09-14 10:37:00,288.75,-502.5,-213.75
2023-09-14 10:38:00,240.0,-322.5,-82.5
2023-09-14 10:39:00,273.75,-420.0,-146.25
2023-09-14 10:40:00,307.5,-528.75,-221.25
2023-09-14 10:41:00,671.25,-1290.0,-618.75
2023-09-14 10:42:00,622.5,-1136.25,-513.75
2023-09-14 10:43:00,588.75,-945.0,-356.25
2023-09-14 10:44:00,581.25,-881.25,-300.0
2023-09-14 10:45:00,577.5,-761.25,-183.75
2023-09-14 10:46:00,592.5,-817.5,-225.0
2023-09-14 10:47:00,585.0,-765.0,-180.0
2023-09-14 10:48:00,558.75,-566.25,-7.5
2023-09-14 10:49:00,716.25,-960.0,-243.75
2023-09-14 10:50:00,675.0,-806.25,-131.25
2023-09-14 10:51:00,708.75,-911.25,-202.5
2023-09-14 10:52:00,667.5,-798.75,-131.25
2023-09-14 10:53:00,667.5,-862.5,-195.0
2023-09-14 10:54:00,648.75,-780.0,-131.25
2023-09-14 10:55:00,656.25,-708.75,-52.5
2023-09-14 10:56:00,585.0,-532.5,52.5
2023-09-14 10:57:00,588.75,-551.25,37.5
2023-09-14 10:58:00,558.75,-453.75,105.0
2023-09-14 10:59:00,622.5,-656.25,-33.75
2023-09-14 11:00:00,607.5,-543.75,63.75
2023-09-14 11:01:00,577.5,-498.75,78.75
2023-09-14 11:02:00,472.5,-82.5,390.0
2023-09-14 11:03:00,405.0,-86.25,318.75
2023-09-14 11:04:00,341.25,183.75,525.0
2023-09-14 11:05:00,270.0,213.75,483.75
2023-09-14 11:06:00,206.25,393.75,600.0
2023-09-14 11:07:00,153.75,397.5,551.25
2023-09-14 11:08:00,262.5,285.0,547.5
2023-09-14 11:09:00,393.75,120.0,513.75
2023-09-14 11:10:00,277.5,232.5,510.0
2023-09-14 11:11:00,382.5,18.75,401.25
2023-09-14 11:12:00,480.0,-11.25,468.75
2023-09-14 11:13:00,450.0,-71.25,378.75
2023-09-14 11:14:00,442.5,-86.25,356.25
2023-09-14 11:15:00,446.25,112.5,558.75
2023-09-14 11:16:00,390.0,52.5,442.5
2023-09-14 11:17:00,446.25,-56.25,390.0
2023-09-14 11:18:00,453.75,-67.5,386.25
2023-09-14 11:19:00,442.5,-52.5,390.0
2023-09-14 11:20:00,442.5,-52.5,390.0
2023-09-14 11:21:00,423.75,18.75,442.5
2023-09-14 11:22:00,360.0,90.0,450.0
2023-09-14 11:23:00,386.25,112.5,498.75
2023-09-14 11:24:00,360.0,112.5,472.5
2023-09-14 11:25:00,412.5,56.25,468.75
2023-09-14 11:26:00,457.5,-41.25,416.25
2023-09-14 11:27:00,378.75,315.0,693.75
2023-09-14 11:28:00,382.5,161.25,543.75
2023-09-14 11:29:00,412.5,146.25,558.75
2023-09-14 11:30:00,401.25,232.5,633.75
2023-09-14 11:31:00,435.0,131.25,566.25
2023-09-14 11:32:00,453.75,90.0,543.75
2023-09-14 11:33:00,457.5,123.75,581.25
2023-09-14 11:34:00,438.75,210.0,648.75
2023-09-14 11:35:00,416.25,176.25,592.5
2023-09-14 11:36:00,423.75,123.75,547.5
2023-09-14 11:37:00,446.25,101.25,547.5
2023-09-14 11:38:00,461.25,82.5,543.75
2023-09-14 11:39:00,693.75,-221.25,472.5
2023-09-14 11:40:00,731.25,-405.0,326.25
2023-09-14 11:41:00,667.5,-315.0,352.5
2023-09-14 11:42:00,678.75,-382.5,296.25
2023-09-14 11:43:00,701.25,-397.5,303.75
2023-09-14 11:44:00,697.5,-386.25,311.25
2023-09-14 11:45:00,720.0,-498.75,221.25
2023-09-14 11:46:00,742.5,-465.0,277.5
2023-09-14 11:47:00,780.0,-783.75,-3.75
2023-09-14 11:48:00,757.5,-742.5,15.0
2023-09-14 11:49:00,712.5,-592.5,120.0
2023-09-14 11:50:00,716.25,-562.5,153.75
2023-09-14 11:51:00,667.5,-360.0,307.5
2023-09-14 11:52:00,637.5,-228.75,408.75
2023-09-14 11:53:00,645.0,-217.5,427.5
2023-09-14 11:54:00,630.0,-165.0,465.0
2023-09-14 11:55:00,678.75,-348.75,330.0
2023-09-14 11:56:00,618.75,-187.5,431.25
2023-09-14 11:57:00,626.25,-217.5,408.75
2023-09-14 11:58:00,626.25,-168.75,457.5
2023-09-14 11:59:00,622.5,-217.5,405.0
2023-09-14 12:00:00,656.25,-247.5,408.75
2023-09-14 12:01:00,648.75,-221.25,427.5
2023-09-14 12:02:00,648.75,-243.75,405.0
2023-09-14 12:03:00,656.25,-210.0,446.25
2023-09-14 12:04:00,652.5,-153.75,498.75
2023-09-14 12:05:00,671.25,-232.5,438.75
2023-09-14 12:06:00,682.5,-255.0,427.5
2023-09-14 12:07:00,491.25,262.5,753.75
2023-09-14 12:08:00,450.0,281.25,731.25
2023-09-14 12:09:00,438.75,243.75,682.5
2023-09-14 12:10:00,506.25,195.0,701.25
2023-09-14 12:11:00,491.25,176.25,667.5
2023-09-14 12:12:00,472.5,195.0,667.5
2023-09-14 12:13:00,521.25,138.75,660.0
2023-09-14 12:14:00,450.0,315.0,765.0
2023-09-14 12:15:00,453.75,341.25,795.0
2023-09-14 12:16:00,345.0,483.75,828.75
2023-09-14 12:17:00,472.5,273.75,746.25
2023-09-14 12:18:00,521.25,168.75,690.0
2023-09-14 12:19:00,633.75,11.25,645.0
2023-09-14 12:20:00,667.5,-30.0,637.5
2023-09-14 12:21:00,693.75,-195.0,498.75
2023-09-14 12:22:00,697.5,-131.25,566.25
2023-09-14 12:23:00,667.5,-22.5,645.0
2023-09-14 12:24:00,678.75,-165.0,513.75
2023-09-14 12:25:00,727.5,-371.25,356.25
2023-09-14 12:26:00,686.25,-195.0,491.25
2023-09-14 12:27:00,697.5,-277.5,420.0
2023-09-14 12:28:00,712.5,-221.25,491.25
2023-09-14 12:29:00,761.25,-435.0,326.25
2023-09-14 12:30:00,735.0,-390.0,345.0
2023-09-14 12:31:00,836.25,-1068.75,-232.5
2023-09-14 12:32:00,836.25,-960.0,-123.75
2023-09-14 12:33:00,866.25,-1211.25,-345.0
2023-09-14 12:34:00,903.75,-1230.0,-326.25
2023-09-14 12:35:00,892.5,-1117.5,-225.0
2023-09-14 12:36:00,877.5,-1147.5,-270.0
2023-09-14 12:37:00,862.5,-1027.5,-165.0
2023-09-14 12:38:00,877.5,-1098.75,-221.25
2023-09-14 12:39:00,918.75,-1102.5,-183.75
2023-09-14 12:40:00,873.75,-896.25,-22.5
2023-09-14 12:41:00,855.0,-641.25,213.75
2023-09-14 12:42:00,877.5,-667.5,210.0
2023-09-14 12:43:00,832.5,-352.5,480.0
2023-09-14 12:44:00,776.25,-105.0,671.25
2023-09-14 12:45:00,795.0,-101.25,693.75
2023-09-14 12:46:00,783.75,-78.75,705.0
2023-09-14 12:47:00,750.0,48.75,798.75
2023-09-14 12:48:00,798.75,-97.5,701.25
2023-09-14 12:49:00,798.75,-33.75,765.0
2023-09-14 12:50:00,757.5,11.25,768.75
2023-09-14 12:51:00,813.75,-123.75,690.0
2023-09-14 12:52:00,787.5,7.5,795.0
2023-09-14 12:53:00,828.75,-41.25,787.5
2023-09-14 12:54:00,791.25,67.5,858.75
2023-09-14 12:55:00,813.75,26.25,840.0
2023-09-14 12:56:00,858.75,-112.5,746.25
2023-09-14 12:57:00,855.0,-45.0,810.0
2023-09-14 12:58:00,896.25,-112.5,783.75
2023-09-14 12:59:00,873.75,48.75,922.5
2023-09-14 13:00:00,877.5,56.25,933.75
2023-09-14 13:01:00,885.0,90.0,975.0
2023-09-14 13:02:00,948.75,30.0,978.75
2023-09-14 13:03:00,922.5,146.25,1068.75
2023-09-14 13:04:00,892.5,341.25,1233.75
2023-09-14 13:05:00,866.25,345.0,1211.25
2023-09-14 13:06:00,896.25,255.0,1151.25
2023-09-14 13:07:00,896.25,273.75,1170.0
2023-09-14 13:08:00,888.75,348.75,1237.5
2023-09-14 13:09:00,768.75,705.0,1473.75
2023-09-14 13:10:00,750.0,825.0,1575.0
2023-09-14 13:11:00,798.75,705.0,1503.75
2023-09-14 13:12:00,735.0,817.5,1552.5
2023-09-14 13:13:00,738.75,776.25,1515.0
2023-09-14 13:14:00,746.25,716.25,1462.5
2023-09-14 13:15:00,768.75,697.5,1466.25
2023-09-14 13:16:00,750.0,697.5,1447.5
2023-09-14 13:17:00,765.0,727.5,1492.5
2023-09-14 13:18:00,776.25,720.0,1496.25
2023-09-14 13:19:00,795.0,772.5,1567.5
2023-09-14 13:20:00,813.75,825.0,1638.75
2023-09-14 13:21:00,585.0,1162.5,1747.5
2023-09-14 13:22:00,596.25,1155.0,1751.25
2023-09-14 13:23:00,686.25,1106.25,1792.5
2023-09-14 13:24:00,630.0,1140.0,1770.0
2023-09-14 13:25:00,675.0,1091.25,1766.25
2023-09-14 13:26:00,712.5,1057.5,1770.0
2023-09-14 13:27:00,727.5,1046.25,1773.75
2023-09-14 13:28:00,836.25,907.5,1743.75
2023-09-14 13:29:00,870.0,873.75,1743.75
2023-09-14 13:30:00,855.0,866.25,1721.25
2023-09-14 13:31:00,828.75,922.5,1751.25
2023-09-14 13:32:00,836.25,952.5,1788.75
2023-09-14 13:33:00,855.0,956.25,1811.25
2023-09-14 13:34:00,757.5,1087.5,1845.0
2023-09-14 13:35:00,727.5,1147.5,1875.0
2023-09-14 13:36:00,757.5,1102.5,1860.0
2023-09-14 13:37:00,768.75,1091.25,1860.0
2023-09-14 13:38:00,783.75,1072.5,1856.25
2023-09-14 13:39:00,851.25,971.25,1822.5
2023-09-14 13:40:00,858.75,952.5,1811.25
2023-09-14 13:41:00,933.75,750.0,1683.75
2023-09-14 13:42:00,963.75,791.25,1755.0
2023-09-14 13:43:00,1027.5,637.5,1665.0
2023-09-14 13:44:00,990.0,708.75,1698.75
2023-09-14 13:45:00,978.75,810.0,1788.75
2023-09-14 13:46:00,948.75,1012.5,1961.25
2023-09-14 13:47:00,963.75,967.5,1931.25
2023-09-14 13:48:00,967.5,960.0,1927.5
2023-09-14 13:49:00,990.0,971.25,1961.25
2023-09-14 13:50:00,1031.25,915.0,1946.25
2023-09-14 13:51:00,1076.25,836.25,1912.5
2023-09-14 13:52:00,1061.25,930.0,1991.25
2023-09-14 13:53:00,1091.25,870.0,1961.25
2023-09-14 13:54:00,1087.5,855.0,1942.5
2023-09-14 13:55:00,1121.25,765.0,1886.25
2023-09-14 13:56:00,1136.25,566.25,1702.5
2023-09-14 13:57:00,1136.25,573.75,1710.0
2023-09-14 13:58:00,1143.75,577.5,1721.25
2023-09-14 13:59:00,1117.5,690.0,1807.5
2023-09-14 14:00:00,1140.0,510.0,1650.0
2023-09-14 14:01:00,1121.25,731.25,1852.5
2023-09-14 14:02:00,1140.0,607.5,1747.5
2023-09-14 14:03:00,1162.5,585.0,1747.5
2023-09-14 14:04:00,1155.0,543.75,1698.75
2023-09-14 14:05:00,1181.25,198.75,1380.0
2023-09-14 14:06:00,1192.5,228.75,1421.25
2023-09-14 14:07:00,1188.75,30.0,1218.75
2023-09-14 14:08:00,1196.25,165.0,1361.25
2023-09-14 14:09:00,1200.0,146.25,1346.25
2023-09-14 14:10:00,1192.5,172.5,1365.0
2023-09-14 14:11:00,1177.5,630.0,1807.5
2023-09-14 14:12:00,1177.5,585.0,1762.5
2023-09-14 14:13:00,1162.5,997.5,2160.0
2023-09-14 14:14:00,1170.0,952.5,2122.5
2023-09-14 14:15:00,1170.0,915.0,2085.0
2023-09-14 14:16:00,1173.75,937.5,2111.25
2023-09-14 14:17:00,1158.75,1305.0,2463.75
2023-09-14 14:18:00,1143.75,1323.75,2467.5
2023-09-14 14:19:00,1143.75,1353.75,2497.5
2023-09-14 14:20:00,1132.5,1387.5,2520.0
2023-09-14 14:21:00,1102.5,1458.75,2561.25
2023-09-14 14:22:00,1136.25,1353.75,2490.0
2023-09-14 14:23:00,1151.25,1350.0,2501.25
2023-09-14 14:24:00,1170.0,1383.75,2553.75
2023-09-14 14:25:00,1162.5,1353.75,2516.25
2023-09-14 14:26:00,1181.25,1342.5,2523.75
2023-09-14 14:27:00,1177.5,1357.5,2535.0
2023-09-14 14:28:00,1166.25,1398.75,2565.0
2023-09-14 14:29:00,1170.0,1387.5,2557.5
2023-09-14 14:30:00,1185.0,1353.75,2538.75
2023-09-14 14:31:00,1173.75,1372.5,2546.25
2023-09-14 14:32:00,1170.0,1402.5,2572.5
2023-09-14 14:33:00,1155.0,1466.25,2621.25
2023-09-14 14:34:00,1158.75,1447.5,2606.25
2023-09-14 14:35:00,1155.0,1492.5,2647.5
2023-09-14 14:36:00,1158.75,1470.0,2628.75
2023-09-14 14:37:00,1188.75,1455.0,2643.75
2023-09-14 14:38:00,1177.5,1481.25,2658.75
2023-09-14 14:39:00,1170.0,1496.25,2666.25
2023-09-14 14:40:00,1222.5,1391.25,2613.75
2023-09-14 14:41:00,1222.5,1466.25,2688.75
2023-09-14 14:42:00,1222.5,1462.5,2685.0
2023-09-14 14:43:00,1230.0,1406.25,2636.25
2023-09-14 14:44:00,1222.5,1511.25,2733.75
2023-09-14 14:45:00,1233.75,1492.5,2726.25
2023-09-14 14:46:00,1230.0,1500.0,2730.0
2023-09-14 14:47:00,1233.75,1496.25,2730.0
2023-09-14 14:48:00,1230.0,1500.0,2730.0
2023-09-14 14:49:00,1237.5,1515.0,2752.5
2023-09-14 14:50:00,1241.25,1563.75,2805.0
2023-09-14 14:51:00,1248.75,1548.75,2797.5
2023-09-14 14:52:00,1241.25,1578.75,2820.0
2023-09-14 14:53:00,1237.5,1575.0,2812.5
2023-09-14 14:54:00,1237.5,1586.25,2823.75
2023-09-14 14:55:00,1230.0,1593.75,2823.75
2023-09-14 14:56:00,1203.75,1593.75,2797.5
2023-09-14 14:57:00,1200.0,1608.75,2808.75
2023-09-14 14:58:00,1170.0,1631.25,2801.25
2023-09-14 14:59:00,1147.5,1653.75,2801.25
2023-09-14 15:00:00,1185.0,1646.25,2831.25
2023-09-14 15:01:00,1203.75,1657.5,2861.25
2023-09-14 15:02:00,1218.75,1661.25,2880.0
2023-09-14 15:03:00,1218.75,1665.0,2883.75
2023-09-14 15:04:00,1248.75,1668.75,2917.5
2023-09-14 15:05:00,1252.5,1668.75,2921.25
2023-09-14 15:06:00,1256.25,1676.25,2932.5
2023-09-14 15:07:00,1260.0,1672.5,2932.5
2023-09-14 15:08:00,1256.25,1672.5,2928.75
2023-09-14 15:09:00,1267.5,1672.5,2940.0
2023-09-14 15:10:00,1260.0,1672.5,2932.5
2023-09-14 15:11:00,1260.0,1676.25,2936.25
2023-09-14 15:12:00,1267.5,1676.25,2943.75
2023-09-14 15:13:00,1263.75,1676.25,2940.0
2023-09-14 15:14:00,1267.5,1676.25,2943.75
2023-09-14 15:15:00,1267.5,1676.25,2943.75
2023-09-14 15:16:00,1263.75,1676.25,2940.0
2023-09-14 15:17:00,1267.5,1676.25,2943.75
2023-09-14 15:18:00,1267.5,1676.25,2943.75
2023-09-14 15:19:00,1271.25,1676.25,2947.5
2023-09-14 15:20:00,1267.5,1676.25,2943.75
2023-09-14 15:21:00,1267.5,1676.25,2943.75
2023-09-14 15:22:00,1267.5,1676.25,2943.75
2023-09-14 15:23:00,1267.5,1676.25,2943.75
2023-09-14 15:24:00,1267.5,1676.25,2943.75
2023-09-14 15:25:00,1267.5,1676.25,2943.75
2023-09-14 15:26:00,1267.5,1676.25,2943.75
2023-09-14 15:27:00,1267.5,1676.25,2943.75
2023-09-14 15:28:00,1267.5,1676.25,2943.75
2023-09-14 15:29:00,1267.5,1676.25,2943.75
2023-09-14 15:30:00,1267.5,1676.25,2943.75
2023-09-21 10:15:00,0.0,0.0,0.0
2023-09-21 10:16:00,-86.25,266.25,180.0
2023-09-21 10:17:00,-71.25,217.5,146.25
2023-09-21 10:18:00,-75.0,198.75,123.75
2023-09-21 10:19:00,-41.25,123.75,82.5
2023-09-21 10:20:00,-75.0,213.75,138.75
2023-09-21 10:21:00,-67.5,195.0,127.5
2023-09-21 10:22:00,11.25,168.75,180.0
2023-09-21 10:23:00,-30.0,225.0,195.0
2023-09-21 10:24:00,-71.25,356.25,285.0
2023-09-21 10:25:00,-60.0,341.25,281.25
2023-09-21 10:26:00,-30.0,258.75,228.75
2023-09-21 10:27:00,-52.5,277.5,225.0
2023-09-21 10:28:00,-41.25,296.25,255.0
2023-09-21 10:29:00,-7.5,273.75,266.25
2023-09-21 10:30:00,135.0,195.0,330.0
2023-09-21 10:31:00,86.25,251.25,337.5
2023-09-21 10:32:00,183.75,183.75,367.5
2023-09-21 10:33:00,146.25,247.5,393.75
2023-09-21 10:34:00,97.5,303.75,401.25
2023-09-21 10:35:00,93.75,292.5,386.25
2023-09-21 10:36:00,78.75,333.75,412.5
2023-09-21 10:37:00,60.0,356.25,416.25
2023-09-21 10:38:00,45.0,446.25,491.25
2023-09-21 10:39:00,33.75,457.5,491.25
2023-09-21 10:40:00,15.0,502.5,517.5
2023-09-21 10:41:00,60.0,495.0,555.0
2023-09-21 10:42:00,78.75,423.75,502.5
2023-09-21 10:43:00,45.0,461.25,506.25
2023-09-21 10:44:00,41.25,468.75,510.0
2023-09-21 10:45:00,116.25,382.5,498.75
2023-09-21 10:46:00,90.0,431.25,521.25
2023-09-21 10:47:00,97.5,420.0,517.5
2023-09-21 10:48:00,131.25,363.75,495.0
2023-09-21 10:49:00,120.0,397.5,517.5
2023-09-21 10:50:00,138.75,386.25,525.0
2023-09-21 10:51:00,131.25,408.75,540.0
2023-09-21 10:52:00,101.25,468.75,570.0
2023-09-21 10:53:00,127.5,446.25,573.75
2023-09-21 10:54:00,112.5,476.25,588.75
2023-09-21 10:55:00,116.25,453.75,570.0
2023-09-21 10:56:00,127.5,495.0,622.5
2023-09-21 10:57:00,127.5,472.5,600.0
2023-09-21 10:58:00,131.25,476.25,607.5
2023-09-21 10:59:00,116.25,502.5,618.75
2023-09-21 11:00:00,217.5,423.75,641.25
2023-09-21 11:01:00,266.25,348.75,615.0
2023-09-21 11:02:00,221.25,416.25,637.5
2023-09-21 11:03:00,236.25,438.75,675.0
2023-09-21 11:04:00,217.5,498.75,716.25
2023-09-21 11:05:00,168.75,630.0,798.75
2023-09-21 11:06:00,-135.0,997.5,862.5
2023-09-21 11:07:00,-101.25,1005.0,903.75
2023-09-21 11:08:00,-161.25,1095.0,933.75
2023-09-21 11:09:00,-206.25,1121.25,915.0
2023-09-21 11:10:00,-191.25,1121.25,930.0
2023-09-21 11:11:00,-228.75,1125.0,896.25
2023-09-21 11:12:00,-228.75,1095.0,866.25
2023-09-21 11:13:00,-225.0,1117.5,892.5
2023-09-21 11:14:00,-217.5,1087.5,870.0
2023-09-21 11:15:00,-273.75,1117.5,843.75
2023-09-21 11:16:00,-187.5,1080.0,892.5
2023-09-21 11:17:00,-198.75,1076.25,877.5
2023-09-21 11:18:00,-232.5,1098.75,866.25
2023-09-21 11:19:00,-251.25,1102.5,851.25
2023-09-21 11:20:00,-78.75,1046.25,967.5
2023-09-21 11:21:00,-67.5,1027.5,960.0
2023-09-21 11:22:00,-41.25,1035.0,993.75
2023-09-21 11:23:00,82.5,967.5,1050.0
2023-09-21 11:24:00,41.25,1016.25,1057.5
2023-09-21 11:25:00,30.0,1012.5,1042.5
2023-09-21 11:26:00,-11.25,1031.25,1020.0
2023-09-21 11:27:00,0.0,1027.5,1027.5
2023-09-21 11:28:00,26.25,1023.75,1050.0
2023-09-21 11:29:00,22.5,1023.75,1046.25
2023-09-21 11:30:00,15.0,1050.0,1065.0
2023-09-21 11:31:00,18.75,1046.25,1065.0
2023-09-21 11:32:00,33.75,1053.75,1087.5
2023-09-21 11:33:00,37.5,1053.75,1091.25
2023-09-21 11:34:00,210.0,975.0,1185.0
2023-09-21 11:35:00,213.75,945.0,1158.75
2023-09-21 11:36:00,232.5,941.25,1173.75
2023-09-21 11:37:00,240.0,945.0,1185.0
2023-09-21 11:38:00,292.5,903.75,1196.25
2023-09-21 11:39:00,330.0,780.0,1110.0
2023-09-21 11:40:00,378.75,671.25,1050.0
2023-09-21 11:41:00,386.25,693.75,1080.0
2023-09-21 11:42:00,367.5,727.5,1095.0
2023-09-21 11:43:00,386.25,671.25,1057.5
2023-09-21 11:44:00,352.5,783.75,1136.25
2023-09-21 11:45:00,337.5,825.0,1162.5
2023-09-21 11:46:00,318.75,915.0,1233.75
2023-09-21 11:47:00,348.75,840.0,1188.75
2023-09-21 11:48:00,378.75,787.5,1166.25
2023-09-21 11:49:00,352.5,813.75,1166.25
2023-09-21 11:50:00,348.75,855.0,1203.75
2023-09-21 11:51:00,345.0,903.75,1248.75
2023-09-21 11:52:00,322.5,971.25,1293.75
2023-09-21 11:53:00,352.5,873.75,1226.25
2023-09-21 11:54:00,337.5,960.0,1297.5
2023-09-21 11:55:00,348.75,918.75,1267.5
2023-09-21 11:56:00,382.5,847.5,1230.0
2023-09-21 11:57:00,386.25,855.0,1241.25
2023-09-21 11:58:00,345.0,971.25,1316.25
2023-09-21 11:59:00,330.0,1001.25,1331.25
2023-09-21 12:00:00,330.0,1005.0,1335.0
2023-09-21 12:01:00,371.25,982.5,1353.75
2023-09-21 12:02:00,390.0,922.5,1312.5
2023-09-21 12:03:00,453.75,791.25,1245.0
2023-09-21 12:04:00,487.5,746.25,1233.75
2023-09-21 12:05:00,483.75,705.0,1188.75
2023-09-21 12:06:00,480.0,768.75,1248.75
2023-09-21 12:07:00,495.0,720.0,1215.0
2023-09-21 12:08:00,491.25,772.5,1263.75
2023-09-21 12:09:00,491.25,738.75,1230.0
2023-09-21 12:10:00,498.75,742.5,1241.25
2023-09-21 12:11:00,495.0,802.5,1297.5
2023-09-21 12:12:00,498.75,750.0,1248.75
2023-09-21 12:13:00,495.0,783.75,1278.75
2023-09-21 12:14:00,487.5,780.0,1267.5
2023-09-21 12:15:00,491.25,776.25,1267.5
2023-09-21 12:16:00,461.25,967.5,1428.75
2023-09-21 12:17:00,472.5,907.5,1380.0
2023-09-21 12:18:00,506.25,791.25,1297.5
2023-09-21 12:19:00,547.5,720.0,1267.5
2023-09-21 12:20:00,562.5,735.0,1297.5
2023-09-21 12:21:00,543.75,783.75,1327.5
2023-09-21 12:22:00,536.25,802.5,1338.75
2023-09-21 12:23:00,540.0,780.0,1320.0
2023-09-21 12:24:00,562.5,727.5,1290.0
2023-09-21 12:25:00,547.5,761.25,1308.75
2023-09-21 12:26:00,540.0,802.5,1342.5
2023-09-21 12:27:00,551.25,776.25,1327.5
2023-09-21 12:28:00,513.75,937.5,1451.25
2023-09-21 12:29:00,498.75,881.25,1380.0
2023-09-21 12:30:00,506.25,885.0,1391.25
2023-09-21 12:31:00,502.5,915.0,1417.5
2023-09-21 12:32:00,498.75,892.5,1391.25
2023-09-21 12:33:00,502.5,873.75,1376.25
2023-09-21 12:34:00,521.25,870.0,1391.25
2023-09-21 12:35:00,513.75,877.5,1391.25
2023-09-21 12:36:00,491.25,1001.25,1492.5
2023-09-21 12:37:00,495.0,915.0,1410.0
2023-09-21 12:38:00,491.25,945.0,1436.25
2023-09-21 12:39:00,487.5,952.5,1440.0
2023-09-21 12:40:00,498.75,926.25,1425.0
2023-09-21 12:41:00,498.75,918.75,1417.5
2023-09-21 12:42:00,506.25,933.75,1440.0
2023-09-21 12:43:00,510.0,952.5,1462.5
2023-09-21 12:44:00,483.75,1001.25,1485.0
2023-09-21 12:45:00,487.5,990.0,1477.5
2023-09-21 12:46:00,472.5,1046.25,1518.75
2023-09-21 12:47:00,487.5,1005.0,1492.5
2023-09-21 12:48:00,521.25,978.75,1500.0
2023-09-21 12:49:00,517.5,978.75,1496.25
2023-09-21 12:50:00,517.5,993.75,1511.25
2023-09-21 12:51:00,547.5,930.0,1477.5
2023-09-21 12:52:00,547.5,960.0,1507.5
2023-09-21 12:53:00,547.5,956.25,1503.75
2023-09-21 12:54:00,555.0,967.5,1522.5
2023-09-21 12:55:00,570.0,960.0,1530.0
2023-09-21 12:56:00,536.25,1016.25,1552.5
2023-09-21 12:57:00,536.25,1061.25,1597.5
2023-09-21 12:58:00,570.0,990.0,1560.0
2023-09-21 12:59:00,622.5,862.5,1485.0
2023-09-21 13:00:00,622.5,843.75,1466.25
2023-09-21 13:01:00,622.5,828.75,1451.25
2023-09-21 13:02:00,607.5,941.25,1548.75
2023-09-21 13:03:00,607.5,967.5,1575.0
2023-09-21 13:04:00,588.75,1005.0,1593.75
2023-09-21 13:05:00,577.5,1020.0,1597.5
2023-09-21 13:06:00,562.5,1001.25,1563.75
2023-09-21 13:07:00,551.25,1023.75,1575.0
2023-09-21 13:08:00,540.0,1050.0,1590.0
2023-09-21 13:09:00,555.0,1035.0,1590.0
2023-09-21 13:10:00,562.5,1042.5,1605.0
2023-09-21 13:11:00,555.0,1031.25,1586.25
2023-09-21 13:12:00,558.75,1035.0,1593.75
2023-09-21 13:13:00,555.0,1057.5,1612.5
2023-09-21 13:14:00,491.25,1218.75,1710.0
2023-09-21 13:15:00,487.5,1181.25,1668.75
2023-09-21 13:16:00,442.5,1278.75,1721.25
2023-09-21 13:17:00,461.25,1248.75,1710.0
2023-09-21 13:18:00,483.75,1230.0,1713.75
2023-09-21 13:19:00,468.75,1237.5,1706.25
2023-09-21 13:20:00,431.25,1308.75,1740.0
2023-09-21 13:21:00,435.0,1316.25,1751.25
2023-09-21 13:22:00,397.5,1331.25,1728.75
2023-09-21 13:23:00,502.5,1282.5,1785.0
2023-09-21 13:24:00,577.5,1230.0,1807.5
2023-09-21 13:25:00,543.75,1241.25,1785.0
2023-09-21 13:26:00,547.5,1226.25,1773.75
2023-09-21 13:27:00,551.25,1230.0,1781.25
2023-09-21 13:28:00,532.5,1256.25,1788.75
2023-09-21 13:29:00,513.75,1267.5,1781.25
2023-09-21 13:30:00,547.5,1237.5,1785.0
2023-09-21 13:31:00,495.0,1308.75,1803.75
2023-09-21 13:32:00,543.75,1271.25,1815.0
2023-09-21 13:33:00,570.0,1237.5,1807.5
2023-09-21 13:34:00,618.75,1151.25,1770.0
2023-09-21 13:35:00,633.75,1113.75,1747.5
2023-09-21 13:36:00,626.25,1147.5,1773.75
2023-09-21 13:37:00,622.5,1155.0,1777.5
2023-09-21 13:38:00,622.5,1132.5,1755.0
2023-09-21 13:39:00,618.75,1185.0,1803.75
2023-09-21 13:40:00,626.25,1158.75,1785.0
2023-09-21 13:41:00,615.0,1241.25,1856.25
2023-09-21 13:42:00,600.0,1245.0,1845.0
2023-09-21 13:43:00,607.5,1222.5,1830.0
2023-09-21 13:44:00,600.0,1252.5,1852.5
2023-09-21 13:45:00,607.5,1207.5,1815.0
2023-09-21 13:46:00,630.0,1143.75,1773.75
2023-09-21 13:47:00,592.5,1211.25,1803.75
2023-09-21 13:48:00,618.75,1203.75,1822.5
2023-09-21 13:49:00,622.5,1166.25,1788.75
2023-09-21 13:50:00,618.75,1222.5,1841.25
2023-09-21 13:51:00,607.5,1233.75,1841.25
2023-09-21 13:52:00,603.75,1226.25,1830.0
2023-09-21 13:53:00,603.75,1252.5,1856.25
2023-09-21 13:54:00,615.0,1230.0,1845.0
2023-09-21 13:55:00,622.5,1237.5,1860.0
2023-09-21 13:56:00,622.5,1237.5,1860.0
2023-09-21 13:57:00,611.25,1245.0,1856.25
2023-09-21 13:58:00,611.25,1256.25,1867.5
2023-09-21 13:59:00,600.0,1278.75,1878.75
2023-09-21 14:00:00,585.0,1301.25,1886.25
2023-09-21 14:01:00,596.25,1297.5,1893.75
2023-09-21 14:02:00,607.5,1297.5,1905.0
2023-09-21 14:03:00,641.25,1275.0,1916.25
2023-09-21 14:04:00,645.0,1278.75,1923.75
2023-09-21 14:05:00,641.25,1260.0,1901.25
2023-09-21 14:06:00,641.25,1278.75,1920.0
2023-09-21 14:07:00,637.5,1301.25,1938.75
2023-09-21 14:08:00,633.75,1297.5,1931.25
2023-09-21 14:09:00,633.75,1335.0,1968.75
2023-09-21 14:10:00,626.25,1327.5,1953.75
2023-09-21 14:11:00,630.0,1327.5,1957.5
2023-09-21 14:12:00,645.0,1323.75,1968.75
2023-09-21 14:13:00,682.5,1271.25,1953.75
2023-09-21 14:14:00,675.0,1263.75,1938.75
2023-09-21 14:15:00,690.0,1248.75,1938.75
2023-09-21 14:16:00,690.0,1252.5,1942.5
2023-09-21 14:17:00,705.0,1200.0,1905.0
2023-09-21 14:18:00,708.75,1211.25,1920.0
2023-09-21 14:19:00,705.0,1256.25,1961.25
2023-09-21 14:20:00,697.5,1286.25,1983.75
2023-09-21 14:21:00,693.75,1331.25,2025.0
2023-09-21 14:22:00,697.5,1301.25,1998.75
2023-09-21 14:23:00,697.5,1297.5,1995.0
2023-09-21 14:24:00,708.75,1252.5,1961.25
2023-09-21 14:25:00,712.5,1271.25,1983.75
2023-09-21 14:26:00,716.25,1267.5,1983.75
2023-09-21 14:27:00,723.75,1155.0,1878.75
2023-09-21 14:28:00,727.5,1241.25,1968.75
2023-09-21 14:29:00,720.0,1290.0,2010.0
2023-09-21 14:30:00,723.75,1301.25,2025.0
2023-09-21 14:31:00,727.5,1290.0,2017.5
2023-09-21 14:32:00,723.75,1290.0,2013.75
2023-09-21 14:33:00,712.5,1361.25,2073.75
2023-09-21 14:34:00,693.75,1372.5,2066.25
2023-09-21 14:35:00,701.25,1376.25,2077.5
2023-09-21 14:36:00,712.5,1365.0,2077.5
2023-09-21 14:37:00,720.0,1361.25,2081.25
2023-09-21 14:38:00,723.75,1365.0,2088.75
2023-09-21 14:39:00,723.75,1361.25,2085.0
2023-09-21 14:40:00,727.5,1410.0,2137.5
2023-09-21 14:41:00,738.75,1368.75,2107.5
2023-09-21 14:42:00,738.75,1350.0,2088.75
2023-09-21 14:43:00,738.75,1335.0,2073.75
2023-09-21 14:44:00,742.5,1320.0,2062.5
2023-09-21 14:45:00,738.75,1376.25,2115.0
2023-09-21 14:46:00,738.75,1365.0,2103.75
2023-09-21 14:47:00,742.5,1365.0,2107.5
2023-09-21 14:48:00,742.5,1372.5,2115.0
2023-09-21 14:49:00,750.0,1346.25,2096.25
2023-09-21 14:50:00,750.0,1353.75,2103.75
2023-09-21 14:51:00,753.75,1271.25,2025.0
2023-09-21 14:52:00,757.5,1331.25,2088.75
2023-09-21 14:53:00,757.5,1357.5,2115.0
2023-09-21 14:54:00,753.75,1331.25,2085.0
2023-09-21 14:55:00,761.25,1342.5,2103.75
2023-09-21 14:56:00,761.25,1372.5,2133.75
2023-09-21 14:57:00,757.5,1406.25,2163.75
2023-09-21 14:58:00,753.75,1395.0,2148.75
2023-09-21 14:59:00,753.75,1440.0,2193.75
2023-09-21 15:00:00,750.0,1440.0,2190.0
2023-09-21 15:01:00,750.0,1462.5,2212.5
2023-09-21 15:02:00,757.5,1488.75,2246.25
2023-09-21 15:03:00,753.75,1503.75,2257.5
2023-09-21 15:04:00,757.5,1507.5,2265.0
2023-09-21 15:05:00,765.0,1507.5,2272.5
2023-09-21 15:06:00,765.0,1511.25,2276.25
2023-09-21 15:07:00,761.25,1511.25,2272.5
2023-09-21 15:08:00,765.0,1511.25,2276.25
2023-09-21 15:09:00,768.75,1511.25,2280.0
2023-09-21 15:10:00,765.0,1511.25,2276.25
2023-09-21 15:11:00,772.5,1511.25,2283.75
2023-09-21 15:12:00,768.75,1511.25,2280.0
2023-09-21 15:13:00,772.5,1511.25,2283.75
2023-09-21 15:14:00,772.5,1511.25,2283.75
2023-09-21 15:15:00,772.5,1511.25,2283.75
2023-09-21 15:16:00,772.5,1511.25,2283.75
2023-09-21 15:17:00,776.25,1511.25,2287.5
2023-09-21 15:18:00,772.5,1511.25,2283.75
2023-09-21 15:19:00,772.5,1511.25,2283.75
2023-09-21 15:20:00,772.5,1511.25,2283.75
2023-09-21 15:21:00,772.5,1511.25,2283.75
2023-09-21 15:22:00,772.5,1511.25,2283.75
2023-09-21 15:23:00,772.5,1511.25,2283.75
2023-09-21 15:24:00,772.5,1511.25,2283.75
2023-09-21 15:25:00,772.5,1511.25,2283.75
2023-09-21 15:26:00,772.5,1511.25,2283.75
2023-09-21 15:27:00,772.5,1511.25,2283.75
2023-09-21 15:28:00,772.5,1511.25,2283.75
2023-09-21 15:29:00,772.5,1511.25,2283.75
2023-09-21 15:30:00,772.5,1511.25,2283.75
2023-09-28 10:15:00,0.0,0.0,0.0
2023-09-28 10:16:00,33.75,3.75,37.5
2023-09-28 10:17:00,33.75,15.0,48.75
2023-09-28 10:18:00,22.5,75.0,97.5
2023-09-28 10:19:00,-56.25,153.75,97.5
2023-09-28 10:20:00,-22.5,142.5,120.0
2023-09-28 10:21:00,-30.0,172.5,142.5
2023-09-28 10:22:00,-18.75,150.0,131.25
2023-09-28 10:23:00,-97.5,326.25,228.75
2023-09-28 10:24:00,-33.75,236.25,202.5
2023-09-28 10:25:00,360.0,-202.5,157.5
2023-09-28 10:26:00,476.25,-768.75,-292.5
2023-09-28 10:27:00,225.0,-45.0,180.0
2023-09-28 10:28:00,348.75,-322.5,26.25
2023-09-28 10:29:00,300.0,-228.75,71.25
2023-09-28 10:30:00,345.0,-292.5,52.5
2023-09-28 10:31:00,360.0,-251.25,108.75
2023-09-28 10:32:00,390.0,-416.25,-26.25
2023-09-28 10:33:00,356.25,-281.25,75.0
2023-09-28 10:34:00,356.25,-277.5,78.75
2023-09-28 10:35:00,371.25,-285.0,86.25
2023-09-28 10:36:00,360.0,-213.75,146.25
2023-09-28 10:37:00,337.5,-138.75,198.75
2023-09-28 10:38:00,371.25,-330.0,41.25
2023-09-28 10:39:00,386.25,-363.75,22.5
2023-09-28 10:40:00,393.75,-378.75,15.0
2023-09-28 10:41:00,390.0,-311.25,78.75
2023-09-28 10:42:00,401.25,-401.25,0.0
2023-09-28 10:43:00,468.75,-761.25,-292.5
2023-09-28 10:44:00,472.5,-648.75,-176.25
2023-09-28 10:45:00,487.5,-780.0,-292.5
2023-09-28 10:46:00,450.0,-618.75,-168.75
2023-09-28 10:47:00,408.75,-446.25,-37.5
2023-09-28 10:48:00,382.5,-296.25,86.25
2023-09-28 10:49:00,401.25,-341.25,60.0
2023-09-28 10:50:00,423.75,-420.0,3.75
2023-09-28 10:51:00,408.75,-487.5,-78.75
2023-09-28 10:52:00,401.25,-427.5,-26.25
2023-09-28 10:53:00,408.75,-450.0,-41.25
2023-09-28 10:54:00,412.5,-420.0,-7.5
2023-09-28 10:55:00,435.0,-532.5,-97.5
2023-09-28 10:56:00,465.0,-648.75,-183.75
2023-09-28 10:57:00,435.0,-468.75,-33.75
2023-09-28 10:58:00,453.75,-573.75,-120.0
2023-09-28 10:59:00,461.25,-555.0,-93.75
2023-09-28 11:00:00,461.25,-566.25,-105.0
2023-09-28 11:01:00,465.0,-562.5,-97.5
2023-09-28 11:02:00,457.5,-566.25,-108.75
2023-09-28 11:03:00,472.5,-641.25,-168.75
2023-09-28 11:04:00,487.5,-735.0,-247.5
2023-09-28 11:05:00,483.75,-652.5,-168.75
2023-09-28 11:06:00,450.0,-521.25,-71.25
2023-09-28 11:07:00,416.25,-382.5,33.75
2023-09-28 11:08:00,420.0,-371.25,48.75
2023-09-28 11:09:00,446.25,-495.0,-48.75
2023-09-28 11:10:00,510.0,-1016.25,-506.25
2023-09-28 11:11:00,517.5,-1068.75,-551.25
2023-09-28 11:12:00,498.75,-1391.25,-892.5
2023-09-28 11:13:00,502.5,-1218.75,-716.25
2023-09-28 11:14:00,510.0,-1410.0,-900.0
2023-09-28 11:15:00,536.25,-1567.5,-1031.25
2023-09-28 11:16:00,528.75,-1481.25,-952.5
2023-09-28 11:17:00,521.25,-1406.25,-885.0
2023-09-28 11:18:00,513.75,-1470.0,-956.25
2023-09-28 11:19:00,510.0,-1458.75,-948.75
2023-09-28 11:20:00,506.25,-1477.5,-971.25
2023-09-28 11:21:00,498.75,-1331.25,-832.5
2023-09-28 11:22:00,491.25,-2321.25,-1830.0
2023-09-28 11:23:00,502.5,-2377.5,-1875.0
2023-09-28 11:24:00,528.75,-2808.75,-2280.0
2023-09-28 11:25:00,532.5,-2572.5,-2040.0
2023-09-28 11:26:00,510.0,-2407.5,-1897.5
2023-09-28 11:27:00,510.0,-2565.0,-2055.0
2023-09-28 11:28:00,510.0,-2467.5,-1957.5
2023-09-28 11:29:00,506.25,-2647.5,-2141.25
2023-09-28 11:30:00,513.75,-3420.0,-2906.25
2023-09-28 11:31:00,258.75,-2820.0,-2561.25
2023-09-28 11:32:00,285.0,-3105.0,-2820.0
2023-09-28 11:33:00,360.0,-3232.5,-2872.5
2023-09-28 11:34:00,498.75,-3562.5,-3063.75
2023-09-28 11:35:00,453.75,-3637.5,-3183.75
2023-09-28 11:36:00,315.0,-3206.25,-2891.25
2023-09-28 11:37:00,326.25,-3337.5,-3011.25
2023-09-28 11:38:00,292.5,-3240.0,-2947.5
2023-09-28 11:39:00,532.5,-3607.5,-3075.0
2023-09-28 11:40:00,333.75,-3153.75,-2820.0
2023-09-28 11:41:00,213.75,-2865.0,-2651.25
2023-09-28 11:42:00,187.5,-2790.0,-2602.5
2023-09-28 11:43:00,210.0,-2797.5,-2587.5
2023-09-28 11:44:00,491.25,-3270.0,-2778.75
2023-09-28 11:45:00,465.0,-3213.75,-2748.75
2023-09-28 11:46:00,337.5,-2973.75,-2636.25
2023-09-28 11:47:00,345.0,-2947.5,-2602.5
2023-09-28 11:48:00,93.75,-2456.25,-2362.5
2023-09-28 11:49:00,232.5,-2737.5,-2505.0
2023-09-28 11:50:00,296.25,-2842.5,-2546.25
2023-09-28 11:51:00,180.0,-2625.0,-2445.0
2023-09-28 11:52:00,221.25,-2595.0,-2373.75
2023-09-28 11:53:00,26.25,-2193.75,-2167.5
2023-09-28 11:54:00,-101.25,-1953.75,-2055.0
2023-09-28 11:55:00,206.25,-2343.75,-2137.5
2023-09-28 11:56:00,438.75,-2778.75,-2340.0
2023-09-28 11:57:00,821.25,-3356.25,-2535.0
2023-09-28 11:58:00,787.5,-3277.5,-2490.0
2023-09-28 11:59:00,738.75,-3157.5,-2418.75
2023-09-28 12:00:00,843.75,-3435.0,-2591.25
2023-09-28 12:01:00,813.75,-3345.0,-2531.25
2023-09-28 12:02:00,941.25,-3536.25,-2595.0
2023-09-28 12:03:00,862.5,-3315.0,-2452.5
2023-09-28 12:04:00,922.5,-3453.75,-2531.25
2023-09-28 12:05:00,903.75,-3420.0,-2516.25
2023-09-28 12:06:00,648.75,-2782.5,-2133.75
2023-09-28 12:07:00,787.5,-3131.25,-2343.75
2023-09-28 12:08:00,855.0,-3371.25,-2516.25
2023-09-28 12:09:00,847.5,-3465.0,-2617.5
2023-09-28 12:10:00,873.75,-3600.0,-2726.25
2023-09-28 12:11:00,701.25,-3105.0,-2403.75
2023-09-28 12:12:00,750.0,-3221.25,-2471.25
2023-09-28 12:13:00,682.5,-3063.75,-2381.25
2023-09-28 12:14:00,708.75,-3090.0,-2381.25
2023-09-28 12:15:00,738.75,-3033.75,-2295.0
2023-09-28 12:16:00,753.75,-3045.0,-2291.25
2023-09-28 12:17:00,521.25,-2550.0,-2028.75
2023-09-28 12:18:00,648.75,-2726.25,-2077.5
2023-09-28 12:19:00,678.75,-2816.25,-2137.5
2023-09-28 12:20:00,705.0,-2880.0,-2175.0
2023-09-28 12:21:00,750.0,-2936.25,-2186.25
2023-09-28 12:22:00,847.5,-3150.0,-2302.5
2023-09-28 12:23:00,896.25,-3243.75,-2347.5
2023-09-28 12:24:00,847.5,-3075.0,-2227.5
2023-09-28 12:25:00,851.25,-3052.5,-2201.25
2023-09-28 12:26:00,911.25,-3150.0,-2238.75
2023-09-28 12:27:00,1245.0,-3757.5,-2512.5
2023-09-28 12:28:00,1162.5,-3472.5,-2310.0
2023-09-28 12:29:00,1200.0,-3697.5,-2497.5
2023-09-28 12:30:00,1226.25,-3570.0,-2343.75
2023-09-28 12:31:00,1207.5,-3525.0,-2317.5
2023-09-28 12:32:00,1128.75,-3292.5,-2163.75
2023-09-28 12:33:00,1087.5,-3135.0,-2047.5
2023-09-28 12:34:00,1098.75,-3183.75,-2085.0
2023-09-28 12:35:00,1181.25,-3412.5,-2231.25
2023-09-28 12:36:00,1271.25,-3641.25,-2370.0
2023-09-28 12:37:00,1278.75,-3757.5,-2478.75
2023-09-28 12:38:00,1376.25,-3903.75,-2527.5
2023-09-28 12:39:00,1455.0,-3975.0,-2520.0
2023-09-28 12:40:00,1473.75,-4087.5,-2613.75
2023-09-28 12:41:00,1526.25,-4166.25,-2640.0
2023-09-28 12:42:00,1556.25,-4293.75,-2737.5
2023-09-28 12:43:00,1443.75,-3993.75,-2550.0
2023-09-28 12:44:00,1353.75,-3761.25,-2407.5
2023-09-28 12:45:00,1226.25,-3506.25,-2280.0
2023-09-28 12:46:00,1053.75,-3187.5,-2133.75
2023-09-28 12:47:00,1166.25,-3401.25,-2235.0
2023-09-28 12:48:00,1443.75,-3862.5,-2418.75
2023-09-28 12:49:00,1376.25,-3716.25,-2340.0
2023-09-28 12:50:00,1211.25,-3513.75,-2302.5
2023-09-28 12:51:00,1181.25,-3585.0,-2403.75
2023-09-28 12:52:00,1143.75,-3487.5,-2343.75
2023-09-28 12:53:00,1233.75,-3495.0,-2261.25
2023-09-28 12:54:00,1218.75,-3517.5,-2298.75
2023-09-28 12:55:00,1271.25,-3573.75,-2302.5
2023-09-28 12:56:00,1376.25,-3738.75,-2362.5
2023-09-28 12:57:00,1541.25,-3975.0,-2433.75
2023-09-28 12:58:00,1241.25,-3318.75,-2077.5
2023-09-28 12:59:00,993.75,-2955.0,-1961.25
2023-09-28 13:00:00,1113.75,-3161.25,-2047.5
2023-09-28 13:01:00,1166.25,-3266.25,-2100.0
2023-09-28 13:02:00,1091.25,-3146.25,-2055.0
2023-09-28 13:03:00,1368.75,-3536.25,-2167.5
2023-09-28 13:04:00,1413.75,-3461.25,-2047.5
2023-09-28 13:05:00,1286.25,-3277.5,-1991.25
2023-09-28 13:06:00,1203.75,-3285.0,-2081.25
2023-09-28 13:07:00,1196.25,-3210.0,-2013.75
2023-09-28 13:08:00,1233.75,-3243.75,-2010.0
2023-09-28 13:09:00,1511.25,-3697.5,-2186.25
2023-09-28 13:10:00,1811.25,-4110.0,-2298.75
2023-09-28 13:11:00,2021.25,-4372.5,-2351.25
2023-09-28 13:12:00,2081.25,-4571.25,-2490.0
2023-09-28 13:13:00,2028.75,-4327.5,-2298.75
2023-09-28 13:14:00,1968.75,-4177.5,-2208.75
2023-09-28 13:15:00,2036.25,-4338.75,-2302.5
2023-09-28 13:16:00,2058.75,-4440.0,-2381.25
2023-09-28 13:17:00,2171.25,-4590.0,-2418.75
2023-09-28 13:18:00,2238.75,-4818.75,-2580.0
2023-09-28 13:19:00,2313.75,-4931.25,-2617.5
2023-09-28 13:20:00,2328.75,-4867.5,-2538.75
2023-09-28 13:21:00,2276.25,-4706.25,-2430.0
2023-09-28 13:22:00,2261.25,-4605.0,-2343.75
2023-09-28 13:23:00,2306.25,-4642.5,-2336.25
2023-09-28 13:24:00,2373.75,-4882.5,-2508.75
2023-09-28 13:25:00,2448.75,-5096.25,-2647.5
2023-09-28 13:26:00,2471.25,-4912.5,-2441.25
2023-09-28 13:27:00,2538.75,-5100.0,-2561.25
2023-09-28 13:28:00,2621.25,-5745.0,-3123.75
2023-09-28 13:29:00,2583.75,-5741.25,-3157.5
2023-09-28 13:30:00,2553.75,-5471.25,-2917.5
2023-09-28 13:31:00,2508.75,-5613.75,-3105.0
2023-09-28 13:32:00,2531.25,-5523.75,-2992.5
2023-09-28 13:33:00,2561.25,-5655.0,-3093.75
2023-09-28 13:34:00,2606.25,-5891.25,-3285.0
2023-09-28 13:35:00,2546.25,-5613.75,-3067.5
2023-09-28 13:36:00,2463.75,-5152.5,-2688.75
2023-09-28 13:37:00,2328.75,-4571.25,-2242.5
2023-09-28 13:38:00,2426.25,-4766.25,-2340.0
2023-09-28 13:39:00,2516.25,-5081.25,-2565.0
2023-09-28 13:40:00,2501.25,-5193.75,-2692.5
2023-09-28 13:41:00,2478.75,-5145.0,-2666.25
2023-09-28 13:42:00,2426.25,-4826.25,-2400.0
2023-09-28 13:43:00,2373.75,-4676.25,-2302.5
2023-09-28 13:44:00,2246.25,-4237.5,-1991.25
2023-09-28 13:45:00,2373.75,-4515.0,-2141.25
2023-09-28 13:46:00,2328.75,-4425.0,-2096.25
2023-09-28 13:47:00,2478.75,-4751.25,-2272.5
2023-09-28 13:48:00,2501.25,-4916.25,-2415.0
2023-09-28 13:49:00,2613.75,-5100.0,-2486.25
2023-09-28 13:50:00,2583.75,-5002.5,-2418.75
2023-09-28 13:51:00,2531.25,-4826.25,-2295.0
2023-09-28 13:52:00,2568.75,-4946.25,-2377.5
2023-09-28 13:53:00,2666.25,-5343.75,-2677.5
2023-09-28 13:54:00,2711.25,-5340.0,-2628.75
2023-09-28 13:55:00,2816.25,-5962.5,-3146.25
2023-09-28 13:56:00,2793.75,-5782.5,-2988.75
2023-09-28 13:57:00,2786.25,-6015.0,-3228.75
2023-09-28 13:58:00,2703.75,-5546.25,-2842.5
2023-09-28 13:59:00,2726.25,-5936.25,-3210.0
2023-09-28 14:00:00,2696.25,-5718.75,-3022.5
2023-09-28 14:01:00,2681.25,-5478.75,-2797.5
2023-09-28 14:02:00,2718.75,-5910.0,-3191.25
2023-09-28 14:03:00,2703.75,-5812.5,-3108.75
2023-09-28 14:04:00,2748.75,-6641.25,-3892.5
2023-09-28 14:05:00,2763.75,-6446.25,-3682.5
2023-09-28 14:06:00,2778.75,-6435.0,-3656.25
2023-09-28 14:07:00,2778.75,-6521.25,-3742.5
2023-09-28 14:08:00,2801.25,-6528.75,-3727.5
2023-09-28 14:09:00,2816.25,-6521.25,-3705.0
2023-09-28 14:10:00,2831.25,-6547.5,-3716.25
2023-09-28 14:11:00,2891.25,-6540.0,-3648.75
2023-09-28 14:12:00,2861.25,-6457.5,-3596.25
2023-09-28 14:13:00,2868.75,-6397.5,-3528.75
2023-09-28 14:14:00,2853.75,-6341.25,-3487.5
2023-09-28 14:15:00,2861.25,-6386.25,-3525.0
2023-09-28 14:16:00,2846.25,-6296.25,-3450.0
2023-09-28 14:17:00,2853.75,-6307.5,-3453.75
2023-09-28 14:18:00,2816.25,-6198.75,-3382.5
2023-09-28 14:19:00,2726.25,-6168.75,-3442.5
2023-09-28 14:20:00,2673.75,-6135.0,-3461.25
2023-09-28 14:21:00,2726.25,-6165.0,-3438.75
2023-09-28 14:22:00,2786.25,-6180.0,-3393.75
2023-09-28 14:23:00,2816.25,-6247.5,-3431.25
2023-09-28 14:24:00,2823.75,-6187.5,-3363.75
2023-09-28 14:25:00,2838.75,-6255.0,-3416.25
2023-09-28 14:26:00,2786.25,-6210.0,-3423.75
2023-09-28 14:27:00,2868.75,-6232.5,-3363.75
2023-09-28 14:28:00,2868.75,-6213.75,-3345.0
2023-09-28 14:29:00,2928.75,-6251.25,-3322.5
2023-09-28 14:30:00,2913.75,-6273.75,-3360.0
2023-09-28 14:31:00,2921.25,-6341.25,-3420.0
2023-09-28 14:32:00,2913.75,-6326.25,-3412.5
2023-09-28 14:33:00,2951.25,-6348.75,-3397.5
2023-09-28 14:34:00,2936.25,-6277.5,-3341.25
2023-09-28 14:35:00,2943.75,-6228.75,-3285.0
2023-09-28 14:36:00,2913.75,-6180.0,-3266.25
2023-09-28 14:37:00,2876.25,-6210.0,-3333.75
2023-09-28 14:38:00,2898.75,-6198.75,-3300.0
2023-09-28 14:39:00,2898.75,-6210.0,-3311.25
2023-09-28 14:40:00,2936.25,-6206.25,-3270.0
2023-09-28 14:41:00,2906.25,-6112.5,-3206.25
2023-09-28 14:42:00,2921.25,-6157.5,-3236.25
2023-09-28 14:43:00,2951.25,-6172.5,-3221.25
2023-09-28 14:44:00,2988.75,-6172.5,-3183.75
2023-09-28 14:45:00,2981.25,-6183.75,-3202.5
2023-09-28 14:46:00,2996.25,-6168.75,-3172.5
2023-09-28 14:47:00,3003.75,-6221.25,-3217.5
2023-09-28 14:48:00,3011.25,-6153.75,-3142.5
2023-09-28 14:49:00,3011.25,-6157.5,-3146.25
2023-09-28 14:50:00,3026.25,-6120.0,-3093.75
2023-09-28 14:51:00,3003.75,-6033.75,-3030.0
2023-09-28 14:52:00,3003.75,-6056.25,-3052.5
2023-09-28 14:53:00,3003.75,-6056.25,-3052.5
2023-09-28 14:54:00,3011.25,-6078.75,-3067.5
2023-09-28 14:55:00,3011.25,-6090.0,-3078.75
2023-09-28 14:56:00,3011.25,-6097.5,-3086.25
2023-09-28 14:57:00,3026.25,-6116.25,-3090.0
2023-09-28 14:58:00,3018.75,-6180.0,-3161.25
2023-09-28 14:59:00,3026.25,-6093.75,-3067.5
2023-09-28 15:00:00,3026.25,-6108.75,-3082.5
2023-09-28 15:01:00,3018.75,-6150.0,-3131.25
2023-09-28 15:02:00,3041.25,-6116.25,-3075.0
2023-09-28 15:03:00,3048.75,-6108.75,-3060.0
2023-09-28 15:04:00,3048.75,-6075.0,-3026.25
2023-09-28 15:05:00,3078.75,-6071.25,-2992.5
2023-09-28 15:06:00,3071.25,-6097.5,-3026.25
2023-09-28 15:07:00,3078.75,-6063.75,-2985.0
2023-09-28 15:08:00,3078.75,-6063.75,-2985.0
2023-09-28 15:09:00,3086.25,-6090.0,-3003.75
2023-09-28 15:10:00,3086.25,-6075.0,-2988.75
2023-09-28 15:11:00,3086.25,-6015.0,-2928.75
2023-09-28 15:12:00,3093.75,-6120.0,-3026.25
2023-09-28 15:13:00,3093.75,-6127.5,-3033.75
2023-09-28 15:14:00,3093.75,-6048.75,-2955.0
2023-09-28 15:15:00,3093.75,-6033.75,-2940.0
2023-09-28 15:16:00,3086.25,-5973.75,-2887.5
2023-09-28 15:17:00,3093.75,-5966.25,-2872.5
2023-09-28 15:18:00,3101.25,-5962.5,-2861.25
2023-09-28 15:19:00,3093.75,-5962.5,-2868.75
2023-09-28 15:20:00,3093.75,-5958.75,-2865.0
2023-09-28 15:21:00,3093.75,-5958.75,-2865.0
2023-09-28 15:22:00,3093.75,-5958.75,-2865.0
2023-09-28 15:23:00,3093.75,-5958.75,-2865.0
2023-09-28 15:24:00,3093.75,-5958.75,-2865.0
2023-09-28 15:25:00,3093.75,-5958.75,-2865.0
2023-09-28 15:26:00,3093.75,-5958.75,-2865.0
2023-09-28 15:27:00,3093.75,-5958.75,-2865.0
2023-09-28 15:28:00,3093.75,-5958.75,-2865.0
2023-09-28 15:29:00,3093.75,-5958.75,-2865.0
2023-09-28 15:30:00,3093.75,-5958.75,-2865.0
2023-10-05 10:15:00,0.0,0.0,0.0
2023-10-05 10:16:00,93.75,-37.5,56.25
2023-10-05 10:17:00,-41.25,63.75,22.5
2023-10-05 10:18:00,22.5,-11.25,11.25
2023-10-05 10:19:00,-30.0,33.75,3.75
2023-10-05 10:20:00,63.75,22.5,86.25
2023-10-05 10:21:00,-138.75,165.0,26.25
2023-10-05 10:22:00,-3.75,127.5,123.75
2023-10-05 10:23:00,75.0,71.25,146.25
2023-10-05 10:24:00,45.0,67.5,112.5
2023-10-05 10:25:00,105.0,48.75,153.75
2023-10-05 10:26:00,48.75,78.75,127.5
2023-10-05 10:27:00,90.0,52.5,142.5
2023-10-05 10:28:00,408.75,-210.0,198.75
2023-10-05 10:29:00,727.5,-573.75,153.75
2023-10-05 10:30:00,761.25,-588.75,172.5
2023-10-05 10:31:00,1038.75,-720.0,318.75
2023-10-05 10:32:00,1068.75,-720.0,348.75
2023-10-05 10:33:00,926.25,-510.0,416.25
2023-10-05 10:34:00,971.25,-573.75,397.5
2023-10-05 10:35:00,926.25,-532.5,393.75
2023-10-05 10:36:00,918.75,-450.0,468.75
2023-10-05 10:37:00,941.25,-431.25,510.0
2023-10-05 10:38:00,963.75,-397.5,566.25
2023-10-05 10:39:00,1053.75,-506.25,547.5
2023-10-05 10:40:00,1196.25,-562.5,633.75
2023-10-05 10:41:00,1293.75,-626.25,667.5
2023-10-05 10:42:00,1173.75,-502.5,671.25
2023-10-05 10:43:00,1173.75,-472.5,701.25
2023-10-05 10:44:00,1323.75,-630.0,693.75
2023-10-05 10:45:00,1248.75,-506.25,742.5
2023-10-05 10:46:00,1391.25,-596.25,795.0
2023-10-05 10:47:00,1248.75,-472.5,776.25
2023-10-05 10:48:00,1188.75,-378.75,810.0
2023-10-05 10:49:00,918.75,-116.25,802.5
2023-10-05 10:50:00,-108.75,266.25,157.5
2023-10-05 10:51:00,-641.25,386.25,-255.0
2023-10-05 10:52:00,-663.75,371.25,-292.5
2023-10-05 10:53:00,-1121.25,487.5,-633.75
2023-10-05 10:54:00,-933.75,450.0,-483.75
2023-10-05 10:55:00,-1316.25,476.25,-840.0
2023-10-05 10:56:00,-2205.0,596.25,-1608.75
2023-10-05 10:57:00,-2358.75,656.25,-1702.5
2023-10-05 10:58:00,-2355.0,663.75,-1691.25
2023-10-05 10:59:00,-2471.25,723.75,-1747.5
2023-10-05 11:00:00,-2381.25,776.25,-1605.0
2023-10-05 11:01:00,-2182.5,761.25,-1421.25
2023-10-05 11:02:00,-2347.5,761.25,-1586.25
2023-10-05 11:03:00,-2310.0,746.25,-1563.75
2023-10-05 11:04:00,-2347.5,798.75,-1548.75
2023-10-05 11:05:00,-2280.0,813.75,-1466.25
2023-10-05 11:06:00,-2088.75,738.75,-1350.0
2023-10-05 11:07:00,-2051.25,716.25,-1335.0
2023-10-05 11:08:00,-2043.75,735.0,-1308.75
2023-10-05 11:09:00,-2051.25,731.25,-1320.0
2023-10-05 11:10:00,-2081.25,750.0,-1331.25
2023-10-05 11:11:00,-2441.25,960.0,-1481.25
2023-10-05 11:12:00,-2328.75,993.75,-1335.0
2023-10-05 11:13:00,-2321.25,993.75,-1327.5
2023-10-05 11:14:00,-2283.75,978.75,-1305.0
2023-10-05 11:15:00,-2283.75,978.75,-1305.0
2023-10-05 11:16:00,-2036.25,911.25,-1125.0
2023-10-05 11:17:00,-2115.0,948.75,-1166.25
2023-10-05 11:18:00,-2073.75,930.0,-1143.75
2023-10-05 11:19:00,-2006.25,900.0,-1106.25
2023-10-05 11:20:00,-2175.0,945.0,-1230.0
2023-10-05 11:21:00,-2283.75,1020.0,-1263.75
2023-10-05 11:22:00,-2073.75,930.0,-1143.75
2023-10-05 11:23:00,-2478.75,1147.5,-1331.25
2023-10-05 11:24:00,-2175.0,1083.75,-1091.25
2023-10-05 11:25:00,-2261.25,1098.75,-1162.5
2023-10-05 11:26:00,-2227.5,1076.25,-1151.25
2023-10-05 11:27:00,-2130.0,1035.0,-1095.0
2023-10-05 11:28:00,-2055.0,990.0,-1065.0
2023-10-05 11:29:00,-1717.5,825.0,-892.5
2023-10-05 11:30:00,-1751.25,862.5,-888.75
2023-10-05 11:31:00,-1961.25,990.0,-971.25
2023-10-05 11:32:00,-1755.0,885.0,-870.0
2023-10-05 11:33:00,-1661.25,832.5,-828.75
2023-10-05 11:34:00,-1575.0,795.0,-780.0
2023-10-05 11:35:00,-1601.25,780.0,-821.25
2023-10-05 11:36:00,-1533.75,765.0,-768.75
2023-10-05 11:37:00,-1541.25,746.25,-795.0
2023-10-05 11:38:00,-1695.0,881.25,-813.75
2023-10-05 11:39:00,-1785.0,990.0,-795.0
2023-10-05 11:40:00,-1623.75,922.5,-701.25
2023-10-05 11:41:00,-1605.0,877.5,-727.5
2023-10-05 11:42:00,-1500.0,806.25,-693.75
2023-10-05 11:43:00,-1256.25,637.5,-618.75
2023-10-05 11:44:00,-1023.75,461.25,-562.5
2023-10-05 11:45:00,-1027.5,585.0,-442.5
2023-10-05 11:46:00,-1020.0,468.75,-551.25
2023-10-05 11:47:00,-1016.25,536.25,-480.0
2023-10-05 11:48:00,-982.5,506.25,-476.25
2023-10-05 11:49:00,-960.0,551.25,-408.75
2023-10-05 11:50:00,-1008.75,596.25,-412.5
2023-10-05 11:51:00,-1076.25,690.0,-386.25
2023-10-05 11:52:00,-1061.25,682.5,-378.75
2023-10-05 11:53:00,-945.0,577.5,-367.5
2023-10-05 11:54:00,-881.25,513.75,-367.5
2023-10-05 11:55:00,-693.75,367.5,-326.25
2023-10-05 11:56:00,-870.0,446.25,-423.75
2023-10-05 11:57:00,-915.0,528.75,-386.25
2023-10-05 11:58:00,-881.25,480.0,-401.25
2023-10-05 11:59:00,-900.0,502.5,-397.5
2023-10-05 12:00:00,-952.5,577.5,-375.0
2023-10-05 12:01:00,-903.75,513.75,-390.0
2023-10-05 12:02:00,-1087.5,731.25,-356.25
2023-10-05 12:03:00,-1113.75,735.0,-378.75
2023-10-05 12:04:00,-1263.75,903.75,-360.0
2023-10-05 12:05:00,-1207.5,847.5,-360.0
2023-10-05 12:06:00,-1076.25,765.0,-311.25
2023-10-05 12:07:00,-1076.25,753.75,-322.5
2023-10-05 12:08:00,-993.75,705.0,-288.75
2023-10-05 12:09:00,-821.25,540.0,-281.25
2023-10-05 12:10:00,-866.25,592.5,-273.75
2023-10-05 12:11:00,-787.5,513.75,-273.75
2023-10-05 12:12:00,-810.0,551.25,-258.75
2023-10-05 12:13:00,-791.25,528.75,-262.5
2023-10-05 12:14:00,-693.75,457.5,-236.25
2023-10-05 12:15:00,-723.75,525.0,-198.75
2023-10-05 12:16:00,-386.25,-63.75,-450.0
2023-10-05 12:17:00,-341.25,-97.5,-438.75
2023-10-05 12:18:00,-232.5,-405.0,-637.5
2023-10-05 12:19:00,-277.5,-281.25,-558.75
2023-10-05 12:20:00,-146.25,-630.0,-776.25
2023-10-05 12:21:00,-198.75,-498.75,-697.5
2023-10-05 12:22:00,-202.5,-558.75,-761.25
2023-10-05 12:23:00,-131.25,-993.75,-1125.0
2023-10-05 12:24:00,-131.25,-772.5,-903.75
2023-10-05 12:25:00,-153.75,-776.25,-930.0
2023-10-05 12:26:00,-217.5,-491.25,-708.75
2023-10-05 12:27:00,-217.5,-506.25,-723.75
2023-10-05 12:28:00,-198.75,-652.5,-851.25
2023-10-05 12:29:00,-195.0,-536.25,-731.25
2023-10-05 12:30:00,-277.5,-292.5,-570.0
2023-10-05 12:31:00,-326.25,-191.25,-517.5
2023-10-05 12:32:00,-322.5,-161.25,-483.75
2023-10-05 12:33:00,-341.25,-71.25,-412.5
2023-10-05 12:34:00,-393.75,131.25,-262.5
2023-10-05 12:35:00,-393.75,210.0,-183.75
2023-10-05 12:36:00,-397.5,180.0,-217.5
2023-10-05 12:37:00,-258.75,-86.25,-345.0
2023-10-05 12:38:00,-221.25,-213.75,-435.0
2023-10-05 12:39:00,-202.5,-270.0,-472.5
2023-10-05 12:40:00,-247.5,-75.0,-322.5
2023-10-05 12:41:00,-258.75,-82.5,-341.25
2023-10-05 12:42:00,-247.5,-90.0,-337.5
2023-10-05 12:43:00,-187.5,-262.5,-450.0
2023-10-05 12:44:00,-206.25,-236.25,-442.5
2023-10-05 12:45:00,-82.5,-648.75,-731.25
2023-10-05 12:46:00,-142.5,-318.75,-461.25
2023-10-05 12:47:00,-146.25,-348.75,-495.0
2023-10-05 12:48:00,-210.0,-97.5,-307.5
2023-10-05 12:49:00,-337.5,127.5,-210.0
2023-10-05 12:50:00,-266.25,3.75,-262.5
2023-10-05 12:51:00,-300.0,67.5,-232.5
2023-10-05 12:52:00,-307.5,90.0,-217.5
2023-10-05 12:53:00,-476.25,435.0,-41.25
2023-10-05 12:54:00,-498.75,401.25,-97.5
2023-10-05 12:55:00,-450.0,363.75,-86.25
2023-10-05 12:56:00,-408.75,217.5,-191.25
2023-10-05 12:57:00,-607.5,517.5,-90.0
2023-10-05 12:58:00,-502.5,416.25,-86.25
2023-10-05 12:59:00,-502.5,363.75,-138.75
2023-10-05 13:00:00,-408.75,251.25,-157.5
2023-10-05 13:01:00,-236.25,120.0,-116.25
2023-10-05 13:02:00,-187.5,-172.5,-360.0
2023-10-05 13:03:00,-180.0,-195.0,-375.0
2023-10-05 13:04:00,-206.25,-127.5,-333.75
2023-10-05 13:05:00,-180.0,-180.0,-360.0
2023-10-05 13:06:00,-195.0,-150.0,-345.0
2023-10-05 13:07:00,-37.5,-558.75,-596.25
2023-10-05 13:08:00,-45.0,-502.5,-547.5
2023-10-05 13:09:00,-18.75,-663.75,-682.5
2023-10-05 13:10:00,-33.75,-690.0,-723.75
2023-10-05 13:11:00,-22.5,-750.0,-772.5
2023-10-05 13:12:00,15.0,-783.75,-768.75
2023-10-05 13:13:00,7.5,-701.25,-693.75
2023-10-05 13:14:00,-45.0,-326.25,-371.25
2023-10-05 13:15:00,-97.5,-86.25,-183.75
2023-10-05 13:16:00,-86.25,-221.25,-307.5
2023-10-05 13:17:00,-56.25,-266.25,-322.5
2023-10-05 13:18:00,-30.0,-322.5,-352.5
2023-10-05 13:19:00,3.75,-423.75,-420.0
2023-10-05 13:20:00,-202.5,315.0,112.5
2023-10-05 13:21:00,-262.5,442.5,180.0
2023-10-05 13:22:00,-266.25,457.5,191.25
2023-10-05 13:23:00,-176.25,427.5,251.25
2023-10-05 13:24:00,-210.0,446.25,236.25
2023-10-05 13:25:00,-146.25,307.5,161.25
2023-10-05 13:26:00,-187.5,442.5,255.0
2023-10-05 13:27:00,-251.25,532.5,281.25
2023-10-05 13:28:00,-307.5,581.25,273.75
2023-10-05 13:29:00,-303.75,596.25,292.5
2023-10-05 13:30:00,-540.0,888.75,348.75
2023-10-05 13:31:00,-453.75,825.0,371.25
2023-10-05 13:32:00,-697.5,1080.0,382.5
2023-10-05 13:33:00,-783.75,1185.0,401.25
2023-10-05 13:34:00,-663.75,1035.0,371.25
2023-10-05 13:35:00,-716.25,1102.5,386.25
2023-10-05 13:36:00,-705.0,1080.0,375.0
2023-10-05 13:37:00,-690.0,1065.0,375.0
2023-10-05 13:38:00,-570.0,1008.75,438.75
2023-10-05 13:39:00,-491.25,967.5,476.25
2023-10-05 13:40:00,-622.5,1072.5,450.0
2023-10-05 13:41:00,-528.75,1031.25,502.5
2023-10-05 13:42:00,-600.0,1068.75,468.75
2023-10-05 13:43:00,-532.5,1035.0,502.5
2023-10-05 13:44:00,-581.25,1065.0,483.75
2023-10-05 13:45:00,-731.25,1263.75,532.5
2023-10-05 13:46:00,-483.75,1110.0,626.25
2023-10-05 13:47:00,-371.25,993.75,622.5
2023-10-05 13:48:00,-566.25,1207.5,641.25
2023-10-05 13:49:00,-596.25,1207.5,611.25
2023-10-05 13:50:00,-630.0,1230.0,600.0
2023-10-05 13:51:00,-502.5,1166.25,663.75
2023-10-05 13:52:00,-457.5,1140.0,682.5
2023-10-05 13:53:00,-532.5,1226.25,693.75
2023-10-05 13:54:00,-457.5,1147.5,690.0
2023-10-05 13:55:00,-352.5,1065.0,712.5
2023-10-05 13:56:00,-131.25,858.75,727.5
2023-10-05 13:57:00,-213.75,948.75,735.0
2023-10-05 13:58:00,-416.25,1185.0,768.75
2023-10-05 13:59:00,-543.75,1267.5,723.75
2023-10-05 14:00:00,-386.25,1136.25,750.0
2023-10-05 14:01:00,-371.25,1185.0,813.75
2023-10-05 14:02:00,-360.0,1151.25,791.25
2023-10-05 14:03:00,-555.0,1286.25,731.25
2023-10-05 14:04:00,-352.5,1140.0,787.5
2023-10-05 14:05:00,-461.25,1233.75,772.5
2023-10-05 14:06:00,-345.0,1181.25,836.25
2023-10-05 14:07:00,-356.25,1203.75,847.5
2023-10-05 14:08:00,-281.25,1151.25,870.0
2023-10-05 14:09:00,-296.25,1158.75,862.5
2023-10-05 14:10:00,-116.25,1008.75,892.5
2023-10-05 14:11:00,-187.5,1046.25,858.75
2023-10-05 14:12:00,-236.25,1143.75,907.5
2023-10-05 14:13:00,-202.5,1080.0,877.5
2023-10-05 14:14:00,-131.25,978.75,847.5
2023-10-05 14:15:00,-142.5,1020.0,877.5
2023-10-05 14:16:00,-195.0,1181.25,986.25
2023-10-05 14:17:00,-48.75,978.75,930.0
2023-10-05 14:18:00,7.5,915.0,922.5
2023-10-05 14:19:00,78.75,873.75,952.5
2023-10-05 14:20:00,165.0,843.75,1008.75
2023-10-05 14:21:00,123.75,810.0,933.75
2023-10-05 14:22:00,18.75,1031.25,1050.0
2023-10-05 14:23:00,123.75,847.5,971.25
2023-10-05 14:24:00,86.25,1038.75,1125.0
2023-10-05 14:25:00,56.25,1053.75,1110.0
2023-10-05 14:26:00,116.25,1031.25,1147.5
2023-10-05 14:27:00,-22.5,1230.0,1207.5
2023-10-05 14:28:00,52.5,1196.25,1248.75
2023-10-05 14:29:00,45.0,1230.0,1275.0
2023-10-05 14:30:00,78.75,1166.25,1245.0
2023-10-05 14:31:00,101.25,1177.5,1278.75
2023-10-05 14:32:00,183.75,1061.25,1245.0
2023-10-05 14:33:00,41.25,1327.5,1368.75
2023-10-05 14:34:00,116.25,1226.25,1342.5
2023-10-05 14:35:00,153.75,1117.5,1271.25
2023-10-05 14:36:00,288.75,633.75,922.5
2023-10-05 14:37:00,337.5,708.75,1046.25
2023-10-05 14:38:00,240.0,1110.0,1350.0
2023-10-05 14:39:00,-86.25,1485.0,1398.75
2023-10-05 14:40:00,-86.25,1481.25,1395.0
2023-10-05 14:41:00,-206.25,1586.25,1380.0
2023-10-05 14:42:00,-172.5,1578.75,1406.25
2023-10-05 14:43:00,-105.0,1578.75,1473.75
2023-10-05 14:44:00,30.0,1560.0,1590.0
2023-10-05 14:45:00,-33.75,1650.0,1616.25
2023-10-05 14:46:00,-3.75,1623.75,1620.0
2023-10-05 14:47:00,123.75,1582.5,1706.25
2023-10-05 14:48:00,123.75,1623.75,1747.5
2023-10-05 14:49:00,123.75,1668.75,1792.5
2023-10-05 14:50:00,123.75,1560.0,1683.75
2023-10-05 14:51:00,123.75,1563.75,1687.5
2023-10-05 14:52:00,123.75,1608.75,1732.5
2023-10-05 14:53:00,123.75,1653.75,1777.5
2023-10-05 14:54:00,123.75,1631.25,1755.0
2023-10-05 14:55:00,123.75,1646.25,1770.0
2023-10-05 14:56:00,123.75,1758.75,1882.5
2023-10-05 14:57:00,123.75,1766.25,1890.0
2023-10-05 14:58:00,123.75,1687.5,1811.25
2023-10-05 14:59:00,123.75,1781.25,1905.0
2023-10-05 15:00:00,123.75,1736.25,1860.0
2023-10-05 15:01:00,123.75,1822.5,1946.25
2023-10-05 15:02:00,123.75,1803.75,1927.5
2023-10-05 15:03:00,123.75,1578.75,1702.5
2023-10-05 15:04:00,123.75,1691.25,1815.0
2023-10-05 15:05:00,123.75,1567.5,1691.25
2023-10-05 15:06:00,123.75,1608.75,1732.5
2023-10-05 15:07:00,123.75,1616.25,1740.0
2023-10-05 15:08:00,123.75,1597.5,1721.25
2023-10-05 15:09:00,123.75,1605.0,1728.75
2023-10-05 15:10:00,123.75,1605.0,1728.75
2023-10-05 15:11:00,123.75,1605.0,1728.75
2023-10-05 15:12:00,123.75,1605.0,1728.75
2023-10-05 15:13:00,123.75,1605.0,1728.75
2023-10-05 15:14:00,123.75,1605.0,1728.75
2023-10-05 15:15:00,123.75,1605.0,1728.75
2023-10-05 15:16:00,123.75,1605.0,1728.75
2023-10-05 15:17:00,123.75,1608.75,1732.5
2023-10-05 15:18:00,123.75,1608.75,1732.5
2023-10-05 15:19:00,123.75,1605.0,1728.75
2023-10-05 15:20:00,123.75,1605.0,1728.75
2023-10-05 15:21:00,123.75,1605.0,1728.75
2023-10-05 15:22:00,123.75,1605.0,1728.75
2023-10-05 15:23:00,123.75,1605.0,1728.75
2023-10-05 15:24:00,123.75,1605.0,1728.75
2023-10-05 15:25:00,123.75,1605.0,1728.75
2023-10-05 15:26:00,123.75,1605.0,1728.75
2023-10-05 15:27:00,123.75,1605.0,1728.75
2023-10-05 15:28:00,123.75,1605.0,1728.75
2023-10-05 15:29:00,123.75,1605.0,1728.75
2023-10-05 15:30:00,123.75,0.0,123.75
2023-10-12 10:15:00,0.0,0.0,0.0
2023-10-12 10:16:00,-11.25,33.75,22.5
2023-10-12 10:17:00,41.25,-63.75,-22.5
2023-10-12 10:18:00,41.25,-33.75,7.5
2023-10-12 10:19:00,15.0,0.0,15.0
2023-10-12 10:20:00,63.75,-45.0,18.75
2023-10-12 10:21:00,82.5,-75.0,7.5
2023-10-12 10:22:00,101.25,-123.75,-22.5
2023-10-12 10:23:00,93.75,-112.5,-18.75
2023-10-12 10:24:00,112.5,-142.5,-30.0
2023-10-12 10:25:00,105.0,-112.5,-7.5
2023-10-12 10:26:00,97.5,-41.25,56.25
2023-10-12 10:27:00,105.0,-97.5,7.5
2023-10-12 10:28:00,108.75,-82.5,26.25
2023-10-12 10:29:00,90.0,3.75,93.75
2023-10-12 10:30:00,120.0,-45.0,75.0
2023-10-12 10:31:00,138.75,-56.25,82.5
2023-10-12 10:32:00,180.0,-123.75,56.25
2023-10-12 10:33:00,195.0,-123.75,71.25
2023-10-12 10:34:00,232.5,-161.25,71.25
2023-10-12 10:35:00,232.5,-150.0,82.5
2023-10-12 10:36:00,221.25,-131.25,90.0
2023-10-12 10:37:00,225.0,-135.0,90.0
2023-10-12 10:38:00,232.5,-142.5,90.0
2023-10-12 10:39:00,240.0,-127.5,112.5
2023-10-12 10:40:00,273.75,-221.25,52.5
2023-10-12 10:41:00,303.75,-195.0,108.75
2023-10-12 10:42:00,247.5,11.25,258.75
2023-10-12 10:43:00,41.25,375.0,416.25
2023-10-12 10:44:00,-243.75,652.5,408.75
2023-10-12 10:45:00,-326.25,708.75,382.5
2023-10-12 10:46:00,-326.25,738.75,412.5
2023-10-12 10:47:00,-288.75,723.75,435.0
2023-10-12 10:48:00,-232.5,708.75,476.25
2023-10-12 10:49:00,-78.75,633.75,555.0
2023-10-12 10:50:00,-101.25,652.5,551.25
2023-10-12 10:51:00,-86.25,678.75,592.5
2023-10-12 10:52:00,-161.25,731.25,570.0
2023-10-12 10:53:00,-273.75,798.75,525.0
2023-10-12 10:54:00,-352.5,862.5,510.0
2023-10-12 10:55:00,-240.0,806.25,566.25
2023-10-12 10:56:00,-225.0,810.0,585.0
2023-10-12 10:57:00,-191.25,806.25,615.0
2023-10-12 10:58:00,-240.0,821.25,581.25
2023-10-12 10:59:00,-168.75,802.5,633.75
2023-10-12 11:00:00,-116.25,806.25,690.0
2023-10-12 11:01:00,-217.5,855.0,637.5
2023-10-12 11:02:00,-165.0,821.25,656.25
2023-10-12 11:03:00,-138.75,817.5,678.75
2023-10-12 11:04:00,-138.75,825.0,686.25
2023-10-12 11:05:00,-71.25,798.75,727.5
2023-10-12 11:06:00,-120.0,836.25,716.25
2023-10-12 11:07:00,-210.0,866.25,656.25
2023-10-12 11:08:00,-191.25,881.25,690.0
2023-10-12 11:09:00,-225.0,903.75,678.75
2023-10-12 11:10:00,-138.75,911.25,772.5
2023-10-12 11:11:00,-213.75,922.5,708.75
2023-10-12 11:12:00,-165.0,926.25,761.25
2023-10-12 11:13:00,-105.0,911.25,806.25
2023-10-12 11:14:00,-78.75,866.25,787.5
2023-10-12 11:15:00,-82.5,903.75,821.25
2023-10-12 11:16:00,-90.0,907.5,817.5
2023-10-12 11:17:00,-71.25,907.5,836.25
2023-10-12 11:18:00,-15.0,885.0,870.0
2023-10-12 11:19:00,60.0,851.25,911.25
2023-10-12 11:20:00,22.5,885.0,907.5
2023-10-12 11:21:00,112.5,847.5,960.0
2023-10-12 11:22:00,93.75,855.0,948.75
2023-10-12 11:23:00,71.25,862.5,933.75
2023-10-12 11:24:00,37.5,870.0,907.5
2023-10-12 11:25:00,97.5,843.75,941.25
2023-10-12 11:26:00,131.25,821.25,952.5
2023-10-12 11:27:00,161.25,813.75,975.0
2023-10-12 11:28:00,191.25,772.5,963.75
2023-10-12 11:29:00,157.5,843.75,1001.25
2023-10-12 11:30:00,150.0,836.25,986.25
2023-10-12 11:31:00,138.75,840.0,978.75
2023-10-12 11:32:00,127.5,866.25,993.75
2023-10-12 11:33:00,75.0,930.0,1005.0
2023-10-12 11:34:00,22.5,960.0,982.5
2023-10-12 11:35:00,7.5,1001.25,1008.75
2023-10-12 11:36:00,48.75,975.0,1023.75
2023-10-12 11:37:00,82.5,956.25,1038.75
2023-10-12 11:38:00,67.5,963.75,1031.25
2023-10-12 11:39:00,60.0,971.25,1031.25
2023-10-12 11:40:00,37.5,978.75,1016.25
2023-10-12 11:41:00,41.25,971.25,1012.5
2023-10-12 11:42:00,26.25,993.75,1020.0
2023-10-12 11:43:00,22.5,986.25,1008.75
2023-10-12 11:44:00,-7.5,1012.5,1005.0
2023-10-12 11:45:00,-41.25,1027.5,986.25
2023-10-12 11:46:00,18.75,1005.0,1023.75
2023-10-12 11:47:00,7.5,1012.5,1020.0
2023-10-12 11:48:00,18.75,1005.0,1023.75
2023-10-12 11:49:00,15.0,1016.25,1031.25
2023-10-12 11:50:00,48.75,1012.5,1061.25
2023-10-12 11:51:00,75.0,993.75,1068.75
2023-10-12 11:52:00,56.25,997.5,1053.75
2023-10-12 11:53:00,22.5,1035.0,1057.5
2023-10-12 11:54:00,-48.75,1053.75,1005.0
2023-10-12 11:55:00,-138.75,1068.75,930.0
2023-10-12 11:56:00,-112.5,1076.25,963.75
2023-10-12 11:57:00,-135.0,1091.25,956.25
2023-10-12 11:58:00,-157.5,1091.25,933.75
2023-10-12 11:59:00,-172.5,1076.25,903.75
2023-10-12 12:00:00,-161.25,1080.0,918.75
2023-10-12 12:01:00,-120.0,1087.5,967.5
2023-10-12 12:02:00,-60.0,1080.0,1020.0
2023-10-12 12:03:00,63.75,1057.5,1121.25
2023-10-12 12:04:00,131.25,1038.75,1170.0
2023-10-12 12:05:00,112.5,1046.25,1158.75
2023-10-12 12:06:00,78.75,1038.75,1117.5
2023-10-12 12:07:00,86.25,1053.75,1140.0
2023-10-12 12:08:00,86.25,1042.5,1128.75
2023-10-12 12:09:00,75.0,1050.0,1125.0
2023-10-12 12:10:00,60.0,1065.0,1125.0
2023-10-12 12:11:00,123.75,1053.75,1177.5
2023-10-12 12:12:00,116.25,1050.0,1166.25
2023-10-12 12:13:00,131.25,1053.75,1185.0
2023-10-12 12:14:00,112.5,1068.75,1181.25
2023-10-12 12:15:00,75.0,1068.75,1143.75
2023-10-12 12:16:00,90.0,1065.0,1155.0
2023-10-12 12:17:00,82.5,1061.25,1143.75
2023-10-12 12:18:00,105.0,1057.5,1162.5
2023-10-12 12:19:00,217.5,1020.0,1237.5
2023-10-12 12:20:00,221.25,1012.5,1233.75
2023-10-12 12:21:00,221.25,1012.5,1233.75
2023-10-12 12:22:00,217.5,1023.75,1241.25
2023-10-12 12:23:00,153.75,1061.25,1215.0
2023-10-12 12:24:00,161.25,1053.75,1215.0
2023-10-12 12:25:00,195.0,1038.75,1233.75
2023-10-12 12:26:00,176.25,1027.5,1203.75
2023-10-12 12:27:00,191.25,1027.5,1218.75
2023-10-12 12:28:00,191.25,1027.5,1218.75
2023-10-12 12:29:00,168.75,1046.25,1215.0
2023-10-12 12:30:00,180.0,1042.5,1222.5
2023-10-12 12:31:00,202.5,1035.0,1237.5
2023-10-12 12:32:00,240.0,1012.5,1252.5
2023-10-12 12:33:00,217.5,1023.75,1241.25
2023-10-12 12:34:00,195.0,1053.75,1248.75
2023-10-12 12:35:00,187.5,1065.0,1252.5
2023-10-12 12:36:00,210.0,1053.75,1263.75
2023-10-12 12:37:00,240.0,1046.25,1286.25
2023-10-12 12:38:00,236.25,1042.5,1278.75
2023-10-12 12:39:00,236.25,1046.25,1282.5
2023-10-12 12:40:00,243.75,1046.25,1290.0
2023-10-12 12:41:00,232.5,1050.0,1282.5
2023-10-12 12:42:00,240.0,1061.25,1301.25
2023-10-12 12:43:00,352.5,1001.25,1353.75
2023-10-12 12:44:00,311.25,1053.75,1365.0
2023-10-12 12:45:00,367.5,1023.75,1391.25
2023-10-12 12:46:00,371.25,1012.5,1383.75
2023-10-12 12:47:00,375.0,1008.75,1383.75
2023-10-12 12:48:00,356.25,1027.5,1383.75
2023-10-12 12:49:00,337.5,1050.0,1387.5
2023-10-12 12:50:00,303.75,1091.25,1395.0
2023-10-12 12:51:00,225.0,1121.25,1346.25
2023-10-12 12:52:00,240.0,1128.75,1368.75
2023-10-12 12:53:00,251.25,1143.75,1395.0
2023-10-12 12:54:00,322.5,1128.75,1451.25
2023-10-12 12:55:00,337.5,1110.0,1447.5
2023-10-12 12:56:00,367.5,1098.75,1466.25
2023-10-12 12:57:00,330.0,1121.25,1451.25
2023-10-12 12:58:00,300.0,1121.25,1421.25
2023-10-12 12:59:00,367.5,1087.5,1455.0
2023-10-12 13:00:00,386.25,1080.0,1466.25
2023-10-12 13:01:00,423.75,1042.5,1466.25
2023-10-12 13:02:00,371.25,1091.25,1462.5
2023-10-12 13:03:00,390.0,1080.0,1470.0
2023-10-12 13:04:00,382.5,1068.75,1451.25
2023-10-12 13:05:00,390.0,1065.0,1455.0
2023-10-12 13:06:00,386.25,1076.25,1462.5
2023-10-12 13:07:00,378.75,1080.0,1458.75
2023-10-12 13:08:00,348.75,1098.75,1447.5
2023-10-12 13:09:00,375.0,1102.5,1477.5
2023-10-12 13:10:00,375.0,1102.5,1477.5
2023-10-12 13:11:00,405.0,1072.5,1477.5
2023-10-12 13:12:00,442.5,1046.25,1488.75
2023-10-12 13:13:00,465.0,1016.25,1481.25
2023-10-12 13:14:00,453.75,1035.0,1488.75
2023-10-12 13:15:00,453.75,1050.0,1503.75
2023-10-12 13:16:00,450.0,1083.75,1533.75
2023-10-12 13:17:00,438.75,1083.75,1522.5
2023-10-12 13:18:00,457.5,1061.25,1518.75
2023-10-12 13:19:00,468.75,1061.25,1530.0
2023-10-12 13:20:00,487.5,1053.75,1541.25
2023-10-12 13:21:00,476.25,1061.25,1537.5
2023-10-12 13:22:00,476.25,1065.0,1541.25
2023-10-12 13:23:00,461.25,1076.25,1537.5
2023-10-12 13:24:00,457.5,1091.25,1548.75
2023-10-12 13:25:00,450.0,1136.25,1586.25
2023-10-12 13:26:00,453.75,1125.0,1578.75
2023-10-12 13:27:00,487.5,1095.0,1582.5
2023-10-12 13:28:00,461.25,1102.5,1563.75
2023-10-12 13:29:00,461.25,1110.0,1571.25
2023-10-12 13:30:00,450.0,1132.5,1582.5
2023-10-12 13:31:00,442.5,1143.75,1586.25
2023-10-12 13:32:00,401.25,1173.75,1575.0
2023-10-12 13:33:00,457.5,1155.0,1612.5
2023-10-12 13:34:00,435.0,1170.0,1605.0
2023-10-12 13:35:00,412.5,1185.0,1597.5
2023-10-12 13:36:00,393.75,1192.5,1586.25
2023-10-12 13:37:00,390.0,1203.75,1593.75
2023-10-12 13:38:00,367.5,1211.25,1578.75
2023-10-12 13:39:00,401.25,1192.5,1593.75
2023-10-12 13:40:00,393.75,1188.75,1582.5
2023-10-12 13:41:00,378.75,1196.25,1575.0
2023-10-12 13:42:00,405.0,1196.25,1601.25
2023-10-12 13:43:00,438.75,1192.5,1631.25
2023-10-12 13:44:00,435.0,1181.25,1616.25
2023-10-12 13:45:00,431.25,1192.5,1623.75
2023-10-12 13:46:00,438.75,1188.75,1627.5
2023-10-12 13:47:00,423.75,1200.0,1623.75
2023-10-12 13:48:00,442.5,1200.0,1642.5
2023-10-12 13:49:00,427.5,1203.75,1631.25
2023-10-12 13:50:00,405.0,1218.75,1623.75
2023-10-12 13:51:00,427.5,1218.75,1646.25
2023-10-12 13:52:00,431.25,1215.0,1646.25
2023-10-12 13:53:00,468.75,1207.5,1676.25
2023-10-12 13:54:00,465.0,1200.0,1665.0
2023-10-12 13:55:00,461.25,1203.75,1665.0
2023-10-12 13:56:00,513.75,1177.5,1691.25
2023-10-12 13:57:00,502.5,1192.5,1695.0
2023-10-12 13:58:00,483.75,1203.75,1687.5
2023-10-12 13:59:00,510.0,1188.75,1698.75
2023-10-12 14:00:00,502.5,1188.75,1691.25
2023-10-12 14:01:00,506.25,1181.25,1687.5
2023-10-12 14:02:00,510.0,1177.5,1687.5
2023-10-12 14:03:00,532.5,1177.5,1710.0
2023-10-12 14:04:00,547.5,1162.5,1710.0
2023-10-12 14:05:00,573.75,1162.5,1736.25
2023-10-12 14:06:00,558.75,1158.75,1717.5
2023-10-12 14:07:00,543.75,1192.5,1736.25
2023-10-12 14:08:00,540.0,1188.75,1728.75
2023-10-12 14:09:00,540.0,1192.5,1732.5
2023-10-12 14:10:00,570.0,1181.25,1751.25
2023-10-12 14:11:00,566.25,1177.5,1743.75
2023-10-12 14:12:00,555.0,1185.0,1740.0
2023-10-12 14:13:00,536.25,1207.5,1743.75
2023-10-12 14:14:00,551.25,1203.75,1755.0
2023-10-12 14:15:00,536.25,1207.5,1743.75
2023-10-12 14:16:00,532.5,1215.0,1747.5
2023-10-12 14:17:00,543.75,1207.5,1751.25
2023-10-12 14:18:00,547.5,1215.0,1762.5
2023-10-12 14:19:00,551.25,1215.0,1766.25
2023-10-12 14:20:00,551.25,1211.25,1762.5
2023-10-12 14:21:00,555.0,1203.75,1758.75
2023-10-12 14:22:00,570.0,1203.75,1773.75
2023-10-12 14:23:00,577.5,1200.0,1777.5
2023-10-12 14:24:00,581.25,1200.0,1781.25
2023-10-12 14:25:00,592.5,1181.25,1773.75
2023-10-12 14:26:00,588.75,1185.0,1773.75
2023-10-12 14:27:00,592.5,1192.5,1785.0
2023-10-12 14:28:00,592.5,1207.5,1800.0
2023-10-12 14:29:00,581.25,1233.75,1815.0
2023-10-12 14:30:00,585.0,1230.0,1815.0
2023-10-12 14:31:00,558.75,1248.75,1807.5
2023-10-12 14:32:00,566.25,1248.75,1815.0
2023-10-12 14:33:00,581.25,1248.75,1830.0
2023-10-12 14:34:00,562.5,1256.25,1818.75
2023-10-12 14:35:00,555.0,1260.0,1815.0
2023-10-12 14:36:00,558.75,1256.25,1815.0
2023-10-12 14:37:00,562.5,1260.0,1822.5
2023-10-12 14:38:00,592.5,1252.5,1845.0
2023-10-12 14:39:00,618.75,1245.0,1863.75
2023-10-12 14:40:00,622.5,1245.0,1867.5
2023-10-12 14:41:00,626.25,1237.5,1863.75
2023-10-12 14:42:00,622.5,1248.75,1871.25
2023-10-12 14:43:00,626.25,1248.75,1875.0
2023-10-12 14:44:00,645.0,1237.5,1882.5
2023-10-12 14:45:00,637.5,1248.75,1886.25
2023-10-12 14:46:00,648.75,1245.0,1893.75
2023-10-12 14:47:00,648.75,1245.0,1893.75
2023-10-12 14:48:00,648.75,1245.0,1893.75
2023-10-12 14:49:00,645.0,1241.25,1886.25
2023-10-12 14:50:00,648.75,1256.25,1905.0
2023-10-12 14:51:00,645.0,1248.75,1893.75
2023-10-12 14:52:00,645.0,1256.25,1901.25
2023-10-12 14:53:00,648.75,1260.0,1908.75
2023-10-12 14:54:00,648.75,1267.5,1916.25
2023-10-12 14:55:00,648.75,1271.25,1920.0
2023-10-12 14:56:00,645.0,1271.25,1916.25
2023-10-12 14:57:00,641.25,1271.25,1912.5
2023-10-12 14:58:00,648.75,1267.5,1916.25
2023-10-12 14:59:00,645.0,1267.5,1912.5
2023-10-12 15:00:00,648.75,1267.5,1916.25
2023-10-12 15:01:00,652.5,1263.75,1916.25
2023-10-12 15:02:00,652.5,1267.5,1920.0
2023-10-12 15:03:00,656.25,1267.5,1923.75
2023-10-12 15:04:00,660.0,1271.25,1931.25
2023-10-12 15:05:00,660.0,1271.25,1931.25
2023-10-12 15:06:00,660.0,1275.0,1935.0
2023-10-12 15:07:00,660.0,1278.75,1938.75
2023-10-12 15:08:00,660.0,1286.25,1946.25
2023-10-12 15:09:00,660.0,1286.25,1946.25
2023-10-12 15:10:00,660.0,1286.25,1946.25
2023-10-12 15:11:00,663.75,1286.25,1950.0
2023-10-12 15:12:00,660.0,1286.25,1946.25
2023-10-12 15:13:00,663.75,1286.25,1950.0
2023-10-12 15:14:00,663.75,1286.25,1950.0
2023-10-12 15:15:00,663.75,1286.25,1950.0
2023-10-12 15:16:00,663.75,1290.0,1953.75
2023-10-12 15:17:00,667.5,1290.0,1957.5
2023-10-12 15:18:00,667.5,1286.25,1953.75
2023-10-12 15:19:00,663.75,1290.0,1953.75
2023-10-12 15:20:00,663.75,1286.25,1950.0
2023-10-12 15:21:00,663.75,1286.25,1950.0
2023-10-12 15:22:00,663.75,1286.25,1950.0
2023-10-12 15:23:00,663.75,1286.25,1950.0
2023-10-12 15:24:00,663.75,1286.25,1950.0
2023-10-12 15:25:00,663.75,1286.25,1950.0
2023-10-12 15:26:00,663.75,1286.25,1950.0
2023-10-12 15:27:00,663.75,1286.25,1950.0
2023-10-12 15:28:00,663.75,1286.25,1950.0
2023-10-12 15:29:00,663.75,1286.25,1950.0
2023-10-12 15:30:00,663.75,1286.25,1950.0
2023-10-19 10:15:00,0.0,0.0,0.0
2023-10-19 10:16:00,131.25,-45.0,86.25
2023-10-19 10:17:00,82.5,3.75,86.25
2023-10-19 10:18:00,82.5,15.0,97.5
2023-10-19 10:19:00,191.25,-22.5,168.75
2023-10-19 10:20:00,322.5,-75.0,247.5
2023-10-19 10:21:00,168.75,-7.5,161.25
2023-10-19 10:22:00,168.75,0.0,168.75
2023-10-19 10:23:00,86.25,48.75,135.0
2023-10-19 10:24:00,161.25,3.75,165.0
2023-10-19 10:25:00,-408.75,296.25,-112.5
2023-10-19 10:26:00,-401.25,307.5,-93.75
2023-10-19 10:27:00,-420.0,318.75,-101.25
2023-10-19 10:28:00,-266.25,266.25,0.0
2023-10-19 10:29:00,-277.5,266.25,-11.25
2023-10-19 10:30:00,-288.75,307.5,18.75
2023-10-19 10:31:00,-52.5,292.5,240.0
2023-10-19 10:32:00,172.5,116.25,288.75
2023-10-19 10:33:00,296.25,78.75,375.0
2023-10-19 10:34:00,390.0,-22.5,367.5
2023-10-19 10:35:00,322.5,82.5,405.0
2023-10-19 10:36:00,330.0,71.25,401.25
2023-10-19 10:37:00,322.5,101.25,423.75
2023-10-19 10:38:00,453.75,11.25,465.0
2023-10-19 10:39:00,502.5,7.5,510.0
2023-10-19 10:40:00,716.25,-206.25,510.0
2023-10-19 10:41:00,611.25,-7.5,603.75
2023-10-19 10:42:00,585.0,45.0,630.0
2023-10-19 10:43:00,555.0,82.5,637.5
2023-10-19 10:44:00,686.25,-30.0,656.25
2023-10-19 10:45:00,652.5,45.0,697.5
2023-10-19 10:46:00,637.5,45.0,682.5
2023-10-19 10:47:00,581.25,108.75,690.0
2023-10-19 10:48:00,423.75,270.0,693.75
2023-10-19 10:49:00,393.75,300.0,693.75
2023-10-19 10:50:00,521.25,258.75,780.0
2023-10-19 10:51:00,513.75,251.25,765.0
2023-10-19 10:52:00,641.25,172.5,813.75
2023-10-19 10:53:00,847.5,-18.75,828.75
2023-10-19 10:54:00,708.75,135.0,843.75
2023-10-19 10:55:00,697.5,180.0,877.5
2023-10-19 10:56:00,708.75,206.25,915.0
2023-10-19 10:57:00,783.75,101.25,885.0
2023-10-19 10:58:00,810.0,75.0,885.0
2023-10-19 10:59:00,821.25,112.5,933.75
2023-10-19 11:00:00,885.0,63.75,948.75
2023-10-19 11:01:00,926.25,-15.0,911.25
2023-10-19 11:02:00,858.75,71.25,930.0
2023-10-19 11:03:00,836.25,138.75,975.0
2023-10-19 11:04:00,667.5,303.75,971.25
2023-10-19 11:05:00,708.75,277.5,986.25
2023-10-19 11:06:00,495.0,363.75,858.75
2023-10-19 11:07:00,697.5,303.75,1001.25
2023-10-19 11:08:00,472.5,382.5,855.0
2023-10-19 11:09:00,558.75,382.5,941.25
2023-10-19 11:10:00,585.0,360.0,945.0
2023-10-19 11:11:00,585.0,352.5,937.5
2023-10-19 11:12:00,405.0,506.25,911.25
2023-10-19 11:13:00,558.75,446.25,1005.0
2023-10-19 11:14:00,577.5,446.25,1023.75
2023-10-19 11:15:00,592.5,450.0,1042.5
2023-10-19 11:16:00,513.75,491.25,1005.0
2023-10-19 11:17:00,446.25,555.0,1001.25
2023-10-19 11:18:00,525.0,540.0,1065.0
2023-10-19 11:19:00,528.75,532.5,1061.25
2023-10-19 11:20:00,532.5,547.5,1080.0
2023-10-19 11:21:00,517.5,551.25,1068.75
2023-10-19 11:22:00,498.75,551.25,1050.0
2023-10-19 11:23:00,615.0,502.5,1117.5
2023-10-19 11:24:00,618.75,495.0,1113.75
2023-10-19 11:25:00,412.5,588.75,1001.25
2023-10-19 11:26:00,-378.75,768.75,390.0
2023-10-19 11:27:00,-566.25,817.5,251.25
2023-10-19 11:28:00,-2516.25,907.5,-1608.75
2023-10-19 11:29:00,-3165.0,873.75,-2291.25
2023-10-19 11:30:00,-3382.5,915.0,-2467.5
2023-10-19 11:31:00,-3570.0,1042.5,-2527.5
2023-10-19 11:32:00,-3011.25,847.5,-2163.75
2023-10-19 11:33:00,-3210.0,960.0,-2250.0
2023-10-19 11:34:00,-3836.25,1181.25,-2655.0
2023-10-19 11:35:00,-3480.0,1095.0,-2385.0
2023-10-19 11:36:00,-3607.5,1158.75,-2448.75
2023-10-19 11:37:00,-4511.25,1368.75,-3142.5
2023-10-19 11:38:00,-3907.5,1207.5,-2700.0
2023-10-19 11:39:00,-3626.25,1083.75,-2542.5
2023-10-19 11:40:00,-3648.75,1121.25,-2527.5
2023-10-19 11:41:00,-3288.75,956.25,-2332.5
2023-10-19 11:42:00,-2928.75,847.5,-2081.25
2023-10-19 11:43:00,-3202.5,1027.5,-2175.0
2023-10-19 11:44:00,-3300.0,1076.25,-2223.75
2023-10-19 11:45:00,-3341.25,1102.5,-2238.75
2023-10-19 11:46:00,-3292.5,1065.0,-2227.5
2023-10-19 11:47:00,-3337.5,1136.25,-2201.25
2023-10-19 11:48:00,-3251.25,1125.0,-2126.25
2023-10-19 11:49:00,-3701.25,1320.0,-2381.25
2023-10-19 11:50:00,-3498.75,1233.75,-2265.0
2023-10-19 11:51:00,-3498.75,1245.0,-2253.75
2023-10-19 11:52:00,-3292.5,1098.75,-2193.75
2023-10-19 11:53:00,-3108.75,1091.25,-2017.5
2023-10-19 11:54:00,-2887.5,900.0,-1987.5
2023-10-19 11:55:00,-3011.25,1076.25,-1935.0
2023-10-19 11:56:00,-2981.25,1061.25,-1920.0
2023-10-19 11:57:00,-2947.5,1001.25,-1946.25
2023-10-19 11:58:00,-3048.75,1072.5,-1976.25
2023-10-19 11:59:00,-3000.0,1080.0,-1920.0
2023-10-19 12:00:00,-2756.25,937.5,-1818.75
2023-10-19 12:01:00,-2887.5,1087.5,-1800.0
2023-10-19 12:02:00,-3116.25,1215.0,-1901.25
2023-10-19 12:03:00,-3146.25,1233.75,-1912.5
2023-10-19 12:04:00,-3168.75,1237.5,-1931.25
2023-10-19 12:05:00,-3416.25,1312.5,-2103.75
2023-10-19 12:06:00,-3247.5,1278.75,-1968.75
2023-10-19 12:07:00,-3097.5,1237.5,-1860.0
2023-10-19 12:08:00,-3127.5,1252.5,-1875.0
2023-10-19 12:09:00,-3116.25,1241.25,-1875.0
2023-10-19 12:10:00,-4428.75,1687.5,-2741.25
2023-10-19 12:11:00,-3978.75,1560.0,-2418.75
2023-10-19 12:12:00,-4031.25,1575.0,-2456.25
2023-10-19 12:13:00,-4312.5,1706.25,-2606.25
2023-10-19 12:14:00,-4098.75,1642.5,-2456.25
2023-10-19 12:15:00,-4185.0,1642.5,-2542.5
2023-10-19 12:16:00,-3847.5,1578.75,-2268.75
2023-10-19 12:17:00,-3701.25,1492.5,-2208.75
2023-10-19 12:18:00,-3753.75,1518.75,-2235.0
2023-10-19 12:19:00,-3498.75,1372.5,-2126.25
2023-10-19 12:20:00,-3476.25,1398.75,-2077.5
2023-10-19 12:21:00,-3446.25,1361.25,-2085.0
2023-10-19 12:22:00,-3116.25,1158.75,-1957.5
2023-10-19 12:23:00,-2940.0,1095.0,-1845.0
2023-10-19 12:24:00,-2816.25,1023.75,-1792.5
2023-10-19 12:25:00,-2572.5,851.25,-1721.25
2023-10-19 12:26:00,-2718.75,1095.0,-1623.75
2023-10-19 12:27:00,-2756.25,1196.25,-1560.0
2023-10-19 12:28:00,-2752.5,1211.25,-1541.25
2023-10-19 12:29:00,-2756.25,1196.25,-1560.0
2023-10-19 12:30:00,-2872.5,1342.5,-1530.0
2023-10-19 12:31:00,-2932.5,1372.5,-1560.0
2023-10-19 12:32:00,-3007.5,1462.5,-1545.0
2023-10-19 12:33:00,-3135.0,1541.25,-1593.75
2023-10-19 12:34:00,-3007.5,1470.0,-1537.5
2023-10-19 12:35:00,-2951.25,1470.0,-1481.25
2023-10-19 12:36:00,-2876.25,1417.5,-1458.75
2023-10-19 12:37:00,-2745.0,1320.0,-1425.0
2023-10-19 12:38:00,-2655.0,1271.25,-1383.75
2023-10-19 12:39:00,-2670.0,1308.75,-1361.25
2023-10-19 12:40:00,-2426.25,1087.5,-1338.75
2023-10-19 12:41:00,-2475.0,1155.0,-1320.0
2023-10-19 12:42:00,-2418.75,1207.5,-1211.25
2023-10-19 12:43:00,-2516.25,1312.5,-1203.75
2023-10-19 12:44:00,-2598.75,1383.75,-1215.0
2023-10-19 12:45:00,-2538.75,1350.0,-1188.75
2023-10-19 12:46:00,-2520.0,1346.25,-1173.75
2023-10-19 12:47:00,-2411.25,1263.75,-1147.5
2023-10-19 12:48:00,-2613.75,1586.25,-1027.5
2023-10-19 12:49:00,-2718.75,1556.25,-1162.5
2023-10-19 12:50:00,-2775.0,1642.5,-1132.5
2023-10-19 12:51:00,-2748.75,1642.5,-1106.25
2023-10-19 12:52:00,-3105.0,1841.25,-1263.75
2023-10-19 12:53:00,-3322.5,1908.75,-1413.75
2023-10-19 12:54:00,-3116.25,1803.75,-1312.5
2023-10-19 12:55:00,-3453.75,1890.0,-1563.75
2023-10-19 12:56:00,-3375.0,1848.75,-1526.25
2023-10-19 12:57:00,-2977.5,1773.75,-1203.75
2023-10-19 12:58:00,-2917.5,1773.75,-1143.75
2023-10-19 12:59:00,-2842.5,1751.25,-1091.25
2023-10-19 13:00:00,-2763.75,1728.75,-1035.0
2023-10-19 13:01:00,-2700.0,1713.75,-986.25
2023-10-19 13:02:00,-2767.5,1743.75,-1023.75
2023-10-19 13:03:00,-2827.5,1788.75,-1038.75
2023-10-19 13:04:00,-2816.25,1781.25,-1035.0
2023-10-19 13:05:00,-2688.75,1710.0,-978.75
2023-10-19 13:06:00,-2445.0,1575.0,-870.0
2023-10-19 13:07:00,-2328.75,1507.5,-821.25
2023-10-19 13:08:00,-2325.0,1451.25,-873.75
2023-10-19 13:09:00,-2317.5,1447.5,-870.0
2023-10-19 13:10:00,-2283.75,1425.0,-858.75
2023-10-19 13:11:00,-2366.25,1507.5,-858.75
2023-10-19 13:12:00,-2392.5,1571.25,-821.25
2023-10-19 13:13:00,-2313.75,1473.75,-840.0
2023-10-19 13:14:00,-2167.5,1185.0,-982.5
2023-10-19 13:15:00,-2280.0,1488.75,-791.25
2023-10-19 13:16:00,-2212.5,1428.75,-783.75
2023-10-19 13:17:00,-2186.25,1365.0,-821.25
2023-10-19 13:18:00,-1961.25,888.75,-1072.5
2023-10-19 13:19:00,-1901.25,870.0,-1031.25
2023-10-19 13:20:00,-1852.5,648.75,-1203.75
2023-10-19 13:21:00,-1762.5,435.0,-1327.5
2023-10-19 13:22:00,-1785.0,660.0,-1125.0
2023-10-19 13:23:00,-1792.5,772.5,-1020.0
2023-10-19 13:24:00,-1830.0,915.0,-915.0
2023-10-19 13:25:00,-1897.5,1312.5,-585.0
2023-10-19 13:26:00,-2028.75,1586.25,-442.5
2023-10-19 13:27:00,-2021.25,1578.75,-442.5
2023-10-19 13:28:00,-2051.25,1646.25,-405.0
2023-10-19 13:29:00,-2081.25,1680.0,-401.25
2023-10-19 13:30:00,-2047.5,1657.5,-390.0
2023-10-19 13:31:00,-2265.0,1946.25,-318.75
2023-10-19 13:32:00,-2246.25,1942.5,-303.75
2023-10-19 13:33:00,-2137.5,1890.0,-247.5
2023-10-19 13:34:00,-2103.75,1863.75,-240.0
2023-10-19 13:35:00,-2130.0,1890.0,-240.0
2023-10-19 13:36:00,-2103.75,1848.75,-255.0
2023-10-19 13:37:00,-2163.75,1908.75,-255.0
2023-10-19 13:38:00,-2193.75,1938.75,-255.0
2023-10-19 13:39:00,-2077.5,1852.5,-225.0
2023-10-19 13:40:00,-2103.75,1875.0,-228.75
2023-10-19 13:41:00,-1957.5,1695.0,-262.5
2023-10-19 13:42:00,-2013.75,1777.5,-236.25
2023-10-19 13:43:00,-2553.75,2111.25,-442.5
2023-10-19 13:44:00,-2722.5,2212.5,-510.0
2023-10-19 13:45:00,-2445.0,2115.0,-330.0
2023-10-19 13:46:00,-2576.25,2163.75,-412.5
2023-10-19 13:47:00,-2508.75,2126.25,-382.5
2023-10-19 13:48:00,-2437.5,2115.0,-322.5
2023-10-19 13:49:00,-2411.25,2103.75,-307.5
2023-10-19 13:50:00,-2418.75,2103.75,-315.0
2023-10-19 13:51:00,-2336.25,2081.25,-255.0
2023-10-19 13:52:00,-2523.75,2163.75,-360.0
2023-10-19 13:53:00,-2497.5,2160.0,-337.5
2023-10-19 13:54:00,-2452.5,2152.5,-300.0
2023-10-19 13:55:00,-2291.25,2107.5,-183.75
2023-10-19 13:56:00,-2265.0,2085.0,-180.0
2023-10-19 13:57:00,-2576.25,2283.75,-292.5
2023-10-19 13:58:00,-2962.5,2298.75,-663.75
2023-10-19 13:59:00,-2546.25,2235.0,-311.25
2023-10-19 14:00:00,-2572.5,2268.75,-303.75
2023-10-19 14:01:00,-2310.0,2186.25,-123.75
2023-10-19 14:02:00,-2445.0,2223.75,-221.25
2023-10-19 14:03:00,-2542.5,2261.25,-281.25
2023-10-19 14:04:00,-3333.75,2403.75,-930.0
2023-10-19 14:05:00,-4042.5,2523.75,-1518.75
2023-10-19 14:06:00,-3738.75,2501.25,-1237.5
2023-10-19 14:07:00,-3798.75,2557.5,-1241.25
2023-10-19 14:08:00,-3746.25,2550.0,-1196.25
2023-10-19 14:09:00,-3506.25,2512.5,-993.75
2023-10-19 14:10:00,-3097.5,2456.25,-641.25
2023-10-19 14:11:00,-3300.0,2501.25,-798.75
2023-10-19 14:12:00,-3285.0,2482.5,-802.5
2023-10-19 14:13:00,-3086.25,2426.25,-660.0
2023-10-19 14:14:00,-3142.5,2456.25,-686.25
2023-10-19 14:15:00,-2613.75,2298.75,-315.0
2023-10-19 14:16:00,-2501.25,2313.75,-187.5
2023-10-19 14:17:00,-2325.0,2287.5,-37.5
2023-10-19 14:18:00,-2280.0,2276.25,-3.75
2023-10-19 14:19:00,-1912.5,2085.0,172.5
2023-10-19 14:20:00,-1878.75,2025.0,146.25
2023-10-19 14:21:00,-1882.5,2055.0,172.5
2023-10-19 14:22:00,-1905.0,2103.75,198.75
2023-10-19 14:23:00,-1860.0,2058.75,198.75
2023-10-19 14:24:00,-1837.5,2077.5,240.0
2023-10-19 14:25:00,-1826.25,2092.5,266.25
2023-10-19 14:26:00,-1845.0,2092.5,247.5
2023-10-19 14:27:00,-1788.75,1968.75,180.0
2023-10-19 14:28:00,-1766.25,1946.25,180.0
2023-10-19 14:29:00,-1717.5,1848.75,131.25
2023-10-19 14:30:00,-1706.25,1901.25,195.0
2023-10-19 14:31:00,-1672.5,1747.5,75.0
2023-10-19 14:32:00,-1657.5,1815.0,157.5
2023-10-19 14:33:00,-1597.5,1297.5,-300.0
2023-10-19 14:34:00,-1695.0,1811.25,116.25
2023-10-19 14:35:00,-1728.75,1893.75,165.0
2023-10-19 14:36:00,-1781.25,2077.5,296.25
2023-10-19 14:37:00,-1620.0,1777.5,157.5
2023-10-19 14:38:00,-1672.5,1923.75,251.25
2023-10-19 14:39:00,-1668.75,1916.25,247.5
2023-10-19 14:40:00,-1743.75,2081.25,337.5
2023-10-19 14:41:00,-1777.5,2242.5,465.0
2023-10-19 14:42:00,-1781.25,2235.0,453.75
2023-10-19 14:43:00,-1695.0,2133.75,438.75
2023-10-19 14:44:00,-1680.0,2088.75,408.75
2023-10-19 14:45:00,-1672.5,2088.75,416.25
2023-10-19 14:46:00,-1672.5,2133.75,461.25
2023-10-19 14:47:00,-1646.25,2085.0,438.75
2023-10-19 14:48:00,-1537.5,1646.25,108.75
2023-10-19 14:49:00,-1563.75,1687.5,123.75
2023-10-19 14:50:00,-1575.0,1946.25,371.25
2023-10-19 14:51:00,-1601.25,2081.25,480.0
2023-10-19 14:52:00,-1552.5,1871.25,318.75
2023-10-19 14:53:00,-1530.0,1875.0,345.0
2023-10-19 14:54:00,-1571.25,2051.25,480.0
2023-10-19 14:55:00,-1638.75,2193.75,555.0
2023-10-19 14:56:00,-1627.5,2141.25,513.75
2023-10-19 14:57:00,-1530.0,1961.25,431.25
2023-10-19 14:58:00,-1526.25,1800.0,273.75
2023-10-19 14:59:00,-1552.5,1965.0,412.5
2023-10-19 15:00:00,-1545.0,2006.25,461.25
2023-10-19 15:01:00,-1440.0,1698.75,258.75
2023-10-19 15:02:00,-1395.0,1477.5,82.5
2023-10-19 15:03:00,-1440.0,2047.5,607.5
2023-10-19 15:04:00,-1402.5,1972.5,570.0
2023-10-19 15:05:00,-1395.0,1856.25,461.25
2023-10-19 15:06:00,-1406.25,1998.75,592.5
2023-10-19 15:07:00,-1383.75,1893.75,510.0
2023-10-19 15:08:00,-1406.25,2167.5,761.25
2023-10-19 15:09:00,-1357.5,1736.25,378.75
2023-10-19 15:10:00,-1346.25,1575.0,228.75
2023-10-19 15:11:00,-1346.25,1323.75,-22.5
2023-10-19 15:12:00,-1342.5,1443.75,101.25
2023-10-19 15:13:00,-1342.5,1541.25,198.75
2023-10-19 15:14:00,-1342.5,1342.5,0.0
2023-10-19 15:15:00,-1342.5,1278.75,-63.75
2023-10-19 15:16:00,-1342.5,1338.75,-3.75
2023-10-19 15:17:00,-1342.5,1188.75,-153.75
2023-10-19 15:18:00,-1342.5,1211.25,-131.25
2023-10-19 15:19:00,-1342.5,1267.5,-75.0
2023-10-19 15:20:00,-1338.75,1181.25,-157.5
2023-10-19 15:21:00,-1338.75,1181.25,-157.5
2023-10-19 15:22:00,-1338.75,1181.25,-157.5
2023-10-19 15:23:00,-1338.75,1181.25,-157.5
2023-10-19 15:24:00,-1338.75,1181.25,-157.5
2023-10-19 15:25:00,-1338.75,1181.25,-157.5
2023-10-19 15:26:00,-1338.75,1181.25,-157.5
2023-10-19 15:27:00,-1338.75,1181.25,-157.5
2023-10-19 15:28:00,-1338.75,1181.25,-157.5
2023-10-19 15:29:00,-1338.75,1181.25,-157.5
2023-10-19 15:30:00,-1338.75,1181.25,-157.5
2023-10-26 10:15:00,0.0,0.0,0.0
2023-10-26 10:16:00,30.0,75.0,105.0
2023-10-26 10:17:00,48.75,45.0,93.75
2023-10-26 10:18:00,131.25,-26.25,105.0
2023-10-26 10:19:00,82.5,90.0,172.5
2023-10-26 10:20:00,180.0,-75.0,105.0
2023-10-26 10:21:00,326.25,-232.5,93.75
2023-10-26 10:22:00,378.75,-382.5,-3.75
2023-10-26 10:23:00,397.5,-360.0,37.5
2023-10-26 10:24:00,412.5,-405.0,7.5
2023-10-26 10:25:00,382.5,-300.0,82.5
2023-10-26 10:26:00,375.0,-345.0,30.0
2023-10-26 10:27:00,311.25,-266.25,45.0
2023-10-26 10:28:00,337.5,-292.5,45.0
2023-10-26 10:29:00,333.75,-337.5,-3.75
2023-10-26 10:30:00,356.25,-333.75,22.5
2023-10-26 10:31:00,221.25,67.5,288.75
2023-10-26 10:32:00,266.25,-45.0,221.25
2023-10-26 10:33:00,202.5,15.0,217.5
2023-10-26 10:34:00,180.0,-7.5,172.5
2023-10-26 10:35:00,243.75,-30.0,213.75
2023-10-26 10:36:00,191.25,11.25,202.5
2023-10-26 10:37:00,165.0,56.25,221.25
2023-10-26 10:38:00,172.5,11.25,183.75
2023-10-26 10:39:00,243.75,-45.0,198.75
2023-10-26 10:40:00,138.75,67.5,206.25
2023-10-26 10:41:00,142.5,56.25,198.75
2023-10-26 10:42:00,67.5,135.0,202.5
2023-10-26 10:43:00,191.25,-7.5,183.75
2023-10-26 10:44:00,195.0,37.5,232.5
2023-10-26 10:45:00,161.25,75.0,236.25
2023-10-26 10:46:00,198.75,45.0,243.75
2023-10-26 10:47:00,281.25,-116.25,165.0
2023-10-26 10:48:00,228.75,-37.5,191.25
2023-10-26 10:49:00,273.75,-52.5,221.25
2023-10-26 10:50:00,258.75,-30.0,228.75
2023-10-26 10:51:00,277.5,0.0,277.5
2023-10-26 10:52:00,311.25,-37.5,273.75
2023-10-26 10:53:00,307.5,-60.0,247.5
2023-10-26 10:54:00,330.0,-56.25,273.75
2023-10-26 10:55:00,363.75,-101.25,262.5
2023-10-26 10:56:00,468.75,-225.0,243.75
2023-10-26 10:57:00,570.0,-348.75,221.25
2023-10-26 10:58:00,712.5,-802.5,-90.0
2023-10-26 10:59:00,708.75,-690.0,18.75
2023-10-26 11:00:00,723.75,-727.5,-3.75
2023-10-26 11:01:00,858.75,-937.5,-78.75
2023-10-26 11:02:00,881.25,-960.0,-78.75
2023-10-26 11:03:00,847.5,-933.75,-86.25
2023-10-26 11:04:00,843.75,-967.5,-123.75
2023-10-26 11:05:00,836.25,-922.5,-86.25
2023-10-26 11:06:00,813.75,-960.0,-146.25
2023-10-26 11:07:00,806.25,-960.0,-153.75
2023-10-26 11:08:00,720.0,-656.25,63.75
2023-10-26 11:09:00,690.0,-483.75,206.25
2023-10-26 11:10:00,697.5,-573.75,123.75
2023-10-26 11:11:00,735.0,-667.5,67.5
2023-10-26 11:12:00,787.5,-772.5,15.0
2023-10-26 11:13:00,858.75,-948.75,-90.0
2023-10-26 11:14:00,821.25,-900.0,-78.75
2023-10-26 11:15:00,840.0,-1012.5,-172.5
2023-10-26 11:16:00,862.5,-952.5,-90.0
2023-10-26 11:17:00,870.0,-1065.0,-195.0
2023-10-26 11:18:00,877.5,-1035.0,-157.5
2023-10-26 11:19:00,791.25,-697.5,93.75
2023-10-26 11:20:00,787.5,-735.0,52.5
2023-10-26 11:21:00,787.5,-776.25,11.25
2023-10-26 11:22:00,828.75,-772.5,56.25
2023-10-26 11:23:00,817.5,-768.75,48.75
2023-10-26 11:24:00,847.5,-828.75,18.75
2023-10-26 11:25:00,881.25,-810.0,71.25
2023-10-26 11:26:00,903.75,-877.5,26.25
2023-10-26 11:27:00,956.25,-930.0,26.25
2023-10-26 11:28:00,930.0,-821.25,108.75
2023-10-26 11:29:00,952.5,-870.0,82.5
2023-10-26 11:30:00,956.25,-967.5,-11.25
2023-10-26 11:31:00,993.75,-963.75,30.0
2023-10-26 11:32:00,982.5,-907.5,75.0
2023-10-26 11:33:00,892.5,-472.5,420.0
2023-10-26 11:34:00,918.75,-701.25,217.5
2023-10-26 11:35:00,971.25,-810.0,161.25
2023-10-26 11:36:00,922.5,-637.5,285.0
2023-10-26 11:37:00,933.75,-686.25,247.5
2023-10-26 11:38:00,971.25,-757.5,213.75
2023-10-26 11:39:00,967.5,-712.5,255.0
2023-10-26 11:40:00,990.0,-693.75,296.25
2023-10-26 11:41:00,990.0,-701.25,288.75
2023-10-26 11:42:00,963.75,-675.0,288.75
2023-10-26 11:43:00,937.5,-570.0,367.5
2023-10-26 11:44:00,738.75,-18.75,720.0
2023-10-26 11:45:00,798.75,-101.25,697.5
2023-10-26 11:46:00,727.5,-26.25,701.25
2023-10-26 11:47:00,660.0,153.75,813.75
2023-10-26 11:48:00,615.0,255.0,870.0
2023-10-26 11:49:00,693.75,142.5,836.25
2023-10-26 11:50:00,877.5,-206.25,671.25
2023-10-26 11:51:00,761.25,33.75,795.0
2023-10-26 11:52:00,806.25,-90.0,716.25
2023-10-26 11:53:00,817.5,-146.25,671.25
2023-10-26 11:54:00,780.0,-63.75,716.25
2023-10-26 11:55:00,802.5,-108.75,693.75
2023-10-26 11:56:00,780.0,-105.0,675.0
2023-10-26 11:57:00,787.5,-116.25,671.25
2023-10-26 11:58:00,633.75,127.5,761.25
2023-10-26 11:59:00,727.5,0.0,727.5
2023-10-26 12:00:00,813.75,-165.0,648.75
2023-10-26 12:01:00,843.75,-187.5,656.25
2023-10-26 12:02:00,705.0,37.5,742.5
2023-10-26 12:03:00,802.5,-67.5,735.0
2023-10-26 12:04:00,806.25,-15.0,791.25
2023-10-26 12:05:00,806.25,-3.75,802.5
2023-10-26 12:06:00,855.0,-71.25,783.75
2023-10-26 12:07:00,975.0,-292.5,682.5
2023-10-26 12:08:00,1020.0,-266.25,753.75
2023-10-26 12:09:00,1050.0,-277.5,772.5
2023-10-26 12:10:00,1091.25,-345.0,746.25
2023-10-26 12:11:00,1151.25,-405.0,746.25
2023-10-26 12:12:00,1098.75,-251.25,847.5
2023-10-26 12:13:00,1095.0,-303.75,791.25
2023-10-26 12:14:00,1136.25,-393.75,742.5
2023-10-26 12:15:00,1121.25,-382.5,738.75
2023-10-26 12:16:00,1083.75,-273.75,810.0
2023-10-26 12:17:00,1053.75,-150.0,903.75
2023-10-26 12:18:00,982.5,0.0,982.5
2023-10-26 12:19:00,855.0,221.25,1076.25
2023-10-26 12:20:00,776.25,326.25,1102.5
2023-10-26 12:21:00,892.5,202.5,1095.0
2023-10-26 12:22:00,892.5,198.75,1091.25
2023-10-26 12:23:00,926.25,153.75,1080.0
2023-10-26 12:24:00,982.5,172.5,1155.0
2023-10-26 12:25:00,1057.5,112.5,1170.0
2023-10-26 12:26:00,975.0,240.0,1215.0
2023-10-26 12:27:00,997.5,213.75,1211.25
2023-10-26 12:28:00,1027.5,168.75,1196.25
2023-10-26 12:29:00,1080.0,108.75,1188.75
2023-10-26 12:30:00,1102.5,45.0,1147.5
2023-10-26 12:31:00,1125.0,15.0,1140.0
2023-10-26 12:32:00,1128.75,7.5,1136.25
2023-10-26 12:33:00,1158.75,-52.5,1106.25
2023-10-26 12:34:00,1173.75,-56.25,1117.5
2023-10-26 12:35:00,1128.75,7.5,1136.25
2023-10-26 12:36:00,1128.75,30.0,1158.75
2023-10-26 12:37:00,1080.0,240.0,1320.0
2023-10-26 12:38:00,1076.25,213.75,1290.0
2023-10-26 12:39:00,1117.5,135.0,1252.5
2023-10-26 12:40:00,1132.5,108.75,1241.25
2023-10-26 12:41:00,1125.0,97.5,1222.5
2023-10-26 12:42:00,1083.75,195.0,1278.75
2023-10-26 12:43:00,1121.25,127.5,1248.75
2023-10-26 12:44:00,1102.5,195.0,1297.5
2023-10-26 12:45:00,1098.75,210.0,1308.75
2023-10-26 12:46:00,1008.75,480.0,1488.75
2023-10-26 12:47:00,960.0,543.75,1503.75
2023-10-26 12:48:00,1020.0,510.0,1530.0
2023-10-26 12:49:00,1042.5,476.25,1518.75
2023-10-26 12:50:00,1155.0,247.5,1402.5
2023-10-26 12:51:00,1170.0,258.75,1428.75
2023-10-26 12:52:00,1110.0,416.25,1526.25
2023-10-26 12:53:00,1113.75,345.0,1458.75
2023-10-26 12:54:00,1102.5,461.25,1563.75
2023-10-26 12:55:00,1132.5,397.5,1530.0
2023-10-26 12:56:00,1155.0,326.25,1481.25
2023-10-26 12:57:00,1117.5,450.0,1567.5
2023-10-26 12:58:00,1065.0,472.5,1537.5
2023-10-26 12:59:00,1095.0,472.5,1567.5
2023-10-26 13:00:00,1121.25,465.0,1586.25
2023-10-26 13:01:00,1061.25,528.75,1590.0
2023-10-26 13:02:00,1068.75,540.0,1608.75
2023-10-26 13:03:00,877.5,907.5,1785.0
2023-10-26 13:04:00,982.5,750.0,1732.5
2023-10-26 13:05:00,1050.0,735.0,1785.0
2023-10-26 13:06:00,975.0,817.5,1792.5
2023-10-26 13:07:00,982.5,780.0,1762.5
2023-10-26 13:08:00,1023.75,780.0,1803.75
2023-10-26 13:09:00,1020.0,768.75,1788.75
2023-10-26 13:10:00,1001.25,795.0,1796.25
2023-10-26 13:11:00,963.75,866.25,1830.0
2023-10-26 13:12:00,652.5,1087.5,1740.0
2023-10-26 13:13:00,843.75,997.5,1841.25
2023-10-26 13:14:00,892.5,945.0,1837.5
2023-10-26 13:15:00,915.0,963.75,1878.75
2023-10-26 13:16:00,795.0,1001.25,1796.25
2023-10-26 13:17:00,888.75,956.25,1845.0
2023-10-26 13:18:00,813.75,993.75,1807.5
2023-10-26 13:19:00,821.25,1053.75,1875.0
2023-10-26 13:20:00,877.5,975.0,1852.5
2023-10-26 13:21:00,888.75,952.5,1841.25
2023-10-26 13:22:00,922.5,948.75,1871.25
2023-10-26 13:23:00,900.0,975.0,1875.0
2023-10-26 13:24:00,1113.75,731.25,1845.0
2023-10-26 13:25:00,1278.75,356.25,1635.0
2023-10-26 13:26:00,1323.75,86.25,1410.0
2023-10-26 13:27:00,1305.0,180.0,1485.0
2023-10-26 13:28:00,1350.0,-41.25,1308.75
2023-10-26 13:29:00,1342.5,191.25,1533.75
2023-10-26 13:30:00,1357.5,33.75,1391.25
2023-10-26 13:31:00,1383.75,0.0,1383.75
2023-10-26 13:32:00,1398.75,-30.0,1368.75
2023-10-26 13:33:00,1346.25,588.75,1935.0
2023-10-26 13:34:00,1376.25,397.5,1773.75
2023-10-26 13:35:00,1376.25,446.25,1822.5
2023-10-26 13:36:00,1383.75,390.0,1773.75
2023-10-26 13:37:00,1395.0,318.75,1713.75
2023-10-26 13:38:00,1398.75,240.0,1638.75
2023-10-26 13:39:00,1387.5,315.0,1702.5
2023-10-26 13:40:00,1372.5,502.5,1875.0
2023-10-26 13:41:00,1380.0,543.75,1923.75
2023-10-26 13:42:00,1368.75,843.75,2212.5
2023-10-26 13:43:00,1406.25,626.25,2032.5
2023-10-26 13:44:00,1440.0,435.0,1875.0
2023-10-26 13:45:00,1428.75,705.0,2133.75
2023-10-26 13:46:00,1451.25,476.25,1927.5
2023-10-26 13:47:00,1458.75,416.25,1875.0
2023-10-26 13:48:00,1470.0,240.0,1710.0
2023-10-26 13:49:00,1466.25,375.0,1841.25
2023-10-26 13:50:00,1462.5,431.25,1893.75
2023-10-26 13:51:00,1470.0,341.25,1811.25
2023-10-26 13:52:00,1470.0,348.75,1818.75
2023-10-26 13:53:00,1470.0,397.5,1867.5
2023-10-26 13:54:00,1451.25,528.75,1980.0
2023-10-26 13:55:00,1440.0,588.75,2028.75
2023-10-26 13:56:00,1432.5,693.75,2126.25
2023-10-26 13:57:00,1428.75,667.5,2096.25
2023-10-26 13:58:00,1425.0,708.75,2133.75
2023-10-26 13:59:00,1440.0,671.25,2111.25
2023-10-26 14:00:00,1473.75,510.0,1983.75
2023-10-26 14:01:00,1485.0,521.25,2006.25
2023-10-26 14:02:00,1462.5,682.5,2145.0
2023-10-26 14:03:00,1466.25,701.25,2167.5
2023-10-26 14:04:00,1447.5,776.25,2223.75
2023-10-26 14:05:00,1455.0,716.25,2171.25
2023-10-26 14:06:00,1462.5,742.5,2205.0
2023-10-26 14:07:00,1428.75,843.75,2272.5
2023-10-26 14:08:00,1447.5,873.75,2321.25
2023-10-26 14:09:00,1451.25,866.25,2317.5
2023-10-26 14:10:00,1447.5,907.5,2355.0
2023-10-26 14:11:00,1421.25,945.0,2366.25
2023-10-26 14:12:00,1425.0,997.5,2422.5
2023-10-26 14:13:00,1428.75,997.5,2426.25
2023-10-26 14:14:00,1436.25,993.75,2430.0
2023-10-26 14:15:00,1462.5,982.5,2445.0
2023-10-26 14:16:00,1511.25,768.75,2280.0
2023-10-26 14:17:00,1507.5,847.5,2355.0
2023-10-26 14:18:00,1511.25,832.5,2343.75
2023-10-26 14:19:00,1533.75,543.75,2077.5
2023-10-26 14:20:00,1522.5,648.75,2171.25
2023-10-26 14:21:00,1522.5,693.75,2216.25
2023-10-26 14:22:00,1522.5,671.25,2193.75
2023-10-26 14:23:00,1537.5,585.0,2122.5
2023-10-26 14:24:00,1537.5,566.25,2103.75
2023-10-26 14:25:00,1530.0,675.0,2205.0
2023-10-26 14:26:00,1530.0,705.0,2235.0
2023-10-26 14:27:00,1522.5,825.0,2347.5
2023-10-26 14:28:00,1518.75,877.5,2396.25
2023-10-26 14:29:00,1518.75,828.75,2347.5
2023-10-26 14:30:00,1515.0,870.0,2385.0
2023-10-26 14:31:00,1492.5,930.0,2422.5
2023-10-26 14:32:00,1522.5,765.0,2287.5
2023-10-26 14:33:00,1511.25,941.25,2452.5
2023-10-26 14:34:00,1503.75,975.0,2478.75
2023-10-26 14:35:00,1511.25,956.25,2467.5
2023-10-26 14:36:00,1518.75,993.75,2512.5
2023-10-26 14:37:00,1522.5,956.25,2478.75
2023-10-26 14:38:00,1511.25,963.75,2475.0
2023-10-26 14:39:00,1485.0,1170.0,2655.0
2023-10-26 14:40:00,1503.75,1151.25,2655.0
2023-10-26 14:41:00,1488.75,1162.5,2651.25
2023-10-26 14:42:00,1518.75,1128.75,2647.5
2023-10-26 14:43:00,1518.75,1162.5,2681.25
2023-10-26 14:44:00,1515.0,1181.25,2696.25
2023-10-26 14:45:00,1507.5,1196.25,2703.75
2023-10-26 14:46:00,1507.5,1312.5,2820.0
2023-10-26 14:47:00,1473.75,1350.0,2823.75
2023-10-26 14:48:00,1443.75,1451.25,2895.0
2023-10-26 14:49:00,1451.25,1443.75,2895.0
2023-10-26 14:50:00,1462.5,1432.5,2895.0
2023-10-26 14:51:00,1436.25,1526.25,2962.5
2023-10-26 14:52:00,1440.0,1530.0,2970.0
2023-10-26 14:53:00,1466.25,1500.0,2966.25
2023-10-26 14:54:00,1477.5,1473.75,2951.25
2023-10-26 14:55:00,1530.0,1440.0,2970.0
2023-10-26 14:56:00,1541.25,1406.25,2947.5
2023-10-26 14:57:00,1530.0,1406.25,2936.25
2023-10-26 14:58:00,1530.0,1413.75,2943.75
2023-10-26 14:59:00,1522.5,1428.75,2951.25
2023-10-26 15:00:00,1541.25,1436.25,2977.5
2023-10-26 15:01:00,1560.0,1440.0,3000.0
2023-10-26 15:02:00,1567.5,1537.5,3105.0
2023-10-26 15:03:00,1578.75,1425.0,3003.75
2023-10-26 15:04:00,1582.5,1357.5,2940.0
2023-10-26 15:05:00,1582.5,1297.5,2880.0
2023-10-26 15:06:00,1586.25,1267.5,2853.75
2023-10-26 15:07:00,1590.0,1091.25,2681.25
2023-10-26 15:08:00,1590.0,1012.5,2602.5
2023-10-26 15:09:00,1590.0,1241.25,2831.25
2023-10-26 15:10:00,1586.25,1511.25,3097.5
2023-10-26 15:11:00,1586.25,1578.75,3165.0
2023-10-26 15:12:00,1593.75,1563.75,3157.5
2023-10-26 15:13:00,1593.75,1533.75,3127.5
2023-10-26 15:14:00,1590.0,1556.25,3146.25
2023-10-26 15:15:00,1590.0,1586.25,3176.25
2023-10-26 15:16:00,1590.0,1620.0,3210.0
2023-10-26 15:17:00,1590.0,1631.25,3221.25
2023-10-26 15:18:00,1597.5,1638.75,3236.25
2023-10-26 15:19:00,1593.75,1638.75,3232.5
2023-10-26 15:20:00,1593.75,1635.0,3228.75
2023-10-26 15:21:00,1593.75,1635.0,3228.75
2023-10-26 15:22:00,1593.75,1635.0,3228.75
2023-10-26 15:23:00,1593.75,1635.0,3228.75
2023-10-26 15:24:00,1593.75,1635.0,3228.75
2023-10-26 15:25:00,1593.75,1635.0,3228.75
2023-10-26 15:26:00,1593.75,1635.0,3228.75
2023-10-26 15:27:00,1593.75,1635.0,3228.75
2023-10-26 15:28:00,1593.75,1635.0,3228.75
2023-10-26 15:29:00,1593.75,1635.0,3228.75
2023-11-02 10:15:00,0.0,0.0,0.0
2023-11-02 10:16:00,0.0,56.25,56.25
2023-11-02 10:17:00,-60.0,221.25,161.25
2023-11-02 10:18:00,-82.5,251.25,168.75
2023-11-02 10:19:00,-78.75,386.25,307.5
2023-11-02 10:20:00,-11.25,213.75,202.5
2023-11-02 10:21:00,41.25,37.5,78.75
2023-11-02 10:22:00,33.75,135.0,168.75
2023-11-02 10:23:00,108.75,86.25,195.0
2023-11-02 10:24:00,131.25,18.75,150.0
2023-11-02 10:25:00,101.25,90.0,191.25
2023-11-02 10:26:00,97.5,93.75,191.25
2023-11-02 10:27:00,131.25,-15.0,116.25
2023-11-02 10:28:00,108.75,78.75,187.5
2023-11-02 10:29:00,112.5,112.5,225.0
2023-11-02 10:30:00,82.5,176.25,258.75
2023-11-02 10:31:00,97.5,240.0,337.5
2023-11-02 10:32:00,60.0,277.5,337.5
2023-11-02 10:33:00,11.25,442.5,453.75
2023-11-02 10:34:00,52.5,356.25,408.75
2023-11-02 10:35:00,101.25,277.5,378.75
2023-11-02 10:36:00,131.25,258.75,390.0
2023-11-02 10:37:00,236.25,7.5,243.75
2023-11-02 10:38:00,176.25,146.25,322.5
2023-11-02 10:39:00,168.75,198.75,367.5
2023-11-02 10:40:00,210.0,120.0,330.0
2023-11-02 10:41:00,236.25,48.75,285.0
2023-11-02 10:42:00,176.25,150.0,326.25
2023-11-02 10:43:00,206.25,157.5,363.75
2023-11-02 10:44:00,206.25,138.75,345.0
2023-11-02 10:45:00,172.5,213.75,386.25
2023-11-02 10:46:00,150.0,307.5,457.5
2023-11-02 10:47:00,187.5,202.5,390.0
2023-11-02 10:48:00,206.25,176.25,382.5
2023-11-02 10:49:00,198.75,195.0,393.75
2023-11-02 10:50:00,206.25,213.75,420.0
2023-11-02 10:51:00,206.25,206.25,412.5
2023-11-02 10:52:00,307.5,56.25,363.75
2023-11-02 10:53:00,330.0,-3.75,326.25
2023-11-02 10:54:00,337.5,-7.5,330.0
2023-11-02 10:55:00,341.25,52.5,393.75
2023-11-02 10:56:00,341.25,15.0,356.25
2023-11-02 10:57:00,315.0,86.25,401.25
2023-11-02 10:58:00,303.75,82.5,386.25
2023-11-02 10:59:00,296.25,123.75,420.0
2023-11-02 11:00:00,322.5,67.5,390.0
2023-11-02 11:01:00,352.5,-75.0,277.5
2023-11-02 11:02:00,307.5,78.75,386.25
2023-11-02 11:03:00,292.5,123.75,416.25
2023-11-02 11:04:00,288.75,86.25,375.0
2023-11-02 11:05:00,266.25,153.75,420.0
2023-11-02 11:06:00,255.0,157.5,412.5
2023-11-02 11:07:00,288.75,86.25,375.0
2023-11-02 11:08:00,296.25,116.25,412.5
2023-11-02 11:09:00,266.25,150.0,416.25
2023-11-02 11:10:00,266.25,187.5,453.75
2023-11-02 11:11:00,228.75,296.25,525.0
2023-11-02 11:12:00,191.25,408.75,600.0
2023-11-02 11:13:00,187.5,397.5,585.0
2023-11-02 11:14:00,105.0,472.5,577.5
2023-11-02 11:15:00,135.0,498.75,633.75
2023-11-02 11:16:00,195.0,393.75,588.75
2023-11-02 11:17:00,187.5,405.0,592.5
2023-11-02 11:18:00,138.75,547.5,686.25
2023-11-02 11:19:00,198.75,405.0,603.75
2023-11-02 11:20:00,225.0,367.5,592.5
2023-11-02 11:21:00,258.75,318.75,577.5
2023-11-02 11:22:00,277.5,281.25,558.75
2023-11-02 11:23:00,292.5,281.25,573.75
2023-11-02 11:24:00,363.75,187.5,551.25
2023-11-02 11:25:00,356.25,150.0,506.25
2023-11-02 11:26:00,341.25,180.0,521.25
2023-11-02 11:27:00,311.25,236.25,547.5
2023-11-02 11:28:00,341.25,48.75,390.0
2023-11-02 11:29:00,330.0,157.5,487.5
2023-11-02 11:30:00,318.75,198.75,517.5
2023-11-02 11:31:00,337.5,131.25,468.75
2023-11-02 11:32:00,333.75,165.0,498.75
2023-11-02 11:33:00,322.5,247.5,570.0
2023-11-02 11:34:00,345.0,168.75,513.75
2023-11-02 11:35:00,352.5,123.75,476.25
2023-11-02 11:36:00,416.25,-18.75,397.5
2023-11-02 11:37:00,457.5,-105.0,352.5
2023-11-02 11:38:00,476.25,-101.25,375.0
2023-11-02 11:39:00,457.5,7.5,465.0
2023-11-02 11:40:00,450.0,11.25,461.25
2023-11-02 11:41:00,450.0,-3.75,446.25
2023-11-02 11:42:00,468.75,-93.75,375.0
2023-11-02 11:43:00,495.0,-840.0,-345.0
2023-11-02 11:44:00,562.5,-971.25,-408.75
2023-11-02 11:45:00,581.25,-975.0,-393.75
2023-11-02 11:46:00,551.25,-780.0,-228.75
2023-11-02 11:47:00,641.25,-956.25,-315.0
2023-11-02 11:48:00,626.25,-892.5,-266.25
2023-11-02 11:49:00,686.25,-986.25,-300.0
2023-11-02 11:50:00,723.75,-1361.25,-637.5
2023-11-02 11:51:00,682.5,-1117.5,-435.0
2023-11-02 11:52:00,708.75,-1316.25,-607.5
2023-11-02 11:53:00,727.5,-1331.25,-603.75
2023-11-02 11:54:00,716.25,-1286.25,-570.0
2023-11-02 11:55:00,783.75,-1353.75,-570.0
2023-11-02 11:56:00,701.25,-1091.25,-390.0
2023-11-02 11:57:00,705.0,-1155.0,-450.0
2023-11-02 11:58:00,641.25,-997.5,-356.25
2023-11-02 11:59:00,645.0,-967.5,-322.5
2023-11-02 12:00:00,735.0,-1188.75,-453.75
2023-11-02 12:01:00,723.75,-1207.5,-483.75
2023-11-02 12:02:00,686.25,-1080.0,-393.75
2023-11-02 12:03:00,697.5,-1121.25,-423.75
2023-11-02 12:04:00,735.0,-1222.5,-487.5
2023-11-02 12:05:00,716.25,-1136.25,-420.0
2023-11-02 12:06:00,731.25,-1166.25,-435.0
2023-11-02 12:07:00,746.25,-1091.25,-345.0
2023-11-02 12:08:00,851.25,-1248.75,-397.5
2023-11-02 12:09:00,855.0,-1256.25,-401.25
2023-11-02 12:10:00,873.75,-1316.25,-442.5
2023-11-02 12:11:00,885.0,-1455.0,-570.0
2023-11-02 12:12:00,750.0,-1042.5,-292.5
2023-11-02 12:13:00,573.75,-581.25,-7.5
2023-11-02 12:14:00,645.0,-806.25,-161.25
2023-11-02 12:15:00,690.0,-821.25,-131.25
2023-11-02 12:16:00,645.0,-750.0,-105.0
2023-11-02 12:17:00,652.5,-731.25,-78.75
2023-11-02 12:18:00,652.5,-712.5,-60.0
2023-11-02 12:19:00,562.5,-491.25,71.25
2023-11-02 12:20:00,581.25,-555.0,26.25
2023-11-02 12:21:00,663.75,-682.5,-18.75
2023-11-02 12:22:00,626.25,-592.5,33.75
2023-11-02 12:23:00,543.75,-465.0,78.75
2023-11-02 12:24:00,420.0,-180.0,240.0
2023-11-02 12:25:00,371.25,-90.0,281.25
2023-11-02 12:26:00,450.0,-183.75,266.25
2023-11-02 12:27:00,495.0,-300.0,195.0
2023-11-02 12:28:00,491.25,-285.0,206.25
2023-11-02 12:29:00,498.75,-277.5,221.25
2023-11-02 12:30:00,592.5,-296.25,296.25
2023-11-02 12:31:00,663.75,-483.75,180.0
2023-11-02 12:32:00,690.0,-517.5,172.5
2023-11-02 12:33:00,697.5,-483.75,213.75
2023-11-02 12:34:00,723.75,-555.0,168.75
2023-11-02 12:35:00,678.75,-416.25,262.5
2023-11-02 12:36:00,682.5,-502.5,180.0
2023-11-02 12:37:00,765.0,-611.25,153.75
2023-11-02 12:38:00,712.5,-513.75,198.75
2023-11-02 12:39:00,686.25,-465.0,221.25
2023-11-02 12:40:00,697.5,-543.75,153.75
2023-11-02 12:41:00,450.0,-112.5,337.5
2023-11-02 12:42:00,30.0,442.5,472.5
2023-11-02 12:43:00,150.0,393.75,543.75
2023-11-02 12:44:00,247.5,363.75,611.25
2023-11-02 12:45:00,322.5,281.25,603.75
2023-11-02 12:46:00,142.5,461.25,603.75
2023-11-02 12:47:00,285.0,382.5,667.5
2023-11-02 12:48:00,337.5,348.75,686.25
2023-11-02 12:49:00,315.0,348.75,663.75
2023-11-02 12:50:00,468.75,247.5,716.25
2023-11-02 12:51:00,408.75,300.0,708.75
2023-11-02 12:52:00,375.0,348.75,723.75
2023-11-02 12:53:00,277.5,416.25,693.75
2023-11-02 12:54:00,348.75,356.25,705.0
2023-11-02 12:55:00,386.25,333.75,720.0
2023-11-02 12:56:00,318.75,363.75,682.5
2023-11-02 12:57:00,251.25,420.0,671.25
2023-11-02 12:58:00,105.0,558.75,663.75
2023-11-02 12:59:00,240.0,495.0,735.0
2023-11-02 13:00:00,236.25,555.0,791.25
2023-11-02 13:01:00,153.75,607.5,761.25
2023-11-02 13:02:00,60.0,663.75,723.75
2023-11-02 13:03:00,52.5,656.25,708.75
2023-11-02 13:04:00,90.0,626.25,716.25
2023-11-02 13:05:00,258.75,551.25,810.0
2023-11-02 13:06:00,247.5,551.25,798.75
2023-11-02 13:07:00,348.75,510.0,858.75
2023-11-02 13:08:00,273.75,581.25,855.0
2023-11-02 13:09:00,435.0,498.75,933.75
2023-11-02 13:10:00,408.75,528.75,937.5
2023-11-02 13:11:00,352.5,540.0,892.5
2023-11-02 13:12:00,513.75,446.25,960.0
2023-11-02 13:13:00,491.25,513.75,1005.0
2023-11-02 13:14:00,292.5,626.25,918.75
2023-11-02 13:15:00,93.75,881.25,975.0
2023-11-02 13:16:00,236.25,746.25,982.5
2023-11-02 13:17:00,243.75,727.5,971.25
2023-11-02 13:18:00,341.25,690.0,1031.25
2023-11-02 13:19:00,318.75,682.5,1001.25
2023-11-02 13:20:00,318.75,705.0,1023.75
2023-11-02 13:21:00,333.75,697.5,1031.25
2023-11-02 13:22:00,337.5,671.25,1008.75
2023-11-02 13:23:00,367.5,667.5,1035.0
2023-11-02 13:24:00,510.0,611.25,1121.25
2023-11-02 13:25:00,588.75,566.25,1155.0
2023-11-02 13:26:00,333.75,851.25,1185.0
2023-11-02 13:27:00,596.25,581.25,1177.5
2023-11-02 13:28:00,828.75,303.75,1132.5
2023-11-02 13:29:00,787.5,393.75,1181.25
2023-11-02 13:30:00,776.25,420.0,1196.25
2023-11-02 13:31:00,776.25,420.0,1196.25
2023-11-02 13:32:00,618.75,675.0,1293.75
2023-11-02 13:33:00,513.75,746.25,1260.0
2023-11-02 13:34:00,626.25,667.5,1293.75
2023-11-02 13:35:00,611.25,652.5,1263.75
2023-11-02 13:36:00,525.0,727.5,1252.5
2023-11-02 13:37:00,521.25,727.5,1248.75
2023-11-02 13:38:00,525.0,727.5,1252.5
2023-11-02 13:39:00,551.25,735.0,1286.25
2023-11-02 13:40:00,416.25,945.0,1361.25
2023-11-02 13:41:00,386.25,885.0,1271.25
2023-11-02 13:42:00,412.5,907.5,1320.0
2023-11-02 13:43:00,480.0,873.75,1353.75
2023-11-02 13:44:00,371.25,900.0,1271.25
2023-11-02 13:45:00,356.25,915.0,1271.25
2023-11-02 13:46:00,397.5,873.75,1271.25
2023-11-02 13:47:00,333.75,918.75,1252.5
2023-11-02 13:48:00,427.5,885.0,1312.5
2023-11-02 13:49:00,393.75,896.25,1290.0
2023-11-02 13:50:00,93.75,1050.0,1143.75
2023-11-02 13:51:00,-502.5,1200.0,697.5
2023-11-02 13:52:00,-825.0,1286.25,461.25
2023-11-02 13:53:00,-742.5,1297.5,555.0
2023-11-02 13:54:00,-761.25,1301.25,540.0
2023-11-02 13:55:00,-821.25,1305.0,483.75
2023-11-02 13:56:00,-896.25,1346.25,450.0
2023-11-02 13:57:00,-840.0,1338.75,498.75
2023-11-02 13:58:00,-862.5,1323.75,461.25
2023-11-02 13:59:00,-851.25,1323.75,472.5
2023-11-02 14:00:00,-900.0,1357.5,457.5
2023-11-02 14:01:00,-885.0,1368.75,483.75
2023-11-02 14:02:00,-840.0,1323.75,483.75
2023-11-02 14:03:00,-716.25,1301.25,585.0
2023-11-02 14:04:00,-701.25,1290.0,588.75
2023-11-02 14:05:00,-727.5,1301.25,573.75
2023-11-02 14:06:00,-716.25,1327.5,611.25
2023-11-02 14:07:00,-720.0,1316.25,596.25
2023-11-02 14:08:00,-690.0,1286.25,596.25
2023-11-02 14:09:00,-753.75,1342.5,588.75
2023-11-02 14:10:00,-746.25,1331.25,585.0
2023-11-02 14:11:00,-798.75,1380.0,581.25
2023-11-02 14:12:00,-753.75,1346.25,592.5
2023-11-02 14:13:00,-720.0,1338.75,618.75
2023-11-02 14:14:00,-727.5,1383.75,656.25
2023-11-02 14:15:00,-731.25,1365.0,633.75
2023-11-02 14:16:00,-738.75,1391.25,652.5
2023-11-02 14:17:00,-795.0,1432.5,637.5
2023-11-02 14:18:00,-802.5,1421.25,618.75
2023-11-02 14:19:00,-742.5,1372.5,630.0
2023-11-02 14:20:00,-712.5,1380.0,667.5
2023-11-02 14:21:00,-727.5,1391.25,663.75
2023-11-02 14:22:00,-701.25,1380.0,678.75
2023-11-02 14:23:00,-656.25,1357.5,701.25
2023-11-02 14:24:00,-622.5,1327.5,705.0
2023-11-02 14:25:00,-626.25,1357.5,731.25
2023-11-02 14:26:00,-622.5,1357.5,735.0
2023-11-02 14:27:00,-592.5,1305.0,712.5
2023-11-02 14:28:00,-566.25,1312.5,746.25
2023-11-02 14:29:00,-551.25,1271.25,720.0
2023-11-02 14:30:00,-513.75,1177.5,663.75
2023-11-02 14:31:00,-528.75,1237.5,708.75
2023-11-02 14:32:00,-540.0,1331.25,791.25
2023-11-02 14:33:00,-536.25,1293.75,757.5
2023-11-02 14:34:00,-540.0,1305.0,765.0
2023-11-02 14:35:00,-513.75,1275.0,761.25
2023-11-02 14:36:00,-517.5,1301.25,783.75
2023-11-02 14:37:00,-517.5,1316.25,798.75
2023-11-02 14:38:00,-525.0,1342.5,817.5
2023-11-02 14:39:00,-525.0,1316.25,791.25
2023-11-02 14:40:00,-517.5,1293.75,776.25
2023-11-02 14:41:00,-517.5,1297.5,780.0
2023-11-02 14:42:00,-498.75,1267.5,768.75
2023-11-02 14:43:00,-480.0,1282.5,802.5
2023-11-02 14:44:00,-465.0,1256.25,791.25
2023-11-02 14:45:00,-453.75,1125.0,671.25
2023-11-02 14:46:00,-461.25,1158.75,697.5
2023-11-02 14:47:00,-457.5,1271.25,813.75
2023-11-02 14:48:00,-465.0,1260.0,795.0
2023-11-02 14:49:00,-457.5,1192.5,735.0
2023-11-02 14:50:00,-450.0,1226.25,776.25
2023-11-02 14:51:00,-446.25,1275.0,828.75
2023-11-02 14:52:00,-442.5,1278.75,836.25
2023-11-02 14:53:00,-521.25,1432.5,911.25
2023-11-02 14:54:00,-517.5,1511.25,993.75
2023-11-02 14:55:00,-536.25,1511.25,975.0
2023-11-02 14:56:00,-555.0,1537.5,982.5
2023-11-02 14:57:00,-532.5,1515.0,982.5
2023-11-02 14:58:00,-543.75,1515.0,971.25
2023-11-02 14:59:00,-540.0,1533.75,993.75
2023-11-02 15:00:00,-615.0,1582.5,967.5
2023-11-02 15:01:00,-630.0,1597.5,967.5
2023-11-02 15:02:00,-633.75,1608.75,975.0
2023-11-02 15:03:00,-615.0,1616.25,1001.25
2023-11-02 15:04:00,-517.5,1620.0,1102.5
2023-11-02 15:05:00,-442.5,1616.25,1173.75
2023-11-02 15:06:00,-438.75,1616.25,1177.5
2023-11-02 15:07:00,-431.25,1616.25,1185.0
2023-11-02 15:08:00,-423.75,1620.0,1196.25
2023-11-02 15:09:00,-427.5,1623.75,1196.25
2023-11-02 15:10:00,-420.0,1620.0,1200.0
2023-11-02 15:11:00,-412.5,1620.0,1207.5
2023-11-02 15:12:00,-405.0,1620.0,1215.0
2023-11-02 15:13:00,-405.0,1620.0,1215.0
2023-11-02 15:14:00,-401.25,1620.0,1218.75
2023-11-02 15:15:00,-408.75,1620.0,1211.25
2023-11-02 15:16:00,-408.75,1616.25,1207.5
2023-11-02 15:17:00,-408.75,1616.25,1207.5
2023-11-02 15:18:00,-408.75,1623.75,1215.0
2023-11-02 15:19:00,-408.75,1620.0,1211.25
2023-11-02 15:20:00,-408.75,1620.0,1211.25
2023-11-02 15:21:00,-408.75,1620.0,1211.25
2023-11-02 15:22:00,-408.75,1620.0,1211.25
2023-11-02 15:23:00,-408.75,1620.0,1211.25
2023-11-02 15:24:00,-408.75,1620.0,1211.25
2023-11-02 15:25:00,-408.75,1620.0,1211.25
2023-11-02 15:26:00,-408.75,1620.0,1211.25
2023-11-02 15:27:00,-408.75,1620.0,1211.25
2023-11-02 15:28:00,-408.75,1620.0,1211.25
2023-11-02 15:29:00,-408.75,1620.0,1211.25
2023-11-02 15:30:00,-408.75,1620.0,1211.25
2023-11-09 10:15:00,0.0,0.0,0.0
2023-11-09 10:16:00,97.5,-120.0,-22.5
2023-11-09 10:17:00,52.5,-3.75,48.75
2023-11-09 10:18:00,-3.75,56.25,52.5
2023-11-09 10:19:00,37.5,-18.75,18.75
2023-11-09 10:20:00,41.25,-3.75,37.5
2023-11-09 10:21:00,37.5,67.5,105.0
2023-11-09 10:22:00,56.25,26.25,82.5
2023-11-09 10:23:00,63.75,0.0,63.75
2023-11-09 10:24:00,41.25,45.0,86.25
2023-11-09 10:25:00,45.0,11.25,56.25
2023-11-09 10:26:00,71.25,-22.5,48.75
2023-11-09 10:27:00,206.25,-423.75,-217.5
2023-11-09 10:28:00,236.25,-408.75,-172.5
2023-11-09 10:29:00,240.0,-416.25,-176.25
2023-11-09 10:30:00,243.75,-442.5,-198.75
2023-11-09 10:31:00,247.5,-423.75,-176.25
2023-11-09 10:32:00,228.75,-390.0,-161.25
2023-11-09 10:33:00,243.75,-427.5,-183.75
2023-11-09 10:34:00,243.75,-390.0,-146.25
2023-11-09 10:35:00,258.75,-453.75,-195.0
2023-11-09 10:36:00,247.5,-292.5,-45.0
2023-11-09 10:37:00,243.75,-273.75,-30.0
2023-11-09 10:38:00,255.0,-337.5,-82.5
2023-11-09 10:39:00,288.75,-536.25,-247.5
2023-11-09 10:40:00,285.0,-382.5,-97.5
2023-11-09 10:41:00,288.75,-378.75,-90.0
2023-11-09 10:42:00,296.25,-438.75,-142.5
2023-11-09 10:43:00,285.0,-326.25,-41.25
2023-11-09 10:44:00,288.75,-333.75,-45.0
2023-11-09 10:45:00,300.0,-356.25,-56.25
2023-11-09 10:46:00,303.75,-341.25,-37.5
2023-11-09 10:47:00,307.5,-360.0,-52.5
2023-11-09 10:48:00,307.5,-318.75,-11.25
2023-11-09 10:49:00,311.25,-386.25,-75.0
2023-11-09 10:50:00,311.25,-322.5,-11.25
2023-11-09 10:51:00,315.0,-318.75,-3.75
2023-11-09 10:52:00,318.75,-326.25,-7.5
2023-11-09 10:53:00,326.25,-363.75,-37.5
2023-11-09 10:54:00,307.5,-243.75,63.75
2023-11-09 10:55:00,303.75,-240.0,63.75
2023-11-09 10:56:00,311.25,-262.5,48.75
2023-11-09 10:57:00,300.0,-243.75,56.25
2023-11-09 10:58:00,292.5,-202.5,90.0
2023-11-09 10:59:00,285.0,-187.5,97.5
2023-11-09 11:00:00,292.5,-165.0,127.5
2023-11-09 11:01:00,303.75,-142.5,161.25
2023-11-09 11:02:00,315.0,-225.0,90.0
2023-11-09 11:03:00,296.25,-116.25,180.0
2023-11-09 11:04:00,277.5,-7.5,270.0
2023-11-09 11:05:00,270.0,33.75,303.75
2023-11-09 11:06:00,273.75,33.75,307.5
2023-11-09 11:07:00,281.25,26.25,307.5
2023-11-09 11:08:00,277.5,63.75,341.25
2023-11-09 11:09:00,266.25,138.75,405.0
2023-11-09 11:10:00,273.75,97.5,371.25
2023-11-09 11:11:00,277.5,101.25,378.75
2023-11-09 11:12:00,285.0,150.0,435.0
2023-11-09 11:13:00,270.0,138.75,408.75
2023-11-09 11:14:00,270.0,138.75,408.75
2023-11-09 11:15:00,277.5,142.5,420.0
2023-11-09 11:16:00,281.25,183.75,465.0
2023-11-09 11:17:00,307.5,135.0,442.5
2023-11-09 11:18:00,348.75,41.25,390.0
2023-11-09 11:19:00,348.75,86.25,435.0
2023-11-09 11:20:00,356.25,90.0,446.25
2023-11-09 11:21:00,360.0,86.25,446.25
2023-11-09 11:22:00,341.25,157.5,498.75
2023-11-09 11:23:00,311.25,210.0,521.25
2023-11-09 11:24:00,318.75,195.0,513.75
2023-11-09 11:25:00,296.25,198.75,495.0
2023-11-09 11:26:00,187.5,345.0,532.5
2023-11-09 11:27:00,108.75,420.0,528.75
2023-11-09 11:28:00,172.5,390.0,562.5
2023-11-09 11:29:00,146.25,386.25,532.5
2023-11-09 11:30:00,161.25,401.25,562.5
2023-11-09 11:31:00,187.5,393.75,581.25
2023-11-09 11:32:00,213.75,386.25,600.0
2023-11-09 11:33:00,217.5,375.0,592.5
2023-11-09 11:34:00,187.5,386.25,573.75
2023-11-09 11:35:00,183.75,393.75,577.5
2023-11-09 11:36:00,191.25,378.75,570.0
2023-11-09 11:37:00,176.25,367.5,543.75
2023-11-09 11:38:00,206.25,360.0,566.25
2023-11-09 11:39:00,202.5,367.5,570.0
2023-11-09 11:40:00,213.75,375.0,588.75
2023-11-09 11:41:00,251.25,371.25,622.5
2023-11-09 11:42:00,206.25,416.25,622.5
2023-11-09 11:43:00,165.0,476.25,641.25
2023-11-09 11:44:00,146.25,480.0,626.25
2023-11-09 11:45:00,180.0,472.5,652.5
2023-11-09 11:46:00,123.75,487.5,611.25
2023-11-09 11:47:00,236.25,423.75,660.0
2023-11-09 11:48:00,303.75,393.75,697.5
2023-11-09 11:49:00,247.5,487.5,735.0
2023-11-09 11:50:00,127.5,558.75,686.25
2023-11-09 11:51:00,153.75,551.25,705.0
2023-11-09 11:52:00,161.25,547.5,708.75
2023-11-09 11:53:00,172.5,532.5,705.0
2023-11-09 11:54:00,161.25,532.5,693.75
2023-11-09 11:55:00,161.25,536.25,697.5
2023-11-09 11:56:00,165.0,528.75,693.75
2023-11-09 11:57:00,165.0,525.0,690.0
2023-11-09 11:58:00,142.5,540.0,682.5
2023-11-09 11:59:00,157.5,543.75,701.25
2023-11-09 12:00:00,172.5,528.75,701.25
2023-11-09 12:01:00,165.0,528.75,693.75
2023-11-09 12:02:00,168.75,528.75,697.5
2023-11-09 12:03:00,183.75,532.5,716.25
2023-11-09 12:04:00,168.75,536.25,705.0
2023-11-09 12:05:00,198.75,521.25,720.0
2023-11-09 12:06:00,217.5,510.0,727.5
2023-11-09 12:07:00,221.25,502.5,723.75
2023-11-09 12:08:00,217.5,517.5,735.0
2023-11-09 12:09:00,168.75,536.25,705.0
2023-11-09 12:10:00,191.25,517.5,708.75
2023-11-09 12:11:00,180.0,532.5,712.5
2023-11-09 12:12:00,195.0,528.75,723.75
2023-11-09 12:13:00,195.0,517.5,712.5
2023-11-09 12:14:00,198.75,502.5,701.25
2023-11-09 12:15:00,195.0,513.75,708.75
2023-11-09 12:16:00,221.25,480.0,701.25
2023-11-09 12:17:00,236.25,453.75,690.0
2023-11-09 12:18:00,221.25,465.0,686.25
2023-11-09 12:19:00,198.75,528.75,727.5
2023-11-09 12:20:00,228.75,513.75,742.5
2023-11-09 12:21:00,202.5,532.5,735.0
2023-11-09 12:22:00,206.25,543.75,750.0
2023-11-09 12:23:00,198.75,551.25,750.0
2023-11-09 12:24:00,187.5,551.25,738.75
2023-11-09 12:25:00,206.25,536.25,742.5
2023-11-09 12:26:00,210.0,536.25,746.25
2023-11-09 12:27:00,251.25,502.5,753.75
2023-11-09 12:28:00,247.5,506.25,753.75
2023-11-09 12:29:00,255.0,491.25,746.25
2023-11-09 12:30:00,262.5,506.25,768.75
2023-11-09 12:31:00,277.5,502.5,780.0
2023-11-09 12:32:00,266.25,525.0,791.25
2023-11-09 12:33:00,281.25,517.5,798.75
2023-11-09 12:34:00,288.75,521.25,810.0
2023-11-09 12:35:00,281.25,528.75,810.0
2023-11-09 12:36:00,288.75,525.0,813.75
2023-11-09 12:37:00,300.0,517.5,817.5
2023-11-09 12:38:00,318.75,502.5,821.25
2023-11-09 12:39:00,322.5,495.0,817.5
2023-11-09 12:40:00,326.25,510.0,836.25
2023-11-09 12:41:00,337.5,480.0,817.5
2023-11-09 12:42:00,333.75,476.25,810.0
2023-11-09 12:43:00,330.0,491.25,821.25
2023-11-09 12:44:00,315.0,502.5,817.5
2023-11-09 12:45:00,360.0,457.5,817.5
2023-11-09 12:46:00,360.0,465.0,825.0
2023-11-09 12:47:00,363.75,461.25,825.0
2023-11-09 12:48:00,386.25,435.0,821.25
2023-11-09 12:49:00,401.25,360.0,761.25
2023-11-09 12:50:00,397.5,408.75,806.25
2023-11-09 12:51:00,390.0,438.75,828.75
2023-11-09 12:52:00,367.5,472.5,840.0
2023-11-09 12:53:00,382.5,427.5,810.0
2023-11-09 12:54:00,375.0,427.5,802.5
2023-11-09 12:55:00,378.75,435.0,813.75
2023-11-09 12:56:00,367.5,457.5,825.0
2023-11-09 12:57:00,378.75,435.0,813.75
2023-11-09 12:58:00,390.0,412.5,802.5
2023-11-09 12:59:00,397.5,386.25,783.75
2023-11-09 13:00:00,386.25,472.5,858.75
2023-11-09 13:01:00,356.25,521.25,877.5
2023-11-09 13:02:00,382.5,517.5,900.0
2023-11-09 13:03:00,386.25,521.25,907.5
2023-11-09 13:04:00,401.25,506.25,907.5
2023-11-09 13:05:00,405.0,461.25,866.25
2023-11-09 13:06:00,401.25,450.0,851.25
2023-11-09 13:07:00,390.0,476.25,866.25
2023-11-09 13:08:00,401.25,468.75,870.0
2023-11-09 13:09:00,416.25,446.25,862.5
2023-11-09 13:10:00,408.75,468.75,877.5
2023-11-09 13:11:00,416.25,461.25,877.5
2023-11-09 13:12:00,427.5,453.75,881.25
2023-11-09 13:13:00,416.25,536.25,952.5
2023-11-09 13:14:00,420.0,513.75,933.75
2023-11-09 13:15:00,427.5,498.75,926.25
2023-11-09 13:16:00,427.5,502.5,930.0
2023-11-09 13:17:00,431.25,502.5,933.75
2023-11-09 13:18:00,427.5,517.5,945.0
2023-11-09 13:19:00,420.0,558.75,978.75
2023-11-09 13:20:00,416.25,543.75,960.0
2023-11-09 13:21:00,420.0,558.75,978.75
2023-11-09 13:22:00,401.25,611.25,1012.5
2023-11-09 13:23:00,375.0,645.0,1020.0
2023-11-09 13:24:00,401.25,626.25,1027.5
2023-11-09 13:25:00,405.0,622.5,1027.5
2023-11-09 13:26:00,427.5,596.25,1023.75
2023-11-09 13:27:00,416.25,611.25,1027.5
2023-11-09 13:28:00,405.0,611.25,1016.25
2023-11-09 13:29:00,401.25,622.5,1023.75
2023-11-09 13:30:00,408.75,615.0,1023.75
2023-11-09 13:31:00,412.5,603.75,1016.25
2023-11-09 13:32:00,431.25,592.5,1023.75
2023-11-09 13:33:00,461.25,562.5,1023.75
2023-11-09 13:34:00,472.5,502.5,975.0
2023-11-09 13:35:00,453.75,547.5,1001.25
2023-11-09 13:36:00,446.25,543.75,990.0
2023-11-09 13:37:00,446.25,577.5,1023.75
2023-11-09 13:38:00,453.75,566.25,1020.0
2023-11-09 13:39:00,457.5,562.5,1020.0
2023-11-09 13:40:00,457.5,540.0,997.5
2023-11-09 13:41:00,461.25,513.75,975.0
2023-11-09 13:42:00,487.5,352.5,840.0
2023-11-09 13:43:00,491.25,243.75,735.0
2023-11-09 13:44:00,498.75,363.75,862.5
2023-11-09 13:45:00,491.25,363.75,855.0
2023-11-09 13:46:00,498.75,367.5,866.25
2023-11-09 13:47:00,498.75,318.75,817.5
2023-11-09 13:48:00,502.5,300.0,802.5
2023-11-09 13:49:00,502.5,326.25,828.75
2023-11-09 13:50:00,502.5,142.5,645.0
2023-11-09 13:51:00,502.5,326.25,828.75
2023-11-09 13:52:00,502.5,318.75,821.25
2023-11-09 13:53:00,495.0,431.25,926.25
2023-11-09 13:54:00,487.5,483.75,971.25
2023-11-09 13:55:00,502.5,401.25,903.75
2023-11-09 13:56:00,498.75,356.25,855.0
2023-11-09 13:57:00,498.75,348.75,847.5
2023-11-09 13:58:00,495.0,397.5,892.5
2023-11-09 13:59:00,491.25,405.0,896.25
2023-11-09 14:00:00,495.0,375.0,870.0
2023-11-09 14:01:00,502.5,322.5,825.0
2023-11-09 14:02:00,487.5,513.75,1001.25
2023-11-09 14:03:00,491.25,558.75,1050.0
2023-11-09 14:04:00,506.25,453.75,960.0
2023-11-09 14:05:00,502.5,495.0,997.5
2023-11-09 14:06:00,517.5,457.5,975.0
2023-11-09 14:07:00,517.5,438.75,956.25
2023-11-09 14:08:00,506.25,480.0,986.25
2023-11-09 14:09:00,506.25,528.75,1035.0
2023-11-09 14:10:00,502.5,573.75,1076.25
2023-11-09 14:11:00,502.5,570.0,1072.5
2023-11-09 14:12:00,510.0,573.75,1083.75
2023-11-09 14:13:00,517.5,596.25,1113.75
2023-11-09 14:14:00,510.0,600.0,1110.0
2023-11-09 14:15:00,513.75,600.0,1113.75
2023-11-09 14:16:00,513.75,596.25,1110.0
2023-11-09 14:17:00,521.25,585.0,1106.25
2023-11-09 14:18:00,525.0,536.25,1061.25
2023-11-09 14:19:00,521.25,581.25,1102.5
2023-11-09 14:20:00,525.0,570.0,1095.0
2023-11-09 14:21:00,525.0,562.5,1087.5
2023-11-09 14:22:00,528.75,562.5,1091.25
2023-11-09 14:23:00,536.25,453.75,990.0
2023-11-09 14:24:00,536.25,120.0,656.25
2023-11-09 14:25:00,540.0,75.0,615.0
2023-11-09 14:26:00,397.5,157.5,555.0
2023-11-09 14:27:00,416.25,131.25,547.5
2023-11-09 14:28:00,348.75,240.0,588.75
2023-11-09 14:29:00,322.5,236.25,558.75
2023-11-09 14:30:00,221.25,307.5,528.75
2023-11-09 14:31:00,82.5,483.75,566.25
2023-11-09 14:32:00,258.75,367.5,626.25
2023-11-09 14:33:00,435.0,273.75,708.75
2023-11-09 14:34:00,791.25,-86.25,705.0
2023-11-09 14:35:00,678.75,243.75,922.5
2023-11-09 14:36:00,611.25,273.75,885.0
2023-11-09 14:37:00,540.0,326.25,866.25
2023-11-09 14:38:00,532.5,341.25,873.75
2023-11-09 14:39:00,641.25,281.25,922.5
2023-11-09 14:40:00,645.0,277.5,922.5
2023-11-09 14:41:00,701.25,210.0,911.25
2023-11-09 14:42:00,742.5,236.25,978.75
2023-11-09 14:43:00,888.75,127.5,1016.25
2023-11-09 14:44:00,881.25,172.5,1053.75
2023-11-09 14:45:00,757.5,273.75,1031.25
2023-11-09 14:46:00,810.0,228.75,1038.75
2023-11-09 14:47:00,641.25,412.5,1053.75
2023-11-09 14:48:00,427.5,502.5,930.0
2023-11-09 14:49:00,648.75,438.75,1087.5
2023-11-09 14:50:00,780.0,382.5,1162.5
2023-11-09 14:51:00,836.25,375.0,1211.25
2023-11-09 14:52:00,911.25,303.75,1215.0
2023-11-09 14:53:00,900.0,318.75,1218.75
2023-11-09 14:54:00,701.25,491.25,1192.5
2023-11-09 14:55:00,870.0,408.75,1278.75
2023-11-09 14:56:00,948.75,382.5,1331.25
2023-11-09 14:57:00,960.0,363.75,1323.75
2023-11-09 14:58:00,828.75,483.75,1312.5
2023-11-09 14:59:00,885.0,502.5,1387.5
2023-11-09 15:00:00,948.75,461.25,1410.0
2023-11-09 15:01:00,1275.0,255.0,1530.0
2023-11-09 15:02:00,1230.0,468.75,1698.75
2023-11-09 15:03:00,1365.0,330.0,1695.0
2023-11-09 15:04:00,1327.5,360.0,1687.5
2023-11-09 15:05:00,1335.0,393.75,1728.75
2023-11-09 15:06:00,1376.25,363.75,1740.0
2023-11-09 15:07:00,1365.0,461.25,1826.25
2023-11-09 15:08:00,1383.75,457.5,1841.25
2023-11-09 15:09:00,1466.25,397.5,1863.75
2023-11-09 15:10:00,1485.0,438.75,1923.75
2023-11-09 15:11:00,1507.5,315.0,1822.5
2023-11-09 15:12:00,1492.5,390.0,1882.5
2023-11-09 15:13:00,1503.75,382.5,1886.25
2023-11-09 15:14:00,1500.0,423.75,1923.75
2023-11-09 15:15:00,1500.0,427.5,1927.5
2023-11-09 15:16:00,1518.75,427.5,1946.25
2023-11-09 15:17:00,1500.0,465.0,1965.0
2023-11-09 15:18:00,1511.25,461.25,1972.5
2023-11-09 15:19:00,1511.25,506.25,2017.5
2023-11-09 15:20:00,1507.5,528.75,2036.25
2023-11-09 15:21:00,1507.5,528.75,2036.25
2023-11-09 15:22:00,1507.5,528.75,2036.25
2023-11-09 15:23:00,1507.5,528.75,2036.25
2023-11-09 15:24:00,1507.5,528.75,2036.25
2023-11-09 15:25:00,1507.5,528.75,2036.25
2023-11-09 15:26:00,1507.5,528.75,2036.25
2023-11-09 15:27:00,1507.5,528.75,2036.25
2023-11-09 15:28:00,1507.5,528.75,2036.25
2023-11-09 15:29:00,1507.5,528.75,2036.25
2023-11-09 15:30:00,1507.5,528.75,2036.25
2023-11-16 10:15:00,0.0,0.0,0.0
2023-11-16 10:16:00,-581.25,228.75,-352.5
2023-11-16 10:17:00,-157.5,108.75,-48.75
2023-11-16 10:18:00,-127.5,82.5,-45.0
2023-11-16 10:19:00,-135.0,78.75,-56.25
2023-11-16 10:20:00,-168.75,97.5,-71.25
2023-11-16 10:21:00,-56.25,30.0,-26.25
2023-11-16 10:22:00,-127.5,48.75,-78.75
2023-11-16 10:23:00,-131.25,60.0,-71.25
2023-11-16 10:24:00,-116.25,52.5,-63.75
2023-11-16 10:25:00,-172.5,82.5,-90.0
2023-11-16 10:26:00,-101.25,18.75,-82.5
2023-11-16 10:27:00,157.5,-221.25,-63.75
2023-11-16 10:28:00,3.75,-52.5,-48.75
2023-11-16 10:29:00,33.75,-33.75,0.0
2023-11-16 10:30:00,116.25,-67.5,48.75
2023-11-16 10:31:00,206.25,-101.25,105.0
2023-11-16 10:32:00,90.0,0.0,90.0
2023-11-16 10:33:00,101.25,11.25,112.5
2023-11-16 10:34:00,37.5,41.25,78.75
2023-11-16 10:35:00,82.5,22.5,105.0
2023-11-16 10:36:00,63.75,48.75,112.5
2023-11-16 10:37:00,78.75,15.0,93.75
2023-11-16 10:38:00,71.25,45.0,116.25
2023-11-16 10:39:00,-45.0,105.0,60.0
2023-11-16 10:40:00,-67.5,116.25,48.75
2023-11-16 10:41:00,-41.25,93.75,52.5
2023-11-16 10:42:00,-97.5,123.75,26.25
2023-11-16 10:43:00,-101.25,135.0,33.75
2023-11-16 10:44:00,-82.5,135.0,52.5
2023-11-16 10:45:00,-60.0,127.5,67.5
2023-11-16 10:46:00,-15.0,101.25,86.25
2023-11-16 10:47:00,-3.75,97.5,93.75
2023-11-16 10:48:00,71.25,67.5,138.75
2023-11-16 10:49:00,41.25,60.0,101.25
2023-11-16 10:50:00,63.75,48.75,112.5
2023-11-16 10:51:00,78.75,45.0,123.75
2023-11-16 10:52:00,48.75,52.5,101.25
2023-11-16 10:53:00,15.0,97.5,112.5
2023-11-16 10:54:00,-30.0,86.25,56.25
2023-11-16 10:55:00,-11.25,90.0,78.75
2023-11-16 10:56:00,-56.25,112.5,56.25
2023-11-16 10:57:00,-30.0,105.0,75.0
2023-11-16 10:58:00,56.25,56.25,112.5
2023-11-16 10:59:00,56.25,60.0,116.25
2023-11-16 11:00:00,112.5,33.75,146.25
2023-11-16 11:01:00,168.75,-3.75,165.0
2023-11-16 11:02:00,-15.0,247.5,232.5
2023-11-16 11:03:00,-1691.25,592.5,-1098.75
2023-11-16 11:04:00,-2257.5,637.5,-1620.0
2023-11-16 11:05:00,-2272.5,667.5,-1605.0
2023-11-16 11:06:00,-2707.5,753.75,-1953.75
2023-11-16 11:07:00,-3213.75,851.25,-2362.5
2023-11-16 11:08:00,-3067.5,840.0,-2227.5
2023-11-16 11:09:00,-3300.0,892.5,-2407.5
2023-11-16 11:10:00,-3495.0,990.0,-2505.0
2023-11-16 11:11:00,-3146.25,930.0,-2216.25
2023-11-16 11:12:00,-3037.5,911.25,-2126.25
2023-11-16 11:13:00,-3108.75,930.0,-2178.75
2023-11-16 11:14:00,-4241.25,1106.25,-3135.0
2023-11-16 11:15:00,-4605.0,1143.75,-3461.25
2023-11-16 11:16:00,-4383.75,1001.25,-3382.5
2023-11-16 11:17:00,-3937.5,873.75,-3063.75
2023-11-16 11:18:00,-3933.75,825.0,-3108.75
2023-11-16 11:19:00,-4091.25,948.75,-3142.5
2023-11-16 11:20:00,-4293.75,1027.5,-3266.25
2023-11-16 11:21:00,-3926.25,840.0,-3086.25
2023-11-16 11:22:00,-4151.25,937.5,-3213.75
2023-11-16 11:23:00,-4166.25,967.5,-3198.75
2023-11-16 11:24:00,-4200.0,1008.75,-3191.25
2023-11-16 11:25:00,-4008.75,967.5,-3041.25
2023-11-16 11:26:00,-3675.0,810.0,-2865.0
2023-11-16 11:27:00,-3828.75,866.25,-2962.5
2023-11-16 11:28:00,-3693.75,870.0,-2823.75
2023-11-16 11:29:00,-3765.0,975.0,-2790.0
2023-11-16 11:30:00,-3656.25,937.5,-2718.75
2023-11-16 11:31:00,-4548.75,1635.0,-2913.75
2023-11-16 11:32:00,-4170.0,1473.75,-2696.25
2023-11-16 11:33:00,-3701.25,1170.0,-2531.25
2023-11-16 11:34:00,-3772.5,1233.75,-2538.75
2023-11-16 11:35:00,-3656.25,1158.75,-2497.5
2023-11-16 11:36:00,-3701.25,1173.75,-2527.5
2023-11-16 11:37:00,-3517.5,1053.75,-2463.75
2023-11-16 11:38:00,-3476.25,997.5,-2478.75
2023-11-16 11:39:00,-3495.0,1046.25,-2448.75
2023-11-16 11:40:00,-3963.75,1395.0,-2568.75
2023-11-16 11:41:00,-3731.25,1357.5,-2373.75
2023-11-16 11:42:00,-3551.25,1196.25,-2355.0
2023-11-16 11:43:00,-3547.5,1203.75,-2343.75
2023-11-16 11:44:00,-3480.0,1147.5,-2332.5
2023-11-16 11:45:00,-3498.75,1185.0,-2313.75
2023-11-16 11:46:00,-3266.25,1050.0,-2216.25
2023-11-16 11:47:00,-3393.75,1136.25,-2257.5
2023-11-16 11:48:00,-3251.25,1113.75,-2137.5
2023-11-16 11:49:00,-3296.25,1147.5,-2148.75
2023-11-16 11:50:00,-3528.75,1297.5,-2231.25
2023-11-16 11:51:00,-3483.75,1282.5,-2201.25
2023-11-16 11:52:00,-3607.5,1350.0,-2257.5
2023-11-16 11:53:00,-3435.0,1308.75,-2126.25
2023-11-16 11:54:00,-3806.25,1451.25,-2355.0
2023-11-16 11:55:00,-4151.25,1623.75,-2527.5
2023-11-16 11:56:00,-3866.25,1473.75,-2392.5
2023-11-16 11:57:00,-4248.75,1725.0,-2523.75
2023-11-16 11:58:00,-4068.75,1646.25,-2422.5
2023-11-16 11:59:00,-4387.5,1773.75,-2613.75
2023-11-16 12:00:00,-4091.25,1680.0,-2411.25
2023-11-16 12:01:00,-4271.25,1721.25,-2550.0
2023-11-16 12:02:00,-4308.75,1796.25,-2512.5
2023-11-16 12:03:00,-4177.5,1758.75,-2418.75
2023-11-16 12:04:00,-3881.25,1665.0,-2216.25
2023-11-16 12:05:00,-3870.0,1657.5,-2212.5
2023-11-16 12:06:00,-3903.75,1725.0,-2178.75
2023-11-16 12:07:00,-3840.0,1683.75,-2156.25
2023-11-16 12:08:00,-3881.25,1713.75,-2167.5
2023-11-16 12:09:00,-3888.75,1736.25,-2152.5
2023-11-16 12:10:00,-3873.75,1743.75,-2130.0
2023-11-16 12:11:00,-4192.5,1983.75,-2208.75
2023-11-16 12:12:00,-4192.5,2088.75,-2103.75
2023-11-16 12:13:00,-4117.5,2092.5,-2025.0
2023-11-16 12:14:00,-4016.25,2066.25,-1950.0
2023-11-16 12:15:00,-4057.5,2096.25,-1961.25
2023-11-16 12:16:00,-4020.0,2085.0,-1935.0
2023-11-16 12:17:00,-3941.25,2077.5,-1863.75
2023-11-16 12:18:00,-4083.75,2216.25,-1867.5
2023-11-16 12:19:00,-4143.75,2246.25,-1897.5
2023-11-16 12:20:00,-4035.0,2208.75,-1826.25
2023-11-16 12:21:00,-4151.25,2257.5,-1893.75
2023-11-16 12:22:00,-4271.25,2340.0,-1931.25
2023-11-16 12:23:00,-4406.25,2358.75,-2047.5
2023-11-16 12:24:00,-4323.75,2358.75,-1965.0
2023-11-16 12:25:00,-4267.5,2325.0,-1942.5
2023-11-16 12:26:00,-4211.25,2328.75,-1882.5
2023-11-16 12:27:00,-3798.75,2156.25,-1642.5
2023-11-16 12:28:00,-3596.25,2021.25,-1575.0
2023-11-16 12:29:00,-3757.5,2160.0,-1597.5
2023-11-16 12:30:00,-3862.5,2246.25,-1616.25
2023-11-16 12:31:00,-3712.5,2163.75,-1548.75
2023-11-16 12:32:00,-3765.0,2231.25,-1533.75
2023-11-16 12:33:00,-3438.75,2122.5,-1316.25
2023-11-16 12:34:00,-3180.0,1908.75,-1271.25
2023-11-16 12:35:00,-3120.0,1912.5,-1207.5
2023-11-16 12:36:00,-3273.75,2100.0,-1173.75
2023-11-16 12:37:00,-3243.75,2077.5,-1166.25
2023-11-16 12:38:00,-3210.0,2073.75,-1136.25
2023-11-16 12:39:00,-3266.25,2126.25,-1140.0
2023-11-16 12:40:00,-3423.75,2227.5,-1196.25
2023-11-16 12:41:00,-3603.75,2355.0,-1248.75
2023-11-16 12:42:00,-3885.0,2512.5,-1372.5
2023-11-16 12:43:00,-3828.75,2520.0,-1308.75
2023-11-16 12:44:00,-4031.25,2595.0,-1436.25
2023-11-16 12:45:00,-4297.5,2658.75,-1638.75
2023-11-16 12:46:00,-4173.75,2632.5,-1541.25
2023-11-16 12:47:00,-4151.25,2621.25,-1530.0
2023-11-16 12:48:00,-4046.25,2595.0,-1451.25
2023-11-16 12:49:00,-3948.75,2576.25,-1372.5
2023-11-16 12:50:00,-3997.5,2591.25,-1406.25
2023-11-16 12:51:00,-4001.25,2580.0,-1421.25
2023-11-16 12:52:00,-3701.25,2505.0,-1196.25
2023-11-16 12:53:00,-3528.75,2415.0,-1113.75
2023-11-16 12:54:00,-3832.5,2493.75,-1338.75
2023-11-16 12:55:00,-3918.75,2531.25,-1387.5
2023-11-16 12:56:00,-3806.25,2516.25,-1290.0
2023-11-16 12:57:00,-3851.25,2535.0,-1316.25
2023-11-16 12:58:00,-3690.0,2456.25,-1233.75
2023-11-16 12:59:00,-3757.5,2520.0,-1237.5
2023-11-16 13:00:00,-3971.25,2598.75,-1372.5
2023-11-16 13:01:00,-3738.75,2542.5,-1196.25
2023-11-16 13:02:00,-3757.5,2546.25,-1211.25
2023-11-16 13:03:00,-3630.0,2490.0,-1140.0
2023-11-16 13:04:00,-3671.25,2482.5,-1188.75
2023-11-16 13:05:00,-3386.25,2358.75,-1027.5
2023-11-16 13:06:00,-3506.25,2441.25,-1065.0
2023-11-16 13:07:00,-3551.25,2493.75,-1057.5
2023-11-16 13:08:00,-3296.25,2366.25,-930.0
2023-11-16 13:09:00,-3352.5,2411.25,-941.25
2023-11-16 13:10:00,-3487.5,2490.0,-997.5
2023-11-16 13:11:00,-3303.75,2385.0,-918.75
2023-11-16 13:12:00,-3296.25,2407.5,-888.75
2023-11-16 13:13:00,-3255.0,2388.75,-866.25
2023-11-16 13:14:00,-3273.75,2422.5,-851.25
2023-11-16 13:15:00,-3146.25,2396.25,-750.0
2023-11-16 13:16:00,-3292.5,2482.5,-810.0
2023-11-16 13:17:00,-3120.0,2385.0,-735.0
2023-11-16 13:18:00,-3041.25,2336.25,-705.0
2023-11-16 13:19:00,-2865.0,2257.5,-607.5
2023-11-16 13:20:00,-2850.0,2216.25,-633.75
2023-11-16 13:21:00,-3071.25,2370.0,-701.25
2023-11-16 13:22:00,-3071.25,2385.0,-686.25
2023-11-16 13:23:00,-3285.0,2508.75,-776.25
2023-11-16 13:24:00,-3273.75,2535.0,-738.75
2023-11-16 13:25:00,-2977.5,2400.0,-577.5
2023-11-16 13:26:00,-2973.75,2381.25,-592.5
2023-11-16 13:27:00,-3022.5,2441.25,-581.25
2023-11-16 13:28:00,-2842.5,2317.5,-525.0
2023-11-16 13:29:00,-3015.0,2437.5,-577.5
2023-11-16 13:30:00,-2977.5,2452.5,-525.0
2023-11-16 13:31:00,-3123.75,2520.0,-603.75
2023-11-16 13:32:00,-3157.5,2561.25,-596.25
2023-11-16 13:33:00,-3018.75,2535.0,-483.75
2023-11-16 13:34:00,-2786.25,2392.5,-393.75
2023-11-16 13:35:00,-2906.25,2456.25,-450.0
2023-11-16 13:36:00,-2996.25,2516.25,-480.0
2023-11-16 13:37:00,-2921.25,2471.25,-450.0
2023-11-16 13:38:00,-2928.75,2493.75,-435.0
2023-11-16 13:39:00,-2857.5,2478.75,-378.75
2023-11-16 13:40:00,-2823.75,2433.75,-390.0
2023-11-16 13:41:00,-2827.5,2437.5,-390.0
2023-11-16 13:42:00,-2711.25,2347.5,-363.75
2023-11-16 13:43:00,-2756.25,2370.0,-386.25
2023-11-16 13:44:00,-2898.75,2493.75,-405.0
2023-11-16 13:45:00,-3667.5,2823.75,-843.75
2023-11-16 13:46:00,-3311.25,2707.5,-603.75
2023-11-16 13:47:00,-3112.5,2647.5,-465.0
2023-11-16 13:48:00,-3011.25,2602.5,-408.75
2023-11-16 13:49:00,-2977.5,2553.75,-423.75
2023-11-16 13:50:00,-2947.5,2557.5,-390.0
2023-11-16 13:51:00,-3067.5,2628.75,-438.75
2023-11-16 13:52:00,-3026.25,2602.5,-423.75
2023-11-16 13:53:00,-3045.0,2651.25,-393.75
2023-11-16 13:54:00,-3075.0,2670.0,-405.0
2023-11-16 13:55:00,-3108.75,2688.75,-420.0
2023-11-16 13:56:00,-3363.75,2763.75,-600.0
2023-11-16 13:57:00,-3626.25,2842.5,-783.75
2023-11-16 13:58:00,-4087.5,2940.0,-1147.5
2023-11-16 13:59:00,-3690.0,2868.75,-821.25
2023-11-16 14:00:00,-3930.0,2940.0,-990.0
2023-11-16 14:01:00,-3930.0,2981.25,-948.75
2023-11-16 14:02:00,-3933.75,3030.0,-903.75
2023-11-16 14:03:00,-4095.0,3052.5,-1042.5
2023-11-16 14:04:00,-3990.0,3041.25,-948.75
2023-11-16 14:05:00,-3963.75,3052.5,-911.25
2023-11-16 14:06:00,-3903.75,3045.0,-858.75
2023-11-16 14:07:00,-4098.75,3120.0,-978.75
2023-11-16 14:08:00,-3941.25,3127.5,-813.75
2023-11-16 14:09:00,-3963.75,3138.75,-825.0
2023-11-16 14:10:00,-4012.5,3150.0,-862.5
2023-11-16 14:11:00,-4117.5,3168.75,-948.75
2023-11-16 14:12:00,-4031.25,3157.5,-873.75
2023-11-16 14:13:00,-4057.5,3138.75,-918.75
2023-11-16 14:14:00,-4053.75,3135.0,-918.75
2023-11-16 14:15:00,-4226.25,3157.5,-1068.75
2023-11-16 14:16:00,-4132.5,3157.5,-975.0
2023-11-16 14:17:00,-4143.75,3135.0,-1008.75
2023-11-16 14:18:00,-4117.5,3142.5,-975.0
2023-11-16 14:19:00,-5201.25,3232.5,-1968.75
2023-11-16 14:20:00,-5527.5,3296.25,-2231.25
2023-11-16 14:21:00,-5508.75,3311.25,-2197.5
2023-11-16 14:22:00,-5523.75,3311.25,-2212.5
2023-11-16 14:23:00,-5523.75,3300.0,-2223.75
2023-11-16 14:24:00,-5516.25,3300.0,-2216.25
2023-11-16 14:25:00,-5516.25,3296.25,-2220.0
2023-11-16 14:26:00,-5512.5,3315.0,-2197.5
2023-11-16 14:27:00,-5523.75,3352.5,-2171.25
2023-11-16 14:28:00,-5546.25,3341.25,-2205.0
2023-11-16 14:29:00,-5557.5,3345.0,-2212.5
2023-11-16 14:30:00,-5565.0,3356.25,-2208.75
2023-11-16 14:31:00,-5565.0,3345.0,-2220.0
2023-11-16 14:32:00,-5565.0,3345.0,-2220.0
2023-11-16 14:33:00,-5546.25,3352.5,-2193.75
2023-11-16 14:34:00,-5561.25,3333.75,-2227.5
2023-11-16 14:35:00,-5565.0,3345.0,-2220.0
2023-11-16 14:36:00,-5561.25,3337.5,-2223.75
2023-11-16 14:37:00,-5576.25,3371.25,-2205.0
2023-11-16 14:38:00,-5572.5,3397.5,-2175.0
2023-11-16 14:39:00,-5572.5,3408.75,-2163.75
2023-11-16 14:40:00,-5561.25,3420.0,-2141.25
2023-11-16 14:41:00,-5580.0,3427.5,-2152.5
2023-11-16 14:42:00,-5576.25,3431.25,-2145.0
2023-11-16 14:43:00,-5580.0,3423.75,-2156.25
2023-11-16 14:44:00,-5602.5,3420.0,-2182.5
2023-11-16 14:45:00,-5703.75,3427.5,-2276.25
2023-11-16 14:46:00,-5816.25,3438.75,-2377.5
2023-11-16 14:47:00,-5827.5,3427.5,-2400.0
2023-11-16 14:48:00,-5850.0,3423.75,-2426.25
2023-11-16 14:49:00,-5835.0,3435.0,-2400.0
2023-11-16 14:50:00,-5621.25,3442.5,-2178.75
2023-11-16 14:51:00,-5628.75,3446.25,-2182.5
2023-11-16 14:52:00,-5557.5,3435.0,-2122.5
2023-11-16 14:53:00,-5531.25,3408.75,-2122.5
2023-11-16 14:54:00,-5535.0,3416.25,-2118.75
2023-11-16 14:55:00,-5527.5,3393.75,-2133.75
2023-11-16 14:56:00,-5520.0,3412.5,-2107.5
2023-11-16 14:57:00,-5520.0,3431.25,-2088.75
2023-11-16 14:58:00,-5512.5,3423.75,-2088.75
2023-11-16 14:59:00,-5490.0,3431.25,-2058.75
2023-11-16 15:00:00,-5493.75,3431.25,-2062.5
2023-11-16 15:01:00,-5490.0,3408.75,-2081.25
2023-11-16 15:02:00,-5475.0,3408.75,-2066.25
2023-11-16 15:03:00,-5475.0,3206.25,-2268.75
2023-11-16 15:04:00,-5471.25,3281.25,-2190.0
2023-11-16 15:05:00,-5475.0,3236.25,-2238.75
2023-11-16 15:06:00,-5475.0,2898.75,-2576.25
2023-11-16 15:07:00,-5467.5,3003.75,-2463.75
2023-11-16 15:08:00,-5471.25,2677.5,-2793.75
2023-11-16 15:09:00,-5471.25,1920.0,-3551.25
2023-11-16 15:10:00,-5471.25,1530.0,-3941.25
2023-11-16 15:11:00,-5467.5,-472.5,-5940.0
2023-11-16 15:12:00,-5467.5,-2703.75,-8171.25
2023-11-16 15:13:00,-5467.5,-206.25,-5673.75
2023-11-16 15:14:00,-5471.25,-1166.25,-6637.5
2023-11-16 15:15:00,-5471.25,-1563.75,-7035.0
2023-11-16 15:16:00,-5463.75,-1102.5,-6566.25
2023-11-16 15:17:00,-5467.5,-1451.25,-6918.75
2023-11-16 15:18:00,-5463.75,-442.5,-5906.25
2023-11-16 15:19:00,-5467.5,307.5,-5160.0
2023-11-16 15:20:00,-5467.5,341.25,-5126.25
2023-11-16 15:21:00,-5467.5,341.25,-5126.25
2023-11-16 15:22:00,-5467.5,341.25,-5126.25
2023-11-16 15:23:00,-5467.5,341.25,-5126.25
2023-11-16 15:24:00,-5467.5,341.25,-5126.25
2023-11-16 15:25:00,-5467.5,341.25,-5126.25
2023-11-16 15:26:00,-5467.5,341.25,-5126.25
2023-11-16 15:27:00,-5467.5,341.25,-5126.25
2023-11-16 15:28:00,-5467.5,341.25,-5126.25
2023-11-16 15:29:00,-5467.5,341.25,-5126.25
2023-11-16 15:30:00,-5467.5,341.25,-5126.25
2023-11-16 15:31:00,-5467.5,0.0,-5467.5
2023-11-23 10:15:00,0.0,0.0,0.0
2023-11-23 10:16:00,-3.75,33.75,30.0
2023-11-23 10:17:00,-18.75,30.0,11.25
2023-11-23 10:18:00,3.75,-228.75,-225.0
2023-11-23 10:19:00,60.0,-543.75,-483.75
2023-11-23 10:20:00,153.75,-731.25,-577.5
2023-11-23 10:21:00,112.5,-498.75,-386.25
2023-11-23 10:22:00,108.75,-543.75,-435.0
2023-11-23 10:23:00,112.5,-551.25,-438.75
2023-11-23 10:24:00,150.0,-727.5,-577.5
2023-11-23 10:25:00,135.0,-536.25,-401.25
2023-11-23 10:26:00,120.0,-600.0,-480.0
2023-11-23 10:27:00,97.5,-510.0,-412.5
2023-11-23 10:28:00,86.25,-318.75,-232.5
2023-11-23 10:29:00,101.25,-300.0,-198.75
2023-11-23 10:30:00,78.75,-146.25,-67.5
2023-11-23 10:31:00,138.75,-247.5,-108.75
2023-11-23 10:32:00,146.25,-311.25,-165.0
2023-11-23 10:33:00,165.0,-356.25,-191.25
2023-11-23 10:34:00,225.0,-847.5,-622.5
2023-11-23 10:35:00,232.5,-1188.75,-956.25
2023-11-23 10:36:00,232.5,-1035.0,-802.5
2023-11-23 10:37:00,251.25,-1248.75,-997.5
2023-11-23 10:38:00,247.5,-1162.5,-915.0
2023-11-23 10:39:00,247.5,-1166.25,-918.75
2023-11-23 10:40:00,270.0,-1436.25,-1166.25
2023-11-23 10:41:00,247.5,-1113.75,-866.25
2023-11-23 10:42:00,236.25,-1012.5,-776.25
2023-11-23 10:43:00,266.25,-1218.75,-952.5
2023-11-23 10:44:00,270.0,-1541.25,-1271.25
2023-11-23 10:45:00,270.0,-1248.75,-978.75
2023-11-23 10:46:00,255.0,-978.75,-723.75
2023-11-23 10:47:00,225.0,-656.25,-431.25
2023-11-23 10:48:00,270.0,-1143.75,-873.75
2023-11-23 10:49:00,277.5,-1053.75,-776.25
2023-11-23 10:50:00,281.25,-1121.25,-840.0
2023-11-23 10:51:00,273.75,-967.5,-693.75
2023-11-23 10:52:00,255.0,-873.75,-618.75
2023-11-23 10:53:00,277.5,-1080.0,-802.5
2023-11-23 10:54:00,266.25,-926.25,-660.0
2023-11-23 10:55:00,258.75,-907.5,-648.75
2023-11-23 10:56:00,243.75,-780.0,-536.25
2023-11-23 10:57:00,255.0,-960.0,-705.0
2023-11-23 10:58:00,273.75,-1113.75,-840.0
2023-11-23 10:59:00,281.25,-993.75,-712.5
2023-11-23 11:00:00,285.0,-1012.5,-727.5
2023-11-23 11:01:00,277.5,-851.25,-573.75
2023-11-23 11:02:00,266.25,-686.25,-420.0
2023-11-23 11:03:00,228.75,-491.25,-262.5
2023-11-23 11:04:00,243.75,-540.0,-296.25
2023-11-23 11:05:00,251.25,-566.25,-315.0
2023-11-23 11:06:00,243.75,-540.0,-296.25
2023-11-23 11:07:00,221.25,-311.25,-90.0
2023-11-23 11:08:00,202.5,-247.5,-45.0
2023-11-23 11:09:00,228.75,-311.25,-82.5
2023-11-23 11:10:00,266.25,-558.75,-292.5
2023-11-23 11:11:00,292.5,-712.5,-420.0
2023-11-23 11:12:00,326.25,-892.5,-566.25
2023-11-23 11:13:00,326.25,-918.75,-592.5
2023-11-23 11:14:00,307.5,-663.75,-356.25
2023-11-23 11:15:00,315.0,-772.5,-457.5
2023-11-23 11:16:00,311.25,-768.75,-457.5
2023-11-23 11:17:00,318.75,-746.25,-427.5
2023-11-23 11:18:00,318.75,-712.5,-393.75
2023-11-23 11:19:00,311.25,-626.25,-315.0
2023-11-23 11:20:00,292.5,-517.5,-225.0
2023-11-23 11:21:00,303.75,-641.25,-337.5
2023-11-23 11:22:00,333.75,-795.0,-461.25
2023-11-23 11:23:00,330.0,-731.25,-401.25
2023-11-23 11:24:00,315.0,-555.0,-240.0
2023-11-23 11:25:00,311.25,-502.5,-191.25
2023-11-23 11:26:00,318.75,-558.75,-240.0
2023-11-23 11:27:00,326.25,-536.25,-210.0
2023-11-23 11:28:00,303.75,-423.75,-120.0
2023-11-23 11:29:00,303.75,-435.0,-131.25
2023-11-23 11:30:00,307.5,-431.25,-123.75
2023-11-23 11:31:00,311.25,-412.5,-101.25
2023-11-23 11:32:00,296.25,-288.75,7.5
2023-11-23 11:33:00,307.5,-397.5,-90.0
2023-11-23 11:34:00,322.5,-521.25,-198.75
2023-11-23 11:35:00,318.75,-408.75,-90.0
2023-11-23 11:36:00,318.75,-450.0,-131.25
2023-11-23 11:37:00,318.75,-420.0,-101.25
2023-11-23 11:38:00,330.0,-502.5,-172.5
2023-11-23 11:39:00,326.25,-487.5,-161.25
2023-11-23 11:40:00,352.5,-536.25,-183.75
2023-11-23 11:41:00,363.75,-637.5,-273.75
2023-11-23 11:42:00,348.75,-435.0,-86.25
2023-11-23 11:43:00,356.25,-543.75,-187.5
2023-11-23 11:44:00,382.5,-742.5,-360.0
2023-11-23 11:45:00,378.75,-903.75,-525.0
2023-11-23 11:46:00,386.25,-825.0,-438.75
2023-11-23 11:47:00,378.75,-716.25,-337.5
2023-11-23 11:48:00,378.75,-671.25,-292.5
2023-11-23 11:49:00,386.25,-783.75,-397.5
2023-11-23 11:50:00,386.25,-787.5,-401.25
2023-11-23 11:51:00,405.0,-1035.0,-630.0
2023-11-23 11:52:00,405.0,-956.25,-551.25
2023-11-23 11:53:00,393.75,-821.25,-427.5
2023-11-23 11:54:00,386.25,-783.75,-397.5
2023-11-23 11:55:00,390.0,-735.0,-345.0
2023-11-23 11:56:00,386.25,-866.25,-480.0
2023-11-23 11:57:00,386.25,-832.5,-446.25
2023-11-23 11:58:00,386.25,-858.75,-472.5
2023-11-23 11:59:00,393.75,-960.0,-566.25
2023-11-23 12:00:00,382.5,-780.0,-397.5
2023-11-23 12:01:00,393.75,-915.0,-521.25
2023-11-23 12:02:00,393.75,-866.25,-472.5
2023-11-23 12:03:00,393.75,-813.75,-420.0
2023-11-23 12:04:00,390.0,-930.0,-540.0
2023-11-23 12:05:00,390.0,-873.75,-483.75
2023-11-23 12:06:00,465.0,-948.75,-483.75
2023-11-23 12:07:00,465.0,-963.75,-498.75
2023-11-23 12:08:00,386.25,-832.5,-446.25
2023-11-23 12:09:00,236.25,-690.0,-453.75
2023-11-23 12:10:00,105.0,-528.75,-423.75
2023-11-23 12:11:00,93.75,-457.5,-363.75
2023-11-23 12:12:00,232.5,-562.5,-330.0
2023-11-23 12:13:00,232.5,-555.0,-322.5
2023-11-23 12:14:00,277.5,-558.75,-281.25
2023-11-23 12:15:00,378.75,-637.5,-258.75
2023-11-23 12:16:00,326.25,-566.25,-240.0
2023-11-23 12:17:00,273.75,-435.0,-161.25
2023-11-23 12:18:00,247.5,-420.0,-172.5
2023-11-23 12:19:00,292.5,-450.0,-157.5
2023-11-23 12:20:00,345.0,-442.5,-97.5
2023-11-23 12:21:00,161.25,-232.5,-71.25
2023-11-23 12:22:00,-71.25,-37.5,-108.75
2023-11-23 12:23:00,15.0,-105.0,-90.0
2023-11-23 12:24:00,-37.5,-108.75,-146.25
2023-11-23 12:25:00,-142.5,0.0,-142.5
2023-11-23 12:26:00,-172.5,45.0,-127.5
2023-11-23 12:27:00,-326.25,183.75,-142.5
2023-11-23 12:28:00,-453.75,210.0,-243.75
2023-11-23 12:29:00,-922.5,341.25,-581.25
2023-11-23 12:30:00,-1158.75,442.5,-716.25
2023-11-23 12:31:00,-780.0,318.75,-461.25
2023-11-23 12:32:00,-705.0,300.0,-405.0
2023-11-23 12:33:00,-633.75,288.75,-345.0
2023-11-23 12:34:00,-150.0,82.5,-67.5
2023-11-23 12:35:00,420.0,-187.5,232.5
2023-11-23 12:36:00,251.25,-22.5,228.75
2023-11-23 12:37:00,153.75,78.75,232.5
2023-11-23 12:38:00,116.25,86.25,202.5
2023-11-23 12:39:00,165.0,63.75,228.75
2023-11-23 12:40:00,116.25,93.75,210.0
2023-11-23 12:41:00,195.0,60.0,255.0
2023-11-23 12:42:00,206.25,15.0,221.25
2023-11-23 12:43:00,-108.75,247.5,138.75
2023-11-23 12:44:00,101.25,127.5,228.75
2023-11-23 12:45:00,176.25,101.25,277.5
2023-11-23 12:46:00,165.0,105.0,270.0
2023-11-23 12:47:00,165.0,101.25,266.25
2023-11-23 12:48:00,318.75,3.75,322.5
2023-11-23 12:49:00,127.5,112.5,240.0
2023-11-23 12:50:00,123.75,146.25,270.0
2023-11-23 12:51:00,135.0,176.25,311.25
2023-11-23 12:52:00,176.25,127.5,303.75
2023-11-23 12:53:00,180.0,142.5,322.5
2023-11-23 12:54:00,67.5,191.25,258.75
2023-11-23 12:55:00,108.75,210.0,318.75
2023-11-23 12:56:00,75.0,240.0,315.0
2023-11-23 12:57:00,157.5,210.0,367.5
2023-11-23 12:58:00,210.0,202.5,412.5
2023-11-23 12:59:00,18.75,307.5,326.25
2023-11-23 13:00:00,75.0,288.75,363.75
2023-11-23 13:01:00,116.25,281.25,397.5
2023-11-23 13:02:00,187.5,213.75,401.25
2023-11-23 13:03:00,266.25,191.25,457.5
2023-11-23 13:04:00,453.75,105.0,558.75
2023-11-23 13:05:00,360.0,176.25,536.25
2023-11-23 13:06:00,345.0,183.75,528.75
2023-11-23 13:07:00,176.25,288.75,465.0
2023-11-23 13:08:00,251.25,247.5,498.75
2023-11-23 13:09:00,502.5,86.25,588.75
2023-11-23 13:10:00,521.25,71.25,592.5
2023-11-23 13:11:00,660.0,-7.5,652.5
2023-11-23 13:12:00,753.75,-56.25,697.5
2023-11-23 13:13:00,675.0,11.25,686.25
2023-11-23 13:14:00,727.5,-71.25,656.25
2023-11-23 13:15:00,720.0,-37.5,682.5
2023-11-23 13:16:00,667.5,-18.75,648.75
2023-11-23 13:17:00,570.0,146.25,716.25
2023-11-23 13:18:00,588.75,131.25,720.0
2023-11-23 13:19:00,491.25,247.5,738.75
2023-11-23 13:20:00,525.0,213.75,738.75
2023-11-23 13:21:00,510.0,213.75,723.75
2023-11-23 13:22:00,532.5,187.5,720.0
2023-11-23 13:23:00,566.25,172.5,738.75
2023-11-23 13:24:00,607.5,153.75,761.25
2023-11-23 13:25:00,607.5,150.0,757.5
2023-11-23 13:26:00,633.75,120.0,753.75
2023-11-23 13:27:00,705.0,86.25,791.25
2023-11-23 13:28:00,517.5,202.5,720.0
2023-11-23 13:29:00,532.5,225.0,757.5
2023-11-23 13:30:00,528.75,225.0,753.75
2023-11-23 13:31:00,626.25,157.5,783.75
2023-11-23 13:32:00,236.25,330.0,566.25
2023-11-23 13:33:00,753.75,45.0,798.75
2023-11-23 13:34:00,607.5,150.0,757.5
2023-11-23 13:35:00,697.5,138.75,836.25
2023-11-23 13:36:00,701.25,97.5,798.75
2023-11-23 13:37:00,723.75,75.0,798.75
2023-11-23 13:38:00,671.25,135.0,806.25
2023-11-23 13:39:00,731.25,56.25,787.5
2023-11-23 13:40:00,731.25,67.5,798.75
2023-11-23 13:41:00,708.75,105.0,813.75
2023-11-23 13:42:00,588.75,217.5,806.25
2023-11-23 13:43:00,577.5,236.25,813.75
2023-11-23 13:44:00,390.0,315.0,705.0
2023-11-23 13:45:00,435.0,311.25,746.25
2023-11-23 13:46:00,3.75,510.0,513.75
2023-11-23 13:47:00,-105.0,570.0,465.0
2023-11-23 13:48:00,101.25,521.25,622.5
2023-11-23 13:49:00,165.0,521.25,686.25
2023-11-23 13:50:00,138.75,528.75,667.5
2023-11-23 13:51:00,97.5,532.5,630.0
2023-11-23 13:52:00,90.0,532.5,622.5
2023-11-23 13:53:00,150.0,517.5,667.5
2023-11-23 13:54:00,435.0,446.25,881.25
2023-11-23 13:55:00,-168.75,667.5,498.75
2023-11-23 13:56:00,97.5,588.75,686.25
2023-11-23 13:57:00,7.5,626.25,633.75
2023-11-23 13:58:00,33.75,648.75,682.5
2023-11-23 13:59:00,93.75,626.25,720.0
2023-11-23 14:00:00,-311.25,727.5,416.25
2023-11-23 14:01:00,11.25,735.0,746.25
2023-11-23 14:02:00,-22.5,735.0,712.5
2023-11-23 14:03:00,112.5,693.75,806.25
2023-11-23 14:04:00,161.25,660.0,821.25
2023-11-23 14:05:00,285.0,660.0,945.0
2023-11-23 14:06:00,401.25,607.5,1008.75
2023-11-23 14:07:00,277.5,652.5,930.0
2023-11-23 14:08:00,401.25,600.0,1001.25
2023-11-23 14:09:00,382.5,626.25,1008.75
2023-11-23 14:10:00,292.5,663.75,956.25
2023-11-23 14:11:00,453.75,626.25,1080.0
2023-11-23 14:12:00,446.25,630.0,1076.25
2023-11-23 14:13:00,408.75,648.75,1057.5
2023-11-23 14:14:00,708.75,476.25,1185.0
2023-11-23 14:15:00,877.5,390.0,1267.5
2023-11-23 14:16:00,821.25,465.0,1286.25
2023-11-23 14:17:00,742.5,528.75,1271.25
2023-11-23 14:18:00,753.75,547.5,1301.25
2023-11-23 14:19:00,705.0,588.75,1293.75
2023-11-23 14:20:00,731.25,555.0,1286.25
2023-11-23 14:21:00,847.5,506.25,1353.75
2023-11-23 14:22:00,791.25,558.75,1350.0
2023-11-23 14:23:00,761.25,547.5,1308.75
2023-11-23 14:24:00,697.5,603.75,1301.25
2023-11-23 14:25:00,611.25,603.75,1215.0
2023-11-23 14:26:00,716.25,566.25,1282.5
2023-11-23 14:27:00,693.75,588.75,1282.5
2023-11-23 14:28:00,798.75,566.25,1365.0
2023-11-23 14:29:00,753.75,585.0,1338.75
2023-11-23 14:30:00,716.25,648.75,1365.0
2023-11-23 14:31:00,682.5,671.25,1353.75
2023-11-23 14:32:00,652.5,663.75,1316.25
2023-11-23 14:33:00,1155.0,333.75,1488.75
2023-11-23 14:34:00,1012.5,540.0,1552.5
2023-11-23 14:35:00,1053.75,495.0,1548.75
2023-11-23 14:36:00,1061.25,521.25,1582.5
2023-11-23 14:37:00,1113.75,468.75,1582.5
2023-11-23 14:38:00,1207.5,423.75,1631.25
2023-11-23 14:39:00,1173.75,420.0,1593.75
2023-11-23 14:40:00,1196.25,427.5,1623.75
2023-11-23 14:41:00,1057.5,600.0,1657.5
2023-11-23 14:42:00,1211.25,491.25,1702.5
2023-11-23 14:43:00,1192.5,528.75,1721.25
2023-11-23 14:44:00,1128.75,588.75,1717.5
2023-11-23 14:45:00,1128.75,618.75,1747.5
2023-11-23 14:46:00,1023.75,678.75,1702.5
2023-11-23 14:47:00,1166.25,615.0,1781.25
2023-11-23 14:48:00,1286.25,540.0,1826.25
2023-11-23 14:49:00,1278.75,528.75,1807.5
2023-11-23 14:50:00,1312.5,487.5,1800.0
2023-11-23 14:51:00,1361.25,446.25,1807.5
2023-11-23 14:52:00,1346.25,528.75,1875.0
2023-11-23 14:53:00,1207.5,697.5,1905.0
2023-11-23 14:54:00,1260.0,678.75,1938.75
2023-11-23 14:55:00,1278.75,682.5,1961.25
2023-11-23 14:56:00,1065.0,843.75,1908.75
2023-11-23 14:57:00,1166.25,802.5,1968.75
2023-11-23 14:58:00,1162.5,813.75,1976.25
2023-11-23 14:59:00,1181.25,810.0,1991.25
2023-11-23 15:00:00,1005.0,888.75,1893.75
2023-11-23 15:01:00,1477.5,735.0,2212.5
2023-11-23 15:02:00,1563.75,802.5,2366.25
2023-11-23 15:03:00,1631.25,735.0,2366.25
2023-11-23 15:04:00,1608.75,798.75,2407.5
2023-11-23 15:05:00,1676.25,806.25,2482.5
2023-11-23 15:06:00,1650.0,843.75,2493.75
2023-11-23 15:07:00,1541.25,930.0,2471.25
2023-11-23 15:08:00,1792.5,825.0,2617.5
2023-11-23 15:09:00,1728.75,888.75,2617.5
2023-11-23 15:10:00,1758.75,892.5,2651.25
2023-11-23 15:11:00,1762.5,911.25,2673.75
2023-11-23 15:12:00,1751.25,948.75,2700.0
2023-11-23 15:13:00,1695.0,993.75,2688.75
2023-11-23 15:14:00,1702.5,982.5,2685.0
2023-11-23 15:15:00,1710.0,990.0,2700.0
2023-11-23 15:16:00,1777.5,990.0,2767.5
2023-11-23 15:17:00,1803.75,997.5,2801.25
2023-11-23 15:18:00,1822.5,1001.25,2823.75
2023-11-23 15:19:00,1848.75,990.0,2838.75
2023-11-23 15:20:00,1811.25,990.0,2801.25
2023-11-23 15:21:00,1811.25,990.0,2801.25
2023-11-23 15:22:00,1811.25,990.0,2801.25
2023-11-23 15:23:00,1811.25,990.0,2801.25
2023-11-23 15:24:00,1811.25,990.0,2801.25
2023-11-23 15:25:00,1811.25,990.0,2801.25
2023-11-23 15:26:00,1811.25,990.0,2801.25
2023-11-23 15:27:00,1811.25,990.0,2801.25
2023-11-23 15:28:00,1811.25,990.0,2801.25
2023-11-23 15:29:00,1811.25,990.0,2801.25
2023-11-23 15:30:00,1811.25,990.0,2801.25
2023-11-23 15:34:00,0.0,990.0,990.0
2023-11-30 10:15:00,0.0,0.0,0.0
2023-11-30 10:16:00,-15.0,22.5,7.5
2023-11-30 10:17:00,-311.25,457.5,146.25
2023-11-30 10:18:00,-191.25,517.5,326.25
2023-11-30 10:19:00,-123.75,480.0,356.25
2023-11-30 10:20:00,78.75,318.75,397.5
2023-11-30 10:21:00,-105.0,528.75,423.75
2023-11-30 10:22:00,-135.0,600.0,465.0
2023-11-30 10:23:00,-78.75,547.5,468.75
2023-11-30 10:24:00,-176.25,663.75,487.5
2023-11-30 10:25:00,-183.75,675.0,491.25
2023-11-30 10:26:00,-266.25,735.0,468.75
2023-11-30 10:27:00,-326.25,892.5,566.25
2023-11-30 10:28:00,-67.5,697.5,630.0
2023-11-30 10:29:00,52.5,615.0,667.5
2023-11-30 10:30:00,210.0,326.25,536.25
2023-11-30 10:31:00,206.25,435.0,641.25
2023-11-30 10:32:00,108.75,618.75,727.5
2023-11-30 10:33:00,108.75,693.75,802.5
2023-11-30 10:34:00,67.5,795.0,862.5
2023-11-30 10:35:00,108.75,727.5,836.25
2023-11-30 10:36:00,93.75,768.75,862.5
2023-11-30 10:37:00,60.0,828.75,888.75
2023-11-30 10:38:00,15.0,873.75,888.75
2023-11-30 10:39:00,-82.5,1008.75,926.25
2023-11-30 10:40:00,-303.75,1155.0,851.25
2023-11-30 10:41:00,-105.0,1102.5,997.5
2023-11-30 10:42:00,-67.5,1091.25,1023.75
2023-11-30 10:43:00,-217.5,1177.5,960.0
2023-11-30 10:44:00,-911.25,1323.75,412.5
2023-11-30 10:45:00,-1485.0,1455.0,-30.0
2023-11-30 10:46:00,-1425.0,1470.0,45.0
2023-11-30 10:47:00,-1203.75,1470.0,266.25
2023-11-30 10:48:00,-1083.75,1432.5,348.75
2023-11-30 10:49:00,-851.25,1447.5,596.25
2023-11-30 10:50:00,-982.5,1432.5,450.0
2023-11-30 10:51:00,-1035.0,1451.25,416.25
2023-11-30 10:52:00,-937.5,1425.0,487.5
2023-11-30 10:53:00,-618.75,1383.75,765.0
2023-11-30 10:54:00,-585.0,1346.25,761.25
2023-11-30 10:55:00,-645.0,1387.5,742.5
2023-11-30 10:56:00,-558.75,1353.75,795.0
2023-11-30 10:57:00,-446.25,1320.0,873.75
2023-11-30 10:58:00,-450.0,1350.0,900.0
2023-11-30 10:59:00,-465.0,1376.25,911.25
2023-11-30 11:00:00,-315.0,1320.0,1005.0
2023-11-30 11:01:00,-266.25,1316.25,1050.0
2023-11-30 11:02:00,-405.0,1365.0,960.0
2023-11-30 11:03:00,-480.0,1391.25,911.25
2023-11-30 11:04:00,-333.75,1368.75,1035.0
2023-11-30 11:05:00,-420.0,1398.75,978.75
2023-11-30 11:06:00,-322.5,1376.25,1053.75
2023-11-30 11:07:00,-251.25,1353.75,1102.5
2023-11-30 11:08:00,-363.75,1398.75,1035.0
2023-11-30 11:09:00,-315.0,1376.25,1061.25
2023-11-30 11:10:00,-86.25,1241.25,1155.0
2023-11-30 11:11:00,-75.0,1256.25,1181.25
2023-11-30 11:12:00,135.0,1080.0,1215.0
2023-11-30 11:13:00,318.75,772.5,1091.25
2023-11-30 11:14:00,270.0,915.0,1185.0
2023-11-30 11:15:00,247.5,1061.25,1308.75
2023-11-30 11:16:00,262.5,1095.0,1357.5
2023-11-30 11:17:00,210.0,1188.75,1398.75
2023-11-30 11:18:00,206.25,1170.0,1376.25
2023-11-30 11:19:00,11.25,1308.75,1320.0
2023-11-30 11:20:00,168.75,1256.25,1425.0
2023-11-30 11:21:00,210.0,1256.25,1466.25
2023-11-30 11:22:00,187.5,1282.5,1470.0
2023-11-30 11:23:00,127.5,1331.25,1458.75
2023-11-30 11:24:00,90.0,1327.5,1417.5
2023-11-30 11:25:00,172.5,1267.5,1440.0
2023-11-30 11:26:00,176.25,1301.25,1477.5
2023-11-30 11:27:00,307.5,1147.5,1455.0
2023-11-30 11:28:00,262.5,1207.5,1470.0
2023-11-30 11:29:00,281.25,1196.25,1477.5
2023-11-30 11:30:00,277.5,1230.0,1507.5
2023-11-30 11:31:00,225.0,1278.75,1503.75
2023-11-30 11:32:00,285.0,1222.5,1507.5
2023-11-30 11:33:00,300.0,1203.75,1503.75
2023-11-30 11:34:00,450.0,1080.0,1530.0
2023-11-30 11:35:00,420.0,1140.0,1560.0
2023-11-30 11:36:00,397.5,1203.75,1601.25
2023-11-30 11:37:00,405.0,1185.0,1590.0
2023-11-30 11:38:00,382.5,1222.5,1605.0
2023-11-30 11:39:00,360.0,1226.25,1586.25
2023-11-30 11:40:00,296.25,1275.0,1571.25
2023-11-30 11:41:00,277.5,1323.75,1601.25
2023-11-30 11:42:00,270.0,1335.0,1605.0
2023-11-30 11:43:00,330.0,1297.5,1627.5
2023-11-30 11:44:00,356.25,1282.5,1638.75
2023-11-30 11:45:00,356.25,1275.0,1631.25
2023-11-30 11:46:00,345.0,1282.5,1627.5
2023-11-30 11:47:00,341.25,1290.0,1631.25
2023-11-30 11:48:00,292.5,1335.0,1627.5
2023-11-30 11:49:00,258.75,1338.75,1597.5
2023-11-30 11:50:00,240.0,1368.75,1608.75
2023-11-30 11:51:00,198.75,1421.25,1620.0
2023-11-30 11:52:00,273.75,1391.25,1665.0
2023-11-30 11:53:00,288.75,1368.75,1657.5
2023-11-30 11:54:00,296.25,1383.75,1680.0
2023-11-30 11:55:00,247.5,1406.25,1653.75
2023-11-30 11:56:00,63.75,1481.25,1545.0
2023-11-30 11:57:00,123.75,1488.75,1612.5
2023-11-30 11:58:00,101.25,1496.25,1597.5
2023-11-30 11:59:00,52.5,1496.25,1548.75
2023-11-30 12:00:00,232.5,1447.5,1680.0
2023-11-30 12:01:00,255.0,1417.5,1672.5
2023-11-30 12:02:00,281.25,1425.0,1706.25
2023-11-30 12:03:00,266.25,1425.0,1691.25
2023-11-30 12:04:00,213.75,1451.25,1665.0
2023-11-30 12:05:00,326.25,1372.5,1698.75
2023-11-30 12:06:00,375.0,1342.5,1717.5
2023-11-30 12:07:00,420.0,1342.5,1762.5
2023-11-30 12:08:00,341.25,1436.25,1777.5
2023-11-30 12:09:00,423.75,1335.0,1758.75
2023-11-30 12:10:00,405.0,1361.25,1766.25
2023-11-30 12:11:00,472.5,1286.25,1758.75
2023-11-30 12:12:00,476.25,1312.5,1788.75
2023-11-30 12:13:00,495.0,1275.0,1770.0
2023-11-30 12:14:00,525.0,1267.5,1792.5
2023-11-30 12:15:00,513.75,1256.25,1770.0
2023-11-30 12:16:00,442.5,1327.5,1770.0
2023-11-30 12:17:00,502.5,1233.75,1736.25
2023-11-30 12:18:00,487.5,1233.75,1721.25
2023-11-30 12:19:00,532.5,1177.5,1710.0
2023-11-30 12:20:00,513.75,1241.25,1755.0
2023-11-30 12:21:00,491.25,1252.5,1743.75
2023-11-30 12:22:00,491.25,1282.5,1773.75
2023-11-30 12:23:00,581.25,1162.5,1743.75
2023-11-30 12:24:00,442.5,1338.75,1781.25
2023-11-30 12:25:00,461.25,1353.75,1815.0
2023-11-30 12:26:00,495.0,1338.75,1833.75
2023-11-30 12:27:00,480.0,1368.75,1848.75
2023-11-30 12:28:00,480.0,1380.0,1860.0
2023-11-30 12:29:00,487.5,1372.5,1860.0
2023-11-30 12:30:00,468.75,1387.5,1856.25
2023-11-30 12:31:00,551.25,1308.75,1860.0
2023-11-30 12:32:00,600.0,1241.25,1841.25
2023-11-30 12:33:00,558.75,1293.75,1852.5
2023-11-30 12:34:00,558.75,1290.0,1848.75
2023-11-30 12:35:00,528.75,1335.0,1863.75
2023-11-30 12:36:00,566.25,1305.0,1871.25
2023-11-30 12:37:00,517.5,1335.0,1852.5
2023-11-30 12:38:00,540.0,1331.25,1871.25
2023-11-30 12:39:00,547.5,1320.0,1867.5
2023-11-30 12:40:00,585.0,1263.75,1848.75
2023-11-30 12:41:00,555.0,1282.5,1837.5
2023-11-30 12:42:00,491.25,1368.75,1860.0
2023-11-30 12:43:00,461.25,1413.75,1875.0
2023-11-30 12:44:00,371.25,1511.25,1882.5
2023-11-30 12:45:00,386.25,1522.5,1908.75
2023-11-30 12:46:00,427.5,1496.25,1923.75
2023-11-30 12:47:00,431.25,1488.75,1920.0
2023-11-30 12:48:00,382.5,1541.25,1923.75
2023-11-30 12:49:00,251.25,1612.5,1863.75
2023-11-30 12:50:00,285.0,1623.75,1908.75
2023-11-30 12:51:00,266.25,1620.0,1886.25
2023-11-30 12:52:00,315.0,1593.75,1908.75
2023-11-30 12:53:00,288.75,1608.75,1897.5
2023-11-30 12:54:00,318.75,1612.5,1931.25
2023-11-30 12:55:00,386.25,1586.25,1972.5
2023-11-30 12:56:00,480.0,1548.75,2028.75
2023-11-30 12:57:00,483.75,1571.25,2055.0
2023-11-30 12:58:00,446.25,1586.25,2032.5
2023-11-30 12:59:00,457.5,1586.25,2043.75
2023-11-30 13:00:00,558.75,1541.25,2100.0
2023-11-30 13:01:00,521.25,1560.0,2081.25
2023-11-30 13:02:00,547.5,1548.75,2096.25
2023-11-30 13:03:00,521.25,1560.0,2081.25
2023-11-30 13:04:00,472.5,1586.25,2058.75
2023-11-30 13:05:00,450.0,1605.0,2055.0
2023-11-30 13:06:00,408.75,1635.0,2043.75
2023-11-30 13:07:00,405.0,1623.75,2028.75
2023-11-30 13:08:00,393.75,1638.75,2032.5
2023-11-30 13:09:00,491.25,1593.75,2085.0
2023-11-30 13:10:00,461.25,1627.5,2088.75
2023-11-30 13:11:00,442.5,1620.0,2062.5
2023-11-30 13:12:00,416.25,1631.25,2047.5
2023-11-30 13:13:00,401.25,1635.0,2036.25
2023-11-30 13:14:00,341.25,1646.25,1987.5
2023-11-30 13:15:00,273.75,1668.75,1942.5
2023-11-30 13:16:00,90.0,1687.5,1777.5
2023-11-30 13:17:00,382.5,1642.5,2025.0
2023-11-30 13:18:00,423.75,1642.5,2066.25
2023-11-30 13:19:00,435.0,1650.0,2085.0
2023-11-30 13:20:00,423.75,1665.0,2088.75
2023-11-30 13:21:00,427.5,1653.75,2081.25
2023-11-30 13:22:00,378.75,1653.75,2032.5
2023-11-30 13:23:00,318.75,1683.75,2002.5
2023-11-30 13:24:00,258.75,1687.5,1946.25
2023-11-30 13:25:00,183.75,1691.25,1875.0
2023-11-30 13:26:00,157.5,1691.25,1848.75
2023-11-30 13:27:00,273.75,1687.5,1961.25
2023-11-30 13:28:00,341.25,1680.0,2021.25
2023-11-30 13:29:00,307.5,1687.5,1995.0
2023-11-30 13:30:00,266.25,1698.75,1965.0
2023-11-30 13:31:00,206.25,1710.0,1916.25
2023-11-30 13:32:00,176.25,1721.25,1897.5
2023-11-30 13:33:00,191.25,1728.75,1920.0
2023-11-30 13:34:00,281.25,1717.5,1998.75
2023-11-30 13:35:00,303.75,1721.25,2025.0
2023-11-30 13:36:00,240.0,1725.0,1965.0
2023-11-30 13:37:00,195.0,1732.5,1927.5
2023-11-30 13:38:00,116.25,1762.5,1878.75
2023-11-30 13:39:00,93.75,1773.75,1867.5
2023-11-30 13:40:00,101.25,1773.75,1875.0
2023-11-30 13:41:00,153.75,1758.75,1912.5
2023-11-30 13:42:00,-468.75,1788.75,1320.0
2023-11-30 13:43:00,-997.5,1807.5,810.0
2023-11-30 13:44:00,-1192.5,1807.5,615.0
2023-11-30 13:45:00,-1136.25,1815.0,678.75
2023-11-30 13:46:00,-881.25,1713.75,832.5
2023-11-30 13:47:00,-667.5,1646.25,978.75
2023-11-30 13:48:00,-1848.75,2111.25,262.5
2023-11-30 13:49:00,-1998.75,2115.0,116.25
2023-11-30 13:50:00,-1755.0,2085.0,330.0
2023-11-30 13:51:00,-2006.25,2122.5,116.25
2023-11-30 13:52:00,-1725.0,2051.25,326.25
2023-11-30 13:53:00,-1252.5,1965.0,712.5
2023-11-30 13:54:00,-1230.0,1968.75,738.75
2023-11-30 13:55:00,-1200.0,2028.75,828.75
2023-11-30 13:56:00,-682.5,1725.0,1042.5
2023-11-30 13:57:00,-1057.5,1935.0,877.5
2023-11-30 13:58:00,-1132.5,1957.5,825.0
2023-11-30 13:59:00,-945.0,1841.25,896.25
2023-11-30 14:00:00,-817.5,1807.5,990.0
2023-11-30 14:01:00,22.5,1252.5,1275.0
2023-11-30 14:02:00,157.5,1233.75,1391.25
2023-11-30 14:03:00,262.5,1222.5,1485.0
2023-11-30 14:04:00,135.0,1346.25,1481.25
2023-11-30 14:05:00,378.75,907.5,1286.25
2023-11-30 14:06:00,345.0,1061.25,1406.25
2023-11-30 14:07:00,198.75,1320.0,1518.75
2023-11-30 14:08:00,180.0,1346.25,1526.25
2023-11-30 14:09:00,318.75,1151.25,1470.0
2023-11-30 14:10:00,382.5,956.25,1338.75
2023-11-30 14:11:00,540.0,378.75,918.75
2023-11-30 14:12:00,506.25,543.75,1050.0
2023-11-30 14:13:00,547.5,18.75,566.25
2023-11-30 14:14:00,637.5,-487.5,150.0
2023-11-30 14:15:00,630.0,-352.5,277.5
2023-11-30 14:16:00,528.75,221.25,750.0
2023-11-30 14:17:00,656.25,-255.0,401.25
2023-11-30 14:18:00,611.25,78.75,690.0
2023-11-30 14:19:00,633.75,-127.5,506.25
2023-11-30 14:20:00,622.5,-232.5,390.0
2023-11-30 14:21:00,592.5,-240.0,352.5
2023-11-30 14:22:00,558.75,-187.5,371.25
2023-11-30 14:23:00,547.5,-165.0,382.5
2023-11-30 14:24:00,536.25,-161.25,375.0
2023-11-30 14:25:00,450.0,101.25,551.25
2023-11-30 14:26:00,-48.75,866.25,817.5
2023-11-30 14:27:00,3.75,746.25,750.0
2023-11-30 14:28:00,-172.5,1106.25,933.75
2023-11-30 14:29:00,-761.25,1590.0,828.75
2023-11-30 14:30:00,-506.25,1526.25,1020.0
2023-11-30 14:31:00,-971.25,1740.0,768.75
2023-11-30 14:32:00,-716.25,1698.75,982.5
2023-11-30 14:33:00,-630.0,1605.0,975.0
2023-11-30 14:34:00,-652.5,1620.0,967.5
2023-11-30 14:35:00,-768.75,1702.5,933.75
2023-11-30 14:36:00,-937.5,1770.0,832.5
2023-11-30 14:37:00,-1582.5,2010.0,427.5
2023-11-30 14:38:00,-1402.5,1998.75,596.25
2023-11-30 14:39:00,-1278.75,1957.5,678.75
2023-11-30 14:40:00,-1113.75,1938.75,825.0
2023-11-30 14:41:00,-1241.25,1935.0,693.75
2023-11-30 14:42:00,-1503.75,2111.25,607.5
2023-11-30 14:43:00,-2988.75,2340.0,-648.75
2023-11-30 14:44:00,-2850.0,2381.25,-468.75
2023-11-30 14:45:00,-2805.0,2456.25,-348.75
2023-11-30 14:46:00,-2737.5,2426.25,-311.25
2023-11-30 14:47:00,-2036.25,2250.0,213.75
2023-11-30 14:48:00,-1053.75,1935.0,881.25
2023-11-30 14:49:00,-1035.0,1991.25,956.25
2023-11-30 14:50:00,-1515.0,2231.25,716.25
2023-11-30 14:51:00,-1965.0,2400.0,435.0
2023-11-30 14:52:00,-2355.0,2445.0,90.0
2023-11-30 14:53:00,-2171.25,2400.0,228.75
2023-11-30 14:54:00,-2490.0,2441.25,-48.75
2023-11-30 14:55:00,-1995.0,2358.75,363.75
2023-11-30 14:56:00,-1897.5,2362.5,465.0
2023-11-30 14:57:00,-1875.0,2366.25,491.25
2023-11-30 14:58:00,-2313.75,2437.5,123.75
2023-11-30 14:59:00,-1777.5,2336.25,558.75
2023-11-30 15:00:00,-1620.0,2332.5,712.5
2023-11-30 15:01:00,-1282.5,2392.5,1110.0
2023-11-30 15:02:00,120.0,1848.75,1968.75
2023-11-30 15:03:00,-277.5,2381.25,2103.75
2023-11-30 15:04:00,-1068.75,2673.75,1605.0
2023-11-30 15:05:00,-1211.25,2696.25,1485.0
2023-11-30 15:06:00,-1308.75,2756.25,1447.5
2023-11-30 15:07:00,-2182.5,2842.5,660.0
2023-11-30 15:08:00,-1938.75,2835.0,896.25
2023-11-30 15:09:00,-1897.5,2842.5,945.0
2023-11-30 15:10:00,-1736.25,2853.75,1117.5
2023-11-30 15:11:00,-1458.75,2861.25,1402.5
2023-11-30 15:12:00,-1425.0,2857.5,1432.5
2023-11-30 15:13:00,-1563.75,2898.75,1335.0
2023-11-30 15:14:00,-1762.5,2895.0,1132.5
2023-11-30 15:15:00,-1578.75,2906.25,1327.5
2023-11-30 15:16:00,-1260.0,2910.0,1650.0
2023-11-30 15:17:00,-1147.5,2906.25,1758.75
2023-11-30 15:18:00,-1095.0,2917.5,1822.5
2023-11-30 15:19:00,-1297.5,2917.5,1620.0
2023-11-30 15:20:00,-1387.5,2921.25,1533.75
2023-11-30 15:21:00,-1387.5,2921.25,1533.75
2023-11-30 15:22:00,-1387.5,2921.25,1533.75
2023-11-30 15:23:00,-1387.5,2921.25,1533.75
2023-11-30 15:24:00,-1387.5,2921.25,1533.75
2023-11-30 15:25:00,-1387.5,2921.25,1533.75
2023-11-30 15:26:00,-1387.5,2921.25,1533.75
2023-11-30 15:27:00,-1387.5,2921.25,1533.75
2023-11-30 15:28:00,-1387.5,2921.25,1533.75
2023-11-30 15:29:00,-1387.5,2921.25,1533.75
2023-11-30 15:30:00,-1387.5,2921.25,1533.75
2023-12-07 10:15:00,0.0,0.0,0.0
2023-12-07 10:16:00,75.0,-37.5,37.5
2023-12-07 10:17:00,37.5,-26.25,11.25
2023-12-07 10:18:00,60.0,15.0,75.0
2023-12-07 10:19:00,93.75,-18.75,75.0
2023-12-07 10:20:00,138.75,41.25,180.0
2023-12-07 10:21:00,232.5,-101.25,131.25
2023-12-07 10:22:00,101.25,120.0,221.25
2023-12-07 10:23:00,101.25,150.0,251.25
2023-12-07 10:24:00,-90.0,292.5,202.5
2023-12-07 10:25:00,-116.25,378.75,262.5
2023-12-07 10:26:00,-116.25,360.0,243.75
2023-12-07 10:27:00,-195.0,453.75,258.75
2023-12-07 10:28:00,-97.5,401.25,303.75
2023-12-07 10:29:00,-93.75,401.25,307.5
2023-12-07 10:30:00,75.0,337.5,412.5
2023-12-07 10:31:00,157.5,367.5,525.0
2023-12-07 10:32:00,146.25,382.5,528.75
2023-12-07 10:33:00,135.0,412.5,547.5
2023-12-07 10:34:00,37.5,510.0,547.5
2023-12-07 10:35:00,-75.0,588.75,513.75
2023-12-07 10:36:00,-56.25,581.25,525.0
2023-12-07 10:37:00,-41.25,570.0,528.75
2023-12-07 10:38:00,-15.0,551.25,536.25
2023-12-07 10:39:00,-11.25,540.0,528.75
2023-12-07 10:40:00,-22.5,558.75,536.25
2023-12-07 10:41:00,-723.75,750.0,26.25
2023-12-07 10:42:00,-615.0,798.75,183.75
2023-12-07 10:43:00,-738.75,825.0,86.25
2023-12-07 10:44:00,-783.75,832.5,48.75
2023-12-07 10:45:00,-660.0,813.75,153.75
2023-12-07 10:46:00,-592.5,746.25,153.75
2023-12-07 10:47:00,-630.0,798.75,168.75
2023-12-07 10:48:00,-633.75,855.0,221.25
2023-12-07 10:49:00,-577.5,813.75,236.25
2023-12-07 10:50:00,-701.25,918.75,217.5
2023-12-07 10:51:00,-573.75,791.25,217.5
2023-12-07 10:52:00,-510.0,802.5,292.5
2023-12-07 10:53:00,-1053.75,1323.75,270.0
2023-12-07 10:54:00,-1421.25,1620.0,198.75
2023-12-07 10:55:00,-1507.5,1698.75,191.25
2023-12-07 10:56:00,-1451.25,1680.0,228.75
2023-12-07 10:57:00,-1252.5,1605.0,352.5
2023-12-07 10:58:00,-956.25,1440.0,483.75
2023-12-07 10:59:00,-1008.75,1447.5,438.75
2023-12-07 11:00:00,-1012.5,1462.5,450.0
2023-12-07 11:01:00,-1046.25,1533.75,487.5
2023-12-07 11:02:00,-1128.75,1582.5,453.75
2023-12-07 11:03:00,-1188.75,1616.25,427.5
2023-12-07 11:04:00,-1432.5,1743.75,311.25
2023-12-07 11:05:00,-2366.25,2036.25,-330.0
2023-12-07 11:06:00,-1931.25,1991.25,60.0
2023-12-07 11:07:00,-1950.0,1976.25,26.25
2023-12-07 11:08:00,-2010.0,2021.25,11.25
2023-12-07 11:09:00,-2051.25,2032.5,-18.75
2023-12-07 11:10:00,-1965.0,2021.25,56.25
2023-12-07 11:11:00,-1777.5,1946.25,168.75
2023-12-07 11:12:00,-1796.25,1980.0,183.75
2023-12-07 11:13:00,-1710.0,1908.75,198.75
2023-12-07 11:14:00,-1766.25,1961.25,195.0
2023-12-07 11:15:00,-1871.25,2021.25,150.0
2023-12-07 11:16:00,-1792.5,1965.0,172.5
2023-12-07 11:17:00,-1743.75,1935.0,191.25
2023-12-07 11:18:00,-1597.5,1751.25,153.75
2023-12-07 11:19:00,-1537.5,1676.25,138.75
2023-12-07 11:20:00,-1563.75,1740.0,176.25
2023-12-07 11:21:00,-1518.75,1728.75,210.0
2023-12-07 11:22:00,-1597.5,1856.25,258.75
2023-12-07 11:23:00,-1616.25,1882.5,266.25
2023-12-07 11:24:00,-1657.5,1950.0,292.5
2023-12-07 11:25:00,-1601.25,1856.25,255.0
2023-12-07 11:26:00,-1597.5,1811.25,213.75
2023-12-07 11:27:00,-1593.75,1833.75,240.0
2023-12-07 11:28:00,-1537.5,1755.0,217.5
2023-12-07 11:29:00,-1507.5,1706.25,198.75
2023-12-07 11:30:00,-1387.5,1447.5,60.0
2023-12-07 11:31:00,-1395.0,1631.25,236.25
2023-12-07 11:32:00,-1316.25,1530.0,213.75
2023-12-07 11:33:00,-1256.25,1350.0,93.75
2023-12-07 11:34:00,-1282.5,1481.25,198.75
2023-12-07 11:35:00,-1323.75,1635.0,311.25
2023-12-07 11:36:00,-1357.5,1728.75,371.25
2023-12-07 11:37:00,-1387.5,1706.25,318.75
2023-12-07 11:38:00,-1286.25,1522.5,236.25
2023-12-07 11:39:00,-1267.5,1485.0,217.5
2023-12-07 11:40:00,-1248.75,1485.0,236.25
2023-12-07 11:41:00,-1278.75,1500.0,221.25
2023-12-07 11:42:00,-1260.0,1485.0,225.0
2023-12-07 11:43:00,-1267.5,1526.25,258.75
2023-12-07 11:44:00,-1323.75,1657.5,333.75
2023-12-07 11:45:00,-1361.25,1687.5,326.25
2023-12-07 11:46:00,-1338.75,1646.25,307.5
2023-12-07 11:47:00,-1365.0,1695.0,330.0
2023-12-07 11:48:00,-1368.75,1713.75,345.0
2023-12-07 11:49:00,-1338.75,1653.75,315.0
2023-12-07 11:50:00,-1308.75,1597.5,288.75
2023-12-07 11:51:00,-1421.25,1833.75,412.5
2023-12-07 11:52:00,-1518.75,2051.25,532.5
2023-12-07 11:53:00,-1440.0,1995.0,555.0
2023-12-07 11:54:00,-1455.0,2002.5,547.5
2023-12-07 11:55:00,-1455.0,2017.5,562.5
2023-12-07 11:56:00,-1488.75,2040.0,551.25
2023-12-07 11:57:00,-1530.0,2070.0,540.0
2023-12-07 11:58:00,-1533.75,2115.0,581.25
2023-12-07 11:59:00,-1518.75,2100.0,581.25
2023-12-07 12:00:00,-1481.25,2058.75,577.5
2023-12-07 12:01:00,-1421.25,1998.75,577.5
2023-12-07 12:02:00,-1357.5,1953.75,596.25
2023-12-07 12:03:00,-1271.25,1893.75,622.5
2023-12-07 12:04:00,-1338.75,1965.0,626.25
2023-12-07 12:05:00,-1376.25,1998.75,622.5
2023-12-07 12:06:00,-1361.25,1972.5,611.25
2023-12-07 12:07:00,-1331.25,1976.25,645.0
2023-12-07 12:08:00,-1308.75,1953.75,645.0
2023-12-07 12:09:00,-1552.5,2325.0,772.5
2023-12-07 12:10:00,-1458.75,2268.75,810.0
2023-12-07 12:11:00,-1417.5,2212.5,795.0
2023-12-07 12:12:00,-1503.75,2272.5,768.75
2023-12-07 12:13:00,-1485.0,2250.0,765.0
2023-12-07 12:14:00,-1380.0,2122.5,742.5
2023-12-07 12:15:00,-1380.0,2062.5,682.5
2023-12-07 12:16:00,-1428.75,2137.5,708.75
2023-12-07 12:17:00,-1361.25,1942.5,581.25
2023-12-07 12:18:00,-1353.75,1983.75,630.0
2023-12-07 12:19:00,-1297.5,1826.25,528.75
2023-12-07 12:20:00,-1290.0,1871.25,581.25
2023-12-07 12:21:00,-1275.0,1818.75,543.75
2023-12-07 12:22:00,-1308.75,1927.5,618.75
2023-12-07 12:23:00,-1282.5,1878.75,596.25
2023-12-07 12:24:00,-1200.0,1702.5,502.5
2023-12-07 12:25:00,-1215.0,1773.75,558.75
2023-12-07 12:26:00,-1248.75,1897.5,648.75
2023-12-07 12:27:00,-1263.75,1961.25,697.5
2023-12-07 12:28:00,-1248.75,1890.0,641.25
2023-12-07 12:29:00,-1271.25,1953.75,682.5
2023-12-07 12:30:00,-1207.5,1822.5,615.0
2023-12-07 12:31:00,-1241.25,1912.5,671.25
2023-12-07 12:32:00,-1211.25,1852.5,641.25
2023-12-07 12:33:00,-1106.25,1578.75,472.5
2023-12-07 12:34:00,-1061.25,1485.0,423.75
2023-12-07 12:35:00,-1046.25,1436.25,390.0
2023-12-07 12:36:00,-1091.25,1758.75,667.5
2023-12-07 12:37:00,-1080.0,1642.5,562.5
2023-12-07 12:38:00,-1080.0,1605.0,525.0
2023-12-07 12:39:00,-1106.25,1803.75,697.5
2023-12-07 12:40:00,-1125.0,1893.75,768.75
2023-12-07 12:41:00,-1203.75,2077.5,873.75
2023-12-07 12:42:00,-1173.75,2017.5,843.75
2023-12-07 12:43:00,-1188.75,2032.5,843.75
2023-12-07 12:44:00,-1177.5,2021.25,843.75
2023-12-07 12:45:00,-1275.0,2212.5,937.5
2023-12-07 12:46:00,-1237.5,2103.75,866.25
2023-12-07 12:47:00,-1230.0,2088.75,858.75
2023-12-07 12:48:00,-1188.75,2036.25,847.5
2023-12-07 12:49:00,-1226.25,2100.0,873.75
2023-12-07 12:50:00,-1215.0,2077.5,862.5
2023-12-07 12:51:00,-1143.75,1931.25,787.5
2023-12-07 12:52:00,-1125.0,1882.5,757.5
2023-12-07 12:53:00,-1143.75,2006.25,862.5
2023-12-07 12:54:00,-1121.25,1908.75,787.5
2023-12-07 12:55:00,-1136.25,1968.75,832.5
2023-12-07 12:56:00,-1132.5,2010.0,877.5
2023-12-07 12:57:00,-1166.25,2058.75,892.5
2023-12-07 12:58:00,-1162.5,2103.75,941.25
2023-12-07 12:59:00,-1226.25,2197.5,971.25
2023-12-07 13:00:00,-1132.5,2081.25,948.75
2023-12-07 13:01:00,-1166.25,2126.25,960.0
2023-12-07 13:02:00,-1140.0,2047.5,907.5
2023-12-07 13:03:00,-1158.75,2122.5,963.75
2023-12-07 13:04:00,-1121.25,2055.0,933.75
2023-12-07 13:05:00,-1121.25,2047.5,926.25
2023-12-07 13:06:00,-1083.75,1957.5,873.75
2023-12-07 13:07:00,-1117.5,2085.0,967.5
2023-12-07 13:08:00,-1113.75,2081.25,967.5
2023-12-07 13:09:00,-1087.5,1991.25,903.75
2023-12-07 13:10:00,-1080.0,1983.75,903.75
2023-12-07 13:11:00,-1170.0,2287.5,1117.5
2023-12-07 13:12:00,-1181.25,2298.75,1117.5
2023-12-07 13:13:00,-1218.75,2445.0,1226.25
2023-12-07 13:14:00,-1305.0,2516.25,1211.25
2023-12-07 13:15:00,-1245.0,2475.0,1230.0
2023-12-07 13:16:00,-1252.5,2456.25,1203.75
2023-12-07 13:17:00,-1226.25,2437.5,1211.25
2023-12-07 13:18:00,-1203.75,2448.75,1245.0
2023-12-07 13:19:00,-1192.5,2430.0,1237.5
2023-12-07 13:20:00,-1237.5,2516.25,1278.75
2023-12-07 13:21:00,-1211.25,2460.0,1248.75
2023-12-07 13:22:00,-1338.75,2606.25,1267.5
2023-12-07 13:23:00,-1230.0,2482.5,1252.5
2023-12-07 13:24:00,-1203.75,2478.75,1275.0
2023-12-07 13:25:00,-1177.5,2460.0,1282.5
2023-12-07 13:26:00,-1188.75,2501.25,1312.5
2023-12-07 13:27:00,-1200.0,2520.0,1320.0
2023-12-07 13:28:00,-1185.0,2490.0,1305.0
2023-12-07 13:29:00,-1200.0,2527.5,1327.5
2023-12-07 13:30:00,-1207.5,2561.25,1353.75
2023-12-07 13:31:00,-1260.0,2617.5,1357.5
2023-12-07 13:32:00,-1301.25,2677.5,1376.25
2023-12-07 13:33:00,-1245.0,2610.0,1365.0
2023-12-07 13:34:00,-1275.0,2677.5,1402.5
2023-12-07 13:35:00,-1282.5,2703.75,1421.25
2023-12-07 13:36:00,-1297.5,2700.0,1402.5
2023-12-07 13:37:00,-1421.25,2737.5,1316.25
2023-12-07 13:38:00,-1357.5,2763.75,1406.25
2023-12-07 13:39:00,-1293.75,2703.75,1410.0
2023-12-07 13:40:00,-1200.0,2610.0,1410.0
2023-12-07 13:41:00,-1200.0,2621.25,1421.25
2023-12-07 13:42:00,-1211.25,2625.0,1413.75
2023-12-07 13:43:00,-1162.5,2565.0,1402.5
2023-12-07 13:44:00,-1162.5,2711.25,1548.75
2023-12-07 13:45:00,-1158.75,2722.5,1563.75
2023-12-07 13:46:00,-1162.5,2707.5,1545.0
2023-12-07 13:47:00,-1147.5,2692.5,1545.0
2023-12-07 13:48:00,-1125.0,2685.0,1560.0
2023-12-07 13:49:00,-1140.0,2711.25,1571.25
2023-12-07 13:50:00,-1147.5,2730.0,1582.5
2023-12-07 13:51:00,-1151.25,2763.75,1612.5
2023-12-07 13:52:00,-1121.25,2703.75,1582.5
2023-12-07 13:53:00,-1068.75,2692.5,1623.75
2023-12-07 13:54:00,-1053.75,2636.25,1582.5
2023-12-07 13:55:00,-1057.5,2666.25,1608.75
2023-12-07 13:56:00,-1053.75,2658.75,1605.0
2023-12-07 13:57:00,-1068.75,2722.5,1653.75
2023-12-07 13:58:00,-1072.5,2715.0,1642.5
2023-12-07 13:59:00,-1076.25,2711.25,1635.0
2023-12-07 14:00:00,-1068.75,2715.0,1646.25
2023-12-07 14:01:00,-1083.75,2763.75,1680.0
2023-12-07 14:02:00,-1076.25,2786.25,1710.0
2023-12-07 14:03:00,-1080.0,2808.75,1728.75
2023-12-07 14:04:00,-1065.0,2797.5,1732.5
2023-12-07 14:05:00,-1057.5,2831.25,1773.75
2023-12-07 14:06:00,-1087.5,2917.5,1830.0
2023-12-07 14:07:00,-1143.75,2936.25,1792.5
2023-12-07 14:08:00,-1132.5,2936.25,1803.75
2023-12-07 14:09:00,-1061.25,2880.0,1818.75
2023-12-07 14:10:00,-1020.0,2865.0,1845.0
2023-12-07 14:11:00,-971.25,2820.0,1848.75
2023-12-07 14:12:00,-990.0,2850.0,1860.0
2023-12-07 14:13:00,-885.0,2576.25,1691.25
2023-12-07 14:14:00,-907.5,2647.5,1740.0
2023-12-07 14:15:00,-903.75,2722.5,1818.75
2023-12-07 14:16:00,-903.75,2718.75,1815.0
2023-12-07 14:17:00,-858.75,2411.25,1552.5
2023-12-07 14:18:00,-873.75,2550.0,1676.25
2023-12-07 14:19:00,-877.5,2598.75,1721.25
2023-12-07 14:20:00,-881.25,2655.0,1773.75
2023-12-07 14:21:00,-892.5,2782.5,1890.0
2023-12-07 14:22:00,-888.75,2775.0,1886.25
2023-12-07 14:23:00,-851.25,2696.25,1845.0
2023-12-07 14:24:00,-828.75,2681.25,1852.5
2023-12-07 14:25:00,-836.25,2756.25,1920.0
2023-12-07 14:26:00,-855.0,2850.0,1995.0
2023-12-07 14:27:00,-855.0,2887.5,2032.5
2023-12-07 14:28:00,-885.0,2910.0,2025.0
2023-12-07 14:29:00,-900.0,2921.25,2021.25
2023-12-07 14:30:00,-885.0,2910.0,2025.0
2023-12-07 14:31:00,-945.0,3037.5,2092.5
2023-12-07 14:32:00,-975.0,3071.25,2096.25
2023-12-07 14:33:00,-945.0,3048.75,2103.75
2023-12-07 14:34:00,-851.25,2970.0,2118.75
2023-12-07 14:35:00,-836.25,2940.0,2103.75
2023-12-07 14:36:00,-866.25,3018.75,2152.5
2023-12-07 14:37:00,-847.5,2992.5,2145.0
2023-12-07 14:38:00,-851.25,3007.5,2156.25
2023-12-07 14:39:00,-855.0,3018.75,2163.75
2023-12-07 14:40:00,-802.5,2925.0,2122.5
2023-12-07 14:41:00,-813.75,2943.75,2130.0
2023-12-07 14:42:00,-798.75,2943.75,2145.0
2023-12-07 14:43:00,-795.0,2902.5,2107.5
2023-12-07 14:44:00,-772.5,2883.75,2111.25
2023-12-07 14:45:00,-757.5,2778.75,2021.25
2023-12-07 14:46:00,-761.25,2775.0,2013.75
2023-12-07 14:47:00,-753.75,2763.75,2010.0
2023-12-07 14:48:00,-746.25,2655.0,1908.75
2023-12-07 14:49:00,-731.25,2557.5,1826.25
2023-12-07 14:50:00,-735.0,2643.75,1908.75
2023-12-07 14:51:00,-731.25,2568.75,1837.5
2023-12-07 14:52:00,-731.25,2647.5,1916.25
2023-12-07 14:53:00,-731.25,2913.75,2182.5
2023-12-07 14:54:00,-723.75,2778.75,2055.0
2023-12-07 14:55:00,-720.0,2730.0,2010.0
2023-12-07 14:56:00,-720.0,2835.0,2115.0
2023-12-07 14:57:00,-720.0,2793.75,2073.75
2023-12-07 14:58:00,-716.25,2805.0,2088.75
2023-12-07 14:59:00,-716.25,2793.75,2077.5
2023-12-07 15:00:00,-712.5,2771.25,2058.75
2023-12-07 15:01:00,-708.75,2542.5,1833.75
2023-12-07 15:02:00,-705.0,3000.0,2295.0
2023-12-07 15:03:00,-705.0,2823.75,2118.75
2023-12-07 15:04:00,-701.25,2763.75,2062.5
2023-12-07 15:05:00,-705.0,3045.0,2340.0
2023-12-07 15:06:00,-705.0,3037.5,2332.5
2023-12-07 15:07:00,-701.25,3063.75,2362.5
2023-12-07 15:08:00,-697.5,3067.5,2370.0
2023-12-07 15:09:00,-701.25,3101.25,2400.0
2023-12-07 15:10:00,-697.5,3161.25,2463.75
2023-12-07 15:11:00,-697.5,3266.25,2568.75
2023-12-07 15:12:00,-697.5,3277.5,2580.0
2023-12-07 15:13:00,-697.5,3285.0,2587.5
2023-12-07 15:14:00,-697.5,3281.25,2583.75
2023-12-07 15:15:00,-697.5,3307.5,2610.0
2023-12-07 15:16:00,-697.5,3311.25,2613.75
2023-12-07 15:17:00,-697.5,3341.25,2643.75
2023-12-07 15:18:00,-693.75,3352.5,2658.75
2023-12-07 15:19:00,-697.5,3352.5,2655.0
2023-12-07 15:20:00,-693.75,3352.5,2658.75
2023-12-07 15:21:00,-693.75,3352.5,2658.75
2023-12-07 15:22:00,-693.75,3352.5,2658.75
2023-12-07 15:23:00,-693.75,3352.5,2658.75
2023-12-07 15:24:00,-693.75,3352.5,2658.75
2023-12-07 15:25:00,-693.75,3352.5,2658.75
2023-12-07 15:26:00,-693.75,3352.5,2658.75
2023-12-07 15:27:00,-693.75,3352.5,2658.75
2023-12-07 15:28:00,-693.75,3352.5,2658.75
2023-12-07 15:29:00,-693.75,3352.5,2658.75
2023-12-07 15:30:00,-693.75,3352.5,2658.75
2023-12-07 15:33:00,-693.75,3352.5,2658.75
2023-12-07 15:35:00,-693.75,3352.5,2658.75
2023-12-14 10:15:00,0.0,0.0,0.0
2023-12-14 10:16:00,56.25,-7.5,48.75
2023-12-14 10:17:00,266.25,-135.0,131.25
2023-12-14 10:18:00,206.25,-56.25,150.0
2023-12-14 10:19:00,303.75,-127.5,176.25
2023-12-14 10:20:00,296.25,-78.75,217.5
2023-12-14 10:21:00,285.0,-71.25,213.75
2023-12-14 10:22:00,240.0,-22.5,217.5
2023-12-14 10:23:00,300.0,-45.0,255.0
2023-12-14 10:24:00,307.5,-56.25,251.25
2023-12-14 10:25:00,352.5,-63.75,288.75
2023-12-14 10:26:00,337.5,-71.25,266.25
2023-12-14 10:27:00,281.25,11.25,292.5
2023-12-14 10:28:00,243.75,63.75,307.5
2023-12-14 10:29:00,191.25,131.25,322.5
2023-12-14 10:30:00,191.25,183.75,375.0
2023-12-14 10:31:00,288.75,187.5,476.25
2023-12-14 10:32:00,345.0,142.5,487.5
2023-12-14 10:33:00,378.75,120.0,498.75
2023-12-14 10:34:00,543.75,-588.75,-45.0
2023-12-14 10:35:00,528.75,-262.5,266.25
2023-12-14 10:36:00,551.25,-285.0,266.25
2023-12-14 10:37:00,570.0,-318.75,251.25
2023-12-14 10:38:00,566.25,-330.0,236.25
2023-12-14 10:39:00,562.5,-281.25,281.25
2023-12-14 10:40:00,600.0,-363.75,236.25
2023-12-14 10:41:00,577.5,-281.25,296.25
2023-12-14 10:42:00,573.75,-296.25,277.5
2023-12-14 10:43:00,596.25,-341.25,255.0
2023-12-14 10:44:00,585.0,-300.0,285.0
2023-12-14 10:45:00,596.25,-243.75,352.5
2023-12-14 10:46:00,506.25,-18.75,487.5
2023-12-14 10:47:00,510.0,-52.5,457.5
2023-12-14 10:48:00,311.25,195.0,506.25
2023-12-14 10:49:00,401.25,180.0,581.25
2023-12-14 10:50:00,386.25,217.5,603.75
2023-12-14 10:51:00,405.0,210.0,615.0
2023-12-14 10:52:00,408.75,191.25,600.0
2023-12-14 10:53:00,416.25,180.0,596.25
2023-12-14 10:54:00,495.0,101.25,596.25
2023-12-14 10:55:00,536.25,-11.25,525.0
2023-12-14 10:56:00,513.75,45.0,558.75
2023-12-14 10:57:00,540.0,-37.5,502.5
2023-12-14 10:58:00,506.25,33.75,540.0
2023-12-14 10:59:00,487.5,82.5,570.0
2023-12-14 11:00:00,453.75,165.0,618.75
2023-12-14 11:01:00,468.75,153.75,622.5
2023-12-14 11:02:00,513.75,157.5,671.25
2023-12-14 11:03:00,532.5,105.0,637.5
2023-12-14 11:04:00,498.75,153.75,652.5
2023-12-14 11:05:00,491.25,161.25,652.5
2023-12-14 11:06:00,465.0,153.75,618.75
2023-12-14 11:07:00,442.5,202.5,645.0
2023-12-14 11:08:00,491.25,161.25,652.5
2023-12-14 11:09:00,408.75,247.5,656.25
2023-12-14 11:10:00,472.5,183.75,656.25
2023-12-14 11:11:00,480.0,191.25,671.25
2023-12-14 11:12:00,465.0,236.25,701.25
2023-12-14 11:13:00,465.0,221.25,686.25
2023-12-14 11:14:00,476.25,228.75,705.0
2023-12-14 11:15:00,457.5,243.75,701.25
2023-12-14 11:16:00,416.25,311.25,727.5
2023-12-14 11:17:00,450.0,281.25,731.25
2023-12-14 11:18:00,483.75,258.75,742.5
2023-12-14 11:19:00,487.5,243.75,731.25
2023-12-14 11:20:00,491.25,258.75,750.0
2023-12-14 11:21:00,498.75,255.0,753.75
2023-12-14 11:22:00,517.5,225.0,742.5
2023-12-14 11:23:00,483.75,243.75,727.5
2023-12-14 11:24:00,491.25,247.5,738.75
2023-12-14 11:25:00,495.0,236.25,731.25
2023-12-14 11:26:00,487.5,255.0,742.5
2023-12-14 11:27:00,510.0,247.5,757.5
2023-12-14 11:28:00,495.0,255.0,750.0
2023-12-14 11:29:00,540.0,221.25,761.25
2023-12-14 11:30:00,551.25,206.25,757.5
2023-12-14 11:31:00,543.75,243.75,787.5
2023-12-14 11:32:00,540.0,247.5,787.5
2023-12-14 11:33:00,536.25,270.0,806.25
2023-12-14 11:34:00,510.0,322.5,832.5
2023-12-14 11:35:00,491.25,348.75,840.0
2023-12-14 11:36:00,498.75,333.75,832.5
2023-12-14 11:37:00,416.25,393.75,810.0
2023-12-14 11:38:00,423.75,386.25,810.0
2023-12-14 11:39:00,427.5,393.75,821.25
2023-12-14 11:40:00,472.5,348.75,821.25
2023-12-14 11:41:00,468.75,393.75,862.5
2023-12-14 11:42:00,345.0,483.75,828.75
2023-12-14 11:43:00,150.0,521.25,671.25
2023-12-14 11:44:00,165.0,513.75,678.75
2023-12-14 11:45:00,157.5,517.5,675.0
2023-12-14 11:46:00,165.0,513.75,678.75
2023-12-14 11:47:00,168.75,525.0,693.75
2023-12-14 11:48:00,258.75,521.25,780.0
2023-12-14 11:49:00,285.0,495.0,780.0
2023-12-14 11:50:00,480.0,446.25,926.25
2023-12-14 11:51:00,547.5,397.5,945.0
2023-12-14 11:52:00,585.0,348.75,933.75
2023-12-14 11:53:00,517.5,420.0,937.5
2023-12-14 11:54:00,547.5,393.75,941.25
2023-12-14 11:55:00,558.75,390.0,948.75
2023-12-14 11:56:00,525.0,427.5,952.5
2023-12-14 11:57:00,528.75,420.0,948.75
2023-12-14 11:58:00,513.75,416.25,930.0
2023-12-14 11:59:00,532.5,401.25,933.75
2023-12-14 12:00:00,558.75,393.75,952.5
2023-12-14 12:01:00,543.75,393.75,937.5
2023-12-14 12:02:00,491.25,468.75,960.0
2023-12-14 12:03:00,465.0,498.75,963.75
2023-12-14 12:04:00,483.75,491.25,975.0
2023-12-14 12:05:00,540.0,457.5,997.5
2023-12-14 12:06:00,547.5,416.25,963.75
2023-12-14 12:07:00,555.0,401.25,956.25
2023-12-14 12:08:00,491.25,506.25,997.5
2023-12-14 12:09:00,480.0,528.75,1008.75
2023-12-14 12:10:00,525.0,498.75,1023.75
2023-12-14 12:11:00,540.0,483.75,1023.75
2023-12-14 12:12:00,562.5,465.0,1027.5
2023-12-14 12:13:00,543.75,476.25,1020.0
2023-12-14 12:14:00,555.0,465.0,1020.0
2023-12-14 12:15:00,555.0,465.0,1020.0
2023-12-14 12:16:00,558.75,450.0,1008.75
2023-12-14 12:17:00,558.75,465.0,1023.75
2023-12-14 12:18:00,536.25,517.5,1053.75
2023-12-14 12:19:00,547.5,506.25,1053.75
2023-12-14 12:20:00,682.5,378.75,1061.25
2023-12-14 12:21:00,648.75,412.5,1061.25
2023-12-14 12:22:00,641.25,442.5,1083.75
2023-12-14 12:23:00,551.25,525.0,1076.25
2023-12-14 12:24:00,506.25,547.5,1053.75
2023-12-14 12:25:00,480.0,573.75,1053.75
2023-12-14 12:26:00,525.0,547.5,1072.5
2023-12-14 12:27:00,502.5,570.0,1072.5
2023-12-14 12:28:00,487.5,573.75,1061.25
2023-12-14 12:29:00,352.5,618.75,971.25
2023-12-14 12:30:00,487.5,573.75,1061.25
2023-12-14 12:31:00,498.75,581.25,1080.0
2023-12-14 12:32:00,581.25,555.0,1136.25
2023-12-14 12:33:00,525.0,577.5,1102.5
2023-12-14 12:34:00,547.5,558.75,1106.25
2023-12-14 12:35:00,528.75,581.25,1110.0
2023-12-14 12:36:00,558.75,570.0,1128.75
2023-12-14 12:37:00,570.0,577.5,1147.5
2023-12-14 12:38:00,558.75,573.75,1132.5
2023-12-14 12:39:00,588.75,573.75,1162.5
2023-12-14 12:40:00,577.5,573.75,1151.25
2023-12-14 12:41:00,551.25,581.25,1132.5
2023-12-14 12:42:00,517.5,615.0,1132.5
2023-12-14 12:43:00,543.75,588.75,1132.5
2023-12-14 12:44:00,562.5,585.0,1147.5
2023-12-14 12:45:00,536.25,600.0,1136.25
2023-12-14 12:46:00,532.5,622.5,1155.0
2023-12-14 12:47:00,532.5,630.0,1162.5
2023-12-14 12:48:00,513.75,645.0,1158.75
2023-12-14 12:49:00,465.0,652.5,1117.5
2023-12-14 12:50:00,453.75,663.75,1117.5
2023-12-14 12:51:00,502.5,652.5,1155.0
2023-12-14 12:52:00,431.25,671.25,1102.5
2023-12-14 12:53:00,423.75,678.75,1102.5
2023-12-14 12:54:00,446.25,682.5,1128.75
2023-12-14 12:55:00,465.0,675.0,1140.0
2023-12-14 12:56:00,480.0,678.75,1158.75
2023-12-14 12:57:00,476.25,682.5,1158.75
2023-12-14 12:58:00,461.25,693.75,1155.0
2023-12-14 12:59:00,453.75,705.0,1158.75
2023-12-14 13:00:00,427.5,716.25,1143.75
2023-12-14 13:01:00,405.0,716.25,1121.25
2023-12-14 13:02:00,483.75,701.25,1185.0
2023-12-14 13:03:00,431.25,720.0,1151.25
2023-12-14 13:04:00,446.25,712.5,1158.75
2023-12-14 13:05:00,468.75,712.5,1181.25
2023-12-14 13:06:00,525.0,690.0,1215.0
2023-12-14 13:07:00,468.75,708.75,1177.5
2023-12-14 13:08:00,420.0,735.0,1155.0
2023-12-14 13:09:00,427.5,727.5,1155.0
2023-12-14 13:10:00,363.75,753.75,1117.5
2023-12-14 13:11:00,330.0,750.0,1080.0
2023-12-14 13:12:00,352.5,753.75,1106.25
2023-12-14 13:13:00,408.75,742.5,1151.25
2023-12-14 13:14:00,322.5,750.0,1072.5
2023-12-14 13:15:00,352.5,750.0,1102.5
2023-12-14 13:16:00,416.25,742.5,1158.75
2023-12-14 13:17:00,382.5,738.75,1121.25
2023-12-14 13:18:00,416.25,738.75,1155.0
2023-12-14 13:19:00,367.5,738.75,1106.25
2023-12-14 13:20:00,-206.25,746.25,540.0
2023-12-14 13:21:00,-401.25,780.0,378.75
2023-12-14 13:22:00,-255.0,787.5,532.5
2023-12-14 13:23:00,-363.75,780.0,416.25
2023-12-14 13:24:00,-367.5,787.5,420.0
2023-12-14 13:25:00,-337.5,791.25,453.75
2023-12-14 13:26:00,-318.75,761.25,442.5
2023-12-14 13:27:00,-236.25,720.0,483.75
2023-12-14 13:28:00,-288.75,750.0,461.25
2023-12-14 13:29:00,-277.5,720.0,442.5
2023-12-14 13:30:00,-251.25,693.75,442.5
2023-12-14 13:31:00,-71.25,581.25,510.0
2023-12-14 13:32:00,-183.75,675.0,491.25
2023-12-14 13:33:00,-360.0,843.75,483.75
2023-12-14 13:34:00,-675.0,1136.25,461.25
2023-12-14 13:35:00,-626.25,1110.0,483.75
2023-12-14 13:36:00,-412.5,1016.25,603.75
2023-12-14 13:37:00,-352.5,971.25,618.75
2023-12-14 13:38:00,-326.25,960.0,633.75
2023-12-14 13:39:00,-393.75,971.25,577.5
2023-12-14 13:40:00,-491.25,1095.0,603.75
2023-12-14 13:41:00,-427.5,1023.75,596.25
2023-12-14 13:42:00,-483.75,1068.75,585.0
2023-12-14 13:43:00,-476.25,1068.75,592.5
2023-12-14 13:44:00,-712.5,1338.75,626.25
2023-12-14 13:45:00,-483.75,1170.0,686.25
2023-12-14 13:46:00,-401.25,1087.5,686.25
2023-12-14 13:47:00,-423.75,1076.25,652.5
2023-12-14 13:48:00,-311.25,1023.75,712.5
2023-12-14 13:49:00,26.25,720.0,746.25
2023-12-14 13:50:00,86.25,637.5,723.75
2023-12-14 13:51:00,63.75,667.5,731.25
2023-12-14 13:52:00,-78.75,888.75,810.0
2023-12-14 13:53:00,-37.5,836.25,798.75
2023-12-14 13:54:00,-82.5,892.5,810.0
2023-12-14 13:55:00,11.25,780.0,791.25
2023-12-14 13:56:00,-48.75,840.0,791.25
2023-12-14 13:57:00,11.25,817.5,828.75
2023-12-14 13:58:00,0.0,825.0,825.0
2023-12-14 13:59:00,-93.75,948.75,855.0
2023-12-14 14:00:00,-138.75,1016.25,877.5
2023-12-14 14:01:00,-157.5,1031.25,873.75
2023-12-14 14:02:00,-33.75,930.0,896.25
2023-12-14 14:03:00,22.5,870.0,892.5
2023-12-14 14:04:00,22.5,881.25,903.75
2023-12-14 14:05:00,206.25,603.75,810.0
2023-12-14 14:06:00,52.5,847.5,900.0
2023-12-14 14:07:00,52.5,843.75,896.25
2023-12-14 14:08:00,142.5,712.5,855.0
2023-12-14 14:09:00,356.25,446.25,802.5
2023-12-14 14:10:00,401.25,423.75,825.0
2023-12-14 14:11:00,307.5,663.75,971.25
2023-12-14 14:12:00,-11.25,1140.0,1128.75
2023-12-14 14:13:00,90.0,1117.5,1207.5
2023-12-14 14:14:00,52.5,1102.5,1155.0
2023-12-14 14:15:00,120.0,1098.75,1218.75
2023-12-14 14:16:00,90.0,1185.0,1275.0
2023-12-14 14:17:00,93.75,1170.0,1263.75
2023-12-14 14:18:00,255.0,1016.25,1271.25
2023-12-14 14:19:00,198.75,1016.25,1215.0
2023-12-14 14:20:00,108.75,1181.25,1290.0
2023-12-14 14:21:00,142.5,1091.25,1233.75
2023-12-14 14:22:00,191.25,1050.0,1241.25
2023-12-14 14:23:00,176.25,1057.5,1233.75
2023-12-14 14:24:00,202.5,1053.75,1256.25
2023-12-14 14:25:00,120.0,1143.75,1263.75
2023-12-14 14:26:00,15.0,1308.75,1323.75
2023-12-14 14:27:00,-71.25,1410.0,1338.75
2023-12-14 14:28:00,26.25,1323.75,1350.0
2023-12-14 14:29:00,33.75,1305.0,1338.75
2023-12-14 14:30:00,112.5,1278.75,1391.25
2023-12-14 14:31:00,78.75,1391.25,1470.0
2023-12-14 14:32:00,172.5,1271.25,1443.75
2023-12-14 14:33:00,311.25,1068.75,1380.0
2023-12-14 14:34:00,416.25,761.25,1177.5
2023-12-14 14:35:00,240.0,1196.25,1436.25
2023-12-14 14:36:00,345.0,1065.0,1410.0
2023-12-14 14:37:00,348.75,1035.0,1383.75
2023-12-14 14:38:00,468.75,795.0,1263.75
2023-12-14 14:39:00,408.75,990.0,1398.75
2023-12-14 14:40:00,468.75,1027.5,1496.25
2023-12-14 14:41:00,487.5,986.25,1473.75
2023-12-14 14:42:00,438.75,1158.75,1597.5
2023-12-14 14:43:00,431.25,1230.0,1661.25
2023-12-14 14:44:00,356.25,1365.0,1721.25
2023-12-14 14:45:00,390.0,1387.5,1777.5
2023-12-14 14:46:00,386.25,1338.75,1725.0
2023-12-14 14:47:00,731.25,622.5,1353.75
2023-12-14 14:48:00,667.5,840.0,1507.5
2023-12-14 14:49:00,693.75,776.25,1470.0
2023-12-14 14:50:00,742.5,656.25,1398.75
2023-12-14 14:51:00,847.5,510.0,1357.5
2023-12-14 14:52:00,817.5,776.25,1593.75
2023-12-14 14:53:00,888.75,498.75,1387.5
2023-12-14 14:54:00,930.0,-7.5,922.5
2023-12-14 14:55:00,971.25,-232.5,738.75
2023-12-14 14:56:00,971.25,-476.25,495.0
2023-12-14 14:57:00,1016.25,-438.75,577.5
2023-12-14 14:58:00,1020.0,-405.0,615.0
2023-12-14 14:59:00,1008.75,-322.5,686.25
2023-12-14 15:00:00,1016.25,-423.75,592.5
2023-12-14 15:01:00,1046.25,-420.0,626.25
2023-12-14 15:02:00,1057.5,-90.0,967.5
2023-12-14 15:03:00,1035.0,532.5,1567.5
2023-12-14 15:04:00,1046.25,386.25,1432.5
2023-12-14 15:05:00,1046.25,382.5,1428.75
2023-12-14 15:06:00,1053.75,281.25,1335.0
2023-12-14 15:07:00,1072.5,150.0,1222.5
2023-12-14 15:08:00,1076.25,168.75,1245.0
2023-12-14 15:09:00,1080.0,281.25,1361.25
2023-12-14 15:10:00,1080.0,153.75,1233.75
2023-12-14 15:11:00,1080.0,202.5,1282.5
2023-12-14 15:12:00,1076.25,112.5,1188.75
2023-12-14 15:13:00,1080.0,-112.5,967.5
2023-12-14 15:14:00,1080.0,67.5,1147.5
2023-12-14 15:15:00,1080.0,168.75,1248.75
2023-12-14 15:16:00,1083.75,318.75,1402.5
2023-12-14 15:17:00,1083.75,461.25,1545.0
2023-12-14 15:18:00,1080.0,536.25,1616.25
2023-12-14 15:19:00,1080.0,551.25,1631.25
2023-12-14 15:20:00,1080.0,731.25,1811.25
2023-12-14 15:21:00,1080.0,731.25,1811.25
2023-12-14 15:22:00,1080.0,731.25,1811.25
2023-12-14 15:23:00,1080.0,731.25,1811.25
2023-12-14 15:24:00,1080.0,731.25,1811.25
2023-12-14 15:25:00,1080.0,731.25,1811.25
2023-12-14 15:26:00,1080.0,731.25,1811.25
2023-12-14 15:27:00,1080.0,731.25,1811.25
2023-12-14 15:28:00,1080.0,731.25,1811.25
2023-12-14 15:29:00,1080.0,731.25,1811.25
2023-12-14 15:30:00,1080.0,731.25,1811.25
2023-12-21 10:15:00,0.0,0.0,0.0
2023-12-21 10:16:00,273.75,-191.25,82.5
2023-12-21 10:17:00,-15.0,45.0,30.0
2023-12-21 10:18:00,-176.25,262.5,86.25
2023-12-21 10:19:00,-326.25,363.75,37.5
2023-12-21 10:20:00,-153.75,247.5,93.75
2023-12-21 10:21:00,-93.75,221.25,127.5
2023-12-21 10:22:00,-165.0,303.75,138.75
2023-12-21 10:23:00,-26.25,217.5,191.25
2023-12-21 10:24:00,-82.5,281.25,198.75
2023-12-21 10:25:00,-206.25,420.0,213.75
2023-12-21 10:26:00,-90.0,360.0,270.0
2023-12-21 10:27:00,-30.0,311.25,281.25
2023-12-21 10:28:00,56.25,180.0,236.25
2023-12-21 10:29:00,90.0,176.25,266.25
2023-12-21 10:30:00,341.25,-75.0,266.25
2023-12-21 10:31:00,720.0,-761.25,-41.25
2023-12-21 10:32:00,753.75,-667.5,86.25
2023-12-21 10:33:00,783.75,-1121.25,-337.5
2023-12-21 10:34:00,795.0,-960.0,-165.0
2023-12-21 10:35:00,776.25,-753.75,22.5
2023-12-21 10:36:00,712.5,-468.75,243.75
2023-12-21 10:37:00,660.0,-408.75,251.25
2023-12-21 10:38:00,750.0,-667.5,82.5
2023-12-21 10:39:00,723.75,-536.25,187.5
2023-12-21 10:40:00,738.75,-566.25,172.5
2023-12-21 10:41:00,708.75,-397.5,311.25
2023-12-21 10:42:00,240.0,487.5,727.5
2023-12-21 10:43:00,-26.25,592.5,566.25
2023-12-21 10:44:00,-262.5,705.0,442.5
2023-12-21 10:45:00,-262.5,705.0,442.5
2023-12-21 10:46:00,-746.25,716.25,-30.0
2023-12-21 10:47:00,-363.75,663.75,300.0
2023-12-21 10:48:00,-356.25,648.75,292.5
2023-12-21 10:49:00,-251.25,633.75,382.5
2023-12-21 10:50:00,-127.5,611.25,483.75
2023-12-21 10:51:00,78.75,495.0,573.75
2023-12-21 10:52:00,-93.75,581.25,487.5
2023-12-21 10:53:00,-352.5,712.5,360.0
2023-12-21 10:54:00,-300.0,675.0,375.0
2023-12-21 10:55:00,-292.5,641.25,348.75
2023-12-21 10:56:00,-386.25,675.0,288.75
2023-12-21 10:57:00,-240.0,637.5,397.5
2023-12-21 10:58:00,-307.5,645.0,337.5
2023-12-21 10:59:00,-262.5,652.5,390.0
2023-12-21 11:00:00,-476.25,840.0,363.75
2023-12-21 11:01:00,-731.25,937.5,206.25
2023-12-21 11:02:00,-600.0,963.75,363.75
2023-12-21 11:03:00,-772.5,1008.75,236.25
2023-12-21 11:04:00,-633.75,1016.25,382.5
2023-12-21 11:05:00,-521.25,952.5,431.25
2023-12-21 11:06:00,-393.75,937.5,543.75
2023-12-21 11:07:00,-127.5,892.5,765.0
2023-12-21 11:08:00,18.75,768.75,787.5
2023-12-21 11:09:00,71.25,675.0,746.25
2023-12-21 11:10:00,22.5,716.25,738.75
2023-12-21 11:11:00,33.75,712.5,746.25
2023-12-21 11:12:00,90.0,761.25,851.25
2023-12-21 11:13:00,60.0,772.5,832.5
2023-12-21 11:14:00,37.5,753.75,791.25
2023-12-21 11:15:00,-60.0,870.0,810.0
2023-12-21 11:16:00,15.0,828.75,843.75
2023-12-21 11:17:00,330.0,675.0,1005.0
2023-12-21 11:18:00,382.5,528.75,911.25
2023-12-21 11:19:00,446.25,532.5,978.75
2023-12-21 11:20:00,273.75,791.25,1065.0
2023-12-21 11:21:00,180.0,795.0,975.0
2023-12-21 11:22:00,232.5,753.75,986.25
2023-12-21 11:23:00,315.0,716.25,1031.25
2023-12-21 11:24:00,191.25,783.75,975.0
2023-12-21 11:25:00,-56.25,911.25,855.0
2023-12-21 11:26:00,33.75,866.25,900.0
2023-12-21 11:27:00,206.25,787.5,993.75
2023-12-21 11:28:00,198.75,783.75,982.5
2023-12-21 11:29:00,258.75,746.25,1005.0
2023-12-21 11:30:00,266.25,720.0,986.25
2023-12-21 11:31:00,232.5,746.25,978.75
2023-12-21 11:32:00,142.5,806.25,948.75
2023-12-21 11:33:00,86.25,840.0,926.25
2023-12-21 11:34:00,-37.5,858.75,821.25
2023-12-21 11:35:00,101.25,855.0,956.25
2023-12-21 11:36:00,78.75,855.0,933.75
2023-12-21 11:37:00,-3.75,866.25,862.5
2023-12-21 11:38:00,90.0,802.5,892.5
2023-12-21 11:39:00,15.0,903.75,918.75
2023-12-21 11:40:00,45.0,903.75,948.75
2023-12-21 11:41:00,-82.5,971.25,888.75
2023-12-21 11:42:00,-135.0,997.5,862.5
2023-12-21 11:43:00,7.5,933.75,941.25
2023-12-21 11:44:00,56.25,888.75,945.0
2023-12-21 11:45:00,-37.5,948.75,911.25
2023-12-21 11:46:00,-56.25,948.75,892.5
2023-12-21 11:47:00,-468.75,1057.5,588.75
2023-12-21 11:48:00,-71.25,937.5,866.25
2023-12-21 11:49:00,18.75,933.75,952.5
2023-12-21 11:50:00,67.5,896.25,963.75
2023-12-21 11:51:00,48.75,922.5,971.25
2023-12-21 11:52:00,-3.75,930.0,926.25
2023-12-21 11:53:00,-82.5,967.5,885.0
2023-12-21 11:54:00,-123.75,1001.25,877.5
2023-12-21 11:55:00,-146.25,986.25,840.0
2023-12-21 11:56:00,-258.75,1005.0,746.25
2023-12-21 11:57:00,-112.5,975.0,862.5
2023-12-21 11:58:00,-135.0,982.5,847.5
2023-12-21 11:59:00,-86.25,971.25,885.0
2023-12-21 12:00:00,-82.5,986.25,903.75
2023-12-21 12:01:00,-172.5,1012.5,840.0
2023-12-21 12:02:00,-105.0,1005.0,900.0
2023-12-21 12:03:00,-180.0,1023.75,843.75
2023-12-21 12:04:00,-472.5,1087.5,615.0
2023-12-21 12:05:00,-847.5,1147.5,300.0
2023-12-21 12:06:00,-656.25,1136.25,480.0
2023-12-21 12:07:00,-855.0,1173.75,318.75
2023-12-21 12:08:00,-697.5,1151.25,453.75
2023-12-21 12:09:00,-705.0,1147.5,442.5
2023-12-21 12:10:00,-592.5,1136.25,543.75
2023-12-21 12:11:00,-517.5,1110.0,592.5
2023-12-21 12:12:00,-641.25,1140.0,498.75
2023-12-21 12:13:00,-495.0,1128.75,633.75
2023-12-21 12:14:00,-322.5,1106.25,783.75
2023-12-21 12:15:00,-487.5,1113.75,626.25
2023-12-21 12:16:00,-438.75,1098.75,660.0
2023-12-21 12:17:00,-603.75,1128.75,525.0
2023-12-21 12:18:00,-513.75,1106.25,592.5
2023-12-21 12:19:00,-525.0,1106.25,581.25
2023-12-21 12:20:00,-630.0,1147.5,517.5
2023-12-21 12:21:00,-720.0,1177.5,457.5
2023-12-21 12:22:00,-442.5,1128.75,686.25
2023-12-21 12:23:00,-558.75,1136.25,577.5
2023-12-21 12:24:00,-840.0,1203.75,363.75
2023-12-21 12:25:00,-993.75,1230.0,236.25
2023-12-21 12:26:00,-1005.0,1200.0,195.0
2023-12-21 12:27:00,-1095.0,1215.0,120.0
2023-12-21 12:28:00,-1428.75,1218.75,-210.0
2023-12-21 12:29:00,-1380.0,1260.0,-120.0
2023-12-21 12:30:00,-2145.0,1278.75,-866.25
2023-12-21 12:31:00,-2047.5,1260.0,-787.5
2023-12-21 12:32:00,-1938.75,1260.0,-678.75
2023-12-21 12:33:00,-1882.5,1308.75,-573.75
2023-12-21 12:34:00,-1912.5,1241.25,-671.25
2023-12-21 12:35:00,-1931.25,1290.0,-641.25
2023-12-21 12:36:00,-1803.75,1282.5,-521.25
2023-12-21 12:37:00,-2186.25,1507.5,-678.75
2023-12-21 12:38:00,-2190.0,1462.5,-727.5
2023-12-21 12:39:00,-3045.0,1886.25,-1158.75
2023-12-21 12:40:00,-3225.0,1908.75,-1316.25
2023-12-21 12:41:00,-3225.0,1890.0,-1335.0
2023-12-21 12:42:00,-3251.25,1863.75,-1387.5
2023-12-21 12:43:00,-3870.0,2058.75,-1811.25
2023-12-21 12:44:00,-3671.25,2006.25,-1665.0
2023-12-21 12:45:00,-4065.0,1987.5,-2077.5
2023-12-21 12:46:00,-3592.5,1890.0,-1702.5
2023-12-21 12:47:00,-3581.25,1803.75,-1777.5
2023-12-21 12:48:00,-3768.75,2040.0,-1728.75
2023-12-21 12:49:00,-3783.75,2047.5,-1736.25
2023-12-21 12:50:00,-3750.0,2066.25,-1683.75
2023-12-21 12:51:00,-3693.75,2028.75,-1665.0
2023-12-21 12:52:00,-3600.0,1916.25,-1683.75
2023-12-21 12:53:00,-3705.0,2062.5,-1642.5
2023-12-21 12:54:00,-3682.5,2062.5,-1620.0
2023-12-21 12:55:00,-4080.0,2268.75,-1811.25
2023-12-21 12:56:00,-3742.5,2085.0,-1657.5
2023-12-21 12:57:00,-3682.5,2043.75,-1638.75
2023-12-21 12:58:00,-3750.0,2047.5,-1702.5
2023-12-21 12:59:00,-3712.5,2055.0,-1657.5
2023-12-21 13:00:00,-3675.0,2077.5,-1597.5
2023-12-21 13:01:00,-3701.25,2062.5,-1638.75
2023-12-21 13:02:00,-3450.0,1920.0,-1530.0
2023-12-21 13:03:00,-3667.5,2096.25,-1571.25
2023-12-21 13:04:00,-3705.0,2115.0,-1590.0
2023-12-21 13:05:00,-3663.75,2096.25,-1567.5
2023-12-21 13:06:00,-3547.5,2006.25,-1541.25
2023-12-21 13:07:00,-3457.5,1901.25,-1556.25
2023-12-21 13:08:00,-3468.75,1912.5,-1556.25
2023-12-21 13:09:00,-3427.5,1901.25,-1526.25
2023-12-21 13:10:00,-3247.5,1743.75,-1503.75
2023-12-21 13:11:00,-3123.75,1515.0,-1608.75
2023-12-21 13:12:00,-3397.5,1983.75,-1413.75
2023-12-21 13:13:00,-3420.0,2130.0,-1290.0
2023-12-21 13:14:00,-3397.5,2040.0,-1357.5
2023-12-21 13:15:00,-3570.0,2381.25,-1188.75
2023-12-21 13:16:00,-3675.0,2358.75,-1316.25
2023-12-21 13:17:00,-3622.5,2355.0,-1267.5
2023-12-21 13:18:00,-3532.5,2310.0,-1222.5
2023-12-21 13:19:00,-3375.0,2186.25,-1188.75
2023-12-21 13:20:00,-3393.75,2231.25,-1162.5
2023-12-21 13:21:00,-3408.75,2197.5,-1211.25
2023-12-21 13:22:00,-3360.0,2148.75,-1211.25
2023-12-21 13:23:00,-3326.25,2130.0,-1196.25
2023-12-21 13:24:00,-3303.75,2122.5,-1181.25
2023-12-21 13:25:00,-3348.75,2242.5,-1106.25
2023-12-21 13:26:00,-3281.25,2163.75,-1117.5
2023-12-21 13:27:00,-3333.75,2276.25,-1057.5
2023-12-21 13:28:00,-3360.0,2298.75,-1061.25
2023-12-21 13:29:00,-3345.0,2276.25,-1068.75
2023-12-21 13:30:00,-3393.75,2373.75,-1020.0
2023-12-21 13:31:00,-3401.25,2403.75,-997.5
2023-12-21 13:32:00,-3870.0,2681.25,-1188.75
2023-12-21 13:33:00,-3885.0,2707.5,-1177.5
2023-12-21 13:34:00,-3806.25,2726.25,-1080.0
2023-12-21 13:35:00,-3960.0,2820.0,-1140.0
2023-12-21 13:36:00,-3761.25,2767.5,-993.75
2023-12-21 13:37:00,-3326.25,2580.0,-746.25
2023-12-21 13:38:00,-2913.75,2043.75,-870.0
2023-12-21 13:39:00,-2921.25,1800.0,-1121.25
2023-12-21 13:40:00,-2891.25,1500.0,-1391.25
2023-12-21 13:41:00,-2658.75,896.25,-1762.5
2023-12-21 13:42:00,-2632.5,900.0,-1732.5
2023-12-21 13:43:00,-2756.25,1650.0,-1106.25
2023-12-21 13:44:00,-2745.0,1957.5,-787.5
2023-12-21 13:45:00,-2715.0,1627.5,-1087.5
2023-12-21 13:46:00,-2591.25,723.75,-1867.5
2023-12-21 13:47:00,-2610.0,1068.75,-1541.25
2023-12-21 13:48:00,-2632.5,1383.75,-1248.75
2023-12-21 13:49:00,-2632.5,1331.25,-1301.25
2023-12-21 13:50:00,-2733.75,1897.5,-836.25
2023-12-21 13:51:00,-2898.75,2347.5,-551.25
2023-12-21 13:52:00,-2883.75,2317.5,-566.25
2023-12-21 13:53:00,-2842.5,2298.75,-543.75
2023-12-21 13:54:00,-2598.75,1597.5,-1001.25
2023-12-21 13:55:00,-2647.5,1860.0,-787.5
2023-12-21 13:56:00,-2666.25,1867.5,-798.75
2023-12-21 13:57:00,-2613.75,1747.5,-866.25
2023-12-21 13:58:00,-2662.5,1935.0,-727.5
2023-12-21 13:59:00,-2685.0,2070.0,-615.0
2023-12-21 14:00:00,-2681.25,2250.0,-431.25
2023-12-21 14:01:00,-2658.75,2235.0,-423.75
2023-12-21 14:02:00,-2617.5,2047.5,-570.0
2023-12-21 14:03:00,-2583.75,1800.0,-783.75
2023-12-21 14:04:00,-2587.5,1668.75,-918.75
2023-12-21 14:05:00,-2508.75,1278.75,-1230.0
2023-12-21 14:06:00,-2531.25,1466.25,-1065.0
2023-12-21 14:07:00,-2516.25,1380.0,-1136.25
2023-12-21 14:08:00,-2505.0,1443.75,-1061.25
2023-12-21 14:09:00,-2493.75,1653.75,-840.0
2023-12-21 14:10:00,-2505.0,1620.0,-885.0
2023-12-21 14:11:00,-2508.75,1923.75,-585.0
2023-12-21 14:12:00,-2497.5,1777.5,-720.0
2023-12-21 14:13:00,-2493.75,1725.0,-768.75
2023-12-21 14:14:00,-2490.0,1830.0,-660.0
2023-12-21 14:15:00,-2520.0,2118.75,-401.25
2023-12-21 14:16:00,-2595.0,2456.25,-138.75
2023-12-21 14:17:00,-2583.75,2430.0,-153.75
2023-12-21 14:18:00,-2516.25,2220.0,-296.25
2023-12-21 14:19:00,-2561.25,2463.75,-97.5
2023-12-21 14:20:00,-2542.5,2385.0,-157.5
2023-12-21 14:21:00,-2580.0,2501.25,-78.75
2023-12-21 14:22:00,-2688.75,2748.75,60.0
2023-12-21 14:23:00,-2681.25,2700.0,18.75
2023-12-21 14:24:00,-2775.0,2846.25,71.25
2023-12-21 14:25:00,-2760.0,2891.25,131.25
2023-12-21 14:26:00,-2700.0,2838.75,138.75
2023-12-21 14:27:00,-2703.75,2857.5,153.75
2023-12-21 14:28:00,-2655.0,2820.0,165.0
2023-12-21 14:29:00,-2718.75,2966.25,247.5
2023-12-21 14:30:00,-2700.0,2985.0,285.0
2023-12-21 14:31:00,-2801.25,3097.5,296.25
2023-12-21 14:32:00,-2820.0,3131.25,311.25
2023-12-21 14:33:00,-2936.25,3213.75,277.5
2023-12-21 14:34:00,-2846.25,3153.75,307.5
2023-12-21 14:35:00,-2838.75,3150.0,311.25
2023-12-21 14:36:00,-2838.75,3146.25,307.5
2023-12-21 14:37:00,-2801.25,3135.0,333.75
2023-12-21 14:38:00,-2677.5,3071.25,393.75
2023-12-21 14:39:00,-2707.5,3116.25,408.75
2023-12-21 14:40:00,-2797.5,3206.25,408.75
2023-12-21 14:41:00,-2943.75,3240.0,296.25
2023-12-21 14:42:00,-2940.0,3258.75,318.75
2023-12-21 14:43:00,-2985.0,3292.5,307.5
2023-12-21 14:44:00,-2996.25,3296.25,300.0
2023-12-21 14:45:00,-2778.75,3266.25,487.5
2023-12-21 14:46:00,-2748.75,3288.75,540.0
2023-12-21 14:47:00,-2883.75,3345.0,461.25
2023-12-21 14:48:00,-2823.75,3303.75,480.0
2023-12-21 14:49:00,-2838.75,3322.5,483.75
2023-12-21 14:50:00,-2715.0,3303.75,588.75
2023-12-21 14:51:00,-2715.0,3292.5,577.5
2023-12-21 14:52:00,-2613.75,3273.75,660.0
2023-12-21 14:53:00,-2625.0,3277.5,652.5
2023-12-21 14:54:00,-2516.25,3198.75,682.5
2023-12-21 14:55:00,-2568.75,3270.0,701.25
2023-12-21 14:56:00,-2523.75,3228.75,705.0
2023-12-21 14:57:00,-2426.25,3157.5,731.25
2023-12-21 14:58:00,-2482.5,3247.5,765.0
2023-12-21 14:59:00,-2482.5,3296.25,813.75
2023-12-21 15:00:00,-2441.25,3255.0,813.75
2023-12-21 15:01:00,-2403.75,3266.25,862.5
2023-12-21 15:02:00,-2396.25,3363.75,967.5
2023-12-21 15:03:00,-2373.75,3345.0,971.25
2023-12-21 15:04:00,-2370.0,3397.5,1027.5
2023-12-21 15:05:00,-2362.5,3405.0,1042.5
2023-12-21 15:06:00,-2362.5,3435.0,1072.5
2023-12-21 15:07:00,-2358.75,3416.25,1057.5
2023-12-21 15:08:00,-2355.0,3431.25,1076.25
2023-12-21 15:09:00,-2358.75,3435.0,1076.25
2023-12-21 15:10:00,-2358.75,3431.25,1072.5
2023-12-21 15:11:00,-2358.75,3435.0,1076.25
2023-12-21 15:12:00,-2362.5,3453.75,1091.25
2023-12-21 15:13:00,-2370.0,3457.5,1087.5
2023-12-21 15:14:00,-2358.75,3461.25,1102.5
2023-12-21 15:15:00,-2355.0,3461.25,1106.25
2023-12-21 15:16:00,-2358.75,3461.25,1102.5
2023-12-21 15:17:00,-2358.75,3457.5,1098.75
2023-12-21 15:18:00,-2355.0,3461.25,1106.25
2023-12-21 15:19:00,-2355.0,3461.25,1106.25
2023-12-21 15:20:00,-2351.25,3457.5,1106.25
2023-12-21 15:21:00,-2351.25,3457.5,1106.25
2023-12-21 15:22:00,-2351.25,3457.5,1106.25
2023-12-21 15:23:00,-2351.25,3457.5,1106.25
2023-12-21 15:24:00,-2351.25,3457.5,1106.25
2023-12-21 15:25:00,-2351.25,3457.5,1106.25
2023-12-21 15:26:00,-2351.25,3457.5,1106.25
2023-12-21 15:27:00,-2351.25,3457.5,1106.25
2023-12-21 15:28:00,-2351.25,3457.5,1106.25
2023-12-21 15:29:00,-2351.25,3457.5,1106.25
2023-12-21 15:30:00,-2351.25,3457.5,1106.25
2023-12-28 10:15:00,0.0,0.0,0.0
2023-12-28 10:16:00,116.25,-93.75,22.5
2023-12-28 10:17:00,60.0,52.5,112.5
2023-12-28 10:18:00,-11.25,228.75,217.5
2023-12-28 10:19:00,-56.25,330.0,273.75
2023-12-28 10:20:00,-93.75,457.5,363.75
2023-12-28 10:21:00,71.25,183.75,255.0
2023-12-28 10:22:00,210.0,7.5,217.5
2023-12-28 10:23:00,255.0,-97.5,157.5
2023-12-28 10:24:00,33.75,330.0,363.75
2023-12-28 10:25:00,82.5,345.0,427.5
2023-12-28 10:26:00,161.25,258.75,420.0
2023-12-28 10:27:00,180.0,288.75,468.75
2023-12-28 10:28:00,168.75,378.75,547.5
2023-12-28 10:29:00,127.5,498.75,626.25
2023-12-28 10:30:00,11.25,742.5,753.75
2023-12-28 10:31:00,86.25,896.25,982.5
2023-12-28 10:32:00,243.75,768.75,1012.5
2023-12-28 10:33:00,322.5,682.5,1005.0
2023-12-28 10:34:00,296.25,768.75,1065.0
2023-12-28 10:35:00,345.0,746.25,1091.25
2023-12-28 10:36:00,375.0,701.25,1076.25
2023-12-28 10:37:00,528.75,401.25,930.0
2023-12-28 10:38:00,476.25,573.75,1050.0
2023-12-28 10:39:00,532.5,528.75,1061.25
2023-12-28 10:40:00,603.75,431.25,1035.0
2023-12-28 10:41:00,716.25,180.0,896.25
2023-12-28 10:42:00,641.25,453.75,1095.0
2023-12-28 10:43:00,495.0,708.75,1203.75
2023-12-28 10:44:00,693.75,495.0,1188.75
2023-12-28 10:45:00,637.5,600.0,1237.5
2023-12-28 10:46:00,607.5,663.75,1271.25
2023-12-28 10:47:00,483.75,851.25,1335.0
2023-12-28 10:48:00,435.0,885.0,1320.0
2023-12-28 10:49:00,510.0,892.5,1402.5
2023-12-28 10:50:00,446.25,971.25,1417.5
2023-12-28 10:51:00,446.25,1020.0,1466.25
2023-12-28 10:52:00,517.5,971.25,1488.75
2023-12-28 10:53:00,652.5,813.75,1466.25
2023-12-28 10:54:00,671.25,832.5,1503.75
2023-12-28 10:55:00,798.75,592.5,1391.25
2023-12-28 10:56:00,761.25,690.0,1451.25
2023-12-28 10:57:00,701.25,821.25,1522.5
2023-12-28 10:58:00,772.5,648.75,1421.25
2023-12-28 10:59:00,862.5,558.75,1421.25
2023-12-28 11:00:00,885.0,686.25,1571.25
2023-12-28 11:01:00,862.5,667.5,1530.0
2023-12-28 11:02:00,813.75,746.25,1560.0
2023-12-28 11:03:00,888.75,562.5,1451.25
2023-12-28 11:04:00,877.5,618.75,1496.25
2023-12-28 11:05:00,840.0,720.0,1560.0
2023-12-28 11:06:00,813.75,731.25,1545.0
2023-12-28 11:07:00,791.25,780.0,1571.25
2023-12-28 11:08:00,570.0,1050.0,1620.0
2023-12-28 11:09:00,60.0,1346.25,1406.25
2023-12-28 11:10:00,232.5,1346.25,1578.75
2023-12-28 11:11:00,52.5,1440.0,1492.5
2023-12-28 11:12:00,26.25,1451.25,1477.5
2023-12-28 11:13:00,135.0,1398.75,1533.75
2023-12-28 11:14:00,-30.0,1436.25,1406.25
2023-12-28 11:15:00,401.25,1335.0,1736.25
2023-12-28 11:16:00,345.0,1376.25,1721.25
2023-12-28 11:17:00,341.25,1361.25,1702.5
2023-12-28 11:18:00,513.75,1286.25,1800.0
2023-12-28 11:19:00,465.0,1335.0,1800.0
2023-12-28 11:20:00,491.25,1331.25,1822.5
2023-12-28 11:21:00,513.75,1350.0,1863.75
2023-12-28 11:22:00,453.75,1365.0,1818.75
2023-12-28 11:23:00,581.25,1346.25,1927.5
2023-12-28 11:24:00,543.75,1335.0,1878.75
2023-12-28 11:25:00,555.0,1346.25,1901.25
2023-12-28 11:26:00,468.75,1376.25,1845.0
2023-12-28 11:27:00,423.75,1410.0,1833.75
2023-12-28 11:28:00,405.0,1417.5,1822.5
2023-12-28 11:29:00,532.5,1380.0,1912.5
2023-12-28 11:30:00,416.25,1436.25,1852.5
2023-12-28 11:31:00,435.0,1440.0,1875.0
2023-12-28 11:32:00,382.5,1485.0,1867.5
2023-12-28 11:33:00,292.5,1515.0,1807.5
2023-12-28 11:34:00,393.75,1492.5,1886.25
2023-12-28 11:35:00,408.75,1492.5,1901.25
2023-12-28 11:36:00,330.0,1530.0,1860.0
2023-12-28 11:37:00,367.5,1522.5,1890.0
2023-12-28 11:38:00,322.5,1526.25,1848.75
2023-12-28 11:39:00,311.25,1533.75,1845.0
2023-12-28 11:40:00,356.25,1526.25,1882.5
2023-12-28 11:41:00,330.0,1526.25,1856.25
2023-12-28 11:42:00,333.75,1541.25,1875.0
2023-12-28 11:43:00,480.0,1503.75,1983.75
2023-12-28 11:44:00,543.75,1466.25,2010.0
2023-12-28 11:45:00,480.0,1488.75,1968.75
2023-12-28 11:46:00,483.75,1473.75,1957.5
2023-12-28 11:47:00,450.0,1488.75,1938.75
2023-12-28 11:48:00,525.0,1473.75,1998.75
2023-12-28 11:49:00,525.0,1455.0,1980.0
2023-12-28 11:50:00,476.25,1492.5,1968.75
2023-12-28 11:51:00,465.0,1507.5,1972.5
2023-12-28 11:52:00,502.5,1500.0,2002.5
2023-12-28 11:53:00,536.25,1473.75,2010.0
2023-12-28 11:54:00,566.25,1470.0,2036.25
2023-12-28 11:55:00,536.25,1496.25,2032.5
2023-12-28 11:56:00,641.25,1462.5,2103.75
2023-12-28 11:57:00,562.5,1500.0,2062.5
2023-12-28 11:58:00,581.25,1511.25,2092.5
2023-12-28 11:59:00,577.5,1503.75,2081.25
2023-12-28 12:00:00,547.5,1503.75,2051.25
2023-12-28 12:01:00,630.0,1440.0,2070.0
2023-12-28 12:02:00,607.5,1473.75,2081.25
2023-12-28 12:03:00,483.75,1545.0,2028.75
2023-12-28 12:04:00,517.5,1541.25,2058.75
2023-12-28 12:05:00,517.5,1541.25,2058.75
2023-12-28 12:06:00,528.75,1541.25,2070.0
2023-12-28 12:07:00,491.25,1545.0,2036.25
2023-12-28 12:08:00,450.0,1537.5,1987.5
2023-12-28 12:09:00,461.25,1526.25,1987.5
2023-12-28 12:10:00,483.75,1526.25,2010.0
2023-12-28 12:11:00,498.75,1515.0,2013.75
2023-12-28 12:12:00,611.25,1466.25,2077.5
2023-12-28 12:13:00,592.5,1473.75,2066.25
2023-12-28 12:14:00,828.75,1350.0,2178.75
2023-12-28 12:15:00,705.0,1447.5,2152.5
2023-12-28 12:16:00,648.75,1477.5,2126.25
2023-12-28 12:17:00,675.0,1515.0,2190.0
2023-12-28 12:18:00,693.75,1473.75,2167.5
2023-12-28 12:19:00,637.5,1507.5,2145.0
2023-12-28 12:20:00,558.75,1503.75,2062.5
2023-12-28 12:21:00,562.5,1507.5,2070.0
2023-12-28 12:22:00,498.75,1522.5,2021.25
2023-12-28 12:23:00,510.0,1526.25,2036.25
2023-12-28 12:24:00,270.0,1541.25,1811.25
2023-12-28 12:25:00,262.5,1556.25,1818.75
2023-12-28 12:26:00,277.5,1560.0,1837.5
2023-12-28 12:27:00,198.75,1586.25,1785.0
2023-12-28 12:28:00,-405.0,1571.25,1166.25
2023-12-28 12:29:00,-393.75,1612.5,1218.75
2023-12-28 12:30:00,-378.75,1665.0,1286.25
2023-12-28 12:31:00,-285.0,1668.75,1383.75
2023-12-28 12:32:00,-97.5,1650.0,1552.5
2023-12-28 12:33:00,-270.0,1653.75,1383.75
2023-12-28 12:34:00,-206.25,1661.25,1455.0
2023-12-28 12:35:00,-146.25,1665.0,1518.75
2023-12-28 12:36:00,67.5,1638.75,1706.25
2023-12-28 12:37:00,-131.25,1665.0,1533.75
2023-12-28 12:38:00,-168.75,1691.25,1522.5
2023-12-28 12:39:00,-161.25,1691.25,1530.0
2023-12-28 12:40:00,-146.25,1713.75,1567.5
2023-12-28 12:41:00,-56.25,1691.25,1635.0
2023-12-28 12:42:00,-71.25,1691.25,1620.0
2023-12-28 12:43:00,-48.75,1695.0,1646.25
2023-12-28 12:44:00,-26.25,1702.5,1676.25
2023-12-28 12:45:00,-135.0,1740.0,1605.0
2023-12-28 12:46:00,-90.0,1743.75,1653.75
2023-12-28 12:47:00,-326.25,1770.0,1443.75
2023-12-28 12:48:00,-258.75,1777.5,1518.75
2023-12-28 12:49:00,-168.75,1781.25,1612.5
2023-12-28 12:50:00,-90.0,1785.0,1695.0
2023-12-28 12:51:00,645.0,1710.0,2355.0
2023-12-28 12:52:00,416.25,1755.0,2171.25
2023-12-28 12:53:00,506.25,1721.25,2227.5
2023-12-28 12:54:00,412.5,1755.0,2167.5
2023-12-28 12:55:00,461.25,1747.5,2208.75
2023-12-28 12:56:00,330.0,1781.25,2111.25
2023-12-28 12:57:00,412.5,1770.0,2182.5
2023-12-28 12:58:00,322.5,1781.25,2103.75
2023-12-28 12:59:00,427.5,1766.25,2193.75
2023-12-28 13:00:00,573.75,1728.75,2302.5
2023-12-28 13:01:00,543.75,1732.5,2276.25
2023-12-28 13:02:00,525.0,1758.75,2283.75
2023-12-28 13:03:00,502.5,1773.75,2276.25
2023-12-28 13:04:00,495.0,1770.0,2265.0
2023-12-28 13:05:00,543.75,1758.75,2302.5
2023-12-28 13:06:00,525.0,1762.5,2287.5
2023-12-28 13:07:00,495.0,1777.5,2272.5
2023-12-28 13:08:00,502.5,1777.5,2280.0
2023-12-28 13:09:00,397.5,1822.5,2220.0
2023-12-28 13:10:00,303.75,1848.75,2152.5
2023-12-28 13:11:00,307.5,1871.25,2178.75
2023-12-28 13:12:00,255.0,1863.75,2118.75
2023-12-28 13:13:00,157.5,1856.25,2013.75
2023-12-28 13:14:00,45.0,1867.5,1912.5
2023-12-28 13:15:00,221.25,1841.25,2062.5
2023-12-28 13:16:00,401.25,1818.75,2220.0
2023-12-28 13:17:00,483.75,1811.25,2295.0
2023-12-28 13:18:00,573.75,1796.25,2370.0
2023-12-28 13:19:00,513.75,1796.25,2310.0
2023-12-28 13:20:00,483.75,1803.75,2287.5
2023-12-28 13:21:00,483.75,1811.25,2295.0
2023-12-28 13:22:00,453.75,1826.25,2280.0
2023-12-28 13:23:00,513.75,1811.25,2325.0
2023-12-28 13:24:00,581.25,1770.0,2351.25
2023-12-28 13:25:00,611.25,1770.0,2381.25
2023-12-28 13:26:00,521.25,1803.75,2325.0
2023-12-28 13:27:00,603.75,1766.25,2370.0
2023-12-28 13:28:00,825.0,1683.75,2508.75
2023-12-28 13:29:00,806.25,1740.0,2546.25
2023-12-28 13:30:00,630.0,1818.75,2448.75
2023-12-28 13:31:00,678.75,1781.25,2460.0
2023-12-28 13:32:00,690.0,1773.75,2463.75
2023-12-28 13:33:00,746.25,1758.75,2505.0
2023-12-28 13:34:00,825.0,1698.75,2523.75
2023-12-28 13:35:00,810.0,1713.75,2523.75
2023-12-28 13:36:00,840.0,1668.75,2508.75
2023-12-28 13:37:00,911.25,1638.75,2550.0
2023-12-28 13:38:00,836.25,1721.25,2557.5
2023-12-28 13:39:00,810.0,1732.5,2542.5
2023-12-28 13:40:00,795.0,1743.75,2538.75
2023-12-28 13:41:00,757.5,1766.25,2523.75
2023-12-28 13:42:00,682.5,1800.0,2482.5
2023-12-28 13:43:00,806.25,1755.0,2561.25
2023-12-28 13:44:00,862.5,1751.25,2613.75
2023-12-28 13:45:00,836.25,1773.75,2610.0
2023-12-28 13:46:00,918.75,1725.0,2643.75
2023-12-28 13:47:00,821.25,1788.75,2610.0
2023-12-28 13:48:00,843.75,1785.0,2628.75
2023-12-28 13:49:00,866.25,1777.5,2643.75
2023-12-28 13:50:00,783.75,1811.25,2595.0
2023-12-28 13:51:00,843.75,1796.25,2640.0
2023-12-28 13:52:00,870.0,1777.5,2647.5
2023-12-28 13:53:00,783.75,1822.5,2606.25
2023-12-28 13:54:00,783.75,1826.25,2610.0
2023-12-28 13:55:00,780.0,1837.5,2617.5
2023-12-28 13:56:00,828.75,1807.5,2636.25
2023-12-28 13:57:00,828.75,1822.5,2651.25
2023-12-28 13:58:00,866.25,1800.0,2666.25
2023-12-28 13:59:00,1016.25,1743.75,2760.0
2023-12-28 14:00:00,855.0,1822.5,2677.5
2023-12-28 14:01:00,870.0,1845.0,2715.0
2023-12-28 14:02:00,866.25,1871.25,2737.5
2023-12-28 14:03:00,652.5,1923.75,2576.25
2023-12-28 14:04:00,540.0,1953.75,2493.75
2023-12-28 14:05:00,573.75,1961.25,2535.0
2023-12-28 14:06:00,735.0,1938.75,2673.75
2023-12-28 14:07:00,686.25,1946.25,2632.5
2023-12-28 14:08:00,585.0,1976.25,2561.25
2023-12-28 14:09:00,645.0,1968.75,2613.75
2023-12-28 14:10:00,742.5,1961.25,2703.75
2023-12-28 14:11:00,877.5,1953.75,2831.25
2023-12-28 14:12:00,1008.75,1923.75,2932.5
2023-12-28 14:13:00,971.25,1950.0,2921.25
2023-12-28 14:14:00,993.75,1946.25,2940.0
2023-12-28 14:15:00,1095.0,1946.25,3041.25
2023-12-28 14:16:00,1035.0,1946.25,2981.25
2023-12-28 14:17:00,1057.5,1935.0,2992.5
2023-12-28 14:18:00,1072.5,1942.5,3015.0
2023-12-28 14:19:00,1200.0,1912.5,3112.5
2023-12-28 14:20:00,1260.0,1901.25,3161.25
2023-12-28 14:21:00,1200.0,1901.25,3101.25
2023-12-28 14:22:00,1155.0,1927.5,3082.5
2023-12-28 14:23:00,1113.75,1965.0,3078.75
2023-12-28 14:24:00,1095.0,1983.75,3078.75
2023-12-28 14:25:00,1162.5,1968.75,3131.25
2023-12-28 14:26:00,1155.0,1983.75,3138.75
2023-12-28 14:27:00,1087.5,1972.5,3060.0
2023-12-28 14:28:00,982.5,1983.75,2966.25
2023-12-28 14:29:00,1035.0,2002.5,3037.5
2023-12-28 14:30:00,1166.25,1972.5,3138.75
2023-12-28 14:31:00,1218.75,1976.25,3195.0
2023-12-28 14:32:00,1170.0,1995.0,3165.0
2023-12-28 14:33:00,1203.75,1983.75,3187.5
2023-12-28 14:34:00,1177.5,1991.25,3168.75
2023-12-28 14:35:00,1218.75,1983.75,3202.5
2023-12-28 14:36:00,1218.75,1983.75,3202.5
2023-12-28 14:37:00,1188.75,1983.75,3172.5
2023-12-28 14:38:00,1245.0,1983.75,3228.75
2023-12-28 14:39:00,1316.25,1965.0,3281.25
2023-12-28 14:40:00,1361.25,1950.0,3311.25
2023-12-28 14:41:00,1410.0,1938.75,3348.75
2023-12-28 14:42:00,1372.5,1946.25,3318.75
2023-12-28 14:43:00,1372.5,1980.0,3352.5
2023-12-28 14:44:00,1413.75,1987.5,3401.25
2023-12-28 14:45:00,1387.5,2017.5,3405.0
2023-12-28 14:46:00,1387.5,2028.75,3416.25
2023-12-28 14:47:00,1443.75,1998.75,3442.5
2023-12-28 14:48:00,1466.25,1995.0,3461.25
2023-12-28 14:49:00,1488.75,1946.25,3435.0
2023-12-28 14:50:00,1451.25,2021.25,3472.5
2023-12-28 14:51:00,1451.25,1998.75,3450.0
2023-12-28 14:52:00,1447.5,2013.75,3461.25
2023-12-28 14:53:00,1443.75,2013.75,3457.5
2023-12-28 14:54:00,1455.0,1976.25,3431.25
2023-12-28 14:55:00,1443.75,2017.5,3461.25
2023-12-28 14:56:00,1353.75,2040.0,3393.75
2023-12-28 14:57:00,1353.75,2066.25,3420.0
2023-12-28 14:58:00,1263.75,2077.5,3341.25
2023-12-28 14:59:00,1346.25,2073.75,3420.0
2023-12-28 15:00:00,1331.25,2092.5,3423.75
2023-12-28 15:01:00,1335.0,2100.0,3435.0
2023-12-28 15:02:00,1473.75,2118.75,3592.5
2023-12-28 15:03:00,1421.25,2118.75,3540.0
2023-12-28 15:04:00,1458.75,2118.75,3577.5
2023-12-28 15:05:00,1432.5,2122.5,3555.0
2023-12-28 15:06:00,1440.0,2122.5,3562.5
2023-12-28 15:07:00,1451.25,2130.0,3581.25
2023-12-28 15:08:00,1470.0,2133.75,3603.75
2023-12-28 15:09:00,1500.0,2137.5,3637.5
2023-12-28 15:10:00,1533.75,2133.75,3667.5
2023-12-28 15:11:00,1552.5,2137.5,3690.0
2023-12-28 15:12:00,1563.75,2141.25,3705.0
2023-12-28 15:13:00,1563.75,2137.5,3701.25
2023-12-28 15:14:00,1567.5,2141.25,3708.75
2023-12-28 15:15:00,1563.75,2141.25,3705.0
2023-12-28 15:16:00,1563.75,2141.25,3705.0
2023-12-28 15:17:00,1560.0,2145.0,3705.0
2023-12-28 15:18:00,1567.5,2141.25,3708.75
2023-12-28 15:19:00,1575.0,2145.0,3720.0
2023-12-28 15:20:00,1571.25,2145.0,3716.25
2023-12-28 15:21:00,1571.25,2145.0,3716.25
2023-12-28 15:22:00,1571.25,2145.0,3716.25
2023-12-28 15:23:00,1571.25,2145.0,3716.25
2023-12-28 15:24:00,1571.25,2145.0,3716.25
2023-12-28 15:25:00,1571.25,2145.0,3716.25
2023-12-28 15:26:00,1571.25,2145.0,3716.25
2023-12-28 15:27:00,1571.25,2145.0,3716.25
2023-12-28 15:28:00,1571.25,2145.0,3716.25
2023-12-28 15:29:00,1571.25,2145.0,3716.25
2023-12-28 15:30:00,1571.25,2145.0,3716.25
2024-01-04 10:15:00,0.0,0.0,0.0
2024-01-04 10:16:00,-3.75,26.25,22.5
2024-01-04 10:17:00,45.0,33.75,78.75
2024-01-04 10:18:00,18.75,67.5,86.25
2024-01-04 10:19:00,-41.25,112.5,71.25
2024-01-04 10:20:00,11.25,101.25,112.5
2024-01-04 10:21:00,-15.0,120.0,105.0
2024-01-04 10:22:00,-63.75,101.25,37.5
2024-01-04 10:23:00,-15.0,90.0,75.0
2024-01-04 10:24:00,3.75,71.25,75.0
2024-01-04 10:25:00,26.25,71.25,97.5
2024-01-04 10:26:00,37.5,48.75,86.25
2024-01-04 10:27:00,63.75,45.0,108.75
2024-01-04 10:28:00,41.25,41.25,82.5
2024-01-04 10:29:00,56.25,37.5,93.75
2024-01-04 10:30:00,0.0,183.75,183.75
2024-01-04 10:31:00,22.5,247.5,270.0
2024-01-04 10:32:00,37.5,191.25,228.75
2024-01-04 10:33:00,75.0,183.75,258.75
2024-01-04 10:34:00,67.5,176.25,243.75
2024-01-04 10:35:00,11.25,255.0,266.25
2024-01-04 10:36:00,60.0,198.75,258.75
2024-01-04 10:37:00,26.25,247.5,273.75
2024-01-04 10:38:00,60.0,228.75,288.75
2024-01-04 10:39:00,18.75,307.5,326.25
2024-01-04 10:40:00,48.75,281.25,330.0
2024-01-04 10:41:00,56.25,288.75,345.0
2024-01-04 10:42:00,45.0,307.5,352.5
2024-01-04 10:43:00,60.0,262.5,322.5
2024-01-04 10:44:00,26.25,292.5,318.75
2024-01-04 10:45:00,48.75,281.25,330.0
2024-01-04 10:46:00,63.75,266.25,330.0
2024-01-04 10:47:00,41.25,273.75,315.0
2024-01-04 10:48:00,56.25,262.5,318.75
2024-01-04 10:49:00,63.75,251.25,315.0
2024-01-04 10:50:00,135.0,206.25,341.25
2024-01-04 10:51:00,198.75,187.5,386.25
2024-01-04 10:52:00,180.0,202.5,382.5
2024-01-04 10:53:00,187.5,210.0,397.5
2024-01-04 10:54:00,187.5,195.0,382.5
2024-01-04 10:55:00,161.25,273.75,435.0
2024-01-04 10:56:00,150.0,292.5,442.5
2024-01-04 10:57:00,138.75,273.75,412.5
2024-01-04 10:58:00,150.0,266.25,416.25
2024-01-04 10:59:00,153.75,270.0,423.75
2024-01-04 11:00:00,168.75,251.25,420.0
2024-01-04 11:01:00,150.0,401.25,551.25
2024-01-04 11:02:00,131.25,442.5,573.75
2024-01-04 11:03:00,116.25,431.25,547.5
2024-01-04 11:04:00,82.5,510.0,592.5
2024-01-04 11:05:00,101.25,480.0,581.25
2024-01-04 11:06:00,86.25,472.5,558.75
2024-01-04 11:07:00,60.0,498.75,558.75
2024-01-04 11:08:00,60.0,506.25,566.25
2024-01-04 11:09:00,52.5,502.5,555.0
2024-01-04 11:10:00,93.75,491.25,585.0
2024-01-04 11:11:00,82.5,506.25,588.75
2024-01-04 11:12:00,108.75,495.0,603.75
2024-01-04 11:13:00,112.5,506.25,618.75
2024-01-04 11:14:00,105.0,502.5,607.5
2024-01-04 11:15:00,82.5,540.0,622.5
2024-01-04 11:16:00,71.25,551.25,622.5
2024-01-04 11:17:00,93.75,581.25,675.0
2024-01-04 11:18:00,101.25,577.5,678.75
2024-01-04 11:19:00,123.75,573.75,697.5
2024-01-04 11:20:00,187.5,495.0,682.5
2024-01-04 11:21:00,213.75,521.25,735.0
2024-01-04 11:22:00,243.75,468.75,712.5
2024-01-04 11:23:00,228.75,472.5,701.25
2024-01-04 11:24:00,232.5,483.75,716.25
2024-01-04 11:25:00,232.5,491.25,723.75
2024-01-04 11:26:00,255.0,483.75,738.75
2024-01-04 11:27:00,285.0,472.5,757.5
2024-01-04 11:28:00,303.75,423.75,727.5
2024-01-04 11:29:00,277.5,465.0,742.5
2024-01-04 11:30:00,270.0,483.75,753.75
2024-01-04 11:31:00,270.0,498.75,768.75
2024-01-04 11:32:00,270.0,506.25,776.25
2024-01-04 11:33:00,281.25,491.25,772.5
2024-01-04 11:34:00,315.0,472.5,787.5
2024-01-04 11:35:00,303.75,446.25,750.0
2024-01-04 11:36:00,311.25,461.25,772.5
2024-01-04 11:37:00,288.75,547.5,836.25
2024-01-04 11:38:00,255.0,615.0,870.0
2024-01-04 11:39:00,277.5,607.5,885.0
2024-01-04 11:40:00,277.5,607.5,885.0
2024-01-04 11:41:00,251.25,622.5,873.75
2024-01-04 11:42:00,228.75,686.25,915.0
2024-01-04 11:43:00,266.25,641.25,907.5
2024-01-04 11:44:00,266.25,645.0,911.25
2024-01-04 11:45:00,281.25,633.75,915.0
2024-01-04 11:46:00,266.25,645.0,911.25
2024-01-04 11:47:00,262.5,652.5,915.0
2024-01-04 11:48:00,255.0,712.5,967.5
2024-01-04 11:49:00,243.75,738.75,982.5
2024-01-04 11:50:00,228.75,791.25,1020.0
2024-01-04 11:51:00,232.5,795.0,1027.5
2024-01-04 11:52:00,255.0,765.0,1020.0
2024-01-04 11:53:00,247.5,768.75,1016.25
2024-01-04 11:54:00,258.75,738.75,997.5
2024-01-04 11:55:00,266.25,723.75,990.0
2024-01-04 11:56:00,277.5,705.0,982.5
2024-01-04 11:57:00,258.75,720.0,978.75
2024-01-04 11:58:00,255.0,716.25,971.25
2024-01-04 11:59:00,258.75,723.75,982.5
2024-01-04 12:00:00,255.0,742.5,997.5
2024-01-04 12:01:00,228.75,761.25,990.0
2024-01-04 12:02:00,258.75,716.25,975.0
2024-01-04 12:03:00,247.5,712.5,960.0
2024-01-04 12:04:00,243.75,731.25,975.0
2024-01-04 12:05:00,228.75,757.5,986.25
2024-01-04 12:06:00,221.25,742.5,963.75
2024-01-04 12:07:00,236.25,720.0,956.25
2024-01-04 12:08:00,255.0,690.0,945.0
2024-01-04 12:09:00,262.5,705.0,967.5
2024-01-04 12:10:00,262.5,723.75,986.25
2024-01-04 12:11:00,270.0,705.0,975.0
2024-01-04 12:12:00,281.25,701.25,982.5
2024-01-04 12:13:00,258.75,708.75,967.5
2024-01-04 12:14:00,262.5,720.0,982.5
2024-01-04 12:15:00,266.25,705.0,971.25
2024-01-04 12:16:00,262.5,708.75,971.25
2024-01-04 12:17:00,277.5,701.25,978.75
2024-01-04 12:18:00,266.25,708.75,975.0
2024-01-04 12:19:00,255.0,723.75,978.75
2024-01-04 12:20:00,255.0,738.75,993.75
2024-01-04 12:21:00,255.0,735.0,990.0
2024-01-04 12:22:00,225.0,735.0,960.0
2024-01-04 12:23:00,228.75,727.5,956.25
2024-01-04 12:24:00,105.0,787.5,892.5
2024-01-04 12:25:00,71.25,836.25,907.5
2024-01-04 12:26:00,86.25,821.25,907.5
2024-01-04 12:27:00,71.25,821.25,892.5
2024-01-04 12:28:00,82.5,828.75,911.25
2024-01-04 12:29:00,60.0,836.25,896.25
2024-01-04 12:30:00,112.5,825.0,937.5
2024-01-04 12:31:00,101.25,828.75,930.0
2024-01-04 12:32:00,120.0,821.25,941.25
2024-01-04 12:33:00,225.0,810.0,1035.0
2024-01-04 12:34:00,217.5,810.0,1027.5
2024-01-04 12:35:00,270.0,798.75,1068.75
2024-01-04 12:36:00,262.5,791.25,1053.75
2024-01-04 12:37:00,258.75,795.0,1053.75
2024-01-04 12:38:00,247.5,791.25,1038.75
2024-01-04 12:39:00,221.25,832.5,1053.75
2024-01-04 12:40:00,206.25,851.25,1057.5
2024-01-04 12:41:00,198.75,840.0,1038.75
2024-01-04 12:42:00,210.0,836.25,1046.25
2024-01-04 12:43:00,206.25,836.25,1042.5
2024-01-04 12:44:00,210.0,840.0,1050.0
2024-01-04 12:45:00,228.75,843.75,1072.5
2024-01-04 12:46:00,202.5,847.5,1050.0
2024-01-04 12:47:00,206.25,851.25,1057.5
2024-01-04 12:48:00,210.0,840.0,1050.0
2024-01-04 12:49:00,217.5,840.0,1057.5
2024-01-04 12:50:00,255.0,821.25,1076.25
2024-01-04 12:51:00,240.0,840.0,1080.0
2024-01-04 12:52:00,247.5,828.75,1076.25
2024-01-04 12:53:00,258.75,828.75,1087.5
2024-01-04 12:54:00,251.25,836.25,1087.5
2024-01-04 12:55:00,221.25,888.75,1110.0
2024-01-04 12:56:00,228.75,877.5,1106.25
2024-01-04 12:57:00,243.75,870.0,1113.75
2024-01-04 12:58:00,221.25,877.5,1098.75
2024-01-04 12:59:00,236.25,873.75,1110.0
2024-01-04 13:00:00,303.75,840.0,1143.75
2024-01-04 13:01:00,300.0,840.0,1140.0
2024-01-04 13:02:00,303.75,847.5,1151.25
2024-01-04 13:03:00,296.25,858.75,1155.0
2024-01-04 13:04:00,285.0,881.25,1166.25
2024-01-04 13:05:00,300.0,870.0,1170.0
2024-01-04 13:06:00,311.25,870.0,1181.25
2024-01-04 13:07:00,270.0,892.5,1162.5
2024-01-04 13:08:00,281.25,900.0,1181.25
2024-01-04 13:09:00,285.0,907.5,1192.5
2024-01-04 13:10:00,266.25,922.5,1188.75
2024-01-04 13:11:00,228.75,945.0,1173.75
2024-01-04 13:12:00,273.75,948.75,1222.5
2024-01-04 13:13:00,281.25,930.0,1211.25
2024-01-04 13:14:00,270.0,933.75,1203.75
2024-01-04 13:15:00,262.5,933.75,1196.25
2024-01-04 13:16:00,288.75,930.0,1218.75
2024-01-04 13:17:00,318.75,926.25,1245.0
2024-01-04 13:18:00,326.25,930.0,1256.25
2024-01-04 13:19:00,345.0,918.75,1263.75
2024-01-04 13:20:00,371.25,907.5,1278.75
2024-01-04 13:21:00,348.75,907.5,1256.25
2024-01-04 13:22:00,348.75,907.5,1256.25
2024-01-04 13:23:00,356.25,915.0,1271.25
2024-01-04 13:24:00,363.75,907.5,1271.25
2024-01-04 13:25:00,375.0,907.5,1282.5
2024-01-04 13:26:00,352.5,933.75,1286.25
2024-01-04 13:27:00,348.75,941.25,1290.0
2024-01-04 13:28:00,382.5,918.75,1301.25
2024-01-04 13:29:00,408.75,885.0,1293.75
2024-01-04 13:30:00,416.25,892.5,1308.75
2024-01-04 13:31:00,435.0,851.25,1286.25
2024-01-04 13:32:00,453.75,873.75,1327.5
2024-01-04 13:33:00,453.75,873.75,1327.5
2024-01-04 13:34:00,431.25,892.5,1323.75
2024-01-04 13:35:00,442.5,877.5,1320.0
2024-01-04 13:36:00,438.75,892.5,1331.25
2024-01-04 13:37:00,420.0,937.5,1357.5
2024-01-04 13:38:00,386.25,971.25,1357.5
2024-01-04 13:39:00,367.5,1001.25,1368.75
2024-01-04 13:40:00,322.5,1012.5,1335.0
2024-01-04 13:41:00,288.75,1008.75,1297.5
2024-01-04 13:42:00,337.5,997.5,1335.0
2024-01-04 13:43:00,352.5,986.25,1338.75
2024-01-04 13:44:00,341.25,997.5,1338.75
2024-01-04 13:45:00,367.5,986.25,1353.75
2024-01-04 13:46:00,363.75,971.25,1335.0
2024-01-04 13:47:00,375.0,952.5,1327.5
2024-01-04 13:48:00,367.5,978.75,1346.25
2024-01-04 13:49:00,360.0,971.25,1331.25
2024-01-04 13:50:00,337.5,986.25,1323.75
2024-01-04 13:51:00,345.0,986.25,1331.25
2024-01-04 13:52:00,356.25,971.25,1327.5
2024-01-04 13:53:00,363.75,963.75,1327.5
2024-01-04 13:54:00,386.25,960.0,1346.25
2024-01-04 13:55:00,393.75,952.5,1346.25
2024-01-04 13:56:00,420.0,941.25,1361.25
2024-01-04 13:57:00,408.75,952.5,1361.25
2024-01-04 13:58:00,420.0,956.25,1376.25
2024-01-04 13:59:00,446.25,918.75,1365.0
2024-01-04 14:00:00,431.25,963.75,1395.0
2024-01-04 14:01:00,442.5,933.75,1376.25
2024-01-04 14:02:00,472.5,915.0,1387.5
2024-01-04 14:03:00,472.5,907.5,1380.0
2024-01-04 14:04:00,476.25,911.25,1387.5
2024-01-04 14:05:00,472.5,918.75,1391.25
2024-01-04 14:06:00,457.5,945.0,1402.5
2024-01-04 14:07:00,465.0,967.5,1432.5
2024-01-04 14:08:00,465.0,952.5,1417.5
2024-01-04 14:09:00,476.25,952.5,1428.75
2024-01-04 14:10:00,468.75,975.0,1443.75
2024-01-04 14:11:00,465.0,997.5,1462.5
2024-01-04 14:12:00,457.5,1023.75,1481.25
2024-01-04 14:13:00,457.5,1020.0,1477.5
2024-01-04 14:14:00,476.25,1012.5,1488.75
2024-01-04 14:15:00,528.75,978.75,1507.5
2024-01-04 14:16:00,536.25,960.0,1496.25
2024-01-04 14:17:00,528.75,971.25,1500.0
2024-01-04 14:18:00,532.5,941.25,1473.75
2024-01-04 14:19:00,532.5,971.25,1503.75
2024-01-04 14:20:00,532.5,986.25,1518.75
2024-01-04 14:21:00,532.5,990.0,1522.5
2024-01-04 14:22:00,536.25,997.5,1533.75
2024-01-04 14:23:00,547.5,986.25,1533.75
2024-01-04 14:24:00,547.5,986.25,1533.75
2024-01-04 14:25:00,555.0,971.25,1526.25
2024-01-04 14:26:00,558.75,967.5,1526.25
2024-01-04 14:27:00,566.25,926.25,1492.5
2024-01-04 14:28:00,577.5,877.5,1455.0
2024-01-04 14:29:00,581.25,896.25,1477.5
2024-01-04 14:30:00,570.0,956.25,1526.25
2024-01-04 14:31:00,570.0,986.25,1556.25
2024-01-04 14:32:00,562.5,1001.25,1563.75
2024-01-04 14:33:00,566.25,971.25,1537.5
2024-01-04 14:34:00,577.5,941.25,1518.75
2024-01-04 14:35:00,581.25,948.75,1530.0
2024-01-04 14:36:00,577.5,975.0,1552.5
2024-01-04 14:37:00,577.5,971.25,1548.75
2024-01-04 14:38:00,573.75,993.75,1567.5
2024-01-04 14:39:00,573.75,993.75,1567.5
2024-01-04 14:40:00,570.0,993.75,1563.75
2024-01-04 14:41:00,566.25,1008.75,1575.0
2024-01-04 14:42:00,570.0,1023.75,1593.75
2024-01-04 14:43:00,562.5,1057.5,1620.0
2024-01-04 14:44:00,570.0,1046.25,1616.25
2024-01-04 14:45:00,592.5,1023.75,1616.25
2024-01-04 14:46:00,596.25,1027.5,1623.75
2024-01-04 14:47:00,588.75,1065.0,1653.75
2024-01-04 14:48:00,581.25,1061.25,1642.5
2024-01-04 14:49:00,585.0,1072.5,1657.5
2024-01-04 14:50:00,585.0,1076.25,1661.25
2024-01-04 14:51:00,588.75,1072.5,1661.25
2024-01-04 14:52:00,603.75,1042.5,1646.25
2024-01-04 14:53:00,607.5,1053.75,1661.25
2024-01-04 14:54:00,607.5,1076.25,1683.75
2024-01-04 14:55:00,607.5,1068.75,1676.25
2024-01-04 14:56:00,618.75,1061.25,1680.0
2024-01-04 14:57:00,615.0,1087.5,1702.5
2024-01-04 14:58:00,615.0,1068.75,1683.75
2024-01-04 14:59:00,615.0,1072.5,1687.5
2024-01-04 15:00:00,615.0,1106.25,1721.25
2024-01-04 15:01:00,611.25,1140.0,1751.25
2024-01-04 15:02:00,626.25,1136.25,1762.5
2024-01-04 15:03:00,630.0,1136.25,1766.25
2024-01-04 15:04:00,633.75,1147.5,1781.25
2024-01-04 15:05:00,630.0,1147.5,1777.5
2024-01-04 15:06:00,633.75,1147.5,1781.25
2024-01-04 15:07:00,630.0,1151.25,1781.25
2024-01-04 15:08:00,630.0,1151.25,1781.25
2024-01-04 15:09:00,637.5,1155.0,1792.5
2024-01-04 15:10:00,633.75,1151.25,1785.0
2024-01-04 15:11:00,633.75,1155.0,1788.75
2024-01-04 15:12:00,633.75,1155.0,1788.75
2024-01-04 15:13:00,637.5,1155.0,1792.5
2024-01-04 15:14:00,637.5,1155.0,1792.5
2024-01-04 15:15:00,637.5,1155.0,1792.5
2024-01-04 15:16:00,637.5,1155.0,1792.5
2024-01-04 15:17:00,633.75,1155.0,1788.75
2024-01-04 15:18:00,637.5,1158.75,1796.25
2024-01-04 15:19:00,637.5,1158.75,1796.25
2024-01-04 15:20:00,637.5,1158.75,1796.25
2024-01-04 15:21:00,637.5,1158.75,1796.25
2024-01-04 15:22:00,637.5,1158.75,1796.25
2024-01-04 15:23:00,637.5,1158.75,1796.25
2024-01-04 15:24:00,637.5,1158.75,1796.25
2024-01-04 15:25:00,637.5,1158.75,1796.25
2024-01-04 15:26:00,637.5,1158.75,1796.25
2024-01-04 15:27:00,637.5,1158.75,1796.25
2024-01-04 15:28:00,637.5,1158.75,1796.25
2024-01-04 15:29:00,637.5,1158.75,1796.25
2024-01-04 15:30:00,637.5,1158.75,1796.25
2024-01-11 10:15:00,0.0,0.0,0.0
2024-01-11 10:16:00,-112.5,236.25,123.75
2024-01-11 10:17:00,90.0,-108.75,-18.75
2024-01-11 10:18:00,123.75,-221.25,-97.5
2024-01-11 10:19:00,135.0,-273.75,-138.75
2024-01-11 10:20:00,142.5,-228.75,-86.25
2024-01-11 10:21:00,183.75,-378.75,-195.0
2024-01-11 10:22:00,123.75,-97.5,26.25
2024-01-11 10:23:00,146.25,-153.75,-7.5
2024-01-11 10:24:00,150.0,-232.5,-82.5
2024-01-11 10:25:00,172.5,-247.5,-75.0
2024-01-11 10:26:00,180.0,-266.25,-86.25
2024-01-11 10:27:00,157.5,-86.25,71.25
2024-01-11 10:28:00,195.0,-225.0,-30.0
2024-01-11 10:29:00,191.25,-210.0,-18.75
2024-01-11 10:30:00,210.0,-266.25,-56.25
2024-01-11 10:31:00,247.5,-255.0,-7.5
2024-01-11 10:32:00,270.0,-517.5,-247.5
2024-01-11 10:33:00,266.25,-401.25,-135.0
2024-01-11 10:34:00,198.75,-116.25,82.5
2024-01-11 10:35:00,198.75,-82.5,116.25
2024-01-11 10:36:00,206.25,-56.25,150.0
2024-01-11 10:37:00,176.25,71.25,247.5
2024-01-11 10:38:00,187.5,11.25,198.75
2024-01-11 10:39:00,157.5,161.25,318.75
2024-01-11 10:40:00,198.75,120.0,318.75
2024-01-11 10:41:00,228.75,93.75,322.5
2024-01-11 10:42:00,221.25,71.25,292.5
2024-01-11 10:43:00,273.75,-45.0,228.75
2024-01-11 10:44:00,243.75,7.5,251.25
2024-01-11 10:45:00,236.25,56.25,292.5
2024-01-11 10:46:00,217.5,120.0,337.5
2024-01-11 10:47:00,262.5,15.0,277.5
2024-01-11 10:48:00,292.5,-37.5,255.0
2024-01-11 10:49:00,292.5,-78.75,213.75
2024-01-11 10:50:00,307.5,-112.5,195.0
2024-01-11 10:51:00,311.25,-105.0,206.25
2024-01-11 10:52:00,307.5,-63.75,243.75
2024-01-11 10:53:00,311.25,-56.25,255.0
2024-01-11 10:54:00,341.25,-165.0,176.25
2024-01-11 10:55:00,405.0,-903.75,-498.75
2024-01-11 10:56:00,78.75,-555.0,-476.25
2024-01-11 10:57:00,153.75,-667.5,-513.75
2024-01-11 10:58:00,60.0,-528.75,-468.75
2024-01-11 10:59:00,18.75,-453.75,-435.0
2024-01-11 11:00:00,-63.75,-277.5,-341.25
2024-01-11 11:01:00,-22.5,-330.0,-352.5
2024-01-11 11:02:00,26.25,-390.0,-363.75
2024-01-11 11:03:00,82.5,-386.25,-303.75
2024-01-11 11:04:00,135.0,-453.75,-318.75
2024-01-11 11:05:00,52.5,-356.25,-303.75
2024-01-11 11:06:00,82.5,-543.75,-461.25
2024-01-11 11:07:00,15.0,-480.0,-465.0
2024-01-11 11:08:00,-7.5,-465.0,-472.5
2024-01-11 11:09:00,78.75,-521.25,-442.5
2024-01-11 11:10:00,3.75,-375.0,-371.25
2024-01-11 11:11:00,333.75,-701.25,-367.5
2024-01-11 11:12:00,93.75,-457.5,-363.75
2024-01-11 11:13:00,161.25,-528.75,-367.5
2024-01-11 11:14:00,165.0,-528.75,-363.75
2024-01-11 11:15:00,63.75,-405.0,-341.25
2024-01-11 11:16:00,86.25,-427.5,-341.25
2024-01-11 11:17:00,-123.75,-228.75,-352.5
2024-01-11 11:18:00,63.75,-367.5,-303.75
2024-01-11 11:19:00,15.0,-315.0,-300.0
2024-01-11 11:20:00,52.5,-386.25,-333.75
2024-01-11 11:21:00,127.5,-450.0,-322.5
2024-01-11 11:22:00,157.5,-491.25,-333.75
2024-01-11 11:23:00,93.75,-438.75,-345.0
2024-01-11 11:24:00,206.25,-521.25,-315.0
2024-01-11 11:25:00,255.0,-532.5,-277.5
2024-01-11 11:26:00,198.75,-483.75,-285.0
2024-01-11 11:27:00,210.0,-502.5,-292.5
2024-01-11 11:28:00,198.75,-495.0,-296.25
2024-01-11 11:29:00,243.75,-513.75,-270.0
2024-01-11 11:30:00,217.5,-461.25,-243.75
2024-01-11 11:31:00,221.25,-442.5,-221.25
2024-01-11 11:32:00,195.0,-311.25,-116.25
2024-01-11 11:33:00,172.5,-375.0,-202.5
2024-01-11 11:34:00,150.0,-348.75,-198.75
2024-01-11 11:35:00,217.5,-348.75,-131.25
2024-01-11 11:36:00,273.75,-412.5,-138.75
2024-01-11 11:37:00,270.0,-450.0,-180.0
2024-01-11 11:38:00,255.0,-393.75,-138.75
2024-01-11 11:39:00,266.25,-408.75,-142.5
2024-01-11 11:40:00,161.25,-322.5,-161.25
2024-01-11 11:41:00,157.5,-341.25,-183.75
2024-01-11 11:42:00,0.0,-153.75,-153.75
2024-01-11 11:43:00,-198.75,22.5,-176.25
2024-01-11 11:44:00,-172.5,-67.5,-240.0
2024-01-11 11:45:00,-153.75,-56.25,-210.0
2024-01-11 11:46:00,-161.25,-33.75,-195.0
2024-01-11 11:47:00,-105.0,-33.75,-138.75
2024-01-11 11:48:00,60.0,-127.5,-67.5
2024-01-11 11:49:00,-48.75,-37.5,-86.25
2024-01-11 11:50:00,71.25,-82.5,-11.25
2024-01-11 11:51:00,60.0,-56.25,3.75
2024-01-11 11:52:00,-18.75,7.5,-11.25
2024-01-11 11:53:00,-172.5,82.5,-90.0
2024-01-11 11:54:00,-195.0,105.0,-90.0
2024-01-11 11:55:00,-138.75,101.25,-37.5
2024-01-11 11:56:00,-78.75,97.5,18.75
2024-01-11 11:57:00,-3.75,86.25,82.5
2024-01-11 11:58:00,41.25,-3.75,37.5
2024-01-11 11:59:00,18.75,52.5,71.25
2024-01-11 12:00:00,138.75,-3.75,135.0
2024-01-11 12:01:00,142.5,-3.75,138.75
2024-01-11 12:02:00,101.25,60.0,161.25
2024-01-11 12:03:00,176.25,-3.75,172.5
2024-01-11 12:04:00,330.0,-120.0,210.0
2024-01-11 12:05:00,292.5,-82.5,210.0
2024-01-11 12:06:00,262.5,-71.25,191.25
2024-01-11 12:07:00,191.25,-11.25,180.0
2024-01-11 12:08:00,153.75,33.75,187.5
2024-01-11 12:09:00,116.25,78.75,195.0
2024-01-11 12:10:00,-75.0,198.75,123.75
2024-01-11 12:11:00,146.25,90.0,236.25
2024-01-11 12:12:00,236.25,45.0,281.25
2024-01-11 12:13:00,217.5,63.75,281.25
2024-01-11 12:14:00,273.75,120.0,393.75
2024-01-11 12:15:00,367.5,22.5,390.0
2024-01-11 12:16:00,356.25,3.75,360.0
2024-01-11 12:17:00,487.5,-71.25,416.25
2024-01-11 12:18:00,326.25,75.0,401.25
2024-01-11 12:19:00,333.75,90.0,423.75
2024-01-11 12:20:00,213.75,183.75,397.5
2024-01-11 12:21:00,217.5,150.0,367.5
2024-01-11 12:22:00,262.5,150.0,412.5
2024-01-11 12:23:00,127.5,217.5,345.0
2024-01-11 12:24:00,172.5,221.25,393.75
2024-01-11 12:25:00,108.75,255.0,363.75
2024-01-11 12:26:00,180.0,225.0,405.0
2024-01-11 12:27:00,202.5,232.5,435.0
2024-01-11 12:28:00,146.25,285.0,431.25
2024-01-11 12:29:00,0.0,386.25,386.25
2024-01-11 12:30:00,116.25,371.25,487.5
2024-01-11 12:31:00,56.25,390.0,446.25
2024-01-11 12:32:00,-172.5,532.5,360.0
2024-01-11 12:33:00,-45.0,498.75,453.75
2024-01-11 12:34:00,18.75,491.25,510.0
2024-01-11 12:35:00,153.75,461.25,615.0
2024-01-11 12:36:00,101.25,453.75,555.0
2024-01-11 12:37:00,-60.0,558.75,498.75
2024-01-11 12:38:00,-86.25,585.0,498.75
2024-01-11 12:39:00,-176.25,630.0,453.75
2024-01-11 12:40:00,-277.5,678.75,401.25
2024-01-11 12:41:00,-187.5,663.75,476.25
2024-01-11 12:42:00,52.5,607.5,660.0
2024-01-11 12:43:00,33.75,596.25,630.0
2024-01-11 12:44:00,191.25,547.5,738.75
2024-01-11 12:45:00,-142.5,678.75,536.25
2024-01-11 12:46:00,7.5,603.75,611.25
2024-01-11 12:47:00,127.5,551.25,678.75
2024-01-11 12:48:00,33.75,585.0,618.75
2024-01-11 12:49:00,3.75,607.5,611.25
2024-01-11 12:50:00,-153.75,682.5,528.75
2024-01-11 12:51:00,63.75,596.25,660.0
2024-01-11 12:52:00,-116.25,675.0,558.75
2024-01-11 12:53:00,-120.0,678.75,558.75
2024-01-11 12:54:00,-191.25,716.25,525.0
2024-01-11 12:55:00,-217.5,746.25,528.75
2024-01-11 12:56:00,-866.25,888.75,22.5
2024-01-11 12:57:00,-697.5,836.25,138.75
2024-01-11 12:58:00,-791.25,885.0,93.75
2024-01-11 12:59:00,-675.0,877.5,202.5
2024-01-11 13:00:00,-427.5,825.0,397.5
2024-01-11 13:01:00,-472.5,851.25,378.75
2024-01-11 13:02:00,-536.25,866.25,330.0
2024-01-11 13:03:00,-26.25,753.75,727.5
2024-01-11 13:04:00,157.5,660.0,817.5
2024-01-11 13:05:00,45.0,693.75,738.75
2024-01-11 13:06:00,-127.5,776.25,648.75
2024-01-11 13:07:00,-112.5,787.5,675.0
2024-01-11 13:08:00,-93.75,772.5,678.75
2024-01-11 13:09:00,-63.75,768.75,705.0
2024-01-11 13:10:00,-30.0,753.75,723.75
2024-01-11 13:11:00,-168.75,840.0,671.25
2024-01-11 13:12:00,-52.5,795.0,742.5
2024-01-11 13:13:00,-262.5,866.25,603.75
2024-01-11 13:14:00,-127.5,810.0,682.5
2024-01-11 13:15:00,-3.75,787.5,783.75
2024-01-11 13:16:00,-7.5,772.5,765.0
2024-01-11 13:17:00,56.25,738.75,795.0
2024-01-11 13:18:00,142.5,693.75,836.25
2024-01-11 13:19:00,78.75,738.75,817.5
2024-01-11 13:20:00,52.5,772.5,825.0
2024-01-11 13:21:00,90.0,750.0,840.0
2024-01-11 13:22:00,-93.75,832.5,738.75
2024-01-11 13:23:00,-82.5,843.75,761.25
2024-01-11 13:24:00,270.0,761.25,1031.25
2024-01-11 13:25:00,318.75,720.0,1038.75
2024-01-11 13:26:00,371.25,708.75,1080.0
2024-01-11 13:27:00,322.5,742.5,1065.0
2024-01-11 13:28:00,510.0,656.25,1166.25
2024-01-11 13:29:00,600.0,592.5,1192.5
2024-01-11 13:30:00,671.25,588.75,1260.0
2024-01-11 13:31:00,618.75,618.75,1237.5
2024-01-11 13:32:00,768.75,457.5,1226.25
2024-01-11 13:33:00,795.0,438.75,1233.75
2024-01-11 13:34:00,832.5,382.5,1215.0
2024-01-11 13:35:00,787.5,431.25,1218.75
2024-01-11 13:36:00,836.25,363.75,1200.0
2024-01-11 13:37:00,892.5,330.0,1222.5
2024-01-11 13:38:00,768.75,517.5,1286.25
2024-01-11 13:39:00,765.0,540.0,1305.0
2024-01-11 13:40:00,671.25,600.0,1271.25
2024-01-11 13:41:00,705.0,566.25,1271.25
2024-01-11 13:42:00,727.5,532.5,1260.0
2024-01-11 13:43:00,757.5,532.5,1290.0
2024-01-11 13:44:00,753.75,577.5,1331.25
2024-01-11 13:45:00,547.5,791.25,1338.75
2024-01-11 13:46:00,866.25,536.25,1402.5
2024-01-11 13:47:00,877.5,510.0,1387.5
2024-01-11 13:48:00,855.0,528.75,1383.75
2024-01-11 13:49:00,877.5,521.25,1398.75
2024-01-11 13:50:00,896.25,506.25,1402.5
2024-01-11 13:51:00,926.25,457.5,1383.75
2024-01-11 13:52:00,900.0,465.0,1365.0
2024-01-11 13:53:00,900.0,528.75,1428.75
2024-01-11 13:54:00,888.75,536.25,1425.0
2024-01-11 13:55:00,821.25,585.0,1406.25
2024-01-11 13:56:00,787.5,686.25,1473.75
2024-01-11 13:57:00,626.25,750.0,1376.25
2024-01-11 13:58:00,588.75,761.25,1350.0
2024-01-11 13:59:00,716.25,693.75,1410.0
2024-01-11 14:00:00,783.75,682.5,1466.25
2024-01-11 14:01:00,855.0,663.75,1518.75
2024-01-11 14:02:00,731.25,753.75,1485.0
2024-01-11 14:03:00,577.5,825.0,1402.5
2024-01-11 14:04:00,817.5,697.5,1515.0
2024-01-11 14:05:00,795.0,697.5,1492.5
2024-01-11 14:06:00,843.75,697.5,1541.25
2024-01-11 14:07:00,855.0,652.5,1507.5
2024-01-11 14:08:00,900.0,585.0,1485.0
2024-01-11 14:09:00,975.0,506.25,1481.25
2024-01-11 14:10:00,1338.75,-528.75,810.0
2024-01-11 14:11:00,1548.75,-708.75,840.0
2024-01-11 14:12:00,1593.75,-705.0,888.75
2024-01-11 14:13:00,1627.5,-1095.0,532.5
2024-01-11 14:14:00,1665.0,-1485.0,180.0
2024-01-11 14:15:00,1698.75,-2437.5,-738.75
2024-01-11 14:16:00,1653.75,-2223.75,-570.0
2024-01-11 14:17:00,1676.25,-2250.0,-573.75
2024-01-11 14:18:00,1807.5,-2512.5,-705.0
2024-01-11 14:19:00,1758.75,-2381.25,-622.5
2024-01-11 14:20:00,1762.5,-2321.25,-558.75
2024-01-11 14:21:00,1751.25,-2178.75,-427.5
2024-01-11 14:22:00,1762.5,-2152.5,-390.0
2024-01-11 14:23:00,1785.0,-2201.25,-416.25
2024-01-11 14:24:00,1736.25,-2025.0,-288.75
2024-01-11 14:25:00,1657.5,-1912.5,-255.0
2024-01-11 14:26:00,1672.5,-1901.25,-228.75
2024-01-11 14:27:00,1653.75,-1845.0,-191.25
2024-01-11 14:28:00,1526.25,-1807.5,-281.25
2024-01-11 14:29:00,888.75,-1773.75,-885.0
2024-01-11 14:30:00,1473.75,-1773.75,-300.0
2024-01-11 14:31:00,1177.5,-1758.75,-581.25
2024-01-11 14:32:00,1226.25,-1762.5,-536.25
2024-01-11 14:33:00,1342.5,-1773.75,-431.25
2024-01-11 14:34:00,1368.75,-1766.25,-397.5
2024-01-11 14:35:00,1425.0,-1758.75,-333.75
2024-01-11 14:36:00,1481.25,-1766.25,-285.0
2024-01-11 14:37:00,1702.5,-1815.0,-112.5
2024-01-11 14:38:00,1582.5,-1770.0,-187.5
2024-01-11 14:39:00,1623.75,-1770.0,-146.25
2024-01-11 14:40:00,1563.75,-1758.75,-195.0
2024-01-11 14:41:00,1563.75,-1743.75,-180.0
2024-01-11 14:42:00,1578.75,-1732.5,-153.75
2024-01-11 14:43:00,1687.5,-1747.5,-60.0
2024-01-11 14:44:00,1683.75,-1732.5,-48.75
2024-01-11 14:45:00,1627.5,-1728.75,-101.25
2024-01-11 14:46:00,1665.0,-1728.75,-63.75
2024-01-11 14:47:00,1680.0,-1728.75,-48.75
2024-01-11 14:48:00,1657.5,-1713.75,-56.25
2024-01-11 14:49:00,1608.75,-1713.75,-105.0
2024-01-11 14:50:00,1545.0,-1710.0,-165.0
2024-01-11 14:51:00,1590.0,-1706.25,-116.25
2024-01-11 14:52:00,1575.0,-1702.5,-127.5
2024-01-11 14:53:00,1560.0,-1713.75,-153.75
2024-01-11 14:54:00,1582.5,-1721.25,-138.75
2024-01-11 14:55:00,1631.25,-1713.75,-82.5
2024-01-11 14:56:00,1612.5,-1710.0,-97.5
2024-01-11 14:57:00,1560.0,-1710.0,-150.0
2024-01-11 14:58:00,1605.0,-1713.75,-108.75
2024-01-11 14:59:00,1500.0,-1713.75,-213.75
2024-01-11 15:00:00,1582.5,-1713.75,-131.25
2024-01-11 15:01:00,1893.75,-1728.75,165.0
2024-01-11 15:02:00,1893.75,-1710.0,183.75
2024-01-11 15:03:00,1893.75,-1698.75,195.0
2024-01-11 15:04:00,1871.25,-1691.25,180.0
2024-01-11 15:05:00,1920.0,-1695.0,225.0
2024-01-11 15:06:00,1972.5,-1695.0,277.5
2024-01-11 15:07:00,1968.75,-1695.0,273.75
2024-01-11 15:08:00,2006.25,-1691.25,315.0
2024-01-11 15:09:00,2051.25,-1687.5,363.75
2024-01-11 15:10:00,1942.5,-1687.5,255.0
2024-01-11 15:11:00,1987.5,-1683.75,303.75
2024-01-11 15:12:00,2013.75,-1687.5,326.25
2024-01-11 15:13:00,1987.5,-1687.5,300.0
2024-01-11 15:14:00,1998.75,-1680.0,318.75
2024-01-11 15:15:00,2017.5,-1680.0,337.5
2024-01-11 15:16:00,2036.25,-1680.0,356.25
2024-01-11 15:17:00,2070.0,-1683.75,386.25
2024-01-11 15:18:00,2055.0,-1680.0,375.0
2024-01-11 15:19:00,2088.75,-1680.0,408.75
2024-01-11 15:20:00,2070.0,-1683.75,386.25
2024-01-11 15:21:00,2070.0,-1683.75,386.25
2024-01-11 15:22:00,2070.0,-1683.75,386.25
2024-01-11 15:23:00,2070.0,-1683.75,386.25
2024-01-11 15:24:00,2070.0,-1683.75,386.25
2024-01-11 15:25:00,2070.0,-1683.75,386.25
2024-01-11 15:26:00,2070.0,-1683.75,386.25
2024-01-11 15:27:00,2070.0,-1683.75,386.25
2024-01-11 15:28:00,2070.0,-1683.75,386.25
2024-01-11 15:29:00,2070.0,-1683.75,386.25
2024-01-11 15:30:00,2070.0,-1683.75,386.25
2024-01-18 10:15:00,0.0,0.0,0.0
2024-01-18 10:16:00,472.5,-438.75,33.75
2024-01-18 10:17:00,566.25,-543.75,22.5
2024-01-18 10:18:00,255.0,-172.5,82.5
2024-01-18 10:19:00,543.75,-266.25,277.5
2024-01-18 10:20:00,491.25,-90.0,401.25
2024-01-18 10:21:00,45.0,243.75,288.75
2024-01-18 10:22:00,-146.25,333.75,187.5
2024-01-18 10:23:00,-135.0,348.75,213.75
2024-01-18 10:24:00,48.75,326.25,375.0
2024-01-18 10:25:00,153.75,322.5,476.25
2024-01-18 10:26:00,-37.5,427.5,390.0
2024-01-18 10:27:00,-551.25,633.75,82.5
2024-01-18 10:28:00,-446.25,615.0,168.75
2024-01-18 10:29:00,-828.75,742.5,-86.25
2024-01-18 10:30:00,-232.5,648.75,416.25
2024-01-18 10:31:00,-487.5,825.0,337.5
2024-01-18 10:32:00,-596.25,843.75,247.5
2024-01-18 10:33:00,-468.75,765.0,296.25
2024-01-18 10:34:00,-153.75,637.5,483.75
2024-01-18 10:35:00,225.0,408.75,633.75
2024-01-18 10:36:00,303.75,461.25,765.0
2024-01-18 10:37:00,-247.5,791.25,543.75
2024-01-18 10:38:00,-300.0,772.5,472.5
2024-01-18 10:39:00,-382.5,798.75,416.25
2024-01-18 10:40:00,-667.5,873.75,206.25
2024-01-18 10:41:00,-307.5,832.5,525.0
2024-01-18 10:42:00,-596.25,885.0,288.75
2024-01-18 10:43:00,-1001.25,993.75,-7.5
2024-01-18 10:44:00,-562.5,941.25,378.75
2024-01-18 10:45:00,-1102.5,1091.25,-11.25
2024-01-18 10:46:00,-896.25,1098.75,202.5
2024-01-18 10:47:00,-562.5,731.25,168.75
2024-01-18 10:48:00,-1893.75,1488.75,-405.0
2024-01-18 10:49:00,-2257.5,1530.0,-727.5
2024-01-18 10:50:00,-1758.75,1608.75,-150.0
2024-01-18 10:51:00,-1893.75,1620.0,-273.75
2024-01-18 10:52:00,-1290.0,1308.75,18.75
2024-01-18 10:53:00,-1541.25,1522.5,-18.75
2024-01-18 10:54:00,-1425.0,1530.0,105.0
2024-01-18 10:55:00,-907.5,1338.75,431.25
2024-01-18 10:56:00,-517.5,1001.25,483.75
2024-01-18 10:57:00,-780.0,1263.75,483.75
2024-01-18 10:58:00,-727.5,1252.5,525.0
2024-01-18 10:59:00,-1057.5,1492.5,435.0
2024-01-18 11:00:00,-1083.75,1612.5,528.75
2024-01-18 11:01:00,-1192.5,1702.5,510.0
2024-01-18 11:02:00,-596.25,1252.5,656.25
2024-01-18 11:03:00,-686.25,1391.25,705.0
2024-01-18 11:04:00,-438.75,1226.25,787.5
2024-01-18 11:05:00,-615.0,1451.25,836.25
2024-01-18 11:06:00,-468.75,1297.5,828.75
2024-01-18 11:07:00,-1001.25,1635.0,633.75
2024-01-18 11:08:00,-1327.5,1683.75,356.25
2024-01-18 11:09:00,-1368.75,1751.25,382.5
2024-01-18 11:10:00,-2077.5,2216.25,138.75
2024-01-18 11:11:00,-2100.0,2175.0,75.0
2024-01-18 11:12:00,-1837.5,2257.5,420.0
2024-01-18 11:13:00,-1747.5,2130.0,382.5
2024-01-18 11:14:00,-2006.25,2238.75,232.5
2024-01-18 11:15:00,-1755.0,2223.75,468.75
2024-01-18 11:16:00,-1297.5,2047.5,750.0
2024-01-18 11:17:00,-622.5,1800.0,1177.5
2024-01-18 11:18:00,-791.25,1935.0,1143.75
2024-01-18 11:19:00,-663.75,1762.5,1098.75
2024-01-18 11:20:00,-866.25,1961.25,1095.0
2024-01-18 11:21:00,-652.5,1845.0,1192.5
2024-01-18 11:22:00,-611.25,1863.75,1252.5
2024-01-18 11:23:00,-960.0,2156.25,1196.25
2024-01-18 11:24:00,-1488.75,2302.5,813.75
2024-01-18 11:25:00,-1425.0,2325.0,900.0
2024-01-18 11:26:00,-1350.0,2253.75,903.75
2024-01-18 11:27:00,-1200.0,2197.5,997.5
2024-01-18 11:28:00,-948.75,2156.25,1207.5
2024-01-18 11:29:00,-1218.75,2261.25,1042.5
2024-01-18 11:30:00,-1215.0,2283.75,1068.75
2024-01-18 11:31:00,-1046.25,2231.25,1185.0
2024-01-18 11:32:00,-1627.5,2396.25,768.75
2024-01-18 11:33:00,-1327.5,2343.75,1016.25
2024-01-18 11:34:00,-1511.25,2411.25,900.0
2024-01-18 11:35:00,-1350.0,2388.75,1038.75
2024-01-18 11:36:00,-963.75,2242.5,1278.75
2024-01-18 11:37:00,-1042.5,2298.75,1256.25
2024-01-18 11:38:00,-956.25,2280.0,1323.75
2024-01-18 11:39:00,-922.5,2257.5,1335.0
2024-01-18 11:40:00,-873.75,2265.0,1391.25
2024-01-18 11:41:00,-746.25,2171.25,1425.0
2024-01-18 11:42:00,-558.75,2066.25,1507.5
2024-01-18 11:43:00,-3.75,1732.5,1728.75
2024-01-18 11:44:00,-322.5,2081.25,1758.75
2024-01-18 11:45:00,-513.75,2208.75,1695.0
2024-01-18 11:46:00,-382.5,2130.0,1747.5
2024-01-18 11:47:00,-570.0,2276.25,1706.25
2024-01-18 11:48:00,-480.0,2325.0,1845.0
2024-01-18 11:49:00,-581.25,2351.25,1770.0
2024-01-18 11:50:00,-626.25,2355.0,1728.75
2024-01-18 11:51:00,-660.0,2362.5,1702.5
2024-01-18 11:52:00,-457.5,2317.5,1860.0
2024-01-18 11:53:00,-637.5,2396.25,1758.75
2024-01-18 11:54:00,-907.5,2478.75,1571.25
2024-01-18 11:55:00,-1226.25,2655.0,1428.75
2024-01-18 11:56:00,-1053.75,2636.25,1582.5
2024-01-18 11:57:00,-1860.0,2820.0,960.0
2024-01-18 11:58:00,-2025.0,2895.0,870.0
2024-01-18 11:59:00,-2696.25,2917.5,221.25
2024-01-18 12:00:00,-2580.0,2943.75,363.75
2024-01-18 12:01:00,-2700.0,2936.25,236.25
2024-01-18 12:02:00,-2370.0,2917.5,547.5
2024-01-18 12:03:00,-2025.0,2910.0,885.0
2024-01-18 12:04:00,-2336.25,2921.25,585.0
2024-01-18 12:05:00,-2437.5,2925.0,487.5
2024-01-18 12:06:00,-2673.75,2917.5,243.75
2024-01-18 12:07:00,-3300.0,2910.0,-390.0
2024-01-18 12:08:00,-2587.5,2932.5,345.0
2024-01-18 12:09:00,-2493.75,2943.75,450.0
2024-01-18 12:10:00,-2805.0,2966.25,161.25
2024-01-18 12:11:00,-2872.5,2981.25,108.75
2024-01-18 12:12:00,-2962.5,2996.25,33.75
2024-01-18 12:13:00,-2925.0,2992.5,67.5
2024-01-18 12:14:00,-3172.5,3003.75,-168.75
2024-01-18 12:15:00,-3183.75,3011.25,-172.5
2024-01-18 12:16:00,-3067.5,3003.75,-63.75
2024-01-18 12:17:00,-2872.5,3003.75,131.25
2024-01-18 12:18:00,-2988.75,3003.75,15.0
2024-01-18 12:19:00,-2583.75,3003.75,420.0
2024-01-18 12:20:00,-3093.75,3003.75,-90.0
2024-01-18 12:21:00,-2700.0,3007.5,307.5
2024-01-18 12:22:00,-3048.75,3015.0,-33.75
2024-01-18 12:23:00,-3772.5,3011.25,-761.25
2024-01-18 12:24:00,-4091.25,3030.0,-1061.25
2024-01-18 12:25:00,-3727.5,3026.25,-701.25
2024-01-18 12:26:00,-4020.0,3030.0,-990.0
2024-01-18 12:27:00,-4076.25,3033.75,-1042.5
2024-01-18 12:28:00,-3570.0,3022.5,-547.5
2024-01-18 12:29:00,-3431.25,3018.75,-412.5
2024-01-18 12:30:00,-2827.5,3015.0,187.5
2024-01-18 12:31:00,-2456.25,3000.0,543.75
2024-01-18 12:32:00,-2816.25,3011.25,195.0
2024-01-18 12:33:00,-2632.5,3003.75,371.25
2024-01-18 12:34:00,-1140.0,2951.25,1811.25
2024-01-18 12:35:00,-262.5,2857.5,2595.0
2024-01-18 12:36:00,-956.25,2925.0,1968.75
2024-01-18 12:37:00,-525.0,2910.0,2385.0
2024-01-18 12:38:00,-701.25,2913.75,2212.5
2024-01-18 12:39:00,-761.25,2921.25,2160.0
2024-01-18 12:40:00,-765.0,2921.25,2156.25
2024-01-18 12:41:00,-821.25,2925.0,2103.75
2024-01-18 12:42:00,-528.75,2925.0,2396.25
2024-01-18 12:43:00,318.75,2816.25,3135.0
2024-01-18 12:44:00,318.75,2838.75,3157.5
2024-01-18 12:45:00,315.0,2808.75,3123.75
2024-01-18 12:46:00,56.25,2876.25,2932.5
2024-01-18 12:47:00,367.5,2835.0,3202.5
2024-01-18 12:48:00,172.5,2861.25,3033.75
2024-01-18 12:49:00,491.25,2771.25,3262.5
2024-01-18 12:50:00,330.0,2808.75,3138.75
2024-01-18 12:51:00,228.75,2876.25,3105.0
2024-01-18 12:52:00,416.25,2831.25,3247.5
2024-01-18 12:53:00,172.5,2865.0,3037.5
2024-01-18 12:54:00,7.5,2898.75,2906.25
2024-01-18 12:55:00,303.75,2861.25,3165.0
2024-01-18 12:56:00,105.0,2898.75,3003.75
2024-01-18 12:57:00,221.25,2883.75,3105.0
2024-01-18 12:58:00,352.5,2872.5,3225.0
2024-01-18 12:59:00,461.25,2842.5,3303.75
2024-01-18 13:00:00,663.75,2801.25,3465.0
2024-01-18 13:01:00,566.25,2831.25,3397.5
2024-01-18 13:02:00,540.0,2838.75,3378.75
2024-01-18 13:03:00,622.5,2831.25,3453.75
2024-01-18 13:04:00,735.0,2808.75,3543.75
2024-01-18 13:05:00,686.25,2823.75,3510.0
2024-01-18 13:06:00,397.5,2898.75,3296.25
2024-01-18 13:07:00,562.5,2876.25,3438.75
2024-01-18 13:08:00,536.25,2898.75,3435.0
2024-01-18 13:09:00,427.5,2921.25,3348.75
2024-01-18 13:10:00,491.25,2913.75,3405.0
2024-01-18 13:11:00,401.25,2932.5,3333.75
2024-01-18 13:12:00,498.75,2917.5,3416.25
2024-01-18 13:13:00,735.0,2895.0,3630.0
2024-01-18 13:14:00,551.25,2910.0,3461.25
2024-01-18 13:15:00,468.75,2917.5,3386.25
2024-01-18 13:16:00,506.25,2917.5,3423.75
2024-01-18 13:17:00,405.0,2928.75,3333.75
2024-01-18 13:18:00,671.25,2906.25,3577.5
2024-01-18 13:19:00,420.0,2925.0,3345.0
2024-01-18 13:20:00,333.75,2925.0,3258.75
2024-01-18 13:21:00,22.5,2966.25,2988.75
2024-01-18 13:22:00,172.5,2955.0,3127.5
2024-01-18 13:23:00,386.25,2943.75,3330.0
2024-01-18 13:24:00,11.25,2985.0,2996.25
2024-01-18 13:25:00,-11.25,2996.25,2985.0
2024-01-18 13:26:00,225.0,2985.0,3210.0
2024-01-18 13:27:00,146.25,2977.5,3123.75
2024-01-18 13:28:00,292.5,2973.75,3266.25
2024-01-18 13:29:00,386.25,2966.25,3352.5
2024-01-18 13:30:00,660.0,2936.25,3596.25
2024-01-18 13:31:00,532.5,2947.5,3480.0
2024-01-18 13:32:00,622.5,2947.5,3570.0
2024-01-18 13:33:00,738.75,2925.0,3663.75
2024-01-18 13:34:00,701.25,2928.75,3630.0
2024-01-18 13:35:00,521.25,2958.75,3480.0
2024-01-18 13:36:00,573.75,2966.25,3540.0
2024-01-18 13:37:00,765.0,2947.5,3712.5
2024-01-18 13:38:00,1050.0,2891.25,3941.25
2024-01-18 13:39:00,1102.5,2883.75,3986.25
2024-01-18 13:40:00,941.25,2928.75,3870.0
2024-01-18 13:41:00,948.75,2925.0,3873.75
2024-01-18 13:42:00,1143.75,2898.75,4042.5
2024-01-18 13:43:00,1117.5,2906.25,4023.75
2024-01-18 13:44:00,1001.25,2932.5,3933.75
2024-01-18 13:45:00,1143.75,2913.75,4057.5
2024-01-18 13:46:00,1177.5,2895.0,4072.5
2024-01-18 13:47:00,1061.25,2921.25,3982.5
2024-01-18 13:48:00,926.25,2932.5,3858.75
2024-01-18 13:49:00,948.75,2936.25,3885.0
2024-01-18 13:50:00,1072.5,2932.5,4005.0
2024-01-18 13:51:00,1132.5,2917.5,4050.0
2024-01-18 13:52:00,963.75,2955.0,3918.75
2024-01-18 13:53:00,975.0,2955.0,3930.0
2024-01-18 13:54:00,720.0,2988.75,3708.75
2024-01-18 13:55:00,641.25,3011.25,3652.5
2024-01-18 13:56:00,615.0,3015.0,3630.0
2024-01-18 13:57:00,892.5,3011.25,3903.75
2024-01-18 13:58:00,843.75,3003.75,3847.5
2024-01-18 13:59:00,765.0,3018.75,3783.75
2024-01-18 14:00:00,858.75,3015.0,3873.75
2024-01-18 14:01:00,1098.75,2985.0,4083.75
2024-01-18 14:02:00,1083.75,2988.75,4072.5
2024-01-18 14:03:00,997.5,3018.75,4016.25
2024-01-18 14:04:00,982.5,3011.25,3993.75
2024-01-18 14:05:00,1117.5,3003.75,4121.25
2024-01-18 14:06:00,1166.25,2985.0,4151.25
2024-01-18 14:07:00,1155.0,2996.25,4151.25
2024-01-18 14:08:00,1215.0,2981.25,4196.25
2024-01-18 14:09:00,1200.0,2981.25,4181.25
2024-01-18 14:10:00,1256.25,2981.25,4237.5
2024-01-18 14:11:00,1357.5,2981.25,4338.75
2024-01-18 14:12:00,1297.5,2977.5,4275.0
2024-01-18 14:13:00,1218.75,3003.75,4222.5
2024-01-18 14:14:00,716.25,3045.0,3761.25
2024-01-18 14:15:00,952.5,3041.25,3993.75
2024-01-18 14:16:00,948.75,3048.75,3997.5
2024-01-18 14:17:00,885.0,3060.0,3945.0
2024-01-18 14:18:00,1327.5,3045.0,4372.5
2024-01-18 14:19:00,1215.0,3060.0,4275.0
2024-01-18 14:20:00,1338.75,3056.25,4395.0
2024-01-18 14:21:00,1305.0,3056.25,4361.25
2024-01-18 14:22:00,1395.0,3052.5,4447.5
2024-01-18 14:23:00,1368.75,3071.25,4440.0
2024-01-18 14:24:00,1440.0,3056.25,4496.25
2024-01-18 14:25:00,1383.75,3063.75,4447.5
2024-01-18 14:26:00,1443.75,3056.25,4500.0
2024-01-18 14:27:00,1563.75,3026.25,4590.0
2024-01-18 14:28:00,1537.5,3033.75,4571.25
2024-01-18 14:29:00,1560.0,3037.5,4597.5
2024-01-18 14:30:00,1665.0,3018.75,4683.75
2024-01-18 14:31:00,1815.0,2947.5,4762.5
2024-01-18 14:32:00,1736.25,3007.5,4743.75
2024-01-18 14:33:00,1740.0,3015.0,4755.0
2024-01-18 14:34:00,1698.75,3033.75,4732.5
2024-01-18 14:35:00,1638.75,3056.25,4695.0
2024-01-18 14:36:00,1721.25,3041.25,4762.5
2024-01-18 14:37:00,1653.75,3052.5,4706.25
2024-01-18 14:38:00,1515.0,3093.75,4608.75
2024-01-18 14:39:00,1207.5,3112.5,4320.0
2024-01-18 14:40:00,1443.75,3108.75,4552.5
2024-01-18 14:41:00,1342.5,3112.5,4455.0
2024-01-18 14:42:00,821.25,3123.75,3945.0
2024-01-18 14:43:00,157.5,3131.25,3288.75
2024-01-18 14:44:00,521.25,3135.0,3656.25
2024-01-18 14:45:00,573.75,3138.75,3712.5
2024-01-18 14:46:00,1068.75,3135.0,4203.75
2024-01-18 14:47:00,547.5,3138.75,3686.25
2024-01-18 14:48:00,633.75,3142.5,3776.25
2024-01-18 14:49:00,637.5,3150.0,3787.5
2024-01-18 14:50:00,641.25,3150.0,3791.25
2024-01-18 14:51:00,431.25,3150.0,3581.25
2024-01-18 14:52:00,63.75,3150.0,3213.75
2024-01-18 14:53:00,330.0,3150.0,3480.0
2024-01-18 14:54:00,738.75,3146.25,3885.0
2024-01-18 14:55:00,1143.75,3150.0,4293.75
2024-01-18 14:56:00,1290.0,3146.25,4436.25
2024-01-18 14:57:00,1406.25,3153.75,4560.0
2024-01-18 14:58:00,1353.75,3150.0,4503.75
2024-01-18 14:59:00,1410.0,3150.0,4560.0
2024-01-18 15:00:00,1593.75,3153.75,4747.5
2024-01-18 15:01:00,1736.25,3150.0,4886.25
2024-01-18 15:02:00,1785.0,3153.75,4938.75
2024-01-18 15:03:00,1815.0,3153.75,4968.75
2024-01-18 15:04:00,1905.0,3153.75,5058.75
2024-01-18 15:05:00,1826.25,3157.5,4983.75
2024-01-18 15:06:00,1886.25,3161.25,5047.5
2024-01-18 15:07:00,1136.25,3165.0,4301.25
2024-01-18 15:08:00,1188.75,3161.25,4350.0
2024-01-18 15:09:00,1207.5,3165.0,4372.5
2024-01-18 15:10:00,1387.5,3161.25,4548.75
2024-01-18 15:11:00,1278.75,3165.0,4443.75
2024-01-18 15:12:00,1383.75,3168.75,4552.5
2024-01-18 15:13:00,1623.75,3168.75,4792.5
2024-01-18 15:14:00,1680.0,3165.0,4845.0
2024-01-18 15:15:00,1522.5,3165.0,4687.5
2024-01-18 15:16:00,1593.75,3165.0,4758.75
2024-01-18 15:17:00,1668.75,3161.25,4830.0
2024-01-18 15:18:00,1721.25,3161.25,4882.5
2024-01-18 15:19:00,1560.0,3168.75,4728.75
2024-01-18 15:20:00,1413.75,3165.0,4578.75
2024-01-18 15:21:00,1413.75,3165.0,4578.75
2024-01-18 15:22:00,1413.75,3165.0,4578.75
2024-01-18 15:23:00,1413.75,3165.0,4578.75
2024-01-18 15:24:00,1413.75,3165.0,4578.75
2024-01-18 15:25:00,1413.75,3165.0,4578.75
2024-01-18 15:26:00,1413.75,3165.0,4578.75
2024-01-18 15:27:00,1413.75,3165.0,4578.75
2024-01-18 15:28:00,1413.75,3165.0,4578.75
2024-01-18 15:29:00,1413.75,3165.0,4578.75
2024-01-18 15:30:00,1413.75,3165.0,4578.75
2024-01-18 15:31:00,1413.75,3165.0,4578.75
2024-01-25 10:15:00,0.0,0.0,0.0
2024-01-25 10:16:00,71.25,-112.5,-41.25
2024-01-25 10:17:00,251.25,-288.75,-37.5
2024-01-25 10:18:00,435.0,-817.5,-382.5
2024-01-25 10:19:00,502.5,-870.0,-367.5
2024-01-25 10:20:00,543.75,-975.0,-431.25
2024-01-25 10:21:00,633.75,-2156.25,-1522.5
2024-01-25 10:22:00,607.5,-2051.25,-1443.75
2024-01-25 10:23:00,675.0,-2685.0,-2010.0
2024-01-25 10:24:00,708.75,-2722.5,-2013.75
2024-01-25 10:25:00,742.5,-2838.75,-2096.25
2024-01-25 10:26:00,528.75,-2493.75,-1965.0
2024-01-25 10:27:00,577.5,-2385.0,-1807.5
2024-01-25 10:28:00,543.75,-2261.25,-1717.5
2024-01-25 10:29:00,495.0,-2118.75,-1623.75
2024-01-25 10:30:00,382.5,-1698.75,-1316.25
2024-01-25 10:31:00,528.75,-1785.0,-1256.25
2024-01-25 10:32:00,318.75,-1560.0,-1241.25
2024-01-25 10:33:00,-157.5,-776.25,-933.75
2024-01-25 10:34:00,401.25,-1383.75,-982.5
2024-01-25 10:35:00,712.5,-1852.5,-1140.0
2024-01-25 10:36:00,776.25,-1905.0,-1128.75
2024-01-25 10:37:00,1072.5,-2122.5,-1050.0
2024-01-25 10:38:00,570.0,-1582.5,-1012.5
2024-01-25 10:39:00,176.25,-1192.5,-1016.25
2024-01-25 10:40:00,157.5,-1091.25,-933.75
2024-01-25 10:41:00,-547.5,-592.5,-1140.0
2024-01-25 10:42:00,86.25,-1001.25,-915.0
2024-01-25 10:43:00,588.75,-1563.75,-975.0
2024-01-25 10:44:00,821.25,-1833.75,-1012.5
2024-01-25 10:45:00,442.5,-1488.75,-1046.25
2024-01-25 10:46:00,288.75,-1282.5,-993.75
2024-01-25 10:47:00,450.0,-1530.0,-1080.0
2024-01-25 10:48:00,502.5,-1818.75,-1316.25
2024-01-25 10:49:00,232.5,-1522.5,-1290.0
2024-01-25 10:50:00,393.75,-1642.5,-1248.75
2024-01-25 10:51:00,461.25,-1815.0,-1353.75
2024-01-25 10:52:00,596.25,-2137.5,-1541.25
2024-01-25 10:53:00,656.25,-1995.0,-1338.75
2024-01-25 10:54:00,731.25,-2411.25,-1680.0
2024-01-25 10:55:00,1230.0,-3375.0,-2145.0
2024-01-25 10:56:00,1695.0,-3911.25,-2216.25
2024-01-25 10:57:00,1920.0,-4113.75,-2193.75
2024-01-25 10:58:00,1773.75,-3772.5,-1998.75
2024-01-25 10:59:00,1987.5,-4072.5,-2085.0
2024-01-25 11:00:00,1976.25,-4143.75,-2167.5
2024-01-25 11:01:00,2010.0,-4132.5,-2122.5
2024-01-25 11:02:00,2077.5,-4271.25,-2193.75
2024-01-25 11:03:00,1856.25,-3738.75,-1882.5
2024-01-25 11:04:00,1571.25,-3150.0,-1578.75
2024-01-25 11:05:00,1886.25,-3915.0,-2028.75
2024-01-25 11:06:00,1732.5,-3570.0,-1837.5
2024-01-25 11:07:00,1755.0,-3468.75,-1713.75
2024-01-25 11:08:00,1852.5,-3423.75,-1571.25
2024-01-25 11:09:00,1875.0,-3438.75,-1563.75
2024-01-25 11:10:00,1818.75,-3360.0,-1541.25
2024-01-25 11:11:00,1661.25,-2816.25,-1155.0
2024-01-25 11:12:00,1481.25,-2426.25,-945.0
2024-01-25 11:13:00,1702.5,-2647.5,-945.0
2024-01-25 11:14:00,1972.5,-3341.25,-1368.75
2024-01-25 11:15:00,1875.0,-2981.25,-1106.25
2024-01-25 11:16:00,1893.75,-3086.25,-1192.5
2024-01-25 11:17:00,1680.0,-2666.25,-986.25
2024-01-25 11:18:00,1605.0,-2463.75,-858.75
2024-01-25 11:19:00,1297.5,-2013.75,-716.25
2024-01-25 11:20:00,1158.75,-1683.75,-525.0
2024-01-25 11:21:00,907.5,-1545.0,-637.5
2024-01-25 11:22:00,86.25,-933.75,-847.5
2024-01-25 11:23:00,292.5,-960.0,-667.5
2024-01-25 11:24:00,866.25,-1323.75,-457.5
2024-01-25 11:25:00,1230.0,-1856.25,-626.25
2024-01-25 11:26:00,768.75,-1290.0,-521.25
2024-01-25 11:27:00,1023.75,-1515.0,-491.25
2024-01-25 11:28:00,1601.25,-2043.75,-442.5
2024-01-25 11:29:00,1698.75,-2197.5,-498.75
2024-01-25 11:30:00,1215.0,-1361.25,-146.25
2024-01-25 11:31:00,1230.0,-1395.0,-165.0
2024-01-25 11:32:00,1642.5,-1822.5,-180.0
2024-01-25 11:33:00,1203.75,-1215.0,-11.25
2024-01-25 11:34:00,1653.75,-1770.0,-116.25
2024-01-25 11:35:00,1713.75,-1950.0,-236.25
2024-01-25 11:36:00,1496.25,-1522.5,-26.25
2024-01-25 11:37:00,1125.0,-1098.75,26.25
2024-01-25 11:38:00,438.75,-438.75,0.0
2024-01-25 11:39:00,-450.0,-15.0,-465.0
2024-01-25 11:40:00,-1533.75,337.5,-1196.25
2024-01-25 11:41:00,-2726.25,866.25,-1860.0
2024-01-25 11:42:00,-2321.25,768.75,-1552.5
2024-01-25 11:43:00,-2981.25,1057.5,-1923.75
2024-01-25 11:44:00,-1676.25,742.5,-933.75
2024-01-25 11:45:00,-1166.25,637.5,-528.75
2024-01-25 11:46:00,-1627.5,705.0,-922.5
2024-01-25 11:47:00,-371.25,236.25,-135.0
2024-01-25 11:48:00,-281.25,195.0,-86.25
2024-01-25 11:49:00,33.75,-26.25,7.5
2024-01-25 11:50:00,712.5,-543.75,168.75
2024-01-25 11:51:00,1477.5,-1286.25,191.25
2024-01-25 11:52:00,1357.5,-930.0,427.5
2024-01-25 11:53:00,1263.75,-836.25,427.5
2024-01-25 11:54:00,1578.75,-1226.25,352.5
2024-01-25 11:55:00,1593.75,-1177.5,416.25
2024-01-25 11:56:00,1875.0,-1500.0,375.0
2024-01-25 11:57:00,2197.5,-1935.0,262.5
2024-01-25 11:58:00,1980.0,-1346.25,633.75
2024-01-25 11:59:00,1785.0,-986.25,798.75
2024-01-25 12:00:00,1601.25,-825.0,776.25
2024-01-25 12:01:00,1848.75,-1267.5,581.25
2024-01-25 12:02:00,1376.25,-461.25,915.0
2024-01-25 12:03:00,1492.5,-427.5,1065.0
2024-01-25 12:04:00,1691.25,-408.75,1282.5
2024-01-25 12:05:00,1878.75,-652.5,1226.25
2024-01-25 12:06:00,2047.5,-900.0,1147.5
2024-01-25 12:07:00,2167.5,-1005.0,1162.5
2024-01-25 12:08:00,2336.25,-1207.5,1128.75
2024-01-25 12:09:00,1728.75,-356.25,1372.5
2024-01-25 12:10:00,2013.75,-667.5,1346.25
2024-01-25 12:11:00,2227.5,-843.75,1383.75
2024-01-25 12:12:00,1822.5,-360.0,1462.5
2024-01-25 12:13:00,2043.75,-558.75,1485.0
2024-01-25 12:14:00,2253.75,-682.5,1571.25
2024-01-25 12:15:00,2280.0,-491.25,1788.75
2024-01-25 12:16:00,2861.25,-1443.75,1417.5
2024-01-25 12:17:00,2838.75,-1106.25,1732.5
2024-01-25 12:18:00,3011.25,-1522.5,1488.75
2024-01-25 12:19:00,3116.25,-1661.25,1455.0
2024-01-25 12:20:00,3041.25,-1361.25,1680.0
2024-01-25 12:21:00,3183.75,-1623.75,1560.0
2024-01-25 12:22:00,3386.25,-1758.75,1627.5
2024-01-25 12:23:00,3285.0,-1443.75,1841.25
2024-01-25 12:24:00,3315.0,-1320.0,1995.0
2024-01-25 12:25:00,3127.5,-933.75,2193.75
2024-01-25 12:26:00,3003.75,-457.5,2546.25
2024-01-25 12:27:00,2786.25,-243.75,2542.5
2024-01-25 12:28:00,2388.75,251.25,2640.0
2024-01-25 12:29:00,2527.5,97.5,2625.0
2024-01-25 12:30:00,3067.5,-615.0,2452.5
2024-01-25 12:31:00,2977.5,-438.75,2538.75
2024-01-25 12:32:00,3217.5,-716.25,2501.25
2024-01-25 12:33:00,3281.25,-686.25,2595.0
2024-01-25 12:34:00,3431.25,-870.0,2561.25
2024-01-25 12:35:00,3300.0,-438.75,2861.25
2024-01-25 12:36:00,3262.5,-255.0,3007.5
2024-01-25 12:37:00,3127.5,-108.75,3018.75
2024-01-25 12:38:00,3097.5,-63.75,3033.75
2024-01-25 12:39:00,3052.5,165.0,3217.5
2024-01-25 12:40:00,2805.0,483.75,3288.75
2024-01-25 12:41:00,2985.0,78.75,3063.75
2024-01-25 12:42:00,3191.25,-33.75,3157.5
2024-01-25 12:43:00,3408.75,-405.0,3003.75
2024-01-25 12:44:00,3457.5,-401.25,3056.25
2024-01-25 12:45:00,3296.25,-11.25,3285.0
2024-01-25 12:46:00,3382.5,-356.25,3026.25
2024-01-25 12:47:00,3300.0,-26.25,3273.75
2024-01-25 12:48:00,3240.0,146.25,3386.25
2024-01-25 12:49:00,3157.5,326.25,3483.75
2024-01-25 12:50:00,3371.25,37.5,3408.75
2024-01-25 12:51:00,3427.5,-75.0,3352.5
2024-01-25 12:52:00,3585.0,-480.0,3105.0
2024-01-25 12:53:00,3498.75,-213.75,3285.0
2024-01-25 12:54:00,3588.75,-348.75,3240.0
2024-01-25 12:55:00,3611.25,-540.0,3071.25
2024-01-25 12:56:00,3633.75,-427.5,3206.25
2024-01-25 12:57:00,3765.0,-693.75,3071.25
2024-01-25 12:58:00,3667.5,-157.5,3510.0
2024-01-25 12:59:00,3896.25,-1050.0,2846.25
2024-01-25 13:00:00,3926.25,-1155.0,2771.25
2024-01-25 13:01:00,3795.0,-468.75,3326.25
2024-01-25 13:02:00,3821.25,-558.75,3262.5
2024-01-25 13:03:00,3843.75,-375.0,3468.75
2024-01-25 13:04:00,3933.75,-570.0,3363.75
2024-01-25 13:05:00,3798.75,-33.75,3765.0
2024-01-25 13:06:00,3761.25,142.5,3903.75
2024-01-25 13:07:00,3881.25,-386.25,3495.0
2024-01-25 13:08:00,3967.5,-532.5,3435.0
2024-01-25 13:09:00,3982.5,-742.5,3240.0
2024-01-25 13:10:00,4053.75,-986.25,3067.5
2024-01-25 13:11:00,3986.25,-738.75,3247.5
2024-01-25 13:12:00,3948.75,-442.5,3506.25
2024-01-25 13:13:00,3945.0,-247.5,3697.5
2024-01-25 13:14:00,3877.5,-108.75,3768.75
2024-01-25 13:15:00,3806.25,172.5,3978.75
2024-01-25 13:16:00,3776.25,138.75,3915.0
2024-01-25 13:17:00,3731.25,303.75,4035.0
2024-01-25 13:18:00,3795.0,142.5,3937.5
2024-01-25 13:19:00,4005.0,-322.5,3682.5
2024-01-25 13:20:00,3948.75,-48.75,3900.0
2024-01-25 13:21:00,3907.5,-101.25,3806.25
2024-01-25 13:22:00,3873.75,-26.25,3847.5
2024-01-25 13:23:00,3697.5,360.0,4057.5
2024-01-25 13:24:00,3885.0,-82.5,3802.5
2024-01-25 13:25:00,3885.0,-153.75,3731.25
2024-01-25 13:26:00,3926.25,-472.5,3453.75
2024-01-25 13:27:00,3956.25,-532.5,3423.75
2024-01-25 13:28:00,3978.75,-562.5,3416.25
2024-01-25 13:29:00,4031.25,-907.5,3123.75
2024-01-25 13:30:00,4080.0,-1001.25,3078.75
2024-01-25 13:31:00,4008.75,-405.0,3603.75
2024-01-25 13:32:00,4132.5,-1196.25,2936.25
2024-01-25 13:33:00,4102.5,-813.75,3288.75
2024-01-25 13:34:00,4023.75,-300.0,3723.75
2024-01-25 13:35:00,4083.75,-483.75,3600.0
2024-01-25 13:36:00,4106.25,-577.5,3528.75
2024-01-25 13:37:00,4132.5,-720.0,3412.5
2024-01-25 13:38:00,4027.5,-292.5,3735.0
2024-01-25 13:39:00,4065.0,-450.0,3615.0
2024-01-25 13:40:00,4057.5,-292.5,3765.0
2024-01-25 13:41:00,4091.25,-577.5,3513.75
2024-01-25 13:42:00,4046.25,-476.25,3570.0
2024-01-25 13:43:00,4020.0,-300.0,3720.0
2024-01-25 13:44:00,4091.25,-570.0,3521.25
2024-01-25 13:45:00,4053.75,-285.0,3768.75
2024-01-25 13:46:00,4020.0,-135.0,3885.0
2024-01-25 13:47:00,3948.75,37.5,3986.25
2024-01-25 13:48:00,3888.75,318.75,4207.5
2024-01-25 13:49:00,3937.5,217.5,4155.0
2024-01-25 13:50:00,3648.75,776.25,4425.0
2024-01-25 13:51:00,3547.5,918.75,4466.25
2024-01-25 13:52:00,3780.0,348.75,4128.75
2024-01-25 13:53:00,3712.5,476.25,4188.75
2024-01-25 13:54:00,3911.25,67.5,3978.75
2024-01-25 13:55:00,4020.0,-30.0,3990.0
2024-01-25 13:56:00,4072.5,-217.5,3855.0
2024-01-25 13:57:00,3828.75,498.75,4327.5
2024-01-25 13:58:00,3795.0,705.0,4500.0
2024-01-25 13:59:00,3761.25,780.0,4541.25
2024-01-25 14:00:00,3877.5,513.75,4391.25
2024-01-25 14:01:00,3982.5,378.75,4361.25
2024-01-25 14:02:00,3862.5,693.75,4556.25
2024-01-25 14:03:00,3806.25,780.0,4586.25
2024-01-25 14:04:00,3851.25,735.0,4586.25
2024-01-25 14:05:00,3907.5,690.0,4597.5
2024-01-25 14:06:00,3727.5,1057.5,4785.0
2024-01-25 14:07:00,3903.75,720.0,4623.75
2024-01-25 14:08:00,3971.25,622.5,4593.75
2024-01-25 14:09:00,4057.5,495.0,4552.5
2024-01-25 14:10:00,4023.75,663.75,4687.5
2024-01-25 14:11:00,4076.25,723.75,4800.0
2024-01-25 14:12:00,4121.25,738.75,4860.0
2024-01-25 14:13:00,4113.75,828.75,4942.5
2024-01-25 14:14:00,4233.75,626.25,4860.0
2024-01-25 14:15:00,4342.5,165.0,4507.5
2024-01-25 14:16:00,4372.5,-180.0,4192.5
2024-01-25 14:17:00,4383.75,-142.5,4241.25
2024-01-25 14:18:00,4436.25,-457.5,3978.75
2024-01-25 14:19:00,4413.75,56.25,4470.0
2024-01-25 14:20:00,4443.75,-187.5,4256.25
2024-01-25 14:21:00,4436.25,-131.25,4305.0
2024-01-25 14:22:00,4417.5,195.0,4612.5
2024-01-25 14:23:00,4458.75,-52.5,4406.25
2024-01-25 14:24:00,4473.75,-78.75,4395.0
2024-01-25 14:25:00,4432.5,-7.5,4425.0
2024-01-25 14:26:00,4413.75,93.75,4507.5
2024-01-25 14:27:00,4383.75,405.0,4788.75
2024-01-25 14:28:00,4462.5,108.75,4571.25
2024-01-25 14:29:00,4443.75,232.5,4676.25
2024-01-25 14:30:00,4428.75,821.25,5250.0
2024-01-25 14:31:00,4361.25,1215.0,5576.25
2024-01-25 14:32:00,4398.75,945.0,5343.75
2024-01-25 14:33:00,4455.0,341.25,4796.25
2024-01-25 14:34:00,4477.5,378.75,4856.25
2024-01-25 14:35:00,4477.5,288.75,4766.25
2024-01-25 14:36:00,4507.5,-41.25,4466.25
2024-01-25 14:37:00,4496.25,315.0,4811.25
2024-01-25 14:38:00,4515.0,108.75,4623.75
2024-01-25 14:39:00,4530.0,-405.0,4125.0
2024-01-25 14:40:00,4537.5,-348.75,4188.75
2024-01-25 14:41:00,4526.25,-277.5,4248.75
2024-01-25 14:42:00,4533.75,-412.5,4121.25
2024-01-25 14:43:00,4548.75,-581.25,3967.5
2024-01-25 14:44:00,4556.25,-787.5,3768.75
2024-01-25 14:45:00,4556.25,-131.25,4425.0
2024-01-25 14:46:00,4545.0,255.0,4800.0
2024-01-25 14:47:00,4560.0,142.5,4702.5
2024-01-25 14:48:00,4548.75,446.25,4995.0
2024-01-25 14:49:00,4575.0,82.5,4657.5
2024-01-25 14:50:00,4571.25,232.5,4803.75
2024-01-25 14:51:00,4567.5,315.0,4882.5
2024-01-25 14:52:00,4590.0,-45.0,4545.0
2024-01-25 14:53:00,4582.5,135.0,4717.5
2024-01-25 14:54:00,4567.5,581.25,5148.75
2024-01-25 14:55:00,4563.75,450.0,5013.75
2024-01-25 14:56:00,4567.5,341.25,4908.75
2024-01-25 14:57:00,4560.0,540.0,5100.0
2024-01-25 14:58:00,4575.0,240.0,4815.0
2024-01-25 14:59:00,4560.0,401.25,4961.25
2024-01-25 15:00:00,4582.5,450.0,5032.5
2024-01-25 15:01:00,4548.75,1515.0,6063.75
2024-01-25 15:02:00,4526.25,2043.75,6570.0
2024-01-25 15:03:00,4556.25,2002.5,6558.75
2024-01-25 15:04:00,4526.25,2388.75,6915.0
2024-01-25 15:05:00,4530.0,2531.25,7061.25
2024-01-25 15:06:00,4466.25,2658.75,7125.0
2024-01-25 15:07:00,4507.5,2670.0,7177.5
2024-01-25 15:08:00,4477.5,2711.25,7188.75
2024-01-25 15:09:00,4421.25,2763.75,7185.0
2024-01-25 15:10:00,4421.25,2771.25,7192.5
2024-01-25 15:11:00,4485.0,2745.0,7230.0
2024-01-25 15:12:00,4488.75,2793.75,7282.5
2024-01-25 15:13:00,4443.75,2808.75,7252.5
2024-01-25 15:14:00,4503.75,2805.0,7308.75
2024-01-25 15:15:00,4511.25,2797.5,7308.75
2024-01-25 15:16:00,4530.0,2790.0,7320.0
2024-01-25 15:17:00,4537.5,2801.25,7338.75
2024-01-25 15:18:00,4586.25,2805.0,7391.25
2024-01-25 15:19:00,4526.25,2812.5,7338.75
2024-01-25 15:20:00,4575.0,2816.25,7391.25
2024-01-25 15:21:00,4575.0,2816.25,7391.25
2024-01-25 15:22:00,4575.0,2816.25,7391.25
2024-01-25 15:23:00,4575.0,2816.25,7391.25
2024-01-25 15:24:00,4575.0,2816.25,7391.25
2024-01-25 15:25:00,4575.0,2816.25,7391.25
2024-01-25 15:26:00,4575.0,2816.25,7391.25
2024-01-25 15:27:00,4575.0,2816.25,7391.25
2024-01-25 15:28:00,4575.0,2816.25,7391.25
2024-01-25 15:29:00,4575.0,2816.25,7391.25
2024-01-25 15:30:00,4575.0,2816.25,7391.25
2024-02-01 10:15:00,0.0,0.0,0.0
2024-02-01 10:16:00,198.75,-63.75,135.0
2024-02-01 10:17:00,420.0,-37.5,382.5
2024-02-01 10:18:00,22.5,285.0,307.5
2024-02-01 10:19:00,131.25,123.75,255.0
2024-02-01 10:20:00,112.5,142.5,255.0
2024-02-01 10:21:00,315.0,78.75,393.75
2024-02-01 10:22:00,322.5,33.75,356.25
2024-02-01 10:23:00,333.75,78.75,412.5
2024-02-01 10:24:00,363.75,-30.0,333.75
2024-02-01 10:25:00,285.0,93.75,378.75
2024-02-01 10:26:00,318.75,41.25,360.0
2024-02-01 10:27:00,153.75,168.75,322.5
2024-02-01 10:28:00,296.25,67.5,363.75
2024-02-01 10:29:00,168.75,228.75,397.5
2024-02-01 10:30:00,52.5,487.5,540.0
2024-02-01 10:31:00,108.75,461.25,570.0
2024-02-01 10:32:00,56.25,356.25,412.5
2024-02-01 10:33:00,311.25,210.0,521.25
2024-02-01 10:34:00,116.25,393.75,510.0
2024-02-01 10:35:00,202.5,363.75,566.25
2024-02-01 10:36:00,123.75,412.5,536.25
2024-02-01 10:37:00,41.25,468.75,510.0
2024-02-01 10:38:00,75.0,408.75,483.75
2024-02-01 10:39:00,97.5,341.25,438.75
2024-02-01 10:40:00,108.75,288.75,397.5
2024-02-01 10:41:00,157.5,221.25,378.75
2024-02-01 10:42:00,232.5,22.5,255.0
2024-02-01 10:43:00,101.25,198.75,300.0
2024-02-01 10:44:00,116.25,146.25,262.5
2024-02-01 10:45:00,82.5,153.75,236.25
2024-02-01 10:46:00,0.0,262.5,262.5
2024-02-01 10:47:00,150.0,142.5,292.5
2024-02-01 10:48:00,18.75,213.75,232.5
2024-02-01 10:49:00,-82.5,251.25,168.75
2024-02-01 10:50:00,123.75,120.0,243.75
2024-02-01 10:51:00,-22.5,217.5,195.0
2024-02-01 10:52:00,3.75,101.25,105.0
2024-02-01 10:53:00,-146.25,75.0,-71.25
2024-02-01 10:54:00,-727.5,56.25,-671.25
2024-02-01 10:55:00,-798.75,258.75,-540.0
2024-02-01 10:56:00,-802.5,195.0,-607.5
2024-02-01 10:57:00,-262.5,-292.5,-555.0
2024-02-01 10:58:00,-258.75,131.25,-127.5
2024-02-01 10:59:00,-397.5,52.5,-345.0
2024-02-01 11:00:00,-555.0,288.75,-266.25
2024-02-01 11:01:00,-465.0,247.5,-217.5
2024-02-01 11:02:00,-675.0,360.0,-315.0
2024-02-01 11:03:00,-1980.0,461.25,-1518.75
2024-02-01 11:04:00,-1413.75,382.5,-1031.25
2024-02-01 11:05:00,-1451.25,348.75,-1102.5
2024-02-01 11:06:00,-1177.5,187.5,-990.0
2024-02-01 11:07:00,86.25,-847.5,-761.25
2024-02-01 11:08:00,-772.5,-150.0,-922.5
2024-02-01 11:09:00,-1020.0,438.75,-581.25
2024-02-01 11:10:00,-675.0,-22.5,-697.5
2024-02-01 11:11:00,-742.5,-3.75,-746.25
2024-02-01 11:12:00,-731.25,7.5,-723.75
2024-02-01 11:13:00,-416.25,-292.5,-708.75
2024-02-01 11:14:00,-453.75,-330.0,-783.75
2024-02-01 11:15:00,-555.0,3.75,-551.25
2024-02-01 11:16:00,-378.75,-288.75,-667.5
2024-02-01 11:17:00,697.5,-1987.5,-1290.0
2024-02-01 11:18:00,1068.75,-2658.75,-1590.0
2024-02-01 11:19:00,491.25,-2295.0,-1803.75
2024-02-01 11:20:00,277.5,-1676.25,-1398.75
2024-02-01 11:21:00,378.75,-2092.5,-1713.75
2024-02-01 11:22:00,405.0,-1803.75,-1398.75
2024-02-01 11:23:00,326.25,-1740.0,-1413.75
2024-02-01 11:24:00,288.75,-1357.5,-1068.75
2024-02-01 11:25:00,442.5,-1552.5,-1110.0
2024-02-01 11:26:00,468.75,-1440.0,-971.25
2024-02-01 11:27:00,360.0,-1582.5,-1222.5
2024-02-01 11:28:00,142.5,-1177.5,-1035.0
2024-02-01 11:29:00,165.0,-1286.25,-1121.25
2024-02-01 11:30:00,105.0,-1263.75,-1158.75
2024-02-01 11:31:00,288.75,-1297.5,-1008.75
2024-02-01 11:32:00,348.75,-1485.0,-1136.25
2024-02-01 11:33:00,225.0,-1376.25,-1151.25
2024-02-01 11:34:00,345.0,-1563.75,-1218.75
2024-02-01 11:35:00,352.5,-1335.0,-982.5
2024-02-01 11:36:00,487.5,-1548.75,-1061.25
2024-02-01 11:37:00,273.75,-1222.5,-948.75
2024-02-01 11:38:00,168.75,-746.25,-577.5
2024-02-01 11:39:00,296.25,-765.0,-468.75
2024-02-01 11:40:00,330.0,-585.0,-255.0
2024-02-01 11:41:00,303.75,-566.25,-262.5
2024-02-01 11:42:00,483.75,-780.0,-296.25
2024-02-01 11:43:00,543.75,-896.25,-352.5
2024-02-01 11:44:00,525.0,-787.5,-262.5
2024-02-01 11:45:00,450.0,-442.5,7.5
2024-02-01 11:46:00,540.0,-547.5,-7.5
2024-02-01 11:47:00,390.0,-187.5,202.5
2024-02-01 11:48:00,506.25,-341.25,165.0
2024-02-01 11:49:00,543.75,-453.75,90.0
2024-02-01 11:50:00,423.75,-240.0,183.75
2024-02-01 11:51:00,138.75,-45.0,93.75
2024-02-01 11:52:00,288.75,-37.5,251.25
2024-02-01 11:53:00,277.5,161.25,438.75
2024-02-01 11:54:00,150.0,333.75,483.75
2024-02-01 11:55:00,386.25,311.25,697.5
2024-02-01 11:56:00,566.25,97.5,663.75
2024-02-01 11:57:00,1102.5,-401.25,701.25
2024-02-01 11:58:00,1218.75,-157.5,1061.25
2024-02-01 11:59:00,1770.0,-1237.5,532.5
2024-02-01 12:00:00,1935.0,-255.0,1680.0
2024-02-01 12:01:00,2201.25,123.75,2325.0
2024-02-01 12:02:00,2880.0,468.75,3348.75
2024-02-01 12:03:00,2977.5,-491.25,2486.25
2024-02-01 12:04:00,3090.0,-1530.0,1560.0
2024-02-01 12:05:00,2910.0,-1173.75,1736.25
2024-02-01 12:06:00,2658.75,-30.0,2628.75
2024-02-01 12:07:00,2310.0,611.25,2921.25
2024-02-01 12:08:00,1991.25,1293.75,3285.0
2024-02-01 12:09:00,2283.75,1473.75,3757.5
2024-02-01 12:10:00,2141.25,1571.25,3712.5
2024-02-01 12:11:00,2178.75,1830.0,4008.75
2024-02-01 12:12:00,2077.5,2028.75,4106.25
2024-02-01 12:13:00,2160.0,1968.75,4128.75
2024-02-01 12:14:00,2347.5,1905.0,4252.5
2024-02-01 12:15:00,2688.75,1698.75,4387.5
2024-02-01 12:16:00,2726.25,1668.75,4395.0
2024-02-01 12:17:00,2610.0,1833.75,4443.75
2024-02-01 12:18:00,2745.0,1740.0,4485.0
2024-02-01 12:19:00,2973.75,1177.5,4151.25
2024-02-01 12:20:00,2962.5,1511.25,4473.75
2024-02-01 12:21:00,2996.25,1222.5,4218.75
2024-02-01 12:22:00,3063.75,1020.0,4083.75
2024-02-01 12:23:00,3067.5,532.5,3600.0
2024-02-01 12:24:00,3052.5,1046.25,4098.75
2024-02-01 12:25:00,3037.5,1218.75,4256.25
2024-02-01 12:26:00,3007.5,1267.5,4275.0
2024-02-01 12:27:00,2985.0,1436.25,4421.25
2024-02-01 12:28:00,2925.0,1668.75,4593.75
2024-02-01 12:29:00,3026.25,1451.25,4477.5
2024-02-01 12:30:00,3063.75,1383.75,4447.5
2024-02-01 12:31:00,3052.5,1541.25,4593.75
2024-02-01 12:32:00,3240.0,1192.5,4432.5
2024-02-01 12:33:00,3281.25,1132.5,4413.75
2024-02-01 12:34:00,3225.0,1466.25,4691.25
2024-02-01 12:35:00,3183.75,1665.0,4848.75
2024-02-01 12:36:00,3221.25,1537.5,4758.75
2024-02-01 12:37:00,3187.5,1680.0,4867.5
2024-02-01 12:38:00,3112.5,1815.0,4927.5
2024-02-01 12:39:00,3202.5,1650.0,4852.5
2024-02-01 12:40:00,3228.75,1601.25,4830.0
2024-02-01 12:41:00,3180.0,1691.25,4871.25
2024-02-01 12:42:00,3150.0,1728.75,4878.75
2024-02-01 12:43:00,3116.25,1803.75,4920.0
2024-02-01 12:44:00,3108.75,1803.75,4912.5
2024-02-01 12:45:00,3180.0,1717.5,4897.5
2024-02-01 12:46:00,3097.5,1837.5,4935.0
2024-02-01 12:47:00,3093.75,1901.25,4995.0
2024-02-01 12:48:00,2767.5,2133.75,4901.25
2024-02-01 12:49:00,2808.75,2223.75,5032.5
2024-02-01 12:50:00,2741.25,2362.5,5103.75
2024-02-01 12:51:00,2936.25,2235.0,5171.25
2024-02-01 12:52:00,2966.25,2212.5,5178.75
2024-02-01 12:53:00,2808.75,2317.5,5126.25
2024-02-01 12:54:00,2865.0,2370.0,5235.0
2024-02-01 12:55:00,2808.75,2426.25,5235.0
2024-02-01 12:56:00,2973.75,2310.0,5283.75
2024-02-01 12:57:00,3007.5,2306.25,5313.75
2024-02-01 12:58:00,3191.25,2152.5,5343.75
2024-02-01 12:59:00,3191.25,2171.25,5362.5
2024-02-01 13:00:00,3191.25,2178.75,5370.0
2024-02-01 13:01:00,3393.75,1597.5,4991.25
2024-02-01 13:02:00,3326.25,2051.25,5377.5
2024-02-01 13:03:00,3288.75,2156.25,5445.0
2024-02-01 13:04:00,3251.25,2261.25,5512.5
2024-02-01 13:05:00,3273.75,2223.75,5497.5
2024-02-01 13:06:00,3270.0,2190.0,5460.0
2024-02-01 13:07:00,3270.0,2216.25,5486.25
2024-02-01 13:08:00,3367.5,2043.75,5411.25
2024-02-01 13:09:00,3348.75,2145.0,5493.75
2024-02-01 13:10:00,3326.25,2190.0,5516.25
2024-02-01 13:11:00,3277.5,2310.0,5587.5
2024-02-01 13:12:00,3345.0,2220.0,5565.0
2024-02-01 13:13:00,3390.0,2212.5,5602.5
2024-02-01 13:14:00,3423.75,2208.75,5632.5
2024-02-01 13:15:00,3487.5,2066.25,5553.75
2024-02-01 13:16:00,3423.75,2223.75,5647.5
2024-02-01 13:17:00,3476.25,2145.0,5621.25
2024-02-01 13:18:00,3483.75,2156.25,5640.0
2024-02-01 13:19:00,3536.25,1837.5,5373.75
2024-02-01 13:20:00,3525.0,1653.75,5178.75
2024-02-01 13:21:00,3517.5,1953.75,5471.25
2024-02-01 13:22:00,3543.75,1800.0,5343.75
2024-02-01 13:23:00,3525.0,2006.25,5531.25
2024-02-01 13:24:00,3543.75,1957.5,5501.25
2024-02-01 13:25:00,3543.75,1968.75,5512.5
2024-02-01 13:26:00,3577.5,1897.5,5475.0
2024-02-01 13:27:00,3592.5,1800.0,5392.5
2024-02-01 13:28:00,3603.75,1698.75,5302.5
2024-02-01 13:29:00,3603.75,1323.75,4927.5
2024-02-01 13:30:00,3615.0,1721.25,5336.25
2024-02-01 13:31:00,3607.5,1518.75,5126.25
2024-02-01 13:32:00,3645.0,1447.5,5092.5
2024-02-01 13:33:00,3663.75,1331.25,4995.0
2024-02-01 13:34:00,3678.75,1177.5,4856.25
2024-02-01 13:35:00,3648.75,1481.25,5130.0
2024-02-01 13:36:00,3648.75,1548.75,5197.5
2024-02-01 13:37:00,3652.5,1665.0,5317.5
2024-02-01 13:38:00,3660.0,1586.25,5246.25
2024-02-01 13:39:00,3678.75,1410.0,5088.75
2024-02-01 13:40:00,3686.25,1406.25,5092.5
2024-02-01 13:41:00,3690.0,1301.25,4991.25
2024-02-01 13:42:00,3656.25,1710.0,5366.25
2024-02-01 13:43:00,3648.75,2055.0,5703.75
2024-02-01 13:44:00,3652.5,1998.75,5651.25
2024-02-01 13:45:00,3671.25,1968.75,5640.0
2024-02-01 13:46:00,3678.75,1800.0,5478.75
2024-02-01 13:47:00,3675.0,1897.5,5572.5
2024-02-01 13:48:00,3641.25,2231.25,5872.5
2024-02-01 13:49:00,3637.5,2298.75,5936.25
2024-02-01 13:50:00,3645.0,2340.0,5985.0
2024-02-01 13:51:00,3652.5,2306.25,5958.75
2024-02-01 13:52:00,3656.25,2302.5,5958.75
2024-02-01 13:53:00,3618.75,2490.0,6108.75
2024-02-01 13:54:00,3630.0,2460.0,6090.0
2024-02-01 13:55:00,3630.0,2433.75,6063.75
2024-02-01 13:56:00,3663.75,2347.5,6011.25
2024-02-01 13:57:00,3682.5,2340.0,6022.5
2024-02-01 13:58:00,3652.5,2355.0,6007.5
2024-02-01 13:59:00,3656.25,2366.25,6022.5
2024-02-01 14:00:00,3660.0,2418.75,6078.75
2024-02-01 14:01:00,3671.25,2385.0,6056.25
2024-02-01 14:02:00,3686.25,2358.75,6045.0
2024-02-01 14:03:00,3678.75,2340.0,6018.75
2024-02-01 14:04:00,3663.75,2516.25,6180.0
2024-02-01 14:05:00,3663.75,2595.0,6258.75
2024-02-01 14:06:00,3705.0,2508.75,6213.75
2024-02-01 14:07:00,3697.5,2497.5,6195.0
2024-02-01 14:08:00,3731.25,2430.0,6161.25
2024-02-01 14:09:00,3697.5,2666.25,6363.75
2024-02-01 14:10:00,3701.25,2662.5,6363.75
2024-02-01 14:11:00,3686.25,2711.25,6397.5
2024-02-01 14:12:00,3693.75,2707.5,6401.25
2024-02-01 14:13:00,3656.25,2808.75,6465.0
2024-02-01 14:14:00,3648.75,2820.0,6468.75
2024-02-01 14:15:00,3678.75,2801.25,6480.0
2024-02-01 14:16:00,3731.25,2670.0,6401.25
2024-02-01 14:17:00,3735.0,2610.0,6345.0
2024-02-01 14:18:00,3731.25,2610.0,6341.25
2024-02-01 14:19:00,3746.25,2617.5,6363.75
2024-02-01 14:20:00,3742.5,2711.25,6453.75
2024-02-01 14:21:00,3738.75,2685.0,6423.75
2024-02-01 14:22:00,3757.5,2617.5,6375.0
2024-02-01 14:23:00,3765.0,2681.25,6446.25
2024-02-01 14:24:00,3750.0,2741.25,6491.25
2024-02-01 14:25:00,3746.25,2820.0,6566.25
2024-02-01 14:26:00,3757.5,2778.75,6536.25
2024-02-01 14:27:00,3750.0,2778.75,6528.75
2024-02-01 14:28:00,3750.0,2778.75,6528.75
2024-02-01 14:29:00,3750.0,2861.25,6611.25
2024-02-01 14:30:00,3735.0,2940.0,6675.0
2024-02-01 14:31:00,3753.75,2872.5,6626.25
2024-02-01 14:32:00,3750.0,2853.75,6603.75
2024-02-01 14:33:00,3753.75,2831.25,6585.0
2024-02-01 14:34:00,3753.75,2838.75,6592.5
2024-02-01 14:35:00,3772.5,2778.75,6551.25
2024-02-01 14:36:00,3776.25,2658.75,6435.0
2024-02-01 14:37:00,3783.75,2823.75,6607.5
2024-02-01 14:38:00,3776.25,2808.75,6585.0
2024-02-01 14:39:00,3787.5,2718.75,6506.25
2024-02-01 14:40:00,3787.5,2718.75,6506.25
2024-02-01 14:41:00,3787.5,2775.0,6562.5
2024-02-01 14:42:00,3795.0,2715.0,6510.0
2024-02-01 14:43:00,3791.25,2767.5,6558.75
2024-02-01 14:44:00,3802.5,2677.5,6480.0
2024-02-01 14:45:00,3798.75,2568.75,6367.5
2024-02-01 14:46:00,3798.75,2786.25,6585.0
2024-02-01 14:47:00,3802.5,2876.25,6678.75
2024-02-01 14:48:00,3798.75,2940.0,6738.75
2024-02-01 14:49:00,3795.0,2921.25,6716.25
2024-02-01 14:50:00,3795.0,2985.0,6780.0
2024-02-01 14:51:00,3772.5,3022.5,6795.0
2024-02-01 14:52:00,3795.0,3015.0,6810.0
2024-02-01 14:53:00,3806.25,3003.75,6810.0
2024-02-01 14:54:00,3806.25,3048.75,6855.0
2024-02-01 14:55:00,3795.0,3090.0,6885.0
2024-02-01 14:56:00,3791.25,3090.0,6881.25
2024-02-01 14:57:00,3787.5,3116.25,6903.75
2024-02-01 14:58:00,3795.0,3093.75,6888.75
2024-02-01 14:59:00,3798.75,3090.0,6888.75
2024-02-01 15:00:00,3798.75,3090.0,6888.75
2024-02-01 15:01:00,3806.25,3108.75,6915.0
2024-02-01 15:02:00,3817.5,3097.5,6915.0
2024-02-01 15:03:00,3821.25,3033.75,6855.0
2024-02-01 15:04:00,3821.25,3142.5,6963.75
2024-02-01 15:05:00,3825.0,3101.25,6926.25
2024-02-01 15:06:00,3825.0,3116.25,6941.25
2024-02-01 15:07:00,3828.75,3131.25,6960.0
2024-02-01 15:08:00,3828.75,3153.75,6982.5
2024-02-01 15:09:00,3836.25,3161.25,6997.5
2024-02-01 15:10:00,3832.5,3157.5,6990.0
2024-02-01 15:11:00,3836.25,3165.0,7001.25
2024-02-01 15:12:00,3836.25,3165.0,7001.25
2024-02-01 15:13:00,3840.0,3168.75,7008.75
2024-02-01 15:14:00,3840.0,3165.0,7005.0
2024-02-01 15:15:00,3836.25,3157.5,6993.75
2024-02-01 15:16:00,3840.0,3150.0,6990.0
2024-02-01 15:17:00,3840.0,3165.0,7005.0
2024-02-01 15:18:00,3836.25,3168.75,7005.0
2024-02-01 15:19:00,3840.0,3168.75,7008.75
2024-02-01 15:20:00,3840.0,3176.25,7016.25
2024-02-01 15:21:00,3840.0,3176.25,7016.25
2024-02-01 15:22:00,3840.0,3176.25,7016.25
2024-02-01 15:23:00,3840.0,3176.25,7016.25
2024-02-01 15:24:00,3840.0,3176.25,7016.25
2024-02-01 15:25:00,3840.0,3176.25,7016.25
2024-02-01 15:26:00,3840.0,3176.25,7016.25
2024-02-01 15:27:00,3840.0,3176.25,7016.25
2024-02-01 15:28:00,3840.0,3176.25,7016.25
2024-02-01 15:29:00,3840.0,3176.25,7016.25
2024-02-01 15:30:00,3840.0,3176.25,7016.25
2024-02-08 10:15:00,0.0,0.0,0.0
2024-02-08 10:16:00,480.0,-1380.0,-900.0
2024-02-08 10:17:00,551.25,-1395.0,-843.75
2024-02-08 10:18:00,585.0,-1068.75,-483.75
2024-02-08 10:19:00,641.25,-1312.5,-671.25
2024-02-08 10:20:00,570.0,-720.0,-150.0
2024-02-08 10:21:00,521.25,-465.0,56.25
2024-02-08 10:22:00,607.5,-930.0,-322.5
2024-02-08 10:23:00,461.25,-363.75,97.5
2024-02-08 10:24:00,506.25,-363.75,142.5
2024-02-08 10:25:00,461.25,-161.25,300.0
2024-02-08 10:26:00,423.75,-127.5,296.25
2024-02-08 10:27:00,75.0,341.25,416.25
2024-02-08 10:28:00,-405.0,382.5,-22.5
2024-02-08 10:29:00,-251.25,480.0,228.75
2024-02-08 10:30:00,-45.0,555.0,510.0
2024-02-08 10:31:00,93.75,543.75,637.5
2024-02-08 10:32:00,-326.25,690.0,363.75
2024-02-08 10:33:00,-45.0,630.0,585.0
2024-02-08 10:34:00,-26.25,652.5,626.25
2024-02-08 10:35:00,-60.0,686.25,626.25
2024-02-08 10:36:00,-33.75,671.25,637.5
2024-02-08 10:37:00,225.0,570.0,795.0
2024-02-08 10:38:00,345.0,513.75,858.75
2024-02-08 10:39:00,202.5,622.5,825.0
2024-02-08 10:40:00,176.25,645.0,821.25
2024-02-08 10:41:00,412.5,566.25,978.75
2024-02-08 10:42:00,783.75,-442.5,341.25
2024-02-08 10:43:00,933.75,-840.0,93.75
2024-02-08 10:44:00,1001.25,-1458.75,-457.5
2024-02-08 10:45:00,1020.0,-1466.25,-446.25
2024-02-08 10:46:00,997.5,-1192.5,-195.0
2024-02-08 10:47:00,975.0,-993.75,-18.75
2024-02-08 10:48:00,1053.75,-1530.0,-476.25
2024-02-08 10:49:00,1027.5,-1203.75,-176.25
2024-02-08 10:50:00,1031.25,-1158.75,-127.5
2024-02-08 10:51:00,971.25,-611.25,360.0
2024-02-08 10:52:00,1016.25,-1001.25,15.0
2024-02-08 10:53:00,1072.5,-1346.25,-273.75
2024-02-08 10:54:00,1057.5,-1095.0,-37.5
2024-02-08 10:55:00,1038.75,-945.0,93.75
2024-02-08 10:56:00,1027.5,-798.75,228.75
2024-02-08 10:57:00,1046.25,-1192.5,-146.25
2024-02-08 10:58:00,1166.25,-2831.25,-1665.0
2024-02-08 10:59:00,1222.5,-3322.5,-2100.0
2024-02-08 11:00:00,1260.0,-3585.0,-2325.0
2024-02-08 11:01:00,1222.5,-3836.25,-2613.75
2024-02-08 11:02:00,1368.75,-3918.75,-2550.0
2024-02-08 11:03:00,1713.75,-6007.5,-4293.75
2024-02-08 11:04:00,2141.25,-7541.25,-5400.0
2024-02-08 11:05:00,2306.25,-8632.5,-6326.25
2024-02-08 11:06:00,2670.0,-9798.75,-7128.75
2024-02-08 11:07:00,2520.0,-9487.5,-6967.5
2024-02-08 11:08:00,2310.0,-8932.5,-6622.5
2024-02-08 11:09:00,2805.0,-10230.0,-7425.0
2024-02-08 11:10:00,3438.75,-11482.5,-8043.75
2024-02-08 11:11:00,3273.75,-11280.0,-8006.25
2024-02-08 11:12:00,2640.0,-10140.0,-7500.0
2024-02-08 11:13:00,2557.5,-10042.5,-7485.0
2024-02-08 11:14:00,2546.25,-10020.0,-7473.75
2024-02-08 11:15:00,2996.25,-10335.0,-7338.75
2024-02-08 11:16:00,2636.25,-9731.25,-7095.0
2024-02-08 11:17:00,2546.25,-9386.25,-6840.0
2024-02-08 11:18:00,2658.75,-9420.0,-6761.25
2024-02-08 11:19:00,2366.25,-8602.5,-6236.25
2024-02-08 11:20:00,2816.25,-9345.0,-6528.75
2024-02-08 11:21:00,3026.25,-9630.0,-6603.75
2024-02-08 11:22:00,2913.75,-9052.5,-6138.75
2024-02-08 11:23:00,3258.75,-9281.25,-6022.5
2024-02-08 11:24:00,3768.75,-10241.25,-6472.5
2024-02-08 11:25:00,3273.75,-9322.5,-6048.75
2024-02-08 11:26:00,3393.75,-9056.25,-5662.5
2024-02-08 11:27:00,3273.75,-8816.25,-5542.5
2024-02-08 11:28:00,3258.75,-8726.25,-5467.5
2024-02-08 11:29:00,2561.25,-7627.5,-5066.25
2024-02-08 11:30:00,2898.75,-7860.0,-4961.25
2024-02-08 11:31:00,3003.75,-7886.25,-4882.5
2024-02-08 11:32:00,3386.25,-8632.5,-5246.25
2024-02-08 11:33:00,3678.75,-8793.75,-5115.0
2024-02-08 11:34:00,3686.25,-8685.0,-4998.75
2024-02-08 11:35:00,3918.75,-8992.5,-5073.75
2024-02-08 11:36:00,3821.25,-8583.75,-4762.5
2024-02-08 11:37:00,3603.75,-8028.75,-4425.0
2024-02-08 11:38:00,3221.25,-7395.0,-4173.75
2024-02-08 11:39:00,3416.25,-7511.25,-4095.0
2024-02-08 11:40:00,3341.25,-7335.0,-3993.75
2024-02-08 11:41:00,3438.75,-7526.25,-4087.5
2024-02-08 11:42:00,3611.25,-7620.0,-4008.75
2024-02-08 11:43:00,3341.25,-7241.25,-3900.0
2024-02-08 11:44:00,3453.75,-7305.0,-3851.25
2024-02-08 11:45:00,3633.75,-7545.0,-3911.25
2024-02-08 11:46:00,3671.25,-7800.0,-4128.75
2024-02-08 11:47:00,3581.25,-7635.0,-4053.75
2024-02-08 11:48:00,3423.75,-7271.25,-3847.5
2024-02-08 11:49:00,3356.25,-7042.5,-3686.25
2024-02-08 11:50:00,3348.75,-6956.25,-3607.5
2024-02-08 11:51:00,3356.25,-6918.75,-3562.5
2024-02-08 11:52:00,3468.75,-6997.5,-3528.75
2024-02-08 11:53:00,3371.25,-6892.5,-3521.25
2024-02-08 11:54:00,2238.75,-5692.5,-3453.75
2024-02-08 11:55:00,2628.75,-5730.0,-3101.25
2024-02-08 11:56:00,2253.75,-5557.5,-3303.75
2024-02-08 11:57:00,2786.25,-5786.25,-3000.0
2024-02-08 11:58:00,3093.75,-5996.25,-2902.5
2024-02-08 11:59:00,2373.75,-5381.25,-3007.5
2024-02-08 12:00:00,2928.75,-5643.75,-2715.0
2024-02-08 12:01:00,2726.25,-5452.5,-2726.25
2024-02-08 12:02:00,2493.75,-5257.5,-2763.75
2024-02-08 12:03:00,2358.75,-5160.0,-2801.25
2024-02-08 12:04:00,2493.75,-5231.25,-2737.5
2024-02-08 12:05:00,2718.75,-5362.5,-2643.75
2024-02-08 12:06:00,2883.75,-5535.0,-2651.25
2024-02-08 12:07:00,2718.75,-5268.75,-2550.0
2024-02-08 12:08:00,3003.75,-5482.5,-2478.75
2024-02-08 12:09:00,3408.75,-5760.0,-2351.25
2024-02-08 12:10:00,3018.75,-5306.25,-2287.5
2024-02-08 12:11:00,3176.25,-5381.25,-2205.0
2024-02-08 12:12:00,2861.25,-5092.5,-2231.25
2024-02-08 12:13:00,2366.25,-4541.25,-2175.0
2024-02-08 12:14:00,2621.25,-4653.75,-2032.5
2024-02-08 12:15:00,2973.75,-4781.25,-1807.5
2024-02-08 12:16:00,2958.75,-4871.25,-1912.5
2024-02-08 12:17:00,3086.25,-4901.25,-1815.0
2024-02-08 12:18:00,3176.25,-5047.5,-1871.25
2024-02-08 12:19:00,3183.75,-5100.0,-1916.25
2024-02-08 12:20:00,3296.25,-5115.0,-1818.75
2024-02-08 12:21:00,3866.25,-5748.75,-1882.5
2024-02-08 12:22:00,3551.25,-5407.5,-1856.25
2024-02-08 12:23:00,3828.75,-5805.0,-1976.25
2024-02-08 12:24:00,3851.25,-5745.0,-1893.75
2024-02-08 12:25:00,3693.75,-5362.5,-1668.75
2024-02-08 12:26:00,3461.25,-5163.75,-1702.5
2024-02-08 12:27:00,3738.75,-5385.0,-1646.25
2024-02-08 12:28:00,3663.75,-5347.5,-1683.75
2024-02-08 12:29:00,3813.75,-5445.0,-1631.25
2024-02-08 12:30:00,3978.75,-5621.25,-1642.5
2024-02-08 12:31:00,4233.75,-5827.5,-1593.75
2024-02-08 12:32:00,4353.75,-6000.0,-1646.25
2024-02-08 12:33:00,4203.75,-5606.25,-1402.5
2024-02-08 12:34:00,3866.25,-5182.5,-1316.25
2024-02-08 12:35:00,3813.75,-5021.25,-1207.5
2024-02-08 12:36:00,3761.25,-4991.25,-1230.0
2024-02-08 12:37:00,3753.75,-4953.75,-1200.0
2024-02-08 12:38:00,3378.75,-4672.5,-1293.75
2024-02-08 12:39:00,3453.75,-4710.0,-1256.25
2024-02-08 12:40:00,3873.75,-5073.75,-1200.0
2024-02-08 12:41:00,3851.25,-5058.75,-1207.5
2024-02-08 12:42:00,3476.25,-4740.0,-1263.75
2024-02-08 12:43:00,3536.25,-4807.5,-1271.25
2024-02-08 12:44:00,3911.25,-5085.0,-1173.75
2024-02-08 12:45:00,3551.25,-4740.0,-1188.75
2024-02-08 12:46:00,3573.75,-4781.25,-1207.5
2024-02-08 12:47:00,3716.25,-4953.75,-1237.5
2024-02-08 12:48:00,3678.75,-4897.5,-1218.75
2024-02-08 12:49:00,3573.75,-4796.25,-1222.5
2024-02-08 12:50:00,3746.25,-4935.0,-1188.75
2024-02-08 12:51:00,3791.25,-5006.25,-1215.0
2024-02-08 12:52:00,3648.75,-4815.0,-1166.25
2024-02-08 12:53:00,3896.25,-5182.5,-1286.25
2024-02-08 12:54:00,3791.25,-4905.0,-1113.75
2024-02-08 12:55:00,3806.25,-4886.25,-1080.0
2024-02-08 12:56:00,3836.25,-5010.0,-1173.75
2024-02-08 12:57:00,3798.75,-4938.75,-1140.0
2024-02-08 12:58:00,3978.75,-5122.5,-1143.75
2024-02-08 12:59:00,3633.75,-4732.5,-1098.75
2024-02-08 13:00:00,3288.75,-4350.0,-1061.25
2024-02-08 13:01:00,3453.75,-4387.5,-933.75
2024-02-08 13:02:00,4098.75,-4886.25,-787.5
2024-02-08 13:03:00,4301.25,-5051.25,-750.0
2024-02-08 13:04:00,4203.75,-4875.0,-671.25
2024-02-08 13:05:00,4248.75,-4852.5,-603.75
2024-02-08 13:06:00,4143.75,-4736.25,-592.5
2024-02-08 13:07:00,4091.25,-4578.75,-487.5
2024-02-08 13:08:00,4166.25,-4650.0,-483.75
2024-02-08 13:09:00,4121.25,-4492.5,-371.25
2024-02-08 13:10:00,3851.25,-4207.5,-356.25
2024-02-08 13:11:00,3911.25,-4282.5,-371.25
2024-02-08 13:12:00,3798.75,-4192.5,-393.75
2024-02-08 13:13:00,3116.25,-3888.75,-772.5
2024-02-08 13:14:00,3536.25,-4162.5,-626.25
2024-02-08 13:15:00,3633.75,-4185.0,-551.25
2024-02-08 13:16:00,3693.75,-4237.5,-543.75
2024-02-08 13:17:00,3555.0,-3990.0,-435.0
2024-02-08 13:18:00,3618.75,-3990.0,-371.25
2024-02-08 13:19:00,3825.0,-4312.5,-487.5
2024-02-08 13:20:00,3937.5,-4443.75,-506.25
2024-02-08 13:21:00,3930.0,-4297.5,-367.5
2024-02-08 13:22:00,4140.0,-4916.25,-776.25
2024-02-08 13:23:00,4121.25,-4773.75,-652.5
2024-02-08 13:24:00,4083.75,-4758.75,-675.0
2024-02-08 13:25:00,4203.75,-5220.0,-1016.25
2024-02-08 13:26:00,4121.25,-4818.75,-697.5
2024-02-08 13:27:00,4132.5,-4792.5,-660.0
2024-02-08 13:28:00,4125.0,-4612.5,-487.5
2024-02-08 13:29:00,3982.5,-4143.75,-161.25
2024-02-08 13:30:00,3982.5,-4200.0,-217.5
2024-02-08 13:31:00,4042.5,-4241.25,-198.75
2024-02-08 13:32:00,4027.5,-4188.75,-161.25
2024-02-08 13:33:00,4065.0,-4256.25,-191.25
2024-02-08 13:34:00,4113.75,-4466.25,-352.5
2024-02-08 13:35:00,4083.75,-4395.0,-311.25
2024-02-08 13:36:00,4136.25,-4458.75,-322.5
2024-02-08 13:37:00,4132.5,-4511.25,-378.75
2024-02-08 13:38:00,4102.5,-4473.75,-371.25
2024-02-08 13:39:00,4053.75,-4293.75,-240.0
2024-02-08 13:40:00,4016.25,-4080.0,-63.75
2024-02-08 13:41:00,4162.5,-4297.5,-135.0
2024-02-08 13:42:00,4252.5,-4548.75,-296.25
2024-02-08 13:43:00,4233.75,-4612.5,-378.75
2024-02-08 13:44:00,4140.0,-4248.75,-108.75
2024-02-08 13:45:00,4166.25,-4170.0,-3.75
2024-02-08 13:46:00,4230.0,-4293.75,-63.75
2024-02-08 13:47:00,4215.0,-4215.0,0.0
2024-02-08 13:48:00,4143.75,-4027.5,116.25
2024-02-08 13:49:00,4207.5,-4207.5,0.0
2024-02-08 13:50:00,4312.5,-4522.5,-210.0
2024-02-08 13:51:00,4233.75,-4335.0,-101.25
2024-02-08 13:52:00,4230.0,-4241.25,-11.25
2024-02-08 13:53:00,4432.5,-5182.5,-750.0
2024-02-08 13:54:00,4541.25,-5658.75,-1117.5
2024-02-08 13:55:00,4623.75,-5842.5,-1218.75
2024-02-08 13:56:00,4635.0,-5553.75,-918.75
2024-02-08 13:57:00,4578.75,-5062.5,-483.75
2024-02-08 13:58:00,4642.5,-5846.25,-1203.75
2024-02-08 13:59:00,4672.5,-5786.25,-1113.75
2024-02-08 14:00:00,4586.25,-5130.0,-543.75
2024-02-08 14:01:00,4578.75,-4998.75,-420.0
2024-02-08 14:02:00,4623.75,-5212.5,-588.75
2024-02-08 14:03:00,4631.25,-5193.75,-562.5
2024-02-08 14:04:00,4777.5,-6686.25,-1908.75
2024-02-08 14:05:00,4863.75,-8846.25,-3982.5
2024-02-08 14:06:00,4882.5,-8733.75,-3851.25
2024-02-08 14:07:00,4908.75,-8793.75,-3885.0
2024-02-08 14:08:00,4878.75,-8152.5,-3273.75
2024-02-08 14:09:00,4890.0,-8212.5,-3322.5
2024-02-08 14:10:00,4901.25,-8508.75,-3607.5
2024-02-08 14:11:00,4886.25,-8302.5,-3416.25
2024-02-08 14:12:00,4878.75,-8028.75,-3150.0
2024-02-08 14:13:00,4871.25,-7863.75,-2992.5
2024-02-08 14:14:00,4856.25,-9423.75,-4567.5
2024-02-08 14:15:00,4901.25,-10173.75,-5272.5
2024-02-08 14:16:00,4908.75,-10983.75,-6075.0
2024-02-08 14:17:00,4946.25,-10897.5,-5951.25
2024-02-08 14:18:00,4905.0,-9375.0,-4470.0
2024-02-08 14:19:00,4863.75,-8328.75,-3465.0
2024-02-08 14:20:00,4867.5,-8223.75,-3356.25
2024-02-08 14:21:00,4927.5,-8898.75,-3971.25
2024-02-08 14:22:00,4927.5,-9060.0,-4132.5
2024-02-08 14:23:00,4920.0,-9502.5,-4582.5
2024-02-08 14:24:00,4946.25,-9866.25,-4920.0
2024-02-08 14:25:00,4931.25,-9082.5,-4151.25
2024-02-08 14:26:00,4931.25,-8928.75,-3997.5
2024-02-08 14:27:00,4991.25,-10511.25,-5520.0
2024-02-08 14:28:00,5010.0,-10976.25,-5966.25
2024-02-08 14:29:00,4991.25,-9675.0,-4683.75
2024-02-08 14:30:00,5047.5,-10177.5,-5130.0
2024-02-08 14:31:00,5043.75,-11077.5,-6033.75
2024-02-08 14:32:00,5062.5,-12000.0,-6937.5
2024-02-08 14:33:00,5055.0,-11715.0,-6660.0
2024-02-08 14:34:00,5043.75,-10725.0,-5681.25
2024-02-08 14:35:00,5058.75,-10916.25,-5857.5
2024-02-08 14:36:00,5152.5,-11535.0,-6382.5
2024-02-08 14:37:00,5246.25,-12007.5,-6761.25
2024-02-08 14:38:00,5283.75,-11891.25,-6607.5
2024-02-08 14:39:00,5370.0,-12187.5,-6817.5
2024-02-08 14:40:00,5358.75,-11673.75,-6315.0
2024-02-08 14:41:00,5362.5,-11891.25,-6528.75
2024-02-08 14:42:00,5355.0,-11745.0,-6390.0
2024-02-08 14:43:00,5313.75,-10856.25,-5542.5
2024-02-08 14:44:00,5355.0,-11073.75,-5718.75
2024-02-08 14:45:00,5362.5,-11122.5,-5760.0
2024-02-08 14:46:00,5343.75,-10935.0,-5591.25
2024-02-08 14:47:00,5340.0,-10995.0,-5655.0
2024-02-08 14:48:00,5336.25,-10695.0,-5358.75
2024-02-08 14:49:00,5336.25,-10597.5,-5261.25
2024-02-08 14:50:00,5336.25,-10533.75,-5197.5
2024-02-08 14:51:00,5381.25,-10837.5,-5456.25
2024-02-08 14:52:00,5441.25,-11366.25,-5925.0
2024-02-08 14:53:00,5433.75,-11205.0,-5771.25
2024-02-08 14:54:00,5448.75,-11201.25,-5752.5
2024-02-08 14:55:00,5452.5,-10976.25,-5523.75
2024-02-08 14:56:00,5486.25,-11430.0,-5943.75
2024-02-08 14:57:00,5490.0,-11373.75,-5883.75
2024-02-08 14:58:00,5493.75,-11827.5,-6333.75
2024-02-08 14:59:00,5497.5,-12165.0,-6667.5
2024-02-08 15:00:00,5497.5,-12105.0,-6607.5
2024-02-08 15:01:00,5512.5,-12198.75,-6686.25
2024-02-08 15:02:00,5512.5,-12045.0,-6532.5
2024-02-08 15:03:00,5523.75,-12326.25,-6802.5
2024-02-08 15:04:00,5527.5,-11475.0,-5947.5
2024-02-08 15:05:00,5512.5,-10402.5,-4890.0
2024-02-08 15:06:00,5516.25,-9768.75,-4252.5
2024-02-08 15:07:00,5490.0,-9588.75,-4098.75
2024-02-08 15:08:00,5501.25,-9483.75,-3982.5
2024-02-08 15:09:00,5475.0,-9318.75,-3843.75
2024-02-08 15:10:00,5493.75,-9318.75,-3825.0
2024-02-08 15:11:00,5490.0,-9311.25,-3821.25
2024-02-08 15:12:00,5516.25,-9266.25,-3750.0
2024-02-08 15:13:00,5531.25,-9251.25,-3720.0
2024-02-08 15:14:00,5542.5,-9236.25,-3693.75
2024-02-08 15:15:00,5546.25,-9251.25,-3705.0
2024-02-08 15:16:00,5546.25,-9225.0,-3678.75
2024-02-08 15:17:00,5557.5,-9240.0,-3682.5
2024-02-08 15:18:00,5557.5,-9221.25,-3663.75
2024-02-08 15:19:00,5561.25,-9228.75,-3667.5
2024-02-08 15:20:00,5553.75,-9210.0,-3656.25
2024-02-08 15:21:00,5553.75,-9210.0,-3656.25
2024-02-08 15:22:00,5553.75,-9210.0,-3656.25
2024-02-08 15:23:00,5553.75,-9210.0,-3656.25
2024-02-08 15:24:00,5553.75,-9210.0,-3656.25
2024-02-08 15:25:00,5553.75,-9210.0,-3656.25
2024-02-08 15:26:00,5553.75,-9210.0,-3656.25
2024-02-08 15:27:00,5553.75,-9210.0,-3656.25
2024-02-08 15:28:00,5553.75,-9210.0,-3656.25
2024-02-08 15:29:00,5553.75,-9210.0,-3656.25
2024-02-08 15:30:00,5553.75,-9210.0,-3656.25
2024-02-15 10:15:00,0.0,0.0,0.0
2024-02-15 10:16:00,-135.0,15.0,-120.0
2024-02-15 10:17:00,172.5,-146.25,26.25
2024-02-15 10:18:00,296.25,-232.5,63.75
2024-02-15 10:19:00,296.25,-247.5,48.75
2024-02-15 10:20:00,142.5,22.5,165.0
2024-02-15 10:21:00,116.25,11.25,127.5
2024-02-15 10:22:00,217.5,-41.25,176.25
2024-02-15 10:23:00,195.0,-26.25,168.75
2024-02-15 10:24:00,131.25,-45.0,86.25
2024-02-15 10:25:00,-37.5,210.0,172.5
2024-02-15 10:26:00,176.25,101.25,277.5
2024-02-15 10:27:00,183.75,123.75,307.5
2024-02-15 10:28:00,558.75,-67.5,491.25
2024-02-15 10:29:00,510.0,-22.5,487.5
2024-02-15 10:30:00,817.5,11.25,828.75
2024-02-15 10:31:00,555.0,153.75,708.75
2024-02-15 10:32:00,296.25,446.25,742.5
2024-02-15 10:33:00,547.5,382.5,930.0
2024-02-15 10:34:00,652.5,382.5,1035.0
2024-02-15 10:35:00,828.75,322.5,1151.25
2024-02-15 10:36:00,750.0,285.0,1035.0
2024-02-15 10:37:00,813.75,191.25,1005.0
2024-02-15 10:38:00,945.0,142.5,1087.5
2024-02-15 10:39:00,877.5,221.25,1098.75
2024-02-15 10:40:00,1001.25,108.75,1110.0
2024-02-15 10:41:00,1057.5,82.5,1140.0
2024-02-15 10:42:00,1016.25,210.0,1226.25
2024-02-15 10:43:00,911.25,341.25,1252.5
2024-02-15 10:44:00,1151.25,217.5,1368.75
2024-02-15 10:45:00,1158.75,262.5,1421.25
2024-02-15 10:46:00,1177.5,251.25,1428.75
2024-02-15 10:47:00,1102.5,311.25,1413.75
2024-02-15 10:48:00,993.75,450.0,1443.75
2024-02-15 10:49:00,888.75,525.0,1413.75
2024-02-15 10:50:00,1110.0,405.0,1515.0
2024-02-15 10:51:00,1061.25,408.75,1470.0
2024-02-15 10:52:00,1203.75,300.0,1503.75
2024-02-15 10:53:00,993.75,502.5,1496.25
2024-02-15 10:54:00,1095.0,468.75,1563.75
2024-02-15 10:55:00,997.5,532.5,1530.0
2024-02-15 10:56:00,1181.25,412.5,1593.75
2024-02-15 10:57:00,1488.75,-97.5,1391.25
2024-02-15 10:58:00,1560.0,-247.5,1312.5
2024-02-15 10:59:00,1440.0,33.75,1473.75
2024-02-15 11:00:00,1477.5,71.25,1548.75
2024-02-15 11:01:00,1072.5,461.25,1533.75
2024-02-15 11:02:00,1413.75,105.0,1518.75
2024-02-15 11:03:00,1466.25,56.25,1522.5
2024-02-15 11:04:00,1395.0,97.5,1492.5
2024-02-15 11:05:00,1368.75,191.25,1560.0
2024-02-15 11:06:00,1327.5,157.5,1485.0
2024-02-15 11:07:00,1267.5,292.5,1560.0
2024-02-15 11:08:00,1372.5,97.5,1470.0
2024-02-15 11:09:00,1226.25,307.5,1533.75
2024-02-15 11:10:00,1230.0,367.5,1597.5
2024-02-15 11:11:00,1275.0,382.5,1657.5
2024-02-15 11:12:00,1035.0,577.5,1612.5
2024-02-15 11:13:00,1095.0,573.75,1668.75
2024-02-15 11:14:00,1061.25,600.0,1661.25
2024-02-15 11:15:00,1166.25,536.25,1702.5
2024-02-15 11:16:00,1230.0,532.5,1762.5
2024-02-15 11:17:00,1173.75,585.0,1758.75
2024-02-15 11:18:00,1230.0,510.0,1740.0
2024-02-15 11:19:00,1271.25,495.0,1766.25
2024-02-15 11:20:00,1188.75,592.5,1781.25
2024-02-15 11:21:00,1136.25,615.0,1751.25
2024-02-15 11:22:00,1091.25,660.0,1751.25
2024-02-15 11:23:00,1095.0,675.0,1770.0
2024-02-15 11:24:00,1065.0,723.75,1788.75
2024-02-15 11:25:00,1263.75,603.75,1867.5
2024-02-15 11:26:00,1432.5,337.5,1770.0
2024-02-15 11:27:00,1395.0,483.75,1878.75
2024-02-15 11:28:00,1398.75,438.75,1837.5
2024-02-15 11:29:00,1413.75,408.75,1822.5
2024-02-15 11:30:00,1455.0,465.0,1920.0
2024-02-15 11:31:00,1436.25,517.5,1953.75
2024-02-15 11:32:00,1590.0,371.25,1961.25
2024-02-15 11:33:00,1593.75,258.75,1852.5
2024-02-15 11:34:00,1578.75,307.5,1886.25
2024-02-15 11:35:00,1612.5,330.0,1942.5
2024-02-15 11:36:00,1560.0,318.75,1878.75
2024-02-15 11:37:00,1541.25,345.0,1886.25
2024-02-15 11:38:00,1447.5,472.5,1920.0
2024-02-15 11:39:00,1421.25,588.75,2010.0
2024-02-15 11:40:00,1425.0,600.0,2025.0
2024-02-15 11:41:00,1376.25,656.25,2032.5
2024-02-15 11:42:00,1563.75,502.5,2066.25
2024-02-15 11:43:00,1548.75,446.25,1995.0
2024-02-15 11:44:00,1522.5,540.0,2062.5
2024-02-15 11:45:00,1496.25,592.5,2088.75
2024-02-15 11:46:00,1518.75,513.75,2032.5
2024-02-15 11:47:00,1451.25,611.25,2062.5
2024-02-15 11:48:00,1511.25,525.0,2036.25
2024-02-15 11:49:00,1320.0,712.5,2032.5
2024-02-15 11:50:00,1387.5,667.5,2055.0
2024-02-15 11:51:00,1417.5,690.0,2107.5
2024-02-15 11:52:00,1425.0,678.75,2103.75
2024-02-15 11:53:00,1410.0,720.0,2130.0
2024-02-15 11:54:00,1320.0,847.5,2167.5
2024-02-15 11:55:00,1316.25,907.5,2223.75
2024-02-15 11:56:00,1226.25,885.0,2111.25
2024-02-15 11:57:00,1132.5,903.75,2036.25
2024-02-15 11:58:00,1166.25,900.0,2066.25
2024-02-15 11:59:00,1365.0,791.25,2156.25
2024-02-15 12:00:00,1533.75,690.0,2223.75
2024-02-15 12:01:00,1417.5,746.25,2163.75
2024-02-15 12:02:00,1413.75,787.5,2201.25
2024-02-15 12:03:00,1458.75,761.25,2220.0
2024-02-15 12:04:00,1578.75,637.5,2216.25
2024-02-15 12:05:00,1552.5,667.5,2220.0
2024-02-15 12:06:00,1496.25,697.5,2193.75
2024-02-15 12:07:00,1462.5,813.75,2276.25
2024-02-15 12:08:00,1522.5,765.0,2287.5
2024-02-15 12:09:00,1530.0,667.5,2197.5
2024-02-15 12:10:00,1552.5,626.25,2178.75
2024-02-15 12:11:00,1541.25,675.0,2216.25
2024-02-15 12:12:00,1477.5,791.25,2268.75
2024-02-15 12:13:00,1522.5,731.25,2253.75
2024-02-15 12:14:00,1515.0,708.75,2223.75
2024-02-15 12:15:00,1507.5,765.0,2272.5
2024-02-15 12:16:00,1548.75,667.5,2216.25
2024-02-15 12:17:00,1556.25,716.25,2272.5
2024-02-15 12:18:00,1657.5,562.5,2220.0
2024-02-15 12:19:00,1691.25,525.0,2216.25
2024-02-15 12:20:00,1732.5,487.5,2220.0
2024-02-15 12:21:00,1608.75,742.5,2351.25
2024-02-15 12:22:00,1646.25,720.0,2366.25
2024-02-15 12:23:00,1571.25,825.0,2396.25
2024-02-15 12:24:00,1451.25,997.5,2448.75
2024-02-15 12:25:00,1312.5,1008.75,2321.25
2024-02-15 12:26:00,1496.25,926.25,2422.5
2024-02-15 12:27:00,1481.25,926.25,2407.5
2024-02-15 12:28:00,1496.25,903.75,2400.0
2024-02-15 12:29:00,1533.75,915.0,2448.75
2024-02-15 12:30:00,1616.25,885.0,2501.25
2024-02-15 12:31:00,1698.75,802.5,2501.25
2024-02-15 12:32:00,1773.75,735.0,2508.75
2024-02-15 12:33:00,1773.75,742.5,2516.25
2024-02-15 12:34:00,1923.75,11.25,1935.0
2024-02-15 12:35:00,1912.5,116.25,2028.75
2024-02-15 12:36:00,1841.25,495.0,2336.25
2024-02-15 12:37:00,1807.5,637.5,2445.0
2024-02-15 12:38:00,1841.25,476.25,2317.5
2024-02-15 12:39:00,1815.0,648.75,2463.75
2024-02-15 12:40:00,1841.25,600.0,2441.25
2024-02-15 12:41:00,1856.25,577.5,2433.75
2024-02-15 12:42:00,1807.5,705.0,2512.5
2024-02-15 12:43:00,1871.25,487.5,2358.75
2024-02-15 12:44:00,1886.25,495.0,2381.25
2024-02-15 12:45:00,1867.5,652.5,2520.0
2024-02-15 12:46:00,1890.0,498.75,2388.75
2024-02-15 12:47:00,1905.0,562.5,2467.5
2024-02-15 12:48:00,1946.25,528.75,2475.0
2024-02-15 12:49:00,1886.25,780.0,2666.25
2024-02-15 12:50:00,1781.25,903.75,2685.0
2024-02-15 12:51:00,1777.5,896.25,2673.75
2024-02-15 12:52:00,1818.75,885.0,2703.75
2024-02-15 12:53:00,1695.0,1042.5,2737.5
2024-02-15 12:54:00,1803.75,933.75,2737.5
2024-02-15 12:55:00,1863.75,888.75,2752.5
2024-02-15 12:56:00,1837.5,933.75,2771.25
2024-02-15 12:57:00,1878.75,862.5,2741.25
2024-02-15 12:58:00,1848.75,892.5,2741.25
2024-02-15 12:59:00,1901.25,877.5,2778.75
2024-02-15 13:00:00,1871.25,903.75,2775.0
2024-02-15 13:01:00,1897.5,870.0,2767.5
2024-02-15 13:02:00,1890.0,926.25,2816.25
2024-02-15 13:03:00,1916.25,862.5,2778.75
2024-02-15 13:04:00,1863.75,982.5,2846.25
2024-02-15 13:05:00,1845.0,1020.0,2865.0
2024-02-15 13:06:00,1841.25,986.25,2827.5
2024-02-15 13:07:00,1863.75,971.25,2835.0
2024-02-15 13:08:00,1856.25,997.5,2853.75
2024-02-15 13:09:00,1908.75,952.5,2861.25
2024-02-15 13:10:00,1901.25,956.25,2857.5
2024-02-15 13:11:00,1860.0,1125.0,2985.0
2024-02-15 13:12:00,1897.5,1068.75,2966.25
2024-02-15 13:13:00,1856.25,1113.75,2970.0
2024-02-15 13:14:00,1818.75,1125.0,2943.75
2024-02-15 13:15:00,1856.25,1125.0,2981.25
2024-02-15 13:16:00,1878.75,1128.75,3007.5
2024-02-15 13:17:00,1927.5,1072.5,3000.0
2024-02-15 13:18:00,1987.5,1020.0,3007.5
2024-02-15 13:19:00,1976.25,1027.5,3003.75
2024-02-15 13:20:00,2058.75,941.25,3000.0
2024-02-15 13:21:00,1972.5,1125.0,3097.5
2024-02-15 13:22:00,1942.5,1128.75,3071.25
2024-02-15 13:23:00,1852.5,1106.25,2958.75
2024-02-15 13:24:00,1721.25,1177.5,2898.75
2024-02-15 13:25:00,1863.75,1143.75,3007.5
2024-02-15 13:26:00,1938.75,1128.75,3067.5
2024-02-15 13:27:00,1935.0,1166.25,3101.25
2024-02-15 13:28:00,1882.5,1230.0,3112.5
2024-02-15 13:29:00,1811.25,1267.5,3078.75
2024-02-15 13:30:00,1815.0,1267.5,3082.5
2024-02-15 13:31:00,1717.5,1293.75,3011.25
2024-02-15 13:32:00,1818.75,1275.0,3093.75
2024-02-15 13:33:00,1886.25,1271.25,3157.5
2024-02-15 13:34:00,1796.25,1305.0,3101.25
2024-02-15 13:35:00,1893.75,1290.0,3183.75
2024-02-15 13:36:00,1751.25,1357.5,3108.75
2024-02-15 13:37:00,1695.0,1387.5,3082.5
2024-02-15 13:38:00,1721.25,1395.0,3116.25
2024-02-15 13:39:00,1305.0,1455.0,2760.0
2024-02-15 13:40:00,292.5,1511.25,1803.75
2024-02-15 13:41:00,318.75,1500.0,1818.75
2024-02-15 13:42:00,-423.75,1515.0,1091.25
2024-02-15 13:43:00,-206.25,1556.25,1350.0
2024-02-15 13:44:00,-390.0,1582.5,1192.5
2024-02-15 13:45:00,-585.0,1593.75,1008.75
2024-02-15 13:46:00,41.25,1548.75,1590.0
2024-02-15 13:47:00,-502.5,1571.25,1068.75
2024-02-15 13:48:00,-675.0,1552.5,877.5
2024-02-15 13:49:00,-618.75,1563.75,945.0
2024-02-15 13:50:00,-476.25,1556.25,1080.0
2024-02-15 13:51:00,-322.5,1560.0,1237.5
2024-02-15 13:52:00,-15.0,1541.25,1526.25
2024-02-15 13:53:00,-543.75,1560.0,1016.25
2024-02-15 13:54:00,-101.25,1552.5,1451.25
2024-02-15 13:55:00,-168.75,1548.75,1380.0
2024-02-15 13:56:00,532.5,1507.5,2040.0
2024-02-15 13:57:00,101.25,1552.5,1653.75
2024-02-15 13:58:00,-491.25,1608.75,1117.5
2024-02-15 13:59:00,-341.25,1586.25,1245.0
2024-02-15 14:00:00,-228.75,1593.75,1365.0
2024-02-15 14:01:00,48.75,1485.0,1533.75
2024-02-15 14:02:00,427.5,1143.75,1571.25
2024-02-15 14:03:00,307.5,1256.25,1563.75
2024-02-15 14:04:00,611.25,1016.25,1627.5
2024-02-15 14:05:00,993.75,592.5,1586.25
2024-02-15 14:06:00,547.5,1068.75,1616.25
2024-02-15 14:07:00,693.75,1087.5,1781.25
2024-02-15 14:08:00,723.75,1072.5,1796.25
2024-02-15 14:09:00,577.5,1451.25,2028.75
2024-02-15 14:10:00,772.5,1301.25,2073.75
2024-02-15 14:11:00,487.5,1743.75,2231.25
2024-02-15 14:12:00,502.5,1698.75,2201.25
2024-02-15 14:13:00,708.75,1507.5,2216.25
2024-02-15 14:14:00,990.0,1177.5,2167.5
2024-02-15 14:15:00,1496.25,105.0,1601.25
2024-02-15 14:16:00,1721.25,-251.25,1470.0
2024-02-15 14:17:00,1548.75,427.5,1976.25
2024-02-15 14:18:00,1563.75,210.0,1773.75
2024-02-15 14:19:00,1751.25,-307.5,1443.75
2024-02-15 14:20:00,1691.25,-116.25,1575.0
2024-02-15 14:21:00,1608.75,-7.5,1601.25
2024-02-15 14:22:00,1616.25,157.5,1773.75
2024-02-15 14:23:00,1706.25,-180.0,1526.25
2024-02-15 14:24:00,1608.75,348.75,1957.5
2024-02-15 14:25:00,2055.0,-1788.75,266.25
2024-02-15 14:26:00,2092.5,-1567.5,525.0
2024-02-15 14:27:00,2118.75,-600.0,1518.75
2024-02-15 14:28:00,2073.75,-630.0,1443.75
2024-02-15 14:29:00,2111.25,-847.5,1263.75
2024-02-15 14:30:00,2081.25,-645.0,1436.25
2024-02-15 14:31:00,1965.0,-153.75,1811.25
2024-02-15 14:32:00,2032.5,-596.25,1436.25
2024-02-15 14:33:00,2126.25,-1481.25,645.0
2024-02-15 14:34:00,2058.75,-532.5,1526.25
2024-02-15 14:35:00,2111.25,-877.5,1233.75
2024-02-15 14:36:00,2145.0,-1136.25,1008.75
2024-02-15 14:37:00,2145.0,-952.5,1192.5
2024-02-15 14:38:00,2145.0,-592.5,1552.5
2024-02-15 14:39:00,2118.75,-555.0,1563.75
2024-02-15 14:40:00,2032.5,3.75,2036.25
2024-02-15 14:41:00,2006.25,131.25,2137.5
2024-02-15 14:42:00,2040.0,0.0,2040.0
2024-02-15 14:43:00,2092.5,-82.5,2010.0
2024-02-15 14:44:00,2073.75,112.5,2186.25
2024-02-15 14:45:00,2088.75,217.5,2306.25
2024-02-15 14:46:00,1972.5,566.25,2538.75
2024-02-15 14:47:00,1983.75,585.0,2568.75
2024-02-15 14:48:00,2088.75,262.5,2351.25
2024-02-15 14:49:00,2257.5,-277.5,1980.0
2024-02-15 14:50:00,2220.0,262.5,2482.5
2024-02-15 14:51:00,2160.0,742.5,2902.5
2024-02-15 14:52:00,2036.25,1020.0,3056.25
2024-02-15 14:53:00,1957.5,1320.0,3277.5
2024-02-15 14:54:00,2253.75,667.5,2921.25
2024-02-15 14:55:00,2092.5,1395.0,3487.5
2024-02-15 14:56:00,2111.25,1395.0,3506.25
2024-02-15 14:57:00,2193.75,1117.5,3311.25
2024-02-15 14:58:00,2220.0,1098.75,3318.75
2024-02-15 14:59:00,2238.75,881.25,3120.0
2024-02-15 15:00:00,2235.0,1061.25,3296.25
2024-02-15 15:01:00,2377.5,618.75,2996.25
2024-02-15 15:02:00,2407.5,926.25,3333.75
2024-02-15 15:03:00,2422.5,596.25,3018.75
2024-02-15 15:04:00,2456.25,127.5,2583.75
2024-02-15 15:05:00,2437.5,918.75,3356.25
2024-02-15 15:06:00,2445.0,776.25,3221.25
2024-02-15 15:07:00,2467.5,776.25,3243.75
2024-02-15 15:08:00,2471.25,997.5,3468.75
2024-02-15 15:09:00,2478.75,870.0,3348.75
2024-02-15 15:10:00,2475.0,870.0,3345.0
2024-02-15 15:11:00,2475.0,933.75,3408.75
2024-02-15 15:12:00,2478.75,540.0,3018.75
2024-02-15 15:13:00,2475.0,656.25,3131.25
2024-02-15 15:14:00,2475.0,633.75,3108.75
2024-02-15 15:15:00,2475.0,918.75,3393.75
2024-02-15 15:16:00,2475.0,990.0,3465.0
2024-02-15 15:17:00,2471.25,1398.75,3870.0
2024-02-15 15:18:00,2475.0,1211.25,3686.25
2024-02-15 15:19:00,2478.75,1080.0,3558.75
2024-02-15 15:20:00,2475.0,1267.5,3742.5
2024-02-15 15:21:00,2475.0,1267.5,3742.5
2024-02-15 15:22:00,2475.0,1267.5,3742.5
2024-02-15 15:23:00,2475.0,1267.5,3742.5
2024-02-15 15:24:00,2475.0,1267.5,3742.5
2024-02-15 15:25:00,2475.0,1267.5,3742.5
2024-02-15 15:26:00,2475.0,1267.5,3742.5
2024-02-15 15:27:00,2475.0,1267.5,3742.5
2024-02-15 15:28:00,2475.0,1267.5,3742.5
2024-02-15 15:29:00,2475.0,1267.5,3742.5
2024-02-15 15:30:00,2475.0,1267.5,3742.5
2024-02-22 10:15:00,0.0,0.0,0.0
2024-02-22 10:16:00,348.75,-375.0,-26.25
2024-02-22 10:17:00,393.75,-577.5,-183.75
2024-02-22 10:18:00,345.0,-405.0,-60.0
2024-02-22 10:19:00,371.25,-416.25,-45.0
2024-02-22 10:20:00,438.75,-337.5,101.25
2024-02-22 10:21:00,322.5,-127.5,195.0
2024-02-22 10:22:00,330.0,-232.5,97.5
2024-02-22 10:23:00,693.75,-1316.25,-622.5
2024-02-22 10:24:00,836.25,-1428.75,-592.5
2024-02-22 10:25:00,776.25,-915.0,-138.75
2024-02-22 10:26:00,656.25,-776.25,-120.0
2024-02-22 10:27:00,675.0,-881.25,-206.25
2024-02-22 10:28:00,555.0,-506.25,48.75
2024-02-22 10:29:00,382.5,-90.0,292.5
2024-02-22 10:30:00,570.0,-108.75,461.25
2024-02-22 10:31:00,611.25,-176.25,435.0
2024-02-22 10:32:00,487.5,168.75,656.25
2024-02-22 10:33:00,573.75,-45.0,528.75
2024-02-22 10:34:00,603.75,-63.75,540.0
2024-02-22 10:35:00,667.5,-176.25,491.25
2024-02-22 10:36:00,536.25,90.0,626.25
2024-02-22 10:37:00,423.75,262.5,686.25
2024-02-22 10:38:00,270.0,596.25,866.25
2024-02-22 10:39:00,367.5,562.5,930.0
2024-02-22 10:40:00,536.25,476.25,1012.5
2024-02-22 10:41:00,390.0,746.25,1136.25
2024-02-22 10:42:00,547.5,498.75,1046.25
2024-02-22 10:43:00,348.75,851.25,1200.0
2024-02-22 10:44:00,296.25,941.25,1237.5
2024-02-22 10:45:00,491.25,723.75,1215.0
2024-02-22 10:46:00,525.0,806.25,1331.25
2024-02-22 10:47:00,630.0,543.75,1173.75
2024-02-22 10:48:00,641.25,566.25,1207.5
2024-02-22 10:49:00,641.25,536.25,1177.5
2024-02-22 10:50:00,705.0,502.5,1207.5
2024-02-22 10:51:00,757.5,435.0,1192.5
2024-02-22 10:52:00,675.0,675.0,1350.0
2024-02-22 10:53:00,686.25,686.25,1372.5
2024-02-22 10:54:00,716.25,675.0,1391.25
2024-02-22 10:55:00,990.0,472.5,1462.5
2024-02-22 10:56:00,971.25,446.25,1417.5
2024-02-22 10:57:00,1218.75,-390.0,828.75
2024-02-22 10:58:00,1338.75,-900.0,438.75
2024-02-22 10:59:00,1275.0,-472.5,802.5
2024-02-22 11:00:00,1275.0,-307.5,967.5
2024-02-22 11:01:00,1222.5,15.0,1237.5
2024-02-22 11:02:00,1241.25,48.75,1290.0
2024-02-22 11:03:00,1256.25,-75.0,1181.25
2024-02-22 11:04:00,1293.75,-165.0,1128.75
2024-02-22 11:05:00,1327.5,-341.25,986.25
2024-02-22 11:06:00,1260.0,-135.0,1125.0
2024-02-22 11:07:00,1188.75,7.5,1196.25
2024-02-22 11:08:00,1113.75,202.5,1316.25
2024-02-22 11:09:00,903.75,675.0,1578.75
2024-02-22 11:10:00,885.0,776.25,1661.25
2024-02-22 11:11:00,945.0,686.25,1631.25
2024-02-22 11:12:00,881.25,840.0,1721.25
2024-02-22 11:13:00,873.75,892.5,1766.25
2024-02-22 11:14:00,896.25,847.5,1743.75
2024-02-22 11:15:00,1020.0,735.0,1755.0
2024-02-22 11:16:00,971.25,798.75,1770.0
2024-02-22 11:17:00,1098.75,656.25,1755.0
2024-02-22 11:18:00,1155.0,585.0,1740.0
2024-02-22 11:19:00,1162.5,570.0,1732.5
2024-02-22 11:20:00,1282.5,371.25,1653.75
2024-02-22 11:21:00,1346.25,232.5,1578.75
2024-02-22 11:22:00,1275.0,251.25,1526.25
2024-02-22 11:23:00,1305.0,168.75,1473.75
2024-02-22 11:24:00,1218.75,375.0,1593.75
2024-02-22 11:25:00,1170.0,637.5,1807.5
2024-02-22 11:26:00,1162.5,637.5,1800.0
2024-02-22 11:27:00,1162.5,596.25,1758.75
2024-02-22 11:28:00,1136.25,630.0,1766.25
2024-02-22 11:29:00,1286.25,360.0,1646.25
2024-02-22 11:30:00,1312.5,363.75,1676.25
2024-02-22 11:31:00,1237.5,588.75,1826.25
2024-02-22 11:32:00,1372.5,333.75,1706.25
2024-02-22 11:33:00,1226.25,558.75,1785.0
2024-02-22 11:34:00,1098.75,742.5,1841.25
2024-02-22 11:35:00,1068.75,855.0,1923.75
2024-02-22 11:36:00,1087.5,836.25,1923.75
2024-02-22 11:37:00,1001.25,1042.5,2043.75
2024-02-22 11:38:00,918.75,1260.0,2178.75
2024-02-22 11:39:00,1113.75,1091.25,2205.0
2024-02-22 11:40:00,1035.0,1222.5,2257.5
2024-02-22 11:41:00,1020.0,1230.0,2250.0
2024-02-22 11:42:00,532.5,1653.75,2186.25
2024-02-22 11:43:00,600.0,1773.75,2373.75
2024-02-22 11:44:00,562.5,1867.5,2430.0
2024-02-22 11:45:00,483.75,1983.75,2467.5
2024-02-22 11:46:00,596.25,1938.75,2535.0
2024-02-22 11:47:00,735.0,1882.5,2617.5
2024-02-22 11:48:00,877.5,1792.5,2670.0
2024-02-22 11:49:00,960.0,1762.5,2722.5
2024-02-22 11:50:00,956.25,1788.75,2745.0
2024-02-22 11:51:00,1068.75,1620.0,2688.75
2024-02-22 11:52:00,1050.0,1717.5,2767.5
2024-02-22 11:53:00,1023.75,1728.75,2752.5
2024-02-22 11:54:00,930.0,1815.0,2745.0
2024-02-22 11:55:00,963.75,1781.25,2745.0
2024-02-22 11:56:00,862.5,1863.75,2726.25
2024-02-22 11:57:00,825.0,1942.5,2767.5
2024-02-22 11:58:00,592.5,2077.5,2670.0
2024-02-22 11:59:00,645.0,2167.5,2812.5
2024-02-22 12:00:00,806.25,2133.75,2940.0
2024-02-22 12:01:00,746.25,2126.25,2872.5
2024-02-22 12:02:00,600.0,2238.75,2838.75
2024-02-22 12:03:00,573.75,2295.0,2868.75
2024-02-22 12:04:00,645.0,2328.75,2973.75
2024-02-22 12:05:00,795.0,2291.25,3086.25
2024-02-22 12:06:00,941.25,2235.0,3176.25
2024-02-22 12:07:00,1072.5,2163.75,3236.25
2024-02-22 12:08:00,877.5,2235.0,3112.5
2024-02-22 12:09:00,716.25,2381.25,3097.5
2024-02-22 12:10:00,588.75,2452.5,3041.25
2024-02-22 12:11:00,738.75,2415.0,3153.75
2024-02-22 12:12:00,585.0,2482.5,3067.5
2024-02-22 12:13:00,720.0,2422.5,3142.5
2024-02-22 12:14:00,652.5,2415.0,3067.5
2024-02-22 12:15:00,896.25,2347.5,3243.75
2024-02-22 12:16:00,843.75,2366.25,3210.0
2024-02-22 12:17:00,765.0,2426.25,3191.25
2024-02-22 12:18:00,1166.25,2163.75,3330.0
2024-02-22 12:19:00,1098.75,2291.25,3390.0
2024-02-22 12:20:00,986.25,2388.75,3375.0
2024-02-22 12:21:00,1008.75,2377.5,3386.25
2024-02-22 12:22:00,1080.0,2302.5,3382.5
2024-02-22 12:23:00,1173.75,2265.0,3438.75
2024-02-22 12:24:00,1443.75,2028.75,3472.5
2024-02-22 12:25:00,1391.25,2133.75,3525.0
2024-02-22 12:26:00,1395.0,2115.0,3510.0
2024-02-22 12:27:00,1290.0,2216.25,3506.25
2024-02-22 12:28:00,1440.0,2126.25,3566.25
2024-02-22 12:29:00,1398.75,2156.25,3555.0
2024-02-22 12:30:00,1376.25,2223.75,3600.0
2024-02-22 12:31:00,1485.0,2130.0,3615.0
2024-02-22 12:32:00,1226.25,2388.75,3615.0
2024-02-22 12:33:00,1128.75,2493.75,3622.5
2024-02-22 12:34:00,1151.25,2486.25,3637.5
2024-02-22 12:35:00,1192.5,2471.25,3663.75
2024-02-22 12:36:00,1121.25,2478.75,3600.0
2024-02-22 12:37:00,1166.25,2490.0,3656.25
2024-02-22 12:38:00,1128.75,2508.75,3637.5
2024-02-22 12:39:00,993.75,2565.0,3558.75
2024-02-22 12:40:00,1113.75,2550.0,3663.75
2024-02-22 12:41:00,1147.5,2535.0,3682.5
2024-02-22 12:42:00,1038.75,2542.5,3581.25
2024-02-22 12:43:00,1271.25,2467.5,3738.75
2024-02-22 12:44:00,1353.75,2448.75,3802.5
2024-02-22 12:45:00,1327.5,2497.5,3825.0
2024-02-22 12:46:00,1316.25,2486.25,3802.5
2024-02-22 12:47:00,1338.75,2463.75,3802.5
2024-02-22 12:48:00,1421.25,2456.25,3877.5
2024-02-22 12:49:00,1376.25,2505.0,3881.25
2024-02-22 12:50:00,1466.25,2460.0,3926.25
2024-02-22 12:51:00,1511.25,2445.0,3956.25
2024-02-22 12:52:00,1470.0,2486.25,3956.25
2024-02-22 12:53:00,1488.75,2478.75,3967.5
2024-02-22 12:54:00,1601.25,2411.25,4012.5
2024-02-22 12:55:00,1833.75,2276.25,4110.0
2024-02-22 12:56:00,1781.25,2343.75,4125.0
2024-02-22 12:57:00,1796.25,2317.5,4113.75
2024-02-22 12:58:00,1713.75,2385.0,4098.75
2024-02-22 12:59:00,1725.0,2430.0,4155.0
2024-02-22 13:00:00,1695.0,2505.0,4200.0
2024-02-22 13:01:00,1691.25,2463.75,4155.0
2024-02-22 13:02:00,1755.0,2445.0,4200.0
2024-02-22 13:03:00,1751.25,2422.5,4173.75
2024-02-22 13:04:00,1766.25,2452.5,4218.75
2024-02-22 13:05:00,1785.0,2463.75,4248.75
2024-02-22 13:06:00,1897.5,2411.25,4308.75
2024-02-22 13:07:00,1852.5,2407.5,4260.0
2024-02-22 13:08:00,1762.5,2475.0,4237.5
2024-02-22 13:09:00,1575.0,2636.25,4211.25
2024-02-22 13:10:00,1537.5,2673.75,4211.25
2024-02-22 13:11:00,1395.0,2681.25,4076.25
2024-02-22 13:12:00,1526.25,2673.75,4200.0
2024-02-22 13:13:00,1533.75,2681.25,4215.0
2024-02-22 13:14:00,1687.5,2651.25,4338.75
2024-02-22 13:15:00,1773.75,2651.25,4425.0
2024-02-22 13:16:00,1751.25,2640.0,4391.25
2024-02-22 13:17:00,1710.0,2636.25,4346.25
2024-02-22 13:18:00,1676.25,2617.5,4293.75
2024-02-22 13:19:00,1627.5,2628.75,4256.25
2024-02-22 13:20:00,1627.5,2625.0,4252.5
2024-02-22 13:21:00,1732.5,2568.75,4301.25
2024-02-22 13:22:00,1500.0,2643.75,4143.75
2024-02-22 13:23:00,1470.0,2647.5,4117.5
2024-02-22 13:24:00,1563.75,2625.0,4188.75
2024-02-22 13:25:00,1680.0,2583.75,4263.75
2024-02-22 13:26:00,1526.25,2617.5,4143.75
2024-02-22 13:27:00,1451.25,2625.0,4076.25
2024-02-22 13:28:00,1515.0,2610.0,4125.0
2024-02-22 13:29:00,1443.75,2617.5,4061.25
2024-02-22 13:30:00,1556.25,2606.25,4162.5
2024-02-22 13:31:00,1387.5,2625.0,4012.5
2024-02-22 13:32:00,1575.0,2557.5,4132.5
2024-02-22 13:33:00,1552.5,2595.0,4147.5
2024-02-22 13:34:00,1428.75,2621.25,4050.0
2024-02-22 13:35:00,1398.75,2628.75,4027.5
2024-02-22 13:36:00,1481.25,2621.25,4102.5
2024-02-22 13:37:00,963.75,2685.0,3648.75
2024-02-22 13:38:00,828.75,2700.0,3528.75
2024-02-22 13:39:00,866.25,2752.5,3618.75
2024-02-22 13:40:00,693.75,2797.5,3491.25
2024-02-22 13:41:00,903.75,2463.75,3367.5
2024-02-22 13:42:00,-37.5,3513.75,3476.25
2024-02-22 13:43:00,-236.25,3825.0,3588.75
2024-02-22 13:44:00,172.5,3686.25,3858.75
2024-02-22 13:45:00,-101.25,4035.0,3933.75
2024-02-22 13:46:00,52.5,3858.75,3911.25
2024-02-22 13:47:00,-101.25,4072.5,3971.25
2024-02-22 13:48:00,-270.0,4323.75,4053.75
2024-02-22 13:49:00,-483.75,4537.5,4053.75
2024-02-22 13:50:00,-1173.75,4890.0,3716.25
2024-02-22 13:51:00,-1361.25,4901.25,3540.0
2024-02-22 13:52:00,-933.75,4848.75,3915.0
2024-02-22 13:53:00,-1297.5,4871.25,3573.75
2024-02-22 13:54:00,-2220.0,5238.75,3018.75
2024-02-22 13:55:00,-2148.75,5193.75,3045.0
2024-02-22 13:56:00,-1548.75,5085.0,3536.25
2024-02-22 13:57:00,-1563.75,5092.5,3528.75
2024-02-22 13:58:00,-2235.0,5261.25,3026.25
2024-02-22 13:59:00,-3735.0,5531.25,1796.25
2024-02-22 14:00:00,-4275.0,5553.75,1278.75
2024-02-22 14:01:00,-4151.25,5520.0,1368.75
2024-02-22 14:02:00,-4691.25,5715.0,1023.75
2024-02-22 14:03:00,-4657.5,5700.0,1042.5
2024-02-22 14:04:00,-4413.75,5613.75,1200.0
2024-02-22 14:05:00,-3975.0,5538.75,1563.75
2024-02-22 14:06:00,-4177.5,5655.0,1477.5
2024-02-22 14:07:00,-4072.5,5591.25,1518.75
2024-02-22 14:08:00,-3892.5,5433.75,1541.25
2024-02-22 14:09:00,-3937.5,5542.5,1605.0
2024-02-22 14:10:00,-3930.0,5490.0,1560.0
2024-02-22 14:11:00,-3813.75,5362.5,1548.75
2024-02-22 14:12:00,-3858.75,5520.0,1661.25
2024-02-22 14:13:00,-3806.25,5452.5,1646.25
2024-02-22 14:14:00,-3768.75,5490.0,1721.25
2024-02-22 14:15:00,-3622.5,5358.75,1736.25
2024-02-22 14:16:00,-3708.75,5505.0,1796.25
2024-02-22 14:17:00,-3783.75,5692.5,1908.75
2024-02-22 14:18:00,-3783.75,5715.0,1931.25
2024-02-22 14:19:00,-3738.75,5703.75,1965.0
2024-02-22 14:20:00,-3611.25,5456.25,1845.0
2024-02-22 14:21:00,-3588.75,5437.5,1848.75
2024-02-22 14:22:00,-3607.5,5508.75,1901.25
2024-02-22 14:23:00,-3600.0,5523.75,1923.75
2024-02-22 14:24:00,-3596.25,5568.75,1972.5
2024-02-22 14:25:00,-3630.0,5711.25,2081.25
2024-02-22 14:26:00,-3690.0,5816.25,2126.25
2024-02-22 14:27:00,-3716.25,5831.25,2115.0
2024-02-22 14:28:00,-3783.75,5898.75,2115.0
2024-02-22 14:29:00,-3840.0,5973.75,2133.75
2024-02-22 14:30:00,-3855.0,5966.25,2111.25
2024-02-22 14:31:00,-3738.75,5917.5,2178.75
2024-02-22 14:32:00,-3626.25,5895.0,2268.75
2024-02-22 14:33:00,-3607.5,5906.25,2298.75
2024-02-22 14:34:00,-3566.25,5902.5,2336.25
2024-02-22 14:35:00,-3633.75,6022.5,2388.75
2024-02-22 14:36:00,-3588.75,5992.5,2403.75
2024-02-22 14:37:00,-3641.25,6033.75,2392.5
2024-02-22 14:38:00,-3866.25,6078.75,2212.5
2024-02-22 14:39:00,-4136.25,6108.75,1972.5
2024-02-22 14:40:00,-4046.25,6135.0,2088.75
2024-02-22 14:41:00,-4023.75,6142.5,2118.75
2024-02-22 14:42:00,-4023.75,6153.75,2130.0
2024-02-22 14:43:00,-4046.25,6180.0,2133.75
2024-02-22 14:44:00,-3735.0,6150.0,2415.0
2024-02-22 14:45:00,-3915.0,6198.75,2283.75
2024-02-22 14:46:00,-3956.25,6210.0,2253.75
2024-02-22 14:47:00,-4001.25,6225.0,2223.75
2024-02-22 14:48:00,-4095.0,6225.0,2130.0
2024-02-22 14:49:00,-4605.0,6232.5,1627.5
2024-02-22 14:50:00,-5085.0,6225.0,1140.0
2024-02-22 14:51:00,-7076.25,6206.25,-870.0
2024-02-22 14:52:00,-7901.25,6191.25,-1710.0
2024-02-22 14:53:00,-6757.5,6217.5,-540.0
2024-02-22 14:54:00,-6450.0,6225.0,-225.0
2024-02-22 14:55:00,-5786.25,6225.0,438.75
2024-02-22 14:56:00,-6705.0,6247.5,-457.5
2024-02-22 14:57:00,-6352.5,6240.0,-112.5
2024-02-22 14:58:00,-6491.25,6240.0,-251.25
2024-02-22 14:59:00,-6172.5,6240.0,67.5
2024-02-22 15:00:00,-6753.75,6236.25,-517.5
2024-02-22 15:01:00,-6536.25,6251.25,-285.0
2024-02-22 15:02:00,-7552.5,6258.75,-1293.75
2024-02-22 15:03:00,-6877.5,6262.5,-615.0
2024-02-22 15:04:00,-7001.25,6262.5,-738.75
2024-02-22 15:05:00,-7616.25,6273.75,-1342.5
2024-02-22 15:06:00,-6626.25,6277.5,-348.75
2024-02-22 15:07:00,-7143.75,6281.25,-862.5
2024-02-22 15:08:00,-7623.75,6281.25,-1342.5
2024-02-22 15:09:00,-7166.25,6285.0,-881.25
2024-02-22 15:10:00,-7455.0,6281.25,-1173.75
2024-02-22 15:11:00,-7886.25,6288.75,-1597.5
2024-02-22 15:12:00,-8726.25,6285.0,-2441.25
2024-02-22 15:13:00,-9213.75,6296.25,-2917.5
2024-02-22 15:14:00,-8388.75,6300.0,-2088.75
2024-02-22 15:15:00,-7766.25,6292.5,-1473.75
2024-02-22 15:16:00,-8681.25,6300.0,-2381.25
2024-02-22 15:17:00,-8850.0,6300.0,-2550.0
2024-02-22 15:18:00,-8640.0,6300.0,-2340.0
2024-02-22 15:19:00,-8512.5,6303.75,-2208.75
2024-02-22 15:20:00,-8790.0,6300.0,-2490.0
2024-02-22 15:21:00,-8790.0,6300.0,-2490.0
2024-02-22 15:22:00,-8790.0,6300.0,-2490.0
2024-02-22 15:23:00,-8790.0,6300.0,-2490.0
2024-02-22 15:24:00,-8790.0,6300.0,-2490.0
2024-02-22 15:25:00,-8790.0,6300.0,-2490.0
2024-02-22 15:26:00,-8790.0,6300.0,-2490.0
2024-02-22 15:27:00,-8790.0,6300.0,-2490.0
2024-02-22 15:28:00,-8790.0,6300.0,-2490.0
2024-02-22 15:29:00,-8790.0,6300.0,-2490.0
2024-02-22 15:30:00,-8790.0,6300.0,-2490.0
2024-02-29 10:15:00,0.0,0.0,0.0
2024-02-29 10:16:00,-251.25,645.0,393.75
2024-02-29 10:17:00,15.0,63.75,78.75
2024-02-29 10:18:00,-258.75,611.25,352.5
2024-02-29 10:19:00,-112.5,367.5,255.0
2024-02-29 10:20:00,-45.0,0.0,-45.0
2024-02-29 10:21:00,-18.75,7.5,-11.25
2024-02-29 10:22:00,-270.0,375.0,105.0
2024-02-29 10:23:00,-180.0,423.75,243.75
2024-02-29 10:24:00,-371.25,892.5,521.25
2024-02-29 10:25:00,-15.0,397.5,382.5
2024-02-29 10:26:00,-183.75,675.0,491.25
2024-02-29 10:27:00,-11.25,401.25,390.0
2024-02-29 10:28:00,-93.75,588.75,495.0
2024-02-29 10:29:00,-146.25,738.75,592.5
2024-02-29 10:30:00,-142.5,1113.75,971.25
2024-02-29 10:31:00,277.5,798.75,1076.25
2024-02-29 10:32:00,337.5,630.0,967.5
2024-02-29 10:33:00,-146.25,1331.25,1185.0
2024-02-29 10:34:00,198.75,1162.5,1361.25
2024-02-29 10:35:00,367.5,828.75,1196.25
2024-02-29 10:36:00,206.25,915.0,1121.25
2024-02-29 10:37:00,97.5,933.75,1031.25
2024-02-29 10:38:00,-108.75,1218.75,1110.0
2024-02-29 10:39:00,-48.75,1263.75,1215.0
2024-02-29 10:40:00,420.0,900.0,1320.0
2024-02-29 10:41:00,461.25,720.0,1181.25
2024-02-29 10:42:00,251.25,941.25,1192.5
2024-02-29 10:43:00,52.5,1245.0,1297.5
2024-02-29 10:44:00,-333.75,1571.25,1237.5
2024-02-29 10:45:00,-90.0,1417.5,1327.5
2024-02-29 10:46:00,165.0,1301.25,1466.25
2024-02-29 10:47:00,348.75,1125.0,1473.75
2024-02-29 10:48:00,67.5,1357.5,1425.0
2024-02-29 10:49:00,-112.5,1500.0,1387.5
2024-02-29 10:50:00,127.5,1451.25,1578.75
2024-02-29 10:51:00,30.0,1488.75,1518.75
2024-02-29 10:52:00,288.75,1338.75,1627.5
2024-02-29 10:53:00,303.75,1297.5,1601.25
2024-02-29 10:54:00,386.25,1200.0,1586.25
2024-02-29 10:55:00,356.25,1185.0,1541.25
2024-02-29 10:56:00,285.0,1350.0,1635.0
2024-02-29 10:57:00,300.0,1361.25,1661.25
2024-02-29 10:58:00,206.25,1470.0,1676.25
2024-02-29 10:59:00,360.0,1320.0,1680.0
2024-02-29 11:00:00,708.75,1128.75,1837.5
2024-02-29 11:01:00,645.0,1297.5,1942.5
2024-02-29 11:02:00,618.75,1470.0,2088.75
2024-02-29 11:03:00,480.0,1698.75,2178.75
2024-02-29 11:04:00,461.25,1758.75,2220.0
2024-02-29 11:05:00,386.25,1725.0,2111.25
2024-02-29 11:06:00,465.0,1687.5,2152.5
2024-02-29 11:07:00,615.0,1631.25,2246.25
2024-02-29 11:08:00,465.0,1792.5,2257.5
2024-02-29 11:09:00,292.5,1923.75,2216.25
2024-02-29 11:10:00,30.0,2118.75,2148.75
2024-02-29 11:11:00,-75.0,2167.5,2092.5
2024-02-29 11:12:00,-150.0,2190.0,2040.0
2024-02-29 11:13:00,75.0,2156.25,2231.25
2024-02-29 11:14:00,213.75,2130.0,2343.75
2024-02-29 11:15:00,-1485.0,2385.0,900.0
2024-02-29 11:16:00,-1908.75,2325.0,416.25
2024-02-29 11:17:00,-1608.75,2340.0,731.25
2024-02-29 11:18:00,-1413.75,2287.5,873.75
2024-02-29 11:19:00,-1297.5,2272.5,975.0
2024-02-29 11:20:00,-761.25,2152.5,1391.25
2024-02-29 11:21:00,-855.0,2223.75,1368.75
2024-02-29 11:22:00,-1012.5,2261.25,1248.75
2024-02-29 11:23:00,-903.75,2257.5,1353.75
2024-02-29 11:24:00,-536.25,2186.25,1650.0
2024-02-29 11:25:00,-1016.25,2291.25,1275.0
2024-02-29 11:26:00,-847.5,2242.5,1395.0
2024-02-29 11:27:00,-911.25,2295.0,1383.75
2024-02-29 11:28:00,-731.25,2261.25,1530.0
2024-02-29 11:29:00,138.75,1938.75,2077.5
2024-02-29 11:30:00,-33.75,2096.25,2062.5
2024-02-29 11:31:00,-172.5,2137.5,1965.0
2024-02-29 11:32:00,-270.0,2265.0,1995.0
2024-02-29 11:33:00,-1008.75,2370.0,1361.25
2024-02-29 11:34:00,-626.25,2306.25,1680.0
2024-02-29 11:35:00,-600.0,2295.0,1695.0
2024-02-29 11:36:00,-701.25,2306.25,1605.0
2024-02-29 11:37:00,-446.25,2257.5,1811.25
2024-02-29 11:38:00,-435.0,2291.25,1856.25
2024-02-29 11:39:00,-570.0,2347.5,1777.5
2024-02-29 11:40:00,-330.0,2283.75,1953.75
2024-02-29 11:41:00,-483.75,2306.25,1822.5
2024-02-29 11:42:00,-652.5,2347.5,1695.0
2024-02-29 11:43:00,-487.5,2317.5,1830.0
2024-02-29 11:44:00,-1008.75,2366.25,1357.5
2024-02-29 11:45:00,-217.5,2265.0,2047.5
2024-02-29 11:46:00,-11.25,2205.0,2193.75
2024-02-29 11:47:00,-251.25,2295.0,2043.75
2024-02-29 11:48:00,-326.25,2340.0,2013.75
2024-02-29 11:49:00,-116.25,2291.25,2175.0
2024-02-29 11:50:00,-142.5,2321.25,2178.75
2024-02-29 11:51:00,-123.75,2302.5,2178.75
2024-02-29 11:52:00,-3.75,2265.0,2261.25
2024-02-29 11:53:00,-63.75,2276.25,2212.5
2024-02-29 11:54:00,-176.25,2325.0,2148.75
2024-02-29 11:55:00,-262.5,2358.75,2096.25
2024-02-29 11:56:00,-202.5,2340.0,2137.5
2024-02-29 11:57:00,-356.25,2377.5,2021.25
2024-02-29 11:58:00,-543.75,2411.25,1867.5
2024-02-29 11:59:00,-75.0,2347.5,2272.5
2024-02-29 12:00:00,-180.0,2411.25,2231.25
2024-02-29 12:01:00,-108.75,2385.0,2276.25
2024-02-29 12:02:00,-187.5,2415.0,2227.5
2024-02-29 12:03:00,-446.25,2448.75,2002.5
2024-02-29 12:04:00,-371.25,2448.75,2077.5
2024-02-29 12:05:00,-536.25,2497.5,1961.25
2024-02-29 12:06:00,-371.25,2508.75,2137.5
2024-02-29 12:07:00,-528.75,2557.5,2028.75
2024-02-29 12:08:00,-941.25,2595.0,1653.75
2024-02-29 12:09:00,-26.25,2531.25,2505.0
2024-02-29 12:10:00,191.25,2497.5,2688.75
2024-02-29 12:11:00,225.0,2433.75,2658.75
2024-02-29 12:12:00,202.5,2422.5,2625.0
2024-02-29 12:13:00,135.0,2475.0,2610.0
2024-02-29 12:14:00,33.75,2546.25,2580.0
2024-02-29 12:15:00,165.0,2531.25,2696.25
2024-02-29 12:16:00,202.5,2516.25,2718.75
2024-02-29 12:17:00,71.25,2550.0,2621.25
2024-02-29 12:18:00,191.25,2527.5,2718.75
2024-02-29 12:19:00,243.75,2508.75,2752.5
2024-02-29 12:20:00,67.5,2542.5,2610.0
2024-02-29 12:21:00,-71.25,2580.0,2508.75
2024-02-29 12:22:00,-37.5,2572.5,2535.0
2024-02-29 12:23:00,187.5,2550.0,2737.5
2024-02-29 12:24:00,202.5,2572.5,2775.0
2024-02-29 12:25:00,712.5,2422.5,3135.0
2024-02-29 12:26:00,660.0,2441.25,3101.25
2024-02-29 12:27:00,555.0,2505.0,3060.0
2024-02-29 12:28:00,506.25,2516.25,3022.5
2024-02-29 12:29:00,791.25,2321.25,3112.5
2024-02-29 12:30:00,1053.75,2148.75,3202.5
2024-02-29 12:31:00,866.25,2193.75,3060.0
2024-02-29 12:32:00,1046.25,2126.25,3172.5
2024-02-29 12:33:00,933.75,2197.5,3131.25
2024-02-29 12:34:00,881.25,2310.0,3191.25
2024-02-29 12:35:00,603.75,2482.5,3086.25
2024-02-29 12:36:00,457.5,2542.5,3000.0
2024-02-29 12:37:00,675.0,2482.5,3157.5
2024-02-29 12:38:00,705.0,2475.0,3180.0
2024-02-29 12:39:00,682.5,2482.5,3165.0
2024-02-29 12:40:00,615.0,2516.25,3131.25
2024-02-29 12:41:00,517.5,2550.0,3067.5
2024-02-29 12:42:00,596.25,2527.5,3123.75
2024-02-29 12:43:00,596.25,2550.0,3146.25
2024-02-29 12:44:00,311.25,2580.0,2891.25
2024-02-29 12:45:00,-101.25,2621.25,2520.0
2024-02-29 12:46:00,3.75,2632.5,2636.25
2024-02-29 12:47:00,356.25,2613.75,2970.0
2024-02-29 12:48:00,397.5,2606.25,3003.75
2024-02-29 12:49:00,465.0,2617.5,3082.5
2024-02-29 12:50:00,600.0,2591.25,3191.25
2024-02-29 12:51:00,555.0,2606.25,3161.25
2024-02-29 12:52:00,547.5,2610.0,3157.5
2024-02-29 12:53:00,352.5,2643.75,2996.25
2024-02-29 12:54:00,408.75,2651.25,3060.0
2024-02-29 12:55:00,225.0,2677.5,2902.5
2024-02-29 12:56:00,247.5,2662.5,2910.0
2024-02-29 12:57:00,165.0,2673.75,2838.75
2024-02-29 12:58:00,142.5,2673.75,2816.25
2024-02-29 12:59:00,71.25,2647.5,2718.75
2024-02-29 13:00:00,213.75,2643.75,2857.5
2024-02-29 13:01:00,228.75,2655.0,2883.75
2024-02-29 13:02:00,423.75,2651.25,3075.0
2024-02-29 13:03:00,146.25,2685.0,2831.25
2024-02-29 13:04:00,363.75,2658.75,3022.5
2024-02-29 13:05:00,247.5,2685.0,2932.5
2024-02-29 13:06:00,288.75,2670.0,2958.75
2024-02-29 13:07:00,528.75,2647.5,3176.25
2024-02-29 13:08:00,435.0,2658.75,3093.75
2024-02-29 13:09:00,330.0,2673.75,3003.75
2024-02-29 13:10:00,225.0,2688.75,2913.75
2024-02-29 13:11:00,165.0,2696.25,2861.25
2024-02-29 13:12:00,217.5,2681.25,2898.75
2024-02-29 13:13:00,-326.25,2722.5,2396.25
2024-02-29 13:14:00,-22.5,2715.0,2692.5
2024-02-29 13:15:00,-247.5,2737.5,2490.0
2024-02-29 13:16:00,-528.75,2752.5,2223.75
2024-02-29 13:17:00,-896.25,2775.0,1878.75
2024-02-29 13:18:00,-277.5,2767.5,2490.0
2024-02-29 13:19:00,3.75,2763.75,2767.5
2024-02-29 13:20:00,-37.5,2756.25,2718.75
2024-02-29 13:21:00,356.25,2752.5,3108.75
2024-02-29 13:22:00,341.25,2752.5,3093.75
2024-02-29 13:23:00,228.75,2756.25,2985.0
2024-02-29 13:24:00,56.25,2763.75,2820.0
2024-02-29 13:25:00,41.25,2771.25,2812.5
2024-02-29 13:26:00,-45.0,2771.25,2726.25
2024-02-29 13:27:00,120.0,2763.75,2883.75
2024-02-29 13:28:00,-90.0,2775.0,2685.0
2024-02-29 13:29:00,-82.5,2775.0,2692.5
2024-02-29 13:30:00,-48.75,2778.75,2730.0
2024-02-29 13:31:00,225.0,2763.75,2988.75
2024-02-29 13:32:00,-97.5,2790.0,2692.5
2024-02-29 13:33:00,-198.75,2793.75,2595.0
2024-02-29 13:34:00,-123.75,2793.75,2670.0
2024-02-29 13:35:00,-420.0,2805.0,2385.0
2024-02-29 13:36:00,-15.0,2775.0,2760.0
2024-02-29 13:37:00,236.25,2756.25,2992.5
2024-02-29 13:38:00,146.25,2771.25,2917.5
2024-02-29 13:39:00,457.5,2760.0,3217.5
2024-02-29 13:40:00,847.5,2718.75,3566.25
2024-02-29 13:41:00,855.0,2703.75,3558.75
2024-02-29 13:42:00,798.75,2715.0,3513.75
2024-02-29 13:43:00,723.75,2733.75,3457.5
2024-02-29 13:44:00,686.25,2748.75,3435.0
2024-02-29 13:45:00,690.0,2748.75,3438.75
2024-02-29 13:46:00,772.5,2730.0,3502.5
2024-02-29 13:47:00,558.75,2771.25,3330.0
2024-02-29 13:48:00,513.75,2782.5,3296.25
2024-02-29 13:49:00,397.5,2801.25,3198.75
2024-02-29 13:50:00,-60.0,2827.5,2767.5
2024-02-29 13:51:00,-210.0,2820.0,2610.0
2024-02-29 13:52:00,90.0,2805.0,2895.0
2024-02-29 13:53:00,251.25,2816.25,3067.5
2024-02-29 13:54:00,135.0,2816.25,2951.25
2024-02-29 13:55:00,127.5,2823.75,2951.25
2024-02-29 13:56:00,393.75,2812.5,3206.25
2024-02-29 13:57:00,315.0,2816.25,3131.25
2024-02-29 13:58:00,397.5,2820.0,3217.5
2024-02-29 13:59:00,228.75,2820.0,3048.75
2024-02-29 14:00:00,86.25,2827.5,2913.75
2024-02-29 14:01:00,472.5,2816.25,3288.75
2024-02-29 14:02:00,686.25,2816.25,3502.5
2024-02-29 14:03:00,806.25,2805.0,3611.25
2024-02-29 14:04:00,963.75,2793.75,3757.5
2024-02-29 14:05:00,866.25,2808.75,3675.0
2024-02-29 14:06:00,798.75,2805.0,3603.75
2024-02-29 14:07:00,832.5,2801.25,3633.75
2024-02-29 14:08:00,810.0,2812.5,3622.5
2024-02-29 14:09:00,1106.25,2793.75,3900.0
2024-02-29 14:10:00,1353.75,2760.0,4113.75
2024-02-29 14:11:00,1286.25,2786.25,4072.5
2024-02-29 14:12:00,1230.0,2801.25,4031.25
2024-02-29 14:13:00,1226.25,2797.5,4023.75
2024-02-29 14:14:00,1230.0,2790.0,4020.0
2024-02-29 14:15:00,840.0,2846.25,3686.25
2024-02-29 14:16:00,806.25,2846.25,3652.5
2024-02-29 14:17:00,937.5,2838.75,3776.25
2024-02-29 14:18:00,982.5,2842.5,3825.0
2024-02-29 14:19:00,1143.75,2842.5,3986.25
2024-02-29 14:20:00,1316.25,2831.25,4147.5
2024-02-29 14:21:00,1530.0,2801.25,4331.25
2024-02-29 14:22:00,1462.5,2805.0,4267.5
2024-02-29 14:23:00,1267.5,2820.0,4087.5
2024-02-29 14:24:00,1252.5,2838.75,4091.25
2024-02-29 14:25:00,1350.0,2838.75,4188.75
2024-02-29 14:26:00,1361.25,2842.5,4203.75
2024-02-29 14:27:00,1271.25,2846.25,4117.5
2024-02-29 14:28:00,1338.75,2857.5,4196.25
2024-02-29 14:29:00,1650.0,2838.75,4488.75
2024-02-29 14:30:00,1702.5,2835.0,4537.5
2024-02-29 14:31:00,1751.25,2820.0,4571.25
2024-02-29 14:32:00,1856.25,2763.75,4620.0
2024-02-29 14:33:00,1965.0,2681.25,4646.25
2024-02-29 14:34:00,1976.25,2748.75,4725.0
2024-02-29 14:35:00,1983.75,2760.0,4743.75
2024-02-29 14:36:00,1972.5,2745.0,4717.5
2024-02-29 14:37:00,1935.0,2805.0,4740.0
2024-02-29 14:38:00,1987.5,2823.75,4811.25
2024-02-29 14:39:00,1905.0,2838.75,4743.75
2024-02-29 14:40:00,1856.25,2861.25,4717.5
2024-02-29 14:41:00,1841.25,2872.5,4713.75
2024-02-29 14:42:00,1848.75,2880.0,4728.75
2024-02-29 14:43:00,1353.75,2887.5,4241.25
2024-02-29 14:44:00,885.0,2891.25,3776.25
2024-02-29 14:45:00,198.75,2891.25,3090.0
2024-02-29 14:46:00,581.25,2891.25,3472.5
2024-02-29 14:47:00,303.75,2891.25,3195.0
2024-02-29 14:48:00,731.25,2887.5,3618.75
2024-02-29 14:49:00,817.5,2891.25,3708.75
2024-02-29 14:50:00,877.5,2891.25,3768.75
2024-02-29 14:51:00,720.0,2895.0,3615.0
2024-02-29 14:52:00,315.0,2895.0,3210.0
2024-02-29 14:53:00,333.75,2895.0,3228.75
2024-02-29 14:54:00,382.5,2895.0,3277.5
2024-02-29 14:55:00,1627.5,2891.25,4518.75
2024-02-29 14:56:00,1631.25,2891.25,4522.5
2024-02-29 14:57:00,1822.5,2895.0,4717.5
2024-02-29 14:58:00,1950.0,2887.5,4837.5
2024-02-29 14:59:00,1961.25,2883.75,4845.0
2024-02-29 15:00:00,1950.0,2887.5,4837.5
2024-02-29 15:01:00,2276.25,2853.75,5130.0
2024-02-29 15:02:00,2265.0,2880.0,5145.0
2024-02-29 15:03:00,2257.5,2887.5,5145.0
2024-02-29 15:04:00,2347.5,2895.0,5242.5
2024-02-29 15:05:00,2362.5,2895.0,5257.5
2024-02-29 15:06:00,2370.0,2898.75,5268.75
2024-02-29 15:07:00,2351.25,2913.75,5265.0
2024-02-29 15:08:00,2370.0,2913.75,5283.75
2024-02-29 15:09:00,2400.0,2917.5,5317.5
2024-02-29 15:10:00,2385.0,2913.75,5298.75
2024-02-29 15:11:00,2343.75,2913.75,5257.5
2024-02-29 15:12:00,2298.75,2917.5,5216.25
2024-02-29 15:13:00,2295.0,2917.5,5212.5
2024-02-29 15:14:00,2276.25,2917.5,5193.75
2024-02-29 15:15:00,2201.25,2917.5,5118.75
2024-02-29 15:16:00,2043.75,2917.5,4961.25
2024-02-29 15:17:00,2058.75,2921.25,4980.0
2024-02-29 15:18:00,2328.75,2921.25,5250.0
2024-02-29 15:19:00,2276.25,2925.0,5201.25
2024-02-29 15:20:00,2295.0,2921.25,5216.25
2024-02-29 15:21:00,2295.0,2921.25,5216.25
2024-02-29 15:22:00,2295.0,2921.25,5216.25
2024-02-29 15:23:00,2295.0,2921.25,5216.25
2024-02-29 15:24:00,2295.0,2921.25,5216.25
2024-02-29 15:25:00,2295.0,2921.25,5216.25
2024-02-29 15:26:00,2295.0,2921.25,5216.25
2024-02-29 15:27:00,2295.0,2921.25,5216.25
2024-02-29 15:28:00,2295.0,2921.25,5216.25
2024-02-29 15:29:00,2295.0,2921.25,5216.25
2024-02-29 15:30:00,2295.0,2921.25,5216.25
2024-03-07 10:15:00,0.0,0.0,0.0
2024-03-07 10:16:00,67.5,-71.25,-3.75
2024-03-07 10:17:00,225.0,-150.0,75.0
2024-03-07 10:18:00,311.25,-135.0,176.25
2024-03-07 10:19:00,150.0,97.5,247.5
2024-03-07 10:20:00,112.5,161.25,273.75
2024-03-07 10:21:00,213.75,22.5,236.25
2024-03-07 10:22:00,270.0,-63.75,206.25
2024-03-07 10:23:00,288.75,-52.5,236.25
2024-03-07 10:24:00,206.25,90.0,296.25
2024-03-07 10:25:00,213.75,45.0,258.75
2024-03-07 10:26:00,285.0,7.5,292.5
2024-03-07 10:27:00,172.5,168.75,341.25
2024-03-07 10:28:00,146.25,228.75,375.0
2024-03-07 10:29:00,176.25,172.5,348.75
2024-03-07 10:30:00,146.25,408.75,555.0
2024-03-07 10:31:00,180.0,431.25,611.25
2024-03-07 10:32:00,255.0,375.0,630.0
2024-03-07 10:33:00,161.25,420.0,581.25
2024-03-07 10:34:00,243.75,390.0,633.75
2024-03-07 10:35:00,307.5,337.5,645.0
2024-03-07 10:36:00,386.25,243.75,630.0
2024-03-07 10:37:00,375.0,266.25,641.25
2024-03-07 10:38:00,412.5,198.75,611.25
2024-03-07 10:39:00,450.0,165.0,615.0
2024-03-07 10:40:00,401.25,262.5,663.75
2024-03-07 10:41:00,356.25,330.0,686.25
2024-03-07 10:42:00,487.5,251.25,738.75
2024-03-07 10:43:00,513.75,161.25,675.0
2024-03-07 10:44:00,558.75,45.0,603.75
2024-03-07 10:45:00,705.0,-952.5,-247.5
2024-03-07 10:46:00,630.0,-825.0,-195.0
2024-03-07 10:47:00,622.5,-570.0,52.5
2024-03-07 10:48:00,671.25,-626.25,45.0
2024-03-07 10:49:00,757.5,-978.75,-221.25
2024-03-07 10:50:00,746.25,-858.75,-112.5
2024-03-07 10:51:00,742.5,-806.25,-63.75
2024-03-07 10:52:00,603.75,-513.75,90.0
2024-03-07 10:53:00,562.5,-397.5,165.0
2024-03-07 10:54:00,720.0,-540.0,180.0
2024-03-07 10:55:00,648.75,-442.5,206.25
2024-03-07 10:56:00,600.0,-367.5,232.5
2024-03-07 10:57:00,648.75,-375.0,273.75
2024-03-07 10:58:00,596.25,-262.5,333.75
2024-03-07 10:59:00,667.5,-397.5,270.0
2024-03-07 11:00:00,750.0,-408.75,341.25
2024-03-07 11:01:00,637.5,-266.25,371.25
2024-03-07 11:02:00,562.5,18.75,581.25
2024-03-07 11:03:00,131.25,262.5,393.75
2024-03-07 11:04:00,-1777.5,633.75,-1143.75
2024-03-07 11:05:00,-2152.5,660.0,-1492.5
2024-03-07 11:06:00,-2025.0,596.25,-1428.75
2024-03-07 11:07:00,-1751.25,547.5,-1203.75
2024-03-07 11:08:00,-1916.25,588.75,-1327.5
2024-03-07 11:09:00,-1695.0,487.5,-1207.5
2024-03-07 11:10:00,-1848.75,618.75,-1230.0
2024-03-07 11:11:00,-1968.75,682.5,-1286.25
2024-03-07 11:12:00,-1893.75,648.75,-1245.0
2024-03-07 11:13:00,-1871.25,588.75,-1282.5
2024-03-07 11:14:00,-1923.75,633.75,-1290.0
2024-03-07 11:15:00,-1785.0,626.25,-1158.75
2024-03-07 11:16:00,-1687.5,618.75,-1068.75
2024-03-07 11:17:00,-1717.5,618.75,-1098.75
2024-03-07 11:18:00,-1713.75,588.75,-1125.0
2024-03-07 11:19:00,-1721.25,562.5,-1158.75
2024-03-07 11:20:00,-1796.25,626.25,-1170.0
2024-03-07 11:21:00,-1818.75,641.25,-1177.5
2024-03-07 11:22:00,-1740.0,600.0,-1140.0
2024-03-07 11:23:00,-1777.5,626.25,-1151.25
2024-03-07 11:24:00,-1905.0,693.75,-1211.25
2024-03-07 11:25:00,-1743.75,652.5,-1091.25
2024-03-07 11:26:00,-1882.5,686.25,-1196.25
2024-03-07 11:27:00,-1830.0,675.0,-1155.0
2024-03-07 11:28:00,-1818.75,705.0,-1113.75
2024-03-07 11:29:00,-1728.75,633.75,-1095.0
2024-03-07 11:30:00,-1762.5,671.25,-1091.25
2024-03-07 11:31:00,-1762.5,682.5,-1080.0
2024-03-07 11:32:00,-1728.75,663.75,-1065.0
2024-03-07 11:33:00,-1841.25,802.5,-1038.75
2024-03-07 11:34:00,-1833.75,806.25,-1027.5
2024-03-07 11:35:00,-1845.0,798.75,-1046.25
2024-03-07 11:36:00,-1890.0,836.25,-1053.75
2024-03-07 11:37:00,-1938.75,855.0,-1083.75
2024-03-07 11:38:00,-1968.75,843.75,-1125.0
2024-03-07 11:39:00,-1893.75,847.5,-1046.25
2024-03-07 11:40:00,-1732.5,776.25,-956.25
2024-03-07 11:41:00,-1691.25,686.25,-1005.0
2024-03-07 11:42:00,-1417.5,86.25,-1331.25
2024-03-07 11:43:00,-1451.25,352.5,-1098.75
2024-03-07 11:44:00,-1492.5,468.75,-1023.75
2024-03-07 11:45:00,-1376.25,423.75,-952.5
2024-03-07 11:46:00,-1451.25,570.0,-881.25
2024-03-07 11:47:00,-1488.75,495.0,-993.75
2024-03-07 11:48:00,-1421.25,401.25,-1020.0
2024-03-07 11:49:00,-1447.5,480.0,-967.5
2024-03-07 11:50:00,-1425.0,348.75,-1076.25
2024-03-07 11:51:00,-1447.5,416.25,-1031.25
2024-03-07 11:52:00,-1391.25,382.5,-1008.75
2024-03-07 11:53:00,-1361.25,480.0,-881.25
2024-03-07 11:54:00,-1417.5,731.25,-686.25
2024-03-07 11:55:00,-1533.75,840.0,-693.75
2024-03-07 11:56:00,-1586.25,810.0,-776.25
2024-03-07 11:57:00,-1728.75,843.75,-885.0
2024-03-07 11:58:00,-1608.75,795.0,-813.75
2024-03-07 11:59:00,-1623.75,795.0,-828.75
2024-03-07 12:00:00,-1563.75,776.25,-787.5
2024-03-07 12:01:00,-1548.75,750.0,-798.75
2024-03-07 12:02:00,-1601.25,787.5,-813.75
2024-03-07 12:03:00,-1511.25,720.0,-791.25
2024-03-07 12:04:00,-1586.25,772.5,-813.75
2024-03-07 12:05:00,-1552.5,738.75,-813.75
2024-03-07 12:06:00,-1500.0,690.0,-810.0
2024-03-07 12:07:00,-1533.75,765.0,-768.75
2024-03-07 12:08:00,-1492.5,712.5,-780.0
2024-03-07 12:09:00,-1481.25,738.75,-742.5
2024-03-07 12:10:00,-1451.25,690.0,-761.25
2024-03-07 12:11:00,-1477.5,720.0,-757.5
2024-03-07 12:12:00,-1496.25,727.5,-768.75
2024-03-07 12:13:00,-1511.25,768.75,-742.5
2024-03-07 12:14:00,-1361.25,570.0,-791.25
2024-03-07 12:15:00,-1387.5,618.75,-768.75
2024-03-07 12:16:00,-1421.25,622.5,-798.75
2024-03-07 12:17:00,-1447.5,712.5,-735.0
2024-03-07 12:18:00,-1473.75,738.75,-735.0
2024-03-07 12:19:00,-1481.25,753.75,-727.5
2024-03-07 12:20:00,-1503.75,776.25,-727.5
2024-03-07 12:21:00,-1511.25,772.5,-738.75
2024-03-07 12:22:00,-1533.75,798.75,-735.0
2024-03-07 12:23:00,-1616.25,821.25,-795.0
2024-03-07 12:24:00,-1500.0,772.5,-727.5
2024-03-07 12:25:00,-1436.25,731.25,-705.0
2024-03-07 12:26:00,-1436.25,705.0,-731.25
2024-03-07 12:27:00,-1440.0,723.75,-716.25
2024-03-07 12:28:00,-1440.0,693.75,-746.25
2024-03-07 12:29:00,-1413.75,532.5,-881.25
2024-03-07 12:30:00,-1368.75,528.75,-840.0
2024-03-07 12:31:00,-1368.75,532.5,-836.25
2024-03-07 12:32:00,-1357.5,633.75,-723.75
2024-03-07 12:33:00,-1350.0,551.25,-798.75
2024-03-07 12:34:00,-1353.75,532.5,-821.25
2024-03-07 12:35:00,-1338.75,566.25,-772.5
2024-03-07 12:36:00,-1282.5,502.5,-780.0
2024-03-07 12:37:00,-1376.25,708.75,-667.5
2024-03-07 12:38:00,-1436.25,765.0,-671.25
2024-03-07 12:39:00,-1458.75,810.0,-648.75
2024-03-07 12:40:00,-1372.5,727.5,-645.0
2024-03-07 12:41:00,-1342.5,671.25,-671.25
2024-03-07 12:42:00,-1342.5,671.25,-671.25
2024-03-07 12:43:00,-1353.75,663.75,-690.0
2024-03-07 12:44:00,-1391.25,720.0,-671.25
2024-03-07 12:45:00,-1417.5,746.25,-671.25
2024-03-07 12:46:00,-1372.5,682.5,-690.0
2024-03-07 12:47:00,-1432.5,750.0,-682.5
2024-03-07 12:48:00,-1425.0,731.25,-693.75
2024-03-07 12:49:00,-1443.75,738.75,-705.0
2024-03-07 12:50:00,-1511.25,795.0,-716.25
2024-03-07 12:51:00,-1485.0,761.25,-723.75
2024-03-07 12:52:00,-1503.75,761.25,-742.5
2024-03-07 12:53:00,-1398.75,708.75,-690.0
2024-03-07 12:54:00,-1398.75,656.25,-742.5
2024-03-07 12:55:00,-1398.75,701.25,-697.5
2024-03-07 12:56:00,-1425.0,723.75,-701.25
2024-03-07 12:57:00,-1443.75,742.5,-701.25
2024-03-07 12:58:00,-1496.25,798.75,-697.5
2024-03-07 12:59:00,-1451.25,787.5,-663.75
2024-03-07 13:00:00,-1455.0,746.25,-708.75
2024-03-07 13:01:00,-1440.0,795.0,-645.0
2024-03-07 13:02:00,-1488.75,813.75,-675.0
2024-03-07 13:03:00,-1515.0,866.25,-648.75
2024-03-07 13:04:00,-1751.25,1080.0,-671.25
2024-03-07 13:05:00,-1755.0,1106.25,-648.75
2024-03-07 13:06:00,-1702.5,1095.0,-607.5
2024-03-07 13:07:00,-1822.5,1106.25,-716.25
2024-03-07 13:08:00,-1781.25,1102.5,-678.75
2024-03-07 13:09:00,-1777.5,1121.25,-656.25
2024-03-07 13:10:00,-1612.5,1091.25,-521.25
2024-03-07 13:11:00,-1552.5,1038.75,-513.75
2024-03-07 13:12:00,-1548.75,1031.25,-517.5
2024-03-07 13:13:00,-1556.25,1031.25,-525.0
2024-03-07 13:14:00,-1593.75,1065.0,-528.75
2024-03-07 13:15:00,-1627.5,1087.5,-540.0
2024-03-07 13:16:00,-1687.5,1143.75,-543.75
2024-03-07 13:17:00,-1518.75,1095.0,-423.75
2024-03-07 13:18:00,-1410.0,1038.75,-371.25
2024-03-07 13:19:00,-1410.0,1016.25,-393.75
2024-03-07 13:20:00,-1327.5,990.0,-337.5
2024-03-07 13:21:00,-1338.75,986.25,-352.5
2024-03-07 13:22:00,-1380.0,1053.75,-326.25
2024-03-07 13:23:00,-1406.25,1106.25,-300.0
2024-03-07 13:24:00,-1391.25,1083.75,-307.5
2024-03-07 13:25:00,-1207.5,960.0,-247.5
2024-03-07 13:26:00,-1200.0,967.5,-232.5
2024-03-07 13:27:00,-1177.5,900.0,-277.5
2024-03-07 13:28:00,-1188.75,960.0,-228.75
2024-03-07 13:29:00,-1207.5,941.25,-266.25
2024-03-07 13:30:00,-1278.75,1095.0,-183.75
2024-03-07 13:31:00,-1323.75,1166.25,-157.5
2024-03-07 13:32:00,-1391.25,1263.75,-127.5
2024-03-07 13:33:00,-1380.0,1271.25,-108.75
2024-03-07 13:34:00,-1353.75,1211.25,-142.5
2024-03-07 13:35:00,-1252.5,1200.0,-52.5
2024-03-07 13:36:00,-1417.5,1241.25,-176.25
2024-03-07 13:37:00,-1290.0,1200.0,-90.0
2024-03-07 13:38:00,-1353.75,1230.0,-123.75
2024-03-07 13:39:00,-1372.5,1222.5,-150.0
2024-03-07 13:40:00,-1368.75,1226.25,-142.5
2024-03-07 13:41:00,-1380.0,1241.25,-138.75
2024-03-07 13:42:00,-1256.25,1151.25,-105.0
2024-03-07 13:43:00,-1278.75,1158.75,-120.0
2024-03-07 13:44:00,-1290.0,1226.25,-63.75
2024-03-07 13:45:00,-1308.75,1256.25,-52.5
2024-03-07 13:46:00,-1248.75,1188.75,-60.0
2024-03-07 13:47:00,-1361.25,1305.0,-56.25
2024-03-07 13:48:00,-1372.5,1286.25,-86.25
2024-03-07 13:49:00,-1323.75,1267.5,-56.25
2024-03-07 13:50:00,-1312.5,1271.25,-41.25
2024-03-07 13:51:00,-1331.25,1297.5,-33.75
2024-03-07 13:52:00,-1263.75,1293.75,30.0
2024-03-07 13:53:00,-1380.0,1458.75,78.75
2024-03-07 13:54:00,-1350.0,1432.5,82.5
2024-03-07 13:55:00,-1477.5,1477.5,0.0
2024-03-07 13:56:00,-1638.75,1507.5,-131.25
2024-03-07 13:57:00,-1500.0,1511.25,11.25
2024-03-07 13:58:00,-1515.0,1515.0,0.0
2024-03-07 13:59:00,-1368.75,1477.5,108.75
2024-03-07 14:00:00,-1417.5,1481.25,63.75
2024-03-07 14:01:00,-1357.5,1470.0,112.5
2024-03-07 14:02:00,-1278.75,1443.75,165.0
2024-03-07 14:03:00,-1068.75,1301.25,232.5
2024-03-07 14:04:00,-1005.0,1237.5,232.5
2024-03-07 14:05:00,-1061.25,1365.0,303.75
2024-03-07 14:06:00,-1031.25,1233.75,202.5
2024-03-07 14:07:00,-1012.5,1267.5,255.0
2024-03-07 14:08:00,-986.25,1248.75,262.5
2024-03-07 14:09:00,-990.0,1323.75,333.75
2024-03-07 14:10:00,-1001.25,1365.0,363.75
2024-03-07 14:11:00,-1027.5,1428.75,401.25
2024-03-07 14:12:00,-1057.5,1470.0,412.5
2024-03-07 14:13:00,-1008.75,1451.25,442.5
2024-03-07 14:14:00,-1005.0,1417.5,412.5
2024-03-07 14:15:00,-930.0,1398.75,468.75
2024-03-07 14:16:00,-918.75,1406.25,487.5
2024-03-07 14:17:00,-933.75,1425.0,491.25
2024-03-07 14:18:00,-952.5,1466.25,513.75
2024-03-07 14:19:00,-967.5,1455.0,487.5
2024-03-07 14:20:00,-1016.25,1500.0,483.75
2024-03-07 14:21:00,-986.25,1473.75,487.5
2024-03-07 14:22:00,-1031.25,1515.0,483.75
2024-03-07 14:23:00,-1050.0,1567.5,517.5
2024-03-07 14:24:00,-1057.5,1597.5,540.0
2024-03-07 14:25:00,-1061.25,1593.75,532.5
2024-03-07 14:26:00,-1162.5,1623.75,461.25
2024-03-07 14:27:00,-1143.75,1631.25,487.5
2024-03-07 14:28:00,-1061.25,1608.75,547.5
2024-03-07 14:29:00,-1147.5,1627.5,480.0
2024-03-07 14:30:00,-1158.75,1646.25,487.5
2024-03-07 14:31:00,-1230.0,1668.75,438.75
2024-03-07 14:32:00,-1080.0,1646.25,566.25
2024-03-07 14:33:00,-986.25,1638.75,652.5
2024-03-07 14:34:00,-1038.75,1653.75,615.0
2024-03-07 14:35:00,-960.0,1623.75,663.75
2024-03-07 14:36:00,-948.75,1597.5,648.75
2024-03-07 14:37:00,-963.75,1638.75,675.0
2024-03-07 14:38:00,-990.0,1680.0,690.0
2024-03-07 14:39:00,-952.5,1668.75,716.25
2024-03-07 14:40:00,-963.75,1683.75,720.0
2024-03-07 14:41:00,-888.75,1661.25,772.5
2024-03-07 14:42:00,-840.0,1646.25,806.25
2024-03-07 14:43:00,-825.0,1627.5,802.5
2024-03-07 14:44:00,-791.25,1545.0,753.75
2024-03-07 14:45:00,-768.75,1530.0,761.25
2024-03-07 14:46:00,-780.0,1586.25,806.25
2024-03-07 14:47:00,-780.0,1665.0,885.0
2024-03-07 14:48:00,-753.75,1646.25,892.5
2024-03-07 14:49:00,-757.5,1661.25,903.75
2024-03-07 14:50:00,-765.0,1747.5,982.5
2024-03-07 14:51:00,-776.25,1796.25,1020.0
2024-03-07 14:52:00,-761.25,1785.0,1023.75
2024-03-07 14:53:00,-735.0,1758.75,1023.75
2024-03-07 14:54:00,-716.25,1736.25,1020.0
2024-03-07 14:55:00,-716.25,1710.0,993.75
2024-03-07 14:56:00,-712.5,1713.75,1001.25
2024-03-07 14:57:00,-712.5,1785.0,1072.5
2024-03-07 14:58:00,-712.5,1736.25,1023.75
2024-03-07 14:59:00,-712.5,1743.75,1031.25
2024-03-07 15:00:00,-735.0,1781.25,1046.25
2024-03-07 15:01:00,-727.5,1848.75,1121.25
2024-03-07 15:02:00,-708.75,1867.5,1158.75
2024-03-07 15:03:00,-697.5,1833.75,1136.25
2024-03-07 15:04:00,-697.5,1871.25,1173.75
2024-03-07 15:05:00,-701.25,1882.5,1181.25
2024-03-07 15:06:00,-693.75,1886.25,1192.5
2024-03-07 15:07:00,-693.75,1886.25,1192.5
2024-03-07 15:08:00,-697.5,1886.25,1188.75
2024-03-07 15:09:00,-697.5,1893.75,1196.25
2024-03-07 15:10:00,-697.5,1897.5,1200.0
2024-03-07 15:11:00,-697.5,1893.75,1196.25
2024-03-07 15:12:00,-697.5,1893.75,1196.25
2024-03-07 15:13:00,-693.75,1886.25,1192.5
2024-03-07 15:14:00,-697.5,1897.5,1200.0
2024-03-07 15:15:00,-693.75,1890.0,1196.25
2024-03-07 15:16:00,-693.75,1893.75,1200.0
2024-03-07 15:17:00,-690.0,1897.5,1207.5
2024-03-07 15:18:00,-690.0,1901.25,1211.25
2024-03-07 15:19:00,-686.25,1905.0,1218.75
2024-03-07 15:20:00,-686.25,1893.75,1207.5
2024-03-07 15:21:00,-686.25,1893.75,1207.5
2024-03-07 15:22:00,-686.25,1893.75,1207.5
2024-03-07 15:23:00,-686.25,1893.75,1207.5
2024-03-07 15:24:00,-686.25,1893.75,1207.5
2024-03-07 15:25:00,-686.25,1893.75,1207.5
2024-03-07 15:26:00,-686.25,1893.75,1207.5
2024-03-07 15:27:00,-686.25,1893.75,1207.5
2024-03-07 15:28:00,-686.25,1893.75,1207.5
2024-03-07 15:29:00,-686.25,1893.75,1207.5
2024-03-07 15:30:00,-686.25,1893.75,1207.5
2024-03-14 10:15:00,0.0,0.0,0.0
2024-03-14 10:16:00,3.75,22.5,26.25
2024-03-14 10:17:00,75.0,52.5,127.5
2024-03-14 10:18:00,165.0,-41.25,123.75
2024-03-14 10:19:00,165.0,-78.75,86.25
2024-03-14 10:20:00,187.5,-86.25,101.25
2024-03-14 10:21:00,90.0,187.5,277.5
2024-03-14 10:22:00,71.25,172.5,243.75
2024-03-14 10:23:00,-45.0,341.25,296.25
2024-03-14 10:24:00,-30.0,420.0,390.0
2024-03-14 10:25:00,-116.25,540.0,423.75
2024-03-14 10:26:00,-161.25,517.5,356.25
2024-03-14 10:27:00,-142.5,528.75,386.25
2024-03-14 10:28:00,0.0,480.0,480.0
2024-03-14 10:29:00,90.0,427.5,517.5
2024-03-14 10:30:00,187.5,566.25,753.75
2024-03-14 10:31:00,442.5,513.75,956.25
2024-03-14 10:32:00,491.25,495.0,986.25
2024-03-14 10:33:00,457.5,517.5,975.0
2024-03-14 10:34:00,453.75,506.25,960.0
2024-03-14 10:35:00,-911.25,907.5,-3.75
2024-03-14 10:36:00,-1091.25,1110.0,18.75
2024-03-14 10:37:00,-307.5,1027.5,720.0
2024-03-14 10:38:00,-348.75,1035.0,686.25
2024-03-14 10:39:00,-371.25,1065.0,693.75
2024-03-14 10:40:00,-828.75,1151.25,322.5
2024-03-14 10:41:00,-791.25,1166.25,375.0
2024-03-14 10:42:00,-1477.5,1252.5,-225.0
2024-03-14 10:43:00,-1725.0,1256.25,-468.75
2024-03-14 10:44:00,-1110.0,1226.25,116.25
2024-03-14 10:45:00,-1057.5,1252.5,195.0
2024-03-14 10:46:00,-1241.25,1260.0,18.75
2024-03-14 10:47:00,-1256.25,1241.25,-15.0
2024-03-14 10:48:00,-1320.0,1297.5,-22.5
2024-03-14 10:49:00,-693.75,1192.5,498.75
2024-03-14 10:50:00,-1237.5,1327.5,90.0
2024-03-14 10:51:00,-1642.5,1365.0,-277.5
2024-03-14 10:52:00,-1458.75,1342.5,-116.25
2024-03-14 10:53:00,-1316.25,1320.0,3.75
2024-03-14 10:54:00,-1297.5,1327.5,30.0
2024-03-14 10:55:00,-1443.75,1368.75,-75.0
2024-03-14 10:56:00,-1301.25,1346.25,45.0
2024-03-14 10:57:00,-1200.0,1316.25,116.25
2024-03-14 10:58:00,-1380.0,1338.75,-41.25
2024-03-14 10:59:00,-1406.25,1346.25,-60.0
2024-03-14 11:00:00,-1192.5,1320.0,127.5
2024-03-14 11:01:00,-1181.25,1335.0,153.75
2024-03-14 11:02:00,-1316.25,1346.25,30.0
2024-03-14 11:03:00,-1278.75,1316.25,37.5
2024-03-14 11:04:00,-1110.0,1275.0,165.0
2024-03-14 11:05:00,-618.75,1192.5,573.75
2024-03-14 11:06:00,-746.25,1218.75,472.5
2024-03-14 11:07:00,-1083.75,1256.25,172.5
2024-03-14 11:08:00,-1076.25,1282.5,206.25
2024-03-14 11:09:00,-1297.5,1331.25,33.75
2024-03-14 11:10:00,-1365.0,1335.0,-30.0
2024-03-14 11:11:00,-1391.25,1335.0,-56.25
2024-03-14 11:12:00,-1282.5,1357.5,75.0
2024-03-14 11:13:00,-1185.0,1353.75,168.75
2024-03-14 11:14:00,-1372.5,1376.25,3.75
2024-03-14 11:15:00,-1267.5,1372.5,105.0
2024-03-14 11:16:00,-881.25,1323.75,442.5
2024-03-14 11:17:00,-1068.75,1327.5,258.75
2024-03-14 11:18:00,-1113.75,1338.75,225.0
2024-03-14 11:19:00,-911.25,1290.0,378.75
2024-03-14 11:20:00,-840.0,1271.25,431.25
2024-03-14 11:21:00,-836.25,1260.0,423.75
2024-03-14 11:22:00,-952.5,1293.75,341.25
2024-03-14 11:23:00,-945.0,1308.75,363.75
2024-03-14 11:24:00,-1241.25,1383.75,142.5
2024-03-14 11:25:00,-1147.5,1357.5,210.0
2024-03-14 11:26:00,-967.5,1323.75,356.25
2024-03-14 11:27:00,-855.0,1305.0,450.0
2024-03-14 11:28:00,-975.0,1327.5,352.5
2024-03-14 11:29:00,-1192.5,1376.25,183.75
2024-03-14 11:30:00,-1166.25,1376.25,210.0
2024-03-14 11:31:00,-1083.75,1372.5,288.75
2024-03-14 11:32:00,-1852.5,1500.0,-352.5
2024-03-14 11:33:00,-2737.5,1507.5,-1230.0
2024-03-14 11:34:00,-3686.25,1522.5,-2163.75
2024-03-14 11:35:00,-3780.0,1560.0,-2220.0
2024-03-14 11:36:00,-3978.75,1545.0,-2433.75
2024-03-14 11:37:00,-4166.25,1608.75,-2557.5
2024-03-14 11:38:00,-3963.75,1526.25,-2437.5
2024-03-14 11:39:00,-4698.75,1788.75,-2910.0
2024-03-14 11:40:00,-4376.25,1687.5,-2688.75
2024-03-14 11:41:00,-4155.0,1578.75,-2576.25
2024-03-14 11:42:00,-4815.0,1796.25,-3018.75
2024-03-14 11:43:00,-6633.75,2280.0,-4353.75
2024-03-14 11:44:00,-6333.75,2205.0,-4128.75
2024-03-14 11:45:00,-6142.5,2328.75,-3813.75
2024-03-14 11:46:00,-5838.75,2103.75,-3735.0
2024-03-14 11:47:00,-5958.75,2216.25,-3742.5
2024-03-14 11:48:00,-6153.75,2246.25,-3907.5
2024-03-14 11:49:00,-6150.0,2295.0,-3855.0
2024-03-14 11:50:00,-6281.25,2460.0,-3821.25
2024-03-14 11:51:00,-6457.5,2531.25,-3926.25
2024-03-14 11:52:00,-6093.75,2445.0,-3648.75
2024-03-14 11:53:00,-6198.75,2433.75,-3765.0
2024-03-14 11:54:00,-6011.25,2433.75,-3577.5
2024-03-14 11:55:00,-5835.0,2306.25,-3528.75
2024-03-14 11:56:00,-6127.5,2407.5,-3720.0
2024-03-14 11:57:00,-6180.0,2407.5,-3772.5
2024-03-14 11:58:00,-5988.75,2283.75,-3705.0
2024-03-14 11:59:00,-5913.75,2231.25,-3682.5
2024-03-14 12:00:00,-6412.5,2730.0,-3682.5
2024-03-14 12:01:00,-6153.75,2527.5,-3626.25
2024-03-14 12:02:00,-6423.75,2760.0,-3663.75
2024-03-14 12:03:00,-6502.5,2820.0,-3682.5
2024-03-14 12:04:00,-6570.0,3007.5,-3562.5
2024-03-14 12:05:00,-6318.75,2887.5,-3431.25
2024-03-14 12:06:00,-6172.5,2737.5,-3435.0
2024-03-14 12:07:00,-6566.25,2977.5,-3588.75
2024-03-14 12:08:00,-6555.0,2985.0,-3570.0
2024-03-14 12:09:00,-6198.75,2730.0,-3468.75
2024-03-14 12:10:00,-6487.5,2985.0,-3502.5
2024-03-14 12:11:00,-6491.25,2985.0,-3506.25
2024-03-14 12:12:00,-6176.25,2715.0,-3461.25
2024-03-14 12:13:00,-6097.5,2670.0,-3427.5
2024-03-14 12:14:00,-6093.75,2640.0,-3453.75
2024-03-14 12:15:00,-6495.0,3112.5,-3382.5
2024-03-14 12:16:00,-6266.25,2925.0,-3341.25
2024-03-14 12:17:00,-6273.75,2955.0,-3318.75
2024-03-14 12:18:00,-6375.0,3022.5,-3352.5
2024-03-14 12:19:00,-6813.75,3397.5,-3416.25
2024-03-14 12:20:00,-6345.0,3127.5,-3217.5
2024-03-14 12:21:00,-6311.25,3165.0,-3146.25
2024-03-14 12:22:00,-6217.5,3037.5,-3180.0
2024-03-14 12:23:00,-6045.0,2887.5,-3157.5
2024-03-14 12:24:00,-7008.75,3645.0,-3363.75
2024-03-14 12:25:00,-7811.25,4207.5,-3603.75
2024-03-14 12:26:00,-7455.0,4050.0,-3405.0
2024-03-14 12:27:00,-7826.25,4402.5,-3423.75
2024-03-14 12:28:00,-7676.25,4305.0,-3371.25
2024-03-14 12:29:00,-7616.25,4252.5,-3363.75
2024-03-14 12:30:00,-7803.75,4410.0,-3393.75
2024-03-14 12:31:00,-7728.75,4387.5,-3341.25
2024-03-14 12:32:00,-7665.0,4267.5,-3397.5
2024-03-14 12:33:00,-7680.0,4275.0,-3405.0
2024-03-14 12:34:00,-7402.5,4147.5,-3255.0
2024-03-14 12:35:00,-7200.0,4027.5,-3172.5
2024-03-14 12:36:00,-6986.25,3802.5,-3183.75
2024-03-14 12:37:00,-7023.75,3825.0,-3198.75
2024-03-14 12:38:00,-6813.75,3645.0,-3168.75
2024-03-14 12:39:00,-6615.0,3502.5,-3112.5
2024-03-14 12:40:00,-6727.5,3675.0,-3052.5
2024-03-14 12:41:00,-6607.5,3412.5,-3195.0
2024-03-14 12:42:00,-6356.25,3097.5,-3258.75
2024-03-14 12:43:00,-6120.0,2805.0,-3315.0
2024-03-14 12:44:00,-5943.75,2490.0,-3453.75
2024-03-14 12:45:00,-5666.25,1860.0,-3806.25
2024-03-14 12:46:00,-5823.75,2475.0,-3348.75
2024-03-14 12:47:00,-5685.0,2115.0,-3570.0
2024-03-14 12:48:00,-5610.0,1867.5,-3742.5
2024-03-14 12:49:00,-5651.25,2235.0,-3416.25
2024-03-14 12:50:00,-5287.5,1515.0,-3772.5
2024-03-14 12:51:00,-5347.5,1725.0,-3622.5
2024-03-14 12:52:00,-5490.0,2310.0,-3180.0
2024-03-14 12:53:00,-5621.25,2917.5,-2703.75
2024-03-14 12:54:00,-5546.25,2625.0,-2921.25
2024-03-14 12:55:00,-5501.25,2460.0,-3041.25
2024-03-14 12:56:00,-5385.0,1912.5,-3472.5
2024-03-14 12:57:00,-5486.25,2400.0,-3086.25
2024-03-14 12:58:00,-5610.0,2752.5,-2857.5
2024-03-14 12:59:00,-5655.0,3045.0,-2610.0
2024-03-14 13:00:00,-5685.0,3345.0,-2340.0
2024-03-14 13:01:00,-5797.5,3547.5,-2250.0
2024-03-14 13:02:00,-6000.0,4087.5,-1912.5
2024-03-14 13:03:00,-6003.75,4110.0,-1893.75
2024-03-14 13:04:00,-6232.5,4372.5,-1860.0
2024-03-14 13:05:00,-6255.0,4357.5,-1897.5
2024-03-14 13:06:00,-5730.0,3877.5,-1852.5
2024-03-14 13:07:00,-5902.5,4020.0,-1882.5
2024-03-14 13:08:00,-5850.0,3817.5,-2032.5
2024-03-14 13:09:00,-5655.0,3712.5,-1942.5
2024-03-14 13:10:00,-5257.5,2767.5,-2490.0
2024-03-14 13:11:00,-5336.25,3097.5,-2238.75
2024-03-14 13:12:00,-5557.5,3787.5,-1770.0
2024-03-14 13:13:00,-5460.0,3562.5,-1897.5
2024-03-14 13:14:00,-5347.5,3285.0,-2062.5
2024-03-14 13:15:00,-5430.0,3585.0,-1845.0
2024-03-14 13:16:00,-5448.75,3600.0,-1848.75
2024-03-14 13:17:00,-5557.5,3847.5,-1710.0
2024-03-14 13:18:00,-5467.5,3675.0,-1792.5
2024-03-14 13:19:00,-5306.25,3195.0,-2111.25
2024-03-14 13:20:00,-5478.75,3735.0,-1743.75
2024-03-14 13:21:00,-5512.5,3765.0,-1747.5
2024-03-14 13:22:00,-5418.75,3637.5,-1781.25
2024-03-14 13:23:00,-5381.25,3547.5,-1833.75
2024-03-14 13:24:00,-5362.5,3472.5,-1890.0
2024-03-14 13:25:00,-5463.75,3877.5,-1586.25
2024-03-14 13:26:00,-5490.0,3862.5,-1627.5
2024-03-14 13:27:00,-5490.0,3870.0,-1620.0
2024-03-14 13:28:00,-5516.25,3937.5,-1578.75
2024-03-14 13:29:00,-5580.0,4087.5,-1492.5
2024-03-14 13:30:00,-5613.75,4162.5,-1451.25
2024-03-14 13:31:00,-5557.5,4080.0,-1477.5
2024-03-14 13:32:00,-5321.25,3682.5,-1638.75
2024-03-14 13:33:00,-5208.75,3502.5,-1706.25
2024-03-14 13:34:00,-5028.75,3067.5,-1961.25
2024-03-14 13:35:00,-5040.0,3157.5,-1882.5
2024-03-14 13:36:00,-5081.25,3352.5,-1728.75
2024-03-14 13:37:00,-4942.5,3120.0,-1822.5
2024-03-14 13:38:00,-4740.0,2032.5,-2707.5
2024-03-14 13:39:00,-4616.25,1470.0,-3146.25
2024-03-14 13:40:00,-4578.75,1072.5,-3506.25
2024-03-14 13:41:00,-4616.25,1837.5,-2778.75
2024-03-14 13:42:00,-4586.25,1582.5,-3003.75
2024-03-14 13:43:00,-4533.75,817.5,-3716.25
2024-03-14 13:44:00,-4515.0,600.0,-3915.0
2024-03-14 13:45:00,-4436.25,-142.5,-4578.75
2024-03-14 13:46:00,-4755.0,243.75,-4511.25
2024-03-14 13:47:00,-4027.5,-630.0,-4657.5
2024-03-14 13:48:00,-3555.0,-1248.75,-4803.75
2024-03-14 13:49:00,-4076.25,-356.25,-4432.5
2024-03-14 13:50:00,-5505.0,873.75,-4631.25
2024-03-14 13:51:00,-5193.75,768.75,-4425.0
2024-03-14 13:52:00,-5167.5,738.75,-4428.75
2024-03-14 13:53:00,-4511.25,296.25,-4215.0
2024-03-14 13:54:00,-4425.0,236.25,-4188.75
2024-03-14 13:55:00,-4065.0,-48.75,-4113.75
2024-03-14 13:56:00,-4305.0,52.5,-4252.5
2024-03-14 13:57:00,-4147.5,-41.25,-4188.75
2024-03-14 13:58:00,-4256.25,30.0,-4226.25
2024-03-14 13:59:00,-3978.75,-251.25,-4230.0
2024-03-14 14:00:00,-3783.75,-423.75,-4207.5
2024-03-14 14:01:00,-3678.75,-540.0,-4218.75
2024-03-14 14:02:00,-3986.25,-176.25,-4162.5
2024-03-14 14:03:00,-3881.25,-41.25,-3922.5
2024-03-14 14:04:00,-3427.5,-667.5,-4095.0
2024-03-14 14:05:00,-3607.5,-311.25,-3918.75
2024-03-14 14:06:00,-3667.5,-322.5,-3990.0
2024-03-14 14:07:00,-3551.25,-476.25,-4027.5
2024-03-14 14:08:00,-3423.75,-633.75,-4057.5
2024-03-14 14:09:00,-3243.75,-806.25,-4050.0
2024-03-14 14:10:00,-3390.0,-472.5,-3862.5
2024-03-14 14:11:00,-3138.75,-810.0,-3948.75
2024-03-14 14:12:00,-3311.25,-528.75,-3840.0
2024-03-14 14:13:00,-3142.5,-678.75,-3821.25
2024-03-14 14:14:00,-2932.5,-971.25,-3903.75
2024-03-14 14:15:00,-3090.0,-757.5,-3847.5
2024-03-14 14:16:00,-3296.25,-468.75,-3765.0
2024-03-14 14:17:00,-3821.25,296.25,-3525.0
2024-03-14 14:18:00,-3585.0,37.5,-3547.5
2024-03-14 14:19:00,-3401.25,-93.75,-3495.0
2024-03-14 14:20:00,-3228.75,-352.5,-3581.25
2024-03-14 14:21:00,-3382.5,-90.0,-3472.5
2024-03-14 14:22:00,-3450.0,-18.75,-3468.75
2024-03-14 14:23:00,-3408.75,-45.0,-3453.75
2024-03-14 14:24:00,-3843.75,442.5,-3401.25
2024-03-14 14:25:00,-4788.75,1323.75,-3465.0
2024-03-14 14:26:00,-4530.0,1215.0,-3315.0
2024-03-14 14:27:00,-4353.75,1147.5,-3206.25
2024-03-14 14:28:00,-3731.25,712.5,-3018.75
2024-03-14 14:29:00,-3836.25,881.25,-2955.0
2024-03-14 14:30:00,-4350.0,1331.25,-3018.75
2024-03-14 14:31:00,-4278.75,1305.0,-2973.75
2024-03-14 14:32:00,-3660.0,798.75,-2861.25
2024-03-14 14:33:00,-3918.75,1128.75,-2790.0
2024-03-14 14:34:00,-4170.0,1282.5,-2887.5
2024-03-14 14:35:00,-4308.75,1425.0,-2883.75
2024-03-14 14:36:00,-4143.75,1323.75,-2820.0
2024-03-14 14:37:00,-4162.5,1372.5,-2790.0
2024-03-14 14:38:00,-4605.0,1702.5,-2902.5
2024-03-14 14:39:00,-4256.25,1537.5,-2718.75
2024-03-14 14:40:00,-4192.5,1537.5,-2655.0
2024-03-14 14:41:00,-4421.25,1710.0,-2711.25
2024-03-14 14:42:00,-4357.5,1713.75,-2643.75
2024-03-14 14:43:00,-3967.5,1503.75,-2463.75
2024-03-14 14:44:00,-3262.5,930.0,-2332.5
2024-03-14 14:45:00,-3015.0,697.5,-2317.5
2024-03-14 14:46:00,-2816.25,450.0,-2366.25
2024-03-14 14:47:00,-2850.0,525.0,-2325.0
2024-03-14 14:48:00,-3243.75,1008.75,-2235.0
2024-03-14 14:49:00,-2823.75,622.5,-2201.25
2024-03-14 14:50:00,-2523.75,258.75,-2265.0
2024-03-14 14:51:00,-2808.75,618.75,-2190.0
2024-03-14 14:52:00,-2876.25,828.75,-2047.5
2024-03-14 14:53:00,-2602.5,461.25,-2141.25
2024-03-14 14:54:00,-2546.25,457.5,-2088.75
2024-03-14 14:55:00,-3258.75,1125.0,-2133.75
2024-03-14 14:56:00,-3067.5,982.5,-2085.0
2024-03-14 14:57:00,-3078.75,1016.25,-2062.5
2024-03-14 14:58:00,-2752.5,727.5,-2025.0
2024-03-14 14:59:00,-3255.0,1252.5,-2002.5
2024-03-14 15:00:00,-3746.25,1792.5,-1953.75
2024-03-14 15:01:00,-3765.0,1901.25,-1863.75
2024-03-14 15:02:00,-4717.5,2640.0,-2077.5
2024-03-14 15:03:00,-4522.5,2591.25,-1931.25
2024-03-14 15:04:00,-3982.5,2276.25,-1706.25
2024-03-14 15:05:00,-4458.75,2673.75,-1785.0
2024-03-14 15:06:00,-4365.0,2651.25,-1713.75
2024-03-14 15:07:00,-4560.0,2782.5,-1777.5
2024-03-14 15:08:00,-4440.0,2733.75,-1706.25
2024-03-14 15:09:00,-4260.0,2628.75,-1631.25
2024-03-14 15:10:00,-4473.75,2816.25,-1657.5
2024-03-14 15:11:00,-4353.75,2775.0,-1578.75
2024-03-14 15:12:00,-4177.5,2632.5,-1545.0
2024-03-14 15:13:00,-4290.0,2778.75,-1511.25
2024-03-14 15:14:00,-4263.75,2767.5,-1496.25
2024-03-14 15:15:00,-4245.0,2741.25,-1503.75
2024-03-14 15:16:00,-4365.0,2853.75,-1511.25
2024-03-14 15:17:00,-4511.25,2962.5,-1548.75
2024-03-14 15:18:00,-4406.25,2936.25,-1470.0
2024-03-14 15:19:00,-4406.25,2951.25,-1455.0
2024-03-14 15:20:00,-4335.0,2917.5,-1417.5
2024-03-14 15:21:00,-4335.0,2917.5,-1417.5
2024-03-14 15:22:00,-4335.0,2917.5,-1417.5
2024-03-14 15:23:00,-4335.0,2917.5,-1417.5
2024-03-14 15:24:00,-4335.0,2917.5,-1417.5
2024-03-14 15:25:00,-4335.0,2917.5,-1417.5
2024-03-14 15:26:00,-4335.0,2917.5,-1417.5
2024-03-14 15:27:00,-4335.0,2917.5,-1417.5
2024-03-14 15:28:00,-4335.0,2917.5,-1417.5
2024-03-14 15:29:00,-4335.0,2917.5,-1417.5
2024-03-14 15:30:00,-4335.0,2917.5,-1417.5
2024-03-21 10:15:00,0.0,0.0,0.0
2024-03-21 10:16:00,-7.5,-37.5,-45.0
2024-03-21 10:17:00,45.0,-108.75,-63.75
2024-03-21 10:18:00,90.0,-131.25,-41.25
2024-03-21 10:19:00,101.25,-150.0,-48.75
2024-03-21 10:20:00,101.25,-146.25,-45.0
2024-03-21 10:21:00,150.0,-168.75,-18.75
2024-03-21 10:22:00,153.75,-142.5,11.25
2024-03-21 10:23:00,108.75,-75.0,33.75
2024-03-21 10:24:00,120.0,-112.5,7.5
2024-03-21 10:25:00,187.5,-165.0,22.5
2024-03-21 10:26:00,273.75,-165.0,108.75
2024-03-21 10:27:00,228.75,-26.25,202.5
2024-03-21 10:28:00,236.25,-82.5,153.75
2024-03-21 10:29:00,292.5,-150.0,142.5
2024-03-21 10:30:00,390.0,-71.25,318.75
2024-03-21 10:31:00,337.5,-90.0,247.5
2024-03-21 10:32:00,337.5,-75.0,262.5
2024-03-21 10:33:00,255.0,311.25,566.25
2024-03-21 10:34:00,318.75,-15.0,303.75
2024-03-21 10:35:00,292.5,75.0,367.5
2024-03-21 10:36:00,281.25,90.0,371.25
2024-03-21 10:37:00,247.5,123.75,371.25
2024-03-21 10:38:00,240.0,105.0,345.0
2024-03-21 10:39:00,232.5,168.75,401.25
2024-03-21 10:40:00,251.25,176.25,427.5
2024-03-21 10:41:00,251.25,210.0,461.25
2024-03-21 10:42:00,217.5,225.0,442.5
2024-03-21 10:43:00,303.75,75.0,378.75
2024-03-21 10:44:00,330.0,-22.5,307.5
2024-03-21 10:45:00,356.25,-45.0,311.25
2024-03-21 10:46:00,360.0,26.25,386.25
2024-03-21 10:47:00,318.75,82.5,401.25
2024-03-21 10:48:00,292.5,146.25,438.75
2024-03-21 10:49:00,262.5,217.5,480.0
2024-03-21 10:50:00,273.75,213.75,487.5
2024-03-21 10:51:00,288.75,210.0,498.75
2024-03-21 10:52:00,300.0,217.5,517.5
2024-03-21 10:53:00,341.25,168.75,510.0
2024-03-21 10:54:00,382.5,116.25,498.75
2024-03-21 10:55:00,363.75,142.5,506.25
2024-03-21 10:56:00,326.25,221.25,547.5
2024-03-21 10:57:00,348.75,150.0,498.75
2024-03-21 10:58:00,363.75,127.5,491.25
2024-03-21 10:59:00,356.25,135.0,491.25
2024-03-21 11:00:00,371.25,202.5,573.75
2024-03-21 11:01:00,292.5,446.25,738.75
2024-03-21 11:02:00,333.75,337.5,671.25
2024-03-21 11:03:00,288.75,416.25,705.0
2024-03-21 11:04:00,273.75,405.0,678.75
2024-03-21 11:05:00,221.25,495.0,716.25
2024-03-21 11:06:00,150.0,525.0,675.0
2024-03-21 11:07:00,228.75,495.0,723.75
2024-03-21 11:08:00,225.0,517.5,742.5
2024-03-21 11:09:00,71.25,618.75,690.0
2024-03-21 11:10:00,213.75,603.75,817.5
2024-03-21 11:11:00,236.25,596.25,832.5
2024-03-21 11:12:00,202.5,622.5,825.0
2024-03-21 11:13:00,191.25,615.0,806.25
2024-03-21 11:14:00,247.5,577.5,825.0
2024-03-21 11:15:00,213.75,615.0,828.75
2024-03-21 11:16:00,251.25,577.5,828.75
2024-03-21 11:17:00,333.75,506.25,840.0
2024-03-21 11:18:00,318.75,528.75,847.5
2024-03-21 11:19:00,322.5,510.0,832.5
2024-03-21 11:20:00,431.25,333.75,765.0
2024-03-21 11:21:00,397.5,446.25,843.75
2024-03-21 11:22:00,408.75,416.25,825.0
2024-03-21 11:23:00,401.25,382.5,783.75
2024-03-21 11:24:00,405.0,367.5,772.5
2024-03-21 11:25:00,405.0,420.0,825.0
2024-03-21 11:26:00,360.0,498.75,858.75
2024-03-21 11:27:00,363.75,472.5,836.25
2024-03-21 11:28:00,382.5,390.0,772.5
2024-03-21 11:29:00,375.0,416.25,791.25
2024-03-21 11:30:00,405.0,367.5,772.5
2024-03-21 11:31:00,390.0,405.0,795.0
2024-03-21 11:32:00,405.0,408.75,813.75
2024-03-21 11:33:00,405.0,390.0,795.0
2024-03-21 11:34:00,465.0,386.25,851.25
2024-03-21 11:35:00,476.25,363.75,840.0
2024-03-21 11:36:00,510.0,315.0,825.0
2024-03-21 11:37:00,491.25,397.5,888.75
2024-03-21 11:38:00,495.0,375.0,870.0
2024-03-21 11:39:00,543.75,240.0,783.75
2024-03-21 11:40:00,630.0,-386.25,243.75
2024-03-21 11:41:00,551.25,232.5,783.75
2024-03-21 11:42:00,585.0,-15.0,570.0
2024-03-21 11:43:00,596.25,-135.0,461.25
2024-03-21 11:44:00,607.5,-86.25,521.25
2024-03-21 11:45:00,618.75,-461.25,157.5
2024-03-21 11:46:00,607.5,-176.25,431.25
2024-03-21 11:47:00,596.25,-52.5,543.75
2024-03-21 11:48:00,600.0,-37.5,562.5
2024-03-21 11:49:00,607.5,-150.0,457.5
2024-03-21 11:50:00,607.5,-86.25,521.25
2024-03-21 11:51:00,630.0,-183.75,446.25
2024-03-21 11:52:00,618.75,-146.25,472.5
2024-03-21 11:53:00,630.0,-277.5,352.5
2024-03-21 11:54:00,656.25,-468.75,187.5
2024-03-21 11:55:00,671.25,-1155.0,-483.75
2024-03-21 11:56:00,675.0,-1110.0,-435.0
2024-03-21 11:57:00,686.25,-873.75,-187.5
2024-03-21 11:58:00,682.5,-948.75,-266.25
2024-03-21 11:59:00,686.25,-1012.5,-326.25
2024-03-21 12:00:00,690.0,-1035.0,-345.0
2024-03-21 12:01:00,705.0,-1477.5,-772.5
2024-03-21 12:02:00,701.25,-1470.0,-768.75
2024-03-21 12:03:00,716.25,-1736.25,-1020.0
2024-03-21 12:04:00,716.25,-1537.5,-821.25
2024-03-21 12:05:00,708.75,-1492.5,-783.75
2024-03-21 12:06:00,791.25,-1770.0,-978.75
2024-03-21 12:07:00,922.5,-1852.5,-930.0
2024-03-21 12:08:00,810.0,-1721.25,-911.25
2024-03-21 12:09:00,978.75,-1912.5,-933.75
2024-03-21 12:10:00,1361.25,-3480.0,-2118.75
2024-03-21 12:11:00,1305.0,-3742.5,-2437.5
2024-03-21 12:12:00,1230.0,-3210.0,-1980.0
2024-03-21 12:13:00,1421.25,-3967.5,-2546.25
2024-03-21 12:14:00,1335.0,-3772.5,-2437.5
2024-03-21 12:15:00,1458.75,-4278.75,-2820.0
2024-03-21 12:16:00,1308.75,-3858.75,-2550.0
2024-03-21 12:17:00,791.25,-3037.5,-2246.25
2024-03-21 12:18:00,776.25,-2733.75,-1957.5
2024-03-21 12:19:00,611.25,-2370.0,-1758.75
2024-03-21 12:20:00,333.75,-1732.5,-1398.75
2024-03-21 12:21:00,821.25,-2182.5,-1361.25
2024-03-21 12:22:00,851.25,-2422.5,-1571.25
2024-03-21 12:23:00,813.75,-2437.5,-1623.75
2024-03-21 12:24:00,536.25,-2040.0,-1503.75
2024-03-21 12:25:00,776.25,-2190.0,-1413.75
2024-03-21 12:26:00,1263.75,-2951.25,-1687.5
2024-03-21 12:27:00,1421.25,-2865.0,-1443.75
2024-03-21 12:28:00,1481.25,-3176.25,-1695.0
2024-03-21 12:29:00,1353.75,-2981.25,-1627.5
2024-03-21 12:30:00,1383.75,-3018.75,-1635.0
2024-03-21 12:31:00,1061.25,-2448.75,-1387.5
2024-03-21 12:32:00,1181.25,-2340.0,-1158.75
2024-03-21 12:33:00,1023.75,-2051.25,-1027.5
2024-03-21 12:34:00,896.25,-1878.75,-982.5
2024-03-21 12:35:00,1203.75,-2171.25,-967.5
2024-03-21 12:36:00,723.75,-1698.75,-975.0
2024-03-21 12:37:00,491.25,-1323.75,-832.5
2024-03-21 12:38:00,123.75,-1053.75,-930.0
2024-03-21 12:39:00,116.25,-1005.0,-888.75
2024-03-21 12:40:00,206.25,-1038.75,-832.5
2024-03-21 12:41:00,311.25,-1113.75,-802.5
2024-03-21 12:42:00,120.0,-851.25,-731.25
2024-03-21 12:43:00,303.75,-1106.25,-802.5
2024-03-21 12:44:00,408.75,-1192.5,-783.75
2024-03-21 12:45:00,161.25,-843.75,-682.5
2024-03-21 12:46:00,228.75,-821.25,-592.5
2024-03-21 12:47:00,318.75,-930.0,-611.25
2024-03-21 12:48:00,360.0,-892.5,-532.5
2024-03-21 12:49:00,487.5,-1046.25,-558.75
2024-03-21 12:50:00,671.25,-1218.75,-547.5
2024-03-21 12:51:00,735.0,-1350.0,-615.0
2024-03-21 12:52:00,663.75,-1181.25,-517.5
2024-03-21 12:53:00,450.0,-881.25,-431.25
2024-03-21 12:54:00,356.25,-772.5,-416.25
2024-03-21 12:55:00,442.5,-802.5,-360.0
2024-03-21 12:56:00,382.5,-622.5,-240.0
2024-03-21 12:57:00,225.0,-288.75,-63.75
2024-03-21 12:58:00,195.0,-165.0,30.0
2024-03-21 12:59:00,322.5,-285.0,37.5
2024-03-21 13:00:00,416.25,-371.25,45.0
2024-03-21 13:01:00,363.75,-318.75,45.0
2024-03-21 13:02:00,198.75,-123.75,75.0
2024-03-21 13:03:00,225.0,-165.0,60.0
2024-03-21 13:04:00,258.75,-172.5,86.25
2024-03-21 13:05:00,255.0,-172.5,82.5
2024-03-21 13:06:00,390.0,-352.5,37.5
2024-03-21 13:07:00,656.25,-708.75,-52.5
2024-03-21 13:08:00,768.75,-1076.25,-307.5
2024-03-21 13:09:00,513.75,-288.75,225.0
2024-03-21 13:10:00,562.5,-450.0,112.5
2024-03-21 13:11:00,697.5,-693.75,3.75
2024-03-21 13:12:00,675.0,-813.75,-138.75
2024-03-21 13:13:00,630.0,-603.75,26.25
2024-03-21 13:14:00,558.75,-570.0,-11.25
2024-03-21 13:15:00,671.25,-735.0,-63.75
2024-03-21 13:16:00,663.75,-907.5,-243.75
2024-03-21 13:17:00,772.5,-1020.0,-247.5
2024-03-21 13:18:00,828.75,-1245.0,-416.25
2024-03-21 13:19:00,787.5,-1038.75,-251.25
2024-03-21 13:20:00,521.25,-150.0,371.25
2024-03-21 13:21:00,543.75,-311.25,232.5
2024-03-21 13:22:00,637.5,-416.25,221.25
2024-03-21 13:23:00,795.0,-731.25,63.75
2024-03-21 13:24:00,566.25,-333.75,232.5
2024-03-21 13:25:00,731.25,-588.75,142.5
2024-03-21 13:26:00,611.25,-375.0,236.25
2024-03-21 13:27:00,450.0,-93.75,356.25
2024-03-21 13:28:00,483.75,-176.25,307.5
2024-03-21 13:29:00,420.0,-15.0,405.0
2024-03-21 13:30:00,405.0,108.75,513.75
2024-03-21 13:31:00,371.25,210.0,581.25
2024-03-21 13:32:00,648.75,-67.5,581.25
2024-03-21 13:33:00,457.5,161.25,618.75
2024-03-21 13:34:00,330.0,352.5,682.5
2024-03-21 13:35:00,348.75,315.0,663.75
2024-03-21 13:36:00,-90.0,686.25,596.25
2024-03-21 13:37:00,-97.5,701.25,603.75
2024-03-21 13:38:00,-131.25,731.25,600.0
2024-03-21 13:39:00,-213.75,817.5,603.75
2024-03-21 13:40:00,120.0,671.25,791.25
2024-03-21 13:41:00,105.0,701.25,806.25
2024-03-21 13:42:00,645.0,420.0,1065.0
2024-03-21 13:43:00,596.25,296.25,892.5
2024-03-21 13:44:00,585.0,333.75,918.75
2024-03-21 13:45:00,540.0,453.75,993.75
2024-03-21 13:46:00,611.25,255.0,866.25
2024-03-21 13:47:00,825.0,33.75,858.75
2024-03-21 13:48:00,858.75,-67.5,791.25
2024-03-21 13:49:00,1012.5,-363.75,648.75
2024-03-21 13:50:00,1016.25,-442.5,573.75
2024-03-21 13:51:00,881.25,-22.5,858.75
2024-03-21 13:52:00,915.0,-127.5,787.5
2024-03-21 13:53:00,956.25,-225.0,731.25
2024-03-21 13:54:00,930.0,-127.5,802.5
2024-03-21 13:55:00,1170.0,-881.25,288.75
2024-03-21 13:56:00,1143.75,-521.25,622.5
2024-03-21 13:57:00,1050.0,-198.75,851.25
2024-03-21 13:58:00,948.75,-37.5,911.25
2024-03-21 13:59:00,1027.5,-236.25,791.25
2024-03-21 14:00:00,945.0,52.5,997.5
2024-03-21 14:01:00,971.25,213.75,1185.0
2024-03-21 14:02:00,885.0,315.0,1200.0
2024-03-21 14:03:00,900.0,378.75,1278.75
2024-03-21 14:04:00,828.75,558.75,1387.5
2024-03-21 14:05:00,738.75,708.75,1447.5
2024-03-21 14:06:00,787.5,618.75,1406.25
2024-03-21 14:07:00,825.0,543.75,1368.75
2024-03-21 14:08:00,1038.75,225.0,1263.75
2024-03-21 14:09:00,1072.5,225.0,1297.5
2024-03-21 14:10:00,1143.75,11.25,1155.0
2024-03-21 14:11:00,1042.5,195.0,1237.5
2024-03-21 14:12:00,956.25,517.5,1473.75
2024-03-21 14:13:00,1042.5,273.75,1316.25
2024-03-21 14:14:00,1038.75,255.0,1293.75
2024-03-21 14:15:00,960.0,465.0,1425.0
2024-03-21 14:16:00,948.75,513.75,1462.5
2024-03-21 14:17:00,900.0,562.5,1462.5
2024-03-21 14:18:00,851.25,731.25,1582.5
2024-03-21 14:19:00,828.75,720.0,1548.75
2024-03-21 14:20:00,870.0,723.75,1593.75
2024-03-21 14:21:00,843.75,892.5,1736.25
2024-03-21 14:22:00,322.5,1207.5,1530.0
2024-03-21 14:23:00,210.0,1177.5,1387.5
2024-03-21 14:24:00,442.5,1113.75,1556.25
2024-03-21 14:25:00,375.0,1185.0,1560.0
2024-03-21 14:26:00,442.5,1192.5,1635.0
2024-03-21 14:27:00,780.0,1061.25,1841.25
2024-03-21 14:28:00,1076.25,975.0,2051.25
2024-03-21 14:29:00,1001.25,1053.75,2055.0
2024-03-21 14:30:00,911.25,1188.75,2100.0
2024-03-21 14:31:00,791.25,1275.0,2066.25
2024-03-21 14:32:00,780.0,1286.25,2066.25
2024-03-21 14:33:00,540.0,1331.25,1871.25
2024-03-21 14:34:00,532.5,1316.25,1848.75
2024-03-21 14:35:00,832.5,1290.0,2122.5
2024-03-21 14:36:00,712.5,1357.5,2070.0
2024-03-21 14:37:00,682.5,1380.0,2062.5
2024-03-21 14:38:00,543.75,1451.25,1995.0
2024-03-21 14:39:00,641.25,1470.0,2111.25
2024-03-21 14:40:00,465.0,1526.25,1991.25
2024-03-21 14:41:00,405.0,1567.5,1972.5
2024-03-21 14:42:00,108.75,1620.0,1728.75
2024-03-21 14:43:00,502.5,1563.75,2066.25
2024-03-21 14:44:00,720.0,1515.0,2235.0
2024-03-21 14:45:00,453.75,1608.75,2062.5
2024-03-21 14:46:00,547.5,1608.75,2156.25
2024-03-21 14:47:00,645.0,1608.75,2253.75
2024-03-21 14:48:00,862.5,1605.0,2467.5
2024-03-21 14:49:00,997.5,1605.0,2602.5
2024-03-21 14:50:00,877.5,1601.25,2478.75
2024-03-21 14:51:00,862.5,1601.25,2463.75
2024-03-21 14:52:00,1136.25,1593.75,2730.0
2024-03-21 14:53:00,1338.75,1593.75,2932.5
2024-03-21 14:54:00,1312.5,1616.25,2928.75
2024-03-21 14:55:00,1425.0,1605.0,3030.0
2024-03-21 14:56:00,1518.75,1608.75,3127.5
2024-03-21 14:57:00,1440.0,1616.25,3056.25
2024-03-21 14:58:00,1470.0,1608.75,3078.75
2024-03-21 14:59:00,1496.25,1605.0,3101.25
2024-03-21 15:00:00,1466.25,1608.75,3075.0
2024-03-21 15:01:00,1747.5,1601.25,3348.75
2024-03-21 15:02:00,1717.5,1623.75,3341.25
2024-03-21 15:03:00,1815.0,1635.0,3450.0
2024-03-21 15:04:00,1781.25,1638.75,3420.0
2024-03-21 15:05:00,1826.25,1642.5,3468.75
2024-03-21 15:06:00,1755.0,1642.5,3397.5
2024-03-21 15:07:00,1923.75,1642.5,3566.25
2024-03-21 15:08:00,1788.75,1642.5,3431.25
2024-03-21 15:09:00,1691.25,1646.25,3337.5
2024-03-21 15:10:00,1661.25,1642.5,3303.75
2024-03-21 15:11:00,1383.75,1650.0,3033.75
2024-03-21 15:12:00,1125.0,1646.25,2771.25
2024-03-21 15:13:00,1076.25,1650.0,2726.25
2024-03-21 15:14:00,1125.0,1646.25,2771.25
2024-03-21 15:15:00,1185.0,1650.0,2835.0
2024-03-21 15:16:00,1177.5,1650.0,2827.5
2024-03-21 15:17:00,1241.25,1650.0,2891.25
2024-03-21 15:18:00,1132.5,1650.0,2782.5
2024-03-21 15:19:00,1218.75,1650.0,2868.75
2024-03-21 15:20:00,1162.5,1650.0,2812.5
2024-03-21 15:21:00,1162.5,1650.0,2812.5
2024-03-21 15:22:00,1162.5,1650.0,2812.5
2024-03-21 15:23:00,1162.5,1650.0,2812.5
2024-03-21 15:24:00,1162.5,1650.0,2812.5
2024-03-21 15:25:00,1162.5,1650.0,2812.5
2024-03-21 15:26:00,1162.5,1650.0,2812.5
2024-03-21 15:27:00,1162.5,1650.0,2812.5
2024-03-21 15:28:00,1162.5,1650.0,2812.5
2024-03-21 15:29:00,1162.5,1650.0,2812.5
2024-03-21 15:30:00,1162.5,1650.0,2812.5
2024-03-28 10:15:00,0.0,0.0,0.0
2024-03-28 10:16:00,-281.25,225.0,-56.25
2024-03-28 10:17:00,-232.5,273.75,41.25
2024-03-28 10:18:00,-187.5,240.0,52.5
2024-03-28 10:19:00,-71.25,206.25,135.0
2024-03-28 10:20:00,-26.25,157.5,131.25
2024-03-28 10:21:00,-386.25,367.5,-18.75
2024-03-28 10:22:00,-45.0,198.75,153.75
2024-03-28 10:23:00,-108.75,213.75,105.0
2024-03-28 10:24:00,-71.25,165.0,93.75
2024-03-28 10:25:00,-75.0,142.5,67.5
2024-03-28 10:26:00,-56.25,97.5,41.25
2024-03-28 10:27:00,292.5,-116.25,176.25
2024-03-28 10:28:00,363.75,-86.25,277.5
2024-03-28 10:29:00,412.5,-56.25,356.25
2024-03-28 10:30:00,558.75,-120.0,438.75
2024-03-28 10:31:00,675.0,-135.0,540.0
2024-03-28 10:32:00,547.5,127.5,675.0
2024-03-28 10:33:00,412.5,33.75,446.25
2024-03-28 10:34:00,438.75,82.5,521.25
2024-03-28 10:35:00,352.5,165.0,517.5
2024-03-28 10:36:00,138.75,315.0,453.75
2024-03-28 10:37:00,-120.0,442.5,322.5
2024-03-28 10:38:00,-1522.5,502.5,-1020.0
2024-03-28 10:39:00,-1751.25,648.75,-1102.5
2024-03-28 10:40:00,-1811.25,615.0,-1196.25
2024-03-28 10:41:00,-2111.25,622.5,-1488.75
2024-03-28 10:42:00,-1908.75,667.5,-1241.25
2024-03-28 10:43:00,-1848.75,641.25,-1207.5
2024-03-28 10:44:00,-1395.0,618.75,-776.25
2024-03-28 10:45:00,-1301.25,626.25,-675.0
2024-03-28 10:46:00,-1155.0,607.5,-547.5
2024-03-28 10:47:00,-1440.0,622.5,-817.5
2024-03-28 10:48:00,-1031.25,577.5,-453.75
2024-03-28 10:49:00,-1113.75,581.25,-532.5
2024-03-28 10:50:00,-1481.25,663.75,-817.5
2024-03-28 10:51:00,-1387.5,637.5,-750.0
2024-03-28 10:52:00,-1406.25,637.5,-768.75
2024-03-28 10:53:00,-1076.25,592.5,-483.75
2024-03-28 10:54:00,-978.75,581.25,-397.5
2024-03-28 10:55:00,-1046.25,585.0,-461.25
2024-03-28 10:56:00,-1035.0,558.75,-476.25
2024-03-28 10:57:00,-956.25,555.0,-401.25
2024-03-28 10:58:00,-1061.25,585.0,-476.25
2024-03-28 10:59:00,-1072.5,607.5,-465.0
2024-03-28 11:00:00,-1031.25,592.5,-438.75
2024-03-28 11:01:00,-1185.0,663.75,-521.25
2024-03-28 11:02:00,-1721.25,866.25,-855.0
2024-03-28 11:03:00,-1455.0,798.75,-656.25
2024-03-28 11:04:00,-1173.75,761.25,-412.5
2024-03-28 11:05:00,-1207.5,757.5,-450.0
2024-03-28 11:06:00,-1151.25,723.75,-427.5
2024-03-28 11:07:00,-1143.75,727.5,-416.25
2024-03-28 11:08:00,-1207.5,753.75,-453.75
2024-03-28 11:09:00,-1290.0,757.5,-532.5
2024-03-28 11:10:00,-1376.25,817.5,-558.75
2024-03-28 11:11:00,-1256.25,783.75,-472.5
2024-03-28 11:12:00,-1173.75,750.0,-423.75
2024-03-28 11:13:00,-1226.25,757.5,-468.75
2024-03-28 11:14:00,-1301.25,783.75,-517.5
2024-03-28 11:15:00,-1406.25,806.25,-600.0
2024-03-28 11:16:00,-1020.0,701.25,-318.75
2024-03-28 11:17:00,-585.0,603.75,18.75
2024-03-28 11:18:00,-540.0,611.25,71.25
2024-03-28 11:19:00,-633.75,633.75,0.0
2024-03-28 11:20:00,-783.75,738.75,-45.0
2024-03-28 11:21:00,-742.5,660.0,-82.5
2024-03-28 11:22:00,-742.5,667.5,-75.0
2024-03-28 11:23:00,-780.0,682.5,-97.5
2024-03-28 11:24:00,-735.0,686.25,-48.75
2024-03-28 11:25:00,-727.5,675.0,-52.5
2024-03-28 11:26:00,-937.5,727.5,-210.0
2024-03-28 11:27:00,-896.25,723.75,-172.5
2024-03-28 11:28:00,-1406.25,817.5,-588.75
2024-03-28 11:29:00,-1290.0,817.5,-472.5
2024-03-28 11:30:00,-1132.5,798.75,-333.75
2024-03-28 11:31:00,-911.25,761.25,-150.0
2024-03-28 11:32:00,-693.75,720.0,26.25
2024-03-28 11:33:00,-836.25,757.5,-78.75
2024-03-28 11:34:00,-791.25,746.25,-45.0
2024-03-28 11:35:00,-716.25,723.75,7.5
2024-03-28 11:36:00,-697.5,731.25,33.75
2024-03-28 11:37:00,-750.0,753.75,3.75
2024-03-28 11:38:00,-652.5,705.0,52.5
2024-03-28 11:39:00,-641.25,708.75,67.5
2024-03-28 11:40:00,-701.25,723.75,22.5
2024-03-28 11:41:00,-780.0,776.25,-3.75
2024-03-28 11:42:00,-963.75,862.5,-101.25
2024-03-28 11:43:00,-933.75,881.25,-52.5
2024-03-28 11:44:00,-806.25,840.0,33.75
2024-03-28 11:45:00,-573.75,802.5,228.75
2024-03-28 11:46:00,-682.5,810.0,127.5
2024-03-28 11:47:00,-675.0,813.75,138.75
2024-03-28 11:48:00,-712.5,840.0,127.5
2024-03-28 11:49:00,-622.5,810.0,187.5
2024-03-28 11:50:00,-637.5,813.75,176.25
2024-03-28 11:51:00,-810.0,862.5,52.5
2024-03-28 11:52:00,-967.5,903.75,-63.75
2024-03-28 11:53:00,-855.0,873.75,18.75
2024-03-28 11:54:00,-903.75,892.5,-11.25
2024-03-28 11:55:00,-588.75,813.75,225.0
2024-03-28 11:56:00,-240.0,626.25,386.25
2024-03-28 11:57:00,-90.0,566.25,476.25
2024-03-28 11:58:00,-311.25,776.25,465.0
2024-03-28 11:59:00,-67.5,690.0,622.5
2024-03-28 12:00:00,165.0,543.75,708.75
2024-03-28 12:01:00,176.25,615.0,791.25
2024-03-28 12:02:00,296.25,532.5,828.75
2024-03-28 12:03:00,367.5,513.75,881.25
2024-03-28 12:04:00,251.25,611.25,862.5
2024-03-28 12:05:00,67.5,776.25,843.75
2024-03-28 12:06:00,105.0,697.5,802.5
2024-03-28 12:07:00,41.25,757.5,798.75
2024-03-28 12:08:00,258.75,663.75,922.5
2024-03-28 12:09:00,277.5,663.75,941.25
2024-03-28 12:10:00,322.5,615.0,937.5
2024-03-28 12:11:00,292.5,626.25,918.75
2024-03-28 12:12:00,307.5,585.0,892.5
2024-03-28 12:13:00,352.5,562.5,915.0
2024-03-28 12:14:00,307.5,667.5,975.0
2024-03-28 12:15:00,180.0,768.75,948.75
2024-03-28 12:16:00,236.25,731.25,967.5
2024-03-28 12:17:00,345.0,675.0,1020.0
2024-03-28 12:18:00,251.25,746.25,997.5
2024-03-28 12:19:00,405.0,648.75,1053.75
2024-03-28 12:20:00,273.75,776.25,1050.0
2024-03-28 12:21:00,180.0,877.5,1057.5
2024-03-28 12:22:00,37.5,978.75,1016.25
2024-03-28 12:23:00,-360.0,1083.75,723.75
2024-03-28 12:24:00,-217.5,1087.5,870.0
2024-03-28 12:25:00,-273.75,1110.0,836.25
2024-03-28 12:26:00,-168.75,1106.25,937.5
2024-03-28 12:27:00,-296.25,1113.75,817.5
2024-03-28 12:28:00,-161.25,1102.5,941.25
2024-03-28 12:29:00,-165.0,1113.75,948.75
2024-03-28 12:30:00,45.0,1068.75,1113.75
2024-03-28 12:31:00,82.5,1068.75,1151.25
2024-03-28 12:32:00,273.75,1046.25,1320.0
2024-03-28 12:33:00,-146.25,1158.75,1012.5
2024-03-28 12:34:00,-90.0,1185.0,1095.0
2024-03-28 12:35:00,-165.0,1207.5,1042.5
2024-03-28 12:36:00,-753.75,1252.5,498.75
2024-03-28 12:37:00,-4848.75,1106.25,-3742.5
2024-03-28 12:38:00,-4530.0,1218.75,-3311.25
2024-03-28 12:39:00,-2996.25,1158.75,-1837.5
2024-03-28 12:40:00,-3232.5,1188.75,-2043.75
2024-03-28 12:41:00,-3138.75,1230.0,-1908.75
2024-03-28 12:42:00,-2756.25,1143.75,-1612.5
2024-03-28 12:43:00,-3525.0,1383.75,-2141.25
2024-03-28 12:44:00,-3671.25,1608.75,-2062.5
2024-03-28 12:45:00,-3375.0,1488.75,-1886.25
2024-03-28 12:46:00,-2951.25,1398.75,-1552.5
2024-03-28 12:47:00,-3225.0,1481.25,-1743.75
2024-03-28 12:48:00,-3202.5,1466.25,-1736.25
2024-03-28 12:49:00,-3993.75,1923.75,-2070.0
2024-03-28 12:50:00,-3525.0,1792.5,-1732.5
2024-03-28 12:51:00,-3330.0,1758.75,-1571.25
2024-03-28 12:52:00,-3187.5,1672.5,-1515.0
2024-03-28 12:53:00,-3213.75,1702.5,-1511.25
2024-03-28 12:54:00,-3146.25,1743.75,-1402.5
2024-03-28 12:55:00,-3468.75,1897.5,-1571.25
2024-03-28 12:56:00,-3150.0,1710.0,-1440.0
2024-03-28 12:57:00,-3123.75,1680.0,-1443.75
2024-03-28 12:58:00,-2651.25,1413.75,-1237.5
2024-03-28 12:59:00,-2666.25,1590.0,-1076.25
2024-03-28 13:00:00,-2126.25,1376.25,-750.0
2024-03-28 13:01:00,-2392.5,1466.25,-926.25
2024-03-28 13:02:00,-2636.25,1743.75,-892.5
2024-03-28 13:03:00,-2396.25,1556.25,-840.0
2024-03-28 13:04:00,-2598.75,1706.25,-892.5
2024-03-28 13:05:00,-2182.5,1462.5,-720.0
2024-03-28 13:06:00,-2336.25,1567.5,-768.75
2024-03-28 13:07:00,-2535.0,1668.75,-866.25
2024-03-28 13:08:00,-2715.0,1751.25,-963.75
2024-03-28 13:09:00,-3228.75,1991.25,-1237.5
2024-03-28 13:10:00,-2831.25,1908.75,-922.5
2024-03-28 13:11:00,-2741.25,1916.25,-825.0
2024-03-28 13:12:00,-2328.75,1788.75,-540.0
2024-03-28 13:13:00,-2047.5,1503.75,-543.75
2024-03-28 13:14:00,-2426.25,1743.75,-682.5
2024-03-28 13:15:00,-2677.5,1931.25,-746.25
2024-03-28 13:16:00,-2647.5,1897.5,-750.0
2024-03-28 13:17:00,-2726.25,1912.5,-813.75
2024-03-28 13:18:00,-2478.75,1830.0,-648.75
2024-03-28 13:19:00,-2685.0,1886.25,-798.75
2024-03-28 13:20:00,-2591.25,1871.25,-720.0
2024-03-28 13:21:00,-2418.75,1800.0,-618.75
2024-03-28 13:22:00,-2827.5,2073.75,-753.75
2024-03-28 13:23:00,-3041.25,2212.5,-828.75
2024-03-28 13:24:00,-2696.25,2092.5,-603.75
2024-03-28 13:25:00,-3206.25,2310.0,-896.25
2024-03-28 13:26:00,-2973.75,2227.5,-746.25
2024-03-28 13:27:00,-3071.25,2276.25,-795.0
2024-03-28 13:28:00,-2955.0,2257.5,-697.5
2024-03-28 13:29:00,-2433.75,2036.25,-397.5
2024-03-28 13:30:00,-2325.0,1983.75,-341.25
2024-03-28 13:31:00,-2441.25,1980.0,-461.25
2024-03-28 13:32:00,-2700.0,2197.5,-502.5
2024-03-28 13:33:00,-3176.25,2347.5,-828.75
2024-03-28 13:34:00,-2801.25,2231.25,-570.0
2024-03-28 13:35:00,-2707.5,2238.75,-468.75
2024-03-28 13:36:00,-2741.25,2205.0,-536.25
2024-03-28 13:37:00,-3030.0,2306.25,-723.75
2024-03-28 13:38:00,-3296.25,2422.5,-873.75
2024-03-28 13:39:00,-2535.0,2148.75,-386.25
2024-03-28 13:40:00,-2118.75,1822.5,-296.25
2024-03-28 13:41:00,-2388.75,2013.75,-375.0
2024-03-28 13:42:00,-2520.0,2032.5,-487.5
2024-03-28 13:43:00,-2261.25,1901.25,-360.0
2024-03-28 13:44:00,-2040.0,1833.75,-206.25
2024-03-28 13:45:00,-2456.25,2126.25,-330.0
2024-03-28 13:46:00,-2343.75,2013.75,-330.0
2024-03-28 13:47:00,-2673.75,2250.0,-423.75
2024-03-28 13:48:00,-2422.5,2163.75,-258.75
2024-03-28 13:49:00,-2362.5,2118.75,-243.75
2024-03-28 13:50:00,-2246.25,2070.0,-176.25
2024-03-28 13:51:00,-2400.0,2197.5,-202.5
2024-03-28 13:52:00,-2666.25,2403.75,-262.5
2024-03-28 13:53:00,-2831.25,2448.75,-382.5
2024-03-28 13:54:00,-4398.75,2602.5,-1796.25
2024-03-28 13:55:00,-3558.75,2583.75,-975.0
2024-03-28 13:56:00,-3742.5,2598.75,-1143.75
2024-03-28 13:57:00,-3768.75,2752.5,-1016.25
2024-03-28 13:58:00,-3506.25,2681.25,-825.0
2024-03-28 13:59:00,-3127.5,2580.0,-547.5
2024-03-28 14:00:00,-3716.25,2827.5,-888.75
2024-03-28 14:01:00,-3836.25,2865.0,-971.25
2024-03-28 14:02:00,-3468.75,2763.75,-705.0
2024-03-28 14:03:00,-3558.75,2793.75,-765.0
2024-03-28 14:04:00,-4008.75,2906.25,-1102.5
2024-03-28 14:05:00,-3738.75,2846.25,-892.5
2024-03-28 14:06:00,-3513.75,2752.5,-761.25
2024-03-28 14:07:00,-4012.5,2970.0,-1042.5
2024-03-28 14:08:00,-5223.75,3112.5,-2111.25
2024-03-28 14:09:00,-4785.0,3168.75,-1616.25
2024-03-28 14:10:00,-4860.0,3168.75,-1691.25
2024-03-28 14:11:00,-5268.75,3420.0,-1848.75
2024-03-28 14:12:00,-5673.75,3678.75,-1995.0
2024-03-28 14:13:00,-5748.75,3491.25,-2257.5
2024-03-28 14:14:00,-5587.5,3476.25,-2111.25
2024-03-28 14:15:00,-6798.75,3933.75,-2865.0
2024-03-28 14:16:00,-6318.75,3566.25,-2752.5
2024-03-28 14:17:00,-6446.25,3678.75,-2767.5
2024-03-28 14:18:00,-7166.25,3896.25,-3270.0
2024-03-28 14:19:00,-7297.5,3843.75,-3453.75
2024-03-28 14:20:00,-8010.0,4053.75,-3956.25
2024-03-28 14:21:00,-7927.5,3941.25,-3986.25
2024-03-28 14:22:00,-7837.5,3806.25,-4031.25
2024-03-28 14:23:00,-7886.25,3813.75,-4072.5
2024-03-28 14:24:00,-7665.0,3776.25,-3888.75
2024-03-28 14:25:00,-6791.25,3626.25,-3165.0
2024-03-28 14:26:00,-7297.5,3693.75,-3603.75
2024-03-28 14:27:00,-7717.5,3933.75,-3783.75
2024-03-28 14:28:00,-7252.5,3783.75,-3468.75
2024-03-28 14:29:00,-7346.25,3821.25,-3525.0
2024-03-28 14:30:00,-7841.25,4038.75,-3802.5
2024-03-28 14:31:00,-7548.75,3948.75,-3600.0
2024-03-28 14:32:00,-8182.5,4233.75,-3948.75
2024-03-28 14:33:00,-7923.75,4053.75,-3870.0
2024-03-28 14:34:00,-7743.75,4091.25,-3652.5
2024-03-28 14:35:00,-7860.0,4346.25,-3513.75
2024-03-28 14:36:00,-7631.25,4248.75,-3382.5
2024-03-28 14:37:00,-7113.75,4091.25,-3022.5
2024-03-28 14:38:00,-7091.25,4008.75,-3082.5
2024-03-28 14:39:00,-8148.75,4563.75,-3585.0
2024-03-28 14:40:00,-8160.0,4623.75,-3536.25
2024-03-28 14:41:00,-7758.75,4571.25,-3187.5
2024-03-28 14:42:00,-7953.75,4833.75,-3120.0
2024-03-28 14:43:00,-8032.5,4923.75,-3108.75
2024-03-28 14:44:00,-7597.5,4923.75,-2673.75
2024-03-28 14:45:00,-7117.5,4773.75,-2343.75
2024-03-28 14:46:00,-6618.75,4601.25,-2017.5
2024-03-28 14:47:00,-6551.25,4556.25,-1995.0
2024-03-28 14:48:00,-6142.5,4323.75,-1818.75
2024-03-28 14:49:00,-6262.5,4353.75,-1908.75
2024-03-28 14:50:00,-6442.5,4406.25,-2036.25
2024-03-28 14:51:00,-6300.0,4323.75,-1976.25
2024-03-28 14:52:00,-6498.75,4601.25,-1897.5
2024-03-28 14:53:00,-6742.5,4856.25,-1886.25
2024-03-28 14:54:00,-6108.75,4571.25,-1537.5
2024-03-28 14:55:00,-5977.5,4293.75,-1683.75
2024-03-28 14:56:00,-5872.5,4256.25,-1616.25
2024-03-28 14:57:00,-5572.5,3836.25,-1736.25
2024-03-28 14:58:00,-5490.0,4203.75,-1286.25
2024-03-28 14:59:00,-5321.25,3498.75,-1822.5
2024-03-28 15:00:00,-5208.75,2981.25,-2227.5
2024-03-28 15:01:00,-5171.25,1496.25,-3675.0
2024-03-28 15:02:00,-5145.0,1616.25,-3528.75
2024-03-28 15:03:00,-5092.5,-2651.25,-7743.75
2024-03-28 15:04:00,-5092.5,-3056.25,-8148.75
2024-03-28 15:05:00,-5081.25,-5943.75,-11025.0
2024-03-28 15:06:00,-5115.0,-3821.25,-8936.25
2024-03-28 15:07:00,-5085.0,-7443.75,-12528.75
2024-03-28 15:08:00,-5088.75,-13886.25,-18975.0
2024-03-28 15:09:00,-5077.5,-17928.75,-23006.25
2024-03-28 15:10:00,-5073.75,-19458.75,-24532.5
2024-03-28 15:11:00,-5070.0,-19248.75,-24318.75
2024-03-28 15:12:00,-5070.0,-16691.25,-21761.25
2024-03-28 15:13:00,-5073.75,-15536.25,-20610.0
2024-03-28 15:14:00,-5070.0,-17088.75,-22158.75
2024-03-28 15:15:00,-5073.75,-19233.75,-24307.5
2024-03-28 15:16:00,-5070.0,-19196.25,-24266.25
2024-03-28 15:17:00,-5073.75,-18333.75,-23407.5
2024-03-28 15:18:00,-5066.25,-15858.75,-20925.0
2024-03-28 15:19:00,-5066.25,-14448.75,-19515.0
2024-03-28 15:20:00,-5062.5,-14868.75,-19931.25
2024-03-28 15:21:00,-5062.5,-14868.75,-19931.25
2024-03-28 15:22:00,-5062.5,-14868.75,-19931.25
2024-03-28 15:23:00,-5062.5,-14868.75,-19931.25
2024-03-28 15:24:00,-5062.5,-14868.75,-19931.25
2024-03-28 15:25:00,-5062.5,-14868.75,-19931.25
2024-03-28 15:26:00,-5062.5,-14868.75,-19931.25
2024-03-28 15:27:00,-5062.5,-14868.75,-19931.25
2024-03-28 15:28:00,-5062.5,-14868.75,-19931.25
2024-03-28 15:29:00,-5062.5,-14868.75,-19931.25
2024-03-28 15:30:00,-5062.5,-14868.75,-19931.25
2024-04-04 10:15:00,0.0,0.0,0.0
2024-04-04 10:16:00,-101.25,802.5,701.25
2024-04-04 10:17:00,-153.75,952.5,798.75
2024-04-04 10:18:00,-281.25,1226.25,945.0
2024-04-04 10:19:00,-333.75,1323.75,990.0
2024-04-04 10:20:00,-918.75,1773.75,855.0
2024-04-04 10:21:00,-956.25,1845.0,888.75
2024-04-04 10:22:00,-738.75,1691.25,952.5
2024-04-04 10:23:00,-1068.75,1908.75,840.0
2024-04-04 10:24:00,-1188.75,2040.0,851.25
2024-04-04 10:25:00,-963.75,1946.25,982.5
2024-04-04 10:26:00,-1188.75,2002.5,813.75
2024-04-04 10:27:00,-802.5,1841.25,1038.75
2024-04-04 10:28:00,-618.75,1732.5,1113.75
2024-04-04 10:29:00,-408.75,1582.5,1173.75
2024-04-04 10:30:00,-330.0,1672.5,1342.5
2024-04-04 10:31:00,-296.25,1725.0,1428.75
2024-04-04 10:32:00,-423.75,1848.75,1425.0
2024-04-04 10:33:00,-401.25,1860.0,1458.75
2024-04-04 10:34:00,-251.25,1732.5,1481.25
2024-04-04 10:35:00,-247.5,1740.0,1492.5
2024-04-04 10:36:00,-266.25,1785.0,1518.75
2024-04-04 10:37:00,-266.25,1755.0,1488.75
2024-04-04 10:38:00,-266.25,1736.25,1470.0
2024-04-04 10:39:00,-375.0,1837.5,1462.5
2024-04-04 10:40:00,-307.5,1818.75,1511.25
2024-04-04 10:41:00,-438.75,2021.25,1582.5
2024-04-04 10:42:00,-476.25,2073.75,1597.5
2024-04-04 10:43:00,-450.0,2043.75,1593.75
2024-04-04 10:44:00,-232.5,1950.0,1717.5
2024-04-04 10:45:00,-26.25,1803.75,1777.5
2024-04-04 10:46:00,-142.5,1890.0,1747.5
2024-04-04 10:47:00,-127.5,1856.25,1728.75
2024-04-04 10:48:00,-176.25,1972.5,1796.25
2024-04-04 10:49:00,-150.0,1983.75,1833.75
2024-04-04 10:50:00,-56.25,1953.75,1897.5
2024-04-04 10:51:00,-41.25,1916.25,1875.0
2024-04-04 10:52:00,97.5,1837.5,1935.0
2024-04-04 10:53:00,637.5,-161.25,476.25
2024-04-04 10:54:00,746.25,-2115.0,-1368.75
2024-04-04 10:55:00,791.25,-2238.75,-1447.5
2024-04-04 10:56:00,626.25,-1080.0,-453.75
2024-04-04 10:57:00,705.0,-888.75,-183.75
2024-04-04 10:58:00,558.75,-296.25,262.5
2024-04-04 10:59:00,483.75,191.25,675.0
2024-04-04 11:00:00,480.0,483.75,963.75
2024-04-04 11:01:00,442.5,761.25,1203.75
2024-04-04 11:02:00,555.0,446.25,1001.25
2024-04-04 11:03:00,648.75,266.25,915.0
2024-04-04 11:04:00,645.0,172.5,817.5
2024-04-04 11:05:00,581.25,423.75,1005.0
2024-04-04 11:06:00,611.25,333.75,945.0
2024-04-04 11:07:00,712.5,-705.0,7.5
2024-04-04 11:08:00,622.5,180.0,802.5
2024-04-04 11:09:00,521.25,562.5,1083.75
2024-04-04 11:10:00,551.25,502.5,1053.75
2024-04-04 11:11:00,547.5,547.5,1095.0
2024-04-04 11:12:00,536.25,588.75,1125.0
2024-04-04 11:13:00,577.5,581.25,1158.75
2024-04-04 11:14:00,-375.0,1357.5,982.5
2024-04-04 11:15:00,-1110.0,1878.75,768.75
2024-04-04 11:16:00,-596.25,1875.0,1278.75
2024-04-04 11:17:00,-532.5,1920.0,1387.5
2024-04-04 11:18:00,-626.25,2081.25,1455.0
2024-04-04 11:19:00,-427.5,2043.75,1616.25
2024-04-04 11:20:00,-547.5,2081.25,1533.75
2024-04-04 11:21:00,-465.0,2036.25,1571.25
2024-04-04 11:22:00,-326.25,2006.25,1680.0
2024-04-04 11:23:00,-41.25,1871.25,1830.0
2024-04-04 11:24:00,67.5,1815.0,1882.5
2024-04-04 11:25:00,67.5,1736.25,1803.75
2024-04-04 11:26:00,-116.25,1848.75,1732.5
2024-04-04 11:27:00,-198.75,1897.5,1698.75
2024-04-04 11:28:00,-318.75,1991.25,1672.5
2024-04-04 11:29:00,-165.0,1946.25,1781.25
2024-04-04 11:30:00,-7.5,1905.0,1897.5
2024-04-04 11:31:00,-131.25,1942.5,1811.25
2024-04-04 11:32:00,-206.25,2010.0,1803.75
2024-04-04 11:33:00,-11.25,1860.0,1848.75
2024-04-04 11:34:00,506.25,390.0,896.25
2024-04-04 11:35:00,540.0,423.75,963.75
2024-04-04 11:36:00,450.0,798.75,1248.75
2024-04-04 11:37:00,311.25,1275.0,1586.25
2024-04-04 11:38:00,401.25,1301.25,1702.5
2024-04-04 11:39:00,378.75,1410.0,1788.75
2024-04-04 11:40:00,375.0,1395.0,1770.0
2024-04-04 11:41:00,472.5,1008.75,1481.25
2024-04-04 11:42:00,247.5,1537.5,1785.0
2024-04-04 11:43:00,221.25,1631.25,1852.5
2024-04-04 11:44:00,281.25,1511.25,1792.5
2024-04-04 11:45:00,236.25,1631.25,1867.5
2024-04-04 11:46:00,243.75,1537.5,1781.25
2024-04-04 11:47:00,198.75,1586.25,1785.0
2024-04-04 11:48:00,33.75,1728.75,1762.5
2024-04-04 11:49:00,26.25,1691.25,1717.5
2024-04-04 11:50:00,-513.75,1897.5,1383.75
2024-04-04 11:51:00,-536.25,1983.75,1447.5
2024-04-04 11:52:00,-78.75,1867.5,1788.75
2024-04-04 11:53:00,-18.75,1755.0,1736.25
2024-04-04 11:54:00,-131.25,1833.75,1702.5
2024-04-04 11:55:00,-180.0,1890.0,1710.0
2024-04-04 11:56:00,30.0,1541.25,1571.25
2024-04-04 11:57:00,187.5,1567.5,1755.0
2024-04-04 11:58:00,266.25,1440.0,1706.25
2024-04-04 11:59:00,337.5,1338.75,1676.25
2024-04-04 12:00:00,180.0,1575.0,1755.0
2024-04-04 12:01:00,198.75,1657.5,1856.25
2024-04-04 12:02:00,75.0,1807.5,1882.5
2024-04-04 12:03:00,105.0,1796.25,1901.25
2024-04-04 12:04:00,296.25,1518.75,1815.0
2024-04-04 12:05:00,258.75,1500.0,1758.75
2024-04-04 12:06:00,180.0,1638.75,1818.75
2024-04-04 12:07:00,93.75,1747.5,1841.25
2024-04-04 12:08:00,63.75,1758.75,1822.5
2024-04-04 12:09:00,52.5,1766.25,1818.75
2024-04-04 12:10:00,15.0,1800.0,1815.0
2024-04-04 12:11:00,228.75,1571.25,1800.0
2024-04-04 12:12:00,-221.25,1882.5,1661.25
2024-04-04 12:13:00,180.0,1661.25,1841.25
2024-04-04 12:14:00,213.75,1623.75,1837.5
2024-04-04 12:15:00,236.25,1590.0,1826.25
2024-04-04 12:16:00,277.5,1533.75,1811.25
2024-04-04 12:17:00,277.5,1541.25,1818.75
2024-04-04 12:18:00,247.5,1545.0,1792.5
2024-04-04 12:19:00,187.5,1627.5,1815.0
2024-04-04 12:20:00,150.0,1740.0,1890.0
2024-04-04 12:21:00,90.0,1766.25,1856.25
2024-04-04 12:22:00,86.25,1736.25,1822.5
2024-04-04 12:23:00,90.0,1728.75,1818.75
2024-04-04 12:24:00,90.0,1713.75,1803.75
2024-04-04 12:25:00,131.25,1725.0,1856.25
2024-04-04 12:26:00,75.0,1788.75,1863.75
2024-04-04 12:27:00,93.75,1755.0,1848.75
2024-04-04 12:28:00,202.5,1631.25,1833.75
2024-04-04 12:29:00,127.5,1680.0,1807.5
2024-04-04 12:30:00,108.75,1777.5,1886.25
2024-04-04 12:31:00,90.0,1800.0,1890.0
2024-04-04 12:32:00,-37.5,1897.5,1860.0
2024-04-04 12:33:00,-142.5,1995.0,1852.5
2024-04-04 12:34:00,-345.0,2073.75,1728.75
2024-04-04 12:35:00,90.0,1901.25,1991.25
2024-04-04 12:36:00,0.0,2006.25,2006.25
2024-04-04 12:37:00,45.0,1991.25,2036.25
2024-04-04 12:38:00,-198.75,2141.25,1942.5
2024-04-04 12:39:00,-288.75,2242.5,1953.75
2024-04-04 12:40:00,-521.25,2321.25,1800.0
2024-04-04 12:41:00,-442.5,2377.5,1935.0
2024-04-04 12:42:00,-352.5,2362.5,2010.0
2024-04-04 12:43:00,-1042.5,2535.0,1492.5
2024-04-04 12:44:00,-2021.25,2685.0,663.75
2024-04-04 12:45:00,-2092.5,2748.75,656.25
2024-04-04 12:46:00,-1912.5,2591.25,678.75
2024-04-04 12:47:00,-2718.75,2910.0,191.25
2024-04-04 12:48:00,-2325.0,2925.0,600.0
2024-04-04 12:49:00,-2456.25,3052.5,596.25
2024-04-04 12:50:00,-2411.25,2962.5,551.25
2024-04-04 12:51:00,-2220.0,2842.5,622.5
2024-04-04 12:52:00,-2433.75,2947.5,513.75
2024-04-04 12:53:00,-2741.25,3262.5,521.25
2024-04-04 12:54:00,-2737.5,3240.0,502.5
2024-04-04 12:55:00,-2820.0,3416.25,596.25
2024-04-04 12:56:00,-2407.5,3120.0,712.5
2024-04-04 12:57:00,-2553.75,3232.5,678.75
2024-04-04 12:58:00,-2096.25,2917.5,821.25
2024-04-04 12:59:00,-1548.75,2655.0,1106.25
2024-04-04 13:00:00,-1871.25,3101.25,1230.0
2024-04-04 13:01:00,-2220.0,3420.0,1200.0
2024-04-04 13:02:00,-1983.75,3247.5,1263.75
2024-04-04 13:03:00,-2043.75,3225.0,1181.25
2024-04-04 13:04:00,-1706.25,2988.75,1282.5
2024-04-04 13:05:00,-1335.0,2707.5,1372.5
2024-04-04 13:06:00,-1612.5,2985.0,1372.5
2024-04-04 13:07:00,-1665.0,3097.5,1432.5
2024-04-04 13:08:00,-1912.5,3352.5,1440.0
2024-04-04 13:09:00,-1886.25,3296.25,1410.0
2024-04-04 13:10:00,-1976.25,3412.5,1436.25
2024-04-04 13:11:00,-2313.75,3603.75,1290.0
2024-04-04 13:12:00,-2062.5,3446.25,1383.75
2024-04-04 13:13:00,-1668.75,3228.75,1560.0
2024-04-04 13:14:00,-2235.0,3622.5,1387.5
2024-04-04 13:15:00,-2542.5,3675.0,1132.5
2024-04-04 13:16:00,-2677.5,3795.0,1117.5
2024-04-04 13:17:00,-2613.75,3858.75,1245.0
2024-04-04 13:18:00,-2666.25,3885.0,1218.75
2024-04-04 13:19:00,-2535.0,3873.75,1338.75
2024-04-04 13:20:00,-2055.0,3678.75,1623.75
2024-04-04 13:21:00,-1957.5,3618.75,1661.25
2024-04-04 13:22:00,-2310.0,3847.5,1537.5
2024-04-04 13:23:00,-4443.75,4248.75,-195.0
2024-04-04 13:24:00,-4743.75,4608.75,-135.0
2024-04-04 13:25:00,-5295.0,4702.5,-592.5
2024-04-04 13:26:00,-5343.75,4608.75,-735.0
2024-04-04 13:27:00,-5407.5,4638.75,-768.75
2024-04-04 13:28:00,-6041.25,4796.25,-1245.0
2024-04-04 13:29:00,-5951.25,4800.0,-1151.25
2024-04-04 13:30:00,-5846.25,4815.0,-1031.25
2024-04-04 13:31:00,-5703.75,4815.0,-888.75
2024-04-04 13:32:00,-6768.75,4983.75,-1785.0
2024-04-04 13:33:00,-6787.5,5062.5,-1725.0
2024-04-04 13:34:00,-6258.75,5017.5,-1241.25
2024-04-04 13:35:00,-6097.5,4965.0,-1132.5
2024-04-04 13:36:00,-6161.25,4968.75,-1192.5
2024-04-04 13:37:00,-5973.75,4946.25,-1027.5
2024-04-04 13:38:00,-6183.75,4983.75,-1200.0
2024-04-04 13:39:00,-6146.25,4968.75,-1177.5
2024-04-04 13:40:00,-6101.25,4983.75,-1117.5
2024-04-04 13:41:00,-5640.0,4912.5,-727.5
2024-04-04 13:42:00,-5580.0,4848.75,-731.25
2024-04-04 13:43:00,-5685.0,4912.5,-772.5
2024-04-04 13:44:00,-5775.0,4976.25,-798.75
2024-04-04 13:45:00,-5411.25,4878.75,-532.5
2024-04-04 13:46:00,-5036.25,4537.5,-498.75
2024-04-04 13:47:00,-4998.75,4556.25,-442.5
2024-04-04 13:48:00,-5070.0,4721.25,-348.75
2024-04-04 13:49:00,-5017.5,4601.25,-416.25
2024-04-04 13:50:00,-5190.0,4882.5,-307.5
2024-04-04 13:51:00,-5092.5,4762.5,-330.0
2024-04-04 13:52:00,-4792.5,3817.5,-975.0
2024-04-04 13:53:00,-4848.75,4428.75,-420.0
2024-04-04 13:54:00,-4878.75,4653.75,-225.0
2024-04-04 13:55:00,-4848.75,4526.25,-322.5
2024-04-04 13:56:00,-4890.0,4665.0,-225.0
2024-04-04 13:57:00,-4852.5,4560.0,-292.5
2024-04-04 13:58:00,-4878.75,4683.75,-195.0
2024-04-04 13:59:00,-4976.25,4766.25,-210.0
2024-04-04 14:00:00,-4875.0,4698.75,-176.25
2024-04-04 14:01:00,-4950.0,4785.0,-165.0
2024-04-04 14:02:00,-5043.75,4957.5,-86.25
2024-04-04 14:03:00,-5625.0,5107.5,-517.5
2024-04-04 14:04:00,-5156.25,5043.75,-112.5
2024-04-04 14:05:00,-5171.25,5066.25,-105.0
2024-04-04 14:06:00,-5306.25,5100.0,-206.25
2024-04-04 14:07:00,-5306.25,5092.5,-213.75
2024-04-04 14:08:00,-5010.0,5013.75,3.75
2024-04-04 14:09:00,-4942.5,4995.0,52.5
2024-04-04 14:10:00,-4920.0,5006.25,86.25
2024-04-04 14:11:00,-4980.0,5092.5,112.5
2024-04-04 14:12:00,-4920.0,5036.25,116.25
2024-04-04 14:13:00,-4848.75,4968.75,120.0
2024-04-04 14:14:00,-4890.0,5051.25,161.25
2024-04-04 14:15:00,-4901.25,5025.0,123.75
2024-04-04 14:16:00,-4886.25,5010.0,123.75
2024-04-04 14:17:00,-4905.0,5062.5,157.5
2024-04-04 14:18:00,-5028.75,5178.75,150.0
2024-04-04 14:19:00,-5032.5,5182.5,150.0
2024-04-04 14:20:00,-5085.0,5212.5,127.5
2024-04-04 14:21:00,-4912.5,5163.75,251.25
2024-04-04 14:22:00,-4837.5,5118.75,281.25
2024-04-04 14:23:00,-4912.5,5197.5,285.0
2024-04-04 14:24:00,-5006.25,5280.0,273.75
2024-04-04 14:25:00,-4953.75,5250.0,296.25
2024-04-04 14:26:00,-4875.0,5212.5,337.5
2024-04-04 14:27:00,-4867.5,5208.75,341.25
2024-04-04 14:28:00,-4950.0,5280.0,330.0
2024-04-04 14:29:00,-4995.0,5295.0,300.0
2024-04-04 14:30:00,-5182.5,5336.25,153.75
2024-04-04 14:31:00,-4935.0,5310.0,375.0
2024-04-04 14:32:00,-4998.75,5306.25,307.5
2024-04-04 14:33:00,-5160.0,5373.75,213.75
2024-04-04 14:34:00,-5043.75,5388.75,345.0
2024-04-04 14:35:00,-4983.75,5381.25,397.5
2024-04-04 14:36:00,-5100.0,5437.5,337.5
2024-04-04 14:37:00,-4991.25,5426.25,435.0
2024-04-04 14:38:00,-4758.75,5291.25,532.5
2024-04-04 14:39:00,-4713.75,5321.25,607.5
2024-04-04 14:40:00,-4800.0,5467.5,667.5
2024-04-04 14:41:00,-4882.5,5460.0,577.5
2024-04-04 14:42:00,-4908.75,5467.5,558.75
2024-04-04 14:43:00,-4848.75,5497.5,648.75
2024-04-04 14:44:00,-4916.25,5512.5,596.25
2024-04-04 14:45:00,-4995.0,5546.25,551.25
2024-04-04 14:46:00,-4826.25,5527.5,701.25
2024-04-04 14:47:00,-4886.25,5538.75,652.5
2024-04-04 14:48:00,-4912.5,5546.25,633.75
2024-04-04 14:49:00,-4863.75,5550.0,686.25
2024-04-04 14:50:00,-4710.0,5531.25,821.25
2024-04-04 14:51:00,-4728.75,5550.0,821.25
2024-04-04 14:52:00,-4593.75,5310.0,716.25
2024-04-04 14:53:00,-4533.75,5355.0,821.25
2024-04-04 14:54:00,-4590.0,5505.0,915.0
2024-04-04 14:55:00,-4545.0,5433.75,888.75
2024-04-04 14:56:00,-4507.5,5377.5,870.0
2024-04-04 14:57:00,-4515.0,5426.25,911.25
2024-04-04 14:58:00,-4496.25,5411.25,915.0
2024-04-04 14:59:00,-4488.75,5388.75,900.0
2024-04-04 15:00:00,-4462.5,5373.75,911.25
2024-04-04 15:01:00,-4443.75,4976.25,532.5
2024-04-04 15:02:00,-4443.75,5287.5,843.75
2024-04-04 15:03:00,-4440.0,5557.5,1117.5
2024-04-04 15:04:00,-4432.5,5448.75,1016.25
2024-04-04 15:05:00,-4425.0,5583.75,1158.75
2024-04-04 15:06:00,-4425.0,5647.5,1222.5
2024-04-04 15:07:00,-4425.0,5662.5,1237.5
2024-04-04 15:08:00,-4417.5,5666.25,1248.75
2024-04-04 15:09:00,-4421.25,5666.25,1245.0
2024-04-04 15:10:00,-4417.5,5685.0,1267.5
2024-04-04 15:11:00,-4417.5,5685.0,1267.5
2024-04-04 15:12:00,-4417.5,5688.75,1271.25
2024-04-04 15:13:00,-4413.75,5688.75,1275.0
2024-04-04 15:14:00,-4413.75,5688.75,1275.0
2024-04-04 15:15:00,-4413.75,5696.25,1282.5
2024-04-04 15:16:00,-4417.5,5688.75,1271.25
2024-04-04 15:17:00,-4417.5,5696.25,1278.75
2024-04-04 15:18:00,-4410.0,5700.0,1290.0
2024-04-04 15:19:00,-4410.0,5703.75,1293.75
2024-04-04 15:20:00,-4413.75,5700.0,1286.25
2024-04-04 15:21:00,-4413.75,5700.0,1286.25
2024-04-04 15:22:00,-4413.75,5700.0,1286.25
2024-04-04 15:23:00,-4413.75,5700.0,1286.25
2024-04-04 15:24:00,-4413.75,5700.0,1286.25
2024-04-04 15:25:00,-4413.75,5700.0,1286.25
2024-04-04 15:26:00,-4413.75,5700.0,1286.25
2024-04-04 15:27:00,-4413.75,5700.0,1286.25
2024-04-04 15:28:00,-4413.75,5700.0,1286.25
2024-04-04 15:29:00,-4413.75,5700.0,1286.25
2024-04-04 15:30:00,-4413.75,5700.0,1286.25
2024-04-10 10:15:00,0.0,0.0,0.0
2024-04-10 10:16:00,-26.25,-3.75,-30.0
2024-04-10 10:17:00,-26.25,45.0,18.75
2024-04-10 10:18:00,120.0,-56.25,63.75
2024-04-10 10:19:00,157.5,-93.75,63.75
2024-04-10 10:20:00,108.75,-56.25,52.5
2024-04-10 10:21:00,183.75,-138.75,45.0
2024-04-10 10:22:00,120.0,-41.25,78.75
2024-04-10 10:23:00,367.5,-236.25,131.25
2024-04-10 10:24:00,431.25,-251.25,180.0
2024-04-10 10:25:00,315.0,-75.0,240.0
2024-04-10 10:26:00,303.75,-60.0,243.75
2024-04-10 10:27:00,258.75,-22.5,236.25
2024-04-10 10:28:00,273.75,-37.5,236.25
2024-04-10 10:29:00,255.0,-3.75,251.25
2024-04-10 10:30:00,506.25,-191.25,315.0
2024-04-10 10:31:00,427.5,15.0,442.5
2024-04-10 10:32:00,341.25,123.75,465.0
2024-04-10 10:33:00,315.0,75.0,390.0
2024-04-10 10:34:00,296.25,86.25,382.5
2024-04-10 10:35:00,251.25,127.5,378.75
2024-04-10 10:36:00,232.5,195.0,427.5
2024-04-10 10:37:00,315.0,135.0,450.0
2024-04-10 10:38:00,217.5,183.75,401.25
2024-04-10 10:39:00,206.25,180.0,386.25
2024-04-10 10:40:00,285.0,157.5,442.5
2024-04-10 10:41:00,277.5,161.25,438.75
2024-04-10 10:42:00,450.0,97.5,547.5
2024-04-10 10:43:00,273.75,180.0,453.75
2024-04-10 10:44:00,397.5,105.0,502.5
2024-04-10 10:45:00,341.25,198.75,540.0
2024-04-10 10:46:00,367.5,198.75,566.25
2024-04-10 10:47:00,356.25,213.75,570.0
2024-04-10 10:48:00,386.25,165.0,551.25
2024-04-10 10:49:00,401.25,123.75,525.0
2024-04-10 10:50:00,416.25,183.75,600.0
2024-04-10 10:51:00,378.75,198.75,577.5
2024-04-10 10:52:00,393.75,191.25,585.0
2024-04-10 10:53:00,427.5,135.0,562.5
2024-04-10 10:54:00,427.5,168.75,596.25
2024-04-10 10:55:00,495.0,138.75,633.75
2024-04-10 10:56:00,506.25,120.0,626.25
2024-04-10 10:57:00,442.5,180.0,622.5
2024-04-10 10:58:00,487.5,183.75,671.25
2024-04-10 10:59:00,465.0,198.75,663.75
2024-04-10 11:00:00,472.5,281.25,753.75
2024-04-10 11:01:00,427.5,405.0,832.5
2024-04-10 11:02:00,397.5,390.0,787.5
2024-04-10 11:03:00,386.25,397.5,783.75
2024-04-10 11:04:00,318.75,427.5,746.25
2024-04-10 11:05:00,270.0,495.0,765.0
2024-04-10 11:06:00,236.25,483.75,720.0
2024-04-10 11:07:00,176.25,521.25,697.5
2024-04-10 11:08:00,243.75,457.5,701.25
2024-04-10 11:09:00,266.25,502.5,768.75
2024-04-10 11:10:00,311.25,465.0,776.25
2024-04-10 11:11:00,352.5,453.75,806.25
2024-04-10 11:12:00,326.25,453.75,780.0
2024-04-10 11:13:00,367.5,438.75,806.25
2024-04-10 11:14:00,356.25,461.25,817.5
2024-04-10 11:15:00,401.25,453.75,855.0
2024-04-10 11:16:00,600.0,393.75,993.75
2024-04-10 11:17:00,611.25,393.75,1005.0
2024-04-10 11:18:00,648.75,371.25,1020.0
2024-04-10 11:19:00,671.25,307.5,978.75
2024-04-10 11:20:00,787.5,255.0,1042.5
2024-04-10 11:21:00,843.75,-33.75,810.0
2024-04-10 11:22:00,933.75,-22.5,911.25
2024-04-10 11:23:00,911.25,-101.25,810.0
2024-04-10 11:24:00,873.75,-52.5,821.25
2024-04-10 11:25:00,1001.25,-461.25,540.0
2024-04-10 11:26:00,956.25,-232.5,723.75
2024-04-10 11:27:00,941.25,-150.0,791.25
2024-04-10 11:28:00,926.25,-33.75,892.5
2024-04-10 11:29:00,997.5,-247.5,750.0
2024-04-10 11:30:00,956.25,-120.0,836.25
2024-04-10 11:31:00,933.75,-71.25,862.5
2024-04-10 11:32:00,933.75,-165.0,768.75
2024-04-10 11:33:00,888.75,-48.75,840.0
2024-04-10 11:34:00,780.0,378.75,1158.75
2024-04-10 11:35:00,855.0,307.5,1162.5
2024-04-10 11:36:00,888.75,236.25,1125.0
2024-04-10 11:37:00,851.25,333.75,1185.0
2024-04-10 11:38:00,930.0,281.25,1211.25
2024-04-10 11:39:00,881.25,311.25,1192.5
2024-04-10 11:40:00,982.5,232.5,1215.0
2024-04-10 11:41:00,1035.0,45.0,1080.0
2024-04-10 11:42:00,1001.25,90.0,1091.25
2024-04-10 11:43:00,1008.75,63.75,1072.5
2024-04-10 11:44:00,997.5,67.5,1065.0
2024-04-10 11:45:00,1016.25,71.25,1087.5
2024-04-10 11:46:00,1061.25,-41.25,1020.0
2024-04-10 11:47:00,1061.25,-33.75,1027.5
2024-04-10 11:48:00,1012.5,153.75,1166.25
2024-04-10 11:49:00,978.75,273.75,1252.5
2024-04-10 11:50:00,1057.5,157.5,1215.0
2024-04-10 11:51:00,1140.0,-11.25,1128.75
2024-04-10 11:52:00,1151.25,-11.25,1140.0
2024-04-10 11:53:00,1083.75,273.75,1357.5
2024-04-10 11:54:00,1031.25,262.5,1293.75
2024-04-10 11:55:00,1046.25,225.0,1271.25
2024-04-10 11:56:00,1027.5,266.25,1293.75
2024-04-10 11:57:00,993.75,345.0,1338.75
2024-04-10 11:58:00,1008.75,281.25,1290.0
2024-04-10 11:59:00,1098.75,228.75,1327.5
2024-04-10 12:00:00,1068.75,262.5,1331.25
2024-04-10 12:01:00,1035.0,292.5,1327.5
2024-04-10 12:02:00,1027.5,270.0,1297.5
2024-04-10 12:03:00,1008.75,296.25,1305.0
2024-04-10 12:04:00,956.25,397.5,1353.75
2024-04-10 12:05:00,933.75,420.0,1353.75
2024-04-10 12:06:00,900.0,450.0,1350.0
2024-04-10 12:07:00,881.25,435.0,1316.25
2024-04-10 12:08:00,1023.75,371.25,1395.0
2024-04-10 12:09:00,1005.0,382.5,1387.5
2024-04-10 12:10:00,952.5,420.0,1372.5
2024-04-10 12:11:00,1035.0,360.0,1395.0
2024-04-10 12:12:00,963.75,416.25,1380.0
2024-04-10 12:13:00,1027.5,363.75,1391.25
2024-04-10 12:14:00,1038.75,356.25,1395.0
2024-04-10 12:15:00,1005.0,435.0,1440.0
2024-04-10 12:16:00,1083.75,307.5,1391.25
2024-04-10 12:17:00,1125.0,277.5,1402.5
2024-04-10 12:18:00,1091.25,341.25,1432.5
2024-04-10 12:19:00,1076.25,367.5,1443.75
2024-04-10 12:20:00,1106.25,292.5,1398.75
2024-04-10 12:21:00,1061.25,367.5,1428.75
2024-04-10 12:22:00,1087.5,348.75,1436.25
2024-04-10 12:23:00,1087.5,341.25,1428.75
2024-04-10 12:24:00,1087.5,345.0,1432.5
2024-04-10 12:25:00,1098.75,333.75,1432.5
2024-04-10 12:26:00,1121.25,296.25,1417.5
2024-04-10 12:27:00,1181.25,285.0,1466.25
2024-04-10 12:28:00,1143.75,390.0,1533.75
2024-04-10 12:29:00,1132.5,363.75,1496.25
2024-04-10 12:30:00,1136.25,382.5,1518.75
2024-04-10 12:31:00,1098.75,498.75,1597.5
2024-04-10 12:32:00,1140.0,495.0,1635.0
2024-04-10 12:33:00,1173.75,495.0,1668.75
2024-04-10 12:34:00,1203.75,442.5,1646.25
2024-04-10 12:35:00,1200.0,416.25,1616.25
2024-04-10 12:36:00,1200.0,382.5,1582.5
2024-04-10 12:37:00,1260.0,386.25,1646.25
2024-04-10 12:38:00,1252.5,397.5,1650.0
2024-04-10 12:39:00,1263.75,378.75,1642.5
2024-04-10 12:40:00,1271.25,382.5,1653.75
2024-04-10 12:41:00,1252.5,435.0,1687.5
2024-04-10 12:42:00,1286.25,375.0,1661.25
2024-04-10 12:43:00,1342.5,367.5,1710.0
2024-04-10 12:44:00,1346.25,356.25,1702.5
2024-04-10 12:45:00,1320.0,412.5,1732.5
2024-04-10 12:46:00,1327.5,401.25,1728.75
2024-04-10 12:47:00,1338.75,371.25,1710.0
2024-04-10 12:48:00,1357.5,330.0,1687.5
2024-04-10 12:49:00,1398.75,251.25,1650.0
2024-04-10 12:50:00,1376.25,318.75,1695.0
2024-04-10 12:51:00,1372.5,307.5,1680.0
2024-04-10 12:52:00,1383.75,307.5,1691.25
2024-04-10 12:53:00,1353.75,296.25,1650.0
2024-04-10 12:54:00,1353.75,322.5,1676.25
2024-04-10 12:55:00,1286.25,562.5,1848.75
2024-04-10 12:56:00,1297.5,498.75,1796.25
2024-04-10 12:57:00,1316.25,491.25,1807.5
2024-04-10 12:58:00,1350.0,472.5,1822.5
2024-04-10 12:59:00,1312.5,525.0,1837.5
2024-04-10 13:00:00,1290.0,637.5,1927.5
2024-04-10 13:01:00,1290.0,607.5,1897.5
2024-04-10 13:02:00,1278.75,588.75,1867.5
2024-04-10 13:03:00,1222.5,776.25,1998.75
2024-04-10 13:04:00,1188.75,802.5,1991.25
2024-04-10 13:05:00,1297.5,772.5,2070.0
2024-04-10 13:06:00,1327.5,750.0,2077.5
2024-04-10 13:07:00,1290.0,768.75,2058.75
2024-04-10 13:08:00,1267.5,772.5,2040.0
2024-04-10 13:09:00,1275.0,753.75,2028.75
2024-04-10 13:10:00,1248.75,768.75,2017.5
2024-04-10 13:11:00,1158.75,813.75,1972.5
2024-04-10 13:12:00,1147.5,896.25,2043.75
2024-04-10 13:13:00,1065.0,900.0,1965.0
2024-04-10 13:14:00,1072.5,885.0,1957.5
2024-04-10 13:15:00,1113.75,855.0,1968.75
2024-04-10 13:16:00,1203.75,843.75,2047.5
2024-04-10 13:17:00,1151.25,843.75,1995.0
2024-04-10 13:18:00,1065.0,870.0,1935.0
2024-04-10 13:19:00,1128.75,858.75,1987.5
2024-04-10 13:20:00,1166.25,847.5,2013.75
2024-04-10 13:21:00,1091.25,866.25,1957.5
2024-04-10 13:22:00,896.25,907.5,1803.75
2024-04-10 13:23:00,652.5,941.25,1593.75
2024-04-10 13:24:00,765.0,941.25,1706.25
2024-04-10 13:25:00,577.5,993.75,1571.25
2024-04-10 13:26:00,630.0,982.5,1612.5
2024-04-10 13:27:00,645.0,978.75,1623.75
2024-04-10 13:28:00,802.5,971.25,1773.75
2024-04-10 13:29:00,922.5,941.25,1863.75
2024-04-10 13:30:00,855.0,967.5,1822.5
2024-04-10 13:31:00,817.5,952.5,1770.0
2024-04-10 13:32:00,603.75,971.25,1575.0
2024-04-10 13:33:00,761.25,975.0,1736.25
2024-04-10 13:34:00,877.5,971.25,1848.75
2024-04-10 13:35:00,1016.25,952.5,1968.75
2024-04-10 13:36:00,896.25,956.25,1852.5
2024-04-10 13:37:00,787.5,993.75,1781.25
2024-04-10 13:38:00,840.0,986.25,1826.25
2024-04-10 13:39:00,866.25,993.75,1860.0
2024-04-10 13:40:00,810.0,1012.5,1822.5
2024-04-10 13:41:00,675.0,1027.5,1702.5
2024-04-10 13:42:00,843.75,1008.75,1852.5
2024-04-10 13:43:00,806.25,1005.0,1811.25
2024-04-10 13:44:00,723.75,1023.75,1747.5
2024-04-10 13:45:00,540.0,1065.0,1605.0
2024-04-10 13:46:00,753.75,1050.0,1803.75
2024-04-10 13:47:00,877.5,1031.25,1908.75
2024-04-10 13:48:00,1057.5,1005.0,2062.5
2024-04-10 13:49:00,1188.75,993.75,2182.5
2024-04-10 13:50:00,1192.5,978.75,2171.25
2024-04-10 13:51:00,1267.5,937.5,2205.0
2024-04-10 13:52:00,1260.0,956.25,2216.25
2024-04-10 13:53:00,1248.75,971.25,2220.0
2024-04-10 13:54:00,1185.0,1027.5,2212.5
2024-04-10 13:55:00,1155.0,1072.5,2227.5
2024-04-10 13:56:00,1027.5,1121.25,2148.75
2024-04-10 13:57:00,1050.0,1110.0,2160.0
2024-04-10 13:58:00,1042.5,1121.25,2163.75
2024-04-10 13:59:00,1008.75,1128.75,2137.5
2024-04-10 14:00:00,1005.0,1121.25,2126.25
2024-04-10 14:01:00,888.75,1128.75,2017.5
2024-04-10 14:02:00,960.0,1117.5,2077.5
2024-04-10 14:03:00,1140.0,1113.75,2253.75
2024-04-10 14:04:00,1166.25,1110.0,2276.25
2024-04-10 14:05:00,1128.75,1117.5,2246.25
2024-04-10 14:06:00,1095.0,1113.75,2208.75
2024-04-10 14:07:00,1091.25,1113.75,2205.0
2024-04-10 14:08:00,1031.25,1113.75,2145.0
2024-04-10 14:09:00,1068.75,1106.25,2175.0
2024-04-10 14:10:00,1031.25,1136.25,2167.5
2024-04-10 14:11:00,1177.5,1113.75,2291.25
2024-04-10 14:12:00,1237.5,1110.0,2347.5
2024-04-10 14:13:00,1211.25,1106.25,2317.5
2024-04-10 14:14:00,1271.25,1106.25,2377.5
2024-04-10 14:15:00,1271.25,1106.25,2377.5
2024-04-10 14:16:00,1248.75,1113.75,2362.5
2024-04-10 14:17:00,1342.5,1095.0,2437.5
2024-04-10 14:18:00,1342.5,1091.25,2433.75
2024-04-10 14:19:00,1305.0,1110.0,2415.0
2024-04-10 14:20:00,1267.5,1158.75,2426.25
2024-04-10 14:21:00,1245.0,1192.5,2437.5
2024-04-10 14:22:00,1260.0,1200.0,2460.0
2024-04-10 14:23:00,1290.0,1203.75,2493.75
2024-04-10 14:24:00,1282.5,1200.0,2482.5
2024-04-10 14:25:00,1237.5,1203.75,2441.25
2024-04-10 14:26:00,1211.25,1215.0,2426.25
2024-04-10 14:27:00,1222.5,1233.75,2456.25
2024-04-10 14:28:00,1140.0,1237.5,2377.5
2024-04-10 14:29:00,1140.0,1226.25,2366.25
2024-04-10 14:30:00,1125.0,1222.5,2347.5
2024-04-10 14:31:00,1305.0,1200.0,2505.0
2024-04-10 14:32:00,1241.25,1222.5,2463.75
2024-04-10 14:33:00,967.5,1237.5,2205.0
2024-04-10 14:34:00,1016.25,1230.0,2246.25
2024-04-10 14:35:00,1151.25,1237.5,2388.75
2024-04-10 14:36:00,1102.5,1245.0,2347.5
2024-04-10 14:37:00,1267.5,1237.5,2505.0
2024-04-10 14:38:00,1248.75,1252.5,2501.25
2024-04-10 14:39:00,1357.5,1237.5,2595.0
2024-04-10 14:40:00,1338.75,1245.0,2583.75
2024-04-10 14:41:00,1286.25,1248.75,2535.0
2024-04-10 14:42:00,1342.5,1252.5,2595.0
2024-04-10 14:43:00,1316.25,1263.75,2580.0
2024-04-10 14:44:00,1342.5,1275.0,2617.5
2024-04-10 14:45:00,1312.5,1278.75,2591.25
2024-04-10 14:46:00,1331.25,1278.75,2610.0
2024-04-10 14:47:00,1526.25,1256.25,2782.5
2024-04-10 14:48:00,1563.75,1263.75,2827.5
2024-04-10 14:49:00,1526.25,1286.25,2812.5
2024-04-10 14:50:00,1511.25,1290.0,2801.25
2024-04-10 14:51:00,1391.25,1297.5,2688.75
2024-04-10 14:52:00,1387.5,1293.75,2681.25
2024-04-10 14:53:00,1443.75,1293.75,2737.5
2024-04-10 14:54:00,1402.5,1290.0,2692.5
2024-04-10 14:55:00,1432.5,1290.0,2722.5
2024-04-10 14:56:00,1447.5,1290.0,2737.5
2024-04-10 14:57:00,1447.5,1293.75,2741.25
2024-04-10 14:58:00,1451.25,1293.75,2745.0
2024-04-10 14:59:00,1458.75,1297.5,2756.25
2024-04-10 15:00:00,1481.25,1293.75,2775.0
2024-04-10 15:01:00,1432.5,1308.75,2741.25
2024-04-10 15:02:00,1256.25,1308.75,2565.0
2024-04-10 15:03:00,1305.0,1316.25,2621.25
2024-04-10 15:04:00,1323.75,1316.25,2640.0
2024-04-10 15:05:00,900.0,1316.25,2216.25
2024-04-10 15:06:00,877.5,1308.75,2186.25
2024-04-10 15:07:00,1095.0,1312.5,2407.5
2024-04-10 15:08:00,866.25,1308.75,2175.0
2024-04-10 15:09:00,1192.5,1305.0,2497.5
2024-04-10 15:10:00,1395.0,1312.5,2707.5
2024-04-10 15:11:00,1203.75,1308.75,2512.5
2024-04-10 15:12:00,1308.75,1316.25,2625.0
2024-04-10 15:13:00,1432.5,1323.75,2756.25
2024-04-10 15:14:00,1346.25,1320.0,2666.25
2024-04-10 15:15:00,1402.5,1327.5,2730.0
2024-04-10 15:16:00,1335.0,1323.75,2658.75
2024-04-10 15:17:00,1541.25,1323.75,2865.0
2024-04-10 15:18:00,1575.0,1320.0,2895.0
2024-04-10 15:19:00,1657.5,1323.75,2981.25
2024-04-10 15:20:00,1552.5,1323.75,2876.25
2024-04-10 15:21:00,1552.5,1323.75,2876.25
2024-04-10 15:22:00,1552.5,1323.75,2876.25
2024-04-10 15:23:00,1552.5,1323.75,2876.25
2024-04-10 15:24:00,1552.5,1323.75,2876.25
2024-04-10 15:25:00,1552.5,1323.75,2876.25
2024-04-10 15:26:00,1552.5,1323.75,2876.25
2024-04-10 15:27:00,1552.5,1323.75,2876.25
2024-04-10 15:28:00,1552.5,1323.75,2876.25
2024-04-10 15:29:00,1552.5,1323.75,2876.25
2024-04-10 15:30:00,1552.5,1323.75,2876.25
2024-04-18 10:15:00,0.0,0.0,0.0
2024-04-18 10:16:00,-41.25,-142.5,-183.75
2024-04-18 10:17:00,-45.0,183.75,138.75
2024-04-18 10:18:00,-18.75,123.75,105.0
2024-04-18 10:19:00,15.0,33.75,48.75
2024-04-18 10:20:00,7.5,0.0,7.5
2024-04-18 10:21:00,71.25,-705.0,-633.75
2024-04-18 10:22:00,146.25,-551.25,-405.0
2024-04-18 10:23:00,168.75,-375.0,-206.25
2024-04-18 10:24:00,112.5,3.75,116.25
2024-04-18 10:25:00,41.25,41.25,82.5
2024-04-18 10:26:00,93.75,-273.75,-180.0
2024-04-18 10:27:00,112.5,-221.25,-108.75
2024-04-18 10:28:00,116.25,-210.0,-93.75
2024-04-18 10:29:00,120.0,-213.75,-93.75
2024-04-18 10:30:00,82.5,63.75,146.25
2024-04-18 10:31:00,90.0,-78.75,11.25
2024-04-18 10:32:00,33.75,150.0,183.75
2024-04-18 10:33:00,56.25,101.25,157.5
2024-04-18 10:34:00,11.25,225.0,236.25
2024-04-18 10:35:00,-56.25,566.25,510.0
2024-04-18 10:36:00,-33.75,390.0,356.25
2024-04-18 10:37:00,-138.75,562.5,423.75
2024-04-18 10:38:00,-213.75,652.5,438.75
2024-04-18 10:39:00,-183.75,750.0,566.25
2024-04-18 10:40:00,-127.5,656.25,528.75
2024-04-18 10:41:00,11.25,588.75,600.0
2024-04-18 10:42:00,26.25,480.0,506.25
2024-04-18 10:43:00,11.25,517.5,528.75
2024-04-18 10:44:00,-45.0,558.75,513.75
2024-04-18 10:45:00,56.25,468.75,525.0
2024-04-18 10:46:00,108.75,330.0,438.75
2024-04-18 10:47:00,146.25,300.0,446.25
2024-04-18 10:48:00,191.25,198.75,390.0
2024-04-18 10:49:00,146.25,292.5,438.75
2024-04-18 10:50:00,202.5,210.0,412.5
2024-04-18 10:51:00,221.25,187.5,408.75
2024-04-18 10:52:00,228.75,-63.75,165.0
2024-04-18 10:53:00,191.25,221.25,412.5
2024-04-18 10:54:00,296.25,7.5,303.75
2024-04-18 10:55:00,213.75,307.5,521.25
2024-04-18 10:56:00,161.25,352.5,513.75
2024-04-18 10:57:00,153.75,341.25,495.0
2024-04-18 10:58:00,123.75,472.5,596.25
2024-04-18 10:59:00,97.5,577.5,675.0
2024-04-18 11:00:00,48.75,765.0,813.75
2024-04-18 11:01:00,71.25,720.0,791.25
2024-04-18 11:02:00,86.25,678.75,765.0
2024-04-18 11:03:00,33.75,720.0,753.75
2024-04-18 11:04:00,-191.25,881.25,690.0
2024-04-18 11:05:00,-258.75,997.5,738.75
2024-04-18 11:06:00,-1488.75,1196.25,-292.5
2024-04-18 11:07:00,-2250.0,1237.5,-1012.5
2024-04-18 11:08:00,-3255.0,1320.0,-1935.0
2024-04-18 11:09:00,-2527.5,1365.0,-1162.5
2024-04-18 11:10:00,-2831.25,1443.75,-1387.5
2024-04-18 11:11:00,-4155.0,2032.5,-2122.5
2024-04-18 11:12:00,-3753.75,1785.0,-1968.75
2024-04-18 11:13:00,-3273.75,1537.5,-1736.25
2024-04-18 11:14:00,-3240.0,1605.0,-1635.0
2024-04-18 11:15:00,-3146.25,1612.5,-1533.75
2024-04-18 11:16:00,-3618.75,1875.0,-1743.75
2024-04-18 11:17:00,-3521.25,1946.25,-1575.0
2024-04-18 11:18:00,-2928.75,1537.5,-1391.25
2024-04-18 11:19:00,-2628.75,1233.75,-1395.0
2024-04-18 11:20:00,-2715.0,1357.5,-1357.5
2024-04-18 11:21:00,-2572.5,1290.0,-1282.5
2024-04-18 11:22:00,-2370.0,1143.75,-1226.25
2024-04-18 11:23:00,-2156.25,1095.0,-1061.25
2024-04-18 11:24:00,-2257.5,1196.25,-1061.25
2024-04-18 11:25:00,-3011.25,1860.0,-1151.25
2024-04-18 11:26:00,-2688.75,1545.0,-1143.75
2024-04-18 11:27:00,-2280.0,1226.25,-1053.75
2024-04-18 11:28:00,-2351.25,1230.0,-1121.25
2024-04-18 11:29:00,-2190.0,1035.0,-1155.0
2024-04-18 11:30:00,-2250.0,1102.5,-1147.5
2024-04-18 11:31:00,-2482.5,1410.0,-1072.5
2024-04-18 11:32:00,-2591.25,1541.25,-1050.0
2024-04-18 11:33:00,-2542.5,1485.0,-1057.5
2024-04-18 11:34:00,-2636.25,1511.25,-1125.0
2024-04-18 11:35:00,-2313.75,1316.25,-997.5
2024-04-18 11:36:00,-2670.0,1578.75,-1091.25
2024-04-18 11:37:00,-3131.25,1807.5,-1323.75
2024-04-18 11:38:00,-2565.0,1511.25,-1053.75
2024-04-18 11:39:00,-2703.75,1567.5,-1136.25
2024-04-18 11:40:00,-2580.0,1421.25,-1158.75
2024-04-18 11:41:00,-2628.75,1503.75,-1125.0
2024-04-18 11:42:00,-2396.25,1320.0,-1076.25
2024-04-18 11:43:00,-2238.75,1027.5,-1211.25
2024-04-18 11:44:00,-2130.0,1005.0,-1125.0
2024-04-18 11:45:00,-2463.75,1368.75,-1095.0
2024-04-18 11:46:00,-2366.25,1226.25,-1140.0
2024-04-18 11:47:00,-2257.5,1200.0,-1057.5
2024-04-18 11:48:00,-2692.5,1635.0,-1057.5
2024-04-18 11:49:00,-2272.5,1230.0,-1042.5
2024-04-18 11:50:00,-2201.25,1218.75,-982.5
2024-04-18 11:51:00,-2362.5,1323.75,-1038.75
2024-04-18 11:52:00,-2171.25,1207.5,-963.75
2024-04-18 11:53:00,-2332.5,1372.5,-960.0
2024-04-18 11:54:00,-2306.25,1443.75,-862.5
2024-04-18 11:55:00,-2591.25,1601.25,-990.0
2024-04-18 11:56:00,-2741.25,1616.25,-1125.0
2024-04-18 11:57:00,-2625.0,1560.0,-1065.0
2024-04-18 11:58:00,-3138.75,1837.5,-1301.25
2024-04-18 11:59:00,-3528.75,2580.0,-948.75
2024-04-18 12:00:00,-3900.0,2816.25,-1083.75
2024-04-18 12:01:00,-3232.5,2542.5,-690.0
2024-04-18 12:02:00,-3225.0,2448.75,-776.25
2024-04-18 12:03:00,-2985.0,2340.0,-645.0
2024-04-18 12:04:00,-3153.75,2467.5,-686.25
2024-04-18 12:05:00,-3026.25,2328.75,-697.5
2024-04-18 12:06:00,-3037.5,2325.0,-712.5
2024-04-18 12:07:00,-3000.0,2280.0,-720.0
2024-04-18 12:08:00,-2685.0,2160.0,-525.0
2024-04-18 12:09:00,-2587.5,1957.5,-630.0
2024-04-18 12:10:00,-2628.75,1983.75,-645.0
2024-04-18 12:11:00,-2992.5,2336.25,-656.25
2024-04-18 12:12:00,-3183.75,2475.0,-708.75
2024-04-18 12:13:00,-3086.25,2343.75,-742.5
2024-04-18 12:14:00,-3045.0,2291.25,-753.75
2024-04-18 12:15:00,-2865.0,2223.75,-641.25
2024-04-18 12:16:00,-3097.5,2362.5,-735.0
2024-04-18 12:17:00,-3142.5,2422.5,-720.0
2024-04-18 12:18:00,-3397.5,2538.75,-858.75
2024-04-18 12:19:00,-4882.5,3221.25,-1661.25
2024-04-18 12:20:00,-4863.75,3258.75,-1605.0
2024-04-18 12:21:00,-4863.75,3236.25,-1627.5
2024-04-18 12:22:00,-4863.75,3198.75,-1665.0
2024-04-18 12:23:00,-4863.75,3011.25,-1852.5
2024-04-18 12:24:00,-4863.75,3045.0,-1818.75
2024-04-18 12:25:00,-4863.75,2970.0,-1893.75
2024-04-18 12:26:00,-4863.75,2842.5,-2021.25
2024-04-18 12:27:00,-4863.75,2940.0,-1923.75
2024-04-18 12:28:00,-4863.75,2846.25,-2017.5
2024-04-18 12:29:00,-4863.75,3142.5,-1721.25
2024-04-18 12:30:00,-4863.75,3015.0,-1848.75
2024-04-18 12:31:00,-4863.75,2887.5,-1976.25
2024-04-18 12:32:00,-4863.75,2853.75,-2010.0
2024-04-18 12:33:00,-4863.75,2925.0,-1938.75
2024-04-18 12:34:00,-4863.75,2906.25,-1957.5
2024-04-18 12:35:00,-4863.75,2816.25,-2047.5
2024-04-18 12:36:00,-4863.75,2771.25,-2092.5
2024-04-18 12:37:00,-4863.75,2775.0,-2088.75
2024-04-18 12:38:00,-4863.75,2977.5,-1886.25
2024-04-18 12:39:00,-4863.75,3240.0,-1623.75
2024-04-18 12:40:00,-4863.75,3288.75,-1575.0
2024-04-18 12:41:00,-4863.75,3172.5,-1691.25
2024-04-18 12:42:00,-4863.75,3022.5,-1841.25
2024-04-18 12:43:00,-4863.75,3183.75,-1680.0
2024-04-18 12:44:00,-4863.75,3648.75,-1215.0
2024-04-18 12:45:00,-4863.75,3626.25,-1237.5
2024-04-18 12:46:00,-4863.75,3442.5,-1421.25
2024-04-18 12:47:00,-4863.75,3176.25,-1687.5
2024-04-18 12:48:00,-4863.75,2985.0,-1878.75
2024-04-18 12:49:00,-4863.75,3161.25,-1702.5
2024-04-18 12:50:00,-4863.75,2962.5,-1901.25
2024-04-18 12:51:00,-4863.75,3153.75,-1710.0
2024-04-18 12:52:00,-4863.75,2707.5,-2156.25
2024-04-18 12:53:00,-4863.75,2733.75,-2130.0
2024-04-18 12:54:00,-4863.75,3183.75,-1680.0
2024-04-18 12:55:00,-4863.75,2891.25,-1972.5
2024-04-18 12:56:00,-4863.75,3022.5,-1841.25
2024-04-18 12:57:00,-4863.75,3285.0,-1578.75
2024-04-18 12:58:00,-4863.75,3093.75,-1770.0
2024-04-18 12:59:00,-4863.75,3251.25,-1612.5
2024-04-18 13:00:00,-4863.75,3123.75,-1740.0
2024-04-18 13:01:00,-4863.75,3176.25,-1687.5
2024-04-18 13:02:00,-4863.75,3101.25,-1762.5
2024-04-18 13:03:00,-4863.75,2827.5,-2036.25
2024-04-18 13:04:00,-4863.75,2733.75,-2130.0
2024-04-18 13:05:00,-4863.75,2722.5,-2141.25
2024-04-18 13:06:00,-4863.75,2707.5,-2156.25
2024-04-18 13:07:00,-4863.75,3258.75,-1605.0
2024-04-18 13:08:00,-4863.75,3168.75,-1695.0
2024-04-18 13:09:00,-4863.75,2381.25,-2482.5
2024-04-18 13:10:00,-4863.75,2276.25,-2587.5
2024-04-18 13:11:00,-4863.75,2838.75,-2025.0
2024-04-18 13:12:00,-4863.75,2790.0,-2073.75
2024-04-18 13:13:00,-4863.75,2325.0,-2538.75
2024-04-18 13:14:00,-4863.75,2707.5,-2156.25
2024-04-18 13:15:00,-4863.75,2760.0,-2103.75
2024-04-18 13:16:00,-4863.75,2763.75,-2100.0
2024-04-18 13:17:00,-4863.75,3082.5,-1781.25
2024-04-18 13:18:00,-4863.75,2925.0,-1938.75
2024-04-18 13:19:00,-4863.75,2793.75,-2070.0
2024-04-18 13:20:00,-4863.75,3360.0,-1503.75
2024-04-18 13:21:00,-4863.75,3217.5,-1646.25
2024-04-18 13:22:00,-4863.75,3397.5,-1466.25
2024-04-18 13:23:00,-4863.75,3000.0,-1863.75
2024-04-18 13:24:00,-4863.75,2977.5,-1886.25
2024-04-18 13:25:00,-4863.75,2722.5,-2141.25
2024-04-18 13:26:00,-4863.75,2827.5,-2036.25
2024-04-18 13:27:00,-4863.75,-15543.75,-20407.5
2024-04-18 13:28:00,-4863.75,-27911.25,-32775.0
2024-04-18 13:29:00,-4863.75,-22136.25,-27000.0
2024-04-18 13:30:00,-4863.75,-16023.75,-20887.5
2024-04-18 13:31:00,-4863.75,-16110.0,-20973.75
2024-04-18 13:32:00,-4863.75,-13676.25,-18540.0
2024-04-18 13:33:00,-4863.75,-12285.0,-17148.75
2024-04-18 13:34:00,-4863.75,-11835.0,-16698.75
2024-04-18 13:35:00,-4863.75,-12097.5,-16961.25
2024-04-18 13:36:00,-4863.75,-12180.0,-17043.75
2024-04-18 13:37:00,-4863.75,-12573.75,-17437.5
2024-04-18 13:38:00,-4863.75,-17310.0,-22173.75
2024-04-18 13:39:00,-4863.75,-16357.5,-21221.25
2024-04-18 13:40:00,-4863.75,-13968.75,-18832.5
2024-04-18 13:41:00,-4863.75,-13286.25,-18150.0
2024-04-18 13:42:00,-4863.75,-15753.75,-20617.5
2024-04-18 13:43:00,-4863.75,-14437.5,-19301.25
2024-04-18 13:44:00,-4863.75,-14865.0,-19728.75
2024-04-18 13:45:00,-4863.75,-16008.75,-20872.5
2024-04-18 13:46:00,-4863.75,-14831.25,-19695.0
2024-04-18 13:47:00,-4863.75,-14415.0,-19278.75
2024-04-18 13:48:00,-4863.75,-13867.5,-18731.25
2024-04-18 13:49:00,-4863.75,-13462.5,-18326.25
2024-04-18 13:50:00,-4863.75,-13185.0,-18048.75
2024-04-18 13:51:00,-4863.75,-14182.5,-19046.25
2024-04-18 13:52:00,-4863.75,-12851.25,-17715.0
2024-04-18 13:53:00,-4863.75,-12678.75,-17542.5
2024-04-18 13:54:00,-4863.75,-12240.0,-17103.75
2024-04-18 13:55:00,-4863.75,-12592.5,-17456.25
2024-04-18 13:56:00,-4863.75,-12461.25,-17325.0
2024-04-18 13:57:00,-4863.75,-12165.0,-17028.75
2024-04-18 13:58:00,-4863.75,-12228.75,-17092.5
2024-04-18 13:59:00,-4863.75,-13102.5,-17966.25
2024-04-18 14:00:00,-4863.75,-12570.0,-17433.75
2024-04-18 14:01:00,-4863.75,-12570.0,-17433.75
2024-04-18 14:02:00,-4863.75,-12371.25,-17235.0
2024-04-18 14:03:00,-4863.75,-12337.5,-17201.25
2024-04-18 14:04:00,-4863.75,-11910.0,-16773.75
2024-04-18 14:05:00,-4863.75,-12026.25,-16890.0
2024-04-18 14:06:00,-4863.75,-12356.25,-17220.0
2024-04-18 14:07:00,-4863.75,-13106.25,-17970.0
2024-04-18 14:08:00,-4863.75,-12967.5,-17831.25
2024-04-18 14:09:00,-4863.75,-12277.5,-17141.25
2024-04-18 14:10:00,-4863.75,-12746.25,-17610.0
2024-04-18 14:11:00,-4863.75,-12847.5,-17711.25
2024-04-18 14:12:00,-4863.75,-12476.25,-17340.0
2024-04-18 14:13:00,-4863.75,-12405.0,-17268.75
2024-04-18 14:14:00,-4863.75,-11928.75,-16792.5
2024-04-18 14:15:00,-4863.75,-11820.0,-16683.75
2024-04-18 14:16:00,-4863.75,-11561.25,-16425.0
2024-04-18 14:17:00,-4863.75,-11328.75,-16192.5
2024-04-18 14:18:00,-4863.75,-11107.5,-15971.25
2024-04-18 14:19:00,-4863.75,-11231.25,-16095.0
2024-04-18 14:20:00,-4863.75,-11291.25,-16155.0
2024-04-18 14:21:00,-4863.75,-11253.75,-16117.5
2024-04-18 14:22:00,-4863.75,-11261.25,-16125.0
2024-04-18 14:23:00,-4863.75,-11546.25,-16410.0
2024-04-18 14:24:00,-4863.75,-11752.5,-16616.25
2024-04-18 14:25:00,-4863.75,-11347.5,-16211.25
2024-04-18 14:26:00,-4863.75,-11223.75,-16087.5
2024-04-18 14:27:00,-4863.75,-11561.25,-16425.0
2024-04-18 14:28:00,-4863.75,-11670.0,-16533.75
2024-04-18 14:29:00,-4863.75,-11595.0,-16458.75
2024-04-18 14:30:00,-4863.75,-11426.25,-16290.0
2024-04-18 14:31:00,-4863.75,-11325.0,-16188.75
2024-04-18 14:32:00,-4863.75,-12292.5,-17156.25
2024-04-18 14:33:00,-4863.75,-11940.0,-16803.75
2024-04-18 14:34:00,-4863.75,-12641.25,-17505.0
2024-04-18 14:35:00,-4863.75,-12963.75,-17827.5
2024-04-18 14:36:00,-4863.75,-12926.25,-17790.0
2024-04-18 14:37:00,-4863.75,-12450.0,-17313.75
2024-04-18 14:38:00,-4863.75,-12307.5,-17171.25
2024-04-18 14:39:00,-4863.75,-12225.0,-17088.75
2024-04-18 14:40:00,-4863.75,-13320.0,-18183.75
2024-04-18 14:41:00,-4863.75,-13492.5,-18356.25
2024-04-18 14:42:00,-4863.75,-13293.75,-18157.5
2024-04-18 14:43:00,-4863.75,-12753.75,-17617.5
2024-04-18 14:44:00,-4863.75,-14523.75,-19387.5
2024-04-18 14:45:00,-4863.75,-14898.75,-19762.5
2024-04-18 14:46:00,-4863.75,-13732.5,-18596.25
2024-04-18 14:47:00,-4863.75,-14452.5,-19316.25
2024-04-18 14:48:00,-4863.75,-14017.5,-18881.25
2024-04-18 14:49:00,-4863.75,-14085.0,-18948.75
2024-04-18 14:50:00,-4863.75,-14032.5,-18896.25
2024-04-18 14:51:00,-4863.75,-13365.0,-18228.75
2024-04-18 14:52:00,-4863.75,-13275.0,-18138.75
2024-04-18 14:53:00,-4863.75,-14943.75,-19807.5
2024-04-18 14:54:00,-4863.75,-14823.75,-19687.5
2024-04-18 14:55:00,-4863.75,-15420.0,-20283.75
2024-04-18 14:56:00,-4863.75,-15420.0,-20283.75
2024-04-18 14:57:00,-4863.75,-15420.0,-20283.75
2024-04-18 14:58:00,-4863.75,-15420.0,-20283.75
2024-04-18 14:59:00,-4863.75,-15420.0,-20283.75
2024-04-18 15:00:00,-4863.75,-15420.0,-20283.75
2024-04-18 15:01:00,-4863.75,-15420.0,-20283.75
2024-04-18 15:02:00,-4863.75,-15420.0,-20283.75
2024-04-18 15:03:00,-4863.75,-15420.0,-20283.75
2024-04-18 15:04:00,-4863.75,-15420.0,-20283.75
2024-04-18 15:05:00,-4863.75,-15420.0,-20283.75
2024-04-18 15:06:00,-4863.75,-15420.0,-20283.75
2024-04-18 15:07:00,-4863.75,-15420.0,-20283.75
2024-04-18 15:08:00,-4863.75,-15420.0,-20283.75
2024-04-18 15:09:00,-4863.75,-15420.0,-20283.75
2024-04-18 15:10:00,-4863.75,-15420.0,-20283.75
2024-04-18 15:11:00,-4863.75,-15420.0,-20283.75
2024-04-18 15:12:00,-4863.75,-15420.0,-20283.75
2024-04-18 15:13:00,-4863.75,-15420.0,-20283.75
2024-04-18 15:14:00,-4863.75,-15420.0,-20283.75
2024-04-18 15:15:00,-4863.75,-15420.0,-20283.75
2024-04-18 15:16:00,-4863.75,-15420.0,-20283.75
2024-04-18 15:17:00,-4863.75,-15420.0,-20283.75
2024-04-18 15:18:00,-4863.75,-15420.0,-20283.75
2024-04-18 15:19:00,-4863.75,-15420.0,-20283.75
2024-04-18 15:20:00,-4863.75,-15420.0,-20283.75
2024-04-18 15:21:00,-4863.75,-15420.0,-20283.75
2024-04-18 15:22:00,-4863.75,-15420.0,-20283.75
2024-04-18 15:23:00,-4863.75,-15420.0,-20283.75
2024-04-18 15:24:00,-4863.75,-15420.0,-20283.75
2024-04-18 15:25:00,-4863.75,-15420.0,-20283.75
2024-04-18 15:26:00,-4863.75,-15420.0,-20283.75
2024-04-18 15:27:00,-4863.75,-15420.0,-20283.75
2024-04-18 15:28:00,-4863.75,-15420.0,-20283.75
2024-04-18 15:29:00,-4863.75,-15420.0,-20283.75
2024-04-18 15:30:00,-4863.75,-15420.0,-20283.75
2024-04-25 10:15:00,0.0,0.0,0.0
2024-04-25 10:16:00,465.0,-198.75,266.25
2024-04-25 10:17:00,412.5,-161.25,251.25
2024-04-25 10:18:00,198.75,-22.5,176.25
2024-04-25 10:19:00,-75.0,232.5,157.5
2024-04-25 10:20:00,67.5,168.75,236.25
2024-04-25 10:21:00,105.0,161.25,266.25
2024-04-25 10:22:00,258.75,108.75,367.5
2024-04-25 10:23:00,352.5,86.25,438.75
2024-04-25 10:24:00,337.5,67.5,405.0
2024-04-25 10:25:00,300.0,112.5,412.5
2024-04-25 10:26:00,345.0,52.5,397.5
2024-04-25 10:27:00,461.25,11.25,472.5
2024-04-25 10:28:00,615.0,-37.5,577.5
2024-04-25 10:29:00,588.75,-26.25,562.5
2024-04-25 10:30:00,577.5,45.0,622.5
2024-04-25 10:31:00,457.5,123.75,581.25
2024-04-25 10:32:00,517.5,60.0,577.5
2024-04-25 10:33:00,510.0,15.0,525.0
2024-04-25 10:34:00,641.25,-48.75,592.5
2024-04-25 10:35:00,660.0,-71.25,588.75
2024-04-25 10:36:00,525.0,3.75,528.75
2024-04-25 10:37:00,622.5,-82.5,540.0
2024-04-25 10:38:00,581.25,-22.5,558.75
2024-04-25 10:39:00,536.25,-18.75,517.5
2024-04-25 10:40:00,622.5,-93.75,528.75
2024-04-25 10:41:00,513.75,22.5,536.25
2024-04-25 10:42:00,588.75,-97.5,491.25
2024-04-25 10:43:00,581.25,-30.0,551.25
2024-04-25 10:44:00,806.25,-228.75,577.5
2024-04-25 10:45:00,896.25,-236.25,660.0
2024-04-25 10:46:00,1001.25,-296.25,705.0
2024-04-25 10:47:00,1072.5,-360.0,712.5
2024-04-25 10:48:00,1038.75,-378.75,660.0
2024-04-25 10:49:00,1023.75,-367.5,656.25
2024-04-25 10:50:00,1166.25,-577.5,588.75
2024-04-25 10:51:00,1245.0,-930.0,315.0
2024-04-25 10:52:00,1361.25,-1826.25,-465.0
2024-04-25 10:53:00,1428.75,-2625.0,-1196.25
2024-04-25 10:54:00,1548.75,-3266.25,-1717.5
2024-04-25 10:55:00,1560.0,-3382.5,-1822.5
2024-04-25 10:56:00,1147.5,-2966.25,-1818.75
2024-04-25 10:57:00,911.25,-2748.75,-1837.5
2024-04-25 10:58:00,821.25,-2640.0,-1818.75
2024-04-25 10:59:00,1170.0,-2820.0,-1650.0
2024-04-25 11:00:00,1188.75,-2902.5,-1713.75
2024-04-25 11:01:00,821.25,-2430.0,-1608.75
2024-04-25 11:02:00,926.25,-2655.0,-1728.75
2024-04-25 11:03:00,555.0,-2242.5,-1687.5
2024-04-25 11:04:00,960.0,-2625.0,-1665.0
2024-04-25 11:05:00,626.25,-2216.25,-1590.0
2024-04-25 11:06:00,840.0,-2501.25,-1661.25
2024-04-25 11:07:00,93.75,-1530.0,-1436.25
2024-04-25 11:08:00,-2857.5,-401.25,-3258.75
2024-04-25 11:09:00,-3176.25,-337.5,-3513.75
2024-04-25 11:10:00,-3945.0,-236.25,-4181.25
2024-04-25 11:11:00,-3562.5,-337.5,-3900.0
2024-04-25 11:12:00,-3682.5,-285.0,-3967.5
2024-04-25 11:13:00,-3757.5,-322.5,-4080.0
2024-04-25 11:14:00,-3573.75,-382.5,-3956.25
2024-04-25 11:15:00,-3933.75,-183.75,-4117.5
2024-04-25 11:16:00,-3795.0,-330.0,-4125.0
2024-04-25 11:17:00,-3611.25,-416.25,-4027.5
2024-04-25 11:18:00,-3637.5,-405.0,-4042.5
2024-04-25 11:19:00,-3611.25,-472.5,-4083.75
2024-04-25 11:20:00,-3746.25,-318.75,-4065.0
2024-04-25 11:21:00,-3356.25,-1215.0,-4571.25
2024-04-25 11:22:00,-2782.5,-1882.5,-4665.0
2024-04-25 11:23:00,-3056.25,-1496.25,-4552.5
2024-04-25 11:24:00,-3097.5,-1260.0,-4357.5
2024-04-25 11:25:00,-3075.0,-1398.75,-4473.75
2024-04-25 11:26:00,-3045.0,-1492.5,-4537.5
2024-04-25 11:27:00,-3153.75,-1196.25,-4350.0
2024-04-25 11:28:00,-3367.5,-911.25,-4278.75
2024-04-25 11:29:00,-3198.75,-948.75,-4147.5
2024-04-25 11:30:00,-3371.25,-798.75,-4170.0
2024-04-25 11:31:00,-3311.25,-922.5,-4233.75
2024-04-25 11:32:00,-3592.5,-603.75,-4196.25
2024-04-25 11:33:00,-3333.75,-986.25,-4320.0
2024-04-25 11:34:00,-3423.75,-945.0,-4368.75
2024-04-25 11:35:00,-3393.75,-1001.25,-4395.0
2024-04-25 11:36:00,-3363.75,-1102.5,-4466.25
2024-04-25 11:37:00,-3442.5,-885.0,-4327.5
2024-04-25 11:38:00,-3416.25,-806.25,-4222.5
2024-04-25 11:39:00,-3450.0,-821.25,-4271.25
2024-04-25 11:40:00,-3532.5,-671.25,-4203.75
2024-04-25 11:41:00,-3716.25,-517.5,-4233.75
2024-04-25 11:42:00,-3457.5,-776.25,-4233.75
2024-04-25 11:43:00,-3573.75,-637.5,-4211.25
2024-04-25 11:44:00,-3416.25,-791.25,-4207.5
2024-04-25 11:45:00,-3461.25,-633.75,-4095.0
2024-04-25 11:46:00,-3401.25,-810.0,-4211.25
2024-04-25 11:47:00,-3532.5,-675.0,-4207.5
2024-04-25 11:48:00,-3405.0,-813.75,-4218.75
2024-04-25 11:49:00,-3397.5,-795.0,-4192.5
2024-04-25 11:50:00,-3307.5,-903.75,-4211.25
2024-04-25 11:51:00,-3375.0,-843.75,-4218.75
2024-04-25 11:52:00,-3240.0,-855.0,-4095.0
2024-04-25 11:53:00,-3108.75,-1008.75,-4117.5
2024-04-25 11:54:00,-3300.0,-783.75,-4083.75
2024-04-25 11:55:00,-3491.25,-408.75,-3900.0
2024-04-25 11:56:00,-3390.0,-532.5,-3922.5
2024-04-25 11:57:00,-3326.25,-603.75,-3930.0
2024-04-25 11:58:00,-3176.25,-783.75,-3960.0
2024-04-25 11:59:00,-3086.25,-918.75,-4005.0
2024-04-25 12:00:00,-2962.5,-1001.25,-3963.75
2024-04-25 12:01:00,-3108.75,-960.0,-4068.75
2024-04-25 12:02:00,-3037.5,-1113.75,-4151.25
2024-04-25 12:03:00,-3097.5,-982.5,-4080.0
2024-04-25 12:04:00,-3172.5,-870.0,-4042.5
2024-04-25 12:05:00,-3082.5,-1012.5,-4095.0
2024-04-25 12:06:00,-3093.75,-967.5,-4061.25
2024-04-25 12:07:00,-3161.25,-926.25,-4087.5
2024-04-25 12:08:00,-3026.25,-1125.0,-4151.25
2024-04-25 12:09:00,-2966.25,-1346.25,-4312.5
2024-04-25 12:10:00,-3082.5,-1098.75,-4181.25
2024-04-25 12:11:00,-3093.75,-1128.75,-4222.5
2024-04-25 12:12:00,-3041.25,-1203.75,-4245.0
2024-04-25 12:13:00,-3187.5,-986.25,-4173.75
2024-04-25 12:14:00,-3090.0,-1140.0,-4230.0
2024-04-25 12:15:00,-3172.5,-881.25,-4053.75
2024-04-25 12:16:00,-3187.5,-956.25,-4143.75
2024-04-25 12:17:00,-3303.75,-787.5,-4091.25
2024-04-25 12:18:00,-3228.75,-967.5,-4196.25
2024-04-25 12:19:00,-3285.0,-888.75,-4173.75
2024-04-25 12:20:00,-3397.5,-708.75,-4106.25
2024-04-25 12:21:00,-3431.25,-772.5,-4203.75
2024-04-25 12:22:00,-3228.75,-967.5,-4196.25
2024-04-25 12:23:00,-3157.5,-1110.0,-4267.5
2024-04-25 12:24:00,-3090.0,-1271.25,-4361.25
2024-04-25 12:25:00,-3123.75,-1271.25,-4395.0
2024-04-25 12:26:00,-3150.0,-1327.5,-4477.5
2024-04-25 12:27:00,-3251.25,-1076.25,-4327.5
2024-04-25 12:28:00,-3281.25,-1023.75,-4305.0
2024-04-25 12:29:00,-3401.25,-855.0,-4256.25
2024-04-25 12:30:00,-3281.25,-1095.0,-4376.25
2024-04-25 12:31:00,-3345.0,-1095.0,-4440.0
2024-04-25 12:32:00,-3420.0,-1008.75,-4428.75
2024-04-25 12:33:00,-3322.5,-1233.75,-4556.25
2024-04-25 12:34:00,-3195.0,-1245.0,-4440.0
2024-04-25 12:35:00,-3277.5,-1143.75,-4421.25
2024-04-25 12:36:00,-3341.25,-1023.75,-4365.0
2024-04-25 12:37:00,-3457.5,-952.5,-4410.0
2024-04-25 12:38:00,-3528.75,-821.25,-4350.0
2024-04-25 12:39:00,-3611.25,-975.0,-4586.25
2024-04-25 12:40:00,-3686.25,-888.75,-4575.0
2024-04-25 12:41:00,-3558.75,-1035.0,-4593.75
2024-04-25 12:42:00,-3453.75,-978.75,-4432.5
2024-04-25 12:43:00,-3375.0,-1087.5,-4462.5
2024-04-25 12:44:00,-3303.75,-1173.75,-4477.5
2024-04-25 12:45:00,-3296.25,-1166.25,-4462.5
2024-04-25 12:46:00,-3236.25,-1222.5,-4458.75
2024-04-25 12:47:00,-3240.0,-1203.75,-4443.75
2024-04-25 12:48:00,-3213.75,-1252.5,-4466.25
2024-04-25 12:49:00,-3108.75,-1312.5,-4421.25
2024-04-25 12:50:00,-3191.25,-1211.25,-4402.5
2024-04-25 12:51:00,-3251.25,-1038.75,-4290.0
2024-04-25 12:52:00,-3296.25,-1083.75,-4380.0
2024-04-25 12:53:00,-3412.5,-963.75,-4376.25
2024-04-25 12:54:00,-3277.5,-1233.75,-4511.25
2024-04-25 12:55:00,-3240.0,-1338.75,-4578.75
2024-04-25 12:56:00,-3315.0,-1428.75,-4743.75
2024-04-25 12:57:00,-3356.25,-1353.75,-4710.0
2024-04-25 12:58:00,-3360.0,-1387.5,-4747.5
2024-04-25 12:59:00,-3506.25,-1113.75,-4620.0
2024-04-25 13:00:00,-4807.5,-975.0,-5782.5
2024-04-25 13:01:00,-5163.75,-581.25,-5745.0
2024-04-25 13:02:00,-5763.75,-270.0,-6033.75
2024-04-25 13:03:00,-4998.75,-251.25,-5250.0
2024-04-25 13:04:00,-5133.75,-270.0,-5403.75
2024-04-25 13:05:00,-5681.25,-78.75,-5760.0
2024-04-25 13:06:00,-5133.75,-225.0,-5358.75
2024-04-25 13:07:00,-4623.75,-303.75,-4927.5
2024-04-25 13:08:00,-4578.75,-243.75,-4822.5
2024-04-25 13:09:00,-4260.0,-292.5,-4552.5
2024-04-25 13:10:00,-4248.75,-307.5,-4556.25
2024-04-25 13:11:00,-4361.25,-292.5,-4653.75
2024-04-25 13:12:00,-4485.0,-213.75,-4698.75
2024-04-25 13:13:00,-4271.25,-303.75,-4575.0
2024-04-25 13:14:00,-4050.0,-277.5,-4327.5
2024-04-25 13:15:00,-4271.25,-247.5,-4518.75
2024-04-25 13:16:00,-4822.5,157.5,-4665.0
2024-04-25 13:17:00,-4856.25,0.0,-4856.25
2024-04-25 13:18:00,-5422.5,67.5,-5355.0
2024-04-25 13:19:00,-5085.0,-3.75,-5088.75
2024-04-25 13:20:00,-4968.75,-63.75,-5032.5
2024-04-25 13:21:00,-5028.75,-52.5,-5081.25
2024-04-25 13:22:00,-4897.5,-97.5,-4995.0
2024-04-25 13:23:00,-4593.75,-165.0,-4758.75
2024-04-25 13:24:00,-4376.25,-202.5,-4578.75
2024-04-25 13:25:00,-4211.25,-292.5,-4503.75
2024-04-25 13:26:00,-4646.25,-123.75,-4770.0
2024-04-25 13:27:00,-4586.25,-221.25,-4807.5
2024-04-25 13:28:00,-4282.5,-330.0,-4612.5
2024-04-25 13:29:00,-4387.5,-266.25,-4653.75
2024-04-25 13:30:00,-4087.5,-292.5,-4380.0
2024-04-25 13:31:00,-4282.5,-228.75,-4511.25
2024-04-25 13:32:00,-4181.25,-273.75,-4455.0
2024-04-25 13:33:00,-3806.25,-356.25,-4162.5
2024-04-25 13:34:00,-3656.25,-378.75,-4035.0
2024-04-25 13:35:00,-3836.25,-296.25,-4132.5
2024-04-25 13:36:00,-3840.0,-281.25,-4121.25
2024-04-25 13:37:00,-4695.0,360.0,-4335.0
2024-04-25 13:38:00,-4331.25,150.0,-4181.25
2024-04-25 13:39:00,-4368.75,168.75,-4200.0
2024-04-25 13:40:00,-4196.25,172.5,-4023.75
2024-04-25 13:41:00,-4117.5,120.0,-3997.5
2024-04-25 13:42:00,-4466.25,285.0,-4181.25
2024-04-25 13:43:00,-4473.75,330.0,-4143.75
2024-04-25 13:44:00,-4601.25,337.5,-4263.75
2024-04-25 13:45:00,-5640.0,735.0,-4905.0
2024-04-25 13:46:00,-6131.25,675.0,-5456.25
2024-04-25 13:47:00,-5482.5,648.75,-4833.75
2024-04-25 13:48:00,-5793.75,742.5,-5051.25
2024-04-25 13:49:00,-6101.25,753.75,-5347.5
2024-04-25 13:50:00,-7980.0,855.0,-7125.0
2024-04-25 13:51:00,-7800.0,525.0,-7275.0
2024-04-25 13:52:00,-7398.75,558.75,-6840.0
2024-04-25 13:53:00,-7383.75,585.0,-6798.75
2024-04-25 13:54:00,-7567.5,862.5,-6705.0
2024-04-25 13:55:00,-7278.75,648.75,-6630.0
2024-04-25 13:56:00,-7260.0,667.5,-6592.5
2024-04-25 13:57:00,-7316.25,742.5,-6573.75
2024-04-25 13:58:00,-7098.75,641.25,-6457.5
2024-04-25 13:59:00,-7035.0,637.5,-6397.5
2024-04-25 14:00:00,-6858.75,641.25,-6217.5
2024-04-25 14:01:00,-6843.75,633.75,-6210.0
2024-04-25 14:02:00,-6753.75,746.25,-6007.5
2024-04-25 14:03:00,-6937.5,1222.5,-5715.0
2024-04-25 14:04:00,-7102.5,1443.75,-5658.75
2024-04-25 14:05:00,-7653.75,1935.0,-5718.75
2024-04-25 14:06:00,-8823.75,1695.0,-7128.75
2024-04-25 14:07:00,-10323.75,1575.0,-8748.75
2024-04-25 14:08:00,-9540.0,1668.75,-7871.25
2024-04-25 14:09:00,-9120.0,1612.5,-7507.5
2024-04-25 14:10:00,-8857.5,1646.25,-7211.25
2024-04-25 14:11:00,-9686.25,1706.25,-7980.0
2024-04-25 14:12:00,-9108.75,1586.25,-7522.5
2024-04-25 14:13:00,-8760.0,1612.5,-7147.5
2024-04-25 14:14:00,-8501.25,1627.5,-6873.75
2024-04-25 14:15:00,-8831.25,1743.75,-7087.5
2024-04-25 14:16:00,-8688.75,1717.5,-6971.25
2024-04-25 14:17:00,-8662.5,1777.5,-6885.0
2024-04-25 14:18:00,-8388.75,1751.25,-6637.5
2024-04-25 14:19:00,-8321.25,1743.75,-6577.5
2024-04-25 14:20:00,-8058.75,1792.5,-6266.25
2024-04-25 14:21:00,-9641.25,2205.0,-7436.25
2024-04-25 14:22:00,-8628.75,2096.25,-6532.5
2024-04-25 14:23:00,-8568.75,2156.25,-6412.5
2024-04-25 14:24:00,-8827.5,2295.0,-6532.5
2024-04-25 14:25:00,-8557.5,2227.5,-6330.0
2024-04-25 14:26:00,-8557.5,2178.75,-6378.75
2024-04-25 14:27:00,-8910.0,2313.75,-6596.25
2024-04-25 14:28:00,-8707.5,2186.25,-6521.25
2024-04-25 14:29:00,-8707.5,2253.75,-6453.75
2024-04-25 14:30:00,-8550.0,2167.5,-6382.5
2024-04-25 14:31:00,-8130.0,1852.5,-6277.5
2024-04-25 14:32:00,-7998.75,1908.75,-6090.0
2024-04-25 14:33:00,-8205.0,1987.5,-6217.5
2024-04-25 14:34:00,-8898.75,2302.5,-6596.25
2024-04-25 14:35:00,-10046.25,2662.5,-7383.75
2024-04-25 14:36:00,-10395.0,2643.75,-7751.25
2024-04-25 14:37:00,-9596.25,2591.25,-7005.0
2024-04-25 14:38:00,-9532.5,2715.0,-6817.5
2024-04-25 14:39:00,-8906.25,2651.25,-6255.0
2024-04-25 14:40:00,-8508.75,2392.5,-6116.25
2024-04-25 14:41:00,-8505.0,2362.5,-6142.5
2024-04-25 14:42:00,-8058.75,2220.0,-5838.75
2024-04-25 14:43:00,-8280.0,2332.5,-5947.5
2024-04-25 14:44:00,-7912.5,2171.25,-5741.25
2024-04-25 14:45:00,-8996.25,3037.5,-5958.75
2024-04-25 14:46:00,-8478.75,2801.25,-5677.5
2024-04-25 14:47:00,-8283.75,2797.5,-5486.25
2024-04-25 14:48:00,-8216.25,2842.5,-5373.75
2024-04-25 14:49:00,-8887.5,3281.25,-5606.25
2024-04-25 14:50:00,-8347.5,3150.0,-5197.5
2024-04-25 14:51:00,-8130.0,2947.5,-5182.5
2024-04-25 14:52:00,-7890.0,2838.75,-5051.25
2024-04-25 14:53:00,-8381.25,3236.25,-5145.0
2024-04-25 14:54:00,-8167.5,3090.0,-5077.5
2024-04-25 14:55:00,-8006.25,2985.0,-5021.25
2024-04-25 14:56:00,-8197.5,3071.25,-5126.25
2024-04-25 14:57:00,-8422.5,3183.75,-5238.75
2024-04-25 14:58:00,-8040.0,3045.0,-4995.0
2024-04-25 14:59:00,-8321.25,3198.75,-5122.5
2024-04-25 15:00:00,-8287.5,3341.25,-4946.25
2024-04-25 15:01:00,-7177.5,3307.5,-3870.0
2024-04-25 15:02:00,-6502.5,3161.25,-3341.25
2024-04-25 15:03:00,-6558.75,3600.0,-2958.75
2024-04-25 15:04:00,-6483.75,3780.0,-2703.75
2024-04-25 15:05:00,-6378.75,3795.0,-2583.75
2024-04-25 15:06:00,-6086.25,3708.75,-2377.5
2024-04-25 15:07:00,-5966.25,3720.0,-2246.25
2024-04-25 15:08:00,-5906.25,3750.0,-2156.25
2024-04-25 15:09:00,-5868.75,3855.0,-2013.75
2024-04-25 15:10:00,-5816.25,3915.0,-1901.25
2024-04-25 15:11:00,-5703.75,3888.75,-1815.0
2024-04-25 15:12:00,-5823.75,3945.0,-1878.75
2024-04-25 15:13:00,-5906.25,3948.75,-1957.5
2024-04-25 15:14:00,-5756.25,3978.75,-1777.5
2024-04-25 15:15:00,-5670.0,3960.0,-1710.0
2024-04-25 15:16:00,-5651.25,3975.0,-1676.25
2024-04-25 15:17:00,-5625.0,3993.75,-1631.25
2024-04-25 15:18:00,-5621.25,3993.75,-1627.5
2024-04-25 15:19:00,-5617.5,3971.25,-1646.25
2024-04-25 15:20:00,-5613.75,3963.75,-1650.0
2024-04-25 15:21:00,-5613.75,3963.75,-1650.0
2024-04-25 15:22:00,-5613.75,3963.75,-1650.0
2024-04-25 15:23:00,-5613.75,3963.75,-1650.0
2024-04-25 15:24:00,-5613.75,3963.75,-1650.0
2024-04-25 15:25:00,-5613.75,3963.75,-1650.0
2024-04-25 15:26:00,-5613.75,3963.75,-1650.0
2024-04-25 15:27:00,-5613.75,3963.75,-1650.0
2024-04-25 15:28:00,-5613.75,3963.75,-1650.0
2024-04-25 15:29:00,-5613.75,3963.75,-1650.0
2024-04-25 15:30:00,-5613.75,3963.75,-1650.0
2024-05-02 10:15:00,0.0,0.0,0.0
2024-05-02 10:16:00,243.75,-131.25,112.5
2024-05-02 10:17:00,138.75,-41.25,97.5
2024-05-02 10:18:00,157.5,18.75,176.25
2024-05-02 10:19:00,-7.5,191.25,183.75
2024-05-02 10:20:00,26.25,180.0,206.25
2024-05-02 10:21:00,165.0,101.25,266.25
2024-05-02 10:22:00,146.25,112.5,258.75
2024-05-02 10:23:00,243.75,37.5,281.25
2024-05-02 10:24:00,183.75,112.5,296.25
2024-05-02 10:25:00,585.0,-86.25,498.75
2024-05-02 10:26:00,446.25,-112.5,333.75
2024-05-02 10:27:00,341.25,-15.0,326.25
2024-05-02 10:28:00,307.5,52.5,360.0
2024-05-02 10:29:00,86.25,292.5,378.75
2024-05-02 10:30:00,101.25,333.75,435.0
2024-05-02 10:31:00,41.25,333.75,375.0
2024-05-02 10:32:00,-236.25,468.75,232.5
2024-05-02 10:33:00,-112.5,408.75,296.25
2024-05-02 10:34:00,-26.25,378.75,352.5
2024-05-02 10:35:00,217.5,300.0,517.5
2024-05-02 10:36:00,322.5,247.5,570.0
2024-05-02 10:37:00,135.0,303.75,438.75
2024-05-02 10:38:00,131.25,285.0,416.25
2024-05-02 10:39:00,67.5,352.5,420.0
2024-05-02 10:40:00,75.0,360.0,435.0
2024-05-02 10:41:00,63.75,405.0,468.75
2024-05-02 10:42:00,195.0,292.5,487.5
2024-05-02 10:43:00,221.25,307.5,528.75
2024-05-02 10:44:00,116.25,360.0,476.25
2024-05-02 10:45:00,60.0,416.25,476.25
2024-05-02 10:46:00,112.5,348.75,461.25
2024-05-02 10:47:00,408.75,236.25,645.0
2024-05-02 10:48:00,277.5,228.75,506.25
2024-05-02 10:49:00,273.75,288.75,562.5
2024-05-02 10:50:00,228.75,375.0,603.75
2024-05-02 10:51:00,266.25,296.25,562.5
2024-05-02 10:52:00,356.25,225.0,581.25
2024-05-02 10:53:00,416.25,213.75,630.0
2024-05-02 10:54:00,78.75,626.25,705.0
2024-05-02 10:55:00,153.75,491.25,645.0
2024-05-02 10:56:00,90.0,506.25,596.25
2024-05-02 10:57:00,322.5,401.25,723.75
2024-05-02 10:58:00,198.75,435.0,633.75
2024-05-02 10:59:00,180.0,446.25,626.25
2024-05-02 11:00:00,270.0,431.25,701.25
2024-05-02 11:01:00,333.75,363.75,697.5
2024-05-02 11:02:00,322.5,341.25,663.75
2024-05-02 11:03:00,202.5,498.75,701.25
2024-05-02 11:04:00,292.5,397.5,690.0
2024-05-02 11:05:00,337.5,348.75,686.25
2024-05-02 11:06:00,423.75,277.5,701.25
2024-05-02 11:07:00,393.75,285.0,678.75
2024-05-02 11:08:00,375.0,330.0,705.0
2024-05-02 11:09:00,772.5,11.25,783.75
2024-05-02 11:10:00,660.0,101.25,761.25
2024-05-02 11:11:00,622.5,157.5,780.0
2024-05-02 11:12:00,577.5,161.25,738.75
2024-05-02 11:13:00,633.75,131.25,765.0
2024-05-02 11:14:00,622.5,225.0,847.5
2024-05-02 11:15:00,716.25,90.0,806.25
2024-05-02 11:16:00,652.5,153.75,806.25
2024-05-02 11:17:00,558.75,281.25,840.0
2024-05-02 11:18:00,633.75,146.25,780.0
2024-05-02 11:19:00,1102.5,-318.75,783.75
2024-05-02 11:20:00,1151.25,-382.5,768.75
2024-05-02 11:21:00,1102.5,-150.0,952.5
2024-05-02 11:22:00,1162.5,-390.0,772.5
2024-05-02 11:23:00,1170.0,-435.0,735.0
2024-05-02 11:24:00,1203.75,-487.5,716.25
2024-05-02 11:25:00,1136.25,-330.0,806.25
2024-05-02 11:26:00,1155.0,-382.5,772.5
2024-05-02 11:27:00,1125.0,-367.5,757.5
2024-05-02 11:28:00,990.0,-71.25,918.75
2024-05-02 11:29:00,750.0,356.25,1106.25
2024-05-02 11:30:00,438.75,495.0,933.75
2024-05-02 11:31:00,540.0,465.0,1005.0
2024-05-02 11:32:00,521.25,457.5,978.75
2024-05-02 11:33:00,-288.75,750.0,461.25
2024-05-02 11:34:00,-202.5,708.75,506.25
2024-05-02 11:35:00,-153.75,678.75,525.0
2024-05-02 11:36:00,-142.5,656.25,513.75
2024-05-02 11:37:00,-210.0,652.5,442.5
2024-05-02 11:38:00,-146.25,637.5,491.25
2024-05-02 11:39:00,-127.5,645.0,517.5
2024-05-02 11:40:00,-255.0,652.5,397.5
2024-05-02 11:41:00,-213.75,641.25,427.5
2024-05-02 11:42:00,-183.75,600.0,416.25
2024-05-02 11:43:00,26.25,566.25,592.5
2024-05-02 11:44:00,22.5,528.75,551.25
2024-05-02 11:45:00,555.0,431.25,986.25
2024-05-02 11:46:00,626.25,345.0,971.25
2024-05-02 11:47:00,502.5,435.0,937.5
2024-05-02 11:48:00,457.5,446.25,903.75
2024-05-02 11:49:00,498.75,446.25,945.0
2024-05-02 11:50:00,281.25,603.75,885.0
2024-05-02 11:51:00,303.75,573.75,877.5
2024-05-02 11:52:00,393.75,510.0,903.75
2024-05-02 11:53:00,401.25,525.0,926.25
2024-05-02 11:54:00,363.75,551.25,915.0
2024-05-02 11:55:00,225.0,660.0,885.0
2024-05-02 11:56:00,266.25,562.5,828.75
2024-05-02 11:57:00,225.0,603.75,828.75
2024-05-02 11:58:00,172.5,641.25,813.75
2024-05-02 11:59:00,363.75,570.0,933.75
2024-05-02 12:00:00,285.0,581.25,866.25
2024-05-02 12:01:00,258.75,600.0,858.75
2024-05-02 12:02:00,210.0,600.0,810.0
2024-05-02 12:03:00,202.5,603.75,806.25
2024-05-02 12:04:00,101.25,675.0,776.25
2024-05-02 12:05:00,33.75,678.75,712.5
2024-05-02 12:06:00,-48.75,663.75,615.0
2024-05-02 12:07:00,-67.5,663.75,596.25
2024-05-02 12:08:00,22.5,641.25,663.75
2024-05-02 12:09:00,-11.25,633.75,622.5
2024-05-02 12:10:00,142.5,588.75,731.25
2024-05-02 12:11:00,360.0,498.75,858.75
2024-05-02 12:12:00,232.5,558.75,791.25
2024-05-02 12:13:00,120.0,592.5,712.5
2024-05-02 12:14:00,153.75,566.25,720.0
2024-05-02 12:15:00,33.75,671.25,705.0
2024-05-02 12:16:00,33.75,645.0,678.75
2024-05-02 12:17:00,180.0,592.5,772.5
2024-05-02 12:18:00,168.75,592.5,761.25
2024-05-02 12:19:00,120.0,592.5,712.5
2024-05-02 12:20:00,236.25,536.25,772.5
2024-05-02 12:21:00,180.0,570.0,750.0
2024-05-02 12:22:00,311.25,506.25,817.5
2024-05-02 12:23:00,236.25,555.0,791.25
2024-05-02 12:24:00,273.75,536.25,810.0
2024-05-02 12:25:00,431.25,491.25,922.5
2024-05-02 12:26:00,341.25,491.25,832.5
2024-05-02 12:27:00,630.0,405.0,1035.0
2024-05-02 12:28:00,378.75,555.0,933.75
2024-05-02 12:29:00,202.5,641.25,843.75
2024-05-02 12:30:00,97.5,678.75,776.25
2024-05-02 12:31:00,30.0,660.0,690.0
2024-05-02 12:32:00,-127.5,738.75,611.25
2024-05-02 12:33:00,-90.0,750.0,660.0
2024-05-02 12:34:00,187.5,686.25,873.75
2024-05-02 12:35:00,303.75,667.5,971.25
2024-05-02 12:36:00,180.0,701.25,881.25
2024-05-02 12:37:00,292.5,652.5,945.0
2024-05-02 12:38:00,371.25,630.0,1001.25
2024-05-02 12:39:00,461.25,570.0,1031.25
2024-05-02 12:40:00,528.75,543.75,1072.5
2024-05-02 12:41:00,435.0,555.0,990.0
2024-05-02 12:42:00,525.0,495.0,1020.0
2024-05-02 12:43:00,468.75,510.0,978.75
2024-05-02 12:44:00,435.0,525.0,960.0
2024-05-02 12:45:00,405.0,682.5,1087.5
2024-05-02 12:46:00,360.0,701.25,1061.25
2024-05-02 12:47:00,828.75,412.5,1241.25
2024-05-02 12:48:00,678.75,547.5,1226.25
2024-05-02 12:49:00,716.25,480.0,1196.25
2024-05-02 12:50:00,641.25,521.25,1162.5
2024-05-02 12:51:00,690.0,506.25,1196.25
2024-05-02 12:52:00,540.0,686.25,1226.25
2024-05-02 12:53:00,641.25,528.75,1170.0
2024-05-02 12:54:00,551.25,611.25,1162.5
2024-05-02 12:55:00,585.0,585.0,1170.0
2024-05-02 12:56:00,551.25,611.25,1162.5
2024-05-02 12:57:00,506.25,648.75,1155.0
2024-05-02 12:58:00,416.25,678.75,1095.0
2024-05-02 12:59:00,528.75,678.75,1207.5
2024-05-02 13:00:00,611.25,630.0,1241.25
2024-05-02 13:01:00,528.75,678.75,1207.5
2024-05-02 13:02:00,487.5,697.5,1185.0
2024-05-02 13:03:00,480.0,701.25,1181.25
2024-05-02 13:04:00,423.75,746.25,1170.0
2024-05-02 13:05:00,588.75,686.25,1275.0
2024-05-02 13:06:00,637.5,637.5,1275.0
2024-05-02 13:07:00,626.25,667.5,1293.75
2024-05-02 13:08:00,686.25,588.75,1275.0
2024-05-02 13:09:00,528.75,731.25,1260.0
2024-05-02 13:10:00,408.75,810.0,1218.75
2024-05-02 13:11:00,401.25,795.0,1196.25
2024-05-02 13:12:00,423.75,791.25,1215.0
2024-05-02 13:13:00,495.0,761.25,1256.25
2024-05-02 13:14:00,645.0,738.75,1383.75
2024-05-02 13:15:00,675.0,723.75,1398.75
2024-05-02 13:16:00,757.5,671.25,1428.75
2024-05-02 13:17:00,765.0,678.75,1443.75
2024-05-02 13:18:00,705.0,735.0,1440.0
2024-05-02 13:19:00,757.5,678.75,1436.25
2024-05-02 13:20:00,637.5,765.0,1402.5
2024-05-02 13:21:00,742.5,712.5,1455.0
2024-05-02 13:22:00,592.5,783.75,1376.25
2024-05-02 13:23:00,570.0,825.0,1395.0
2024-05-02 13:24:00,420.0,930.0,1350.0
2024-05-02 13:25:00,453.75,892.5,1346.25
2024-05-02 13:26:00,476.25,881.25,1357.5
2024-05-02 13:27:00,303.75,926.25,1230.0
2024-05-02 13:28:00,67.5,978.75,1046.25
2024-05-02 13:29:00,213.75,948.75,1162.5
2024-05-02 13:30:00,213.75,945.0,1158.75
2024-05-02 13:31:00,536.25,903.75,1440.0
2024-05-02 13:32:00,397.5,903.75,1301.25
2024-05-02 13:33:00,138.75,986.25,1125.0
2024-05-02 13:34:00,465.0,937.5,1402.5
2024-05-02 13:35:00,420.0,926.25,1346.25
2024-05-02 13:36:00,693.75,877.5,1571.25
2024-05-02 13:37:00,840.0,862.5,1702.5
2024-05-02 13:38:00,750.0,896.25,1646.25
2024-05-02 13:39:00,596.25,967.5,1563.75
2024-05-02 13:40:00,645.0,930.0,1575.0
2024-05-02 13:41:00,656.25,926.25,1582.5
2024-05-02 13:42:00,641.25,960.0,1601.25
2024-05-02 13:43:00,753.75,948.75,1702.5
2024-05-02 13:44:00,855.0,922.5,1777.5
2024-05-02 13:45:00,787.5,978.75,1766.25
2024-05-02 13:46:00,1098.75,870.0,1968.75
2024-05-02 13:47:00,896.25,978.75,1875.0
2024-05-02 13:48:00,847.5,982.5,1830.0
2024-05-02 13:49:00,937.5,941.25,1878.75
2024-05-02 13:50:00,723.75,1113.75,1837.5
2024-05-02 13:51:00,637.5,1230.0,1867.5
2024-05-02 13:52:00,573.75,1188.75,1762.5
2024-05-02 13:53:00,896.25,1158.75,2055.0
2024-05-02 13:54:00,866.25,1143.75,2010.0
2024-05-02 13:55:00,787.5,1177.5,1965.0
2024-05-02 13:56:00,975.0,1117.5,2092.5
2024-05-02 13:57:00,907.5,1132.5,2040.0
2024-05-02 13:58:00,1200.0,1072.5,2272.5
2024-05-02 13:59:00,1188.75,1065.0,2253.75
2024-05-02 14:00:00,1147.5,1091.25,2238.75
2024-05-02 14:01:00,1338.75,1050.0,2388.75
2024-05-02 14:02:00,1331.25,1046.25,2377.5
2024-05-02 14:03:00,1380.0,1035.0,2415.0
2024-05-02 14:04:00,1571.25,930.0,2501.25
2024-05-02 14:05:00,1556.25,1042.5,2598.75
2024-05-02 14:06:00,1537.5,978.75,2516.25
2024-05-02 14:07:00,1541.25,990.0,2531.25
2024-05-02 14:08:00,1488.75,1057.5,2546.25
2024-05-02 14:09:00,1353.75,1260.0,2613.75
2024-05-02 14:10:00,1380.0,1248.75,2628.75
2024-05-02 14:11:00,1380.0,1245.0,2625.0
2024-05-02 14:12:00,1537.5,1200.0,2737.5
2024-05-02 14:13:00,1563.75,1162.5,2726.25
2024-05-02 14:14:00,1552.5,1173.75,2726.25
2024-05-02 14:15:00,1691.25,1098.75,2790.0
2024-05-02 14:16:00,1747.5,1057.5,2805.0
2024-05-02 14:17:00,1758.75,1057.5,2816.25
2024-05-02 14:18:00,1740.0,1091.25,2831.25
2024-05-02 14:19:00,1848.75,963.75,2812.5
2024-05-02 14:20:00,1886.25,645.0,2531.25
2024-05-02 14:21:00,1875.0,787.5,2662.5
2024-05-02 14:22:00,1875.0,783.75,2658.75
2024-05-02 14:23:00,1905.0,708.75,2613.75
2024-05-02 14:24:00,1890.0,761.25,2651.25
2024-05-02 14:25:00,1848.75,896.25,2745.0
2024-05-02 14:26:00,1878.75,776.25,2655.0
2024-05-02 14:27:00,1856.25,967.5,2823.75
2024-05-02 14:28:00,1886.25,903.75,2790.0
2024-05-02 14:29:00,1920.0,795.0,2715.0
2024-05-02 14:30:00,1920.0,843.75,2763.75
2024-05-02 14:31:00,1923.75,821.25,2745.0
2024-05-02 14:32:00,1905.0,881.25,2786.25
2024-05-02 14:33:00,1867.5,1230.0,3097.5
2024-05-02 14:34:00,1901.25,1162.5,3063.75
2024-05-02 14:35:00,1908.75,1211.25,3120.0
2024-05-02 14:36:00,1935.0,1143.75,3078.75
2024-05-02 14:37:00,1965.0,1095.0,3060.0
2024-05-02 14:38:00,1950.0,1117.5,3067.5
2024-05-02 14:39:00,1961.25,1132.5,3093.75
2024-05-02 14:40:00,1991.25,986.25,2977.5
2024-05-02 14:41:00,1991.25,1042.5,3033.75
2024-05-02 14:42:00,1991.25,1132.5,3123.75
2024-05-02 14:43:00,1998.75,1125.0,3123.75
2024-05-02 14:44:00,2010.0,1087.5,3097.5
2024-05-02 14:45:00,2017.5,1282.5,3300.0
2024-05-02 14:46:00,1998.75,1368.75,3367.5
2024-05-02 14:47:00,1998.75,1391.25,3390.0
2024-05-02 14:48:00,2010.0,1305.0,3315.0
2024-05-02 14:49:00,2010.0,1357.5,3367.5
2024-05-02 14:50:00,2013.75,1372.5,3386.25
2024-05-02 14:51:00,2006.25,1410.0,3416.25
2024-05-02 14:52:00,2006.25,1413.75,3420.0
2024-05-02 14:53:00,1998.75,1477.5,3476.25
2024-05-02 14:54:00,1995.0,1477.5,3472.5
2024-05-02 14:55:00,1995.0,1492.5,3487.5
2024-05-02 14:56:00,1976.25,1511.25,3487.5
2024-05-02 14:57:00,1968.75,1496.25,3465.0
2024-05-02 14:58:00,1998.75,1500.0,3498.75
2024-05-02 14:59:00,1991.25,1503.75,3495.0
2024-05-02 15:00:00,2021.25,1488.75,3510.0
2024-05-02 15:01:00,2036.25,1496.25,3532.5
2024-05-02 15:02:00,2036.25,1511.25,3547.5
2024-05-02 15:03:00,2032.5,1548.75,3581.25
2024-05-02 15:04:00,2040.0,1545.0,3585.0
2024-05-02 15:05:00,2040.0,1545.0,3585.0
2024-05-02 15:06:00,2047.5,1548.75,3596.25
2024-05-02 15:07:00,2047.5,1545.0,3592.5
2024-05-02 15:08:00,2047.5,1548.75,3596.25
2024-05-02 15:09:00,2047.5,1552.5,3600.0
2024-05-02 15:10:00,2047.5,1552.5,3600.0
2024-05-02 15:11:00,2043.75,1552.5,3596.25
2024-05-02 15:12:00,2047.5,1556.25,3603.75
2024-05-02 15:13:00,2043.75,1556.25,3600.0
2024-05-02 15:14:00,2047.5,1556.25,3603.75
2024-05-02 15:15:00,2043.75,1556.25,3600.0
2024-05-02 15:16:00,2047.5,1552.5,3600.0
2024-05-02 15:17:00,2043.75,1556.25,3600.0
2024-05-02 15:18:00,2047.5,1560.0,3607.5
2024-05-02 15:19:00,2047.5,1560.0,3607.5
2024-05-02 15:20:00,2043.75,1560.0,3603.75
2024-05-02 15:21:00,2043.75,1560.0,3603.75
2024-05-02 15:22:00,2043.75,1560.0,3603.75
2024-05-02 15:23:00,2043.75,1560.0,3603.75
2024-05-02 15:24:00,2043.75,1560.0,3603.75
2024-05-02 15:25:00,2043.75,1560.0,3603.75
2024-05-02 15:26:00,2043.75,1560.0,3603.75
2024-05-02 15:27:00,2043.75,1560.0,3603.75
2024-05-02 15:28:00,2043.75,1560.0,3603.75
2024-05-02 15:29:00,2043.75,1560.0,3603.75
2024-05-02 15:30:00,2043.75,1560.0,3603.75
2024-05-09 10:15:00,0.0,0.0,0.0
2024-05-09 10:16:00,-108.75,300.0,191.25
2024-05-09 10:17:00,-172.5,416.25,243.75
2024-05-09 10:18:00,-33.75,210.0,176.25
2024-05-09 10:19:00,-67.5,198.75,131.25
2024-05-09 10:20:00,-30.0,213.75,183.75
2024-05-09 10:21:00,-15.0,180.0,165.0
2024-05-09 10:22:00,555.0,-892.5,-337.5
2024-05-09 10:23:00,521.25,-765.0,-243.75
2024-05-09 10:24:00,547.5,-727.5,-180.0
2024-05-09 10:25:00,622.5,-1001.25,-378.75
2024-05-09 10:26:00,791.25,-1473.75,-682.5
2024-05-09 10:27:00,798.75,-1188.75,-390.0
2024-05-09 10:28:00,716.25,-960.0,-243.75
2024-05-09 10:29:00,776.25,-1222.5,-446.25
2024-05-09 10:30:00,873.75,-1147.5,-273.75
2024-05-09 10:31:00,798.75,-993.75,-195.0
2024-05-09 10:32:00,787.5,-986.25,-198.75
2024-05-09 10:33:00,772.5,-978.75,-206.25
2024-05-09 10:34:00,813.75,-978.75,-165.0
2024-05-09 10:35:00,750.0,-641.25,108.75
2024-05-09 10:36:00,757.5,-701.25,56.25
2024-05-09 10:37:00,705.0,-551.25,153.75
2024-05-09 10:38:00,761.25,-615.0,146.25
2024-05-09 10:39:00,877.5,-821.25,56.25
2024-05-09 10:40:00,926.25,-806.25,120.0
2024-05-09 10:41:00,1072.5,-1102.5,-30.0
2024-05-09 10:42:00,892.5,-637.5,255.0
2024-05-09 10:43:00,948.75,-753.75,195.0
2024-05-09 10:44:00,1027.5,-843.75,183.75
2024-05-09 10:45:00,1173.75,-1083.75,90.0
2024-05-09 10:46:00,1140.0,-866.25,273.75
2024-05-09 10:47:00,1233.75,-956.25,277.5
2024-05-09 10:48:00,1263.75,-1098.75,165.0
2024-05-09 10:49:00,1196.25,-926.25,270.0
2024-05-09 10:50:00,1188.75,-1008.75,180.0
2024-05-09 10:51:00,1136.25,-675.0,461.25
2024-05-09 10:52:00,1155.0,-877.5,277.5
2024-05-09 10:53:00,1098.75,-877.5,221.25
2024-05-09 10:54:00,1170.0,-903.75,266.25
2024-05-09 10:55:00,1282.5,-1031.25,251.25
2024-05-09 10:56:00,1203.75,-727.5,476.25
2024-05-09 10:57:00,1158.75,-708.75,450.0
2024-05-09 10:58:00,1038.75,-446.25,592.5
2024-05-09 10:59:00,1057.5,-420.0,637.5
2024-05-09 11:00:00,1046.25,-277.5,768.75
2024-05-09 11:01:00,1136.25,-495.0,641.25
2024-05-09 11:02:00,1245.0,-562.5,682.5
2024-05-09 11:03:00,1260.0,-652.5,607.5
2024-05-09 11:04:00,1230.0,-446.25,783.75
2024-05-09 11:05:00,1196.25,-348.75,847.5
2024-05-09 11:06:00,1387.5,-840.0,547.5
2024-05-09 11:07:00,1473.75,-963.75,510.0
2024-05-09 11:08:00,1361.25,-513.75,847.5
2024-05-09 11:09:00,1335.0,-450.0,885.0
2024-05-09 11:10:00,1395.0,-588.75,806.25
2024-05-09 11:11:00,1503.75,-843.75,660.0
2024-05-09 11:12:00,1511.25,-866.25,645.0
2024-05-09 11:13:00,1451.25,-521.25,930.0
2024-05-09 11:14:00,1432.5,-626.25,806.25
2024-05-09 11:15:00,1455.0,-656.25,798.75
2024-05-09 11:16:00,1383.75,-472.5,911.25
2024-05-09 11:17:00,1428.75,-693.75,735.0
2024-05-09 11:18:00,1406.25,-671.25,735.0
2024-05-09 11:19:00,1387.5,-517.5,870.0
2024-05-09 11:20:00,1436.25,-873.75,562.5
2024-05-09 11:21:00,1361.25,-573.75,787.5
2024-05-09 11:22:00,1428.75,-705.0,723.75
2024-05-09 11:23:00,1440.0,-701.25,738.75
2024-05-09 11:24:00,1391.25,-588.75,802.5
2024-05-09 11:25:00,1492.5,-825.0,667.5
2024-05-09 11:26:00,1440.0,-738.75,701.25
2024-05-09 11:27:00,1395.0,-693.75,701.25
2024-05-09 11:28:00,1406.25,-723.75,682.5
2024-05-09 11:29:00,1481.25,-825.0,656.25
2024-05-09 11:30:00,1462.5,-798.75,663.75
2024-05-09 11:31:00,1432.5,-656.25,776.25
2024-05-09 11:32:00,1458.75,-682.5,776.25
2024-05-09 11:33:00,1428.75,-622.5,806.25
2024-05-09 11:34:00,1305.0,-330.0,975.0
2024-05-09 11:35:00,1353.75,-300.0,1053.75
2024-05-09 11:36:00,1293.75,-240.0,1053.75
2024-05-09 11:37:00,1387.5,-386.25,1001.25
2024-05-09 11:38:00,1350.0,-300.0,1050.0
2024-05-09 11:39:00,1383.75,-356.25,1027.5
2024-05-09 11:40:00,1226.25,116.25,1342.5
2024-05-09 11:41:00,1185.0,236.25,1421.25
2024-05-09 11:42:00,1308.75,-15.0,1293.75
2024-05-09 11:43:00,1305.0,-11.25,1293.75
2024-05-09 11:44:00,1260.0,33.75,1293.75
2024-05-09 11:45:00,1226.25,127.5,1353.75
2024-05-09 11:46:00,1252.5,120.0,1372.5
2024-05-09 11:47:00,1083.75,513.75,1597.5
2024-05-09 11:48:00,1136.25,427.5,1563.75
2024-05-09 11:49:00,1215.0,416.25,1631.25
2024-05-09 11:50:00,1297.5,371.25,1668.75
2024-05-09 11:51:00,1203.75,517.5,1721.25
2024-05-09 11:52:00,1192.5,588.75,1781.25
2024-05-09 11:53:00,1263.75,446.25,1710.0
2024-05-09 11:54:00,1323.75,378.75,1702.5
2024-05-09 11:55:00,1477.5,146.25,1623.75
2024-05-09 11:56:00,1462.5,176.25,1638.75
2024-05-09 11:57:00,1425.0,243.75,1668.75
2024-05-09 11:58:00,1387.5,341.25,1728.75
2024-05-09 11:59:00,1410.0,345.0,1755.0
2024-05-09 12:00:00,1365.0,483.75,1848.75
2024-05-09 12:01:00,1353.75,483.75,1837.5
2024-05-09 12:02:00,1350.0,457.5,1807.5
2024-05-09 12:03:00,1432.5,255.0,1687.5
2024-05-09 12:04:00,1368.75,322.5,1691.25
2024-05-09 12:05:00,1372.5,285.0,1657.5
2024-05-09 12:06:00,1380.0,266.25,1646.25
2024-05-09 12:07:00,1402.5,258.75,1661.25
2024-05-09 12:08:00,1395.0,277.5,1672.5
2024-05-09 12:09:00,1458.75,112.5,1571.25
2024-05-09 12:10:00,1458.75,135.0,1593.75
2024-05-09 12:11:00,1462.5,142.5,1605.0
2024-05-09 12:12:00,1451.25,210.0,1661.25
2024-05-09 12:13:00,1391.25,401.25,1792.5
2024-05-09 12:14:00,1380.0,360.0,1740.0
2024-05-09 12:15:00,1380.0,416.25,1796.25
2024-05-09 12:16:00,1368.75,405.0,1773.75
2024-05-09 12:17:00,1338.75,573.75,1912.5
2024-05-09 12:18:00,1380.0,615.0,1995.0
2024-05-09 12:19:00,1083.75,1203.75,2287.5
2024-05-09 12:20:00,1188.75,1136.25,2325.0
2024-05-09 12:21:00,1290.0,1065.0,2355.0
2024-05-09 12:22:00,1252.5,1065.0,2317.5
2024-05-09 12:23:00,1308.75,1038.75,2347.5
2024-05-09 12:24:00,1320.0,1008.75,2328.75
2024-05-09 12:25:00,1293.75,1038.75,2332.5
2024-05-09 12:26:00,1398.75,851.25,2250.0
2024-05-09 12:27:00,1608.75,543.75,2152.5
2024-05-09 12:28:00,1560.0,521.25,2081.25
2024-05-09 12:29:00,1537.5,581.25,2118.75
2024-05-09 12:30:00,1556.25,472.5,2028.75
2024-05-09 12:31:00,1616.25,288.75,1905.0
2024-05-09 12:32:00,1571.25,438.75,2010.0
2024-05-09 12:33:00,1571.25,412.5,1983.75
2024-05-09 12:34:00,1548.75,521.25,2070.0
2024-05-09 12:35:00,1530.0,596.25,2126.25
2024-05-09 12:36:00,1515.0,678.75,2193.75
2024-05-09 12:37:00,1548.75,532.5,2081.25
2024-05-09 12:38:00,1601.25,416.25,2017.5
2024-05-09 12:39:00,1623.75,262.5,1886.25
2024-05-09 12:40:00,1698.75,-180.0,1518.75
2024-05-09 12:41:00,1732.5,-202.5,1530.0
2024-05-09 12:42:00,1762.5,-517.5,1245.0
2024-05-09 12:43:00,1762.5,-401.25,1361.25
2024-05-09 12:44:00,1740.0,-198.75,1541.25
2024-05-09 12:45:00,1747.5,-491.25,1256.25
2024-05-09 12:46:00,1728.75,-270.0,1458.75
2024-05-09 12:47:00,1758.75,-930.0,828.75
2024-05-09 12:48:00,1826.25,-1635.0,191.25
2024-05-09 12:49:00,1886.25,-2103.75,-217.5
2024-05-09 12:50:00,1848.75,-2040.0,-191.25
2024-05-09 12:51:00,1800.0,-2107.5,-307.5
2024-05-09 12:52:00,2553.75,-3281.25,-727.5
2024-05-09 12:53:00,2895.0,-3997.5,-1102.5
2024-05-09 12:54:00,2707.5,-3262.5,-555.0
2024-05-09 12:55:00,2831.25,-3570.0,-738.75
2024-05-09 12:56:00,2831.25,-3446.25,-615.0
2024-05-09 12:57:00,2925.0,-3472.5,-547.5
2024-05-09 12:58:00,3318.75,-4698.75,-1380.0
2024-05-09 12:59:00,3045.0,-3813.75,-768.75
2024-05-09 13:00:00,3108.75,-3847.5,-738.75
2024-05-09 13:01:00,2947.5,-3251.25,-303.75
2024-05-09 13:02:00,2936.25,-3461.25,-525.0
2024-05-09 13:03:00,2996.25,-3333.75,-337.5
2024-05-09 13:04:00,2962.5,-2865.0,97.5
2024-05-09 13:05:00,3000.0,-2763.75,236.25
2024-05-09 13:06:00,3033.75,-2797.5,236.25
2024-05-09 13:07:00,3112.5,-2493.75,618.75
2024-05-09 13:08:00,3037.5,-2437.5,600.0
2024-05-09 13:09:00,3367.5,-2861.25,506.25
2024-05-09 13:10:00,3341.25,-2902.5,438.75
2024-05-09 13:11:00,3727.5,-3382.5,345.0
2024-05-09 13:12:00,3506.25,-2947.5,558.75
2024-05-09 13:13:00,3581.25,-3131.25,450.0
2024-05-09 13:14:00,3555.0,-2921.25,633.75
2024-05-09 13:15:00,3555.0,-2902.5,652.5
2024-05-09 13:16:00,3652.5,-3063.75,588.75
2024-05-09 13:17:00,3637.5,-2932.5,705.0
2024-05-09 13:18:00,3641.25,-2823.75,817.5
2024-05-09 13:19:00,3573.75,-2771.25,802.5
2024-05-09 13:20:00,3727.5,-3082.5,645.0
2024-05-09 13:21:00,4031.25,-4023.75,7.5
2024-05-09 13:22:00,4102.5,-3772.5,330.0
2024-05-09 13:23:00,4181.25,-3971.25,210.0
2024-05-09 13:24:00,4421.25,-4953.75,-532.5
2024-05-09 13:25:00,4466.25,-4848.75,-382.5
2024-05-09 13:26:00,4215.0,-3802.5,412.5
2024-05-09 13:27:00,4125.0,-3761.25,363.75
2024-05-09 13:28:00,4061.25,-3367.5,693.75
2024-05-09 13:29:00,3960.0,-3131.25,828.75
2024-05-09 13:30:00,4098.75,-3472.5,626.25
2024-05-09 13:31:00,4005.0,-3341.25,663.75
2024-05-09 13:32:00,3926.25,-2940.0,986.25
2024-05-09 13:33:00,4098.75,-3431.25,667.5
2024-05-09 13:34:00,4076.25,-3412.5,663.75
2024-05-09 13:35:00,4050.0,-3191.25,858.75
2024-05-09 13:36:00,4031.25,-3273.75,757.5
2024-05-09 13:37:00,4050.0,-3337.5,712.5
2024-05-09 13:38:00,3963.75,-3116.25,847.5
2024-05-09 13:39:00,4117.5,-3405.0,712.5
2024-05-09 13:40:00,3858.75,-2598.75,1260.0
2024-05-09 13:41:00,3855.0,-2707.5,1147.5
2024-05-09 13:42:00,3701.25,-2358.75,1342.5
2024-05-09 13:43:00,3960.0,-2737.5,1222.5
2024-05-09 13:44:00,4087.5,-3033.75,1053.75
2024-05-09 13:45:00,4061.25,-2921.25,1140.0
2024-05-09 13:46:00,3952.5,-2737.5,1215.0
2024-05-09 13:47:00,3945.0,-2535.0,1410.0
2024-05-09 13:48:00,3416.25,-1436.25,1980.0
2024-05-09 13:49:00,3333.75,-1267.5,2066.25
2024-05-09 13:50:00,3570.0,-1537.5,2032.5
2024-05-09 13:51:00,3787.5,-1687.5,2100.0
2024-05-09 13:52:00,3922.5,-1740.0,2182.5
2024-05-09 13:53:00,3885.0,-1710.0,2175.0
2024-05-09 13:54:00,4121.25,-2043.75,2077.5
2024-05-09 13:55:00,4387.5,-2685.0,1702.5
2024-05-09 13:56:00,4372.5,-2801.25,1571.25
2024-05-09 13:57:00,4537.5,-3187.5,1350.0
2024-05-09 13:58:00,4436.25,-2715.0,1721.25
2024-05-09 13:59:00,4406.25,-2302.5,2103.75
2024-05-09 14:00:00,4458.75,-2482.5,1976.25
2024-05-09 14:01:00,4597.5,-2928.75,1668.75
2024-05-09 14:02:00,4605.0,-2793.75,1811.25
2024-05-09 14:03:00,4762.5,-3363.75,1398.75
2024-05-09 14:04:00,4627.5,-2688.75,1938.75
2024-05-09 14:05:00,4548.75,-2272.5,2276.25
2024-05-09 14:06:00,4586.25,-2478.75,2107.5
2024-05-09 14:07:00,4492.5,-1942.5,2550.0
2024-05-09 14:08:00,4440.0,-1848.75,2591.25
2024-05-09 14:09:00,4380.0,-1455.0,2925.0
2024-05-09 14:10:00,4181.25,-1027.5,3153.75
2024-05-09 14:11:00,4215.0,-1158.75,3056.25
2024-05-09 14:12:00,4406.25,-1526.25,2880.0
2024-05-09 14:13:00,4488.75,-1736.25,2752.5
2024-05-09 14:14:00,4560.0,-1668.75,2891.25
2024-05-09 14:15:00,4361.25,-1226.25,3135.0
2024-05-09 14:16:00,4402.5,-1323.75,3078.75
2024-05-09 14:17:00,4635.0,-1695.0,2940.0
2024-05-09 14:18:00,4545.0,-1413.75,3131.25
2024-05-09 14:19:00,4627.5,-1586.25,3041.25
2024-05-09 14:20:00,4657.5,-1612.5,3045.0
2024-05-09 14:21:00,4635.0,-1511.25,3123.75
2024-05-09 14:22:00,4473.75,-1080.0,3393.75
2024-05-09 14:23:00,3978.75,-247.5,3731.25
2024-05-09 14:24:00,4398.75,-768.75,3630.0
2024-05-09 14:25:00,4773.75,-1395.0,3378.75
2024-05-09 14:26:00,4642.5,-1106.25,3536.25
2024-05-09 14:27:00,4642.5,-1008.75,3633.75
2024-05-09 14:28:00,4822.5,-1548.75,3273.75
2024-05-09 14:29:00,4875.0,-1905.0,2970.0
2024-05-09 14:30:00,4916.25,-1901.25,3015.0
2024-05-09 14:31:00,4908.75,-1751.25,3157.5
2024-05-09 14:32:00,4957.5,-1983.75,2973.75
2024-05-09 14:33:00,5025.0,-2580.0,2445.0
2024-05-09 14:34:00,5025.0,-3037.5,1987.5
2024-05-09 14:35:00,5021.25,-2842.5,2178.75
2024-05-09 14:36:00,5010.0,-2898.75,2111.25
2024-05-09 14:37:00,5096.25,-4327.5,768.75
2024-05-09 14:38:00,5081.25,-3933.75,1147.5
2024-05-09 14:39:00,5122.5,-4151.25,971.25
2024-05-09 14:40:00,5152.5,-4297.5,855.0
2024-05-09 14:41:00,5178.75,-4380.0,798.75
2024-05-09 14:42:00,5163.75,-4357.5,806.25
2024-05-09 14:43:00,5163.75,-4278.75,885.0
2024-05-09 14:44:00,5220.0,-4406.25,813.75
2024-05-09 14:45:00,5197.5,-4950.0,247.5
2024-05-09 14:46:00,5205.0,-4608.75,596.25
2024-05-09 14:47:00,5227.5,-4398.75,828.75
2024-05-09 14:48:00,5246.25,-4436.25,810.0
2024-05-09 14:49:00,5265.0,-4590.0,675.0
2024-05-09 14:50:00,5265.0,-4372.5,892.5
2024-05-09 14:51:00,5231.25,-4233.75,997.5
2024-05-09 14:52:00,5250.0,-4282.5,967.5
2024-05-09 14:53:00,5212.5,-4155.0,1057.5
2024-05-09 14:54:00,5242.5,-4170.0,1072.5
2024-05-09 14:55:00,5253.75,-4200.0,1053.75
2024-05-09 14:56:00,5253.75,-4185.0,1068.75
2024-05-09 14:57:00,5265.0,-4260.0,1005.0
2024-05-09 14:58:00,5276.25,-4207.5,1068.75
2024-05-09 14:59:00,5283.75,-4181.25,1102.5
2024-05-09 15:00:00,5287.5,-4158.75,1128.75
2024-05-09 15:01:00,5302.5,-4211.25,1091.25
2024-05-09 15:02:00,5306.25,-4140.0,1166.25
2024-05-09 15:03:00,5313.75,-4203.75,1110.0
2024-05-09 15:04:00,5310.0,-4233.75,1076.25
2024-05-09 15:05:00,5317.5,-4170.0,1147.5
2024-05-09 15:06:00,5321.25,-4263.75,1057.5
2024-05-09 15:07:00,5317.5,-4188.75,1128.75
2024-05-09 15:08:00,5317.5,-4166.25,1151.25
2024-05-09 15:09:00,5321.25,-4125.0,1196.25
2024-05-09 15:10:00,5321.25,-4102.5,1218.75
2024-05-09 15:11:00,5325.0,-4057.5,1267.5
2024-05-09 15:12:00,5328.75,-4042.5,1286.25
2024-05-09 15:13:00,5336.25,-4046.25,1290.0
2024-05-09 15:14:00,5328.75,-4068.75,1260.0
2024-05-09 15:15:00,5332.5,-4211.25,1121.25
2024-05-09 15:16:00,5336.25,-4200.0,1136.25
2024-05-09 15:17:00,5340.0,-4278.75,1061.25
2024-05-09 15:18:00,5332.5,-4162.5,1170.0
2024-05-09 15:19:00,5340.0,-4151.25,1188.75
2024-05-09 15:20:00,5336.25,-4076.25,1260.0
2024-05-09 15:21:00,5336.25,-4076.25,1260.0
2024-05-09 15:22:00,5336.25,-4076.25,1260.0
2024-05-09 15:23:00,5336.25,-4076.25,1260.0
2024-05-09 15:24:00,5336.25,-4076.25,1260.0
2024-05-09 15:25:00,5336.25,-4076.25,1260.0
2024-05-09 15:26:00,5336.25,-4076.25,1260.0
2024-05-09 15:27:00,5336.25,-4076.25,1260.0
2024-05-09 15:28:00,5336.25,-4076.25,1260.0
2024-05-09 15:29:00,5336.25,-4076.25,1260.0
2024-05-09 15:30:00,5336.25,-4076.25,1260.0
2024-05-16 10:15:00,0.0,0.0,0.0
2024-05-16 10:16:00,135.0,-86.25,48.75
2024-05-16 10:17:00,18.75,60.0,78.75
2024-05-16 10:18:00,135.0,-15.0,120.0
2024-05-16 10:19:00,195.0,-131.25,63.75
2024-05-16 10:20:00,408.75,-405.0,3.75
2024-05-16 10:21:00,513.75,-877.5,-363.75
2024-05-16 10:22:00,697.5,-1826.25,-1128.75
2024-05-16 10:23:00,802.5,-2306.25,-1503.75
2024-05-16 10:24:00,821.25,-2456.25,-1635.0
2024-05-16 10:25:00,851.25,-2347.5,-1496.25
2024-05-16 10:26:00,757.5,-2362.5,-1605.0
2024-05-16 10:27:00,802.5,-2321.25,-1518.75
2024-05-16 10:28:00,753.75,-2171.25,-1417.5
2024-05-16 10:29:00,746.25,-1845.0,-1098.75
2024-05-16 10:30:00,798.75,-1815.0,-1016.25
2024-05-16 10:31:00,731.25,-1432.5,-701.25
2024-05-16 10:32:00,772.5,-1530.0,-757.5
2024-05-16 10:33:00,712.5,-1147.5,-435.0
2024-05-16 10:34:00,686.25,-971.25,-285.0
2024-05-16 10:35:00,772.5,-1290.0,-517.5
2024-05-16 10:36:00,948.75,-1533.75,-585.0
2024-05-16 10:37:00,907.5,-1376.25,-468.75
2024-05-16 10:38:00,896.25,-1473.75,-577.5
2024-05-16 10:39:00,840.0,-1297.5,-457.5
2024-05-16 10:40:00,941.25,-1706.25,-765.0
2024-05-16 10:41:00,948.75,-1676.25,-727.5
2024-05-16 10:42:00,828.75,-1297.5,-468.75
2024-05-16 10:43:00,750.0,-915.0,-165.0
2024-05-16 10:44:00,660.0,-588.75,71.25
2024-05-16 10:45:00,697.5,-712.5,-15.0
2024-05-16 10:46:00,776.25,-851.25,-75.0
2024-05-16 10:47:00,1211.25,-1773.75,-562.5
2024-05-16 10:48:00,1293.75,-2640.0,-1346.25
2024-05-16 10:49:00,1286.25,-2910.0,-1623.75
2024-05-16 10:50:00,1327.5,-4042.5,-2715.0
2024-05-16 10:51:00,1230.0,-3341.25,-2111.25
2024-05-16 10:52:00,1106.25,-2925.0,-1818.75
2024-05-16 10:53:00,1125.0,-2681.25,-1556.25
2024-05-16 10:54:00,986.25,-2317.5,-1331.25
2024-05-16 10:55:00,982.5,-2332.5,-1350.0
2024-05-16 10:56:00,877.5,-2103.75,-1226.25
2024-05-16 10:57:00,930.0,-2130.0,-1200.0
2024-05-16 10:58:00,753.75,-1935.0,-1181.25
2024-05-16 10:59:00,945.0,-2167.5,-1222.5
2024-05-16 11:00:00,1140.0,-2283.75,-1143.75
2024-05-16 11:01:00,862.5,-1912.5,-1050.0
2024-05-16 11:02:00,941.25,-1976.25,-1035.0
2024-05-16 11:03:00,817.5,-1931.25,-1113.75
2024-05-16 11:04:00,607.5,-1620.0,-1012.5
2024-05-16 11:05:00,375.0,-1380.0,-1005.0
2024-05-16 11:06:00,641.25,-1770.0,-1128.75
2024-05-16 11:07:00,731.25,-1991.25,-1260.0
2024-05-16 11:08:00,885.0,-2235.0,-1350.0
2024-05-16 11:09:00,1035.0,-2426.25,-1391.25
2024-05-16 11:10:00,1627.5,-3296.25,-1668.75
2024-05-16 11:11:00,1481.25,-2643.75,-1162.5
2024-05-16 11:12:00,1413.75,-2568.75,-1155.0
2024-05-16 11:13:00,1402.5,-2501.25,-1098.75
2024-05-16 11:14:00,1398.75,-2505.0,-1106.25
2024-05-16 11:15:00,1428.75,-2520.0,-1091.25
2024-05-16 11:16:00,1413.75,-2610.0,-1196.25
2024-05-16 11:17:00,1541.25,-3082.5,-1541.25
2024-05-16 11:18:00,1788.75,-3480.0,-1691.25
2024-05-16 11:19:00,2115.0,-4132.5,-2017.5
2024-05-16 11:20:00,2186.25,-4417.5,-2231.25
2024-05-16 11:21:00,2160.0,-3832.5,-1672.5
2024-05-16 11:22:00,2055.0,-3431.25,-1376.25
2024-05-16 11:23:00,2032.5,-3183.75,-1151.25
2024-05-16 11:24:00,2017.5,-3018.75,-1001.25
2024-05-16 11:25:00,1905.0,-2670.0,-765.0
2024-05-16 11:26:00,1803.75,-2673.75,-870.0
2024-05-16 11:27:00,1683.75,-2520.0,-836.25
2024-05-16 11:28:00,1631.25,-2493.75,-862.5
2024-05-16 11:29:00,2028.75,-3180.0,-1151.25
2024-05-16 11:30:00,1965.0,-3048.75,-1083.75
2024-05-16 11:31:00,1983.75,-3082.5,-1098.75
2024-05-16 11:32:00,1923.75,-2932.5,-1008.75
2024-05-16 11:33:00,1762.5,-2591.25,-828.75
2024-05-16 11:34:00,1781.25,-2715.0,-933.75
2024-05-16 11:35:00,1815.0,-2767.5,-952.5
2024-05-16 11:36:00,1897.5,-2820.0,-922.5
2024-05-16 11:37:00,2145.0,-3300.0,-1155.0
2024-05-16 11:38:00,1665.0,-2171.25,-506.25
2024-05-16 11:39:00,1537.5,-2032.5,-495.0
2024-05-16 11:40:00,1522.5,-2111.25,-588.75
2024-05-16 11:41:00,1605.0,-2280.0,-675.0
2024-05-16 11:42:00,1867.5,-2478.75,-611.25
2024-05-16 11:43:00,1627.5,-2216.25,-588.75
2024-05-16 11:44:00,1376.25,-2070.0,-693.75
2024-05-16 11:45:00,675.0,-1275.0,-600.0
2024-05-16 11:46:00,1196.25,-1743.75,-547.5
2024-05-16 11:47:00,1398.75,-2002.5,-603.75
2024-05-16 11:48:00,1421.25,-2073.75,-652.5
2024-05-16 11:49:00,1635.0,-2433.75,-798.75
2024-05-16 11:50:00,1357.5,-1998.75,-641.25
2024-05-16 11:51:00,1282.5,-2047.5,-765.0
2024-05-16 11:52:00,1290.0,-2002.5,-712.5
2024-05-16 11:53:00,1567.5,-2328.75,-761.25
2024-05-16 11:54:00,1507.5,-2223.75,-716.25
2024-05-16 11:55:00,1451.25,-2280.0,-828.75
2024-05-16 11:56:00,1458.75,-2490.0,-1031.25
2024-05-16 11:57:00,1323.75,-2163.75,-840.0
2024-05-16 11:58:00,1417.5,-2415.0,-997.5
2024-05-16 11:59:00,1365.0,-2250.0,-885.0
2024-05-16 12:00:00,1203.75,-1972.5,-768.75
2024-05-16 12:01:00,1320.0,-2073.75,-753.75
2024-05-16 12:02:00,727.5,-1466.25,-738.75
2024-05-16 12:03:00,1053.75,-1762.5,-708.75
2024-05-16 12:04:00,1406.25,-2047.5,-641.25
2024-05-16 12:05:00,1503.75,-2246.25,-742.5
2024-05-16 12:06:00,1323.75,-2036.25,-712.5
2024-05-16 12:07:00,1293.75,-2062.5,-768.75
2024-05-16 12:08:00,941.25,-1706.25,-765.0
2024-05-16 12:09:00,-1657.5,-735.0,-2392.5
2024-05-16 12:10:00,-2651.25,97.5,-2553.75
2024-05-16 12:11:00,-2733.75,356.25,-2377.5
2024-05-16 12:12:00,-2910.0,723.75,-2186.25
2024-05-16 12:13:00,-2587.5,540.0,-2047.5
2024-05-16 12:14:00,-2733.75,588.75,-2145.0
2024-05-16 12:15:00,-4173.75,1365.0,-2808.75
2024-05-16 12:16:00,-3641.25,633.75,-3007.5
2024-05-16 12:17:00,-3888.75,933.75,-2955.0
2024-05-16 12:18:00,-3528.75,570.0,-2958.75
2024-05-16 12:19:00,-3450.0,517.5,-2932.5
2024-05-16 12:20:00,-3172.5,48.75,-3123.75
2024-05-16 12:21:00,-2932.5,-285.0,-3217.5
2024-05-16 12:22:00,-2985.0,-247.5,-3232.5
2024-05-16 12:23:00,-2962.5,-202.5,-3165.0
2024-05-16 12:24:00,-2921.25,-333.75,-3255.0
2024-05-16 12:25:00,-3030.0,-236.25,-3266.25
2024-05-16 12:26:00,-2921.25,-652.5,-3573.75
2024-05-16 12:27:00,-2595.0,-1608.75,-4203.75
2024-05-16 12:28:00,-2062.5,-6408.75,-8471.25
2024-05-16 12:29:00,-1860.0,-6011.25,-7871.25
2024-05-16 12:30:00,-1800.0,-6896.25,-8696.25
2024-05-16 12:31:00,-1751.25,-7207.5,-8958.75
2024-05-16 12:32:00,-1833.75,-5823.75,-7657.5
2024-05-16 12:33:00,-1807.5,-5805.0,-7612.5
2024-05-16 12:34:00,-1578.75,-8771.25,-10350.0
2024-05-16 12:35:00,-1650.0,-6506.25,-8156.25
2024-05-16 12:36:00,-1541.25,-6671.25,-8212.5
2024-05-16 12:37:00,-1616.25,-6596.25,-8212.5
2024-05-16 12:38:00,-1732.5,-6495.0,-8227.5
2024-05-16 12:39:00,-1837.5,-5985.0,-7822.5
2024-05-16 12:40:00,-1950.0,-5808.75,-7758.75
2024-05-16 12:41:00,-2028.75,-5831.25,-7860.0
2024-05-16 12:42:00,-2141.25,-5696.25,-7837.5
2024-05-16 12:43:00,-1923.75,-5947.5,-7871.25
2024-05-16 12:44:00,-1976.25,-5778.75,-7755.0
2024-05-16 12:45:00,-1713.75,-6146.25,-7860.0
2024-05-16 12:46:00,-2096.25,-5778.75,-7875.0
2024-05-16 12:47:00,-1695.0,-6348.75,-8043.75
2024-05-16 12:48:00,-1443.75,-6656.25,-8100.0
2024-05-16 12:49:00,-1635.0,-6461.25,-8096.25
2024-05-16 12:50:00,-1605.0,-6558.75,-8163.75
2024-05-16 12:51:00,-1815.0,-6296.25,-8111.25
2024-05-16 12:52:00,-2017.5,-5771.25,-7788.75
2024-05-16 12:53:00,-1567.5,-6555.0,-8122.5
2024-05-16 12:54:00,-1695.0,-6420.0,-8115.0
2024-05-16 12:55:00,-1563.75,-6592.5,-8156.25
2024-05-16 12:56:00,-1822.5,-6311.25,-8133.75
2024-05-16 12:57:00,-1845.0,-6150.0,-7995.0
2024-05-16 12:58:00,-1593.75,-6510.0,-8103.75
2024-05-16 12:59:00,-1297.5,-7833.75,-9131.25
2024-05-16 13:00:00,-1110.0,-8002.5,-9112.5
2024-05-16 13:01:00,-1162.5,-7391.25,-8553.75
2024-05-16 13:02:00,-1192.5,-7237.5,-8430.0
2024-05-16 13:03:00,-1185.0,-7252.5,-8437.5
2024-05-16 13:04:00,-1106.25,-7312.5,-8418.75
2024-05-16 13:05:00,-813.75,-8711.25,-9525.0
2024-05-16 13:06:00,-896.25,-8437.5,-9333.75
2024-05-16 13:07:00,-1031.25,-7593.75,-8625.0
2024-05-16 13:08:00,-1076.25,-7522.5,-8598.75
2024-05-16 13:09:00,-948.75,-7582.5,-8531.25
2024-05-16 13:10:00,-873.75,-7728.75,-8602.5
2024-05-16 13:11:00,-975.0,-7417.5,-8392.5
2024-05-16 13:12:00,-933.75,-7556.25,-8490.0
2024-05-16 13:13:00,-806.25,-8073.75,-8880.0
2024-05-16 13:14:00,-888.75,-7826.25,-8715.0
2024-05-16 13:15:00,-862.5,-7785.0,-8647.5
2024-05-16 13:16:00,-858.75,-7822.5,-8681.25
2024-05-16 13:17:00,-423.75,-10346.25,-10770.0
2024-05-16 13:18:00,-367.5,-10027.5,-10395.0
2024-05-16 13:19:00,-442.5,-9555.0,-9997.5
2024-05-16 13:20:00,-367.5,-9637.5,-10005.0
2024-05-16 13:21:00,-375.0,-9502.5,-9877.5
2024-05-16 13:22:00,-206.25,-10357.5,-10563.75
2024-05-16 13:23:00,-236.25,-10020.0,-10256.25
2024-05-16 13:24:00,-240.0,-10177.5,-10417.5
2024-05-16 13:25:00,-116.25,-10331.25,-10447.5
2024-05-16 13:26:00,-517.5,-10057.5,-10575.0
2024-05-16 13:27:00,-761.25,-9682.5,-10443.75
2024-05-16 13:28:00,-1050.0,-9251.25,-10301.25
2024-05-16 13:29:00,-750.0,-9480.0,-10230.0
2024-05-16 13:30:00,333.75,-10766.25,-10432.5
2024-05-16 13:31:00,423.75,-10406.25,-9982.5
2024-05-16 13:32:00,-3.75,-9888.75,-9892.5
2024-05-16 13:33:00,-217.5,-9577.5,-9795.0
2024-05-16 13:34:00,56.25,-9888.75,-9832.5
2024-05-16 13:35:00,881.25,-11062.5,-10181.25
2024-05-16 13:36:00,806.25,-10935.0,-10128.75
2024-05-16 13:37:00,442.5,-10338.75,-9896.25
2024-05-16 13:38:00,146.25,-9978.75,-9832.5
2024-05-16 13:39:00,-240.0,-9483.75,-9723.75
2024-05-16 13:40:00,401.25,-10065.0,-9663.75
2024-05-16 13:41:00,536.25,-10035.0,-9498.75
2024-05-16 13:42:00,-213.75,-9127.5,-9341.25
2024-05-16 13:43:00,427.5,-9791.25,-9363.75
2024-05-16 13:44:00,716.25,-9810.0,-9093.75
2024-05-16 13:45:00,686.25,-9798.75,-9112.5
2024-05-16 13:46:00,821.25,-9858.75,-9037.5
2024-05-16 13:47:00,1166.25,-10072.5,-8906.25
2024-05-16 13:48:00,1702.5,-10635.0,-8932.5
2024-05-16 13:49:00,1207.5,-9978.75,-8771.25
2024-05-16 13:50:00,930.0,-9555.0,-8625.0
2024-05-16 13:51:00,502.5,-8940.0,-8437.5
2024-05-16 13:52:00,663.75,-9112.5,-8448.75
2024-05-16 13:53:00,-221.25,-8077.5,-8298.75
2024-05-16 13:54:00,86.25,-8373.75,-8287.5
2024-05-16 13:55:00,420.0,-8553.75,-8133.75
2024-05-16 13:56:00,202.5,-8385.0,-8182.5
2024-05-16 13:57:00,-825.0,-7353.75,-8178.75
2024-05-16 13:58:00,-1207.5,-7023.75,-8231.25
2024-05-16 13:59:00,-720.0,-7335.0,-8055.0
2024-05-16 14:00:00,-926.25,-6922.5,-7848.75
2024-05-16 14:01:00,-1623.75,-6483.75,-8107.5
2024-05-16 14:02:00,-1803.75,-6153.75,-7957.5
2024-05-16 14:03:00,-2193.75,-5662.5,-7856.25
2024-05-16 14:04:00,-1492.5,-6108.75,-7601.25
2024-05-16 14:05:00,-303.75,-6862.5,-7166.25
2024-05-16 14:06:00,1717.5,-9600.0,-7882.5
2024-05-16 14:07:00,2047.5,-10023.75,-7976.25
2024-05-16 14:08:00,1597.5,-9093.75,-7496.25
2024-05-16 14:09:00,1560.0,-8865.0,-7305.0
2024-05-16 14:10:00,1875.0,-9135.0,-7260.0
2024-05-16 14:11:00,1841.25,-9247.5,-7406.25
2024-05-16 14:12:00,2122.5,-9547.5,-7425.0
2024-05-16 14:13:00,2272.5,-9915.0,-7642.5
2024-05-16 14:14:00,2220.0,-9862.5,-7642.5
2024-05-16 14:15:00,2328.75,-9757.5,-7428.75
2024-05-16 14:16:00,1923.75,-9052.5,-7128.75
2024-05-16 14:17:00,1398.75,-8133.75,-6735.0
2024-05-16 14:18:00,3.75,-6735.0,-6731.25
2024-05-16 14:19:00,701.25,-7286.25,-6585.0
2024-05-16 14:20:00,723.75,-7245.0,-6521.25
2024-05-16 14:21:00,1113.75,-7545.0,-6431.25
2024-05-16 14:22:00,210.0,-6596.25,-6386.25
2024-05-16 14:23:00,-468.75,-5996.25,-6465.0
2024-05-16 14:24:00,-435.0,-6018.75,-6453.75
2024-05-16 14:25:00,-1526.25,-5257.5,-6783.75
2024-05-16 14:26:00,-1222.5,-5523.75,-6746.25
2024-05-16 14:27:00,-851.25,-5636.25,-6487.5
2024-05-16 14:28:00,-933.75,-5546.25,-6480.0
2024-05-16 14:29:00,-1125.0,-5523.75,-6648.75
2024-05-16 14:30:00,-1215.0,-5272.5,-6487.5
2024-05-16 14:31:00,-2175.0,-4620.0,-6795.0
2024-05-16 14:32:00,-3116.25,-4061.25,-7177.5
2024-05-16 14:33:00,-3900.0,-3795.0,-7695.0
2024-05-16 14:34:00,-5227.5,-3270.0,-8497.5
2024-05-16 14:35:00,-4267.5,-3491.25,-7758.75
2024-05-16 14:36:00,-3690.0,-3787.5,-7477.5
2024-05-16 14:37:00,-3686.25,-3735.0,-7421.25
2024-05-16 14:38:00,-4173.75,-3225.0,-7398.75
2024-05-16 14:39:00,-4687.5,-2812.5,-7500.0
2024-05-16 14:40:00,-5250.0,-2711.25,-7961.25
2024-05-16 14:41:00,-7241.25,-2531.25,-9772.5
2024-05-16 14:42:00,-9397.5,-2490.0,-11887.5
2024-05-16 14:43:00,-6225.0,-2640.0,-8865.0
2024-05-16 14:44:00,-9157.5,-2291.25,-11448.75
2024-05-16 14:45:00,-9645.0,-2336.25,-11981.25
2024-05-16 14:46:00,-10548.75,-1968.75,-12517.5
2024-05-16 14:47:00,-9686.25,-2197.5,-11883.75
2024-05-16 14:48:00,-9255.0,-2197.5,-11452.5
2024-05-16 14:49:00,-9945.0,-1661.25,-11606.25
2024-05-16 14:50:00,-9457.5,-1706.25,-11163.75
2024-05-16 14:51:00,-11336.25,-1380.0,-12716.25
2024-05-16 14:52:00,-10631.25,-1507.5,-12138.75
2024-05-16 14:53:00,-13072.5,-1308.75,-14381.25
2024-05-16 14:54:00,-14231.25,-1308.75,-15540.0
2024-05-16 14:55:00,-14096.25,-1308.75,-15405.0
2024-05-16 14:56:00,-14130.0,-1226.25,-15356.25
2024-05-16 14:57:00,-14193.75,-1136.25,-15330.0
2024-05-16 14:58:00,-14062.5,-1158.75,-15221.25
2024-05-16 14:59:00,-14235.0,-1136.25,-15371.25
2024-05-16 15:00:00,-14302.5,-1110.0,-15412.5
2024-05-16 15:01:00,-14433.75,-1027.5,-15461.25
2024-05-16 15:02:00,-15120.0,-997.5,-16117.5
2024-05-16 15:03:00,-14651.25,-1023.75,-15675.0
2024-05-16 15:04:00,-14306.25,-990.0,-15296.25
2024-05-16 15:05:00,-14493.75,-915.0,-15408.75
2024-05-16 15:06:00,-14865.0,-952.5,-15817.5
2024-05-16 15:07:00,-14910.0,-922.5,-15832.5
2024-05-16 15:08:00,-14471.25,-911.25,-15382.5
2024-05-16 15:09:00,-14445.0,-885.0,-15330.0
2024-05-16 15:10:00,-14006.25,-896.25,-14902.5
2024-05-16 15:11:00,-14040.0,-881.25,-14921.25
2024-05-16 15:12:00,-13980.0,-873.75,-14853.75
2024-05-16 15:13:00,-13946.25,-873.75,-14820.0
2024-05-16 15:14:00,-13935.0,-870.0,-14805.0
2024-05-16 15:15:00,-13875.0,-870.0,-14745.0
2024-05-16 15:16:00,-14130.0,-847.5,-14977.5
2024-05-16 15:17:00,-14268.75,-847.5,-15116.25
2024-05-16 15:18:00,-14400.0,-851.25,-15251.25
2024-05-16 15:19:00,-14325.0,-843.75,-15168.75
2024-05-16 15:20:00,-14077.5,-851.25,-14928.75
2024-05-16 15:21:00,-14077.5,-851.25,-14928.75
2024-05-16 15:22:00,-14077.5,-851.25,-14928.75
2024-05-16 15:23:00,-14077.5,-851.25,-14928.75
2024-05-16 15:24:00,-14077.5,-851.25,-14928.75
2024-05-16 15:25:00,-14077.5,-851.25,-14928.75
2024-05-16 15:26:00,-14077.5,-851.25,-14928.75
2024-05-16 15:27:00,-14077.5,-851.25,-14928.75
2024-05-16 15:28:00,-14077.5,-851.25,-14928.75
2024-05-16 15:29:00,-14077.5,-851.25,-14928.75
2024-05-16 15:30:00,-14077.5,-851.25,-14928.75
2024-05-23 10:15:00,0.0,0.0,0.0
2024-05-23 10:16:00,-198.75,191.25,-7.5
2024-05-23 10:17:00,-67.5,78.75,11.25
2024-05-23 10:18:00,52.5,-7.5,45.0
2024-05-23 10:19:00,-22.5,82.5,60.0
2024-05-23 10:20:00,-195.0,303.75,108.75
2024-05-23 10:21:00,-1023.75,600.0,-423.75
2024-05-23 10:22:00,-1181.25,701.25,-480.0
2024-05-23 10:23:00,-855.0,630.0,-225.0
2024-05-23 10:24:00,-840.0,607.5,-232.5
2024-05-23 10:25:00,-915.0,630.0,-285.0
2024-05-23 10:26:00,-776.25,570.0,-206.25
2024-05-23 10:27:00,-840.0,622.5,-217.5
2024-05-23 10:28:00,-656.25,540.0,-116.25
2024-05-23 10:29:00,-476.25,528.75,52.5
2024-05-23 10:30:00,-487.5,536.25,48.75
2024-05-23 10:31:00,-356.25,386.25,30.0
2024-05-23 10:32:00,-393.75,420.0,26.25
2024-05-23 10:33:00,-450.0,435.0,-15.0
2024-05-23 10:34:00,-465.0,480.0,15.0
2024-05-23 10:35:00,-363.75,397.5,33.75
2024-05-23 10:36:00,-382.5,356.25,-26.25
2024-05-23 10:37:00,-487.5,465.0,-22.5
2024-05-23 10:38:00,-326.25,326.25,0.0
2024-05-23 10:39:00,-442.5,487.5,45.0
2024-05-23 10:40:00,-367.5,420.0,52.5
2024-05-23 10:41:00,-266.25,337.5,71.25
2024-05-23 10:42:00,-352.5,420.0,67.5
2024-05-23 10:43:00,573.75,-903.75,-330.0
2024-05-23 10:44:00,303.75,-63.75,240.0
2024-05-23 10:45:00,360.0,-105.0,255.0
2024-05-23 10:46:00,270.0,108.75,378.75
2024-05-23 10:47:00,168.75,236.25,405.0
2024-05-23 10:48:00,180.0,225.0,405.0
2024-05-23 10:49:00,3.75,386.25,390.0
2024-05-23 10:50:00,56.25,277.5,333.75
2024-05-23 10:51:00,63.75,228.75,292.5
2024-05-23 10:52:00,7.5,326.25,333.75
2024-05-23 10:53:00,-187.5,382.5,195.0
2024-05-23 10:54:00,-720.0,690.0,-30.0
2024-05-23 10:55:00,-487.5,592.5,105.0
2024-05-23 10:56:00,-495.0,502.5,7.5
2024-05-23 10:57:00,-502.5,581.25,78.75
2024-05-23 10:58:00,-330.0,615.0,285.0
2024-05-23 10:59:00,-243.75,555.0,311.25
2024-05-23 11:00:00,-202.5,555.0,352.5
2024-05-23 11:01:00,-307.5,615.0,307.5
2024-05-23 11:02:00,-281.25,581.25,300.0
2024-05-23 11:03:00,-172.5,551.25,378.75
2024-05-23 11:04:00,-397.5,870.0,472.5
2024-05-23 11:05:00,-633.75,896.25,262.5
2024-05-23 11:06:00,-423.75,787.5,363.75
2024-05-23 11:07:00,-288.75,731.25,442.5
2024-05-23 11:08:00,-142.5,622.5,480.0
2024-05-23 11:09:00,-127.5,648.75,521.25
2024-05-23 11:10:00,-135.0,671.25,536.25
2024-05-23 11:11:00,-307.5,761.25,453.75
2024-05-23 11:12:00,-258.75,708.75,450.0
2024-05-23 11:13:00,-67.5,596.25,528.75
2024-05-23 11:14:00,-82.5,603.75,521.25
2024-05-23 11:15:00,-82.5,615.0,532.5
2024-05-23 11:16:00,-187.5,693.75,506.25
2024-05-23 11:17:00,-315.0,825.0,510.0
2024-05-23 11:18:00,-386.25,783.75,397.5
2024-05-23 11:19:00,-333.75,780.0,446.25
2024-05-23 11:20:00,-326.25,798.75,472.5
2024-05-23 11:21:00,-498.75,933.75,435.0
2024-05-23 11:22:00,-686.25,967.5,281.25
2024-05-23 11:23:00,-491.25,896.25,405.0
2024-05-23 11:24:00,-318.75,768.75,450.0
2024-05-23 11:25:00,-345.0,727.5,382.5
2024-05-23 11:26:00,-405.0,836.25,431.25
2024-05-23 11:27:00,-457.5,832.5,375.0
2024-05-23 11:28:00,-423.75,735.0,311.25
2024-05-23 11:29:00,-603.75,851.25,247.5
2024-05-23 11:30:00,-607.5,896.25,288.75
2024-05-23 11:31:00,-723.75,903.75,180.0
2024-05-23 11:32:00,-742.5,930.0,187.5
2024-05-23 11:33:00,-525.0,851.25,326.25
2024-05-23 11:34:00,-543.75,858.75,315.0
2024-05-23 11:35:00,-491.25,828.75,337.5
2024-05-23 11:36:00,-573.75,847.5,273.75
2024-05-23 11:37:00,-648.75,937.5,288.75
2024-05-23 11:38:00,-806.25,960.0,153.75
2024-05-23 11:39:00,-802.5,963.75,161.25
2024-05-23 11:40:00,-712.5,975.0,262.5
2024-05-23 11:41:00,-686.25,948.75,262.5
2024-05-23 11:42:00,-742.5,1008.75,266.25
2024-05-23 11:43:00,-930.0,1072.5,142.5
2024-05-23 11:44:00,-772.5,1027.5,255.0
2024-05-23 11:45:00,-626.25,952.5,326.25
2024-05-23 11:46:00,-525.0,907.5,382.5
2024-05-23 11:47:00,-746.25,1020.0,273.75
2024-05-23 11:48:00,-453.75,900.0,446.25
2024-05-23 11:49:00,-521.25,978.75,457.5
2024-05-23 11:50:00,-596.25,1012.5,416.25
2024-05-23 11:51:00,-701.25,1042.5,341.25
2024-05-23 11:52:00,-607.5,1016.25,408.75
2024-05-23 11:53:00,-787.5,1188.75,401.25
2024-05-23 11:54:00,-825.0,1230.0,405.0
2024-05-23 11:55:00,-798.75,1218.75,420.0
2024-05-23 11:56:00,-727.5,1305.0,577.5
2024-05-23 11:57:00,-896.25,1425.0,528.75
2024-05-23 11:58:00,-1923.75,1447.5,-476.25
2024-05-23 11:59:00,-1901.25,1368.75,-532.5
2024-05-23 12:00:00,-1672.5,1380.0,-292.5
2024-05-23 12:01:00,-1661.25,1383.75,-277.5
2024-05-23 12:02:00,-1361.25,1338.75,-22.5
2024-05-23 12:03:00,-1237.5,1320.0,82.5
2024-05-23 12:04:00,-1443.75,1353.75,-90.0
2024-05-23 12:05:00,-1331.25,1305.0,-26.25
2024-05-23 12:06:00,-1447.5,1316.25,-131.25
2024-05-23 12:07:00,-1338.75,1305.0,-33.75
2024-05-23 12:08:00,-1458.75,1361.25,-97.5
2024-05-23 12:09:00,-1537.5,1365.0,-172.5
2024-05-23 12:10:00,-1552.5,1380.0,-172.5
2024-05-23 12:11:00,-1635.0,1421.25,-213.75
2024-05-23 12:12:00,-1661.25,1443.75,-217.5
2024-05-23 12:13:00,-1507.5,1406.25,-101.25
2024-05-23 12:14:00,-1530.0,1421.25,-108.75
2024-05-23 12:15:00,-1560.0,1440.0,-120.0
2024-05-23 12:16:00,-1541.25,1440.0,-101.25
2024-05-23 12:17:00,-1642.5,1458.75,-183.75
2024-05-23 12:18:00,-1683.75,1473.75,-210.0
2024-05-23 12:19:00,-1635.0,1477.5,-157.5
2024-05-23 12:20:00,-1781.25,1500.0,-281.25
2024-05-23 12:21:00,-1818.75,1470.0,-348.75
2024-05-23 12:22:00,-1961.25,1503.75,-457.5
2024-05-23 12:23:00,-1863.75,1462.5,-401.25
2024-05-23 12:24:00,-1848.75,1443.75,-405.0
2024-05-23 12:25:00,-1931.25,1451.25,-480.0
2024-05-23 12:26:00,-2028.75,1458.75,-570.0
2024-05-23 12:27:00,-1762.5,1387.5,-375.0
2024-05-23 12:28:00,-2250.0,1552.5,-697.5
2024-05-23 12:29:00,-2328.75,1518.75,-810.0
2024-05-23 12:30:00,-4338.75,1425.0,-2913.75
2024-05-23 12:31:00,-2715.0,1417.5,-1297.5
2024-05-23 12:32:00,-2595.0,1458.75,-1136.25
2024-05-23 12:33:00,-2542.5,1436.25,-1106.25
2024-05-23 12:34:00,-2835.0,1458.75,-1376.25
2024-05-23 12:35:00,-3015.0,1530.0,-1485.0
2024-05-23 12:36:00,-2887.5,1470.0,-1417.5
2024-05-23 12:37:00,-3813.75,1470.0,-2343.75
2024-05-23 12:38:00,-5242.5,1601.25,-3641.25
2024-05-23 12:39:00,-5280.0,1623.75,-3656.25
2024-05-23 12:40:00,-4507.5,1590.0,-2917.5
2024-05-23 12:41:00,-4612.5,1533.75,-3078.75
2024-05-23 12:42:00,-4833.75,1635.0,-3198.75
2024-05-23 12:43:00,-4680.0,1545.0,-3135.0
2024-05-23 12:44:00,-5156.25,1916.25,-3240.0
2024-05-23 12:45:00,-4845.0,1725.0,-3120.0
2024-05-23 12:46:00,-5100.0,1777.5,-3322.5
2024-05-23 12:47:00,-4908.75,1702.5,-3206.25
2024-05-23 12:48:00,-4721.25,1612.5,-3108.75
2024-05-23 12:49:00,-4410.0,1473.75,-2936.25
2024-05-23 12:50:00,-4398.75,1500.0,-2898.75
2024-05-23 12:51:00,-4567.5,1515.0,-3052.5
2024-05-23 12:52:00,-4395.0,1410.0,-2985.0
2024-05-23 12:53:00,-3945.0,1275.0,-2670.0
2024-05-23 12:54:00,-3997.5,1395.0,-2602.5
2024-05-23 12:55:00,-4170.0,1612.5,-2557.5
2024-05-23 12:56:00,-4758.75,2265.0,-2493.75
2024-05-23 12:57:00,-4578.75,2201.25,-2377.5
2024-05-23 12:58:00,-5253.75,2958.75,-2295.0
2024-05-23 12:59:00,-4882.5,2756.25,-2126.25
2024-05-23 13:00:00,-4845.0,2763.75,-2081.25
2024-05-23 13:01:00,-4848.75,2767.5,-2081.25
2024-05-23 13:02:00,-4826.25,2752.5,-2073.75
2024-05-23 13:03:00,-4781.25,2876.25,-1905.0
2024-05-23 13:04:00,-4428.75,2771.25,-1657.5
2024-05-23 13:05:00,-3855.0,2377.5,-1477.5
2024-05-23 13:06:00,-4110.0,2463.75,-1646.25
2024-05-23 13:07:00,-4837.5,2985.0,-1852.5
2024-05-23 13:08:00,-3918.75,2516.25,-1402.5
2024-05-23 13:09:00,-4143.75,2636.25,-1507.5
2024-05-23 13:10:00,-4177.5,2685.0,-1492.5
2024-05-23 13:11:00,-3993.75,2598.75,-1395.0
2024-05-23 13:12:00,-4016.25,2568.75,-1447.5
2024-05-23 13:13:00,-4031.25,2617.5,-1413.75
2024-05-23 13:14:00,-3723.75,2501.25,-1222.5
2024-05-23 13:15:00,-3603.75,2456.25,-1147.5
2024-05-23 13:16:00,-2853.75,1545.0,-1308.75
2024-05-23 13:17:00,-3030.0,1890.0,-1140.0
2024-05-23 13:18:00,-3157.5,2021.25,-1136.25
2024-05-23 13:19:00,-3090.0,2036.25,-1053.75
2024-05-23 13:20:00,-2501.25,1796.25,-705.0
2024-05-23 13:21:00,-2610.0,1777.5,-832.5
2024-05-23 13:22:00,-2625.0,1920.0,-705.0
2024-05-23 13:23:00,-2088.75,1687.5,-401.25
2024-05-23 13:24:00,-2295.0,1822.5,-472.5
2024-05-23 13:25:00,-2422.5,1927.5,-495.0
2024-05-23 13:26:00,-4226.25,3675.0,-551.25
2024-05-23 13:27:00,-4500.0,3813.75,-686.25
2024-05-23 13:28:00,-4290.0,3558.75,-731.25
2024-05-23 13:29:00,-3930.0,3450.0,-480.0
2024-05-23 13:30:00,-4027.5,3528.75,-498.75
2024-05-23 13:31:00,-3997.5,3476.25,-521.25
2024-05-23 13:32:00,-3933.75,3483.75,-450.0
2024-05-23 13:33:00,-4151.25,3720.0,-431.25
2024-05-23 13:34:00,-3108.75,3206.25,97.5
2024-05-23 13:35:00,-3052.5,3213.75,161.25
2024-05-23 13:36:00,-2928.75,3172.5,243.75
2024-05-23 13:37:00,-2835.0,3172.5,337.5
2024-05-23 13:38:00,-2576.25,2996.25,420.0
2024-05-23 13:39:00,-2835.0,3363.75,528.75
2024-05-23 13:40:00,-2752.5,3330.0,577.5
2024-05-23 13:41:00,-2831.25,3438.75,607.5
2024-05-23 13:42:00,-3063.75,3682.5,618.75
2024-05-23 13:43:00,-2681.25,3412.5,731.25
2024-05-23 13:44:00,-2838.75,3480.0,641.25
2024-05-23 13:45:00,-2718.75,3525.0,806.25
2024-05-23 13:46:00,-2831.25,3603.75,772.5
2024-05-23 13:47:00,-2276.25,3251.25,975.0
2024-05-23 13:48:00,-2396.25,3318.75,922.5
2024-05-23 13:49:00,-2662.5,3615.0,952.5
2024-05-23 13:50:00,-2988.75,3795.0,806.25
2024-05-23 13:51:00,-3618.75,4110.0,491.25
2024-05-23 13:52:00,-3322.5,3971.25,648.75
2024-05-23 13:53:00,-3903.75,4252.5,348.75
2024-05-23 13:54:00,-3498.75,4143.75,645.0
2024-05-23 13:55:00,-3742.5,4230.0,487.5
2024-05-23 13:56:00,-3626.25,4192.5,566.25
2024-05-23 13:57:00,-3270.0,4068.75,798.75
2024-05-23 13:58:00,-3318.75,4110.0,791.25
2024-05-23 13:59:00,-3307.5,4136.25,828.75
2024-05-23 14:00:00,-3262.5,4170.0,907.5
2024-05-23 14:01:00,-3513.75,4473.75,960.0
2024-05-23 14:02:00,-3930.0,4691.25,761.25
2024-05-23 14:03:00,-3873.75,4721.25,847.5
2024-05-23 14:04:00,-4050.0,4751.25,701.25
2024-05-23 14:05:00,-3937.5,4728.75,791.25
2024-05-23 14:06:00,-3956.25,4725.0,768.75
2024-05-23 14:07:00,-4042.5,4882.5,840.0
2024-05-23 14:08:00,-4053.75,4946.25,892.5
2024-05-23 14:09:00,-3993.75,4815.0,821.25
2024-05-23 14:10:00,-3956.25,4811.25,855.0
2024-05-23 14:11:00,-3967.5,4796.25,828.75
2024-05-23 14:12:00,-4256.25,4905.0,648.75
2024-05-23 14:13:00,-4245.0,5006.25,761.25
2024-05-23 14:14:00,-4458.75,5103.75,645.0
2024-05-23 14:15:00,-4800.0,5250.0,450.0
2024-05-23 14:16:00,-4803.75,5325.0,521.25
2024-05-23 14:17:00,-5280.0,5366.25,86.25
2024-05-23 14:18:00,-5246.25,5317.5,71.25
2024-05-23 14:19:00,-5231.25,5433.75,202.5
2024-05-23 14:20:00,-5178.75,5381.25,202.5
2024-05-23 14:21:00,-4897.5,5313.75,416.25
2024-05-23 14:22:00,-5156.25,5355.0,198.75
2024-05-23 14:23:00,-5317.5,5501.25,183.75
2024-05-23 14:24:00,-5141.25,5452.5,311.25
2024-05-23 14:25:00,-5205.0,5587.5,382.5
2024-05-23 14:26:00,-5486.25,5677.5,191.25
2024-05-23 14:27:00,-5722.5,5703.75,-18.75
2024-05-23 14:28:00,-5508.75,5658.75,150.0
2024-05-23 14:29:00,-4920.0,5520.0,600.0
2024-05-23 14:30:00,-4796.25,5388.75,592.5
2024-05-23 14:31:00,-4233.75,4980.0,746.25
2024-05-23 14:32:00,-4297.5,4935.0,637.5
2024-05-23 14:33:00,-4121.25,4983.75,862.5
2024-05-23 14:34:00,-4402.5,5478.75,1076.25
2024-05-23 14:35:00,-4181.25,5317.5,1136.25
2024-05-23 14:36:00,-4125.0,5066.25,941.25
2024-05-23 14:37:00,-3997.5,4957.5,960.0
2024-05-23 14:38:00,-4005.0,4983.75,978.75
2024-05-23 14:39:00,-4185.0,5336.25,1151.25
2024-05-23 14:40:00,-4297.5,5437.5,1140.0
2024-05-23 14:41:00,-4380.0,5550.0,1170.0
2024-05-23 14:42:00,-4845.0,5688.75,843.75
2024-05-23 14:43:00,-4533.75,5658.75,1125.0
2024-05-23 14:44:00,-4548.75,5681.25,1132.5
2024-05-23 14:45:00,-4428.75,5651.25,1222.5
2024-05-23 14:46:00,-4413.75,5632.5,1218.75
2024-05-23 14:47:00,-4518.75,5730.0,1211.25
2024-05-23 14:48:00,-4136.25,5636.25,1500.0
2024-05-23 14:49:00,-4346.25,5677.5,1331.25
2024-05-23 14:50:00,-4151.25,5583.75,1432.5
2024-05-23 14:51:00,-4008.75,5456.25,1447.5
2024-05-23 14:52:00,-3802.5,5336.25,1533.75
2024-05-23 14:53:00,-3783.75,5471.25,1687.5
2024-05-23 14:54:00,-3956.25,5737.5,1781.25
2024-05-23 14:55:00,-4132.5,5816.25,1683.75
2024-05-23 14:56:00,-3948.75,5767.5,1818.75
2024-05-23 14:57:00,-3693.75,5651.25,1957.5
2024-05-23 14:58:00,-3840.0,5797.5,1957.5
2024-05-23 14:59:00,-3978.75,5857.5,1878.75
2024-05-23 15:00:00,-3630.0,5827.5,2197.5
2024-05-23 15:01:00,-3963.75,5958.75,1995.0
2024-05-23 15:02:00,-3720.0,5970.0,2250.0
2024-05-23 15:03:00,-3600.0,6018.75,2418.75
2024-05-23 15:04:00,-3787.5,6048.75,2261.25
2024-05-23 15:05:00,-4076.25,6052.5,1976.25
2024-05-23 15:06:00,-3720.0,6048.75,2328.75
2024-05-23 15:07:00,-3723.75,6052.5,2328.75
2024-05-23 15:08:00,-3693.75,6078.75,2385.0
2024-05-23 15:09:00,-3971.25,6090.0,2118.75
2024-05-23 15:10:00,-4931.25,6097.5,1166.25
2024-05-23 15:11:00,-4725.0,6097.5,1372.5
2024-05-23 15:12:00,-4672.5,6090.0,1417.5
2024-05-23 15:13:00,-4481.25,6097.5,1616.25
2024-05-23 15:14:00,-4305.0,6101.25,1796.25
2024-05-23 15:15:00,-4425.0,6105.0,1680.0
2024-05-23 15:16:00,-4503.75,6105.0,1601.25
2024-05-23 15:17:00,-4567.5,6120.0,1552.5
2024-05-23 15:18:00,-4777.5,6116.25,1338.75
2024-05-23 15:19:00,-4721.25,6120.0,1398.75
2024-05-23 15:20:00,-4841.25,6123.75,1282.5
2024-05-23 15:21:00,-4841.25,6123.75,1282.5
2024-05-23 15:22:00,-4841.25,6123.75,1282.5
2024-05-23 15:23:00,-4841.25,6123.75,1282.5
2024-05-23 15:24:00,-4841.25,6123.75,1282.5
2024-05-23 15:25:00,-4841.25,6123.75,1282.5
2024-05-23 15:26:00,-4841.25,6123.75,1282.5
2024-05-23 15:27:00,-4841.25,6123.75,1282.5
2024-05-23 15:28:00,-4841.25,6123.75,1282.5
2024-05-23 15:29:00,-4841.25,6123.75,1282.5
2024-05-23 15:30:00,-4841.25,6123.75,1282.5
2024-06-13 10:15:00,0.0,0.0,0.0
2024-06-13 10:16:00,112.5,11.25,123.75
2024-06-13 10:17:00,292.5,-116.25,176.25
2024-06-13 10:18:00,7.5,202.5,210.0
2024-06-13 10:19:00,345.0,-120.0,225.0
2024-06-13 10:20:00,266.25,3.75,270.0
2024-06-13 10:21:00,375.0,-97.5,277.5
2024-06-13 10:22:00,217.5,161.25,378.75
2024-06-13 10:23:00,536.25,-176.25,360.0
2024-06-13 10:24:00,592.5,-303.75,288.75
2024-06-13 10:25:00,521.25,-41.25,480.0
2024-06-13 10:26:00,525.0,18.75,543.75
2024-06-13 10:27:00,555.0,-48.75,506.25
2024-06-13 10:28:00,633.75,-120.0,513.75
2024-06-13 10:29:00,765.0,-240.0,525.0
2024-06-13 10:30:00,813.75,-401.25,412.5
2024-06-13 10:31:00,753.75,-465.0,288.75
2024-06-13 10:32:00,705.0,-382.5,322.5
2024-06-13 10:33:00,780.0,-697.5,82.5
2024-06-13 10:34:00,663.75,-341.25,322.5
2024-06-13 10:35:00,663.75,-405.0,258.75
2024-06-13 10:36:00,622.5,-300.0,322.5
2024-06-13 10:37:00,660.0,-412.5,247.5
2024-06-13 10:38:00,645.0,-393.75,251.25
2024-06-13 10:39:00,690.0,-438.75,251.25
2024-06-13 10:40:00,712.5,-382.5,330.0
2024-06-13 10:41:00,678.75,-292.5,386.25
2024-06-13 10:42:00,543.75,67.5,611.25
2024-06-13 10:43:00,690.0,-116.25,573.75
2024-06-13 10:44:00,795.0,-195.0,600.0
2024-06-13 10:45:00,798.75,-300.0,498.75
2024-06-13 10:46:00,757.5,-135.0,622.5
2024-06-13 10:47:00,813.75,-345.0,468.75
2024-06-13 10:48:00,900.0,-382.5,517.5
2024-06-13 10:49:00,911.25,-468.75,442.5
2024-06-13 10:50:00,918.75,-405.0,513.75
2024-06-13 10:51:00,877.5,-288.75,588.75
2024-06-13 10:52:00,892.5,-382.5,510.0
2024-06-13 10:53:00,933.75,-495.0,438.75
2024-06-13 10:54:00,945.0,-495.0,450.0
2024-06-13 10:55:00,896.25,-236.25,660.0
2024-06-13 10:56:00,840.0,-97.5,742.5
2024-06-13 10:57:00,832.5,-93.75,738.75
2024-06-13 10:58:00,851.25,-153.75,697.5
2024-06-13 10:59:00,922.5,-180.0,742.5
2024-06-13 11:00:00,1012.5,-315.0,697.5
2024-06-13 11:01:00,1005.0,-386.25,618.75
2024-06-13 11:02:00,993.75,-258.75,735.0
2024-06-13 11:03:00,986.25,-176.25,810.0
2024-06-13 11:04:00,978.75,-146.25,832.5
2024-06-13 11:05:00,967.5,-112.5,855.0
2024-06-13 11:06:00,911.25,0.0,911.25
2024-06-13 11:07:00,858.75,138.75,997.5
2024-06-13 11:08:00,753.75,315.0,1068.75
2024-06-13 11:09:00,802.5,270.0,1072.5
2024-06-13 11:10:00,885.0,228.75,1113.75
2024-06-13 11:11:00,975.0,105.0,1080.0
2024-06-13 11:12:00,997.5,123.75,1121.25
2024-06-13 11:13:00,1106.25,-67.5,1038.75
2024-06-13 11:14:00,1121.25,-333.75,787.5
2024-06-13 11:15:00,1117.5,-172.5,945.0
2024-06-13 11:16:00,1091.25,-270.0,821.25
2024-06-13 11:17:00,1113.75,-228.75,885.0
2024-06-13 11:18:00,1125.0,-300.0,825.0
2024-06-13 11:19:00,1102.5,-225.0,877.5
2024-06-13 11:20:00,1143.75,-281.25,862.5
2024-06-13 11:21:00,1151.25,-408.75,742.5
2024-06-13 11:22:00,1125.0,-108.75,1016.25
2024-06-13 11:23:00,1188.75,-303.75,885.0
2024-06-13 11:24:00,1155.0,-288.75,866.25
2024-06-13 11:25:00,1192.5,-371.25,821.25
2024-06-13 11:26:00,1128.75,-236.25,892.5
2024-06-13 11:27:00,1117.5,-191.25,926.25
2024-06-13 11:28:00,1125.0,-172.5,952.5
2024-06-13 11:29:00,1098.75,-45.0,1053.75
2024-06-13 11:30:00,1087.5,157.5,1245.0
2024-06-13 11:31:00,952.5,420.0,1372.5
2024-06-13 11:32:00,1023.75,243.75,1267.5
2024-06-13 11:33:00,1102.5,168.75,1271.25
2024-06-13 11:34:00,1143.75,101.25,1245.0
2024-06-13 11:35:00,1128.75,138.75,1267.5
2024-06-13 11:36:00,1102.5,273.75,1376.25
2024-06-13 11:37:00,1076.25,303.75,1380.0
2024-06-13 11:38:00,1027.5,356.25,1383.75
2024-06-13 11:39:00,1031.25,348.75,1380.0
2024-06-13 11:40:00,1012.5,498.75,1511.25
2024-06-13 11:41:00,960.0,592.5,1552.5
2024-06-13 11:42:00,1020.0,483.75,1503.75
2024-06-13 11:43:00,993.75,521.25,1515.0
2024-06-13 11:44:00,990.0,487.5,1477.5
2024-06-13 11:45:00,1065.0,431.25,1496.25
2024-06-13 11:46:00,1068.75,453.75,1522.5
2024-06-13 11:47:00,967.5,573.75,1541.25
2024-06-13 11:48:00,828.75,746.25,1575.0
2024-06-13 11:49:00,753.75,817.5,1571.25
2024-06-13 11:50:00,727.5,825.0,1552.5
2024-06-13 11:51:00,708.75,813.75,1522.5
2024-06-13 11:52:00,765.0,791.25,1556.25
2024-06-13 11:53:00,731.25,780.0,1511.25
2024-06-13 11:54:00,397.5,907.5,1305.0
2024-06-13 11:55:00,270.0,1005.0,1275.0
2024-06-13 11:56:00,431.25,948.75,1380.0
2024-06-13 11:57:00,495.0,903.75,1398.75
2024-06-13 11:58:00,701.25,840.0,1541.25
2024-06-13 11:59:00,663.75,866.25,1530.0
2024-06-13 12:00:00,735.0,855.0,1590.0
2024-06-13 12:01:00,731.25,862.5,1593.75
2024-06-13 12:02:00,858.75,847.5,1706.25
2024-06-13 12:03:00,866.25,858.75,1725.0
2024-06-13 12:04:00,817.5,881.25,1698.75
2024-06-13 12:05:00,960.0,836.25,1796.25
2024-06-13 12:06:00,911.25,851.25,1762.5
2024-06-13 12:07:00,900.0,851.25,1751.25
2024-06-13 12:08:00,960.0,825.0,1785.0
2024-06-13 12:09:00,1016.25,787.5,1803.75
2024-06-13 12:10:00,982.5,911.25,1893.75
2024-06-13 12:11:00,915.0,926.25,1841.25
2024-06-13 12:12:00,892.5,960.0,1852.5
2024-06-13 12:13:00,1016.25,896.25,1912.5
2024-06-13 12:14:00,1072.5,870.0,1942.5
2024-06-13 12:15:00,1001.25,911.25,1912.5
2024-06-13 12:16:00,1057.5,892.5,1950.0
2024-06-13 12:17:00,1057.5,881.25,1938.75
2024-06-13 12:18:00,802.5,1121.25,1923.75
2024-06-13 12:19:00,750.0,1106.25,1856.25
2024-06-13 12:20:00,922.5,1061.25,1983.75
2024-06-13 12:21:00,915.0,1061.25,1976.25
2024-06-13 12:22:00,967.5,1020.0,1987.5
2024-06-13 12:23:00,903.75,1023.75,1927.5
2024-06-13 12:24:00,903.75,1027.5,1931.25
2024-06-13 12:25:00,956.25,1016.25,1972.5
2024-06-13 12:26:00,907.5,1038.75,1946.25
2024-06-13 12:27:00,855.0,1061.25,1916.25
2024-06-13 12:28:00,873.75,1065.0,1938.75
2024-06-13 12:29:00,825.0,1095.0,1920.0
2024-06-13 12:30:00,753.75,1125.0,1878.75
2024-06-13 12:31:00,513.75,1207.5,1721.25
2024-06-13 12:32:00,592.5,1147.5,1740.0
2024-06-13 12:33:00,780.0,1125.0,1905.0
2024-06-13 12:34:00,843.75,1132.5,1976.25
2024-06-13 12:35:00,922.5,1095.0,2017.5
2024-06-13 12:36:00,862.5,1087.5,1950.0
2024-06-13 12:37:00,911.25,1068.75,1980.0
2024-06-13 12:38:00,892.5,1076.25,1968.75
2024-06-13 12:39:00,896.25,1083.75,1980.0
2024-06-13 12:40:00,978.75,1046.25,2025.0
2024-06-13 12:41:00,963.75,1057.5,2021.25
2024-06-13 12:42:00,967.5,1001.25,1968.75
2024-06-13 12:43:00,952.5,1072.5,2025.0
2024-06-13 12:44:00,1050.0,978.75,2028.75
2024-06-13 12:45:00,1027.5,1038.75,2066.25
2024-06-13 12:46:00,1042.5,1027.5,2070.0
2024-06-13 12:47:00,1158.75,900.0,2058.75
2024-06-13 12:48:00,1248.75,873.75,2122.5
2024-06-13 12:49:00,1188.75,1001.25,2190.0
2024-06-13 12:50:00,1076.25,1233.75,2310.0
2024-06-13 12:51:00,1031.25,1215.0,2246.25
2024-06-13 12:52:00,1053.75,1192.5,2246.25
2024-06-13 12:53:00,1042.5,1226.25,2268.75
2024-06-13 12:54:00,1027.5,1218.75,2246.25
2024-06-13 12:55:00,1027.5,1207.5,2235.0
2024-06-13 12:56:00,1128.75,1151.25,2280.0
2024-06-13 12:57:00,1166.25,1068.75,2235.0
2024-06-13 12:58:00,1233.75,1076.25,2310.0
2024-06-13 12:59:00,1200.0,1087.5,2287.5
2024-06-13 13:00:00,1241.25,1095.0,2336.25
2024-06-13 13:01:00,1290.0,1020.0,2310.0
2024-06-13 13:02:00,1267.5,1128.75,2396.25
2024-06-13 13:03:00,1177.5,1226.25,2403.75
2024-06-13 13:04:00,1166.25,1196.25,2362.5
2024-06-13 13:05:00,1158.75,1222.5,2381.25
2024-06-13 13:06:00,1128.75,1211.25,2340.0
2024-06-13 13:07:00,1136.25,1192.5,2328.75
2024-06-13 13:08:00,1117.5,1211.25,2328.75
2024-06-13 13:09:00,1042.5,1218.75,2261.25
2024-06-13 13:10:00,1053.75,1218.75,2272.5
2024-06-13 13:11:00,795.0,1406.25,2201.25
2024-06-13 13:12:00,922.5,1346.25,2268.75
2024-06-13 13:13:00,1098.75,1286.25,2385.0
2024-06-13 13:14:00,1042.5,1293.75,2336.25
2024-06-13 13:15:00,1038.75,1301.25,2340.0
2024-06-13 13:16:00,1020.0,1297.5,2317.5
2024-06-13 13:17:00,982.5,1323.75,2306.25
2024-06-13 13:18:00,952.5,1350.0,2302.5
2024-06-13 13:19:00,877.5,1357.5,2235.0
2024-06-13 13:20:00,1001.25,1327.5,2328.75
2024-06-13 13:21:00,978.75,1316.25,2295.0
2024-06-13 13:22:00,926.25,1342.5,2268.75
2024-06-13 13:23:00,952.5,1312.5,2265.0
2024-06-13 13:24:00,1132.5,1282.5,2415.0
2024-06-13 13:25:00,1203.75,1260.0,2463.75
2024-06-13 13:26:00,1155.0,1260.0,2415.0
2024-06-13 13:27:00,1072.5,1331.25,2403.75
2024-06-13 13:28:00,1020.0,1383.75,2403.75
2024-06-13 13:29:00,911.25,1391.25,2302.5
2024-06-13 13:30:00,1027.5,1372.5,2400.0
2024-06-13 13:31:00,1046.25,1361.25,2407.5
2024-06-13 13:32:00,1001.25,1376.25,2377.5
2024-06-13 13:33:00,1143.75,1323.75,2467.5
2024-06-13 13:34:00,1158.75,1305.0,2463.75
2024-06-13 13:35:00,1132.5,1368.75,2501.25
2024-06-13 13:36:00,1132.5,1368.75,2501.25
2024-06-13 13:37:00,1166.25,1346.25,2512.5
2024-06-13 13:38:00,1181.25,1331.25,2512.5
2024-06-13 13:39:00,1173.75,1353.75,2527.5
2024-06-13 13:40:00,1241.25,1301.25,2542.5
2024-06-13 13:41:00,1121.25,1432.5,2553.75
2024-06-13 13:42:00,1050.0,1417.5,2467.5
2024-06-13 13:43:00,1072.5,1387.5,2460.0
2024-06-13 13:44:00,1162.5,1372.5,2535.0
2024-06-13 13:45:00,1245.0,1342.5,2587.5
2024-06-13 13:46:00,1222.5,1278.75,2501.25
2024-06-13 13:47:00,1282.5,1230.0,2512.5
2024-06-13 13:48:00,1338.75,1166.25,2505.0
2024-06-13 13:49:00,1372.5,1042.5,2415.0
2024-06-13 13:50:00,1413.75,1072.5,2486.25
2024-06-13 13:51:00,1406.25,1117.5,2523.75
2024-06-13 13:52:00,1387.5,1072.5,2460.0
2024-06-13 13:53:00,1410.0,1072.5,2482.5
2024-06-13 13:54:00,1380.0,1185.0,2565.0
2024-06-13 13:55:00,1353.75,1282.5,2636.25
2024-06-13 13:56:00,1432.5,1203.75,2636.25
2024-06-13 13:57:00,1417.5,1177.5,2595.0
2024-06-13 13:58:00,1425.0,1181.25,2606.25
2024-06-13 13:59:00,1395.0,1312.5,2707.5
2024-06-13 14:00:00,1361.25,1451.25,2812.5
2024-06-13 14:01:00,1361.25,1451.25,2812.5
2024-06-13 14:02:00,1425.0,1410.0,2835.0
2024-06-13 14:03:00,1398.75,1432.5,2831.25
2024-06-13 14:04:00,1477.5,1342.5,2820.0
2024-06-13 14:05:00,1507.5,1267.5,2775.0
2024-06-13 14:06:00,1511.25,1290.0,2801.25
2024-06-13 14:07:00,1511.25,1357.5,2868.75
2024-06-13 14:08:00,1522.5,1383.75,2906.25
2024-06-13 14:09:00,1533.75,1387.5,2921.25
2024-06-13 14:10:00,1533.75,1357.5,2891.25
2024-06-13 14:11:00,1548.75,1308.75,2857.5
2024-06-13 14:12:00,1526.25,1391.25,2917.5
2024-06-13 14:13:00,1530.0,1316.25,2846.25
2024-06-13 14:14:00,1522.5,1361.25,2883.75
2024-06-13 14:15:00,1503.75,1410.0,2913.75
2024-06-13 14:16:00,1556.25,1323.75,2880.0
2024-06-13 14:17:00,1623.75,1106.25,2730.0
2024-06-13 14:18:00,1620.0,1192.5,2812.5
2024-06-13 14:19:00,1612.5,1290.0,2902.5
2024-06-13 14:20:00,1620.0,1263.75,2883.75
2024-06-13 14:21:00,1638.75,1185.0,2823.75
2024-06-13 14:22:00,1631.25,1185.0,2816.25
2024-06-13 14:23:00,1638.75,1222.5,2861.25
2024-06-13 14:24:00,1627.5,1260.0,2887.5
2024-06-13 14:25:00,1638.75,1211.25,2850.0
2024-06-13 14:26:00,1657.5,1177.5,2835.0
2024-06-13 14:27:00,1661.25,1237.5,2898.75
2024-06-13 14:28:00,1646.25,1436.25,3082.5
2024-06-13 14:29:00,1627.5,1522.5,3150.0
2024-06-13 14:30:00,1631.25,1515.0,3146.25
2024-06-13 14:31:00,1620.0,1563.75,3183.75
2024-06-13 14:32:00,1638.75,1496.25,3135.0
2024-06-13 14:33:00,1642.5,1492.5,3135.0
2024-06-13 14:34:00,1676.25,1466.25,3142.5
2024-06-13 14:35:00,1713.75,1451.25,3165.0
2024-06-13 14:36:00,1710.0,1473.75,3183.75
2024-06-13 14:37:00,1698.75,1530.0,3228.75
2024-06-13 14:38:00,1698.75,1567.5,3266.25
2024-06-13 14:39:00,1683.75,1608.75,3292.5
2024-06-13 14:40:00,1672.5,1672.5,3345.0
2024-06-13 14:41:00,1672.5,1676.25,3348.75
2024-06-13 14:42:00,1695.0,1676.25,3371.25
2024-06-13 14:43:00,1631.25,1751.25,3382.5
2024-06-13 14:44:00,1672.5,1743.75,3416.25
2024-06-13 14:45:00,1635.0,1747.5,3382.5
2024-06-13 14:46:00,1575.0,1785.0,3360.0
2024-06-13 14:47:00,1593.75,1792.5,3386.25
2024-06-13 14:48:00,1665.0,1777.5,3442.5
2024-06-13 14:49:00,1695.0,1770.0,3465.0
2024-06-13 14:50:00,1713.75,1751.25,3465.0
2024-06-13 14:51:00,1683.75,1766.25,3450.0
2024-06-13 14:52:00,1676.25,1773.75,3450.0
2024-06-13 14:53:00,1691.25,1747.5,3438.75
2024-06-13 14:54:00,1695.0,1751.25,3446.25
2024-06-13 14:55:00,1702.5,1758.75,3461.25
2024-06-13 14:56:00,1706.25,1747.5,3453.75
2024-06-13 14:57:00,1747.5,1713.75,3461.25
2024-06-13 14:58:00,1743.75,1762.5,3506.25
2024-06-13 14:59:00,1743.75,1815.0,3558.75
2024-06-13 15:00:00,1747.5,1807.5,3555.0
2024-06-13 15:01:00,1777.5,1815.0,3592.5
2024-06-13 15:02:00,1777.5,1860.0,3637.5
2024-06-13 15:03:00,1781.25,1867.5,3648.75
2024-06-13 15:04:00,1785.0,1867.5,3652.5
2024-06-13 15:05:00,1792.5,1860.0,3652.5
2024-06-13 15:06:00,1788.75,1871.25,3660.0
2024-06-13 15:07:00,1788.75,1875.0,3663.75
2024-06-13 15:08:00,1788.75,1875.0,3663.75
2024-06-13 15:09:00,1796.25,1882.5,3678.75
2024-06-13 15:10:00,1792.5,1882.5,3675.0
2024-06-13 15:11:00,1796.25,1878.75,3675.0
2024-06-13 15:12:00,1796.25,1882.5,3678.75
2024-06-13 15:13:00,1800.0,1882.5,3682.5
2024-06-13 15:14:00,1800.0,1886.25,3686.25
2024-06-13 15:15:00,1800.0,1886.25,3686.25
2024-06-13 15:16:00,1800.0,1886.25,3686.25
2024-06-13 15:17:00,1800.0,1886.25,3686.25
2024-06-13 15:18:00,1800.0,1886.25,3686.25
2024-06-13 15:19:00,1803.75,1886.25,3690.0
2024-06-13 15:20:00,1800.0,1886.25,3686.25
2024-06-13 15:21:00,1800.0,1886.25,3686.25
2024-06-13 15:22:00,1800.0,1886.25,3686.25
2024-06-13 15:23:00,1800.0,1886.25,3686.25
2024-06-13 15:24:00,1800.0,1886.25,3686.25
2024-06-13 15:25:00,1800.0,1886.25,3686.25
2024-06-13 15:26:00,1800.0,1886.25,3686.25
2024-06-13 15:27:00,1800.0,1886.25,3686.25
2024-06-13 15:28:00,1800.0,1886.25,3686.25
2024-06-13 15:29:00,1800.0,1886.25,3686.25
2024-06-13 15:30:00,1800.0,1886.25,3686.25
2024-06-20 10:15:00,0.0,0.0,0.0
2024-06-20 10:16:00,97.5,78.75,176.25
2024-06-20 10:17:00,202.5,-97.5,105.0
2024-06-20 10:18:00,52.5,221.25,273.75
2024-06-20 10:19:00,52.5,427.5,480.0
2024-06-20 10:20:00,30.0,513.75,543.75
2024-06-20 10:21:00,-348.75,941.25,592.5
2024-06-20 10:22:00,-405.0,896.25,491.25
2024-06-20 10:23:00,-776.25,1125.0,348.75
2024-06-20 10:24:00,-281.25,945.0,663.75
2024-06-20 10:25:00,-292.5,888.75,596.25
2024-06-20 10:26:00,-393.75,896.25,502.5
2024-06-20 10:27:00,-311.25,907.5,596.25
2024-06-20 10:28:00,-397.5,1072.5,675.0
2024-06-20 10:29:00,-318.75,1061.25,742.5
2024-06-20 10:30:00,-345.0,1222.5,877.5
2024-06-20 10:31:00,-686.25,1492.5,806.25
2024-06-20 10:32:00,-326.25,1391.25,1065.0
2024-06-20 10:33:00,-3.75,1241.25,1237.5
2024-06-20 10:34:00,288.75,1042.5,1331.25
2024-06-20 10:35:00,255.0,1117.5,1372.5
2024-06-20 10:36:00,105.0,1132.5,1237.5
2024-06-20 10:37:00,75.0,1218.75,1293.75
2024-06-20 10:38:00,270.0,1072.5,1342.5
2024-06-20 10:39:00,243.75,1065.0,1308.75
2024-06-20 10:40:00,123.75,1320.0,1443.75
2024-06-20 10:41:00,195.0,1305.0,1500.0
2024-06-20 10:42:00,142.5,1470.0,1612.5
2024-06-20 10:43:00,-213.75,1627.5,1413.75
2024-06-20 10:44:00,-101.25,1545.0,1443.75
2024-06-20 10:45:00,-172.5,1582.5,1410.0
2024-06-20 10:46:00,-191.25,1567.5,1376.25
2024-06-20 10:47:00,-221.25,1593.75,1372.5
2024-06-20 10:48:00,-247.5,1635.0,1387.5
2024-06-20 10:49:00,-97.5,1552.5,1455.0
2024-06-20 10:50:00,67.5,1545.0,1612.5
2024-06-20 10:51:00,75.0,1541.25,1616.25
2024-06-20 10:52:00,221.25,1496.25,1717.5
2024-06-20 10:53:00,75.0,1650.0,1725.0
2024-06-20 10:54:00,3.75,1668.75,1672.5
2024-06-20 10:55:00,153.75,1623.75,1777.5
2024-06-20 10:56:00,296.25,1556.25,1852.5
2024-06-20 10:57:00,266.25,1567.5,1833.75
2024-06-20 10:58:00,-33.75,1770.0,1736.25
2024-06-20 10:59:00,-123.75,1848.75,1725.0
2024-06-20 11:00:00,-176.25,1931.25,1755.0
2024-06-20 11:01:00,-390.0,1946.25,1556.25
2024-06-20 11:02:00,-393.75,1957.5,1563.75
2024-06-20 11:03:00,-798.75,2055.0,1256.25
2024-06-20 11:04:00,-765.0,2040.0,1275.0
2024-06-20 11:05:00,-446.25,2025.0,1578.75
2024-06-20 11:06:00,-375.0,1946.25,1571.25
2024-06-20 11:07:00,-502.5,2021.25,1518.75
2024-06-20 11:08:00,-112.5,1687.5,1575.0
2024-06-20 11:09:00,-146.25,1687.5,1541.25
2024-06-20 11:10:00,-270.0,1792.5,1522.5
2024-06-20 11:11:00,-337.5,1953.75,1616.25
2024-06-20 11:12:00,-333.75,1946.25,1612.5
2024-06-20 11:13:00,-382.5,2021.25,1638.75
2024-06-20 11:14:00,-236.25,1867.5,1631.25
2024-06-20 11:15:00,300.0,1271.25,1571.25
2024-06-20 11:16:00,82.5,1773.75,1856.25
2024-06-20 11:17:00,315.0,1496.25,1811.25
2024-06-20 11:18:00,123.75,1740.0,1863.75
2024-06-20 11:19:00,150.0,1875.0,2025.0
2024-06-20 11:20:00,78.75,1995.0,2073.75
2024-06-20 11:21:00,-30.0,2160.0,2130.0
2024-06-20 11:22:00,11.25,2088.75,2100.0
2024-06-20 11:23:00,-262.5,2595.0,2332.5
2024-06-20 11:24:00,-210.0,2415.0,2205.0
2024-06-20 11:25:00,45.0,2250.0,2295.0
2024-06-20 11:26:00,172.5,2130.0,2302.5
2024-06-20 11:27:00,37.5,2392.5,2430.0
2024-06-20 11:28:00,-60.0,2501.25,2441.25
2024-06-20 11:29:00,-108.75,2576.25,2467.5
2024-06-20 11:30:00,262.5,2190.0,2452.5
2024-06-20 11:31:00,240.0,2227.5,2467.5
2024-06-20 11:32:00,112.5,2576.25,2688.75
2024-06-20 11:33:00,82.5,2606.25,2688.75
2024-06-20 11:34:00,52.5,2651.25,2703.75
2024-06-20 11:35:00,-63.75,2782.5,2718.75
2024-06-20 11:36:00,-138.75,2838.75,2700.0
2024-06-20 11:37:00,-232.5,2861.25,2628.75
2024-06-20 11:38:00,-258.75,2906.25,2647.5
2024-06-20 11:39:00,-120.0,2820.0,2700.0
2024-06-20 11:40:00,-22.5,2790.0,2767.5
2024-06-20 11:41:00,-150.0,2910.0,2760.0
2024-06-20 11:42:00,-180.0,2988.75,2808.75
2024-06-20 11:43:00,-288.75,3093.75,2805.0
2024-06-20 11:44:00,-176.25,3011.25,2835.0
2024-06-20 11:45:00,-367.5,3138.75,2771.25
2024-06-20 11:46:00,-656.25,3273.75,2617.5
2024-06-20 11:47:00,-543.75,3258.75,2715.0
2024-06-20 11:48:00,-277.5,3123.75,2846.25
2024-06-20 11:49:00,-333.75,3127.5,2793.75
2024-06-20 11:50:00,-435.0,3285.0,2850.0
2024-06-20 11:51:00,-498.75,3247.5,2748.75
2024-06-20 11:52:00,-438.75,3180.0,2741.25
2024-06-20 11:53:00,-480.0,3243.75,2763.75
2024-06-20 11:54:00,-375.0,3168.75,2793.75
2024-06-20 11:55:00,-656.25,3318.75,2662.5
2024-06-20 11:56:00,-637.5,3300.0,2662.5
2024-06-20 11:57:00,-513.75,3273.75,2760.0
2024-06-20 11:58:00,-476.25,3183.75,2707.5
2024-06-20 11:59:00,-363.75,3202.5,2838.75
2024-06-20 12:00:00,-570.0,3363.75,2793.75
2024-06-20 12:01:00,-491.25,3333.75,2842.5
2024-06-20 12:02:00,-468.75,3337.5,2868.75
2024-06-20 12:03:00,-251.25,3251.25,3000.0
2024-06-20 12:04:00,-165.0,3131.25,2966.25
2024-06-20 12:05:00,-393.75,3345.0,2951.25
2024-06-20 12:06:00,-337.5,3311.25,2973.75
2024-06-20 12:07:00,-570.0,3588.75,3018.75
2024-06-20 12:08:00,-435.0,3495.0,3060.0
2024-06-20 12:09:00,-63.75,3375.0,3311.25
2024-06-20 12:10:00,-202.5,3401.25,3198.75
2024-06-20 12:11:00,-67.5,3228.75,3161.25
2024-06-20 12:12:00,56.25,3041.25,3097.5
2024-06-20 12:13:00,-236.25,3352.5,3116.25
2024-06-20 12:14:00,-266.25,3375.0,3108.75
2024-06-20 12:15:00,-228.75,3375.0,3146.25
2024-06-20 12:16:00,-232.5,3371.25,3138.75
2024-06-20 12:17:00,-97.5,3247.5,3150.0
2024-06-20 12:18:00,-228.75,3352.5,3123.75
2024-06-20 12:19:00,-273.75,3378.75,3105.0
2024-06-20 12:20:00,-210.0,3367.5,3157.5
2024-06-20 12:21:00,-52.5,3341.25,3288.75
2024-06-20 12:22:00,67.5,3157.5,3225.0
2024-06-20 12:23:00,-63.75,3281.25,3217.5
2024-06-20 12:24:00,-191.25,3472.5,3281.25
2024-06-20 12:25:00,-243.75,3525.0,3281.25
2024-06-20 12:26:00,-217.5,3495.0,3277.5
2024-06-20 12:27:00,-105.0,3453.75,3348.75
2024-06-20 12:28:00,-33.75,3397.5,3363.75
2024-06-20 12:29:00,-11.25,3251.25,3240.0
2024-06-20 12:30:00,161.25,3266.25,3427.5
2024-06-20 12:31:00,468.75,3000.0,3468.75
2024-06-20 12:32:00,686.25,2658.75,3345.0
2024-06-20 12:33:00,438.75,2872.5,3311.25
2024-06-20 12:34:00,386.25,3041.25,3427.5
2024-06-20 12:35:00,491.25,2973.75,3465.0
2024-06-20 12:36:00,356.25,3041.25,3397.5
2024-06-20 12:37:00,262.5,3300.0,3562.5
2024-06-20 12:38:00,228.75,3401.25,3630.0
2024-06-20 12:39:00,120.0,3472.5,3592.5
2024-06-20 12:40:00,401.25,3243.75,3645.0
2024-06-20 12:41:00,521.25,2973.75,3495.0
2024-06-20 12:42:00,427.5,3045.0,3472.5
2024-06-20 12:43:00,487.5,3026.25,3513.75
2024-06-20 12:44:00,532.5,3003.75,3536.25
2024-06-20 12:45:00,543.75,2812.5,3356.25
2024-06-20 12:46:00,453.75,2936.25,3390.0
2024-06-20 12:47:00,423.75,3063.75,3487.5
2024-06-20 12:48:00,352.5,3176.25,3528.75
2024-06-20 12:49:00,390.0,3075.0,3465.0
2024-06-20 12:50:00,296.25,3187.5,3483.75
2024-06-20 12:51:00,243.75,3255.0,3498.75
2024-06-20 12:52:00,390.0,3090.0,3480.0
2024-06-20 12:53:00,307.5,3165.0,3472.5
2024-06-20 12:54:00,210.0,3281.25,3491.25
2024-06-20 12:55:00,116.25,3405.0,3521.25
2024-06-20 12:56:00,-7.5,3453.75,3446.25
2024-06-20 12:57:00,45.0,3412.5,3457.5
2024-06-20 12:58:00,142.5,3337.5,3480.0
2024-06-20 12:59:00,281.25,3311.25,3592.5
2024-06-20 13:00:00,183.75,3476.25,3660.0
2024-06-20 13:01:00,60.0,3573.75,3633.75
2024-06-20 13:02:00,-690.0,3933.75,3243.75
2024-06-20 13:03:00,-307.5,3851.25,3543.75
2024-06-20 13:04:00,-112.5,3813.75,3701.25
2024-06-20 13:05:00,-262.5,3828.75,3566.25
2024-06-20 13:06:00,-210.0,3783.75,3573.75
2024-06-20 13:07:00,-243.75,3802.5,3558.75
2024-06-20 13:08:00,-213.75,3813.75,3600.0
2024-06-20 13:09:00,-311.25,3825.0,3513.75
2024-06-20 13:10:00,-277.5,3843.75,3566.25
2024-06-20 13:11:00,-307.5,3851.25,3543.75
2024-06-20 13:12:00,-352.5,3866.25,3513.75
2024-06-20 13:13:00,-348.75,3877.5,3528.75
2024-06-20 13:14:00,187.5,3727.5,3915.0
2024-06-20 13:15:00,228.75,3772.5,4001.25
2024-06-20 13:16:00,213.75,3708.75,3922.5
2024-06-20 13:17:00,172.5,3716.25,3888.75
2024-06-20 13:18:00,86.25,3772.5,3858.75
2024-06-20 13:19:00,71.25,3791.25,3862.5
2024-06-20 13:20:00,-112.5,3858.75,3746.25
2024-06-20 13:21:00,-2722.5,4057.5,1335.0
2024-06-20 13:22:00,-2373.75,4162.5,1788.75
2024-06-20 13:23:00,-3112.5,4196.25,1083.75
2024-06-20 13:24:00,-3266.25,4185.0,918.75
2024-06-20 13:25:00,-3356.25,4166.25,810.0
2024-06-20 13:26:00,-3296.25,4147.5,851.25
2024-06-20 13:27:00,-3300.0,4140.0,840.0
2024-06-20 13:28:00,-3690.0,4136.25,446.25
2024-06-20 13:29:00,-3341.25,4095.0,753.75
2024-06-20 13:30:00,-3326.25,4098.75,772.5
2024-06-20 13:31:00,-3461.25,4158.75,697.5
2024-06-20 13:32:00,-3487.5,4158.75,671.25
2024-06-20 13:33:00,-3547.5,4222.5,675.0
2024-06-20 13:34:00,-3390.0,4140.0,750.0
2024-06-20 13:35:00,-3281.25,4136.25,855.0
2024-06-20 13:36:00,-3277.5,4102.5,825.0
2024-06-20 13:37:00,-3292.5,4110.0,817.5
2024-06-20 13:38:00,-3303.75,4128.75,825.0
2024-06-20 13:39:00,-3236.25,4110.0,873.75
2024-06-20 13:40:00,-3221.25,4117.5,896.25
2024-06-20 13:41:00,-3288.75,4185.0,896.25
2024-06-20 13:42:00,-3337.5,4211.25,873.75
2024-06-20 13:43:00,-3307.5,4245.0,937.5
2024-06-20 13:44:00,-3390.0,4301.25,911.25
2024-06-20 13:45:00,-3480.0,4350.0,870.0
2024-06-20 13:46:00,-3405.0,4312.5,907.5
2024-06-20 13:47:00,-3247.5,4297.5,1050.0
2024-06-20 13:48:00,-3116.25,4256.25,1140.0
2024-06-20 13:49:00,-3120.0,4248.75,1128.75
2024-06-20 13:50:00,-3161.25,4308.75,1147.5
2024-06-20 13:51:00,-3131.25,4256.25,1125.0
2024-06-20 13:52:00,-2973.75,4211.25,1237.5
2024-06-20 13:53:00,-2883.75,4140.0,1256.25
2024-06-20 13:54:00,-2756.25,3367.5,611.25
2024-06-20 13:55:00,-2778.75,3536.25,757.5
2024-06-20 13:56:00,-2763.75,3360.0,596.25
2024-06-20 13:57:00,-2752.5,3510.0,757.5
2024-06-20 13:58:00,-2700.0,3765.0,1065.0
2024-06-20 13:59:00,-2643.75,3303.75,660.0
2024-06-20 14:00:00,-2640.0,3063.75,423.75
2024-06-20 14:01:00,-2651.25,3367.5,716.25
2024-06-20 14:02:00,-2658.75,3753.75,1095.0
2024-06-20 14:03:00,-2655.0,3675.0,1020.0
2024-06-20 14:04:00,-2651.25,3817.5,1166.25
2024-06-20 14:05:00,-2655.0,3975.0,1320.0
2024-06-20 14:06:00,-2673.75,4023.75,1350.0
2024-06-20 14:07:00,-2655.0,3982.5,1327.5
2024-06-20 14:08:00,-2655.0,3971.25,1316.25
2024-06-20 14:09:00,-2617.5,3866.25,1248.75
2024-06-20 14:10:00,-2583.75,3682.5,1098.75
2024-06-20 14:11:00,-2576.25,3611.25,1035.0
2024-06-20 14:12:00,-2583.75,3986.25,1402.5
2024-06-20 14:13:00,-2583.75,3993.75,1410.0
2024-06-20 14:14:00,-2598.75,4245.0,1646.25
2024-06-20 14:15:00,-2625.0,4323.75,1698.75
2024-06-20 14:16:00,-2685.0,4455.0,1770.0
2024-06-20 14:17:00,-2748.75,4503.75,1755.0
2024-06-20 14:18:00,-2730.0,4492.5,1762.5
2024-06-20 14:19:00,-2853.75,4537.5,1683.75
2024-06-20 14:20:00,-2853.75,4522.5,1668.75
2024-06-20 14:21:00,-2790.0,4466.25,1676.25
2024-06-20 14:22:00,-2655.0,4312.5,1657.5
2024-06-20 14:23:00,-2692.5,4440.0,1747.5
2024-06-20 14:24:00,-2730.0,4503.75,1773.75
2024-06-20 14:25:00,-2715.0,4477.5,1762.5
2024-06-20 14:26:00,-2666.25,4425.0,1758.75
2024-06-20 14:27:00,-2621.25,4451.25,1830.0
2024-06-20 14:28:00,-2685.0,4545.0,1860.0
2024-06-20 14:29:00,-2677.5,4481.25,1803.75
2024-06-20 14:30:00,-2640.0,4473.75,1833.75
2024-06-20 14:31:00,-2557.5,4267.5,1710.0
2024-06-20 14:32:00,-2568.75,4425.0,1856.25
2024-06-20 14:33:00,-2565.0,4428.75,1863.75
2024-06-20 14:34:00,-2557.5,4410.0,1852.5
2024-06-20 14:35:00,-2542.5,4398.75,1856.25
2024-06-20 14:36:00,-2538.75,4443.75,1905.0
2024-06-20 14:37:00,-2565.0,4631.25,2066.25
2024-06-20 14:38:00,-2561.25,4590.0,2028.75
2024-06-20 14:39:00,-2557.5,4601.25,2043.75
2024-06-20 14:40:00,-2546.25,4605.0,2058.75
2024-06-20 14:41:00,-2542.5,4631.25,2088.75
2024-06-20 14:42:00,-2602.5,4702.5,2100.0
2024-06-20 14:43:00,-2565.0,4691.25,2126.25
2024-06-20 14:44:00,-2535.0,4653.75,2118.75
2024-06-20 14:45:00,-2538.75,4725.0,2186.25
2024-06-20 14:46:00,-2538.75,4698.75,2160.0
2024-06-20 14:47:00,-2538.75,4713.75,2175.0
2024-06-20 14:48:00,-2527.5,4695.0,2167.5
2024-06-20 14:49:00,-2516.25,4631.25,2115.0
2024-06-20 14:50:00,-2505.0,4635.0,2130.0
2024-06-20 14:51:00,-2508.75,4556.25,2047.5
2024-06-20 14:52:00,-2501.25,4627.5,2126.25
2024-06-20 14:53:00,-2501.25,4687.5,2186.25
2024-06-20 14:54:00,-2501.25,4706.25,2205.0
2024-06-20 14:55:00,-2501.25,4751.25,2250.0
2024-06-20 14:56:00,-2501.25,4650.0,2148.75
2024-06-20 14:57:00,-2497.5,4563.75,2066.25
2024-06-20 14:58:00,-2497.5,4713.75,2216.25
2024-06-20 14:59:00,-2493.75,4766.25,2272.5
2024-06-20 15:00:00,-2493.75,4773.75,2280.0
2024-06-20 15:01:00,-2497.5,4815.0,2317.5
2024-06-20 15:02:00,-2493.75,4822.5,2328.75
2024-06-20 15:03:00,-2490.0,4841.25,2351.25
2024-06-20 15:04:00,-2490.0,4826.25,2336.25
2024-06-20 15:05:00,-2490.0,4848.75,2358.75
2024-06-20 15:06:00,-2486.25,4848.75,2362.5
2024-06-20 15:07:00,-2482.5,4856.25,2373.75
2024-06-20 15:08:00,-2486.25,4852.5,2366.25
2024-06-20 15:09:00,-2486.25,4852.5,2366.25
2024-06-20 15:10:00,-2482.5,4860.0,2377.5
2024-06-20 15:11:00,-2486.25,4860.0,2373.75
2024-06-20 15:12:00,-2486.25,4871.25,2385.0
2024-06-20 15:13:00,-2482.5,4867.5,2385.0
2024-06-20 15:14:00,-2478.75,4875.0,2396.25
2024-06-20 15:15:00,-2482.5,4867.5,2385.0
2024-06-20 15:16:00,-2478.75,4875.0,2396.25
2024-06-20 15:17:00,-2482.5,4875.0,2392.5
2024-06-20 15:18:00,-2478.75,4878.75,2400.0
2024-06-20 15:19:00,-2478.75,4878.75,2400.0
2024-06-20 15:20:00,-2478.75,4875.0,2396.25
2024-06-20 15:21:00,-2478.75,4875.0,2396.25
2024-06-20 15:22:00,-2478.75,4875.0,2396.25
2024-06-20 15:23:00,-2478.75,4875.0,2396.25
2024-06-20 15:24:00,-2478.75,4875.0,2396.25
2024-06-20 15:25:00,-2478.75,4875.0,2396.25
2024-06-20 15:26:00,-2478.75,4875.0,2396.25
2024-06-20 15:27:00,-2478.75,4875.0,2396.25
2024-06-20 15:28:00,-2478.75,4875.0,2396.25
2024-06-20 15:29:00,-2478.75,4875.0,2396.25
2024-06-20 15:30:00,-2478.75,4875.0,2396.25
2024-06-27 10:15:00,0.0,0.0,0.0
2024-06-27 10:16:00,-86.25,78.75,-7.5
2024-06-27 10:17:00,33.75,-41.25,-7.5
2024-06-27 10:18:00,97.5,-7.5,90.0
2024-06-27 10:19:00,-30.0,90.0,60.0
2024-06-27 10:20:00,-71.25,206.25,135.0
2024-06-27 10:21:00,-86.25,210.0,123.75
2024-06-27 10:22:00,-138.75,247.5,108.75
2024-06-27 10:23:00,-138.75,225.0,86.25
2024-06-27 10:24:00,30.0,120.0,150.0
2024-06-27 10:25:00,30.0,93.75,123.75
2024-06-27 10:26:00,37.5,63.75,101.25
2024-06-27 10:27:00,-52.5,236.25,183.75
2024-06-27 10:28:00,-288.75,468.75,180.0
2024-06-27 10:29:00,-465.0,622.5,157.5
2024-06-27 10:30:00,-423.75,626.25,202.5
2024-06-27 10:31:00,-386.25,596.25,210.0
2024-06-27 10:32:00,-255.0,551.25,296.25
2024-06-27 10:33:00,-15.0,491.25,476.25
2024-06-27 10:34:00,697.5,-536.25,161.25
2024-06-27 10:35:00,757.5,-892.5,-135.0
2024-06-27 10:36:00,611.25,-442.5,168.75
2024-06-27 10:37:00,637.5,-510.0,127.5
2024-06-27 10:38:00,502.5,-236.25,266.25
2024-06-27 10:39:00,502.5,-228.75,273.75
2024-06-27 10:40:00,555.0,-412.5,142.5
2024-06-27 10:41:00,686.25,-600.0,86.25
2024-06-27 10:42:00,746.25,-746.25,0.0
2024-06-27 10:43:00,735.0,-667.5,67.5
2024-06-27 10:44:00,1218.75,-2467.5,-1248.75
2024-06-27 10:45:00,1252.5,-2602.5,-1350.0
2024-06-27 10:46:00,1312.5,-2643.75,-1331.25
2024-06-27 10:47:00,1158.75,-2512.5,-1353.75
2024-06-27 10:48:00,1342.5,-2711.25,-1368.75
2024-06-27 10:49:00,1593.75,-2846.25,-1252.5
2024-06-27 10:50:00,821.25,-1908.75,-1087.5
2024-06-27 10:51:00,120.0,-1327.5,-1207.5
2024-06-27 10:52:00,56.25,-1323.75,-1267.5
2024-06-27 10:53:00,420.0,-1563.75,-1143.75
2024-06-27 10:54:00,540.0,-1680.0,-1140.0
2024-06-27 10:55:00,1380.0,-2411.25,-1031.25
2024-06-27 10:56:00,765.0,-1905.0,-1140.0
2024-06-27 10:57:00,315.0,-1552.5,-1237.5
2024-06-27 10:58:00,131.25,-1226.25,-1095.0
2024-06-27 10:59:00,-146.25,-1008.75,-1155.0
2024-06-27 11:00:00,-243.75,-843.75,-1087.5
2024-06-27 11:01:00,-401.25,-840.0,-1241.25
2024-06-27 11:02:00,-378.75,-821.25,-1200.0
2024-06-27 11:03:00,-56.25,-952.5,-1008.75
2024-06-27 11:04:00,480.0,-1136.25,-656.25
2024-06-27 11:05:00,296.25,-1027.5,-731.25
2024-06-27 11:06:00,206.25,-933.75,-727.5
2024-06-27 11:07:00,108.75,-900.0,-791.25
2024-06-27 11:08:00,-60.0,-825.0,-885.0
2024-06-27 11:09:00,90.0,-900.0,-810.0
2024-06-27 11:10:00,67.5,-817.5,-750.0
2024-06-27 11:11:00,-266.25,-453.75,-720.0
2024-06-27 11:12:00,-472.5,-262.5,-735.0
2024-06-27 11:13:00,-1113.75,-41.25,-1155.0
2024-06-27 11:14:00,-1698.75,300.0,-1398.75
2024-06-27 11:15:00,-1211.25,213.75,-997.5
2024-06-27 11:16:00,-1245.0,180.0,-1065.0
2024-06-27 11:17:00,-1623.75,367.5,-1256.25
2024-06-27 11:18:00,-1215.0,213.75,-1001.25
2024-06-27 11:19:00,-371.25,15.0,-356.25
2024-06-27 11:20:00,195.0,-225.0,-30.0
2024-06-27 11:21:00,-60.0,-108.75,-168.75
2024-06-27 11:22:00,-157.5,-33.75,-191.25
2024-06-27 11:23:00,-502.5,127.5,-375.0
2024-06-27 11:24:00,-915.0,266.25,-648.75
2024-06-27 11:25:00,-1290.0,390.0,-900.0
2024-06-27 11:26:00,-1305.0,390.0,-915.0
2024-06-27 11:27:00,-948.75,345.0,-603.75
2024-06-27 11:28:00,-1023.75,326.25,-697.5
2024-06-27 11:29:00,-633.75,288.75,-345.0
2024-06-27 11:30:00,-693.75,378.75,-315.0
2024-06-27 11:31:00,-982.5,416.25,-566.25
2024-06-27 11:32:00,-1395.0,525.0,-870.0
2024-06-27 11:33:00,-1331.25,536.25,-795.0
2024-06-27 11:34:00,-1072.5,491.25,-581.25
2024-06-27 11:35:00,-701.25,401.25,-300.0
2024-06-27 11:36:00,-866.25,446.25,-420.0
2024-06-27 11:37:00,-1001.25,465.0,-536.25
2024-06-27 11:38:00,-202.5,157.5,-45.0
2024-06-27 11:39:00,-600.0,318.75,-281.25
2024-06-27 11:40:00,-911.25,495.0,-416.25
2024-06-27 11:41:00,-1185.0,543.75,-641.25
2024-06-27 11:42:00,-1736.25,607.5,-1128.75
2024-06-27 11:43:00,-3018.75,716.25,-2302.5
2024-06-27 11:44:00,-2838.75,791.25,-2047.5
2024-06-27 11:45:00,-2820.0,772.5,-2047.5
2024-06-27 11:46:00,-2771.25,757.5,-2013.75
2024-06-27 11:47:00,-2808.75,768.75,-2040.0
2024-06-27 11:48:00,-2760.0,780.0,-1980.0
2024-06-27 11:49:00,-2572.5,693.75,-1878.75
2024-06-27 11:50:00,-2546.25,686.25,-1860.0
2024-06-27 11:51:00,-2501.25,645.0,-1856.25
2024-06-27 11:52:00,-2673.75,798.75,-1875.0
2024-06-27 11:53:00,-2673.75,787.5,-1886.25
2024-06-27 11:54:00,-2523.75,678.75,-1845.0
2024-06-27 11:55:00,-2505.0,652.5,-1852.5
2024-06-27 11:56:00,-2538.75,690.0,-1848.75
2024-06-27 11:57:00,-2598.75,780.0,-1818.75
2024-06-27 11:58:00,-2692.5,836.25,-1856.25
2024-06-27 11:59:00,-2718.75,862.5,-1856.25
2024-06-27 12:00:00,-2816.25,945.0,-1871.25
2024-06-27 12:01:00,-2831.25,967.5,-1863.75
2024-06-27 12:02:00,-2651.25,903.75,-1747.5
2024-06-27 12:03:00,-2827.5,971.25,-1856.25
2024-06-27 12:04:00,-2812.5,982.5,-1830.0
2024-06-27 12:05:00,-2872.5,971.25,-1901.25
2024-06-27 12:06:00,-2913.75,978.75,-1935.0
2024-06-27 12:07:00,-2767.5,903.75,-1863.75
2024-06-27 12:08:00,-2883.75,993.75,-1890.0
2024-06-27 12:09:00,-2733.75,915.0,-1818.75
2024-06-27 12:10:00,-2711.25,903.75,-1807.5
2024-06-27 12:11:00,-2816.25,960.0,-1856.25
2024-06-27 12:12:00,-2906.25,1023.75,-1882.5
2024-06-27 12:13:00,-3903.75,1023.75,-2880.0
2024-06-27 12:14:00,-4106.25,1016.25,-3090.0
2024-06-27 12:15:00,-4818.75,978.75,-3840.0
2024-06-27 12:16:00,-4695.0,952.5,-3742.5
2024-06-27 12:17:00,-4271.25,930.0,-3341.25
2024-06-27 12:18:00,-4751.25,1027.5,-3723.75
2024-06-27 12:19:00,-4263.75,982.5,-3281.25
2024-06-27 12:20:00,-4305.0,1020.0,-3285.0
2024-06-27 12:21:00,-4335.0,1005.0,-3330.0
2024-06-27 12:22:00,-4072.5,963.75,-3108.75
2024-06-27 12:23:00,-3967.5,967.5,-3000.0
2024-06-27 12:24:00,-4226.25,1012.5,-3213.75
2024-06-27 12:25:00,-4398.75,1053.75,-3345.0
2024-06-27 12:26:00,-4207.5,1008.75,-3198.75
2024-06-27 12:27:00,-4177.5,1008.75,-3168.75
2024-06-27 12:28:00,-3836.25,911.25,-2925.0
2024-06-27 12:29:00,-3825.0,930.0,-2895.0
2024-06-27 12:30:00,-3765.0,915.0,-2850.0
2024-06-27 12:31:00,-3832.5,993.75,-2838.75
2024-06-27 12:32:00,-3903.75,1005.0,-2898.75
2024-06-27 12:33:00,-3648.75,941.25,-2707.5
2024-06-27 12:34:00,-3746.25,997.5,-2748.75
2024-06-27 12:35:00,-3986.25,1065.0,-2921.25
2024-06-27 12:36:00,-4080.0,1091.25,-2988.75
2024-06-27 12:37:00,-4065.0,1061.25,-3003.75
2024-06-27 12:38:00,-4203.75,1143.75,-3060.0
2024-06-27 12:39:00,-3975.0,1042.5,-2932.5
2024-06-27 12:40:00,-3787.5,993.75,-2793.75
2024-06-27 12:41:00,-3746.25,975.0,-2771.25
2024-06-27 12:42:00,-3813.75,1035.0,-2778.75
2024-06-27 12:43:00,-3810.0,1008.75,-2801.25
2024-06-27 12:44:00,-3922.5,1027.5,-2895.0
2024-06-27 12:45:00,-4095.0,1080.0,-3015.0
2024-06-27 12:46:00,-4076.25,1076.25,-3000.0
2024-06-27 12:47:00,-3813.75,997.5,-2816.25
2024-06-27 12:48:00,-3832.5,990.0,-2842.5
2024-06-27 12:49:00,-3993.75,1031.25,-2962.5
2024-06-27 12:50:00,-4635.0,1106.25,-3528.75
2024-06-27 12:51:00,-4897.5,1170.0,-3727.5
2024-06-27 12:52:00,-5332.5,1207.5,-4125.0
2024-06-27 12:53:00,-5205.0,1196.25,-4008.75
2024-06-27 12:54:00,-5182.5,1185.0,-3997.5
2024-06-27 12:55:00,-4406.25,1113.75,-3292.5
2024-06-27 12:56:00,-4038.75,1008.75,-3030.0
2024-06-27 12:57:00,-4035.0,1031.25,-3003.75
2024-06-27 12:58:00,-3825.0,1005.0,-2820.0
2024-06-27 12:59:00,-3596.25,975.0,-2621.25
2024-06-27 13:00:00,-2958.75,622.5,-2336.25
2024-06-27 13:01:00,-3150.0,735.0,-2415.0
2024-06-27 13:02:00,-2831.25,371.25,-2460.0
2024-06-27 13:03:00,-2865.0,528.75,-2336.25
2024-06-27 13:04:00,-3000.0,780.0,-2220.0
2024-06-27 13:05:00,-3000.0,828.75,-2171.25
2024-06-27 13:06:00,-3018.75,802.5,-2216.25
2024-06-27 13:07:00,-3011.25,847.5,-2163.75
2024-06-27 13:08:00,-2741.25,693.75,-2047.5
2024-06-27 13:09:00,-3281.25,1031.25,-2250.0
2024-06-27 13:10:00,-3015.0,915.0,-2100.0
2024-06-27 13:11:00,-3056.25,963.75,-2092.5
2024-06-27 13:12:00,-3063.75,963.75,-2100.0
2024-06-27 13:13:00,-2805.0,768.75,-2036.25
2024-06-27 13:14:00,-2793.75,765.0,-2028.75
2024-06-27 13:15:00,-2940.0,967.5,-1972.5
2024-06-27 13:16:00,-2827.5,858.75,-1968.75
2024-06-27 13:17:00,-2925.0,896.25,-2028.75
2024-06-27 13:18:00,-3195.0,1083.75,-2111.25
2024-06-27 13:19:00,-2943.75,990.0,-1953.75
2024-06-27 13:20:00,-3386.25,1177.5,-2208.75
2024-06-27 13:21:00,-3592.5,1275.0,-2317.5
2024-06-27 13:22:00,-3382.5,1230.0,-2152.5
2024-06-27 13:23:00,-3273.75,1211.25,-2062.5
2024-06-27 13:24:00,-2970.0,1188.75,-1781.25
2024-06-27 13:25:00,-2827.5,1188.75,-1638.75
2024-06-27 13:26:00,-2812.5,1181.25,-1631.25
2024-06-27 13:27:00,-2598.75,1076.25,-1522.5
2024-06-27 13:28:00,-2366.25,990.0,-1376.25
2024-06-27 13:29:00,-2343.75,1020.0,-1323.75
2024-06-27 13:30:00,-2328.75,1027.5,-1301.25
2024-06-27 13:31:00,-2197.5,907.5,-1290.0
2024-06-27 13:32:00,-2201.25,956.25,-1245.0
2024-06-27 13:33:00,-2070.0,948.75,-1121.25
2024-06-27 13:34:00,-2013.75,855.0,-1158.75
2024-06-27 13:35:00,-2171.25,1023.75,-1147.5
2024-06-27 13:36:00,-2145.0,1008.75,-1136.25
2024-06-27 13:37:00,-2220.0,1162.5,-1057.5
2024-06-27 13:38:00,-1942.5,851.25,-1091.25
2024-06-27 13:39:00,-1935.0,918.75,-1016.25
2024-06-27 13:40:00,-1995.0,1072.5,-922.5
2024-06-27 13:41:00,-2100.0,1132.5,-967.5
2024-06-27 13:42:00,-2118.75,1158.75,-960.0
2024-06-27 13:43:00,-2163.75,1211.25,-952.5
2024-06-27 13:44:00,-2182.5,1211.25,-971.25
2024-06-27 13:45:00,-2073.75,1192.5,-881.25
2024-06-27 13:46:00,-2115.0,1200.0,-915.0
2024-06-27 13:47:00,-2178.75,1267.5,-911.25
2024-06-27 13:48:00,-2272.5,1286.25,-986.25
2024-06-27 13:49:00,-2133.75,1222.5,-911.25
2024-06-27 13:50:00,-1931.25,1068.75,-862.5
2024-06-27 13:51:00,-1920.0,1072.5,-847.5
2024-06-27 13:52:00,-1972.5,1185.0,-787.5
2024-06-27 13:53:00,-2070.0,1256.25,-813.75
2024-06-27 13:54:00,-2077.5,1278.75,-798.75
2024-06-27 13:55:00,-2085.0,1301.25,-783.75
2024-06-27 13:56:00,-2272.5,1432.5,-840.0
2024-06-27 13:57:00,-2291.25,1470.0,-821.25
2024-06-27 13:58:00,-2280.0,1451.25,-828.75
2024-06-27 13:59:00,-2167.5,1421.25,-746.25
2024-06-27 14:00:00,-2145.0,1451.25,-693.75
2024-06-27 14:01:00,-2553.75,1507.5,-1046.25
2024-06-27 14:02:00,-2613.75,1571.25,-1042.5
2024-06-27 14:03:00,-2317.5,1530.0,-787.5
2024-06-27 14:04:00,-1983.75,1473.75,-510.0
2024-06-27 14:05:00,-1912.5,1481.25,-431.25
2024-06-27 14:06:00,-1841.25,1428.75,-412.5
2024-06-27 14:07:00,-1762.5,1451.25,-311.25
2024-06-27 14:08:00,-1661.25,1402.5,-258.75
2024-06-27 14:09:00,-1762.5,1511.25,-251.25
2024-06-27 14:10:00,-1605.0,1395.0,-210.0
2024-06-27 14:11:00,-1567.5,1361.25,-206.25
2024-06-27 14:12:00,-1541.25,1323.75,-217.5
2024-06-27 14:13:00,-1601.25,1421.25,-180.0
2024-06-27 14:14:00,-1605.0,1470.0,-135.0
2024-06-27 14:15:00,-1612.5,1537.5,-75.0
2024-06-27 14:16:00,-1661.25,1567.5,-93.75
2024-06-27 14:17:00,-1683.75,1590.0,-93.75
2024-06-27 14:18:00,-1560.0,1503.75,-56.25
2024-06-27 14:19:00,-1627.5,1563.75,-63.75
2024-06-27 14:20:00,-1552.5,1503.75,-48.75
2024-06-27 14:21:00,-1556.25,1507.5,-48.75
2024-06-27 14:22:00,-1548.75,1496.25,-52.5
2024-06-27 14:23:00,-1646.25,1575.0,-71.25
2024-06-27 14:24:00,-1638.75,1571.25,-67.5
2024-06-27 14:25:00,-1458.75,1526.25,67.5
2024-06-27 14:26:00,-1485.0,1522.5,37.5
2024-06-27 14:27:00,-1462.5,1500.0,37.5
2024-06-27 14:28:00,-1421.25,1455.0,33.75
2024-06-27 14:29:00,-1372.5,1323.75,-48.75
2024-06-27 14:30:00,-1391.25,1518.75,127.5
2024-06-27 14:31:00,-1357.5,1481.25,123.75
2024-06-27 14:32:00,-1305.0,1323.75,18.75
2024-06-27 14:33:00,-1263.75,1203.75,-60.0
2024-06-27 14:34:00,-1263.75,1158.75,-105.0
2024-06-27 14:35:00,-1252.5,1271.25,18.75
2024-06-27 14:36:00,-1241.25,1383.75,142.5
2024-06-27 14:37:00,-1245.0,1293.75,48.75
2024-06-27 14:38:00,-1293.75,1578.75,285.0
2024-06-27 14:39:00,-1323.75,1683.75,360.0
2024-06-27 14:40:00,-1308.75,1713.75,405.0
2024-06-27 14:41:00,-1327.5,1710.0,382.5
2024-06-27 14:42:00,-1350.0,1740.0,390.0
2024-06-27 14:43:00,-1305.0,1736.25,431.25
2024-06-27 14:44:00,-1380.0,1785.0,405.0
2024-06-27 14:45:00,-1488.75,1777.5,288.75
2024-06-27 14:46:00,-1402.5,1762.5,360.0
2024-06-27 14:47:00,-1991.25,1777.5,-213.75
2024-06-27 14:48:00,-2175.0,1755.0,-420.0
2024-06-27 14:49:00,-2730.0,1740.0,-990.0
2024-06-27 14:50:00,-2178.75,1766.25,-412.5
2024-06-27 14:51:00,-2550.0,1785.0,-765.0
2024-06-27 14:52:00,-2490.0,1807.5,-682.5
2024-06-27 14:53:00,-2385.0,1788.75,-596.25
2024-06-27 14:54:00,-2752.5,1803.75,-948.75
2024-06-27 14:55:00,-2452.5,1807.5,-645.0
2024-06-27 14:56:00,-2253.75,1698.75,-555.0
2024-06-27 14:57:00,-2550.0,2017.5,-532.5
2024-06-27 14:58:00,-2748.75,2276.25,-472.5
2024-06-27 14:59:00,-2452.5,2223.75,-228.75
2024-06-27 15:00:00,-2313.75,2497.5,183.75
2024-06-27 15:01:00,-2501.25,2726.25,225.0
2024-06-27 15:02:00,-1691.25,2520.0,828.75
2024-06-27 15:03:00,-1417.5,2763.75,1346.25
2024-06-27 15:04:00,-1282.5,2760.0,1477.5
2024-06-27 15:05:00,-1290.0,2970.0,1680.0
2024-06-27 15:06:00,-1316.25,3146.25,1830.0
2024-06-27 15:07:00,-1260.0,3285.0,2025.0
2024-06-27 15:08:00,-1282.5,3397.5,2115.0
2024-06-27 15:09:00,-1323.75,3401.25,2077.5
2024-06-27 15:10:00,-1177.5,3408.75,2231.25
2024-06-27 15:11:00,-1233.75,3487.5,2253.75
2024-06-27 15:12:00,-1211.25,3495.0,2283.75
2024-06-27 15:13:00,-1275.0,3506.25,2231.25
2024-06-27 15:14:00,-1248.75,3525.0,2276.25
2024-06-27 15:15:00,-1248.75,3521.25,2272.5
2024-06-27 15:16:00,-1271.25,3528.75,2257.5
2024-06-27 15:17:00,-1312.5,3528.75,2216.25
2024-06-27 15:18:00,-1462.5,3536.25,2073.75
2024-06-27 15:19:00,-1331.25,3536.25,2205.0
2024-06-27 15:20:00,-1383.75,3536.25,2152.5
2024-06-27 15:21:00,-1383.75,3536.25,2152.5
2024-06-27 15:22:00,-1383.75,3536.25,2152.5
2024-06-27 15:23:00,-1383.75,3536.25,2152.5
2024-06-27 15:24:00,-1383.75,3536.25,2152.5
2024-06-27 15:25:00,-1383.75,3536.25,2152.5
2024-06-27 15:26:00,-1383.75,3536.25,2152.5
2024-06-27 15:27:00,-1383.75,3536.25,2152.5
2024-06-27 15:28:00,-1383.75,3536.25,2152.5
2024-06-27 15:29:00,-1383.75,3536.25,2152.5
2024-06-27 15:30:00,-1383.75,3536.25,2152.5
2024-07-04 10:15:00,0.0,0.0,0.0
2024-07-04 10:16:00,-37.5,78.75,41.25
2024-07-04 10:17:00,-127.5,187.5,60.0
2024-07-04 10:18:00,30.0,71.25,101.25
2024-07-04 10:19:00,318.75,-420.0,-101.25
2024-07-04 10:20:00,255.0,-232.5,22.5
2024-07-04 10:21:00,273.75,-333.75,-60.0
2024-07-04 10:22:00,315.0,-363.75,-48.75
2024-07-04 10:23:00,303.75,-367.5,-63.75
2024-07-04 10:24:00,472.5,-776.25,-303.75
2024-07-04 10:25:00,510.0,-723.75,-213.75
2024-07-04 10:26:00,450.0,-611.25,-161.25
2024-07-04 10:27:00,491.25,-1215.0,-723.75
2024-07-04 10:28:00,570.0,-1211.25,-641.25
2024-07-04 10:29:00,532.5,-945.0,-412.5
2024-07-04 10:30:00,525.0,-836.25,-311.25
2024-07-04 10:31:00,551.25,-705.0,-153.75
2024-07-04 10:32:00,566.25,-971.25,-405.0
2024-07-04 10:33:00,577.5,-1001.25,-423.75
2024-07-04 10:34:00,660.0,-1560.0,-900.0
2024-07-04 10:35:00,712.5,-1593.75,-881.25
2024-07-04 10:36:00,720.0,-1485.0,-765.0
2024-07-04 10:37:00,697.5,-1413.75,-716.25
2024-07-04 10:38:00,716.25,-1590.0,-873.75
2024-07-04 10:39:00,701.25,-1500.0,-798.75
2024-07-04 10:40:00,731.25,-1582.5,-851.25
2024-07-04 10:41:00,686.25,-1200.0,-513.75
2024-07-04 10:42:00,675.0,-1125.0,-450.0
2024-07-04 10:43:00,682.5,-1027.5,-345.0
2024-07-04 10:44:00,708.75,-952.5,-243.75
2024-07-04 10:45:00,705.0,-885.0,-180.0
2024-07-04 10:46:00,746.25,-1065.0,-318.75
2024-07-04 10:47:00,862.5,-2066.25,-1203.75
2024-07-04 10:48:00,858.75,-1743.75,-885.0
2024-07-04 10:49:00,836.25,-1511.25,-675.0
2024-07-04 10:50:00,832.5,-1335.0,-502.5
2024-07-04 10:51:00,832.5,-1282.5,-450.0
2024-07-04 10:52:00,840.0,-1256.25,-416.25
2024-07-04 10:53:00,870.0,-1428.75,-558.75
2024-07-04 10:54:00,851.25,-1271.25,-420.0
2024-07-04 10:55:00,877.5,-1496.25,-618.75
2024-07-04 10:56:00,870.0,-1320.0,-450.0
2024-07-04 10:57:00,858.75,-1020.0,-161.25
2024-07-04 10:58:00,851.25,-881.25,-30.0
2024-07-04 10:59:00,933.75,-1151.25,-217.5
2024-07-04 11:00:00,930.0,-918.75,11.25
2024-07-04 11:01:00,945.0,-1008.75,-63.75
2024-07-04 11:02:00,986.25,-1098.75,-112.5
2024-07-04 11:03:00,1027.5,-1102.5,-75.0
2024-07-04 11:04:00,963.75,-513.75,450.0
2024-07-04 11:05:00,945.0,-551.25,393.75
2024-07-04 11:06:00,900.0,-393.75,506.25
2024-07-04 11:07:00,918.75,-513.75,405.0
2024-07-04 11:08:00,963.75,-727.5,236.25
2024-07-04 11:09:00,933.75,-420.0,513.75
2024-07-04 11:10:00,918.75,-277.5,641.25
2024-07-04 11:11:00,900.0,-303.75,596.25
2024-07-04 11:12:00,877.5,-273.75,603.75
2024-07-04 11:13:00,900.0,-296.25,603.75
2024-07-04 11:14:00,911.25,-337.5,573.75
2024-07-04 11:15:00,922.5,-337.5,585.0
2024-07-04 11:16:00,900.0,-300.0,600.0
2024-07-04 11:17:00,933.75,-382.5,551.25
2024-07-04 11:18:00,900.0,-116.25,783.75
2024-07-04 11:19:00,915.0,-157.5,757.5
2024-07-04 11:20:00,926.25,-210.0,716.25
2024-07-04 11:21:00,911.25,-138.75,772.5
2024-07-04 11:22:00,941.25,-225.0,716.25
2024-07-04 11:23:00,915.0,15.0,930.0
2024-07-04 11:24:00,911.25,41.25,952.5
2024-07-04 11:25:00,933.75,-75.0,858.75
2024-07-04 11:26:00,918.75,0.0,918.75
2024-07-04 11:27:00,926.25,-116.25,810.0
2024-07-04 11:28:00,926.25,11.25,937.5
2024-07-04 11:29:00,918.75,18.75,937.5
2024-07-04 11:30:00,915.0,41.25,956.25
2024-07-04 11:31:00,937.5,-26.25,911.25
2024-07-04 11:32:00,945.0,146.25,1091.25
2024-07-04 11:33:00,963.75,45.0,1008.75
2024-07-04 11:34:00,967.5,0.0,967.5
2024-07-04 11:35:00,1023.75,-135.0,888.75
2024-07-04 11:36:00,1027.5,-172.5,855.0
2024-07-04 11:37:00,1065.0,-206.25,858.75
2024-07-04 11:38:00,1038.75,-63.75,975.0
2024-07-04 11:39:00,1027.5,0.0,1027.5
2024-07-04 11:40:00,1031.25,7.5,1038.75
2024-07-04 11:41:00,1035.0,3.75,1038.75
2024-07-04 11:42:00,1042.5,-60.0,982.5
2024-07-04 11:43:00,1042.5,-30.0,1012.5
2024-07-04 11:44:00,1050.0,-60.0,990.0
2024-07-04 11:45:00,1053.75,-93.75,960.0
2024-07-04 11:46:00,1057.5,-168.75,888.75
2024-07-04 11:47:00,1046.25,-45.0,1001.25
2024-07-04 11:48:00,1038.75,15.0,1053.75
2024-07-04 11:49:00,1038.75,22.5,1061.25
2024-07-04 11:50:00,1035.0,75.0,1110.0
2024-07-04 11:51:00,1038.75,75.0,1113.75
2024-07-04 11:52:00,1046.25,82.5,1128.75
2024-07-04 11:53:00,1076.25,15.0,1091.25
2024-07-04 11:54:00,1072.5,60.0,1132.5
2024-07-04 11:55:00,1068.75,71.25,1140.0
2024-07-04 11:56:00,1050.0,127.5,1177.5
2024-07-04 11:57:00,1068.75,45.0,1113.75
2024-07-04 11:58:00,1068.75,0.0,1068.75
2024-07-04 11:59:00,1068.75,-18.75,1050.0
2024-07-04 12:00:00,1068.75,108.75,1177.5
2024-07-04 12:01:00,1068.75,180.0,1248.75
2024-07-04 12:02:00,1068.75,165.0,1233.75
2024-07-04 12:03:00,1065.0,168.75,1233.75
2024-07-04 12:04:00,1095.0,56.25,1151.25
2024-07-04 12:05:00,1087.5,71.25,1158.75
2024-07-04 12:06:00,1076.25,116.25,1192.5
2024-07-04 12:07:00,1087.5,63.75,1151.25
2024-07-04 12:08:00,1080.0,142.5,1222.5
2024-07-04 12:09:00,1072.5,198.75,1271.25
2024-07-04 12:10:00,1057.5,300.0,1357.5
2024-07-04 12:11:00,1038.75,375.0,1413.75
2024-07-04 12:12:00,1038.75,345.0,1383.75
2024-07-04 12:13:00,1046.25,348.75,1395.0
2024-07-04 12:14:00,1046.25,378.75,1425.0
2024-07-04 12:15:00,1065.0,352.5,1417.5
2024-07-04 12:16:00,1050.0,438.75,1488.75
2024-07-04 12:17:00,1053.75,416.25,1470.0
2024-07-04 12:18:00,1053.75,480.0,1533.75
2024-07-04 12:19:00,1065.0,468.75,1533.75
2024-07-04 12:20:00,1072.5,476.25,1548.75
2024-07-04 12:21:00,1076.25,450.0,1526.25
2024-07-04 12:22:00,1072.5,513.75,1586.25
2024-07-04 12:23:00,1057.5,502.5,1560.0
2024-07-04 12:24:00,1035.0,551.25,1586.25
2024-07-04 12:25:00,1038.75,528.75,1567.5
2024-07-04 12:26:00,1057.5,513.75,1571.25
2024-07-04 12:27:00,1027.5,540.0,1567.5
2024-07-04 12:28:00,1027.5,543.75,1571.25
2024-07-04 12:29:00,1027.5,521.25,1548.75
2024-07-04 12:30:00,1027.5,547.5,1575.0
2024-07-04 12:31:00,1020.0,513.75,1533.75
2024-07-04 12:32:00,1031.25,487.5,1518.75
2024-07-04 12:33:00,1061.25,457.5,1518.75
2024-07-04 12:34:00,1057.5,465.0,1522.5
2024-07-04 12:35:00,1061.25,468.75,1530.0
2024-07-04 12:36:00,1057.5,468.75,1526.25
2024-07-04 12:37:00,1087.5,397.5,1485.0
2024-07-04 12:38:00,1095.0,427.5,1522.5
2024-07-04 12:39:00,1083.75,446.25,1530.0
2024-07-04 12:40:00,1080.0,461.25,1541.25
2024-07-04 12:41:00,1087.5,405.0,1492.5
2024-07-04 12:42:00,1113.75,423.75,1537.5
2024-07-04 12:43:00,1091.25,495.0,1586.25
2024-07-04 12:44:00,1087.5,472.5,1560.0
2024-07-04 12:45:00,1098.75,457.5,1556.25
2024-07-04 12:46:00,1083.75,420.0,1503.75
2024-07-04 12:47:00,1076.25,442.5,1518.75
2024-07-04 12:48:00,1068.75,453.75,1522.5
2024-07-04 12:49:00,1053.75,476.25,1530.0
2024-07-04 12:50:00,1053.75,465.0,1518.75
2024-07-04 12:51:00,1042.5,442.5,1485.0
2024-07-04 12:52:00,1046.25,450.0,1496.25
2024-07-04 12:53:00,1061.25,450.0,1511.25
2024-07-04 12:54:00,1057.5,468.75,1526.25
2024-07-04 12:55:00,1072.5,446.25,1518.75
2024-07-04 12:56:00,1072.5,446.25,1518.75
2024-07-04 12:57:00,1083.75,431.25,1515.0
2024-07-04 12:58:00,1076.25,461.25,1537.5
2024-07-04 12:59:00,1087.5,420.0,1507.5
2024-07-04 13:00:00,1087.5,405.0,1492.5
2024-07-04 13:01:00,1102.5,401.25,1503.75
2024-07-04 13:02:00,1117.5,408.75,1526.25
2024-07-04 13:03:00,1110.0,397.5,1507.5
2024-07-04 13:04:00,1143.75,232.5,1376.25
2024-07-04 13:05:00,1140.0,341.25,1481.25
2024-07-04 13:06:00,1132.5,412.5,1545.0
2024-07-04 13:07:00,1128.75,382.5,1511.25
2024-07-04 13:08:00,1147.5,390.0,1537.5
2024-07-04 13:09:00,1140.0,453.75,1593.75
2024-07-04 13:10:00,1128.75,611.25,1740.0
2024-07-04 13:11:00,1136.25,592.5,1728.75
2024-07-04 13:12:00,1147.5,532.5,1680.0
2024-07-04 13:13:00,1170.0,480.0,1650.0
2024-07-04 13:14:00,1173.75,457.5,1631.25
2024-07-04 13:15:00,1173.75,423.75,1597.5
2024-07-04 13:16:00,1173.75,416.25,1590.0
2024-07-04 13:17:00,1188.75,472.5,1661.25
2024-07-04 13:18:00,1181.25,487.5,1668.75
2024-07-04 13:19:00,1181.25,502.5,1683.75
2024-07-04 13:20:00,1188.75,513.75,1702.5
2024-07-04 13:21:00,1181.25,573.75,1755.0
2024-07-04 13:22:00,1181.25,566.25,1747.5
2024-07-04 13:23:00,1188.75,570.0,1758.75
2024-07-04 13:24:00,1192.5,528.75,1721.25
2024-07-04 13:25:00,1200.0,483.75,1683.75
2024-07-04 13:26:00,1203.75,446.25,1650.0
2024-07-04 13:27:00,1203.75,438.75,1642.5
2024-07-04 13:28:00,1203.75,453.75,1657.5
2024-07-04 13:29:00,1200.0,528.75,1728.75
2024-07-04 13:30:00,1196.25,525.0,1721.25
2024-07-04 13:31:00,1207.5,468.75,1676.25
2024-07-04 13:32:00,1218.75,401.25,1620.0
2024-07-04 13:33:00,1218.75,378.75,1597.5
2024-07-04 13:34:00,1215.0,367.5,1582.5
2024-07-04 13:35:00,1215.0,442.5,1657.5
2024-07-04 13:36:00,1211.25,442.5,1653.75
2024-07-04 13:37:00,1218.75,427.5,1646.25
2024-07-04 13:38:00,1215.0,461.25,1676.25
2024-07-04 13:39:00,1211.25,491.25,1702.5
2024-07-04 13:40:00,1215.0,540.0,1755.0
2024-07-04 13:41:00,1215.0,487.5,1702.5
2024-07-04 13:42:00,1218.75,480.0,1698.75
2024-07-04 13:43:00,1218.75,461.25,1680.0
2024-07-04 13:44:00,1222.5,461.25,1683.75
2024-07-04 13:45:00,1218.75,483.75,1702.5
2024-07-04 13:46:00,1218.75,528.75,1747.5
2024-07-04 13:47:00,1222.5,172.5,1395.0
2024-07-04 13:48:00,1230.0,326.25,1556.25
2024-07-04 13:49:00,1237.5,41.25,1278.75
2024-07-04 13:50:00,1241.25,172.5,1413.75
2024-07-04 13:51:00,1245.0,3.75,1248.75
2024-07-04 13:52:00,1245.0,123.75,1368.75
2024-07-04 13:53:00,1241.25,153.75,1395.0
2024-07-04 13:54:00,1248.75,240.0,1488.75
2024-07-04 13:55:00,1245.0,168.75,1413.75
2024-07-04 13:56:00,1248.75,71.25,1320.0
2024-07-04 13:57:00,1241.25,213.75,1455.0
2024-07-04 13:58:00,1241.25,195.0,1436.25
2024-07-04 13:59:00,1241.25,221.25,1462.5
2024-07-04 14:00:00,1241.25,341.25,1582.5
2024-07-04 14:01:00,1237.5,270.0,1507.5
2024-07-04 14:02:00,1241.25,307.5,1548.75
2024-07-04 14:03:00,1252.5,240.0,1492.5
2024-07-04 14:04:00,1252.5,270.0,1522.5
2024-07-04 14:05:00,1252.5,281.25,1533.75
2024-07-04 14:06:00,1248.75,240.0,1488.75
2024-07-04 14:07:00,1252.5,300.0,1552.5
2024-07-04 14:08:00,1248.75,641.25,1890.0
2024-07-04 14:09:00,1245.0,618.75,1863.75
2024-07-04 14:10:00,1226.25,873.75,2100.0
2024-07-04 14:11:00,1207.5,918.75,2126.25
2024-07-04 14:12:00,1218.75,922.5,2141.25
2024-07-04 14:13:00,1222.5,885.0,2107.5
2024-07-04 14:14:00,1230.0,885.0,2115.0
2024-07-04 14:15:00,1230.0,926.25,2156.25
2024-07-04 14:16:00,1252.5,821.25,2073.75
2024-07-04 14:17:00,1237.5,941.25,2178.75
2024-07-04 14:18:00,1230.0,971.25,2201.25
2024-07-04 14:19:00,1230.0,956.25,2186.25
2024-07-04 14:20:00,1237.5,956.25,2193.75
2024-07-04 14:21:00,1252.5,900.0,2152.5
2024-07-04 14:22:00,1252.5,821.25,2073.75
2024-07-04 14:23:00,1248.75,952.5,2201.25
2024-07-04 14:24:00,1245.0,915.0,2160.0
2024-07-04 14:25:00,1245.0,911.25,2156.25
2024-07-04 14:26:00,1248.75,892.5,2141.25
2024-07-04 14:27:00,1248.75,933.75,2182.5
2024-07-04 14:28:00,1248.75,900.0,2148.75
2024-07-04 14:29:00,1256.25,907.5,2163.75
2024-07-04 14:30:00,1252.5,941.25,2193.75
2024-07-04 14:31:00,1252.5,896.25,2148.75
2024-07-04 14:32:00,1252.5,986.25,2238.75
2024-07-04 14:33:00,1237.5,1012.5,2250.0
2024-07-04 14:34:00,1245.0,1008.75,2253.75
2024-07-04 14:35:00,1248.75,1020.0,2268.75
2024-07-04 14:36:00,1237.5,1065.0,2302.5
2024-07-04 14:37:00,1245.0,1065.0,2310.0
2024-07-04 14:38:00,1252.5,1095.0,2347.5
2024-07-04 14:39:00,1252.5,1065.0,2317.5
2024-07-04 14:40:00,1256.25,1068.75,2325.0
2024-07-04 14:41:00,1263.75,1050.0,2313.75
2024-07-04 14:42:00,1263.75,1068.75,2332.5
2024-07-04 14:43:00,1271.25,1072.5,2343.75
2024-07-04 14:44:00,1271.25,1068.75,2340.0
2024-07-04 14:45:00,1267.5,1102.5,2370.0
2024-07-04 14:46:00,1271.25,1125.0,2396.25
2024-07-04 14:47:00,1267.5,1106.25,2373.75
2024-07-04 14:48:00,1275.0,1110.0,2385.0
2024-07-04 14:49:00,1271.25,1151.25,2422.5
2024-07-04 14:50:00,1278.75,1125.0,2403.75
2024-07-04 14:51:00,1275.0,1050.0,2325.0
2024-07-04 14:52:00,1275.0,866.25,2141.25
2024-07-04 14:53:00,1271.25,960.0,2231.25
2024-07-04 14:54:00,1275.0,776.25,2051.25
2024-07-04 14:55:00,1275.0,761.25,2036.25
2024-07-04 14:56:00,1275.0,585.0,1860.0
2024-07-04 14:57:00,1278.75,753.75,2032.5
2024-07-04 14:58:00,1278.75,851.25,2130.0
2024-07-04 14:59:00,1282.5,855.0,2137.5
2024-07-04 15:00:00,1286.25,772.5,2058.75
2024-07-04 15:01:00,1286.25,866.25,2152.5
2024-07-04 15:02:00,1282.5,956.25,2238.75
2024-07-04 15:03:00,1290.0,948.75,2238.75
2024-07-04 15:04:00,1290.0,978.75,2268.75
2024-07-04 15:05:00,1293.75,1012.5,2306.25
2024-07-04 15:06:00,1290.0,888.75,2178.75
2024-07-04 15:07:00,1293.75,930.0,2223.75
2024-07-04 15:08:00,1290.0,742.5,2032.5
2024-07-04 15:09:00,1293.75,735.0,2028.75
2024-07-04 15:10:00,1293.75,660.0,1953.75
2024-07-04 15:11:00,1293.75,742.5,2036.25
2024-07-04 15:12:00,1293.75,933.75,2227.5
2024-07-04 15:13:00,1293.75,851.25,2145.0
2024-07-04 15:14:00,1297.5,1102.5,2400.0
2024-07-04 15:15:00,1293.75,1106.25,2400.0
2024-07-04 15:16:00,1297.5,1095.0,2392.5
2024-07-04 15:17:00,1293.75,1110.0,2403.75
2024-07-04 15:18:00,1297.5,1177.5,2475.0
2024-07-04 15:19:00,1297.5,1128.75,2426.25
2024-07-04 15:20:00,1297.5,1170.0,2467.5
2024-07-04 15:21:00,1297.5,1170.0,2467.5
2024-07-04 15:22:00,1297.5,1170.0,2467.5
2024-07-04 15:23:00,1297.5,1170.0,2467.5
2024-07-04 15:24:00,1297.5,1170.0,2467.5
2024-07-04 15:25:00,1297.5,1170.0,2467.5
2024-07-04 15:26:00,1297.5,1170.0,2467.5
2024-07-04 15:27:00,1297.5,1170.0,2467.5
2024-07-04 15:28:00,1297.5,1170.0,2467.5
2024-07-04 15:29:00,1297.5,1170.0,2467.5
2024-07-04 15:30:00,1297.5,1170.0,2467.5
2024-07-11 10:15:00,0.0,0.0,0.0
2024-07-11 10:16:00,172.5,-487.5,-315.0
2024-07-11 10:17:00,270.0,-528.75,-258.75
2024-07-11 10:18:00,360.0,-780.0,-420.0
2024-07-11 10:19:00,311.25,-765.0,-453.75
2024-07-11 10:20:00,431.25,-682.5,-251.25
2024-07-11 10:21:00,330.0,-622.5,-292.5
2024-07-11 10:22:00,288.75,-405.0,-116.25
2024-07-11 10:23:00,371.25,-502.5,-131.25
2024-07-11 10:24:00,371.25,-442.5,-71.25
2024-07-11 10:25:00,427.5,-645.0,-217.5
2024-07-11 10:26:00,401.25,-405.0,-3.75
2024-07-11 10:27:00,386.25,-442.5,-56.25
2024-07-11 10:28:00,405.0,-363.75,41.25
2024-07-11 10:29:00,435.0,-397.5,37.5
2024-07-11 10:30:00,536.25,-645.0,-108.75
2024-07-11 10:31:00,506.25,-315.0,191.25
2024-07-11 10:32:00,457.5,-168.75,288.75
2024-07-11 10:33:00,495.0,-165.0,330.0
2024-07-11 10:34:00,513.75,-270.0,243.75
2024-07-11 10:35:00,525.0,-258.75,266.25
2024-07-11 10:36:00,498.75,-180.0,318.75
2024-07-11 10:37:00,510.0,-217.5,292.5
2024-07-11 10:38:00,506.25,-172.5,333.75
2024-07-11 10:39:00,551.25,-333.75,217.5
2024-07-11 10:40:00,502.5,-138.75,363.75
2024-07-11 10:41:00,551.25,-135.0,416.25
2024-07-11 10:42:00,551.25,-60.0,491.25
2024-07-11 10:43:00,562.5,-78.75,483.75
2024-07-11 10:44:00,585.0,-86.25,498.75
2024-07-11 10:45:00,645.0,-285.0,360.0
2024-07-11 10:46:00,618.75,-262.5,356.25
2024-07-11 10:47:00,630.0,-270.0,360.0
2024-07-11 10:48:00,720.0,-742.5,-22.5
2024-07-11 10:49:00,712.5,-337.5,375.0
2024-07-11 10:50:00,712.5,-315.0,397.5
2024-07-11 10:51:00,705.0,-318.75,386.25
2024-07-11 10:52:00,682.5,-258.75,423.75
2024-07-11 10:53:00,690.0,-251.25,438.75
2024-07-11 10:54:00,693.75,-270.0,423.75
2024-07-11 10:55:00,716.25,-360.0,356.25
2024-07-11 10:56:00,686.25,-281.25,405.0
2024-07-11 10:57:00,697.5,-273.75,423.75
2024-07-11 10:58:00,705.0,-240.0,465.0
2024-07-11 10:59:00,716.25,-270.0,446.25
2024-07-11 11:00:00,772.5,-457.5,315.0
2024-07-11 11:01:00,671.25,123.75,795.0
2024-07-11 11:02:00,682.5,112.5,795.0
2024-07-11 11:03:00,663.75,75.0,738.75
2024-07-11 11:04:00,693.75,-67.5,626.25
2024-07-11 11:05:00,690.0,-101.25,588.75
2024-07-11 11:06:00,682.5,3.75,686.25
2024-07-11 11:07:00,686.25,-37.5,648.75
2024-07-11 11:08:00,641.25,75.0,716.25
2024-07-11 11:09:00,686.25,-60.0,626.25
2024-07-11 11:10:00,705.0,-78.75,626.25
2024-07-11 11:11:00,708.75,-56.25,652.5
2024-07-11 11:12:00,705.0,-108.75,596.25
2024-07-11 11:13:00,723.75,-183.75,540.0
2024-07-11 11:14:00,682.5,-7.5,675.0
2024-07-11 11:15:00,675.0,18.75,693.75
2024-07-11 11:16:00,686.25,-3.75,682.5
2024-07-11 11:17:00,678.75,37.5,716.25
2024-07-11 11:18:00,645.0,127.5,772.5
2024-07-11 11:19:00,663.75,63.75,727.5
2024-07-11 11:20:00,645.0,112.5,757.5
2024-07-11 11:21:00,637.5,108.75,746.25
2024-07-11 11:22:00,592.5,255.0,847.5
2024-07-11 11:23:00,615.0,262.5,877.5
2024-07-11 11:24:00,633.75,270.0,903.75
2024-07-11 11:25:00,626.25,232.5,858.75
2024-07-11 11:26:00,630.0,206.25,836.25
2024-07-11 11:27:00,600.0,296.25,896.25
2024-07-11 11:28:00,588.75,303.75,892.5
2024-07-11 11:29:00,630.0,243.75,873.75
2024-07-11 11:30:00,690.0,172.5,862.5
2024-07-11 11:31:00,727.5,63.75,791.25
2024-07-11 11:32:00,708.75,112.5,821.25
2024-07-11 11:33:00,690.0,225.0,915.0
2024-07-11 11:34:00,678.75,180.0,858.75
2024-07-11 11:35:00,675.0,221.25,896.25
2024-07-11 11:36:00,671.25,210.0,881.25
2024-07-11 11:37:00,667.5,195.0,862.5
2024-07-11 11:38:00,663.75,198.75,862.5
2024-07-11 11:39:00,660.0,198.75,858.75
2024-07-11 11:40:00,671.25,191.25,862.5
2024-07-11 11:41:00,656.25,206.25,862.5
2024-07-11 11:42:00,476.25,532.5,1008.75
2024-07-11 11:43:00,592.5,450.0,1042.5
2024-07-11 11:44:00,615.0,412.5,1027.5
2024-07-11 11:45:00,633.75,363.75,997.5
2024-07-11 11:46:00,637.5,375.0,1012.5
2024-07-11 11:47:00,682.5,273.75,956.25
2024-07-11 11:48:00,656.25,273.75,930.0
2024-07-11 11:49:00,626.25,307.5,933.75
2024-07-11 11:50:00,637.5,281.25,918.75
2024-07-11 11:51:00,630.0,296.25,926.25
2024-07-11 11:52:00,615.0,307.5,922.5
2024-07-11 11:53:00,603.75,326.25,930.0
2024-07-11 11:54:00,607.5,296.25,903.75
2024-07-11 11:55:00,652.5,243.75,896.25
2024-07-11 11:56:00,633.75,243.75,877.5
2024-07-11 11:57:00,603.75,307.5,911.25
2024-07-11 11:58:00,562.5,333.75,896.25
2024-07-11 11:59:00,577.5,318.75,896.25
2024-07-11 12:00:00,547.5,311.25,858.75
2024-07-11 12:01:00,573.75,292.5,866.25
2024-07-11 12:02:00,611.25,266.25,877.5
2024-07-11 12:03:00,648.75,202.5,851.25
2024-07-11 12:04:00,667.5,-1927.5,-1260.0
2024-07-11 12:05:00,825.0,-2013.75,-1188.75
2024-07-11 12:06:00,870.0,-1953.75,-1083.75
2024-07-11 12:07:00,836.25,-1473.75,-637.5
2024-07-11 12:08:00,855.0,-1031.25,-176.25
2024-07-11 12:09:00,858.75,-1095.0,-236.25
2024-07-11 12:10:00,832.5,-753.75,78.75
2024-07-11 12:11:00,836.25,-588.75,247.5
2024-07-11 12:12:00,468.75,93.75,562.5
2024-07-11 12:13:00,701.25,86.25,787.5
2024-07-11 12:14:00,731.25,-15.0,716.25
2024-07-11 12:15:00,648.75,112.5,761.25
2024-07-11 12:16:00,648.75,90.0,738.75
2024-07-11 12:17:00,633.75,127.5,761.25
2024-07-11 12:18:00,585.0,198.75,783.75
2024-07-11 12:19:00,622.5,191.25,813.75
2024-07-11 12:20:00,555.0,225.0,780.0
2024-07-11 12:21:00,581.25,210.0,791.25
2024-07-11 12:22:00,468.75,240.0,708.75
2024-07-11 12:23:00,577.5,206.25,783.75
2024-07-11 12:24:00,600.0,187.5,787.5
2024-07-11 12:25:00,585.0,210.0,795.0
2024-07-11 12:26:00,528.75,285.0,813.75
2024-07-11 12:27:00,577.5,281.25,858.75
2024-07-11 12:28:00,577.5,281.25,858.75
2024-07-11 12:29:00,588.75,307.5,896.25
2024-07-11 12:30:00,588.75,345.0,933.75
2024-07-11 12:31:00,592.5,348.75,941.25
2024-07-11 12:32:00,581.25,405.0,986.25
2024-07-11 12:33:00,656.25,371.25,1027.5
2024-07-11 12:34:00,626.25,438.75,1065.0
2024-07-11 12:35:00,588.75,532.5,1121.25
2024-07-11 12:36:00,645.0,498.75,1143.75
2024-07-11 12:37:00,630.0,506.25,1136.25
2024-07-11 12:38:00,656.25,495.0,1151.25
2024-07-11 12:39:00,615.0,566.25,1181.25
2024-07-11 12:40:00,577.5,656.25,1233.75
2024-07-11 12:41:00,607.5,671.25,1278.75
2024-07-11 12:42:00,603.75,678.75,1282.5
2024-07-11 12:43:00,603.75,656.25,1260.0
2024-07-11 12:44:00,555.0,708.75,1263.75
2024-07-11 12:45:00,566.25,697.5,1263.75
2024-07-11 12:46:00,573.75,690.0,1263.75
2024-07-11 12:47:00,521.25,720.0,1241.25
2024-07-11 12:48:00,551.25,705.0,1256.25
2024-07-11 12:49:00,401.25,795.0,1196.25
2024-07-11 12:50:00,390.0,828.75,1218.75
2024-07-11 12:51:00,375.0,840.0,1215.0
2024-07-11 12:52:00,472.5,765.0,1237.5
2024-07-11 12:53:00,577.5,753.75,1331.25
2024-07-11 12:54:00,547.5,761.25,1308.75
2024-07-11 12:55:00,551.25,757.5,1308.75
2024-07-11 12:56:00,566.25,742.5,1308.75
2024-07-11 12:57:00,588.75,738.75,1327.5
2024-07-11 12:58:00,682.5,697.5,1380.0
2024-07-11 12:59:00,611.25,783.75,1395.0
2024-07-11 13:00:00,622.5,828.75,1451.25
2024-07-11 13:01:00,585.0,855.0,1440.0
2024-07-11 13:02:00,626.25,825.0,1451.25
2024-07-11 13:03:00,592.5,858.75,1451.25
2024-07-11 13:04:00,633.75,851.25,1485.0
2024-07-11 13:05:00,648.75,840.0,1488.75
2024-07-11 13:06:00,652.5,851.25,1503.75
2024-07-11 13:07:00,588.75,903.75,1492.5
2024-07-11 13:08:00,555.0,930.0,1485.0
2024-07-11 13:09:00,581.25,933.75,1515.0
2024-07-11 13:10:00,622.5,896.25,1518.75
2024-07-11 13:11:00,630.0,900.0,1530.0
2024-07-11 13:12:00,558.75,922.5,1481.25
2024-07-11 13:13:00,562.5,926.25,1488.75
2024-07-11 13:14:00,562.5,918.75,1481.25
2024-07-11 13:15:00,618.75,881.25,1500.0
2024-07-11 13:16:00,615.0,881.25,1496.25
2024-07-11 13:17:00,600.0,915.0,1515.0
2024-07-11 13:18:00,562.5,937.5,1500.0
2024-07-11 13:19:00,558.75,933.75,1492.5
2024-07-11 13:20:00,607.5,915.0,1522.5
2024-07-11 13:21:00,588.75,937.5,1526.25
2024-07-11 13:22:00,772.5,802.5,1575.0
2024-07-11 13:23:00,712.5,896.25,1608.75
2024-07-11 13:24:00,686.25,941.25,1627.5
2024-07-11 13:25:00,690.0,937.5,1627.5
2024-07-11 13:26:00,663.75,941.25,1605.0
2024-07-11 13:27:00,648.75,960.0,1608.75
2024-07-11 13:28:00,675.0,963.75,1638.75
2024-07-11 13:29:00,746.25,941.25,1687.5
2024-07-11 13:30:00,821.25,885.0,1706.25
2024-07-11 13:31:00,836.25,877.5,1713.75
2024-07-11 13:32:00,862.5,888.75,1751.25
2024-07-11 13:33:00,843.75,926.25,1770.0
2024-07-11 13:34:00,877.5,892.5,1770.0
2024-07-11 13:35:00,892.5,862.5,1755.0
2024-07-11 13:36:00,896.25,840.0,1736.25
2024-07-11 13:37:00,900.0,877.5,1777.5
2024-07-11 13:38:00,870.0,918.75,1788.75
2024-07-11 13:39:00,885.0,903.75,1788.75
2024-07-11 13:40:00,900.0,888.75,1788.75
2024-07-11 13:41:00,881.25,930.0,1811.25
2024-07-11 13:42:00,813.75,1042.5,1856.25
2024-07-11 13:43:00,843.75,1038.75,1882.5
2024-07-11 13:44:00,866.25,1031.25,1897.5
2024-07-11 13:45:00,933.75,997.5,1931.25
2024-07-11 13:46:00,892.5,1005.0,1897.5
2024-07-11 13:47:00,888.75,1023.75,1912.5
2024-07-11 13:48:00,877.5,1038.75,1916.25
2024-07-11 13:49:00,828.75,1083.75,1912.5
2024-07-11 13:50:00,825.0,1091.25,1916.25
2024-07-11 13:51:00,723.75,1125.0,1848.75
2024-07-11 13:52:00,727.5,1121.25,1848.75
2024-07-11 13:53:00,521.25,1158.75,1680.0
2024-07-11 13:54:00,528.75,1158.75,1687.5
2024-07-11 13:55:00,495.0,1177.5,1672.5
2024-07-11 13:56:00,510.0,1162.5,1672.5
2024-07-11 13:57:00,453.75,1158.75,1612.5
2024-07-11 13:58:00,450.0,1166.25,1616.25
2024-07-11 13:59:00,480.0,1170.0,1650.0
2024-07-11 14:00:00,506.25,1181.25,1687.5
2024-07-11 14:01:00,412.5,1188.75,1601.25
2024-07-11 14:02:00,352.5,1177.5,1530.0
2024-07-11 14:03:00,356.25,1185.0,1541.25
2024-07-11 14:04:00,375.0,1181.25,1556.25
2024-07-11 14:05:00,345.0,1181.25,1526.25
2024-07-11 14:06:00,480.0,1173.75,1653.75
2024-07-11 14:07:00,615.0,1170.0,1785.0
2024-07-11 14:08:00,551.25,1170.0,1721.25
2024-07-11 14:09:00,618.75,1170.0,1788.75
2024-07-11 14:10:00,645.0,1166.25,1811.25
2024-07-11 14:11:00,798.75,1128.75,1927.5
2024-07-11 14:12:00,851.25,1140.0,1991.25
2024-07-11 14:13:00,828.75,1158.75,1987.5
2024-07-11 14:14:00,780.0,1177.5,1957.5
2024-07-11 14:15:00,712.5,1207.5,1920.0
2024-07-11 14:16:00,746.25,1211.25,1957.5
2024-07-11 14:17:00,727.5,1222.5,1950.0
2024-07-11 14:18:00,645.0,1230.0,1875.0
2024-07-11 14:19:00,637.5,1233.75,1871.25
2024-07-11 14:20:00,690.0,1226.25,1916.25
2024-07-11 14:21:00,682.5,1222.5,1905.0
2024-07-11 14:22:00,712.5,1226.25,1938.75
2024-07-11 14:23:00,813.75,1218.75,2032.5
2024-07-11 14:24:00,858.75,1215.0,2073.75
2024-07-11 14:25:00,761.25,1237.5,1998.75
2024-07-11 14:26:00,806.25,1226.25,2032.5
2024-07-11 14:27:00,832.5,1218.75,2051.25
2024-07-11 14:28:00,813.75,1233.75,2047.5
2024-07-11 14:29:00,795.0,1233.75,2028.75
2024-07-11 14:30:00,787.5,1237.5,2025.0
2024-07-11 14:31:00,836.25,1237.5,2073.75
2024-07-11 14:32:00,877.5,1241.25,2118.75
2024-07-11 14:33:00,922.5,1237.5,2160.0
2024-07-11 14:34:00,907.5,1241.25,2148.75
2024-07-11 14:35:00,926.25,1248.75,2175.0
2024-07-11 14:36:00,933.75,1248.75,2182.5
2024-07-11 14:37:00,997.5,1256.25,2253.75
2024-07-11 14:38:00,941.25,1271.25,2212.5
2024-07-11 14:39:00,922.5,1275.0,2197.5
2024-07-11 14:40:00,937.5,1278.75,2216.25
2024-07-11 14:41:00,892.5,1278.75,2171.25
2024-07-11 14:42:00,952.5,1275.0,2227.5
2024-07-11 14:43:00,1035.0,1271.25,2306.25
2024-07-11 14:44:00,1020.0,1271.25,2291.25
2024-07-11 14:45:00,1027.5,1275.0,2302.5
2024-07-11 14:46:00,1016.25,1275.0,2291.25
2024-07-11 14:47:00,1098.75,1267.5,2366.25
2024-07-11 14:48:00,1095.0,1263.75,2358.75
2024-07-11 14:49:00,1117.5,1267.5,2385.0
2024-07-11 14:50:00,1113.75,1267.5,2381.25
2024-07-11 14:51:00,1110.0,1271.25,2381.25
2024-07-11 14:52:00,1072.5,1275.0,2347.5
2024-07-11 14:53:00,1031.25,1282.5,2313.75
2024-07-11 14:54:00,922.5,1282.5,2205.0
2024-07-11 14:55:00,952.5,1293.75,2246.25
2024-07-11 14:56:00,956.25,1293.75,2250.0
2024-07-11 14:57:00,888.75,1297.5,2186.25
2024-07-11 14:58:00,866.25,1297.5,2163.75
2024-07-11 14:59:00,885.0,1297.5,2182.5
2024-07-11 15:00:00,663.75,1297.5,1961.25
2024-07-11 15:01:00,1140.0,1290.0,2430.0
2024-07-11 15:02:00,1158.75,1301.25,2460.0
2024-07-11 15:03:00,1192.5,1301.25,2493.75
2024-07-11 15:04:00,1200.0,1301.25,2501.25
2024-07-11 15:05:00,1203.75,1301.25,2505.0
2024-07-11 15:06:00,1203.75,1301.25,2505.0
2024-07-11 15:07:00,1211.25,1308.75,2520.0
2024-07-11 15:08:00,1207.5,1308.75,2516.25
2024-07-11 15:09:00,1207.5,1312.5,2520.0
2024-07-11 15:10:00,1211.25,1308.75,2520.0
2024-07-11 15:11:00,1215.0,1312.5,2527.5
2024-07-11 15:12:00,1211.25,1316.25,2527.5
2024-07-11 15:13:00,1218.75,1312.5,2531.25
2024-07-11 15:14:00,1218.75,1312.5,2531.25
2024-07-11 15:15:00,1215.0,1312.5,2527.5
2024-07-11 15:16:00,1215.0,1316.25,2531.25
2024-07-11 15:17:00,1218.75,1312.5,2531.25
2024-07-11 15:18:00,1218.75,1312.5,2531.25
2024-07-11 15:19:00,1215.0,1316.25,2531.25
2024-07-11 15:20:00,1218.75,1312.5,2531.25
2024-07-11 15:21:00,1218.75,1312.5,2531.25
2024-07-11 15:22:00,1218.75,1312.5,2531.25
2024-07-11 15:23:00,1218.75,1312.5,2531.25
2024-07-11 15:24:00,1218.75,1312.5,2531.25
2024-07-11 15:25:00,1218.75,1312.5,2531.25
2024-07-11 15:26:00,1218.75,1312.5,2531.25
2024-07-11 15:27:00,1218.75,1312.5,2531.25
2024-07-11 15:28:00,1218.75,1312.5,2531.25
2024-07-11 15:29:00,1218.75,1312.5,2531.25
2024-07-11 15:30:00,1218.75,1312.5,2531.25
2024-07-18 10:15:00,0.0,0.0,0.0
2024-07-18 10:16:00,82.5,-168.75,-86.25
2024-07-18 10:17:00,146.25,-195.0,-48.75
2024-07-18 10:18:00,41.25,-60.0,-18.75
2024-07-18 10:19:00,75.0,-120.0,-45.0
2024-07-18 10:20:00,131.25,-217.5,-86.25
2024-07-18 10:21:00,127.5,-198.75,-71.25
2024-07-18 10:22:00,240.0,-292.5,-52.5
2024-07-18 10:23:00,356.25,-345.0,11.25
2024-07-18 10:24:00,390.0,-303.75,86.25
2024-07-18 10:25:00,277.5,-195.0,82.5
2024-07-18 10:26:00,262.5,-213.75,48.75
2024-07-18 10:27:00,420.0,-348.75,71.25
2024-07-18 10:28:00,195.0,-101.25,93.75
2024-07-18 10:29:00,93.75,15.0,108.75
2024-07-18 10:30:00,326.25,-71.25,255.0
2024-07-18 10:31:00,375.0,-146.25,228.75
2024-07-18 10:32:00,247.5,-45.0,202.5
2024-07-18 10:33:00,326.25,-131.25,195.0
2024-07-18 10:34:00,288.75,-120.0,168.75
2024-07-18 10:35:00,292.5,-131.25,161.25
2024-07-18 10:36:00,285.0,-153.75,131.25
2024-07-18 10:37:00,318.75,-221.25,97.5
2024-07-18 10:38:00,337.5,-326.25,11.25
2024-07-18 10:39:00,333.75,-266.25,67.5
2024-07-18 10:40:00,487.5,-491.25,-3.75
2024-07-18 10:41:00,502.5,-457.5,45.0
2024-07-18 10:42:00,382.5,-300.0,82.5
2024-07-18 10:43:00,288.75,-210.0,78.75
2024-07-18 10:44:00,-273.75,-3.75,-277.5
2024-07-18 10:45:00,-90.0,-82.5,-172.5
2024-07-18 10:46:00,-123.75,-127.5,-251.25
2024-07-18 10:47:00,26.25,-213.75,-187.5
2024-07-18 10:48:00,127.5,-375.0,-247.5
2024-07-18 10:49:00,270.0,-562.5,-292.5
2024-07-18 10:50:00,446.25,-1091.25,-645.0
2024-07-18 10:51:00,495.0,-1098.75,-603.75
2024-07-18 10:52:00,468.75,-933.75,-465.0
2024-07-18 10:53:00,637.5,-1113.75,-476.25
2024-07-18 10:54:00,603.75,-926.25,-322.5
2024-07-18 10:55:00,641.25,-1106.25,-465.0
2024-07-18 10:56:00,678.75,-1173.75,-495.0
2024-07-18 10:57:00,596.25,-967.5,-371.25
2024-07-18 10:58:00,528.75,-806.25,-277.5
2024-07-18 10:59:00,832.5,-1661.25,-828.75
2024-07-18 11:00:00,997.5,-2081.25,-1083.75
2024-07-18 11:01:00,1162.5,-2246.25,-1083.75
2024-07-18 11:02:00,1061.25,-2332.5,-1271.25
2024-07-18 11:03:00,1080.0,-2163.75,-1083.75
2024-07-18 11:04:00,993.75,-2028.75,-1035.0
2024-07-18 11:05:00,1155.0,-2268.75,-1113.75
2024-07-18 11:06:00,1177.5,-2250.0,-1072.5
2024-07-18 11:07:00,967.5,-1923.75,-956.25
2024-07-18 11:08:00,753.75,-1623.75,-870.0
2024-07-18 11:09:00,795.0,-1691.25,-896.25
2024-07-18 11:10:00,1053.75,-1965.0,-911.25
2024-07-18 11:11:00,626.25,-1631.25,-1005.0
2024-07-18 11:12:00,1016.25,-2156.25,-1140.0
2024-07-18 11:13:00,1668.75,-3483.75,-1815.0
2024-07-18 11:14:00,2246.25,-4788.75,-2542.5
2024-07-18 11:15:00,2332.5,-5115.0,-2782.5
2024-07-18 11:16:00,2178.75,-5156.25,-2977.5
2024-07-18 11:17:00,2283.75,-5115.0,-2831.25
2024-07-18 11:18:00,2100.0,-4601.25,-2501.25
2024-07-18 11:19:00,2073.75,-4593.75,-2520.0
2024-07-18 11:20:00,2107.5,-4612.5,-2505.0
2024-07-18 11:21:00,2077.5,-4717.5,-2640.0
2024-07-18 11:22:00,1987.5,-4485.0,-2497.5
2024-07-18 11:23:00,1968.75,-4496.25,-2527.5
2024-07-18 11:24:00,1931.25,-4368.75,-2437.5
2024-07-18 11:25:00,1957.5,-4458.75,-2501.25
2024-07-18 11:26:00,1792.5,-4327.5,-2535.0
2024-07-18 11:27:00,1417.5,-3937.5,-2520.0
2024-07-18 11:28:00,1830.0,-4612.5,-2782.5
2024-07-18 11:29:00,1526.25,-4181.25,-2655.0
2024-07-18 11:30:00,1627.5,-4237.5,-2610.0
2024-07-18 11:31:00,1721.25,-4496.25,-2775.0
2024-07-18 11:32:00,1601.25,-4226.25,-2625.0
2024-07-18 11:33:00,1293.75,-3918.75,-2625.0
2024-07-18 11:34:00,2602.5,-7353.75,-4751.25
2024-07-18 11:35:00,2426.25,-5467.5,-3041.25
2024-07-18 11:36:00,2171.25,-5058.75,-2887.5
2024-07-18 11:37:00,2520.0,-5550.0,-3030.0
2024-07-18 11:38:00,2467.5,-5505.0,-3037.5
2024-07-18 11:39:00,2295.0,-4995.0,-2700.0
2024-07-18 11:40:00,2456.25,-5238.75,-2782.5
2024-07-18 11:41:00,2422.5,-5268.75,-2846.25
2024-07-18 11:42:00,2366.25,-5126.25,-2760.0
2024-07-18 11:43:00,2328.75,-5122.5,-2793.75
2024-07-18 11:44:00,2463.75,-5265.0,-2801.25
2024-07-18 11:45:00,2340.0,-5010.0,-2670.0
2024-07-18 11:46:00,2182.5,-4743.75,-2561.25
2024-07-18 11:47:00,2456.25,-4953.75,-2497.5
2024-07-18 11:48:00,2565.0,-5103.75,-2538.75
2024-07-18 11:49:00,2722.5,-5302.5,-2580.0
2024-07-18 11:50:00,2628.75,-5036.25,-2407.5
2024-07-18 11:51:00,2467.5,-4777.5,-2310.0
2024-07-18 11:52:00,2452.5,-4826.25,-2373.75
2024-07-18 11:53:00,2445.0,-4620.0,-2175.0
2024-07-18 11:54:00,2362.5,-4582.5,-2220.0
2024-07-18 11:55:00,2242.5,-4458.75,-2216.25
2024-07-18 11:56:00,2235.0,-4518.75,-2283.75
2024-07-18 11:57:00,2358.75,-4612.5,-2253.75
2024-07-18 11:58:00,2220.0,-4522.5,-2302.5
2024-07-18 11:59:00,2261.25,-4578.75,-2317.5
2024-07-18 12:00:00,1863.75,-4057.5,-2193.75
2024-07-18 12:01:00,1173.75,-3378.75,-2205.0
2024-07-18 12:02:00,1781.25,-3791.25,-2010.0
2024-07-18 12:03:00,2265.0,-4035.0,-1770.0
2024-07-18 12:04:00,2385.0,-4346.25,-1961.25
2024-07-18 12:05:00,2388.75,-4391.25,-2002.5
2024-07-18 12:06:00,2182.5,-4245.0,-2062.5
2024-07-18 12:07:00,1961.25,-4136.25,-2175.0
2024-07-18 12:08:00,1691.25,-3866.25,-2175.0
2024-07-18 12:09:00,1443.75,-3813.75,-2370.0
2024-07-18 12:10:00,1117.5,-3573.75,-2456.25
2024-07-18 12:11:00,1106.25,-3607.5,-2501.25
2024-07-18 12:12:00,1102.5,-3712.5,-2610.0
2024-07-18 12:13:00,-3731.25,-2171.25,-5902.5
2024-07-18 12:14:00,-3416.25,-1702.5,-5118.75
2024-07-18 12:15:00,-3513.75,-1552.5,-5066.25
2024-07-18 12:16:00,-3641.25,-1522.5,-5163.75
2024-07-18 12:17:00,-4170.0,-1387.5,-5557.5
2024-07-18 12:18:00,-4597.5,-1278.75,-5876.25
2024-07-18 12:19:00,-4132.5,-1338.75,-5471.25
2024-07-18 12:20:00,-3420.0,-1627.5,-5047.5
2024-07-18 12:21:00,-3525.0,-1567.5,-5092.5
2024-07-18 12:22:00,-3386.25,-1601.25,-4987.5
2024-07-18 12:23:00,-3682.5,-1432.5,-5115.0
2024-07-18 12:24:00,-3746.25,-1402.5,-5148.75
2024-07-18 12:25:00,-3813.75,-1402.5,-5216.25
2024-07-18 12:26:00,-3840.0,-1395.0,-5235.0
2024-07-18 12:27:00,-4683.75,-1147.5,-5831.25
2024-07-18 12:28:00,-4803.75,-982.5,-5786.25
2024-07-18 12:29:00,-4260.0,-1196.25,-5456.25
2024-07-18 12:30:00,-3682.5,-1286.25,-4968.75
2024-07-18 12:31:00,-3705.0,-1312.5,-5017.5
2024-07-18 12:32:00,-3978.75,-1215.0,-5193.75
2024-07-18 12:33:00,-3697.5,-1331.25,-5028.75
2024-07-18 12:34:00,-3873.75,-1282.5,-5156.25
2024-07-18 12:35:00,-4496.25,-1061.25,-5557.5
2024-07-18 12:36:00,-4087.5,-1151.25,-5238.75
2024-07-18 12:37:00,-4297.5,-1095.0,-5392.5
2024-07-18 12:38:00,-4076.25,-1215.0,-5291.25
2024-07-18 12:39:00,-4080.0,-1245.0,-5325.0
2024-07-18 12:40:00,-4338.75,-1121.25,-5460.0
2024-07-18 12:41:00,-4256.25,-1132.5,-5388.75
2024-07-18 12:42:00,-4053.75,-1203.75,-5257.5
2024-07-18 12:43:00,-4023.75,-1218.75,-5242.5
2024-07-18 12:44:00,-4267.5,-1087.5,-5355.0
2024-07-18 12:45:00,-5152.5,-648.75,-5801.25
2024-07-18 12:46:00,-3892.5,-1128.75,-5021.25
2024-07-18 12:47:00,-4012.5,-997.5,-5010.0
2024-07-18 12:48:00,-3963.75,-1053.75,-5017.5
2024-07-18 12:49:00,-3963.75,-967.5,-4931.25
2024-07-18 12:50:00,-4271.25,-791.25,-5062.5
2024-07-18 12:51:00,-3971.25,-967.5,-4938.75
2024-07-18 12:52:00,-3986.25,-993.75,-4980.0
2024-07-18 12:53:00,-3941.25,-1038.75,-4980.0
2024-07-18 12:54:00,-4237.5,-900.0,-5137.5
2024-07-18 12:55:00,-3907.5,-993.75,-4901.25
2024-07-18 12:56:00,-3896.25,-1031.25,-4927.5
2024-07-18 12:57:00,-3862.5,-1128.75,-4991.25
2024-07-18 12:58:00,-4091.25,-937.5,-5028.75
2024-07-18 12:59:00,-4117.5,-941.25,-5058.75
2024-07-18 13:00:00,-3678.75,-1196.25,-4875.0
2024-07-18 13:01:00,-3566.25,-1192.5,-4758.75
2024-07-18 13:02:00,-3667.5,-1102.5,-4770.0
2024-07-18 13:03:00,-3963.75,-881.25,-4845.0
2024-07-18 13:04:00,-4721.25,-622.5,-5343.75
2024-07-18 13:05:00,-4323.75,-742.5,-5066.25
2024-07-18 13:06:00,-4207.5,-780.0,-4987.5
2024-07-18 13:07:00,-4117.5,-802.5,-4920.0
2024-07-18 13:08:00,-4196.25,-776.25,-4972.5
2024-07-18 13:09:00,-4582.5,-626.25,-5208.75
2024-07-18 13:10:00,-4638.75,-555.0,-5193.75
2024-07-18 13:11:00,-7102.5,-146.25,-7248.75
2024-07-18 13:12:00,-9543.75,243.75,-9300.0
2024-07-18 13:13:00,-9795.0,375.0,-9420.0
2024-07-18 13:14:00,-9217.5,363.75,-8853.75
2024-07-18 13:15:00,-10800.0,386.25,-10413.75
2024-07-18 13:16:00,-10252.5,386.25,-9866.25
2024-07-18 13:17:00,-10098.75,382.5,-9716.25
2024-07-18 13:18:00,-10140.0,536.25,-9603.75
2024-07-18 13:19:00,-9971.25,510.0,-9461.25
2024-07-18 13:20:00,-9945.0,656.25,-9288.75
2024-07-18 13:21:00,-10687.5,1061.25,-9626.25
2024-07-18 13:22:00,-10192.5,930.0,-9262.5
2024-07-18 13:23:00,-10117.5,926.25,-9191.25
2024-07-18 13:24:00,-10091.25,926.25,-9165.0
2024-07-18 13:25:00,-9997.5,941.25,-9056.25
2024-07-18 13:26:00,-10155.0,1023.75,-9131.25
2024-07-18 13:27:00,-10098.75,1091.25,-9007.5
2024-07-18 13:28:00,-10147.5,1117.5,-9030.0
2024-07-18 13:29:00,-10181.25,1226.25,-8955.0
2024-07-18 13:30:00,-10155.0,1207.5,-8947.5
2024-07-18 13:31:00,-10350.0,1361.25,-8988.75
2024-07-18 13:32:00,-10125.0,1230.0,-8895.0
2024-07-18 13:33:00,-10098.75,1256.25,-8842.5
2024-07-18 13:34:00,-9963.75,1162.5,-8801.25
2024-07-18 13:35:00,-9840.0,1170.0,-8670.0
2024-07-18 13:36:00,-9997.5,1211.25,-8786.25
2024-07-18 13:37:00,-10050.0,1297.5,-8752.5
2024-07-18 13:38:00,-9862.5,1222.5,-8640.0
2024-07-18 13:39:00,-9555.0,1095.0,-8460.0
2024-07-18 13:40:00,-9540.0,1203.75,-8336.25
2024-07-18 13:41:00,-9596.25,1218.75,-8377.5
2024-07-18 13:42:00,-9543.75,1200.0,-8343.75
2024-07-18 13:43:00,-9592.5,1331.25,-8261.25
2024-07-18 13:44:00,-9562.5,1282.5,-8280.0
2024-07-18 13:45:00,-9555.0,1301.25,-8253.75
2024-07-18 13:46:00,-9630.0,1357.5,-8272.5
2024-07-18 13:47:00,-9795.0,1500.0,-8295.0
2024-07-18 13:48:00,-9611.25,1417.5,-8193.75
2024-07-18 13:49:00,-9660.0,1481.25,-8178.75
2024-07-18 13:50:00,-9783.75,1548.75,-8235.0
2024-07-18 13:51:00,-9791.25,1541.25,-8250.0
2024-07-18 13:52:00,-9795.0,1567.5,-8227.5
2024-07-18 13:53:00,-10357.5,1642.5,-8715.0
2024-07-18 13:54:00,-10263.75,1650.0,-8613.75
2024-07-18 13:55:00,-10428.75,1635.0,-8793.75
2024-07-18 13:56:00,-10387.5,1608.75,-8778.75
2024-07-18 13:57:00,-10391.25,1605.0,-8786.25
2024-07-18 13:58:00,-10488.75,1635.0,-8853.75
2024-07-18 13:59:00,-10582.5,1620.0,-8962.5
2024-07-18 14:00:00,-10380.0,1616.25,-8763.75
2024-07-18 14:01:00,-10638.75,1642.5,-8996.25
2024-07-18 14:02:00,-10972.5,1646.25,-9326.25
2024-07-18 14:03:00,-11512.5,1653.75,-9858.75
2024-07-18 14:04:00,-11823.75,1650.0,-10173.75
2024-07-18 14:05:00,-12326.25,1676.25,-10650.0
2024-07-18 14:06:00,-11842.5,1515.0,-10327.5
2024-07-18 14:07:00,-11591.25,1402.5,-10188.75
2024-07-18 14:08:00,-11227.5,1260.0,-9967.5
2024-07-18 14:09:00,-11422.5,1492.5,-9930.0
2024-07-18 14:10:00,-11347.5,1578.75,-9768.75
2024-07-18 14:11:00,-11790.0,1788.75,-10001.25
2024-07-18 14:12:00,-11655.0,1713.75,-9941.25
2024-07-18 14:13:00,-11760.0,1890.0,-9870.0
2024-07-18 14:14:00,-13260.0,2763.75,-10496.25
2024-07-18 14:15:00,-12873.75,2621.25,-10252.5
2024-07-18 14:16:00,-12885.0,2613.75,-10271.25
2024-07-18 14:17:00,-11973.75,2321.25,-9652.5
2024-07-18 14:18:00,-12236.25,2392.5,-9843.75
2024-07-18 14:19:00,-12420.0,2505.0,-9915.0
2024-07-18 14:20:00,-12375.0,2505.0,-9870.0
2024-07-18 14:21:00,-11820.0,2182.5,-9637.5
2024-07-18 14:22:00,-12225.0,2505.0,-9720.0
2024-07-18 14:23:00,-12258.75,2471.25,-9787.5
2024-07-18 14:24:00,-11943.75,2358.75,-9585.0
2024-07-18 14:25:00,-11542.5,2201.25,-9341.25
2024-07-18 14:26:00,-11838.75,2501.25,-9337.5
2024-07-18 14:27:00,-11520.0,2381.25,-9138.75
2024-07-18 14:28:00,-11606.25,2463.75,-9142.5
2024-07-18 14:29:00,-11366.25,2418.75,-8947.5
2024-07-18 14:30:00,-11025.0,2347.5,-8677.5
2024-07-18 14:31:00,-10710.0,2141.25,-8568.75
2024-07-18 14:32:00,-10530.0,2036.25,-8493.75
2024-07-18 14:33:00,-10410.0,1878.75,-8531.25
2024-07-18 14:34:00,-10376.25,2111.25,-8265.0
2024-07-18 14:35:00,-10425.0,2190.0,-8235.0
2024-07-18 14:36:00,-9975.0,1702.5,-8272.5
2024-07-18 14:37:00,-10245.0,2201.25,-8043.75
2024-07-18 14:38:00,-10207.5,2407.5,-7800.0
2024-07-18 14:39:00,-10537.5,2632.5,-7905.0
2024-07-18 14:40:00,-10376.25,2486.25,-7890.0
2024-07-18 14:41:00,-10398.75,2493.75,-7905.0
2024-07-18 14:42:00,-10353.75,2475.0,-7878.75
2024-07-18 14:43:00,-10815.0,2887.5,-7927.5
2024-07-18 14:44:00,-11598.75,3228.75,-8370.0
2024-07-18 14:45:00,-11760.0,3326.25,-8433.75
2024-07-18 14:46:00,-11306.25,3251.25,-8055.0
2024-07-18 14:47:00,-11797.5,3461.25,-8336.25
2024-07-18 14:48:00,-11947.5,3558.75,-8388.75
2024-07-18 14:49:00,-12078.75,3637.5,-8441.25
2024-07-18 14:50:00,-11448.75,3498.75,-7950.0
2024-07-18 14:51:00,-11827.5,3577.5,-8250.0
2024-07-18 14:52:00,-12457.5,3708.75,-8748.75
2024-07-18 14:53:00,-12382.5,3686.25,-8696.25
2024-07-18 14:54:00,-12033.75,3656.25,-8377.5
2024-07-18 14:55:00,-10950.0,3296.25,-7653.75
2024-07-18 14:56:00,-10500.0,3292.5,-7207.5
2024-07-18 14:57:00,-10170.0,3363.75,-6806.25
2024-07-18 14:58:00,-10057.5,3315.0,-6742.5
2024-07-18 14:59:00,-10560.0,3543.75,-7016.25
2024-07-18 15:00:00,-10117.5,3543.75,-6573.75
2024-07-18 15:01:00,-9656.25,3386.25,-6270.0
2024-07-18 15:02:00,-9487.5,3476.25,-6011.25
2024-07-18 15:03:00,-9510.0,3708.75,-5801.25
2024-07-18 15:04:00,-9600.0,3783.75,-5816.25
2024-07-18 15:05:00,-9660.0,3855.0,-5805.0
2024-07-18 15:06:00,-9877.5,3948.75,-5928.75
2024-07-18 15:07:00,-9918.75,3993.75,-5925.0
2024-07-18 15:08:00,-9787.5,3990.0,-5797.5
2024-07-18 15:09:00,-9386.25,3933.75,-5452.5
2024-07-18 15:10:00,-9236.25,3907.5,-5328.75
2024-07-18 15:11:00,-9532.5,4098.75,-5433.75
2024-07-18 15:12:00,-9783.75,4136.25,-5647.5
2024-07-18 15:13:00,-9900.0,4177.5,-5722.5
2024-07-18 15:14:00,-9678.75,4140.0,-5538.75
2024-07-18 15:15:00,-9592.5,4158.75,-5433.75
2024-07-18 15:16:00,-9633.75,4170.0,-5463.75
2024-07-18 15:17:00,-9558.75,4185.0,-5373.75
2024-07-18 15:18:00,-9311.25,4143.75,-5167.5
2024-07-18 15:19:00,-9431.25,4188.75,-5242.5
2024-07-18 15:20:00,-9577.5,4215.0,-5362.5
2024-07-18 15:21:00,-9577.5,4215.0,-5362.5
2024-07-18 15:22:00,-9577.5,4215.0,-5362.5
2024-07-18 15:23:00,-9577.5,4215.0,-5362.5
2024-07-18 15:24:00,-9577.5,4215.0,-5362.5
2024-07-18 15:25:00,-9577.5,4215.0,-5362.5
2024-07-18 15:26:00,-9577.5,4215.0,-5362.5
2024-07-18 15:27:00,-9577.5,4215.0,-5362.5
2024-07-18 15:28:00,-9577.5,4215.0,-5362.5
2024-07-18 15:29:00,-9577.5,4215.0,-5362.5
2024-07-18 15:30:00,-9577.5,4215.0,-5362.5
2024-07-25 10:15:00,0.0,0.0,0.0
2024-07-25 10:16:00,-26.25,0.0,-26.25
2024-07-25 10:17:00,-22.5,0.0,-22.5
2024-07-25 10:18:00,277.5,0.0,277.5
2024-07-25 10:19:00,611.25,0.0,611.25
2024-07-25 10:20:00,487.5,0.0,487.5
2024-07-25 10:21:00,498.75,0.0,498.75
2024-07-25 10:22:00,558.75,0.0,558.75
2024-07-25 10:23:00,525.0,0.0,525.0
2024-07-25 10:24:00,480.0,0.0,480.0
2024-07-25 10:25:00,821.25,0.0,821.25
2024-07-25 10:26:00,675.0,0.0,675.0
2024-07-25 10:27:00,641.25,0.0,641.25
2024-07-25 10:28:00,645.0,0.0,645.0
2024-07-25 10:29:00,630.0,0.0,630.0
2024-07-25 10:30:00,618.75,0.0,618.75
2024-07-25 10:31:00,558.75,0.0,558.75
2024-07-25 10:32:00,150.0,0.0,150.0
2024-07-25 10:33:00,108.75,0.0,108.75
2024-07-25 10:34:00,135.0,0.0,135.0
2024-07-25 10:35:00,195.0,0.0,195.0
2024-07-25 10:36:00,-60.0,0.0,-60.0
2024-07-25 10:37:00,-45.0,0.0,-45.0
2024-07-25 10:38:00,-71.25,0.0,-71.25
2024-07-25 10:39:00,105.0,0.0,105.0
2024-07-25 10:40:00,116.25,0.0,116.25
2024-07-25 10:41:00,135.0,0.0,135.0
2024-07-25 10:42:00,15.0,0.0,15.0
2024-07-25 10:43:00,-63.75,0.0,-63.75
2024-07-25 10:44:00,-3.75,0.0,-3.75
2024-07-25 10:45:00,-93.75,0.0,-93.75
2024-07-25 10:46:00,-63.75,0.0,-63.75
2024-07-25 10:47:00,-52.5,0.0,-52.5
2024-07-25 10:48:00,-26.25,0.0,-26.25
2024-07-25 10:49:00,112.5,0.0,112.5
2024-07-25 10:50:00,-22.5,0.0,-22.5
2024-07-25 10:51:00,-71.25,0.0,-71.25
2024-07-25 10:52:00,-105.0,0.0,-105.0
2024-07-25 10:53:00,-93.75,0.0,-93.75
2024-07-25 10:54:00,15.0,0.0,15.0
2024-07-25 10:55:00,-78.75,0.0,-78.75
2024-07-25 10:56:00,-135.0,0.0,-135.0
2024-07-25 10:57:00,-135.0,0.0,-135.0
2024-07-25 10:58:00,-78.75,0.0,-78.75
2024-07-25 10:59:00,-78.75,0.0,-78.75
2024-07-25 11:00:00,123.75,0.0,123.75
2024-07-25 11:01:00,213.75,0.0,213.75
2024-07-25 11:02:00,180.0,0.0,180.0
2024-07-25 11:03:00,123.75,0.0,123.75
2024-07-25 11:04:00,78.75,0.0,78.75
2024-07-25 11:05:00,172.5,0.0,172.5
2024-07-25 11:06:00,138.75,0.0,138.75
2024-07-25 11:07:00,157.5,0.0,157.5
2024-07-25 11:08:00,363.75,0.0,363.75
2024-07-25 11:09:00,180.0,0.0,180.0
2024-07-25 11:10:00,206.25,0.0,206.25
2024-07-25 11:11:00,60.0,0.0,60.0
2024-07-25 11:12:00,150.0,0.0,150.0
2024-07-25 11:13:00,131.25,0.0,131.25
2024-07-25 11:14:00,217.5,0.0,217.5
2024-07-25 11:15:00,228.75,0.0,228.75
2024-07-25 11:16:00,307.5,0.0,307.5
2024-07-25 11:17:00,442.5,0.0,442.5
2024-07-25 11:18:00,382.5,0.0,382.5
2024-07-25 11:19:00,371.25,0.0,371.25
2024-07-25 11:20:00,802.5,0.0,802.5
2024-07-25 11:21:00,656.25,0.0,656.25
2024-07-25 11:22:00,570.0,0.0,570.0
2024-07-25 11:23:00,495.0,0.0,495.0
2024-07-25 11:24:00,397.5,0.0,397.5
2024-07-25 11:25:00,326.25,0.0,326.25
2024-07-25 11:26:00,345.0,0.0,345.0
2024-07-25 11:27:00,172.5,0.0,172.5
2024-07-25 11:28:00,183.75,0.0,183.75
2024-07-25 11:29:00,210.0,0.0,210.0
2024-07-25 11:30:00,206.25,0.0,206.25
2024-07-25 11:31:00,262.5,0.0,262.5
2024-07-25 11:32:00,228.75,0.0,228.75
2024-07-25 11:33:00,176.25,0.0,176.25
2024-07-25 11:34:00,131.25,0.0,131.25
2024-07-25 11:35:00,7.5,0.0,7.5
2024-07-25 11:36:00,-116.25,0.0,-116.25
2024-07-25 11:37:00,-150.0,0.0,-150.0
2024-07-25 11:38:00,-146.25,0.0,-146.25
2024-07-25 11:39:00,-90.0,0.0,-90.0
2024-07-25 11:40:00,-22.5,0.0,-22.5
2024-07-25 11:41:00,15.0,0.0,15.0
2024-07-25 11:42:00,-210.0,0.0,-210.0
2024-07-25 11:43:00,-67.5,0.0,-67.5
2024-07-25 11:44:00,37.5,0.0,37.5
2024-07-25 11:45:00,-135.0,0.0,-135.0
2024-07-25 11:46:00,0.0,0.0,0.0
2024-07-25 11:47:00,-97.5,0.0,-97.5
2024-07-25 11:48:00,-142.5,0.0,-142.5
2024-07-25 11:49:00,-195.0,0.0,-195.0
2024-07-25 11:50:00,-386.25,0.0,-386.25
2024-07-25 11:51:00,-382.5,-3.75,-386.25
2024-07-25 11:52:00,-288.75,-75.0,-363.75
2024-07-25 11:53:00,-356.25,-33.75,-390.0
2024-07-25 11:54:00,-596.25,217.5,-378.75
2024-07-25 11:55:00,-611.25,146.25,-465.0
2024-07-25 11:56:00,-671.25,213.75,-457.5
2024-07-25 11:57:00,-806.25,270.0,-536.25
2024-07-25 11:58:00,-543.75,153.75,-390.0
2024-07-25 11:59:00,-622.5,232.5,-390.0
2024-07-25 12:00:00,-701.25,281.25,-420.0
2024-07-25 12:01:00,-446.25,191.25,-255.0
2024-07-25 12:02:00,-438.75,131.25,-307.5
2024-07-25 12:03:00,-300.0,3.75,-296.25
2024-07-25 12:04:00,-480.0,176.25,-303.75
2024-07-25 12:05:00,-558.75,262.5,-296.25
2024-07-25 12:06:00,-626.25,315.0,-311.25
2024-07-25 12:07:00,-573.75,318.75,-255.0
2024-07-25 12:08:00,-682.5,311.25,-371.25
2024-07-25 12:09:00,-543.75,217.5,-326.25
2024-07-25 12:10:00,-495.0,153.75,-341.25
2024-07-25 12:11:00,-588.75,202.5,-386.25
2024-07-25 12:12:00,-596.25,243.75,-352.5
2024-07-25 12:13:00,-753.75,513.75,-240.0
2024-07-25 12:14:00,-836.25,622.5,-213.75
2024-07-25 12:15:00,-990.0,690.0,-300.0
2024-07-25 12:16:00,-1125.0,663.75,-461.25
2024-07-25 12:17:00,-1166.25,708.75,-457.5
2024-07-25 12:18:00,-1173.75,723.75,-450.0
2024-07-25 12:19:00,-1233.75,821.25,-412.5
2024-07-25 12:20:00,-1323.75,877.5,-446.25
2024-07-25 12:21:00,-1447.5,971.25,-476.25
2024-07-25 12:22:00,-1353.75,892.5,-461.25
2024-07-25 12:23:00,-1035.0,742.5,-292.5
2024-07-25 12:24:00,-1406.25,960.0,-446.25
2024-07-25 12:25:00,-1492.5,1057.5,-435.0
2024-07-25 12:26:00,-1578.75,1035.0,-543.75
2024-07-25 12:27:00,-1567.5,1057.5,-510.0
2024-07-25 12:28:00,-1470.0,982.5,-487.5
2024-07-25 12:29:00,-1350.0,945.0,-405.0
2024-07-25 12:30:00,-1357.5,997.5,-360.0
2024-07-25 12:31:00,-1511.25,1095.0,-416.25
2024-07-25 12:32:00,-1458.75,1095.0,-363.75
2024-07-25 12:33:00,-1507.5,1068.75,-438.75
2024-07-25 12:34:00,-1335.0,1042.5,-292.5
2024-07-25 12:35:00,-1383.75,1065.0,-318.75
2024-07-25 12:36:00,-1492.5,1132.5,-360.0
2024-07-25 12:37:00,-1425.0,1072.5,-352.5
2024-07-25 12:38:00,-1455.0,1200.0,-255.0
2024-07-25 12:39:00,-1455.0,1162.5,-292.5
2024-07-25 12:40:00,-1117.5,1031.25,-86.25
2024-07-25 12:41:00,-363.75,768.75,405.0
2024-07-25 12:42:00,-896.25,952.5,56.25
2024-07-25 12:43:00,-656.25,735.0,78.75
2024-07-25 12:44:00,-682.5,768.75,86.25
2024-07-25 12:45:00,-678.75,817.5,138.75
2024-07-25 12:46:00,-1038.75,1110.0,71.25
2024-07-25 12:47:00,-1312.5,1241.25,-71.25
2024-07-25 12:48:00,-1597.5,1368.75,-228.75
2024-07-25 12:49:00,-1875.0,1443.75,-431.25
2024-07-25 12:50:00,-1860.0,1447.5,-412.5
2024-07-25 12:51:00,-1811.25,1466.25,-345.0
2024-07-25 12:52:00,-2426.25,1597.5,-828.75
2024-07-25 12:53:00,-2160.0,1537.5,-622.5
2024-07-25 12:54:00,-2268.75,1575.0,-693.75
2024-07-25 12:55:00,-2126.25,1511.25,-615.0
2024-07-25 12:56:00,-1938.75,1470.0,-468.75
2024-07-25 12:57:00,-1803.75,1443.75,-360.0
2024-07-25 12:58:00,-1980.0,1466.25,-513.75
2024-07-25 12:59:00,-2148.75,1552.5,-596.25
2024-07-25 13:00:00,-2197.5,1605.0,-592.5
2024-07-25 13:01:00,-2156.25,1593.75,-562.5
2024-07-25 13:02:00,-2160.0,1597.5,-562.5
2024-07-25 13:03:00,-1908.75,1526.25,-382.5
2024-07-25 13:04:00,-2107.5,1612.5,-495.0
2024-07-25 13:05:00,-1830.0,1492.5,-337.5
2024-07-25 13:06:00,-1837.5,1503.75,-333.75
2024-07-25 13:07:00,-2100.0,1601.25,-498.75
2024-07-25 13:08:00,-2055.0,1605.0,-450.0
2024-07-25 13:09:00,-1931.25,1605.0,-326.25
2024-07-25 13:10:00,-2332.5,1770.0,-562.5
2024-07-25 13:11:00,-2193.75,1706.25,-487.5
2024-07-25 13:12:00,-2013.75,1631.25,-382.5
2024-07-25 13:13:00,-2073.75,1687.5,-386.25
2024-07-25 13:14:00,-1890.0,1616.25,-273.75
2024-07-25 13:15:00,-1511.25,1530.0,18.75
2024-07-25 13:16:00,-1912.5,1638.75,-273.75
2024-07-25 13:17:00,-2017.5,1736.25,-281.25
2024-07-25 13:18:00,-1983.75,1695.0,-288.75
2024-07-25 13:19:00,-2047.5,1800.0,-247.5
2024-07-25 13:20:00,-1957.5,1770.0,-187.5
2024-07-25 13:21:00,-1953.75,1740.0,-213.75
2024-07-25 13:22:00,-2088.75,1796.25,-292.5
2024-07-25 13:23:00,-1811.25,1695.0,-116.25
2024-07-25 13:24:00,-1946.25,1770.0,-176.25
2024-07-25 13:25:00,-1788.75,1725.0,-63.75
2024-07-25 13:26:00,-2122.5,1803.75,-318.75
2024-07-25 13:27:00,-2178.75,1830.0,-348.75
2024-07-25 13:28:00,-2242.5,1863.75,-378.75
2024-07-25 13:29:00,-2092.5,1833.75,-258.75
2024-07-25 13:30:00,-2137.5,1833.75,-303.75
2024-07-25 13:31:00,-1946.25,1766.25,-180.0
2024-07-25 13:32:00,-1983.75,1788.75,-195.0
2024-07-25 13:33:00,-1503.75,1608.75,105.0
2024-07-25 13:34:00,-1308.75,1552.5,243.75
2024-07-25 13:35:00,-1466.25,1646.25,180.0
2024-07-25 13:36:00,-1436.25,1601.25,165.0
2024-07-25 13:37:00,-1436.25,1597.5,161.25
2024-07-25 13:38:00,-1417.5,1608.75,191.25
2024-07-25 13:39:00,-1091.25,1496.25,405.0
2024-07-25 13:40:00,-963.75,1500.0,536.25
2024-07-25 13:41:00,-1140.0,1590.0,450.0
2024-07-25 13:42:00,-1203.75,1612.5,408.75
2024-07-25 13:43:00,-1188.75,1642.5,453.75
2024-07-25 13:44:00,-1023.75,1526.25,502.5
2024-07-25 13:45:00,-858.75,1485.0,626.25
2024-07-25 13:46:00,-982.5,1560.0,577.5
2024-07-25 13:47:00,-1185.0,1646.25,461.25
2024-07-25 13:48:00,-1335.0,1713.75,378.75
2024-07-25 13:49:00,-1173.75,1650.0,476.25
2024-07-25 13:50:00,-918.75,1608.75,690.0
2024-07-25 13:51:00,-1151.25,1702.5,551.25
2024-07-25 13:52:00,-1230.0,1736.25,506.25
2024-07-25 13:53:00,-1436.25,1886.25,450.0
2024-07-25 13:54:00,-1380.0,1852.5,472.5
2024-07-25 13:55:00,-1312.5,1833.75,521.25
2024-07-25 13:56:00,-1590.0,1935.0,345.0
2024-07-25 13:57:00,-1893.75,2025.0,131.25
2024-07-25 13:58:00,-2010.0,2032.5,22.5
2024-07-25 13:59:00,-2111.25,2077.5,-33.75
2024-07-25 14:00:00,-2088.75,2088.75,0.0
2024-07-25 14:01:00,-3131.25,2205.0,-926.25
2024-07-25 14:02:00,-3243.75,2238.75,-1005.0
2024-07-25 14:03:00,-3108.75,2223.75,-885.0
2024-07-25 14:04:00,-3033.75,2208.75,-825.0
2024-07-25 14:05:00,-3078.75,2231.25,-847.5
2024-07-25 14:06:00,-2891.25,2231.25,-660.0
2024-07-25 14:07:00,-2358.75,2231.25,-127.5
2024-07-25 14:08:00,-2861.25,2231.25,-630.0
2024-07-25 14:09:00,-3052.5,2231.25,-821.25
2024-07-25 14:10:00,-3345.0,2231.25,-1113.75
2024-07-25 14:11:00,-3018.75,2231.25,-787.5
2024-07-25 14:12:00,-2816.25,2231.25,-585.0
2024-07-25 14:13:00,-2688.75,2231.25,-457.5
2024-07-25 14:14:00,-2715.0,2231.25,-483.75
2024-07-25 14:15:00,-3026.25,2231.25,-795.0
2024-07-25 14:16:00,-2553.75,2231.25,-322.5
2024-07-25 14:17:00,-2711.25,2231.25,-480.0
2024-07-25 14:18:00,-2587.5,2231.25,-356.25
2024-07-25 14:19:00,-2471.25,2231.25,-240.0
2024-07-25 14:20:00,-2655.0,2231.25,-423.75
2024-07-25 14:21:00,-2516.25,2231.25,-285.0
2024-07-25 14:22:00,-2606.25,2231.25,-375.0
2024-07-25 14:23:00,-2741.25,2231.25,-510.0
2024-07-25 14:24:00,-2913.75,2231.25,-682.5
2024-07-25 14:25:00,-3146.25,2231.25,-915.0
2024-07-25 14:26:00,-3483.75,2231.25,-1252.5
2024-07-25 14:27:00,-3341.25,2231.25,-1110.0
2024-07-25 14:28:00,-2846.25,2231.25,-615.0
2024-07-25 14:29:00,-2598.75,2231.25,-367.5
2024-07-25 14:30:00,-2632.5,2231.25,-401.25
2024-07-25 14:31:00,-2396.25,2231.25,-165.0
2024-07-25 14:32:00,-2673.75,2231.25,-442.5
2024-07-25 14:33:00,-2516.25,2231.25,-285.0
2024-07-25 14:34:00,-2512.5,2231.25,-281.25
2024-07-25 14:35:00,-2640.0,2231.25,-408.75
2024-07-25 14:36:00,-2640.0,2231.25,-408.75
2024-07-25 14:37:00,-2640.0,2231.25,-408.75
2024-07-25 14:38:00,-2640.0,2231.25,-408.75
2024-07-25 14:39:00,-2640.0,2231.25,-408.75
2024-07-25 14:40:00,-2640.0,2231.25,-408.75
2024-07-25 14:41:00,-2640.0,2231.25,-408.75
2024-07-25 14:42:00,-2640.0,2231.25,-408.75
2024-07-25 14:43:00,-2640.0,2231.25,-408.75
2024-07-25 14:44:00,-2640.0,2231.25,-408.75
2024-07-25 14:45:00,-2640.0,2231.25,-408.75
2024-07-25 14:46:00,-2640.0,2231.25,-408.75
2024-07-25 14:47:00,-2640.0,2231.25,-408.75
2024-07-25 14:48:00,-2640.0,2231.25,-408.75
2024-07-25 14:49:00,-2640.0,2231.25,-408.75
2024-07-25 14:50:00,-2640.0,2231.25,-408.75
2024-07-25 14:51:00,-2640.0,2231.25,-408.75
2024-07-25 14:52:00,-2640.0,2231.25,-408.75
2024-07-25 14:53:00,-2640.0,2231.25,-408.75
2024-07-25 14:54:00,-2640.0,2231.25,-408.75
2024-07-25 14:55:00,-2640.0,2231.25,-408.75
2024-07-25 14:56:00,-2640.0,2231.25,-408.75
2024-07-25 14:57:00,-2640.0,2231.25,-408.75
2024-07-25 14:58:00,-2640.0,2231.25,-408.75
2024-07-25 14:59:00,-2640.0,2231.25,-408.75
2024-07-25 15:00:00,-2640.0,2231.25,-408.75
2024-07-25 15:01:00,-2640.0,2231.25,-408.75
2024-07-25 15:02:00,-2640.0,2231.25,-408.75
2024-07-25 15:03:00,-2640.0,2231.25,-408.75
2024-07-25 15:04:00,-2640.0,2231.25,-408.75
2024-07-25 15:05:00,-2640.0,2231.25,-408.75
2024-07-25 15:06:00,-2640.0,2231.25,-408.75
2024-07-25 15:07:00,-2640.0,2231.25,-408.75
2024-07-25 15:08:00,-2640.0,2231.25,-408.75
2024-07-25 15:09:00,-2640.0,2231.25,-408.75
2024-07-25 15:10:00,-2640.0,2231.25,-408.75
2024-07-25 15:11:00,-2640.0,2231.25,-408.75
2024-07-25 15:12:00,-2640.0,2231.25,-408.75
2024-07-25 15:13:00,-2640.0,2231.25,-408.75
2024-07-25 15:14:00,-2640.0,2231.25,-408.75
2024-07-25 15:15:00,-2640.0,2231.25,-408.75
2024-07-25 15:16:00,-2640.0,2231.25,-408.75
2024-07-25 15:17:00,-2640.0,2231.25,-408.75
2024-07-25 15:18:00,-2640.0,2231.25,-408.75
2024-07-25 15:19:00,-2640.0,2231.25,-408.75
2024-07-25 15:20:00,-2640.0,2231.25,-408.75
2024-07-25 15:21:00,-2640.0,2231.25,-408.75
2024-07-25 15:22:00,-2640.0,2231.25,-408.75
2024-07-25 15:23:00,-2640.0,2231.25,-408.75
2024-07-25 15:24:00,-2640.0,2231.25,-408.75
2024-07-25 15:25:00,-2640.0,2231.25,-408.75
2024-07-25 15:26:00,-2640.0,2231.25,-408.75
2024-07-25 15:27:00,-2640.0,2231.25,-408.75
2024-07-25 15:28:00,-2640.0,2231.25,-408.75
2024-07-25 15:29:00,-2640.0,2231.25,-408.75
2024-07-25 15:30:00,-2640.0,2231.25,-408.75
2024-08-01 10:15:00,0.0,0.0,0.0
2024-08-01 10:16:00,-52.5,33.75,-18.75
2024-08-01 10:17:00,-105.0,123.75,18.75
2024-08-01 10:18:00,-180.0,303.75,123.75
2024-08-01 10:19:00,-120.0,375.0,255.0
2024-08-01 10:20:00,-198.75,461.25,262.5
2024-08-01 10:21:00,-281.25,637.5,356.25
2024-08-01 10:22:00,-97.5,513.75,416.25
2024-08-01 10:23:00,-18.75,468.75,450.0
2024-08-01 10:24:00,-41.25,438.75,397.5
2024-08-01 10:25:00,-11.25,416.25,405.0
2024-08-01 10:26:00,22.5,315.0,337.5
2024-08-01 10:27:00,-71.25,438.75,367.5
2024-08-01 10:28:00,108.75,273.75,382.5
2024-08-01 10:29:00,142.5,273.75,416.25
2024-08-01 10:30:00,307.5,123.75,431.25
2024-08-01 10:31:00,202.5,213.75,416.25
2024-08-01 10:32:00,157.5,330.0,487.5
2024-08-01 10:33:00,153.75,292.5,446.25
2024-08-01 10:34:00,191.25,210.0,401.25
2024-08-01 10:35:00,225.0,146.25,371.25
2024-08-01 10:36:00,138.75,296.25,435.0
2024-08-01 10:37:00,135.0,273.75,408.75
2024-08-01 10:38:00,172.5,-3.75,168.75
2024-08-01 10:39:00,183.75,142.5,326.25
2024-08-01 10:40:00,153.75,258.75,412.5
2024-08-01 10:41:00,176.25,228.75,405.0
2024-08-01 10:42:00,180.0,225.0,405.0
2024-08-01 10:43:00,150.0,315.0,465.0
2024-08-01 10:44:00,168.75,337.5,506.25
2024-08-01 10:45:00,221.25,281.25,502.5
2024-08-01 10:46:00,296.25,168.75,465.0
2024-08-01 10:47:00,236.25,356.25,592.5
2024-08-01 10:48:00,315.0,161.25,476.25
2024-08-01 10:49:00,322.5,138.75,461.25
2024-08-01 10:50:00,341.25,168.75,510.0
2024-08-01 10:51:00,345.0,187.5,532.5
2024-08-01 10:52:00,408.75,15.0,423.75
2024-08-01 10:53:00,363.75,172.5,536.25
2024-08-01 10:54:00,356.25,135.0,491.25
2024-08-01 10:55:00,345.0,123.75,468.75
2024-08-01 10:56:00,322.5,247.5,570.0
2024-08-01 10:57:00,345.0,180.0,525.0
2024-08-01 10:58:00,318.75,213.75,532.5
2024-08-01 10:59:00,330.0,277.5,607.5
2024-08-01 11:00:00,375.0,198.75,573.75
2024-08-01 11:01:00,465.0,138.75,603.75
2024-08-01 11:02:00,487.5,168.75,656.25
2024-08-01 11:03:00,427.5,300.0,727.5
2024-08-01 11:04:00,461.25,195.0,656.25
2024-08-01 11:05:00,480.0,213.75,693.75
2024-08-01 11:06:00,453.75,198.75,652.5
2024-08-01 11:07:00,416.25,345.0,761.25
2024-08-01 11:08:00,408.75,487.5,896.25
2024-08-01 11:09:00,397.5,431.25,828.75
2024-08-01 11:10:00,386.25,446.25,832.5
2024-08-01 11:11:00,330.0,577.5,907.5
2024-08-01 11:12:00,330.0,645.0,975.0
2024-08-01 11:13:00,273.75,768.75,1042.5
2024-08-01 11:14:00,221.25,851.25,1072.5
2024-08-01 11:15:00,292.5,806.25,1098.75
2024-08-01 11:16:00,348.75,761.25,1110.0
2024-08-01 11:17:00,363.75,757.5,1121.25
2024-08-01 11:18:00,352.5,780.0,1132.5
2024-08-01 11:19:00,375.0,776.25,1151.25
2024-08-01 11:20:00,435.0,798.75,1233.75
2024-08-01 11:21:00,420.0,791.25,1211.25
2024-08-01 11:22:00,431.25,813.75,1245.0
2024-08-01 11:23:00,468.75,765.0,1233.75
2024-08-01 11:24:00,483.75,768.75,1252.5
2024-08-01 11:25:00,498.75,742.5,1241.25
2024-08-01 11:26:00,461.25,821.25,1282.5
2024-08-01 11:27:00,468.75,798.75,1267.5
2024-08-01 11:28:00,438.75,810.0,1248.75
2024-08-01 11:29:00,431.25,881.25,1312.5
2024-08-01 11:30:00,446.25,885.0,1331.25
2024-08-01 11:31:00,431.25,907.5,1338.75
2024-08-01 11:32:00,461.25,862.5,1323.75
2024-08-01 11:33:00,513.75,840.0,1353.75
2024-08-01 11:34:00,468.75,798.75,1267.5
2024-08-01 11:35:00,465.0,795.0,1260.0
2024-08-01 11:36:00,510.0,731.25,1241.25
2024-08-01 11:37:00,543.75,682.5,1226.25
2024-08-01 11:38:00,532.5,768.75,1301.25
2024-08-01 11:39:00,491.25,787.5,1278.75
2024-08-01 11:40:00,491.25,795.0,1286.25
2024-08-01 11:41:00,521.25,690.0,1211.25
2024-08-01 11:42:00,521.25,667.5,1188.75
2024-08-01 11:43:00,607.5,187.5,795.0
2024-08-01 11:44:00,611.25,165.0,776.25
2024-08-01 11:45:00,611.25,105.0,716.25
2024-08-01 11:46:00,566.25,180.0,746.25
2024-08-01 11:47:00,555.0,217.5,772.5
2024-08-01 11:48:00,585.0,172.5,757.5
2024-08-01 11:49:00,532.5,176.25,708.75
2024-08-01 11:50:00,828.75,-281.25,547.5
2024-08-01 11:51:00,682.5,-30.0,652.5
2024-08-01 11:52:00,675.0,37.5,712.5
2024-08-01 11:53:00,630.0,-56.25,573.75
2024-08-01 11:54:00,596.25,-41.25,555.0
2024-08-01 11:55:00,622.5,-105.0,517.5
2024-08-01 11:56:00,596.25,-93.75,502.5
2024-08-01 11:57:00,682.5,-262.5,420.0
2024-08-01 11:58:00,667.5,-52.5,615.0
2024-08-01 11:59:00,663.75,18.75,682.5
2024-08-01 12:00:00,660.0,75.0,735.0
2024-08-01 12:01:00,648.75,101.25,750.0
2024-08-01 12:02:00,585.0,183.75,768.75
2024-08-01 12:03:00,652.5,127.5,780.0
2024-08-01 12:04:00,675.0,45.0,720.0
2024-08-01 12:05:00,723.75,-33.75,690.0
2024-08-01 12:06:00,675.0,-45.0,630.0
2024-08-01 12:07:00,652.5,15.0,667.5
2024-08-01 12:08:00,690.0,-97.5,592.5
2024-08-01 12:09:00,686.25,-30.0,656.25
2024-08-01 12:10:00,712.5,-105.0,607.5
2024-08-01 12:11:00,671.25,75.0,746.25
2024-08-01 12:12:00,727.5,-153.75,573.75
2024-08-01 12:13:00,896.25,-251.25,645.0
2024-08-01 12:14:00,926.25,-210.0,716.25
2024-08-01 12:15:00,847.5,-138.75,708.75
2024-08-01 12:16:00,836.25,-228.75,607.5
2024-08-01 12:17:00,888.75,-311.25,577.5
2024-08-01 12:18:00,873.75,-300.0,573.75
2024-08-01 12:19:00,772.5,-86.25,686.25
2024-08-01 12:20:00,783.75,-161.25,622.5
2024-08-01 12:21:00,821.25,-266.25,555.0
2024-08-01 12:22:00,825.0,-345.0,480.0
2024-08-01 12:23:00,862.5,-408.75,453.75
2024-08-01 12:24:00,903.75,-566.25,337.5
2024-08-01 12:25:00,926.25,-566.25,360.0
2024-08-01 12:26:00,930.0,-363.75,566.25
2024-08-01 12:27:00,922.5,-405.0,517.5
2024-08-01 12:28:00,1042.5,-645.0,397.5
2024-08-01 12:29:00,1121.25,-870.0,251.25
2024-08-01 12:30:00,1125.0,-780.0,345.0
2024-08-01 12:31:00,1158.75,-941.25,217.5
2024-08-01 12:32:00,1173.75,-918.75,255.0
2024-08-01 12:33:00,1155.0,-952.5,202.5
2024-08-01 12:34:00,1158.75,-1023.75,135.0
2024-08-01 12:35:00,1125.0,-900.0,225.0
2024-08-01 12:36:00,1091.25,-858.75,232.5
2024-08-01 12:37:00,1151.25,-1091.25,60.0
2024-08-01 12:38:00,1196.25,-1286.25,-90.0
2024-08-01 12:39:00,1162.5,-1181.25,-18.75
2024-08-01 12:40:00,1218.75,-1290.0,-71.25
2024-08-01 12:41:00,1162.5,-1155.0,7.5
2024-08-01 12:42:00,1140.0,-1128.75,11.25
2024-08-01 12:43:00,1173.75,-1110.0,63.75
2024-08-01 12:44:00,1121.25,-1008.75,112.5
2024-08-01 12:45:00,1147.5,-1083.75,63.75
2024-08-01 12:46:00,1147.5,-1098.75,48.75
2024-08-01 12:47:00,1166.25,-1185.0,-18.75
2024-08-01 12:48:00,1132.5,-630.0,502.5
2024-08-01 12:49:00,1023.75,-296.25,727.5
2024-08-01 12:50:00,1053.75,-502.5,551.25
2024-08-01 12:51:00,1057.5,-562.5,495.0
2024-08-01 12:52:00,1020.0,-495.0,525.0
2024-08-01 12:53:00,1057.5,-596.25,461.25
2024-08-01 12:54:00,1057.5,-581.25,476.25
2024-08-01 12:55:00,1035.0,-487.5,547.5
2024-08-01 12:56:00,1080.0,-562.5,517.5
2024-08-01 12:57:00,1155.0,-566.25,588.75
2024-08-01 12:58:00,1095.0,-326.25,768.75
2024-08-01 12:59:00,1140.0,-502.5,637.5
2024-08-01 13:00:00,1140.0,-457.5,682.5
2024-08-01 13:01:00,1136.25,-273.75,862.5
2024-08-01 13:02:00,1113.75,-191.25,922.5
2024-08-01 13:03:00,1046.25,41.25,1087.5
2024-08-01 13:04:00,1050.0,-3.75,1046.25
2024-08-01 13:05:00,1121.25,-52.5,1068.75
2024-08-01 13:06:00,952.5,292.5,1245.0
2024-08-01 13:07:00,918.75,352.5,1271.25
2024-08-01 13:08:00,1020.0,292.5,1312.5
2024-08-01 13:09:00,1050.0,210.0,1260.0
2024-08-01 13:10:00,1001.25,281.25,1282.5
2024-08-01 13:11:00,922.5,435.0,1357.5
2024-08-01 13:12:00,978.75,318.75,1297.5
2024-08-01 13:13:00,937.5,525.0,1462.5
2024-08-01 13:14:00,990.0,371.25,1361.25
2024-08-01 13:15:00,993.75,405.0,1398.75
2024-08-01 13:16:00,948.75,397.5,1346.25
2024-08-01 13:17:00,896.25,547.5,1443.75
2024-08-01 13:18:00,937.5,510.0,1447.5
2024-08-01 13:19:00,971.25,585.0,1556.25
2024-08-01 13:20:00,1053.75,457.5,1511.25
2024-08-01 13:21:00,1121.25,405.0,1526.25
2024-08-01 13:22:00,1207.5,367.5,1575.0
2024-08-01 13:23:00,1181.25,375.0,1556.25
2024-08-01 13:24:00,1301.25,270.0,1571.25
2024-08-01 13:25:00,1365.0,195.0,1560.0
2024-08-01 13:26:00,1323.75,120.0,1443.75
2024-08-01 13:27:00,1286.25,285.0,1571.25
2024-08-01 13:28:00,1271.25,258.75,1530.0
2024-08-01 13:29:00,1301.25,120.0,1421.25
2024-08-01 13:30:00,1402.5,-3.75,1398.75
2024-08-01 13:31:00,1443.75,-108.75,1335.0
2024-08-01 13:32:00,1428.75,0.0,1428.75
2024-08-01 13:33:00,1421.25,30.0,1451.25
2024-08-01 13:34:00,1458.75,-41.25,1417.5
2024-08-01 13:35:00,1443.75,-37.5,1406.25
2024-08-01 13:36:00,1417.5,86.25,1503.75
2024-08-01 13:37:00,1380.0,221.25,1601.25
2024-08-01 13:38:00,1402.5,232.5,1635.0
2024-08-01 13:39:00,1406.25,232.5,1638.75
2024-08-01 13:40:00,1518.75,22.5,1541.25
2024-08-01 13:41:00,1522.5,63.75,1586.25
2024-08-01 13:42:00,1518.75,45.0,1563.75
2024-08-01 13:43:00,1522.5,101.25,1623.75
2024-08-01 13:44:00,1563.75,0.0,1563.75
2024-08-01 13:45:00,1620.0,-78.75,1541.25
2024-08-01 13:46:00,1623.75,-86.25,1537.5
2024-08-01 13:47:00,1586.25,48.75,1635.0
2024-08-01 13:48:00,1605.0,-7.5,1597.5
2024-08-01 13:49:00,1571.25,108.75,1680.0
2024-08-01 13:50:00,1533.75,176.25,1710.0
2024-08-01 13:51:00,1470.0,303.75,1773.75
2024-08-01 13:52:00,1481.25,281.25,1762.5
2024-08-01 13:53:00,1500.0,123.75,1623.75
2024-08-01 13:54:00,1473.75,371.25,1845.0
2024-08-01 13:55:00,1462.5,360.0,1822.5
2024-08-01 13:56:00,1533.75,187.5,1721.25
2024-08-01 13:57:00,1515.0,228.75,1743.75
2024-08-01 13:58:00,1500.0,337.5,1837.5
2024-08-01 13:59:00,1458.75,513.75,1972.5
2024-08-01 14:00:00,1451.25,502.5,1953.75
2024-08-01 14:01:00,1488.75,528.75,2017.5
2024-08-01 14:02:00,1526.25,495.0,2021.25
2024-08-01 14:03:00,1518.75,648.75,2167.5
2024-08-01 14:04:00,1458.75,772.5,2231.25
2024-08-01 14:05:00,1428.75,806.25,2235.0
2024-08-01 14:06:00,1428.75,813.75,2242.5
2024-08-01 14:07:00,1515.0,753.75,2268.75
2024-08-01 14:08:00,1458.75,892.5,2351.25
2024-08-01 14:09:00,1507.5,776.25,2283.75
2024-08-01 14:10:00,1507.5,825.0,2332.5
2024-08-01 14:11:00,1552.5,776.25,2328.75
2024-08-01 14:12:00,1623.75,708.75,2332.5
2024-08-01 14:13:00,1612.5,750.0,2362.5
2024-08-01 14:14:00,1616.25,750.0,2366.25
2024-08-01 14:15:00,1691.25,600.0,2291.25
2024-08-01 14:16:00,1732.5,277.5,2010.0
2024-08-01 14:17:00,1740.0,453.75,2193.75
2024-08-01 14:18:00,1732.5,472.5,2205.0
2024-08-01 14:19:00,1702.5,626.25,2328.75
2024-08-01 14:20:00,1725.0,465.0,2190.0
2024-08-01 14:21:00,1713.75,532.5,2246.25
2024-08-01 14:22:00,1721.25,457.5,2178.75
2024-08-01 14:23:00,1725.0,390.0,2115.0
2024-08-01 14:24:00,1725.0,498.75,2223.75
2024-08-01 14:25:00,1725.0,435.0,2160.0
2024-08-01 14:26:00,1758.75,101.25,1860.0
2024-08-01 14:27:00,1766.25,243.75,2010.0
2024-08-01 14:28:00,1785.0,172.5,1957.5
2024-08-01 14:29:00,1755.0,315.0,2070.0
2024-08-01 14:30:00,1751.25,213.75,1965.0
2024-08-01 14:31:00,1755.0,191.25,1946.25
2024-08-01 14:32:00,1770.0,-168.75,1601.25
2024-08-01 14:33:00,1818.75,-326.25,1492.5
2024-08-01 14:34:00,1815.0,-266.25,1548.75
2024-08-01 14:35:00,1803.75,-37.5,1766.25
2024-08-01 14:36:00,1796.25,-240.0,1556.25
2024-08-01 14:37:00,1796.25,-157.5,1638.75
2024-08-01 14:38:00,1785.0,127.5,1912.5
2024-08-01 14:39:00,1785.0,3.75,1788.75
2024-08-01 14:40:00,1792.5,-52.5,1740.0
2024-08-01 14:41:00,1770.0,360.0,2130.0
2024-08-01 14:42:00,1661.25,1031.25,2692.5
2024-08-01 14:43:00,1623.75,1102.5,2726.25
2024-08-01 14:44:00,1710.0,1053.75,2763.75
2024-08-01 14:45:00,1560.0,1428.75,2988.75
2024-08-01 14:46:00,1665.0,1188.75,2853.75
2024-08-01 14:47:00,1672.5,1158.75,2831.25
2024-08-01 14:48:00,1620.0,1275.0,2895.0
2024-08-01 14:49:00,1680.0,1256.25,2936.25
2024-08-01 14:50:00,1657.5,1342.5,3000.0
2024-08-01 14:51:00,1717.5,1353.75,3071.25
2024-08-01 14:52:00,1796.25,1237.5,3033.75
2024-08-01 14:53:00,1788.75,1350.0,3138.75
2024-08-01 14:54:00,1845.0,1181.25,3026.25
2024-08-01 14:55:00,1833.75,1166.25,3000.0
2024-08-01 14:56:00,1837.5,1248.75,3086.25
2024-08-01 14:57:00,1867.5,1008.75,2876.25
2024-08-01 14:58:00,1882.5,885.0,2767.5
2024-08-01 14:59:00,1886.25,1068.75,2955.0
2024-08-01 15:00:00,1882.5,1098.75,2981.25
2024-08-01 15:01:00,1882.5,1327.5,3210.0
2024-08-01 15:02:00,1905.0,1368.75,3273.75
2024-08-01 15:03:00,1916.25,1211.25,3127.5
2024-08-01 15:04:00,1920.0,1068.75,2988.75
2024-08-01 15:05:00,1923.75,1031.25,2955.0
2024-08-01 15:06:00,1923.75,1278.75,3202.5
2024-08-01 15:07:00,1927.5,1143.75,3071.25
2024-08-01 15:08:00,1931.25,1440.0,3371.25
2024-08-01 15:09:00,1927.5,1826.25,3753.75
2024-08-01 15:10:00,1920.0,1908.75,3828.75
2024-08-01 15:11:00,1923.75,1946.25,3870.0
2024-08-01 15:12:00,1927.5,1916.25,3843.75
2024-08-01 15:13:00,1927.5,1980.0,3907.5
2024-08-01 15:14:00,1923.75,2002.5,3926.25
2024-08-01 15:15:00,1927.5,2017.5,3945.0
2024-08-01 15:16:00,1931.25,2032.5,3963.75
2024-08-01 15:17:00,1931.25,2021.25,3952.5
2024-08-01 15:18:00,1938.75,2028.75,3967.5
2024-08-01 15:19:00,1935.0,2036.25,3971.25
2024-08-01 15:20:00,1938.75,2040.0,3978.75
2024-08-01 15:21:00,1938.75,2040.0,3978.75
2024-08-01 15:22:00,1938.75,2040.0,3978.75
2024-08-01 15:23:00,1938.75,2040.0,3978.75
2024-08-01 15:24:00,1938.75,2040.0,3978.75
2024-08-01 15:25:00,1938.75,2040.0,3978.75
2024-08-01 15:26:00,1938.75,2040.0,3978.75
2024-08-01 15:27:00,1938.75,2040.0,3978.75
2024-08-01 15:28:00,1938.75,2040.0,3978.75
2024-08-01 15:29:00,1938.75,2040.0,3978.75
2024-08-01 15:30:00,1938.75,2040.0,3978.75
2024-08-08 10:15:00,0.0,0.0,0.0
2024-08-08 10:16:00,281.25,-221.25,60.0
2024-08-08 10:17:00,48.75,-3.75,45.0
2024-08-08 10:18:00,116.25,-142.5,-26.25
2024-08-08 10:19:00,-168.75,123.75,-45.0
2024-08-08 10:20:00,-153.75,442.5,288.75
2024-08-08 10:21:00,-86.25,570.0,483.75
2024-08-08 10:22:00,-7.5,191.25,183.75
2024-08-08 10:23:00,-45.0,262.5,217.5
2024-08-08 10:24:00,97.5,15.0,112.5
2024-08-08 10:25:00,-45.0,408.75,363.75
2024-08-08 10:26:00,37.5,277.5,315.0
2024-08-08 10:27:00,-97.5,378.75,281.25
2024-08-08 10:28:00,-2148.75,1545.0,-603.75
2024-08-08 10:29:00,-1815.0,1627.5,-187.5
2024-08-08 10:30:00,-1560.0,1815.0,255.0
2024-08-08 10:31:00,-982.5,1440.0,457.5
2024-08-08 10:32:00,-416.25,1065.0,648.75
2024-08-08 10:33:00,-240.0,922.5,682.5
2024-08-08 10:34:00,273.75,-90.0,183.75
2024-08-08 10:35:00,176.25,-120.0,56.25
2024-08-08 10:36:00,86.25,330.0,416.25
2024-08-08 10:37:00,-37.5,521.25,483.75
2024-08-08 10:38:00,-435.0,1083.75,648.75
2024-08-08 10:39:00,-472.5,1278.75,806.25
2024-08-08 10:40:00,-142.5,1256.25,1113.75
2024-08-08 10:41:00,-168.75,1211.25,1042.5
2024-08-08 10:42:00,-300.0,1211.25,911.25
2024-08-08 10:43:00,-37.5,1031.25,993.75
2024-08-08 10:44:00,-450.0,1162.5,712.5
2024-08-08 10:45:00,-135.0,993.75,858.75
2024-08-08 10:46:00,-202.5,1038.75,836.25
2024-08-08 10:47:00,-435.0,1147.5,712.5
2024-08-08 10:48:00,-285.0,1125.0,840.0
2024-08-08 10:49:00,-120.0,896.25,776.25
2024-08-08 10:50:00,-116.25,971.25,855.0
2024-08-08 10:51:00,-180.0,903.75,723.75
2024-08-08 10:52:00,-840.0,1342.5,502.5
2024-08-08 10:53:00,-453.75,1346.25,892.5
2024-08-08 10:54:00,-225.0,1342.5,1117.5
2024-08-08 10:55:00,78.75,1181.25,1260.0
2024-08-08 10:56:00,258.75,948.75,1207.5
2024-08-08 10:57:00,588.75,420.0,1008.75
2024-08-08 10:58:00,735.0,30.0,765.0
2024-08-08 10:59:00,765.0,-67.5,697.5
2024-08-08 11:00:00,750.0,78.75,828.75
2024-08-08 11:01:00,693.75,390.0,1083.75
2024-08-08 11:02:00,671.25,532.5,1203.75
2024-08-08 11:03:00,667.5,832.5,1500.0
2024-08-08 11:04:00,622.5,1098.75,1721.25
2024-08-08 11:05:00,663.75,1042.5,1706.25
2024-08-08 11:06:00,465.0,1308.75,1773.75
2024-08-08 11:07:00,611.25,1038.75,1650.0
2024-08-08 11:08:00,378.75,1458.75,1837.5
2024-08-08 11:09:00,157.5,1601.25,1758.75
2024-08-08 11:10:00,-247.5,1788.75,1541.25
2024-08-08 11:11:00,15.0,1646.25,1661.25
2024-08-08 11:12:00,-18.75,1608.75,1590.0
2024-08-08 11:13:00,-217.5,1672.5,1455.0
2024-08-08 11:14:00,356.25,1260.0,1616.25
2024-08-08 11:15:00,363.75,1406.25,1770.0
2024-08-08 11:16:00,22.5,1710.0,1732.5
2024-08-08 11:17:00,63.75,1631.25,1695.0
2024-08-08 11:18:00,-1170.0,2111.25,941.25
2024-08-08 11:19:00,-963.75,2058.75,1095.0
2024-08-08 11:20:00,-1095.0,2055.0,960.0
2024-08-08 11:21:00,-731.25,1987.5,1256.25
2024-08-08 11:22:00,-67.5,1668.75,1601.25
2024-08-08 11:23:00,-108.75,1728.75,1620.0
2024-08-08 11:24:00,172.5,1578.75,1751.25
2024-08-08 11:25:00,277.5,1507.5,1785.0
2024-08-08 11:26:00,183.75,1395.0,1578.75
2024-08-08 11:27:00,165.0,1368.75,1533.75
2024-08-08 11:28:00,243.75,1293.75,1537.5
2024-08-08 11:29:00,176.25,1331.25,1507.5
2024-08-08 11:30:00,56.25,1421.25,1477.5
2024-08-08 11:31:00,168.75,1233.75,1402.5
2024-08-08 11:32:00,382.5,693.75,1076.25
2024-08-08 11:33:00,311.25,847.5,1158.75
2024-08-08 11:34:00,183.75,930.0,1113.75
2024-08-08 11:35:00,210.0,1117.5,1327.5
2024-08-08 11:36:00,-112.5,1455.0,1342.5
2024-08-08 11:37:00,210.0,1207.5,1417.5
2024-08-08 11:38:00,138.75,1335.0,1473.75
2024-08-08 11:39:00,243.75,1275.0,1518.75
2024-08-08 11:40:00,22.5,1402.5,1425.0
2024-08-08 11:41:00,18.75,1447.5,1466.25
2024-08-08 11:42:00,48.75,1473.75,1522.5
2024-08-08 11:43:00,-105.0,1638.75,1533.75
2024-08-08 11:44:00,165.0,1425.0,1590.0
2024-08-08 11:45:00,292.5,1312.5,1605.0
2024-08-08 11:46:00,330.0,1260.0,1590.0
2024-08-08 11:47:00,258.75,1398.75,1657.5
2024-08-08 11:48:00,277.5,1436.25,1713.75
2024-08-08 11:49:00,-405.0,1916.25,1511.25
2024-08-08 11:50:00,-705.0,2085.0,1380.0
2024-08-08 11:51:00,-566.25,2028.75,1462.5
2024-08-08 11:52:00,-330.0,1912.5,1582.5
2024-08-08 11:53:00,-525.0,2010.0,1485.0
2024-08-08 11:54:00,-641.25,2021.25,1380.0
2024-08-08 11:55:00,-1331.25,2167.5,836.25
2024-08-08 11:56:00,-682.5,1987.5,1305.0
2024-08-08 11:57:00,-768.75,2055.0,1286.25
2024-08-08 11:58:00,-885.0,2070.0,1185.0
2024-08-08 11:59:00,-761.25,2006.25,1245.0
2024-08-08 12:00:00,-562.5,1995.0,1432.5
2024-08-08 12:01:00,-761.25,2066.25,1305.0
2024-08-08 12:02:00,-761.25,2092.5,1331.25
2024-08-08 12:03:00,-712.5,2103.75,1391.25
2024-08-08 12:04:00,-690.0,2152.5,1462.5
2024-08-08 12:05:00,-172.5,1961.25,1788.75
2024-08-08 12:06:00,-491.25,2092.5,1601.25
2024-08-08 12:07:00,-903.75,2235.0,1331.25
2024-08-08 12:08:00,-877.5,2302.5,1425.0
2024-08-08 12:09:00,-967.5,2295.0,1327.5
2024-08-08 12:10:00,-768.75,2246.25,1477.5
2024-08-08 12:11:00,-663.75,2242.5,1578.75
2024-08-08 12:12:00,-712.5,2287.5,1575.0
2024-08-08 12:13:00,-1158.75,2343.75,1185.0
2024-08-08 12:14:00,-2846.25,2647.5,-198.75
2024-08-08 12:15:00,-4181.25,2778.75,-1402.5
2024-08-08 12:16:00,-3682.5,3360.0,-322.5
2024-08-08 12:17:00,-3161.25,3341.25,180.0
2024-08-08 12:18:00,-3525.0,3506.25,-18.75
2024-08-08 12:19:00,-3221.25,3247.5,26.25
2024-08-08 12:20:00,-3258.75,3307.5,48.75
2024-08-08 12:21:00,-5197.5,3978.75,-1218.75
2024-08-08 12:22:00,-4488.75,4200.0,-288.75
2024-08-08 12:23:00,-4342.5,4128.75,-213.75
2024-08-08 12:24:00,-4076.25,3986.25,-90.0
2024-08-08 12:25:00,-3753.75,3926.25,172.5
2024-08-08 12:26:00,-3963.75,3877.5,-86.25
2024-08-08 12:27:00,-4080.0,4042.5,-37.5
2024-08-08 12:28:00,-3978.75,4027.5,48.75
2024-08-08 12:29:00,-3367.5,3693.75,326.25
2024-08-08 12:30:00,-3873.75,4173.75,300.0
2024-08-08 12:31:00,-3918.75,4008.75,90.0
2024-08-08 12:32:00,-4256.25,4166.25,-90.0
2024-08-08 12:33:00,-3573.75,3877.5,303.75
2024-08-08 12:34:00,-3135.0,3506.25,371.25
2024-08-08 12:35:00,-3075.0,3585.0,510.0
2024-08-08 12:36:00,-3390.0,3847.5,457.5
2024-08-08 12:37:00,-3022.5,3615.0,592.5
2024-08-08 12:38:00,-3176.25,3862.5,686.25
2024-08-08 12:39:00,-3056.25,3637.5,581.25
2024-08-08 12:40:00,-3052.5,3660.0,607.5
2024-08-08 12:41:00,-2096.25,2711.25,615.0
2024-08-08 12:42:00,-2733.75,3603.75,870.0
2024-08-08 12:43:00,-2685.0,3536.25,851.25
2024-08-08 12:44:00,-2910.0,3562.5,652.5
2024-08-08 12:45:00,-2557.5,3300.0,742.5
2024-08-08 12:46:00,-2471.25,3153.75,682.5
2024-08-08 12:47:00,-2775.0,3461.25,686.25
2024-08-08 12:48:00,-2460.0,3026.25,566.25
2024-08-08 12:49:00,-2047.5,2373.75,326.25
2024-08-08 12:50:00,-1503.75,1781.25,277.5
2024-08-08 12:51:00,-1571.25,2385.0,813.75
2024-08-08 12:52:00,-1653.75,2580.0,926.25
2024-08-08 12:53:00,-1631.25,2460.0,828.75
2024-08-08 12:54:00,-1395.0,2257.5,862.5
2024-08-08 12:55:00,-967.5,1983.75,1016.25
2024-08-08 12:56:00,41.25,-615.0,-573.75
2024-08-08 12:57:00,236.25,-255.0,-18.75
2024-08-08 12:58:00,363.75,-131.25,232.5
2024-08-08 12:59:00,540.0,-60.0,480.0
2024-08-08 13:00:00,435.0,585.0,1020.0
2024-08-08 13:01:00,431.25,480.0,911.25
2024-08-08 13:02:00,1117.5,-2741.25,-1623.75
2024-08-08 13:03:00,1173.75,-2572.5,-1398.75
2024-08-08 13:04:00,1046.25,-1151.25,-105.0
2024-08-08 13:05:00,993.75,-1290.0,-296.25
2024-08-08 13:06:00,982.5,-1402.5,-420.0
2024-08-08 13:07:00,1181.25,-2786.25,-1605.0
2024-08-08 13:08:00,1488.75,-5190.0,-3701.25
2024-08-08 13:09:00,1477.5,-5422.5,-3945.0
2024-08-08 13:10:00,1473.75,-4762.5,-3288.75
2024-08-08 13:11:00,1230.0,-3630.0,-2400.0
2024-08-08 13:12:00,1466.25,-5572.5,-4106.25
2024-08-08 13:13:00,1380.0,-4856.25,-3476.25
2024-08-08 13:14:00,1350.0,-4196.25,-2846.25
2024-08-08 13:15:00,1331.25,-4233.75,-2902.5
2024-08-08 13:16:00,1181.25,-3045.0,-1863.75
2024-08-08 13:17:00,1331.25,-3705.0,-2373.75
2024-08-08 13:18:00,1346.25,-3566.25,-2220.0
2024-08-08 13:19:00,1331.25,-3476.25,-2145.0
2024-08-08 13:20:00,1432.5,-3982.5,-2550.0
2024-08-08 13:21:00,1316.25,-2681.25,-1365.0
2024-08-08 13:22:00,1398.75,-2745.0,-1346.25
2024-08-08 13:23:00,1605.0,-3465.0,-1860.0
2024-08-08 13:24:00,1507.5,-2437.5,-930.0
2024-08-08 13:25:00,1530.0,-2553.75,-1023.75
2024-08-08 13:26:00,1586.25,-2651.25,-1065.0
2024-08-08 13:27:00,1736.25,-3435.0,-1698.75
2024-08-08 13:28:00,1796.25,-3941.25,-2145.0
2024-08-08 13:29:00,1882.5,-4237.5,-2355.0
2024-08-08 13:30:00,2107.5,-7878.75,-5771.25
2024-08-08 13:31:00,2096.25,-7533.75,-5437.5
2024-08-08 13:32:00,2107.5,-7380.0,-5272.5
2024-08-08 13:33:00,2088.75,-7132.5,-5043.75
2024-08-08 13:34:00,2077.5,-6978.75,-4901.25
2024-08-08 13:35:00,1950.0,-6693.75,-4743.75
2024-08-08 13:36:00,1807.5,-6588.75,-4781.25
2024-08-08 13:37:00,1650.0,-6345.0,-4695.0
2024-08-08 13:38:00,1867.5,-6333.75,-4466.25
2024-08-08 13:39:00,2017.5,-6517.5,-4500.0
2024-08-08 13:40:00,1552.5,-6071.25,-4518.75
2024-08-08 13:41:00,1365.0,-5853.75,-4488.75
2024-08-08 13:42:00,1807.5,-6093.75,-4286.25
2024-08-08 13:43:00,1807.5,-6131.25,-4323.75
2024-08-08 13:44:00,1406.25,-5756.25,-4350.0
2024-08-08 13:45:00,1623.75,-5726.25,-4102.5
2024-08-08 13:46:00,1181.25,-5520.0,-4338.75
2024-08-08 13:47:00,1522.5,-5688.75,-4166.25
2024-08-08 13:48:00,1965.0,-5985.0,-4020.0
2024-08-08 13:49:00,2133.75,-6333.75,-4200.0
2024-08-08 13:50:00,2040.0,-5872.5,-3832.5
2024-08-08 13:51:00,1871.25,-5655.0,-3783.75
2024-08-08 13:52:00,1938.75,-5591.25,-3652.5
2024-08-08 13:53:00,1927.5,-5550.0,-3622.5
2024-08-08 13:54:00,2062.5,-5621.25,-3558.75
2024-08-08 13:55:00,2325.0,-5786.25,-3461.25
2024-08-08 13:56:00,2238.75,-5831.25,-3592.5
2024-08-08 13:57:00,2145.0,-5681.25,-3536.25
2024-08-08 13:58:00,2493.75,-5955.0,-3461.25
2024-08-08 13:59:00,2763.75,-6146.25,-3382.5
2024-08-08 14:00:00,2921.25,-6251.25,-3330.0
2024-08-08 14:01:00,2883.75,-5925.0,-3041.25
2024-08-08 14:02:00,2943.75,-5902.5,-2958.75
2024-08-08 14:03:00,2902.5,-5640.0,-2737.5
2024-08-08 14:04:00,2898.75,-5478.75,-2580.0
2024-08-08 14:05:00,2868.75,-5415.0,-2546.25
2024-08-08 14:06:00,2992.5,-5448.75,-2456.25
2024-08-08 14:07:00,2872.5,-5231.25,-2358.75
2024-08-08 14:08:00,3071.25,-5160.0,-2088.75
2024-08-08 14:09:00,3330.0,-5250.0,-1920.0
2024-08-08 14:10:00,3348.75,-5190.0,-1841.25
2024-08-08 14:11:00,3206.25,-5055.0,-1848.75
2024-08-08 14:12:00,3247.5,-5017.5,-1770.0
2024-08-08 14:13:00,3243.75,-4987.5,-1743.75
2024-08-08 14:14:00,3296.25,-5002.5,-1706.25
2024-08-08 14:15:00,3352.5,-4965.0,-1612.5
2024-08-08 14:16:00,3172.5,-4860.0,-1687.5
2024-08-08 14:17:00,2343.75,-4657.5,-2313.75
2024-08-08 14:18:00,2790.0,-4676.25,-1886.25
2024-08-08 14:19:00,3086.25,-4680.0,-1593.75
2024-08-08 14:20:00,3337.5,-4717.5,-1380.0
2024-08-08 14:21:00,3566.25,-4950.0,-1383.75
2024-08-08 14:22:00,3727.5,-5010.0,-1282.5
2024-08-08 14:23:00,3675.0,-4938.75,-1263.75
2024-08-08 14:24:00,3693.75,-4905.0,-1211.25
2024-08-08 14:25:00,3682.5,-4826.25,-1143.75
2024-08-08 14:26:00,3735.0,-4953.75,-1218.75
2024-08-08 14:27:00,3682.5,-4822.5,-1140.0
2024-08-08 14:28:00,3757.5,-4777.5,-1020.0
2024-08-08 14:29:00,3723.75,-4773.75,-1050.0
2024-08-08 14:30:00,3716.25,-4691.25,-975.0
2024-08-08 14:31:00,3716.25,-4687.5,-971.25
2024-08-08 14:32:00,3795.0,-4683.75,-888.75
2024-08-08 14:33:00,3746.25,-4623.75,-877.5
2024-08-08 14:34:00,3843.75,-4620.0,-776.25
2024-08-08 14:35:00,3870.0,-4612.5,-742.5
2024-08-08 14:36:00,3806.25,-4582.5,-776.25
2024-08-08 14:37:00,3798.75,-4575.0,-776.25
2024-08-08 14:38:00,3877.5,-4578.75,-701.25
2024-08-08 14:39:00,3847.5,-4563.75,-716.25
2024-08-08 14:40:00,3900.0,-4601.25,-701.25
2024-08-08 14:41:00,3903.75,-4548.75,-645.0
2024-08-08 14:42:00,3911.25,-4522.5,-611.25
2024-08-08 14:43:00,3776.25,-4485.0,-708.75
2024-08-08 14:44:00,3900.0,-4500.0,-600.0
2024-08-08 14:45:00,3990.0,-4481.25,-491.25
2024-08-08 14:46:00,3843.75,-4462.5,-618.75
2024-08-08 14:47:00,3840.0,-4455.0,-615.0
2024-08-08 14:48:00,3975.0,-4458.75,-483.75
2024-08-08 14:49:00,3948.75,-4455.0,-506.25
2024-08-08 14:50:00,3926.25,-4443.75,-517.5
2024-08-08 14:51:00,3911.25,-4432.5,-521.25
2024-08-08 14:52:00,3956.25,-4432.5,-476.25
2024-08-08 14:53:00,3978.75,-4436.25,-457.5
2024-08-08 14:54:00,4065.0,-4466.25,-401.25
2024-08-08 14:55:00,4121.25,-4548.75,-427.5
2024-08-08 14:56:00,4125.0,-4552.5,-427.5
2024-08-08 14:57:00,4132.5,-4721.25,-588.75
2024-08-08 14:58:00,4132.5,-4713.75,-581.25
2024-08-08 14:59:00,4158.75,-4496.25,-337.5
2024-08-08 15:00:00,4151.25,-4428.75,-277.5
2024-08-08 15:01:00,4196.25,-4428.75,-232.5
2024-08-08 15:02:00,4207.5,-4391.25,-183.75
2024-08-08 15:03:00,4207.5,-4387.5,-180.0
2024-08-08 15:04:00,4222.5,-4383.75,-161.25
2024-08-08 15:05:00,4226.25,-4383.75,-157.5
2024-08-08 15:06:00,4222.5,-4380.0,-157.5
2024-08-08 15:07:00,4226.25,-4376.25,-150.0
2024-08-08 15:08:00,4226.25,-4383.75,-157.5
2024-08-08 15:09:00,4230.0,-4380.0,-150.0
2024-08-08 15:10:00,4230.0,-4380.0,-150.0
2024-08-08 15:11:00,4233.75,-4380.0,-146.25
2024-08-08 15:12:00,4230.0,-4380.0,-150.0
2024-08-08 15:13:00,4233.75,-4376.25,-142.5
2024-08-08 15:14:00,4233.75,-4376.25,-142.5
2024-08-08 15:15:00,4237.5,-4376.25,-138.75
2024-08-08 15:16:00,4241.25,-4368.75,-127.5
2024-08-08 15:17:00,4241.25,-4368.75,-127.5
2024-08-08 15:18:00,4241.25,-4372.5,-131.25
2024-08-08 15:19:00,4245.0,-4372.5,-127.5
2024-08-08 15:20:00,4245.0,-4365.0,-120.0
2024-08-08 15:21:00,4245.0,-4365.0,-120.0
2024-08-08 15:22:00,4245.0,-4365.0,-120.0
2024-08-08 15:23:00,4245.0,-4365.0,-120.0
2024-08-08 15:24:00,4245.0,-4365.0,-120.0
2024-08-08 15:25:00,4245.0,-4365.0,-120.0
2024-08-08 15:26:00,4245.0,-4365.0,-120.0
2024-08-08 15:27:00,4245.0,-4365.0,-120.0
2024-08-08 15:28:00,4245.0,-4365.0,-120.0
2024-08-08 15:29:00,4245.0,-4365.0,-120.0
2024-08-08 15:30:00,4245.0,-4365.0,-120.0
2024-08-14 10:15:00,0.0,0.0,0.0
2024-08-14 10:16:00,-41.25,33.75,-7.5
2024-08-14 10:17:00,176.25,-135.0,41.25
2024-08-14 10:18:00,22.5,-15.0,7.5
2024-08-14 10:19:00,-446.25,423.75,-22.5
2024-08-14 10:20:00,-202.5,285.0,82.5
2024-08-14 10:21:00,-176.25,247.5,71.25
2024-08-14 10:22:00,82.5,45.0,127.5
2024-08-14 10:23:00,131.25,-60.0,71.25
2024-08-14 10:24:00,146.25,-30.0,116.25
2024-08-14 10:25:00,105.0,71.25,176.25
2024-08-14 10:26:00,322.5,-131.25,191.25
2024-08-14 10:27:00,393.75,-131.25,262.5
2024-08-14 10:28:00,333.75,-41.25,292.5
2024-08-14 10:29:00,435.0,-157.5,277.5
2024-08-14 10:30:00,513.75,-93.75,420.0
2024-08-14 10:31:00,491.25,-7.5,483.75
2024-08-14 10:32:00,543.75,-116.25,427.5
2024-08-14 10:33:00,547.5,-97.5,450.0
2024-08-14 10:34:00,412.5,180.0,592.5
2024-08-14 10:35:00,330.0,232.5,562.5
2024-08-14 10:36:00,172.5,408.75,581.25
2024-08-14 10:37:00,187.5,307.5,495.0
2024-08-14 10:38:00,150.0,326.25,476.25
2024-08-14 10:39:00,138.75,318.75,457.5
2024-08-14 10:40:00,225.0,285.0,510.0
2024-08-14 10:41:00,60.0,397.5,457.5
2024-08-14 10:42:00,142.5,292.5,435.0
2024-08-14 10:43:00,-15.0,431.25,416.25
2024-08-14 10:44:00,-18.75,401.25,382.5
2024-08-14 10:45:00,-78.75,450.0,371.25
2024-08-14 10:46:00,90.0,367.5,457.5
2024-08-14 10:47:00,93.75,423.75,517.5
2024-08-14 10:48:00,161.25,401.25,562.5
2024-08-14 10:49:00,187.5,431.25,618.75
2024-08-14 10:50:00,285.0,416.25,701.25
2024-08-14 10:51:00,393.75,416.25,810.0
2024-08-14 10:52:00,213.75,476.25,690.0
2024-08-14 10:53:00,165.0,528.75,693.75
2024-08-14 10:54:00,322.5,438.75,761.25
2024-08-14 10:55:00,288.75,431.25,720.0
2024-08-14 10:56:00,341.25,367.5,708.75
2024-08-14 10:57:00,360.0,375.0,735.0
2024-08-14 10:58:00,483.75,318.75,802.5
2024-08-14 10:59:00,675.0,97.5,772.5
2024-08-14 11:00:00,588.75,273.75,862.5
2024-08-14 11:01:00,543.75,390.0,933.75
2024-08-14 11:02:00,510.0,416.25,926.25
2024-08-14 11:03:00,543.75,420.0,963.75
2024-08-14 11:04:00,562.5,367.5,930.0
2024-08-14 11:05:00,705.0,176.25,881.25
2024-08-14 11:06:00,675.0,236.25,911.25
2024-08-14 11:07:00,780.0,161.25,941.25
2024-08-14 11:08:00,825.0,213.75,1038.75
2024-08-14 11:09:00,821.25,258.75,1080.0
2024-08-14 11:10:00,783.75,337.5,1121.25
2024-08-14 11:11:00,727.5,416.25,1143.75
2024-08-14 11:12:00,648.75,547.5,1196.25
2024-08-14 11:13:00,637.5,690.0,1327.5
2024-08-14 11:14:00,622.5,716.25,1338.75
2024-08-14 11:15:00,686.25,648.75,1335.0
2024-08-14 11:16:00,686.25,663.75,1350.0
2024-08-14 11:17:00,656.25,667.5,1323.75
2024-08-14 11:18:00,641.25,697.5,1338.75
2024-08-14 11:19:00,615.0,832.5,1447.5
2024-08-14 11:20:00,836.25,648.75,1485.0
2024-08-14 11:21:00,772.5,660.0,1432.5
2024-08-14 11:22:00,791.25,660.0,1451.25
2024-08-14 11:23:00,708.75,750.0,1458.75
2024-08-14 11:24:00,656.25,768.75,1425.0
2024-08-14 11:25:00,675.0,768.75,1443.75
2024-08-14 11:26:00,622.5,798.75,1421.25
2024-08-14 11:27:00,622.5,847.5,1470.0
2024-08-14 11:28:00,618.75,828.75,1447.5
2024-08-14 11:29:00,600.0,851.25,1451.25
2024-08-14 11:30:00,555.0,851.25,1406.25
2024-08-14 11:31:00,682.5,828.75,1511.25
2024-08-14 11:32:00,656.25,821.25,1477.5
2024-08-14 11:33:00,675.0,832.5,1507.5
2024-08-14 11:34:00,600.0,900.0,1500.0
2024-08-14 11:35:00,528.75,937.5,1466.25
2024-08-14 11:36:00,596.25,881.25,1477.5
2024-08-14 11:37:00,682.5,847.5,1530.0
2024-08-14 11:38:00,618.75,907.5,1526.25
2024-08-14 11:39:00,660.0,881.25,1541.25
2024-08-14 11:40:00,753.75,828.75,1582.5
2024-08-14 11:41:00,768.75,862.5,1631.25
2024-08-14 11:42:00,828.75,813.75,1642.5
2024-08-14 11:43:00,866.25,840.0,1706.25
2024-08-14 11:44:00,847.5,817.5,1665.0
2024-08-14 11:45:00,821.25,903.75,1725.0
2024-08-14 11:46:00,836.25,851.25,1687.5
2024-08-14 11:47:00,795.0,915.0,1710.0
2024-08-14 11:48:00,832.5,873.75,1706.25
2024-08-14 11:49:00,873.75,821.25,1695.0
2024-08-14 11:50:00,877.5,832.5,1710.0
2024-08-14 11:51:00,806.25,978.75,1785.0
2024-08-14 11:52:00,885.0,933.75,1818.75
2024-08-14 11:53:00,858.75,978.75,1837.5
2024-08-14 11:54:00,900.0,930.0,1830.0
2024-08-14 11:55:00,888.75,986.25,1875.0
2024-08-14 11:56:00,836.25,1065.0,1901.25
2024-08-14 11:57:00,836.25,1068.75,1905.0
2024-08-14 11:58:00,851.25,1061.25,1912.5
2024-08-14 11:59:00,813.75,1098.75,1912.5
2024-08-14 12:00:00,915.0,1042.5,1957.5
2024-08-14 12:01:00,903.75,1083.75,1987.5
2024-08-14 12:02:00,926.25,1068.75,1995.0
2024-08-14 12:03:00,922.5,1076.25,1998.75
2024-08-14 12:04:00,877.5,1151.25,2028.75
2024-08-14 12:05:00,922.5,1147.5,2070.0
2024-08-14 12:06:00,888.75,1211.25,2100.0
2024-08-14 12:07:00,802.5,1275.0,2077.5
2024-08-14 12:08:00,821.25,1267.5,2088.75
2024-08-14 12:09:00,783.75,1282.5,2066.25
2024-08-14 12:10:00,735.0,1305.0,2040.0
2024-08-14 12:11:00,772.5,1263.75,2036.25
2024-08-14 12:12:00,843.75,1252.5,2096.25
2024-08-14 12:13:00,885.0,1252.5,2137.5
2024-08-14 12:14:00,776.25,1305.0,2081.25
2024-08-14 12:15:00,701.25,1331.25,2032.5
2024-08-14 12:16:00,660.0,1316.25,1976.25
2024-08-14 12:17:00,712.5,1301.25,2013.75
2024-08-14 12:18:00,881.25,1260.0,2141.25
2024-08-14 12:19:00,963.75,1215.0,2178.75
2024-08-14 12:20:00,933.75,1230.0,2163.75
2024-08-14 12:21:00,941.25,1215.0,2156.25
2024-08-14 12:22:00,945.0,1211.25,2156.25
2024-08-14 12:23:00,1098.75,1185.0,2283.75
2024-08-14 12:24:00,1050.0,1218.75,2268.75
2024-08-14 12:25:00,1035.0,1203.75,2238.75
2024-08-14 12:26:00,1038.75,1181.25,2220.0
2024-08-14 12:27:00,1038.75,1158.75,2197.5
2024-08-14 12:28:00,960.0,1241.25,2201.25
2024-08-14 12:29:00,1016.25,1192.5,2208.75
2024-08-14 12:30:00,1068.75,1203.75,2272.5
2024-08-14 12:31:00,1155.0,1196.25,2351.25
2024-08-14 12:32:00,1192.5,1136.25,2328.75
2024-08-14 12:33:00,1188.75,1143.75,2332.5
2024-08-14 12:34:00,1143.75,1177.5,2321.25
2024-08-14 12:35:00,1173.75,1158.75,2332.5
2024-08-14 12:36:00,1177.5,1143.75,2321.25
2024-08-14 12:37:00,1185.0,1177.5,2362.5
2024-08-14 12:38:00,1173.75,1170.0,2343.75
2024-08-14 12:39:00,1162.5,1170.0,2332.5
2024-08-14 12:40:00,1162.5,1185.0,2347.5
2024-08-14 12:41:00,1155.0,1155.0,2310.0
2024-08-14 12:42:00,1271.25,1083.75,2355.0
2024-08-14 12:43:00,1275.0,1102.5,2377.5
2024-08-14 12:44:00,1256.25,1192.5,2448.75
2024-08-14 12:45:00,1218.75,1237.5,2456.25
2024-08-14 12:46:00,1192.5,1256.25,2448.75
2024-08-14 12:47:00,1170.0,1263.75,2433.75
2024-08-14 12:48:00,1136.25,1293.75,2430.0
2024-08-14 12:49:00,1170.0,1267.5,2437.5
2024-08-14 12:50:00,1113.75,1293.75,2407.5
2024-08-14 12:51:00,978.75,1372.5,2351.25
2024-08-14 12:52:00,922.5,1323.75,2246.25
2024-08-14 12:53:00,588.75,1331.25,1920.0
2024-08-14 12:54:00,780.0,1353.75,2133.75
2024-08-14 12:55:00,367.5,1458.75,1826.25
2024-08-14 12:56:00,547.5,1443.75,1991.25
2024-08-14 12:57:00,498.75,1443.75,1942.5
2024-08-14 12:58:00,513.75,1455.0,1968.75
2024-08-14 12:59:00,517.5,1496.25,2013.75
2024-08-14 13:00:00,285.0,1526.25,1811.25
2024-08-14 13:01:00,240.0,1533.75,1773.75
2024-08-14 13:02:00,397.5,1500.0,1897.5
2024-08-14 13:03:00,611.25,1492.5,2103.75
2024-08-14 13:04:00,652.5,1537.5,2190.0
2024-08-14 13:05:00,618.75,1507.5,2126.25
2024-08-14 13:06:00,821.25,1481.25,2302.5
2024-08-14 13:07:00,750.0,1488.75,2238.75
2024-08-14 13:08:00,866.25,1485.0,2351.25
2024-08-14 13:09:00,855.0,1481.25,2336.25
2024-08-14 13:10:00,667.5,1533.75,2201.25
2024-08-14 13:11:00,603.75,1530.0,2133.75
2024-08-14 13:12:00,802.5,1496.25,2298.75
2024-08-14 13:13:00,671.25,1530.0,2201.25
2024-08-14 13:14:00,720.0,1515.0,2235.0
2024-08-14 13:15:00,742.5,1526.25,2268.75
2024-08-14 13:16:00,963.75,1485.0,2448.75
2024-08-14 13:17:00,1012.5,1518.75,2531.25
2024-08-14 13:18:00,1121.25,1496.25,2617.5
2024-08-14 13:19:00,1177.5,1492.5,2670.0
2024-08-14 13:20:00,1230.0,1462.5,2692.5
2024-08-14 13:21:00,1342.5,1383.75,2726.25
2024-08-14 13:22:00,1323.75,1383.75,2707.5
2024-08-14 13:23:00,1350.0,1357.5,2707.5
2024-08-14 13:24:00,1365.0,1331.25,2696.25
2024-08-14 13:25:00,1357.5,1361.25,2718.75
2024-08-14 13:26:00,1346.25,1376.25,2722.5
2024-08-14 13:27:00,1387.5,1323.75,2711.25
2024-08-14 13:28:00,1338.75,1365.0,2703.75
2024-08-14 13:29:00,1327.5,1380.0,2707.5
2024-08-14 13:30:00,1361.25,1395.0,2756.25
2024-08-14 13:31:00,1380.0,1402.5,2782.5
2024-08-14 13:32:00,1361.25,1425.0,2786.25
2024-08-14 13:33:00,1361.25,1443.75,2805.0
2024-08-14 13:34:00,1335.0,1507.5,2842.5
2024-08-14 13:35:00,1428.75,1395.0,2823.75
2024-08-14 13:36:00,1417.5,1447.5,2865.0
2024-08-14 13:37:00,1402.5,1496.25,2898.75
2024-08-14 13:38:00,1406.25,1541.25,2947.5
2024-08-14 13:39:00,1488.75,1526.25,3015.0
2024-08-14 13:40:00,1458.75,1616.25,3075.0
2024-08-14 13:41:00,1425.0,1601.25,3026.25
2024-08-14 13:42:00,1425.0,1661.25,3086.25
2024-08-14 13:43:00,1391.25,1695.0,3086.25
2024-08-14 13:44:00,1428.75,1691.25,3120.0
2024-08-14 13:45:00,1443.75,1657.5,3101.25
2024-08-14 13:46:00,1496.25,1631.25,3127.5
2024-08-14 13:47:00,1458.75,1687.5,3146.25
2024-08-14 13:48:00,1481.25,1680.0,3161.25
2024-08-14 13:49:00,1458.75,1676.25,3135.0
2024-08-14 13:50:00,1470.0,1646.25,3116.25
2024-08-14 13:51:00,1488.75,1612.5,3101.25
2024-08-14 13:52:00,1503.75,1605.0,3108.75
2024-08-14 13:53:00,1511.25,1578.75,3090.0
2024-08-14 13:54:00,1507.5,1642.5,3150.0
2024-08-14 13:55:00,1552.5,1601.25,3153.75
2024-08-14 13:56:00,1563.75,1593.75,3157.5
2024-08-14 13:57:00,1612.5,1522.5,3135.0
2024-08-14 13:58:00,1620.0,1571.25,3191.25
2024-08-14 13:59:00,1608.75,1620.0,3228.75
2024-08-14 14:00:00,1590.0,1646.25,3236.25
2024-08-14 14:01:00,1567.5,1668.75,3236.25
2024-08-14 14:02:00,1552.5,1698.75,3251.25
2024-08-14 14:03:00,1556.25,1706.25,3262.5
2024-08-14 14:04:00,1518.75,1710.0,3228.75
2024-08-14 14:05:00,1533.75,1698.75,3232.5
2024-08-14 14:06:00,1530.0,1706.25,3236.25
2024-08-14 14:07:00,1556.25,1725.0,3281.25
2024-08-14 14:08:00,1548.75,1747.5,3296.25
2024-08-14 14:09:00,1537.5,1773.75,3311.25
2024-08-14 14:10:00,1496.25,1811.25,3307.5
2024-08-14 14:11:00,1395.0,1833.75,3228.75
2024-08-14 14:12:00,1436.25,1822.5,3258.75
2024-08-14 14:13:00,1458.75,1811.25,3270.0
2024-08-14 14:14:00,1473.75,1800.0,3273.75
2024-08-14 14:15:00,1447.5,1788.75,3236.25
2024-08-14 14:16:00,1455.0,1785.0,3240.0
2024-08-14 14:17:00,1402.5,1811.25,3213.75
2024-08-14 14:18:00,1335.0,1822.5,3157.5
2024-08-14 14:19:00,1406.25,1792.5,3198.75
2024-08-14 14:20:00,1443.75,1792.5,3236.25
2024-08-14 14:21:00,1496.25,1770.0,3266.25
2024-08-14 14:22:00,1578.75,1770.0,3348.75
2024-08-14 14:23:00,1578.75,1796.25,3375.0
2024-08-14 14:24:00,1646.25,1807.5,3453.75
2024-08-14 14:25:00,1616.25,1792.5,3408.75
2024-08-14 14:26:00,1597.5,1826.25,3423.75
2024-08-14 14:27:00,1612.5,1803.75,3416.25
2024-08-14 14:28:00,1635.0,1800.0,3435.0
2024-08-14 14:29:00,1627.5,1815.0,3442.5
2024-08-14 14:30:00,1638.75,1815.0,3453.75
2024-08-14 14:31:00,1631.25,1818.75,3450.0
2024-08-14 14:32:00,1620.0,1830.0,3450.0
2024-08-14 14:33:00,1631.25,1833.75,3465.0
2024-08-14 14:34:00,1653.75,1845.0,3498.75
2024-08-14 14:35:00,1650.0,1878.75,3528.75
2024-08-14 14:36:00,1650.0,1875.0,3525.0
2024-08-14 14:37:00,1642.5,1867.5,3510.0
2024-08-14 14:38:00,1702.5,1833.75,3536.25
2024-08-14 14:39:00,1732.5,1796.25,3528.75
2024-08-14 14:40:00,1747.5,1736.25,3483.75
2024-08-14 14:41:00,1758.75,1470.0,3228.75
2024-08-14 14:42:00,1755.0,1537.5,3292.5
2024-08-14 14:43:00,1758.75,1661.25,3420.0
2024-08-14 14:44:00,1755.0,1635.0,3390.0
2024-08-14 14:45:00,1740.0,1800.0,3540.0
2024-08-14 14:46:00,1725.0,1796.25,3521.25
2024-08-14 14:47:00,1751.25,1811.25,3562.5
2024-08-14 14:48:00,1766.25,1788.75,3555.0
2024-08-14 14:49:00,1758.75,1830.0,3588.75
2024-08-14 14:50:00,1773.75,1830.0,3603.75
2024-08-14 14:51:00,1781.25,1848.75,3630.0
2024-08-14 14:52:00,1792.5,1807.5,3600.0
2024-08-14 14:53:00,1803.75,1815.0,3618.75
2024-08-14 14:54:00,1792.5,1882.5,3675.0
2024-08-14 14:55:00,1792.5,1905.0,3697.5
2024-08-14 14:56:00,1807.5,1916.25,3723.75
2024-08-14 14:57:00,1807.5,1923.75,3731.25
2024-08-14 14:58:00,1811.25,1905.0,3716.25
2024-08-14 14:59:00,1815.0,1882.5,3697.5
2024-08-14 15:00:00,1818.75,1878.75,3697.5
2024-08-14 15:01:00,1826.25,1860.0,3686.25
2024-08-14 15:02:00,1830.0,1905.0,3735.0
2024-08-14 15:03:00,1830.0,1927.5,3757.5
2024-08-14 15:04:00,1830.0,1942.5,3772.5
2024-08-14 15:05:00,1833.75,1946.25,3780.0
2024-08-14 15:06:00,1833.75,1946.25,3780.0
2024-08-14 15:07:00,1833.75,1942.5,3776.25
2024-08-14 15:08:00,1845.0,1942.5,3787.5
2024-08-14 15:09:00,1841.25,1946.25,3787.5
2024-08-14 15:10:00,1837.5,1953.75,3791.25
2024-08-14 15:11:00,1837.5,1950.0,3787.5
2024-08-14 15:12:00,1848.75,1953.75,3802.5
2024-08-14 15:13:00,1845.0,1953.75,3798.75
2024-08-14 15:14:00,1845.0,1953.75,3798.75
2024-08-14 15:15:00,1848.75,1953.75,3802.5
2024-08-14 15:16:00,1848.75,1950.0,3798.75
2024-08-14 15:17:00,1852.5,1953.75,3806.25
2024-08-14 15:18:00,1852.5,1950.0,3802.5
2024-08-14 15:19:00,1852.5,1950.0,3802.5
2024-08-14 15:20:00,1852.5,1953.75,3806.25
2024-08-14 15:21:00,1852.5,1953.75,3806.25
2024-08-14 15:22:00,1852.5,1953.75,3806.25
2024-08-14 15:23:00,1852.5,1953.75,3806.25
2024-08-14 15:24:00,1852.5,1953.75,3806.25
2024-08-14 15:25:00,1852.5,1953.75,3806.25
2024-08-14 15:26:00,1852.5,1953.75,3806.25
2024-08-14 15:27:00,1852.5,1953.75,3806.25
2024-08-14 15:28:00,1852.5,1953.75,3806.25
2024-08-14 15:29:00,1852.5,1953.75,3806.25
2024-08-14 15:30:00,1852.5,1953.75,3806.25
2024-08-22 10:15:00,0.0,0.0,0.0
2024-08-22 10:16:00,56.25,-97.5,-41.25
2024-08-22 10:17:00,127.5,-183.75,-56.25
2024-08-22 10:18:00,161.25,-183.75,-22.5
2024-08-22 10:19:00,63.75,-67.5,-3.75
2024-08-22 10:20:00,127.5,-105.0,22.5
2024-08-22 10:21:00,116.25,-127.5,-11.25
2024-08-22 10:22:00,116.25,-101.25,15.0
2024-08-22 10:23:00,75.0,30.0,105.0
2024-08-22 10:24:00,191.25,-48.75,142.5
2024-08-22 10:25:00,82.5,146.25,228.75
2024-08-22 10:26:00,63.75,71.25,135.0
2024-08-22 10:27:00,26.25,86.25,112.5
2024-08-22 10:28:00,131.25,45.0,176.25
2024-08-22 10:29:00,243.75,-56.25,187.5
2024-08-22 10:30:00,251.25,86.25,337.5
2024-08-22 10:31:00,243.75,86.25,330.0
2024-08-22 10:32:00,202.5,206.25,408.75
2024-08-22 10:33:00,123.75,277.5,401.25
2024-08-22 10:34:00,3.75,401.25,405.0
2024-08-22 10:35:00,0.0,412.5,412.5
2024-08-22 10:36:00,63.75,375.0,438.75
2024-08-22 10:37:00,75.0,345.0,420.0
2024-08-22 10:38:00,-22.5,480.0,457.5
2024-08-22 10:39:00,-33.75,495.0,461.25
2024-08-22 10:40:00,33.75,468.75,502.5
2024-08-22 10:41:00,18.75,438.75,457.5
2024-08-22 10:42:00,-18.75,461.25,442.5
2024-08-22 10:43:00,-90.0,528.75,438.75
2024-08-22 10:44:00,-176.25,607.5,431.25
2024-08-22 10:45:00,-157.5,600.0,442.5
2024-08-22 10:46:00,-52.5,562.5,510.0
2024-08-22 10:47:00,11.25,570.0,581.25
2024-08-22 10:48:00,33.75,570.0,603.75
2024-08-22 10:49:00,-45.0,588.75,543.75
2024-08-22 10:50:00,-15.0,592.5,577.5
2024-08-22 10:51:00,150.0,551.25,701.25
2024-08-22 10:52:00,93.75,540.0,633.75
2024-08-22 10:53:00,258.75,498.75,757.5
2024-08-22 10:54:00,300.0,453.75,753.75
2024-08-22 10:55:00,232.5,517.5,750.0
2024-08-22 10:56:00,202.5,547.5,750.0
2024-08-22 10:57:00,172.5,566.25,738.75
2024-08-22 10:58:00,228.75,540.0,768.75
2024-08-22 10:59:00,161.25,577.5,738.75
2024-08-22 11:00:00,183.75,573.75,757.5
2024-08-22 11:01:00,183.75,588.75,772.5
2024-08-22 11:02:00,285.0,525.0,810.0
2024-08-22 11:03:00,367.5,446.25,813.75
2024-08-22 11:04:00,311.25,532.5,843.75
2024-08-22 11:05:00,337.5,498.75,836.25
2024-08-22 11:06:00,345.0,468.75,813.75
2024-08-22 11:07:00,345.0,480.0,825.0
2024-08-22 11:08:00,375.0,480.0,855.0
2024-08-22 11:09:00,401.25,495.0,896.25
2024-08-22 11:10:00,348.75,633.75,982.5
2024-08-22 11:11:00,435.0,513.75,948.75
2024-08-22 11:12:00,360.0,592.5,952.5
2024-08-22 11:13:00,315.0,607.5,922.5
2024-08-22 11:14:00,337.5,600.0,937.5
2024-08-22 11:15:00,333.75,611.25,945.0
2024-08-22 11:16:00,303.75,607.5,911.25
2024-08-22 11:17:00,341.25,581.25,922.5
2024-08-22 11:18:00,303.75,600.0,903.75
2024-08-22 11:19:00,416.25,573.75,990.0
2024-08-22 11:20:00,405.0,558.75,963.75
2024-08-22 11:21:00,371.25,615.0,986.25
2024-08-22 11:22:00,330.0,615.0,945.0
2024-08-22 11:23:00,300.0,667.5,967.5
2024-08-22 11:24:00,333.75,633.75,967.5
2024-08-22 11:25:00,337.5,641.25,978.75
2024-08-22 11:26:00,228.75,682.5,911.25
2024-08-22 11:27:00,311.25,652.5,963.75
2024-08-22 11:28:00,311.25,652.5,963.75
2024-08-22 11:29:00,311.25,682.5,993.75
2024-08-22 11:30:00,300.0,742.5,1042.5
2024-08-22 11:31:00,330.0,708.75,1038.75
2024-08-22 11:32:00,337.5,690.0,1027.5
2024-08-22 11:33:00,401.25,656.25,1057.5
2024-08-22 11:34:00,408.75,648.75,1057.5
2024-08-22 11:35:00,378.75,708.75,1087.5
2024-08-22 11:36:00,408.75,697.5,1106.25
2024-08-22 11:37:00,326.25,765.0,1091.25
2024-08-22 11:38:00,386.25,750.0,1136.25
2024-08-22 11:39:00,311.25,783.75,1095.0
2024-08-22 11:40:00,240.0,813.75,1053.75
2024-08-22 11:41:00,-41.25,862.5,821.25
2024-08-22 11:42:00,-213.75,866.25,652.5
2024-08-22 11:43:00,-168.75,881.25,712.5
2024-08-22 11:44:00,-142.5,873.75,731.25
2024-08-22 11:45:00,-123.75,862.5,738.75
2024-08-22 11:46:00,-123.75,862.5,738.75
2024-08-22 11:47:00,-41.25,847.5,806.25
2024-08-22 11:48:00,48.75,825.0,873.75
2024-08-22 11:49:00,26.25,858.75,885.0
2024-08-22 11:50:00,78.75,821.25,900.0
2024-08-22 11:51:00,-30.0,843.75,813.75
2024-08-22 11:52:00,-63.75,840.0,776.25
2024-08-22 11:53:00,7.5,847.5,855.0
2024-08-22 11:54:00,56.25,847.5,903.75
2024-08-22 11:55:00,195.0,840.0,1035.0
2024-08-22 11:56:00,210.0,840.0,1050.0
2024-08-22 11:57:00,116.25,851.25,967.5
2024-08-22 11:58:00,161.25,843.75,1005.0
2024-08-22 11:59:00,195.0,836.25,1031.25
2024-08-22 12:00:00,172.5,855.0,1027.5
2024-08-22 12:01:00,300.0,847.5,1147.5
2024-08-22 12:02:00,266.25,870.0,1136.25
2024-08-22 12:03:00,266.25,858.75,1125.0
2024-08-22 12:04:00,303.75,851.25,1155.0
2024-08-22 12:05:00,330.0,847.5,1177.5
2024-08-22 12:06:00,292.5,866.25,1158.75
2024-08-22 12:07:00,311.25,851.25,1162.5
2024-08-22 12:08:00,277.5,862.5,1140.0
2024-08-22 12:09:00,213.75,877.5,1091.25
2024-08-22 12:10:00,240.0,870.0,1110.0
2024-08-22 12:11:00,453.75,870.0,1323.75
2024-08-22 12:12:00,412.5,862.5,1275.0
2024-08-22 12:13:00,472.5,832.5,1305.0
2024-08-22 12:14:00,483.75,821.25,1305.0
2024-08-22 12:15:00,412.5,855.0,1267.5
2024-08-22 12:16:00,412.5,847.5,1260.0
2024-08-22 12:17:00,446.25,825.0,1271.25
2024-08-22 12:18:00,405.0,873.75,1278.75
2024-08-22 12:19:00,420.0,843.75,1263.75
2024-08-22 12:20:00,438.75,836.25,1275.0
2024-08-22 12:21:00,431.25,836.25,1267.5
2024-08-22 12:22:00,412.5,847.5,1260.0
2024-08-22 12:23:00,386.25,888.75,1275.0
2024-08-22 12:24:00,375.0,862.5,1237.5
2024-08-22 12:25:00,431.25,851.25,1282.5
2024-08-22 12:26:00,375.0,862.5,1237.5
2024-08-22 12:27:00,356.25,870.0,1226.25
2024-08-22 12:28:00,397.5,866.25,1263.75
2024-08-22 12:29:00,540.0,855.0,1395.0
2024-08-22 12:30:00,600.0,843.75,1443.75
2024-08-22 12:31:00,585.0,843.75,1428.75
2024-08-22 12:32:00,551.25,843.75,1395.0
2024-08-22 12:33:00,566.25,847.5,1413.75
2024-08-22 12:34:00,592.5,843.75,1436.25
2024-08-22 12:35:00,573.75,873.75,1447.5
2024-08-22 12:36:00,502.5,930.0,1432.5
2024-08-22 12:37:00,543.75,900.0,1443.75
2024-08-22 12:38:00,555.0,900.0,1455.0
2024-08-22 12:39:00,600.0,888.75,1488.75
2024-08-22 12:40:00,600.0,877.5,1477.5
2024-08-22 12:41:00,566.25,881.25,1447.5
2024-08-22 12:42:00,581.25,881.25,1462.5
2024-08-22 12:43:00,562.5,903.75,1466.25
2024-08-22 12:44:00,581.25,888.75,1470.0
2024-08-22 12:45:00,570.0,896.25,1466.25
2024-08-22 12:46:00,532.5,892.5,1425.0
2024-08-22 12:47:00,528.75,900.0,1428.75
2024-08-22 12:48:00,573.75,896.25,1470.0
2024-08-22 12:49:00,551.25,903.75,1455.0
2024-08-22 12:50:00,525.0,926.25,1451.25
2024-08-22 12:51:00,558.75,933.75,1492.5
2024-08-22 12:52:00,506.25,990.0,1496.25
2024-08-22 12:53:00,483.75,982.5,1466.25
2024-08-22 12:54:00,532.5,982.5,1515.0
2024-08-22 12:55:00,487.5,1016.25,1503.75
2024-08-22 12:56:00,510.0,990.0,1500.0
2024-08-22 12:57:00,581.25,975.0,1556.25
2024-08-22 12:58:00,648.75,971.25,1620.0
2024-08-22 12:59:00,652.5,967.5,1620.0
2024-08-22 13:00:00,652.5,975.0,1627.5
2024-08-22 13:01:00,753.75,963.75,1717.5
2024-08-22 13:02:00,817.5,945.0,1762.5
2024-08-22 13:03:00,832.5,922.5,1755.0
2024-08-22 13:04:00,937.5,742.5,1680.0
2024-08-22 13:05:00,952.5,768.75,1721.25
2024-08-22 13:06:00,926.25,731.25,1657.5
2024-08-22 13:07:00,873.75,817.5,1691.25
2024-08-22 13:08:00,862.5,738.75,1601.25
2024-08-22 13:09:00,881.25,716.25,1597.5
2024-08-22 13:10:00,885.0,723.75,1608.75
2024-08-22 13:11:00,888.75,671.25,1560.0
2024-08-22 13:12:00,900.0,585.0,1485.0
2024-08-22 13:13:00,888.75,618.75,1507.5
2024-08-22 13:14:00,881.25,667.5,1548.75
2024-08-22 13:15:00,866.25,776.25,1642.5
2024-08-22 13:16:00,847.5,723.75,1571.25
2024-08-22 13:17:00,855.0,723.75,1578.75
2024-08-22 13:18:00,832.5,765.0,1597.5
2024-08-22 13:19:00,791.25,888.75,1680.0
2024-08-22 13:20:00,783.75,885.0,1668.75
2024-08-22 13:21:00,843.75,855.0,1698.75
2024-08-22 13:22:00,806.25,851.25,1657.5
2024-08-22 13:23:00,806.25,900.0,1706.25
2024-08-22 13:24:00,847.5,866.25,1713.75
2024-08-22 13:25:00,862.5,877.5,1740.0
2024-08-22 13:26:00,918.75,885.0,1803.75
2024-08-22 13:27:00,952.5,821.25,1773.75
2024-08-22 13:28:00,933.75,855.0,1788.75
2024-08-22 13:29:00,941.25,817.5,1758.75
2024-08-22 13:30:00,941.25,832.5,1773.75
2024-08-22 13:31:00,933.75,881.25,1815.0
2024-08-22 13:32:00,922.5,900.0,1822.5
2024-08-22 13:33:00,926.25,896.25,1822.5
2024-08-22 13:34:00,948.75,870.0,1818.75
2024-08-22 13:35:00,967.5,866.25,1833.75
2024-08-22 13:36:00,948.75,877.5,1826.25
2024-08-22 13:37:00,937.5,881.25,1818.75
2024-08-22 13:38:00,937.5,877.5,1815.0
2024-08-22 13:39:00,941.25,881.25,1822.5
2024-08-22 13:40:00,960.0,873.75,1833.75
2024-08-22 13:41:00,941.25,877.5,1818.75
2024-08-22 13:42:00,933.75,881.25,1815.0
2024-08-22 13:43:00,930.0,896.25,1826.25
2024-08-22 13:44:00,933.75,918.75,1852.5
2024-08-22 13:45:00,866.25,990.0,1856.25
2024-08-22 13:46:00,806.25,990.0,1796.25
2024-08-22 13:47:00,776.25,1020.0,1796.25
2024-08-22 13:48:00,723.75,1023.75,1747.5
2024-08-22 13:49:00,787.5,1012.5,1800.0
2024-08-22 13:50:00,780.0,1016.25,1796.25
2024-08-22 13:51:00,843.75,1005.0,1848.75
2024-08-22 13:52:00,873.75,1005.0,1878.75
2024-08-22 13:53:00,888.75,1005.0,1893.75
2024-08-22 13:54:00,892.5,1008.75,1901.25
2024-08-22 13:55:00,911.25,1005.0,1916.25
2024-08-22 13:56:00,881.25,1016.25,1897.5
2024-08-22 13:57:00,870.0,1027.5,1897.5
2024-08-22 13:58:00,911.25,1016.25,1927.5
2024-08-22 13:59:00,926.25,1012.5,1938.75
2024-08-22 14:00:00,930.0,1027.5,1957.5
2024-08-22 14:01:00,911.25,1016.25,1927.5
2024-08-22 14:02:00,956.25,1016.25,1972.5
2024-08-22 14:03:00,945.0,1023.75,1968.75
2024-08-22 14:04:00,960.0,1020.0,1980.0
2024-08-22 14:05:00,963.75,1020.0,1983.75
2024-08-22 14:06:00,1005.0,1008.75,2013.75
2024-08-22 14:07:00,1061.25,990.0,2051.25
2024-08-22 14:08:00,1020.0,1016.25,2036.25
2024-08-22 14:09:00,1027.5,1012.5,2040.0
2024-08-22 14:10:00,1016.25,1008.75,2025.0
2024-08-22 14:11:00,986.25,1038.75,2025.0
2024-08-22 14:12:00,975.0,1031.25,2006.25
2024-08-22 14:13:00,907.5,1065.0,1972.5
2024-08-22 14:14:00,840.0,1072.5,1912.5
2024-08-22 14:15:00,911.25,1065.0,1976.25
2024-08-22 14:16:00,967.5,1065.0,2032.5
2024-08-22 14:17:00,990.0,1061.25,2051.25
2024-08-22 14:18:00,986.25,1065.0,2051.25
2024-08-22 14:19:00,1005.0,1057.5,2062.5
2024-08-22 14:20:00,1016.25,1053.75,2070.0
2024-08-22 14:21:00,1076.25,1038.75,2115.0
2024-08-22 14:22:00,1042.5,1046.25,2088.75
2024-08-22 14:23:00,1065.0,1042.5,2107.5
2024-08-22 14:24:00,1061.25,1046.25,2107.5
2024-08-22 14:25:00,1072.5,1038.75,2111.25
2024-08-22 14:26:00,1087.5,1031.25,2118.75
2024-08-22 14:27:00,1106.25,1020.0,2126.25
2024-08-22 14:28:00,1140.0,1008.75,2148.75
2024-08-22 14:29:00,1147.5,975.0,2122.5
2024-08-22 14:30:00,1110.0,1016.25,2126.25
2024-08-22 14:31:00,1132.5,997.5,2130.0
2024-08-22 14:32:00,1121.25,1008.75,2130.0
2024-08-22 14:33:00,1181.25,945.0,2126.25
2024-08-22 14:34:00,1151.25,963.75,2115.0
2024-08-22 14:35:00,1128.75,1027.5,2156.25
2024-08-22 14:36:00,1087.5,1061.25,2148.75
2024-08-22 14:37:00,1080.0,1061.25,2141.25
2024-08-22 14:38:00,1091.25,1068.75,2160.0
2024-08-22 14:39:00,1136.25,1057.5,2193.75
2024-08-22 14:40:00,1166.25,1023.75,2190.0
2024-08-22 14:41:00,1140.0,1050.0,2190.0
2024-08-22 14:42:00,1143.75,1053.75,2197.5
2024-08-22 14:43:00,1162.5,1065.0,2227.5
2024-08-22 14:44:00,1173.75,1065.0,2238.75
2024-08-22 14:45:00,1177.5,1068.75,2246.25
2024-08-22 14:46:00,1170.0,1080.0,2250.0
2024-08-22 14:47:00,1155.0,1080.0,2235.0
2024-08-22 14:48:00,1162.5,1087.5,2250.0
2024-08-22 14:49:00,1196.25,1072.5,2268.75
2024-08-22 14:50:00,1207.5,1087.5,2295.0
2024-08-22 14:51:00,1233.75,1080.0,2313.75
2024-08-22 14:52:00,1233.75,1098.75,2332.5
2024-08-22 14:53:00,1245.0,1095.0,2340.0
2024-08-22 14:54:00,1245.0,1113.75,2358.75
2024-08-22 14:55:00,1245.0,1117.5,2362.5
2024-08-22 14:56:00,1245.0,1117.5,2362.5
2024-08-22 14:57:00,1252.5,1121.25,2373.75
2024-08-22 14:58:00,1256.25,1125.0,2381.25
2024-08-22 14:59:00,1282.5,1132.5,2415.0
2024-08-22 15:00:00,1278.75,1132.5,2411.25
2024-08-22 15:01:00,1286.25,1132.5,2418.75
2024-08-22 15:02:00,1297.5,1140.0,2437.5
2024-08-22 15:03:00,1301.25,1140.0,2441.25
2024-08-22 15:04:00,1297.5,1147.5,2445.0
2024-08-22 15:05:00,1305.0,1151.25,2456.25
2024-08-22 15:06:00,1308.75,1147.5,2456.25
2024-08-22 15:07:00,1308.75,1155.0,2463.75
2024-08-22 15:08:00,1305.0,1155.0,2460.0
2024-08-22 15:09:00,1308.75,1151.25,2460.0
2024-08-22 15:10:00,1308.75,1155.0,2463.75
2024-08-22 15:11:00,1312.5,1155.0,2467.5
2024-08-22 15:12:00,1308.75,1151.25,2460.0
2024-08-22 15:13:00,1308.75,1151.25,2460.0
2024-08-22 15:14:00,1308.75,1155.0,2463.75
2024-08-22 15:15:00,1308.75,1155.0,2463.75
2024-08-22 15:16:00,1308.75,1151.25,2460.0
2024-08-22 15:17:00,1308.75,1158.75,2467.5
2024-08-22 15:18:00,1308.75,1155.0,2463.75
2024-08-22 15:19:00,1308.75,1155.0,2463.75
2024-08-22 15:20:00,1308.75,1155.0,2463.75
2024-08-22 15:21:00,1308.75,1155.0,2463.75
2024-08-22 15:22:00,1308.75,1155.0,2463.75
2024-08-22 15:23:00,1308.75,1155.0,2463.75
2024-08-22 15:24:00,1308.75,1155.0,2463.75
2024-08-22 15:25:00,1308.75,1155.0,2463.75
2024-08-22 15:26:00,1308.75,1155.0,2463.75
2024-08-22 15:27:00,1308.75,1155.0,2463.75
2024-08-22 15:28:00,1308.75,1155.0,2463.75
2024-08-22 15:29:00,1308.75,1155.0,2463.75
2024-08-22 15:30:00,1308.75,1155.0,2463.75
2024-08-29 10:15:00,0.0,0.0,0.0
2024-08-29 10:16:00,0.0,3.75,3.75
2024-08-29 10:17:00,97.5,-7.5,90.0
2024-08-29 10:18:00,120.0,30.0,150.0
2024-08-29 10:19:00,408.75,-86.25,322.5
2024-08-29 10:20:00,431.25,67.5,498.75
2024-08-29 10:21:00,225.0,281.25,506.25
2024-08-29 10:22:00,157.5,341.25,498.75
2024-08-29 10:23:00,153.75,420.0,573.75
2024-08-29 10:24:00,213.75,423.75,637.5
2024-08-29 10:25:00,382.5,363.75,746.25
2024-08-29 10:26:00,210.0,483.75,693.75
2024-08-29 10:27:00,105.0,615.0,720.0
2024-08-29 10:28:00,183.75,596.25,780.0
2024-08-29 10:29:00,161.25,671.25,832.5
2024-08-29 10:30:00,176.25,701.25,877.5
2024-08-29 10:31:00,318.75,652.5,971.25
2024-08-29 10:32:00,172.5,753.75,926.25
2024-08-29 10:33:00,157.5,795.0,952.5
2024-08-29 10:34:00,236.25,742.5,978.75
2024-08-29 10:35:00,225.0,787.5,1012.5
2024-08-29 10:36:00,285.0,738.75,1023.75
2024-08-29 10:37:00,412.5,645.0,1057.5
2024-08-29 10:38:00,543.75,592.5,1136.25
2024-08-29 10:39:00,536.25,633.75,1170.0
2024-08-29 10:40:00,708.75,465.0,1173.75
2024-08-29 10:41:00,708.75,513.75,1222.5
2024-08-29 10:42:00,611.25,630.0,1241.25
2024-08-29 10:43:00,731.25,427.5,1158.75
2024-08-29 10:44:00,708.75,491.25,1200.0
2024-08-29 10:45:00,648.75,592.5,1241.25
2024-08-29 10:46:00,558.75,690.0,1248.75
2024-08-29 10:47:00,720.0,521.25,1241.25
2024-08-29 10:48:00,663.75,611.25,1275.0
2024-08-29 10:49:00,663.75,603.75,1267.5
2024-08-29 10:50:00,615.0,652.5,1267.5
2024-08-29 10:51:00,720.0,592.5,1312.5
2024-08-29 10:52:00,982.5,356.25,1338.75
2024-08-29 10:53:00,993.75,345.0,1338.75
2024-08-29 10:54:00,937.5,468.75,1406.25
2024-08-29 10:55:00,862.5,558.75,1421.25
2024-08-29 10:56:00,990.0,412.5,1402.5
2024-08-29 10:57:00,1087.5,348.75,1436.25
2024-08-29 10:58:00,1177.5,270.0,1447.5
2024-08-29 10:59:00,1125.0,326.25,1451.25
2024-08-29 11:00:00,1057.5,491.25,1548.75
2024-08-29 11:01:00,1065.0,487.5,1552.5
2024-08-29 11:02:00,1057.5,480.0,1537.5
2024-08-29 11:03:00,941.25,641.25,1582.5
2024-08-29 11:04:00,1057.5,517.5,1575.0
2024-08-29 11:05:00,978.75,577.5,1556.25
2024-08-29 11:06:00,937.5,547.5,1485.0
2024-08-29 11:07:00,1042.5,446.25,1488.75
2024-08-29 11:08:00,915.0,577.5,1492.5
2024-08-29 11:09:00,862.5,641.25,1503.75
2024-08-29 11:10:00,802.5,720.0,1522.5
2024-08-29 11:11:00,806.25,671.25,1477.5
2024-08-29 11:12:00,750.0,708.75,1458.75
2024-08-29 11:13:00,697.5,753.75,1451.25
2024-08-29 11:14:00,750.0,701.25,1451.25
2024-08-29 11:15:00,802.5,738.75,1541.25
2024-08-29 11:16:00,851.25,678.75,1530.0
2024-08-29 11:17:00,787.5,731.25,1518.75
2024-08-29 11:18:00,705.0,765.0,1470.0
2024-08-29 11:19:00,716.25,761.25,1477.5
2024-08-29 11:20:00,690.0,806.25,1496.25
2024-08-29 11:21:00,697.5,918.75,1616.25
2024-08-29 11:22:00,701.25,888.75,1590.0
2024-08-29 11:23:00,881.25,810.0,1691.25
2024-08-29 11:24:00,903.75,765.0,1668.75
2024-08-29 11:25:00,918.75,783.75,1702.5
2024-08-29 11:26:00,911.25,768.75,1680.0
2024-08-29 11:27:00,993.75,746.25,1740.0
2024-08-29 11:28:00,948.75,817.5,1766.25
2024-08-29 11:29:00,821.25,847.5,1668.75
2024-08-29 11:30:00,903.75,813.75,1717.5
2024-08-29 11:31:00,907.5,817.5,1725.0
2024-08-29 11:32:00,982.5,750.0,1732.5
2024-08-29 11:33:00,960.0,753.75,1713.75
2024-08-29 11:34:00,866.25,817.5,1683.75
2024-08-29 11:35:00,892.5,828.75,1721.25
2024-08-29 11:36:00,952.5,765.0,1717.5
2024-08-29 11:37:00,1008.75,750.0,1758.75
2024-08-29 11:38:00,1087.5,678.75,1766.25
2024-08-29 11:39:00,1095.0,678.75,1773.75
2024-08-29 11:40:00,1196.25,618.75,1815.0
2024-08-29 11:41:00,1267.5,626.25,1893.75
2024-08-29 11:42:00,1308.75,570.0,1878.75
2024-08-29 11:43:00,1282.5,543.75,1826.25
2024-08-29 11:44:00,1263.75,566.25,1830.0
2024-08-29 11:45:00,1380.0,465.0,1845.0
2024-08-29 11:46:00,1376.25,461.25,1837.5
2024-08-29 11:47:00,1308.75,600.0,1908.75
2024-08-29 11:48:00,1342.5,528.75,1871.25
2024-08-29 11:49:00,1413.75,450.0,1863.75
2024-08-29 11:50:00,1458.75,476.25,1935.0
2024-08-29 11:51:00,1545.0,292.5,1837.5
2024-08-29 11:52:00,1593.75,318.75,1912.5
2024-08-29 11:53:00,1695.0,202.5,1897.5
2024-08-29 11:54:00,1668.75,266.25,1935.0
2024-08-29 11:55:00,1650.0,401.25,2051.25
2024-08-29 11:56:00,1623.75,375.0,1998.75
2024-08-29 11:57:00,1635.0,296.25,1931.25
2024-08-29 11:58:00,1605.0,423.75,2028.75
2024-08-29 11:59:00,1631.25,285.0,1916.25
2024-08-29 12:00:00,1590.0,551.25,2141.25
2024-08-29 12:01:00,1608.75,495.0,2103.75
2024-08-29 12:02:00,1653.75,363.75,2017.5
2024-08-29 12:03:00,1638.75,375.0,2013.75
2024-08-29 12:04:00,1646.25,307.5,1953.75
2024-08-29 12:05:00,1635.0,356.25,1991.25
2024-08-29 12:06:00,1620.0,356.25,1976.25
2024-08-29 12:07:00,1586.25,453.75,2040.0
2024-08-29 12:08:00,1526.25,690.0,2216.25
2024-08-29 12:09:00,1477.5,791.25,2268.75
2024-08-29 12:10:00,1473.75,772.5,2246.25
2024-08-29 12:11:00,1406.25,851.25,2257.5
2024-08-29 12:12:00,1447.5,810.0,2257.5
2024-08-29 12:13:00,1451.25,795.0,2246.25
2024-08-29 12:14:00,1455.0,791.25,2246.25
2024-08-29 12:15:00,1458.75,795.0,2253.75
2024-08-29 12:16:00,1402.5,896.25,2298.75
2024-08-29 12:17:00,1417.5,858.75,2276.25
2024-08-29 12:18:00,1406.25,843.75,2250.0
2024-08-29 12:19:00,1432.5,813.75,2246.25
2024-08-29 12:20:00,1417.5,907.5,2325.0
2024-08-29 12:21:00,1443.75,881.25,2325.0
2024-08-29 12:22:00,1308.75,1087.5,2396.25
2024-08-29 12:23:00,1233.75,1087.5,2321.25
2024-08-29 12:24:00,1245.0,1061.25,2306.25
2024-08-29 12:25:00,1260.0,1016.25,2276.25
2024-08-29 12:26:00,1076.25,1023.75,2100.0
2024-08-29 12:27:00,1095.0,1038.75,2133.75
2024-08-29 12:28:00,1068.75,1012.5,2081.25
2024-08-29 12:29:00,-360.0,1098.75,738.75
2024-08-29 12:30:00,-888.75,1391.25,502.5
2024-08-29 12:31:00,-667.5,1331.25,663.75
2024-08-29 12:32:00,-2062.5,1458.75,-603.75
2024-08-29 12:33:00,-1980.0,1458.75,-521.25
2024-08-29 12:34:00,-1511.25,1425.0,-86.25
2024-08-29 12:35:00,-1297.5,1417.5,120.0
2024-08-29 12:36:00,-1833.75,1335.0,-498.75
2024-08-29 12:37:00,-2358.75,1522.5,-836.25
2024-08-29 12:38:00,-1968.75,1515.0,-453.75
2024-08-29 12:39:00,-1706.25,1425.0,-281.25
2024-08-29 12:40:00,-1957.5,1458.75,-498.75
2024-08-29 12:41:00,-1653.75,1376.25,-277.5
2024-08-29 12:42:00,-1372.5,1286.25,-86.25
2024-08-29 12:43:00,-1571.25,1365.0,-206.25
2024-08-29 12:44:00,-1646.25,1402.5,-243.75
2024-08-29 12:45:00,-1440.0,1380.0,-60.0
2024-08-29 12:46:00,-1432.5,1365.0,-67.5
2024-08-29 12:47:00,-1582.5,1425.0,-157.5
2024-08-29 12:48:00,-1395.0,1395.0,0.0
2024-08-29 12:49:00,-1500.0,1451.25,-48.75
2024-08-29 12:50:00,-1380.0,1455.0,75.0
2024-08-29 12:51:00,-1563.75,1485.0,-78.75
2024-08-29 12:52:00,-1376.25,1402.5,26.25
2024-08-29 12:53:00,-896.25,1222.5,326.25
2024-08-29 12:54:00,-1098.75,1361.25,262.5
2024-08-29 12:55:00,-1076.25,1398.75,322.5
2024-08-29 12:56:00,-731.25,1173.75,442.5
2024-08-29 12:57:00,-907.5,1226.25,318.75
2024-08-29 12:58:00,-1166.25,1353.75,187.5
2024-08-29 12:59:00,-753.75,1162.5,408.75
2024-08-29 13:00:00,-656.25,1102.5,446.25
2024-08-29 13:01:00,-742.5,1263.75,521.25
2024-08-29 13:02:00,-892.5,1357.5,465.0
2024-08-29 13:03:00,-1016.25,1575.0,558.75
2024-08-29 13:04:00,-855.0,1462.5,607.5
2024-08-29 13:05:00,-1053.75,1605.0,551.25
2024-08-29 13:06:00,-1173.75,1530.0,356.25
2024-08-29 13:07:00,-1158.75,1563.75,405.0
2024-08-29 13:08:00,-1342.5,1623.75,281.25
2024-08-29 13:09:00,-888.75,1425.0,536.25
2024-08-29 13:10:00,-888.75,1462.5,573.75
2024-08-29 13:11:00,-1113.75,1578.75,465.0
2024-08-29 13:12:00,-1312.5,1616.25,303.75
2024-08-29 13:13:00,-1215.0,1578.75,363.75
2024-08-29 13:14:00,-1121.25,1597.5,476.25
2024-08-29 13:15:00,-1305.0,1620.0,315.0
2024-08-29 13:16:00,-1091.25,1462.5,371.25
2024-08-29 13:17:00,-1083.75,1455.0,371.25
2024-08-29 13:18:00,-1323.75,1560.0,236.25
2024-08-29 13:19:00,-1331.25,1481.25,150.0
2024-08-29 13:20:00,-1353.75,1458.75,105.0
2024-08-29 13:21:00,-1368.75,1473.75,105.0
2024-08-29 13:22:00,-1882.5,1455.0,-427.5
2024-08-29 13:23:00,-1533.75,1353.75,-180.0
2024-08-29 13:24:00,-1477.5,1301.25,-176.25
2024-08-29 13:25:00,-1721.25,1447.5,-273.75
2024-08-29 13:26:00,-1451.25,1252.5,-198.75
2024-08-29 13:27:00,-1278.75,1151.25,-127.5
2024-08-29 13:28:00,-1391.25,1308.75,-82.5
2024-08-29 13:29:00,-1443.75,1350.0,-93.75
2024-08-29 13:30:00,-1256.25,1263.75,7.5
2024-08-29 13:31:00,-1155.0,1057.5,-97.5
2024-08-29 13:32:00,-1155.0,1080.0,-75.0
2024-08-29 13:33:00,-1481.25,1263.75,-217.5
2024-08-29 13:34:00,-1282.5,1083.75,-198.75
2024-08-29 13:35:00,-603.75,-180.0,-783.75
2024-08-29 13:36:00,-648.75,457.5,-191.25
2024-08-29 13:37:00,-562.5,611.25,48.75
2024-08-29 13:38:00,-416.25,465.0,48.75
2024-08-29 13:39:00,-416.25,472.5,56.25
2024-08-29 13:40:00,-210.0,288.75,78.75
2024-08-29 13:41:00,-221.25,-7.5,-228.75
2024-08-29 13:42:00,-435.0,315.0,-120.0
2024-08-29 13:43:00,-562.5,573.75,11.25
2024-08-29 13:44:00,-1166.25,1110.0,-56.25
2024-08-29 13:45:00,-851.25,945.0,93.75
2024-08-29 13:46:00,-750.0,997.5,247.5
2024-08-29 13:47:00,-963.75,1113.75,150.0
2024-08-29 13:48:00,-1057.5,1125.0,67.5
2024-08-29 13:49:00,-982.5,1020.0,37.5
2024-08-29 13:50:00,-615.0,645.0,30.0
2024-08-29 13:51:00,-641.25,645.0,3.75
2024-08-29 13:52:00,-510.0,510.0,0.0
2024-08-29 13:53:00,-453.75,393.75,-60.0
2024-08-29 13:54:00,-566.25,472.5,-93.75
2024-08-29 13:55:00,-960.0,881.25,-78.75
2024-08-29 13:56:00,-645.0,517.5,-127.5
2024-08-29 13:57:00,-888.75,795.0,-93.75
2024-08-29 13:58:00,-611.25,543.75,-67.5
2024-08-29 13:59:00,-581.25,363.75,-217.5
2024-08-29 14:00:00,-390.0,288.75,-101.25
2024-08-29 14:01:00,-618.75,622.5,3.75
2024-08-29 14:02:00,-288.75,-333.75,-622.5
2024-08-29 14:03:00,191.25,-4710.0,-4518.75
2024-08-29 14:04:00,978.75,-9356.25,-8377.5
2024-08-29 14:05:00,1357.5,-12543.75,-11186.25
2024-08-29 14:06:00,847.5,-12573.75,-11726.25
2024-08-29 14:07:00,1068.75,-12075.0,-11006.25
2024-08-29 14:08:00,1042.5,-11193.75,-10151.25
2024-08-29 14:09:00,1451.25,-11002.5,-9551.25
2024-08-29 14:10:00,1627.5,-10766.25,-9138.75
2024-08-29 14:11:00,1215.0,-10076.25,-8861.25
2024-08-29 14:12:00,37.5,-9281.25,-9243.75
2024-08-29 14:13:00,-1545.0,-8403.75,-9948.75
2024-08-29 14:14:00,-138.75,-8621.25,-8760.0
2024-08-29 14:15:00,-168.75,-8298.75,-8467.5
2024-08-29 14:16:00,52.5,-8246.25,-8193.75
2024-08-29 14:17:00,-945.0,-7897.5,-8842.5
2024-08-29 14:18:00,270.0,-8460.0,-8190.0
2024-08-29 14:19:00,581.25,-8700.0,-8118.75
2024-08-29 14:20:00,247.5,-8235.0,-7987.5
2024-08-29 14:21:00,622.5,-8576.25,-7953.75
2024-08-29 14:22:00,2182.5,-10901.25,-8718.75
2024-08-29 14:23:00,2392.5,-10556.25,-8163.75
2024-08-29 14:24:00,2801.25,-11160.0,-8358.75
2024-08-29 14:25:00,2966.25,-11486.25,-8520.0
2024-08-29 14:26:00,2880.0,-10837.5,-7957.5
2024-08-29 14:27:00,2748.75,-10687.5,-7938.75
2024-08-29 14:28:00,2655.0,-10455.0,-7800.0
2024-08-29 14:29:00,2820.0,-10353.75,-7533.75
2024-08-29 14:30:00,2696.25,-9948.75,-7252.5
2024-08-29 14:31:00,2741.25,-9918.75,-7177.5
2024-08-29 14:32:00,2853.75,-9731.25,-6877.5
2024-08-29 14:33:00,2666.25,-9810.0,-7143.75
2024-08-29 14:34:00,2313.75,-9667.5,-7353.75
2024-08-29 14:35:00,2812.5,-10496.25,-7683.75
2024-08-29 14:36:00,2876.25,-10665.0,-7788.75
2024-08-29 14:37:00,1792.5,-9225.0,-7432.5
2024-08-29 14:38:00,2538.75,-9772.5,-7233.75
2024-08-29 14:39:00,2910.0,-10282.5,-7372.5
2024-08-29 14:40:00,3033.75,-10402.5,-7368.75
2024-08-29 14:41:00,3003.75,-10323.75,-7320.0
2024-08-29 14:42:00,3157.5,-10710.0,-7552.5
2024-08-29 14:43:00,3517.5,-11505.0,-7987.5
2024-08-29 14:44:00,3401.25,-10665.0,-7263.75
2024-08-29 14:45:00,3333.75,-10500.0,-7166.25
2024-08-29 14:46:00,3307.5,-10537.5,-7230.0
2024-08-29 14:47:00,3273.75,-10068.75,-6795.0
2024-08-29 14:48:00,3476.25,-10207.5,-6731.25
2024-08-29 14:49:00,3645.0,-10158.75,-6513.75
2024-08-29 14:50:00,3232.5,-9270.0,-6037.5
2024-08-29 14:51:00,3701.25,-9720.0,-6018.75
2024-08-29 14:52:00,3686.25,-9213.75,-5527.5
2024-08-29 14:53:00,2913.75,-8467.5,-5553.75
2024-08-29 14:54:00,-5025.0,-7526.25,-12551.25
2024-08-29 14:55:00,-4215.0,-7372.5,-11587.5
2024-08-29 14:56:00,-5508.75,-6536.25,-12045.0
2024-08-29 14:57:00,-7466.25,-6345.0,-13811.25
2024-08-29 14:58:00,-4848.75,-6491.25,-11340.0
2024-08-29 14:59:00,-5197.5,-6150.0,-11347.5
2024-08-29 15:00:00,-5302.5,-6086.25,-11388.75
2024-08-29 15:01:00,-4886.25,-5865.0,-10751.25
2024-08-29 15:02:00,-5463.75,-5692.5,-11156.25
2024-08-29 15:03:00,-4522.5,-5681.25,-10203.75
2024-08-29 15:04:00,-5602.5,-5640.0,-11242.5
2024-08-29 15:05:00,-5388.75,-5643.75,-11032.5
2024-08-29 15:06:00,-5452.5,-5647.5,-11100.0
2024-08-29 15:07:00,-4623.75,-5643.75,-10267.5
2024-08-29 15:08:00,-4110.0,-5636.25,-9746.25
2024-08-29 15:09:00,-3693.75,-5636.25,-9330.0
2024-08-29 15:10:00,-3697.5,-5606.25,-9303.75
2024-08-29 15:11:00,-3348.75,-5580.0,-8928.75
2024-08-29 15:12:00,-3348.75,-5580.0,-8928.75
2024-08-29 15:13:00,-2857.5,-5583.75,-8441.25
2024-08-29 15:14:00,-2542.5,-5580.0,-8122.5
2024-08-29 15:15:00,-2175.0,-5572.5,-7747.5
2024-08-29 15:16:00,-2580.0,-5557.5,-8137.5
2024-08-29 15:17:00,-2520.0,-5546.25,-8066.25
2024-08-29 15:18:00,-2111.25,-5546.25,-7657.5
2024-08-29 15:19:00,-2047.5,-5550.0,-7597.5
2024-08-29 15:20:00,-2032.5,-5546.25,-7578.75
2024-08-29 15:21:00,-2032.5,-5546.25,-7578.75
2024-08-29 15:22:00,-2032.5,-5546.25,-7578.75
2024-08-29 15:23:00,-2032.5,-5546.25,-7578.75
2024-08-29 15:24:00,-2032.5,-5546.25,-7578.75
2024-08-29 15:25:00,-2032.5,-5546.25,-7578.75
2024-08-29 15:26:00,-2032.5,-5546.25,-7578.75
2024-08-29 15:27:00,-2032.5,-5546.25,-7578.75
2024-08-29 15:28:00,-2032.5,-5546.25,-7578.75
2024-08-29 15:29:00,-2032.5,-5546.25,-7578.75
2024-08-29 15:30:00,-2032.5,-5546.25,-7578.75
2024-09-05 10:15:00,0.0,0.0,0.0
2024-09-05 10:16:00,-56.25,116.25,60.0
2024-09-05 10:17:00,30.0,-52.5,-22.5
2024-09-05 10:18:00,105.0,-142.5,-37.5
2024-09-05 10:19:00,26.25,-41.25,-15.0
2024-09-05 10:20:00,-45.0,97.5,52.5
2024-09-05 10:21:00,-7.5,22.5,15.0
2024-09-05 10:22:00,52.5,-90.0,-37.5
2024-09-05 10:23:00,33.75,-22.5,11.25
2024-09-05 10:24:00,37.5,-60.0,-22.5
2024-09-05 10:25:00,131.25,-307.5,-176.25
2024-09-05 10:26:00,105.0,-393.75,-288.75
2024-09-05 10:27:00,7.5,-266.25,-258.75
2024-09-05 10:28:00,52.5,-461.25,-408.75
2024-09-05 10:29:00,56.25,-472.5,-416.25
2024-09-05 10:30:00,172.5,-1773.75,-1601.25
2024-09-05 10:31:00,311.25,-1080.0,-768.75
2024-09-05 10:32:00,461.25,-1106.25,-645.0
2024-09-05 10:33:00,450.0,-1166.25,-716.25
2024-09-05 10:34:00,581.25,-1710.0,-1128.75
2024-09-05 10:35:00,558.75,-1575.0,-1016.25
2024-09-05 10:36:00,506.25,-1252.5,-746.25
2024-09-05 10:37:00,558.75,-1177.5,-618.75
2024-09-05 10:38:00,708.75,-1357.5,-648.75
2024-09-05 10:39:00,772.5,-1376.25,-603.75
2024-09-05 10:40:00,896.25,-1301.25,-405.0
2024-09-05 10:41:00,742.5,-1072.5,-330.0
2024-09-05 10:42:00,757.5,-1290.0,-532.5
2024-09-05 10:43:00,723.75,-1245.0,-521.25
2024-09-05 10:44:00,690.0,-1166.25,-476.25
2024-09-05 10:45:00,633.75,-963.75,-330.0
2024-09-05 10:46:00,603.75,-791.25,-187.5
2024-09-05 10:47:00,641.25,-862.5,-221.25
2024-09-05 10:48:00,630.0,-798.75,-168.75
2024-09-05 10:49:00,686.25,-877.5,-191.25
2024-09-05 10:50:00,618.75,-611.25,7.5
2024-09-05 10:51:00,585.0,-517.5,67.5
2024-09-05 10:52:00,581.25,-405.0,176.25
2024-09-05 10:53:00,656.25,-603.75,52.5
2024-09-05 10:54:00,585.0,-450.0,135.0
2024-09-05 10:55:00,637.5,-528.75,108.75
2024-09-05 10:56:00,716.25,-686.25,30.0
2024-09-05 10:57:00,690.0,-693.75,-3.75
2024-09-05 10:58:00,645.0,-513.75,131.25
2024-09-05 10:59:00,641.25,-438.75,202.5
2024-09-05 11:00:00,693.75,-532.5,161.25
2024-09-05 11:01:00,806.25,-690.0,116.25
2024-09-05 11:02:00,791.25,-633.75,157.5
2024-09-05 11:03:00,727.5,-472.5,255.0
2024-09-05 11:04:00,731.25,-540.0,191.25
2024-09-05 11:05:00,660.0,-356.25,303.75
2024-09-05 11:06:00,663.75,-206.25,457.5
2024-09-05 11:07:00,600.0,-86.25,513.75
2024-09-05 11:08:00,645.0,-93.75,551.25
2024-09-05 11:09:00,543.75,195.0,738.75
2024-09-05 11:10:00,547.5,240.0,787.5
2024-09-05 11:11:00,547.5,270.0,817.5
2024-09-05 11:12:00,585.0,247.5,832.5
2024-09-05 11:13:00,555.0,270.0,825.0
2024-09-05 11:14:00,630.0,180.0,810.0
2024-09-05 11:15:00,603.75,285.0,888.75
2024-09-05 11:16:00,633.75,176.25,810.0
2024-09-05 11:17:00,648.75,247.5,896.25
2024-09-05 11:18:00,626.25,356.25,982.5
2024-09-05 11:19:00,645.0,405.0,1050.0
2024-09-05 11:20:00,622.5,573.75,1196.25
2024-09-05 11:21:00,682.5,476.25,1158.75
2024-09-05 11:22:00,746.25,461.25,1207.5
2024-09-05 11:23:00,780.0,378.75,1158.75
2024-09-05 11:24:00,855.0,352.5,1207.5
2024-09-05 11:25:00,828.75,431.25,1260.0
2024-09-05 11:26:00,926.25,255.0,1181.25
2024-09-05 11:27:00,963.75,296.25,1260.0
2024-09-05 11:28:00,956.25,307.5,1263.75
2024-09-05 11:29:00,1110.0,146.25,1256.25
2024-09-05 11:30:00,1076.25,213.75,1290.0
2024-09-05 11:31:00,1023.75,322.5,1346.25
2024-09-05 11:32:00,956.25,686.25,1642.5
2024-09-05 11:33:00,952.5,765.0,1717.5
2024-09-05 11:34:00,900.0,892.5,1792.5
2024-09-05 11:35:00,993.75,798.75,1792.5
2024-09-05 11:36:00,1038.75,731.25,1770.0
2024-09-05 11:37:00,1008.75,787.5,1796.25
2024-09-05 11:38:00,1016.25,798.75,1815.0
2024-09-05 11:39:00,1005.0,866.25,1871.25
2024-09-05 11:40:00,1016.25,817.5,1833.75
2024-09-05 11:41:00,971.25,832.5,1803.75
2024-09-05 11:42:00,990.0,761.25,1751.25
2024-09-05 11:43:00,1061.25,720.0,1781.25
2024-09-05 11:44:00,1098.75,708.75,1807.5
2024-09-05 11:45:00,1162.5,641.25,1803.75
2024-09-05 11:46:00,1147.5,686.25,1833.75
2024-09-05 11:47:00,1200.0,603.75,1803.75
2024-09-05 11:48:00,1226.25,570.0,1796.25
2024-09-05 11:49:00,1267.5,607.5,1875.0
2024-09-05 11:50:00,1278.75,776.25,2055.0
2024-09-05 11:51:00,1256.25,945.0,2201.25
2024-09-05 11:52:00,1252.5,907.5,2160.0
2024-09-05 11:53:00,1263.75,1016.25,2280.0
2024-09-05 11:54:00,1241.25,1005.0,2246.25
2024-09-05 11:55:00,1222.5,1068.75,2291.25
2024-09-05 11:56:00,1312.5,937.5,2250.0
2024-09-05 11:57:00,1323.75,885.0,2208.75
2024-09-05 11:58:00,1305.0,945.0,2250.0
2024-09-05 11:59:00,1297.5,933.75,2231.25
2024-09-05 12:00:00,1316.25,888.75,2205.0
2024-09-05 12:01:00,1282.5,986.25,2268.75
2024-09-05 12:02:00,1233.75,1035.0,2268.75
2024-09-05 12:03:00,1218.75,1057.5,2276.25
2024-09-05 12:04:00,1170.0,1117.5,2287.5
2024-09-05 12:05:00,1083.75,1095.0,2178.75
2024-09-05 12:06:00,1136.25,1023.75,2160.0
2024-09-05 12:07:00,1095.0,1027.5,2122.5
2024-09-05 12:08:00,1083.75,1016.25,2100.0
2024-09-05 12:09:00,1117.5,960.0,2077.5
2024-09-05 12:10:00,1188.75,922.5,2111.25
2024-09-05 12:11:00,1237.5,933.75,2171.25
2024-09-05 12:12:00,1196.25,903.75,2100.0
2024-09-05 12:13:00,1158.75,948.75,2107.5
2024-09-05 12:14:00,1151.25,933.75,2085.0
2024-09-05 12:15:00,1203.75,922.5,2126.25
2024-09-05 12:16:00,1113.75,1027.5,2141.25
2024-09-05 12:17:00,1143.75,956.25,2100.0
2024-09-05 12:18:00,1155.0,948.75,2103.75
2024-09-05 12:19:00,1211.25,918.75,2130.0
2024-09-05 12:20:00,1271.25,933.75,2205.0
2024-09-05 12:21:00,1308.75,847.5,2156.25
2024-09-05 12:22:00,1275.0,911.25,2186.25
2024-09-05 12:23:00,1271.25,915.0,2186.25
2024-09-05 12:24:00,1282.5,900.0,2182.5
2024-09-05 12:25:00,1308.75,858.75,2167.5
2024-09-05 12:26:00,1248.75,971.25,2220.0
2024-09-05 12:27:00,1237.5,1008.75,2246.25
2024-09-05 12:28:00,1256.25,1031.25,2287.5
2024-09-05 12:29:00,1222.5,1061.25,2283.75
2024-09-05 12:30:00,1275.0,1035.0,2310.0
2024-09-05 12:31:00,1305.0,978.75,2283.75
2024-09-05 12:32:00,1342.5,918.75,2261.25
2024-09-05 12:33:00,1297.5,1080.0,2377.5
2024-09-05 12:34:00,1301.25,1072.5,2373.75
2024-09-05 12:35:00,1323.75,1012.5,2336.25
2024-09-05 12:36:00,1308.75,1008.75,2317.5
2024-09-05 12:37:00,1278.75,1083.75,2362.5
2024-09-05 12:38:00,1282.5,1196.25,2478.75
2024-09-05 12:39:00,1252.5,1252.5,2505.0
2024-09-05 12:40:00,1222.5,1290.0,2512.5
2024-09-05 12:41:00,1233.75,1293.75,2527.5
2024-09-05 12:42:00,1185.0,1297.5,2482.5
2024-09-05 12:43:00,1207.5,1275.0,2482.5
2024-09-05 12:44:00,1230.0,1275.0,2505.0
2024-09-05 12:45:00,1200.0,1312.5,2512.5
2024-09-05 12:46:00,1218.75,1282.5,2501.25
2024-09-05 12:47:00,1260.0,1248.75,2508.75
2024-09-05 12:48:00,1297.5,1226.25,2523.75
2024-09-05 12:49:00,1271.25,1331.25,2602.5
2024-09-05 12:50:00,1297.5,1282.5,2580.0
2024-09-05 12:51:00,1338.75,1233.75,2572.5
2024-09-05 12:52:00,1323.75,1252.5,2576.25
2024-09-05 12:53:00,1312.5,1275.0,2587.5
2024-09-05 12:54:00,1286.25,1293.75,2580.0
2024-09-05 12:55:00,1316.25,1286.25,2602.5
2024-09-05 12:56:00,1320.0,1267.5,2587.5
2024-09-05 12:57:00,1256.25,1383.75,2640.0
2024-09-05 12:58:00,1192.5,1421.25,2613.75
2024-09-05 12:59:00,1278.75,1368.75,2647.5
2024-09-05 13:00:00,1308.75,1387.5,2696.25
2024-09-05 13:01:00,1350.0,1368.75,2718.75
2024-09-05 13:02:00,1331.25,1376.25,2707.5
2024-09-05 13:03:00,1308.75,1425.0,2733.75
2024-09-05 13:04:00,1316.25,1406.25,2722.5
2024-09-05 13:05:00,1338.75,1387.5,2726.25
2024-09-05 13:06:00,1338.75,1380.0,2718.75
2024-09-05 13:07:00,1425.0,1320.0,2745.0
2024-09-05 13:08:00,1458.75,1267.5,2726.25
2024-09-05 13:09:00,1417.5,1308.75,2726.25
2024-09-05 13:10:00,1421.25,1361.25,2782.5
2024-09-05 13:11:00,1410.0,1312.5,2722.5
2024-09-05 13:12:00,1428.75,1305.0,2733.75
2024-09-05 13:13:00,1451.25,1192.5,2643.75
2024-09-05 13:14:00,1447.5,1260.0,2707.5
2024-09-05 13:15:00,1451.25,1207.5,2658.75
2024-09-05 13:16:00,1436.25,1207.5,2643.75
2024-09-05 13:17:00,1428.75,1245.0,2673.75
2024-09-05 13:18:00,1406.25,1338.75,2745.0
2024-09-05 13:19:00,1428.75,1368.75,2797.5
2024-09-05 13:20:00,1451.25,1331.25,2782.5
2024-09-05 13:21:00,1488.75,1263.75,2752.5
2024-09-05 13:22:00,1522.5,1207.5,2730.0
2024-09-05 13:23:00,1503.75,1245.0,2748.75
2024-09-05 13:24:00,1515.0,1275.0,2790.0
2024-09-05 13:25:00,1526.25,1143.75,2670.0
2024-09-05 13:26:00,1526.25,1106.25,2632.5
2024-09-05 13:27:00,1515.0,1132.5,2647.5
2024-09-05 13:28:00,1522.5,1233.75,2756.25
2024-09-05 13:29:00,1511.25,1271.25,2782.5
2024-09-05 13:30:00,1537.5,1278.75,2816.25
2024-09-05 13:31:00,1526.25,1305.0,2831.25
2024-09-05 13:32:00,1496.25,1451.25,2947.5
2024-09-05 13:33:00,1500.0,1492.5,2992.5
2024-09-05 13:34:00,1537.5,1425.0,2962.5
2024-09-05 13:35:00,1563.75,1432.5,2996.25
2024-09-05 13:36:00,1571.25,1410.0,2981.25
2024-09-05 13:37:00,1597.5,1350.0,2947.5
2024-09-05 13:38:00,1601.25,1391.25,2992.5
2024-09-05 13:39:00,1612.5,1368.75,2981.25
2024-09-05 13:40:00,1608.75,1398.75,3007.5
2024-09-05 13:41:00,1605.0,1425.0,3030.0
2024-09-05 13:42:00,1631.25,1402.5,3033.75
2024-09-05 13:43:00,1646.25,1376.25,3022.5
2024-09-05 13:44:00,1657.5,1365.0,3022.5
2024-09-05 13:45:00,1672.5,1365.0,3037.5
2024-09-05 13:46:00,1657.5,1387.5,3045.0
2024-09-05 13:47:00,1661.25,1398.75,3060.0
2024-09-05 13:48:00,1646.25,1451.25,3097.5
2024-09-05 13:49:00,1661.25,1338.75,3000.0
2024-09-05 13:50:00,1668.75,1331.25,3000.0
2024-09-05 13:51:00,1661.25,1380.0,3041.25
2024-09-05 13:52:00,1653.75,1402.5,3056.25
2024-09-05 13:53:00,1668.75,1335.0,3003.75
2024-09-05 13:54:00,1653.75,1387.5,3041.25
2024-09-05 13:55:00,1661.25,1380.0,3041.25
2024-09-05 13:56:00,1642.5,1477.5,3120.0
2024-09-05 13:57:00,1661.25,1436.25,3097.5
2024-09-05 13:58:00,1657.5,1533.75,3191.25
2024-09-05 13:59:00,1646.25,1545.0,3191.25
2024-09-05 14:00:00,1616.25,1608.75,3225.0
2024-09-05 14:01:00,1653.75,1571.25,3225.0
2024-09-05 14:02:00,1668.75,1556.25,3225.0
2024-09-05 14:03:00,1710.0,1522.5,3232.5
2024-09-05 14:04:00,1691.25,1567.5,3258.75
2024-09-05 14:05:00,1680.0,1575.0,3255.0
2024-09-05 14:06:00,1687.5,1563.75,3251.25
2024-09-05 14:07:00,1672.5,1586.25,3258.75
2024-09-05 14:08:00,1676.25,1582.5,3258.75
2024-09-05 14:09:00,1706.25,1518.75,3225.0
2024-09-05 14:10:00,1698.75,1537.5,3236.25
2024-09-05 14:11:00,1695.0,1586.25,3281.25
2024-09-05 14:12:00,1687.5,1593.75,3281.25
2024-09-05 14:13:00,1702.5,1590.0,3292.5
2024-09-05 14:14:00,1698.75,1605.0,3303.75
2024-09-05 14:15:00,1702.5,1612.5,3315.0
2024-09-05 14:16:00,1695.0,1657.5,3352.5
2024-09-05 14:17:00,1710.0,1608.75,3318.75
2024-09-05 14:18:00,1706.25,1608.75,3315.0
2024-09-05 14:19:00,1732.5,1590.0,3322.5
2024-09-05 14:20:00,1747.5,1586.25,3333.75
2024-09-05 14:21:00,1747.5,1590.0,3337.5
2024-09-05 14:22:00,1751.25,1496.25,3247.5
2024-09-05 14:23:00,1770.0,1065.0,2835.0
2024-09-05 14:24:00,1758.75,1338.75,3097.5
2024-09-05 14:25:00,1762.5,1380.0,3142.5
2024-09-05 14:26:00,1747.5,1361.25,3108.75
2024-09-05 14:27:00,1758.75,1286.25,3045.0
2024-09-05 14:28:00,1762.5,1320.0,3082.5
2024-09-05 14:29:00,1777.5,1218.75,2996.25
2024-09-05 14:30:00,1777.5,1027.5,2805.0
2024-09-05 14:31:00,1811.25,1001.25,2812.5
2024-09-05 14:32:00,1653.75,1286.25,2940.0
2024-09-05 14:33:00,1638.75,1275.0,2913.75
2024-09-05 14:34:00,1616.25,1290.0,2906.25
2024-09-05 14:35:00,1511.25,1417.5,2928.75
2024-09-05 14:36:00,356.25,1736.25,2092.5
2024-09-05 14:37:00,885.0,1657.5,2542.5
2024-09-05 14:38:00,1046.25,1623.75,2670.0
2024-09-05 14:39:00,1087.5,1616.25,2703.75
2024-09-05 14:40:00,1571.25,1473.75,3045.0
2024-09-05 14:41:00,1702.5,1398.75,3101.25
2024-09-05 14:42:00,1762.5,1372.5,3135.0
2024-09-05 14:43:00,1605.0,1466.25,3071.25
2024-09-05 14:44:00,1931.25,1237.5,3168.75
2024-09-05 14:45:00,1890.0,1290.0,3180.0
2024-09-05 14:46:00,1788.75,1473.75,3262.5
2024-09-05 14:47:00,1998.75,1335.0,3333.75
2024-09-05 14:48:00,2167.5,1203.75,3371.25
2024-09-05 14:49:00,2017.5,1451.25,3468.75
2024-09-05 14:50:00,1912.5,1485.0,3397.5
2024-09-05 14:51:00,2025.0,1451.25,3476.25
2024-09-05 14:52:00,2092.5,1432.5,3525.0
2024-09-05 14:53:00,2103.75,1462.5,3566.25
2024-09-05 14:54:00,2171.25,1380.0,3551.25
2024-09-05 14:55:00,2058.75,1518.75,3577.5
2024-09-05 14:56:00,2163.75,1522.5,3686.25
2024-09-05 14:57:00,2062.5,1631.25,3693.75
2024-09-05 14:58:00,1841.25,1691.25,3532.5
2024-09-05 14:59:00,1833.75,1650.0,3483.75
2024-09-05 15:00:00,2130.0,1586.25,3716.25
2024-09-05 15:01:00,2238.75,1638.75,3877.5
2024-09-05 15:02:00,2527.5,1511.25,4038.75
2024-09-05 15:03:00,2572.5,1233.75,3806.25
2024-09-05 15:04:00,2538.75,1597.5,4136.25
2024-09-05 15:05:00,2516.25,1683.75,4200.0
2024-09-05 15:06:00,2662.5,1338.75,4001.25
2024-09-05 15:07:00,2651.25,1503.75,4155.0
2024-09-05 15:08:00,2655.0,1443.75,4098.75
2024-09-05 15:09:00,2700.0,1368.75,4068.75
2024-09-05 15:10:00,2505.0,1788.75,4293.75
2024-09-05 15:11:00,2658.75,1646.25,4305.0
2024-09-05 15:12:00,2621.25,1751.25,4372.5
2024-09-05 15:13:00,2628.75,1717.5,4346.25
2024-09-05 15:14:00,2580.0,1811.25,4391.25
2024-09-05 15:15:00,2636.25,1785.0,4421.25
2024-09-05 15:16:00,2685.0,1732.5,4417.5
2024-09-05 15:17:00,2696.25,1755.0,4451.25
2024-09-05 15:18:00,2707.5,1751.25,4458.75
2024-09-05 15:19:00,2730.0,1721.25,4451.25
2024-09-05 15:20:00,2730.0,1687.5,4417.5
2024-09-05 15:21:00,2730.0,1687.5,4417.5
2024-09-05 15:22:00,2730.0,1687.5,4417.5
2024-09-05 15:23:00,2730.0,1687.5,4417.5
2024-09-05 15:24:00,2730.0,1687.5,4417.5
2024-09-05 15:25:00,2730.0,1687.5,4417.5
2024-09-05 15:26:00,2730.0,1687.5,4417.5
2024-09-05 15:27:00,2730.0,1687.5,4417.5
2024-09-05 15:28:00,2730.0,1687.5,4417.5
2024-09-05 15:29:00,2730.0,1687.5,4417.5
2024-09-05 15:30:00,2730.0,1687.5,4417.5
2024-09-12 10:15:00,0.0,0.0,0.0
2024-09-12 10:16:00,-146.25,202.5,56.25
2024-09-12 10:17:00,-97.5,251.25,153.75
2024-09-12 10:18:00,22.5,-255.0,-232.5
2024-09-12 10:19:00,-11.25,-146.25,-157.5
2024-09-12 10:20:00,11.25,-93.75,-82.5
2024-09-12 10:21:00,-30.0,-206.25,-236.25
2024-09-12 10:22:00,-33.75,-142.5,-176.25
2024-09-12 10:23:00,30.0,-457.5,-427.5
2024-09-12 10:24:00,-67.5,-446.25,-513.75
2024-09-12 10:25:00,-37.5,-352.5,-390.0
2024-09-12 10:26:00,-108.75,-442.5,-551.25
2024-09-12 10:27:00,-142.5,-461.25,-603.75
2024-09-12 10:28:00,-180.0,-270.0,-450.0
2024-09-12 10:29:00,-30.0,-615.0,-645.0
2024-09-12 10:30:00,-101.25,-258.75,-360.0
2024-09-12 10:31:00,146.25,-1117.5,-971.25
2024-09-12 10:32:00,71.25,-510.0,-438.75
2024-09-12 10:33:00,33.75,-678.75,-645.0
2024-09-12 10:34:00,-75.0,-656.25,-731.25
2024-09-12 10:35:00,-86.25,-791.25,-877.5
2024-09-12 10:36:00,-307.5,-693.75,-1001.25
2024-09-12 10:37:00,-303.75,-821.25,-1125.0
2024-09-12 10:38:00,-465.0,-292.5,-757.5
2024-09-12 10:39:00,-393.75,-303.75,-697.5
2024-09-12 10:40:00,-438.75,-135.0,-573.75
2024-09-12 10:41:00,-303.75,-322.5,-626.25
2024-09-12 10:42:00,-202.5,-221.25,-423.75
2024-09-12 10:43:00,97.5,-405.0,-307.5
2024-09-12 10:44:00,127.5,-536.25,-408.75
2024-09-12 10:45:00,206.25,-708.75,-502.5
2024-09-12 10:46:00,165.0,-971.25,-806.25
2024-09-12 10:47:00,165.0,-843.75,-678.75
2024-09-12 10:48:00,221.25,-866.25,-645.0
2024-09-12 10:49:00,270.0,-1016.25,-746.25
2024-09-12 10:50:00,356.25,-1143.75,-787.5
2024-09-12 10:51:00,135.0,-232.5,-97.5
2024-09-12 10:52:00,116.25,41.25,157.5
2024-09-12 10:53:00,442.5,-202.5,240.0
2024-09-12 10:54:00,487.5,-405.0,82.5
2024-09-12 10:55:00,641.25,-900.0,-258.75
2024-09-12 10:56:00,682.5,-772.5,-90.0
2024-09-12 10:57:00,645.0,-566.25,78.75
2024-09-12 10:58:00,588.75,-393.75,195.0
2024-09-12 10:59:00,540.0,-165.0,375.0
2024-09-12 11:00:00,521.25,251.25,772.5
2024-09-12 11:01:00,468.75,363.75,832.5
2024-09-12 11:02:00,543.75,270.0,813.75
2024-09-12 11:03:00,558.75,228.75,787.5
2024-09-12 11:04:00,573.75,45.0,618.75
2024-09-12 11:05:00,648.75,-322.5,326.25
2024-09-12 11:06:00,525.0,-123.75,401.25
2024-09-12 11:07:00,210.0,285.0,495.0
2024-09-12 11:08:00,273.75,153.75,427.5
2024-09-12 11:09:00,183.75,187.5,371.25
2024-09-12 11:10:00,78.75,161.25,240.0
2024-09-12 11:11:00,120.0,108.75,228.75
2024-09-12 11:12:00,191.25,15.0,206.25
2024-09-12 11:13:00,251.25,-78.75,172.5
2024-09-12 11:14:00,266.25,-157.5,108.75
2024-09-12 11:15:00,322.5,-262.5,60.0
2024-09-12 11:16:00,315.0,-255.0,60.0
2024-09-12 11:17:00,288.75,-161.25,127.5
2024-09-12 11:18:00,258.75,-397.5,-138.75
2024-09-12 11:19:00,195.0,-251.25,-56.25
2024-09-12 11:20:00,153.75,-232.5,-78.75
2024-09-12 11:21:00,-663.75,465.0,-198.75
2024-09-12 11:22:00,-202.5,213.75,11.25
2024-09-12 11:23:00,-15.0,15.0,0.0
2024-09-12 11:24:00,165.0,-255.0,-90.0
2024-09-12 11:25:00,273.75,-937.5,-663.75
2024-09-12 11:26:00,288.75,-3187.5,-2898.75
2024-09-12 11:27:00,393.75,-1758.75,-1365.0
2024-09-12 11:28:00,390.0,-1443.75,-1053.75
2024-09-12 11:29:00,543.75,-2497.5,-1953.75
2024-09-12 11:30:00,517.5,-2403.75,-1886.25
2024-09-12 11:31:00,472.5,-2081.25,-1608.75
2024-09-12 11:32:00,472.5,-1766.25,-1293.75
2024-09-12 11:33:00,450.0,-1440.0,-990.0
2024-09-12 11:34:00,480.0,-1308.75,-828.75
2024-09-12 11:35:00,461.25,-1222.5,-761.25
2024-09-12 11:36:00,322.5,-915.0,-592.5
2024-09-12 11:37:00,251.25,-795.0,-543.75
2024-09-12 11:38:00,-300.0,-228.75,-528.75
2024-09-12 11:39:00,7.5,-442.5,-435.0
2024-09-12 11:40:00,-123.75,-465.0,-588.75
2024-09-12 11:41:00,-127.5,-476.25,-603.75
2024-09-12 11:42:00,-71.25,-521.25,-592.5
2024-09-12 11:43:00,-146.25,-495.0,-641.25
2024-09-12 11:44:00,-108.75,-607.5,-716.25
2024-09-12 11:45:00,-67.5,-633.75,-701.25
2024-09-12 11:46:00,-86.25,-660.0,-746.25
2024-09-12 11:47:00,-157.5,-521.25,-678.75
2024-09-12 11:48:00,48.75,-866.25,-817.5
2024-09-12 11:49:00,120.0,-836.25,-716.25
2024-09-12 11:50:00,345.0,-1125.0,-780.0
2024-09-12 11:51:00,311.25,-963.75,-652.5
2024-09-12 11:52:00,375.0,-1230.0,-855.0
2024-09-12 11:53:00,352.5,-1140.0,-787.5
2024-09-12 11:54:00,307.5,-1368.75,-1061.25
2024-09-12 11:55:00,198.75,-1072.5,-873.75
2024-09-12 11:56:00,112.5,-937.5,-825.0
2024-09-12 11:57:00,172.5,-1537.5,-1365.0
2024-09-12 11:58:00,48.75,-997.5,-948.75
2024-09-12 11:59:00,-45.0,-768.75,-813.75
2024-09-12 12:00:00,-30.0,-787.5,-817.5
2024-09-12 12:01:00,26.25,-795.0,-768.75
2024-09-12 12:02:00,-150.0,-476.25,-626.25
2024-09-12 12:03:00,-78.75,-712.5,-791.25
2024-09-12 12:04:00,-120.0,-776.25,-896.25
2024-09-12 12:05:00,-3.75,-1020.0,-1023.75
2024-09-12 12:06:00,-183.75,-697.5,-881.25
2024-09-12 12:07:00,56.25,-1533.75,-1477.5
2024-09-12 12:08:00,26.25,-1098.75,-1072.5
2024-09-12 12:09:00,-82.5,-1031.25,-1113.75
2024-09-12 12:10:00,-210.0,-952.5,-1162.5
2024-09-12 12:11:00,-161.25,-956.25,-1117.5
2024-09-12 12:12:00,-311.25,-746.25,-1057.5
2024-09-12 12:13:00,-202.5,-986.25,-1188.75
2024-09-12 12:14:00,-315.0,-783.75,-1098.75
2024-09-12 12:15:00,-326.25,-757.5,-1083.75
2024-09-12 12:16:00,-337.5,-757.5,-1095.0
2024-09-12 12:17:00,-116.25,-1020.0,-1136.25
2024-09-12 12:18:00,-168.75,-836.25,-1005.0
2024-09-12 12:19:00,-191.25,-956.25,-1147.5
2024-09-12 12:20:00,-90.0,-1023.75,-1113.75
2024-09-12 12:21:00,71.25,-1230.0,-1158.75
2024-09-12 12:22:00,78.75,-1342.5,-1263.75
2024-09-12 12:23:00,281.25,-2598.75,-2317.5
2024-09-12 12:24:00,146.25,-1863.75,-1717.5
2024-09-12 12:25:00,198.75,-1950.0,-1751.25
2024-09-12 12:26:00,157.5,-1886.25,-1728.75
2024-09-12 12:27:00,123.75,-1432.5,-1308.75
2024-09-12 12:28:00,37.5,-930.0,-892.5
2024-09-12 12:29:00,86.25,-903.75,-817.5
2024-09-12 12:30:00,363.75,-1027.5,-663.75
2024-09-12 12:31:00,423.75,-1166.25,-742.5
2024-09-12 12:32:00,577.5,-1541.25,-963.75
2024-09-12 12:33:00,513.75,-1406.25,-892.5
2024-09-12 12:34:00,498.75,-1488.75,-990.0
2024-09-12 12:35:00,483.75,-1353.75,-870.0
2024-09-12 12:36:00,378.75,-1012.5,-633.75
2024-09-12 12:37:00,285.0,-645.0,-360.0
2024-09-12 12:38:00,195.0,-735.0,-540.0
2024-09-12 12:39:00,90.0,-566.25,-476.25
2024-09-12 12:40:00,78.75,-611.25,-532.5
2024-09-12 12:41:00,45.0,-708.75,-663.75
2024-09-12 12:42:00,82.5,-941.25,-858.75
2024-09-12 12:43:00,78.75,-967.5,-888.75
2024-09-12 12:44:00,-45.0,-795.0,-840.0
2024-09-12 12:45:00,-48.75,-765.0,-813.75
2024-09-12 12:46:00,176.25,-1211.25,-1035.0
2024-09-12 12:47:00,281.25,-1293.75,-1012.5
2024-09-12 12:48:00,285.0,-1170.0,-885.0
2024-09-12 12:49:00,401.25,-1368.75,-967.5
2024-09-12 12:50:00,442.5,-1518.75,-1076.25
2024-09-12 12:51:00,401.25,-1481.25,-1080.0
2024-09-12 12:52:00,345.0,-1425.0,-1080.0
2024-09-12 12:53:00,345.0,-1320.0,-975.0
2024-09-12 12:54:00,453.75,-1830.0,-1376.25
2024-09-12 12:55:00,367.5,-1275.0,-907.5
2024-09-12 12:56:00,292.5,-877.5,-585.0
2024-09-12 12:57:00,360.0,-1233.75,-873.75
2024-09-12 12:58:00,206.25,-678.75,-472.5
2024-09-12 12:59:00,150.0,-776.25,-626.25
2024-09-12 13:00:00,75.0,-708.75,-633.75
2024-09-12 13:01:00,172.5,-746.25,-573.75
2024-09-12 13:02:00,176.25,-765.0,-588.75
2024-09-12 13:03:00,60.0,-731.25,-671.25
2024-09-12 13:04:00,-33.75,-637.5,-671.25
2024-09-12 13:05:00,-138.75,-408.75,-547.5
2024-09-12 13:06:00,-82.5,-450.0,-532.5
2024-09-12 13:07:00,161.25,-577.5,-416.25
2024-09-12 13:08:00,457.5,-708.75,-251.25
2024-09-12 13:09:00,480.0,-615.0,-135.0
2024-09-12 13:10:00,513.75,-607.5,-93.75
2024-09-12 13:11:00,393.75,-247.5,146.25
2024-09-12 13:12:00,585.0,-690.0,-105.0
2024-09-12 13:13:00,532.5,-630.0,-97.5
2024-09-12 13:14:00,532.5,-453.75,78.75
2024-09-12 13:15:00,558.75,-371.25,187.5
2024-09-12 13:16:00,791.25,-671.25,120.0
2024-09-12 13:17:00,723.75,-135.0,588.75
2024-09-12 13:18:00,675.0,273.75,948.75
2024-09-12 13:19:00,697.5,168.75,866.25
2024-09-12 13:20:00,1035.0,-18.75,1016.25
2024-09-12 13:21:00,990.0,506.25,1496.25
2024-09-12 13:22:00,881.25,735.0,1616.25
2024-09-12 13:23:00,960.0,690.0,1650.0
2024-09-12 13:24:00,615.0,900.0,1515.0
2024-09-12 13:25:00,592.5,813.75,1406.25
2024-09-12 13:26:00,592.5,648.75,1241.25
2024-09-12 13:27:00,622.5,348.75,971.25
2024-09-12 13:28:00,551.25,480.0,1031.25
2024-09-12 13:29:00,738.75,228.75,967.5
2024-09-12 13:30:00,937.5,251.25,1188.75
2024-09-12 13:31:00,993.75,277.5,1271.25
2024-09-12 13:32:00,933.75,420.0,1353.75
2024-09-12 13:33:00,1136.25,67.5,1203.75
2024-09-12 13:34:00,1170.0,33.75,1203.75
2024-09-12 13:35:00,1215.0,-41.25,1173.75
2024-09-12 13:36:00,1162.5,555.0,1717.5
2024-09-12 13:37:00,1158.75,930.0,2088.75
2024-09-12 13:38:00,1121.25,1151.25,2272.5
2024-09-12 13:39:00,1237.5,1016.25,2253.75
2024-09-12 13:40:00,1327.5,1076.25,2403.75
2024-09-12 13:41:00,1421.25,817.5,2238.75
2024-09-12 13:42:00,1372.5,1102.5,2475.0
2024-09-12 13:43:00,1421.25,956.25,2377.5
2024-09-12 13:44:00,1338.75,1286.25,2625.0
2024-09-12 13:45:00,1290.0,1263.75,2553.75
2024-09-12 13:46:00,1121.25,1413.75,2535.0
2024-09-12 13:47:00,941.25,1436.25,2377.5
2024-09-12 13:48:00,1196.25,1113.75,2310.0
2024-09-12 13:49:00,1053.75,1338.75,2392.5
2024-09-12 13:50:00,982.5,1237.5,2220.0
2024-09-12 13:51:00,1087.5,1068.75,2156.25
2024-09-12 13:52:00,1125.0,1083.75,2208.75
2024-09-12 13:53:00,1125.0,963.75,2088.75
2024-09-12 13:54:00,1143.75,1042.5,2186.25
2024-09-12 13:55:00,1121.25,1140.0,2261.25
2024-09-12 13:56:00,1166.25,1027.5,2193.75
2024-09-12 13:57:00,1162.5,1012.5,2175.0
2024-09-12 13:58:00,1038.75,1237.5,2276.25
2024-09-12 13:59:00,1072.5,1158.75,2231.25
2024-09-12 14:00:00,862.5,1237.5,2100.0
2024-09-12 14:01:00,-570.0,1575.0,1005.0
2024-09-12 14:02:00,-2557.5,1691.25,-866.25
2024-09-12 14:03:00,-2070.0,1860.0,-210.0
2024-09-12 14:04:00,-2493.75,1938.75,-555.0
2024-09-12 14:05:00,-3881.25,2077.5,-1803.75
2024-09-12 14:06:00,-6671.25,3765.0,-2906.25
2024-09-12 14:07:00,-6007.5,3468.75,-2538.75
2024-09-12 14:08:00,-7492.5,4282.5,-3210.0
2024-09-12 14:09:00,-5917.5,4031.25,-1886.25
2024-09-12 14:10:00,-7271.25,5002.5,-2268.75
2024-09-12 14:11:00,-7421.25,5130.0,-2291.25
2024-09-12 14:12:00,-7545.0,5212.5,-2332.5
2024-09-12 14:13:00,-7593.75,5433.75,-2160.0
2024-09-12 14:14:00,-7402.5,5317.5,-2085.0
2024-09-12 14:15:00,-7143.75,5182.5,-1961.25
2024-09-12 14:16:00,-7162.5,5265.0,-1897.5
2024-09-12 14:17:00,-7398.75,5527.5,-1871.25
2024-09-12 14:18:00,-7110.0,5388.75,-1721.25
2024-09-12 14:19:00,-7361.25,5640.0,-1721.25
2024-09-12 14:20:00,-7185.0,5748.75,-1436.25
2024-09-12 14:21:00,-7125.0,5655.0,-1470.0
2024-09-12 14:22:00,-7440.0,6022.5,-1417.5
2024-09-12 14:23:00,-8021.25,6195.0,-1826.25
2024-09-12 14:24:00,-8081.25,6240.0,-1841.25
2024-09-12 14:25:00,-7470.0,6157.5,-1312.5
2024-09-12 14:26:00,-7338.75,6075.0,-1263.75
2024-09-12 14:27:00,-7447.5,6116.25,-1331.25
2024-09-12 14:28:00,-7335.0,6101.25,-1233.75
2024-09-12 14:29:00,-7278.75,6153.75,-1125.0
2024-09-12 14:30:00,-7507.5,6390.0,-1117.5
2024-09-12 14:31:00,-7878.75,6431.25,-1447.5
2024-09-12 14:32:00,-7593.75,6360.0,-1233.75
2024-09-12 14:33:00,-7623.75,6412.5,-1211.25
2024-09-12 14:34:00,-7601.25,6408.75,-1192.5
2024-09-12 14:35:00,-7537.5,6375.0,-1162.5
2024-09-12 14:36:00,-7353.75,6315.0,-1038.75
2024-09-12 14:37:00,-7365.0,6337.5,-1027.5
2024-09-12 14:38:00,-7616.25,6390.0,-1226.25
2024-09-12 14:39:00,-7560.0,6446.25,-1113.75
2024-09-12 14:40:00,-7331.25,6390.0,-941.25
2024-09-12 14:41:00,-7260.0,6352.5,-907.5
2024-09-12 14:42:00,-7200.0,6390.0,-810.0
2024-09-12 14:43:00,-7290.0,6476.25,-813.75
2024-09-12 14:44:00,-7290.0,6558.75,-731.25
2024-09-12 14:45:00,-7320.0,6528.75,-791.25
2024-09-12 14:46:00,-7728.75,6611.25,-1117.5
2024-09-12 14:47:00,-8471.25,6626.25,-1845.0
2024-09-12 14:48:00,-9285.0,6603.75,-2681.25
2024-09-12 14:49:00,-9813.75,6641.25,-3172.5
2024-09-12 14:50:00,-10383.75,6652.5,-3731.25
2024-09-12 14:51:00,-11268.75,6652.5,-4616.25
2024-09-12 14:52:00,-11040.0,6656.25,-4383.75
2024-09-12 14:53:00,-10507.5,6671.25,-3836.25
2024-09-12 14:54:00,-11902.5,6682.5,-5220.0
2024-09-12 14:55:00,-10845.0,6686.25,-4158.75
2024-09-12 14:56:00,-10762.5,6690.0,-4072.5
2024-09-12 14:57:00,-11073.75,6690.0,-4383.75
2024-09-12 14:58:00,-11257.5,6690.0,-4567.5
2024-09-12 14:59:00,-12247.5,6671.25,-5576.25
2024-09-12 15:00:00,-12558.75,6667.5,-5891.25
2024-09-12 15:01:00,-14190.0,6663.75,-7526.25
2024-09-12 15:02:00,-15667.5,6682.5,-8985.0
2024-09-12 15:03:00,-17283.75,6675.0,-10608.75
2024-09-12 15:04:00,-16848.75,6671.25,-10177.5
2024-09-12 15:05:00,-18026.25,6678.75,-11347.5
2024-09-12 15:06:00,-18641.25,6682.5,-11958.75
2024-09-12 15:07:00,-17032.5,6697.5,-10335.0
2024-09-12 15:08:00,-18266.25,6701.25,-11565.0
2024-09-12 15:09:00,-18063.75,6701.25,-11362.5
2024-09-12 15:10:00,-18090.0,6705.0,-11385.0
2024-09-12 15:11:00,-17613.75,6712.5,-10901.25
2024-09-12 15:12:00,-17437.5,6712.5,-10725.0
2024-09-12 15:13:00,-17763.75,6716.25,-11047.5
2024-09-12 15:14:00,-17808.75,6720.0,-11088.75
2024-09-12 15:15:00,-18045.0,6720.0,-11325.0
2024-09-12 15:16:00,-17621.25,6723.75,-10897.5
2024-09-12 15:17:00,-16980.0,6723.75,-10256.25
2024-09-12 15:18:00,-16698.75,6727.5,-9971.25
2024-09-12 15:19:00,-16725.0,6727.5,-9997.5
2024-09-12 15:20:00,-16616.25,6723.75,-9892.5
2024-09-12 15:21:00,-16616.25,6723.75,-9892.5
2024-09-12 15:22:00,-16616.25,6723.75,-9892.5
2024-09-12 15:23:00,-16616.25,6723.75,-9892.5
2024-09-12 15:24:00,-16616.25,6723.75,-9892.5
2024-09-12 15:25:00,-16616.25,6723.75,-9892.5
2024-09-12 15:26:00,-16616.25,6723.75,-9892.5
2024-09-12 15:27:00,-16616.25,6723.75,-9892.5
2024-09-12 15:28:00,-16616.25,6723.75,-9892.5
2024-09-12 15:29:00,-16616.25,6723.75,-9892.5
2024-09-12 15:30:00,-16616.25,6723.75,-9892.5
2024-09-19 10:15:00,0.0,0.0,0.0
2024-09-19 10:16:00,-123.75,-15.0,-138.75
2024-09-19 10:17:00,-116.25,-127.5,-243.75
2024-09-19 10:18:00,-78.75,150.0,71.25
2024-09-19 10:19:00,161.25,-138.75,22.5
2024-09-19 10:20:00,142.5,-75.0,67.5
2024-09-19 10:21:00,142.5,112.5,255.0
2024-09-19 10:22:00,48.75,236.25,285.0
2024-09-19 10:23:00,30.0,303.75,333.75
2024-09-19 10:24:00,41.25,228.75,270.0
2024-09-19 10:25:00,-11.25,326.25,315.0
2024-09-19 10:26:00,131.25,198.75,330.0
2024-09-19 10:27:00,198.75,153.75,352.5
2024-09-19 10:28:00,157.5,176.25,333.75
2024-09-19 10:29:00,273.75,206.25,480.0
2024-09-19 10:30:00,277.5,213.75,491.25
2024-09-19 10:31:00,236.25,393.75,630.0
2024-09-19 10:32:00,345.0,322.5,667.5
2024-09-19 10:33:00,228.75,483.75,712.5
2024-09-19 10:34:00,251.25,431.25,682.5
2024-09-19 10:35:00,401.25,367.5,768.75
2024-09-19 10:36:00,356.25,356.25,712.5
2024-09-19 10:37:00,450.0,322.5,772.5
2024-09-19 10:38:00,450.0,386.25,836.25
2024-09-19 10:39:00,498.75,382.5,881.25
2024-09-19 10:40:00,525.0,393.75,918.75
2024-09-19 10:41:00,600.0,243.75,843.75
2024-09-19 10:42:00,678.75,157.5,836.25
2024-09-19 10:43:00,626.25,258.75,885.0
2024-09-19 10:44:00,667.5,71.25,738.75
2024-09-19 10:45:00,656.25,206.25,862.5
2024-09-19 10:46:00,615.0,206.25,821.25
2024-09-19 10:47:00,592.5,240.0,832.5
2024-09-19 10:48:00,731.25,48.75,780.0
2024-09-19 10:49:00,731.25,112.5,843.75
2024-09-19 10:50:00,630.0,352.5,982.5
2024-09-19 10:51:00,551.25,420.0,971.25
2024-09-19 10:52:00,502.5,487.5,990.0
2024-09-19 10:53:00,517.5,465.0,982.5
2024-09-19 10:54:00,408.75,693.75,1102.5
2024-09-19 10:55:00,277.5,727.5,1005.0
2024-09-19 10:56:00,468.75,611.25,1080.0
2024-09-19 10:57:00,438.75,566.25,1005.0
2024-09-19 10:58:00,446.25,596.25,1042.5
2024-09-19 10:59:00,453.75,652.5,1106.25
2024-09-19 11:00:00,618.75,570.0,1188.75
2024-09-19 11:01:00,611.25,588.75,1200.0
2024-09-19 11:02:00,573.75,615.0,1188.75
2024-09-19 11:03:00,476.25,690.0,1166.25
2024-09-19 11:04:00,487.5,663.75,1151.25
2024-09-19 11:05:00,641.25,551.25,1192.5
2024-09-19 11:06:00,630.0,558.75,1188.75
2024-09-19 11:07:00,585.0,573.75,1158.75
2024-09-19 11:08:00,558.75,570.0,1128.75
2024-09-19 11:09:00,611.25,528.75,1140.0
2024-09-19 11:10:00,648.75,461.25,1110.0
2024-09-19 11:11:00,645.0,476.25,1121.25
2024-09-19 11:12:00,630.0,483.75,1113.75
2024-09-19 11:13:00,618.75,498.75,1117.5
2024-09-19 11:14:00,656.25,487.5,1143.75
2024-09-19 11:15:00,626.25,483.75,1110.0
2024-09-19 11:16:00,675.0,390.0,1065.0
2024-09-19 11:17:00,656.25,442.5,1098.75
2024-09-19 11:18:00,678.75,378.75,1057.5
2024-09-19 11:19:00,675.0,390.0,1065.0
2024-09-19 11:20:00,716.25,390.0,1106.25
2024-09-19 11:21:00,768.75,303.75,1072.5
2024-09-19 11:22:00,787.5,191.25,978.75
2024-09-19 11:23:00,900.0,-551.25,348.75
2024-09-19 11:24:00,937.5,-757.5,180.0
2024-09-19 11:25:00,967.5,-277.5,690.0
2024-09-19 11:26:00,948.75,-626.25,322.5
2024-09-19 11:27:00,941.25,-622.5,318.75
2024-09-19 11:28:00,903.75,-382.5,521.25
2024-09-19 11:29:00,933.75,-1188.75,-255.0
2024-09-19 11:30:00,960.0,-1995.0,-1035.0
2024-09-19 11:31:00,828.75,-2107.5,-1278.75
2024-09-19 11:32:00,708.75,-1563.75,-855.0
2024-09-19 11:33:00,806.25,-1432.5,-626.25
2024-09-19 11:34:00,1012.5,-1365.0,-352.5
2024-09-19 11:35:00,1421.25,-1998.75,-577.5
2024-09-19 11:36:00,1237.5,-1830.0,-592.5
2024-09-19 11:37:00,1196.25,-1717.5,-521.25
2024-09-19 11:38:00,1391.25,-1893.75,-502.5
2024-09-19 11:39:00,1698.75,-2242.5,-543.75
2024-09-19 11:40:00,1687.5,-2047.5,-360.0
2024-09-19 11:41:00,2163.75,-2925.0,-761.25
2024-09-19 11:42:00,2096.25,-2962.5,-866.25
2024-09-19 11:43:00,2066.25,-2868.75,-802.5
2024-09-19 11:44:00,1946.25,-2763.75,-817.5
2024-09-19 11:45:00,1683.75,-2081.25,-397.5
2024-09-19 11:46:00,1492.5,-1942.5,-450.0
2024-09-19 11:47:00,1916.25,-2632.5,-716.25
2024-09-19 11:48:00,1526.25,-2085.0,-558.75
2024-09-19 11:49:00,1972.5,-2707.5,-735.0
2024-09-19 11:50:00,2025.0,-2730.0,-705.0
2024-09-19 11:51:00,1818.75,-2437.5,-618.75
2024-09-19 11:52:00,1803.75,-2366.25,-562.5
2024-09-19 11:53:00,1766.25,-2377.5,-611.25
2024-09-19 11:54:00,1920.0,-2460.0,-540.0
2024-09-19 11:55:00,1698.75,-2133.75,-435.0
2024-09-19 11:56:00,1057.5,-1061.25,-3.75
2024-09-19 11:57:00,1466.25,-1485.0,-18.75
2024-09-19 11:58:00,1815.0,-1886.25,-71.25
2024-09-19 11:59:00,1920.0,-2433.75,-513.75
2024-09-19 12:00:00,2441.25,-3577.5,-1136.25
2024-09-19 12:01:00,2201.25,-3183.75,-982.5
2024-09-19 12:02:00,1972.5,-2583.75,-611.25
2024-09-19 12:03:00,1650.0,-2133.75,-483.75
2024-09-19 12:04:00,1218.75,-1721.25,-502.5
2024-09-19 12:05:00,1203.75,-1736.25,-532.5
2024-09-19 12:06:00,1327.5,-1732.5,-405.0
2024-09-19 12:07:00,1522.5,-1833.75,-311.25
2024-09-19 12:08:00,1222.5,-1470.0,-247.5
2024-09-19 12:09:00,1151.25,-1237.5,-86.25
2024-09-19 12:10:00,900.0,-922.5,-22.5
2024-09-19 12:11:00,1305.0,-1200.0,105.0
2024-09-19 12:12:00,873.75,-1008.75,-135.0
2024-09-19 12:13:00,337.5,-600.0,-262.5
2024-09-19 12:14:00,907.5,-1196.25,-288.75
2024-09-19 12:15:00,1241.25,-1387.5,-146.25
2024-09-19 12:16:00,1391.25,-1353.75,37.5
2024-09-19 12:17:00,1402.5,-1230.0,172.5
2024-09-19 12:18:00,1196.25,-990.0,206.25
2024-09-19 12:19:00,1578.75,-1248.75,330.0
2024-09-19 12:20:00,1597.5,-1353.75,243.75
2024-09-19 12:21:00,1338.75,-1061.25,277.5
2024-09-19 12:22:00,1732.5,-1503.75,228.75
2024-09-19 12:23:00,1301.25,-1125.0,176.25
2024-09-19 12:24:00,1192.5,-1012.5,180.0
2024-09-19 12:25:00,1147.5,-870.0,277.5
2024-09-19 12:26:00,1372.5,-1113.75,258.75
2024-09-19 12:27:00,1578.75,-1222.5,356.25
2024-09-19 12:28:00,1642.5,-1271.25,371.25
2024-09-19 12:29:00,1740.0,-1211.25,528.75
2024-09-19 12:30:00,1781.25,-1106.25,675.0
2024-09-19 12:31:00,1597.5,-817.5,780.0
2024-09-19 12:32:00,1950.0,-1106.25,843.75
2024-09-19 12:33:00,2092.5,-1256.25,836.25
2024-09-19 12:34:00,1938.75,-982.5,956.25
2024-09-19 12:35:00,2115.0,-1158.75,956.25
2024-09-19 12:36:00,2006.25,-986.25,1020.0
2024-09-19 12:37:00,1878.75,-791.25,1087.5
2024-09-19 12:38:00,2025.0,-948.75,1076.25
2024-09-19 12:39:00,2017.5,-911.25,1106.25
2024-09-19 12:40:00,1800.0,-551.25,1248.75
2024-09-19 12:41:00,1571.25,-296.25,1275.0
2024-09-19 12:42:00,933.75,56.25,990.0
2024-09-19 12:43:00,1496.25,-277.5,1218.75
2024-09-19 12:44:00,1335.0,-213.75,1121.25
2024-09-19 12:45:00,1316.25,-221.25,1095.0
2024-09-19 12:46:00,1537.5,-375.0,1162.5
2024-09-19 12:47:00,1275.0,-341.25,933.75
2024-09-19 12:48:00,1275.0,-363.75,911.25
2024-09-19 12:49:00,1211.25,-352.5,858.75
2024-09-19 12:50:00,1578.75,-457.5,1121.25
2024-09-19 12:51:00,1938.75,-506.25,1432.5
2024-09-19 12:52:00,2148.75,-813.75,1335.0
2024-09-19 12:53:00,2122.5,-828.75,1293.75
2024-09-19 12:54:00,2261.25,-948.75,1312.5
2024-09-19 12:55:00,2358.75,-956.25,1402.5
2024-09-19 12:56:00,2126.25,-817.5,1308.75
2024-09-19 12:57:00,2606.25,-1620.0,986.25
2024-09-19 12:58:00,2437.5,-1398.75,1038.75
2024-09-19 12:59:00,2437.5,-1368.75,1068.75
2024-09-19 13:00:00,2943.75,-2040.0,903.75
2024-09-19 13:01:00,2820.0,-1826.25,993.75
2024-09-19 13:02:00,3048.75,-2366.25,682.5
2024-09-19 13:03:00,2797.5,-1717.5,1080.0
2024-09-19 13:04:00,2752.5,-1893.75,858.75
2024-09-19 13:05:00,2805.0,-1920.0,885.0
2024-09-19 13:06:00,2932.5,-2066.25,866.25
2024-09-19 13:07:00,2748.75,-1683.75,1065.0
2024-09-19 13:08:00,2880.0,-1575.0,1305.0
2024-09-19 13:09:00,3060.0,-1938.75,1121.25
2024-09-19 13:10:00,3202.5,-2452.5,750.0
2024-09-19 13:11:00,3210.0,-2512.5,697.5
2024-09-19 13:12:00,3090.0,-2186.25,903.75
2024-09-19 13:13:00,3270.0,-2977.5,292.5
2024-09-19 13:14:00,3183.75,-2332.5,851.25
2024-09-19 13:15:00,3277.5,-2951.25,326.25
2024-09-19 13:16:00,2981.25,-1942.5,1038.75
2024-09-19 13:17:00,3086.25,-2265.0,821.25
2024-09-19 13:18:00,3225.0,-2651.25,573.75
2024-09-19 13:19:00,3416.25,-3123.75,292.5
2024-09-19 13:20:00,3408.75,-2970.0,438.75
2024-09-19 13:21:00,3450.0,-3060.0,390.0
2024-09-19 13:22:00,3311.25,-2396.25,915.0
2024-09-19 13:23:00,3206.25,-2163.75,1042.5
2024-09-19 13:24:00,3236.25,-2160.0,1076.25
2024-09-19 13:25:00,3045.0,-1747.5,1297.5
2024-09-19 13:26:00,3281.25,-2107.5,1173.75
2024-09-19 13:27:00,3300.0,-2051.25,1248.75
2024-09-19 13:28:00,3536.25,-2576.25,960.0
2024-09-19 13:29:00,3510.0,-2538.75,971.25
2024-09-19 13:30:00,3461.25,-2291.25,1170.0
2024-09-19 13:31:00,3367.5,-1856.25,1511.25
2024-09-19 13:32:00,3570.0,-2553.75,1016.25
2024-09-19 13:33:00,3682.5,-2797.5,885.0
2024-09-19 13:34:00,3648.75,-2625.0,1023.75
2024-09-19 13:35:00,3528.75,-2193.75,1335.0
2024-09-19 13:36:00,3502.5,-2167.5,1335.0
2024-09-19 13:37:00,3645.0,-2415.0,1230.0
2024-09-19 13:38:00,3686.25,-2715.0,971.25
2024-09-19 13:39:00,3735.0,-2827.5,907.5
2024-09-19 13:40:00,3821.25,-3206.25,615.0
2024-09-19 13:41:00,3746.25,-2857.5,888.75
2024-09-19 13:42:00,3787.5,-3412.5,375.0
2024-09-19 13:43:00,3705.0,-2880.0,825.0
2024-09-19 13:44:00,3630.0,-2587.5,1042.5
2024-09-19 13:45:00,3633.75,-2613.75,1020.0
2024-09-19 13:46:00,3757.5,-3116.25,641.25
2024-09-19 13:47:00,3836.25,-3412.5,423.75
2024-09-19 13:48:00,3761.25,-2940.0,821.25
2024-09-19 13:49:00,3900.0,-3438.75,461.25
2024-09-19 13:50:00,3888.75,-4323.75,-435.0
2024-09-19 13:51:00,3858.75,-4162.5,-303.75
2024-09-19 13:52:00,3742.5,-4136.25,-393.75
2024-09-19 13:53:00,3528.75,-4053.75,-525.0
2024-09-19 13:54:00,3637.5,-4098.75,-461.25
2024-09-19 13:55:00,3678.75,-4083.75,-405.0
2024-09-19 13:56:00,3690.0,-4087.5,-397.5
2024-09-19 13:57:00,3596.25,-4068.75,-472.5
2024-09-19 13:58:00,3738.75,-4065.0,-326.25
2024-09-19 13:59:00,3727.5,-4076.25,-348.75
2024-09-19 14:00:00,3720.0,-4076.25,-356.25
2024-09-19 14:01:00,3633.75,-4061.25,-427.5
2024-09-19 14:02:00,3750.0,-4068.75,-318.75
2024-09-19 14:03:00,3791.25,-4076.25,-285.0
2024-09-19 14:04:00,3843.75,-4091.25,-247.5
2024-09-19 14:05:00,3825.0,-4068.75,-243.75
2024-09-19 14:06:00,3802.5,-4016.25,-213.75
2024-09-19 14:07:00,3885.0,-4042.5,-157.5
2024-09-19 14:08:00,3907.5,-4023.75,-116.25
2024-09-19 14:09:00,3806.25,-3963.75,-157.5
2024-09-19 14:10:00,3776.25,-3945.0,-168.75
2024-09-19 14:11:00,3761.25,-3937.5,-176.25
2024-09-19 14:12:00,3675.0,-3911.25,-236.25
2024-09-19 14:13:00,3656.25,-3915.0,-258.75
2024-09-19 14:14:00,3903.75,-3930.0,-26.25
2024-09-19 14:15:00,3896.25,-3937.5,-41.25
2024-09-19 14:16:00,3918.75,-3918.75,0.0
2024-09-19 14:17:00,3900.0,-3911.25,-11.25
2024-09-19 14:18:00,4031.25,-3933.75,97.5
2024-09-19 14:19:00,3982.5,-3926.25,56.25
2024-09-19 14:20:00,4091.25,-3918.75,172.5
2024-09-19 14:21:00,4136.25,-3907.5,228.75
2024-09-19 14:22:00,4166.25,-3922.5,243.75
2024-09-19 14:23:00,4121.25,-3900.0,221.25
2024-09-19 14:24:00,4072.5,-3885.0,187.5
2024-09-19 14:25:00,3997.5,-3888.75,108.75
2024-09-19 14:26:00,4095.0,-3900.0,195.0
2024-09-19 14:27:00,4035.0,-3892.5,142.5
2024-09-19 14:28:00,3930.0,-3896.25,33.75
2024-09-19 14:29:00,3978.75,-3900.0,78.75
2024-09-19 14:30:00,3945.0,-3900.0,45.0
2024-09-19 14:31:00,3956.25,-3907.5,48.75
2024-09-19 14:32:00,4053.75,-3900.0,153.75
2024-09-19 14:33:00,4023.75,-3873.75,150.0
2024-09-19 14:34:00,4072.5,-3862.5,210.0
2024-09-19 14:35:00,4143.75,-3870.0,273.75
2024-09-19 14:36:00,4158.75,-3862.5,296.25
2024-09-19 14:37:00,4143.75,-3840.0,303.75
2024-09-19 14:38:00,4147.5,-3843.75,303.75
2024-09-19 14:39:00,4200.0,-3840.0,360.0
2024-09-19 14:40:00,4293.75,-3851.25,442.5
2024-09-19 14:41:00,4237.5,-3847.5,390.0
2024-09-19 14:42:00,4275.0,-3840.0,435.0
2024-09-19 14:43:00,4271.25,-3847.5,423.75
2024-09-19 14:44:00,4327.5,-3836.25,491.25
2024-09-19 14:45:00,4342.5,-3836.25,506.25
2024-09-19 14:46:00,4365.0,-3847.5,517.5
2024-09-19 14:47:00,4372.5,-3847.5,525.0
2024-09-19 14:48:00,4380.0,-3855.0,525.0
2024-09-19 14:49:00,4383.75,-3877.5,506.25
2024-09-19 14:50:00,4387.5,-3862.5,525.0
2024-09-19 14:51:00,4391.25,-3870.0,521.25
2024-09-19 14:52:00,4357.5,-3858.75,498.75
2024-09-19 14:53:00,4353.75,-3832.5,521.25
2024-09-19 14:54:00,4350.0,-3825.0,525.0
2024-09-19 14:55:00,4312.5,-3825.0,487.5
2024-09-19 14:56:00,4327.5,-3825.0,502.5
2024-09-19 14:57:00,4350.0,-3817.5,532.5
2024-09-19 14:58:00,4353.75,-3810.0,543.75
2024-09-19 14:59:00,4346.25,-3813.75,532.5
2024-09-19 15:00:00,4275.0,-3813.75,461.25
2024-09-19 15:01:00,4462.5,-3806.25,656.25
2024-09-19 15:02:00,4492.5,-3806.25,686.25
2024-09-19 15:03:00,4500.0,-3795.0,705.0
2024-09-19 15:04:00,4496.25,-3798.75,697.5
2024-09-19 15:05:00,4500.0,-3795.0,705.0
2024-09-19 15:06:00,4515.0,-3795.0,720.0
2024-09-19 15:07:00,4518.75,-3795.0,723.75
2024-09-19 15:08:00,4515.0,-3795.0,720.0
2024-09-19 15:09:00,4515.0,-3795.0,720.0
2024-09-19 15:10:00,4515.0,-3791.25,723.75
2024-09-19 15:11:00,4518.75,-3791.25,727.5
2024-09-19 15:12:00,4518.75,-3791.25,727.5
2024-09-19 15:13:00,4518.75,-3787.5,731.25
2024-09-19 15:14:00,4518.75,-3787.5,731.25
2024-09-19 15:15:00,4515.0,-3787.5,727.5
2024-09-19 15:16:00,4518.75,-3783.75,735.0
2024-09-19 15:17:00,4530.0,-3783.75,746.25
2024-09-19 15:18:00,4533.75,-3780.0,753.75
2024-09-19 15:19:00,4533.75,-3780.0,753.75
2024-09-19 15:20:00,4530.0,-3783.75,746.25
2024-09-19 15:21:00,4530.0,-3783.75,746.25
2024-09-19 15:22:00,4530.0,-3783.75,746.25
2024-09-19 15:23:00,4530.0,-3783.75,746.25
2024-09-19 15:24:00,4530.0,-3783.75,746.25
2024-09-19 15:25:00,4530.0,-3783.75,746.25
2024-09-19 15:26:00,4530.0,-3783.75,746.25
2024-09-19 15:27:00,4530.0,-3783.75,746.25
2024-09-19 15:28:00,4530.0,-3783.75,746.25
2024-09-19 15:29:00,4530.0,-3783.75,746.25
2024-09-19 15:30:00,4530.0,-3783.75,746.25
2024-09-26 10:15:00,0.0,0.0,0.0
2024-09-26 10:16:00,-90.0,-18.75,-108.75
2024-09-26 10:17:00,-63.75,-217.5,-281.25
2024-09-26 10:18:00,-405.0,-105.0,-510.0
2024-09-26 10:19:00,-236.25,-213.75,-450.0
2024-09-26 10:20:00,-18.75,-378.75,-397.5
2024-09-26 10:21:00,-86.25,-435.0,-521.25
2024-09-26 10:22:00,11.25,-510.0,-498.75
2024-09-26 10:23:00,198.75,-483.75,-285.0
2024-09-26 10:24:00,187.5,-420.0,-232.5
2024-09-26 10:25:00,67.5,-48.75,18.75
2024-09-26 10:26:00,56.25,-78.75,-22.5
2024-09-26 10:27:00,7.5,15.0,22.5
2024-09-26 10:28:00,-45.0,41.25,-3.75
2024-09-26 10:29:00,-41.25,108.75,67.5
2024-09-26 10:30:00,-3.75,157.5,153.75
2024-09-26 10:31:00,30.0,127.5,157.5
2024-09-26 10:32:00,165.0,86.25,251.25
2024-09-26 10:33:00,142.5,236.25,378.75
2024-09-26 10:34:00,-22.5,322.5,300.0
2024-09-26 10:35:00,-225.0,352.5,127.5
2024-09-26 10:36:00,-202.5,307.5,105.0
2024-09-26 10:37:00,-251.25,228.75,-22.5
2024-09-26 10:38:00,-90.0,56.25,-33.75
2024-09-26 10:39:00,-93.75,33.75,-60.0
2024-09-26 10:40:00,-86.25,-52.5,-138.75
2024-09-26 10:41:00,-123.75,-135.0,-258.75
2024-09-26 10:42:00,-273.75,-86.25,-360.0
2024-09-26 10:43:00,-1098.75,82.5,-1016.25
2024-09-26 10:44:00,-656.25,-112.5,-768.75
2024-09-26 10:45:00,-461.25,-423.75,-885.0
2024-09-26 10:46:00,-480.0,-465.0,-945.0
2024-09-26 10:47:00,-487.5,-345.0,-832.5
2024-09-26 10:48:00,-236.25,-483.75,-720.0
2024-09-26 10:49:00,-318.75,-206.25,-525.0
2024-09-26 10:50:00,-202.5,-337.5,-540.0
2024-09-26 10:51:00,-86.25,-416.25,-502.5
2024-09-26 10:52:00,-303.75,-86.25,-390.0
2024-09-26 10:53:00,-288.75,-108.75,-397.5
2024-09-26 10:54:00,-176.25,-221.25,-397.5
2024-09-26 10:55:00,-82.5,-326.25,-408.75
2024-09-26 10:56:00,-63.75,-311.25,-375.0
2024-09-26 10:57:00,-33.75,-180.0,-213.75
2024-09-26 10:58:00,60.0,-270.0,-210.0
2024-09-26 10:59:00,195.0,-236.25,-41.25
2024-09-26 11:00:00,161.25,-41.25,120.0
2024-09-26 11:01:00,300.0,-221.25,78.75
2024-09-26 11:02:00,303.75,-191.25,112.5
2024-09-26 11:03:00,318.75,-243.75,75.0
2024-09-26 11:04:00,232.5,90.0,322.5
2024-09-26 11:05:00,75.0,266.25,341.25
2024-09-26 11:06:00,108.75,191.25,300.0
2024-09-26 11:07:00,150.0,123.75,273.75
2024-09-26 11:08:00,112.5,153.75,266.25
2024-09-26 11:09:00,255.0,41.25,296.25
2024-09-26 11:10:00,382.5,-78.75,303.75
2024-09-26 11:11:00,408.75,-153.75,255.0
2024-09-26 11:12:00,356.25,-116.25,240.0
2024-09-26 11:13:00,356.25,26.25,382.5
2024-09-26 11:14:00,165.0,450.0,615.0
2024-09-26 11:15:00,232.5,326.25,558.75
2024-09-26 11:16:00,270.0,270.0,540.0
2024-09-26 11:17:00,243.75,240.0,483.75
2024-09-26 11:18:00,431.25,90.0,521.25
2024-09-26 11:19:00,438.75,82.5,521.25
2024-09-26 11:20:00,581.25,-82.5,498.75
2024-09-26 11:21:00,453.75,52.5,506.25
2024-09-26 11:22:00,510.0,-15.0,495.0
2024-09-26 11:23:00,506.25,-37.5,468.75
2024-09-26 11:24:00,506.25,-3.75,502.5
2024-09-26 11:25:00,483.75,206.25,690.0
2024-09-26 11:26:00,540.0,195.0,735.0
2024-09-26 11:27:00,596.25,266.25,862.5
2024-09-26 11:28:00,828.75,-26.25,802.5
2024-09-26 11:29:00,723.75,150.0,873.75
2024-09-26 11:30:00,776.25,82.5,858.75
2024-09-26 11:31:00,866.25,11.25,877.5
2024-09-26 11:32:00,825.0,236.25,1061.25
2024-09-26 11:33:00,885.0,191.25,1076.25
2024-09-26 11:34:00,753.75,356.25,1110.0
2024-09-26 11:35:00,712.5,393.75,1106.25
2024-09-26 11:36:00,697.5,442.5,1140.0
2024-09-26 11:37:00,678.75,491.25,1170.0
2024-09-26 11:38:00,690.0,547.5,1237.5
2024-09-26 11:39:00,573.75,618.75,1192.5
2024-09-26 11:40:00,618.75,611.25,1230.0
2024-09-26 11:41:00,705.0,551.25,1256.25
2024-09-26 11:42:00,787.5,465.0,1252.5
2024-09-26 11:43:00,735.0,660.0,1395.0
2024-09-26 11:44:00,693.75,592.5,1286.25
2024-09-26 11:45:00,750.0,472.5,1222.5
2024-09-26 11:46:00,686.25,498.75,1185.0
2024-09-26 11:47:00,648.75,483.75,1132.5
2024-09-26 11:48:00,536.25,588.75,1125.0
2024-09-26 11:49:00,405.0,573.75,978.75
2024-09-26 11:50:00,476.25,630.0,1106.25
2024-09-26 11:51:00,397.5,750.0,1147.5
2024-09-26 11:52:00,495.0,727.5,1222.5
2024-09-26 11:53:00,412.5,847.5,1260.0
2024-09-26 11:54:00,382.5,843.75,1226.25
2024-09-26 11:55:00,375.0,870.0,1245.0
2024-09-26 11:56:00,382.5,828.75,1211.25
2024-09-26 11:57:00,423.75,798.75,1222.5
2024-09-26 11:58:00,337.5,840.0,1177.5
2024-09-26 11:59:00,315.0,723.75,1038.75
2024-09-26 12:00:00,300.0,832.5,1132.5
2024-09-26 12:01:00,228.75,772.5,1001.25
2024-09-26 12:02:00,56.25,840.0,896.25
2024-09-26 12:03:00,78.75,851.25,930.0
2024-09-26 12:04:00,3.75,948.75,952.5
2024-09-26 12:05:00,22.5,933.75,956.25
2024-09-26 12:06:00,18.75,971.25,990.0
2024-09-26 12:07:00,7.5,903.75,911.25
2024-09-26 12:08:00,217.5,840.0,1057.5
2024-09-26 12:09:00,315.0,821.25,1136.25
2024-09-26 12:10:00,311.25,851.25,1162.5
2024-09-26 12:11:00,153.75,967.5,1121.25
2024-09-26 12:12:00,75.0,971.25,1046.25
2024-09-26 12:13:00,180.0,915.0,1095.0
2024-09-26 12:14:00,22.5,903.75,926.25
2024-09-26 12:15:00,41.25,885.0,926.25
2024-09-26 12:16:00,-3.75,911.25,907.5
2024-09-26 12:17:00,210.0,765.0,975.0
2024-09-26 12:18:00,168.75,750.0,918.75
2024-09-26 12:19:00,138.75,716.25,855.0
2024-09-26 12:20:00,-15.0,776.25,761.25
2024-09-26 12:21:00,-682.5,791.25,108.75
2024-09-26 12:22:00,-345.0,660.0,315.0
2024-09-26 12:23:00,-172.5,663.75,491.25
2024-09-26 12:24:00,-180.0,708.75,528.75
2024-09-26 12:25:00,-217.5,671.25,453.75
2024-09-26 12:26:00,-142.5,663.75,521.25
2024-09-26 12:27:00,-348.75,686.25,337.5
2024-09-26 12:28:00,-348.75,667.5,318.75
2024-09-26 12:29:00,-360.0,660.0,300.0
2024-09-26 12:30:00,-315.0,562.5,247.5
2024-09-26 12:31:00,-97.5,337.5,240.0
2024-09-26 12:32:00,-45.0,266.25,221.25
2024-09-26 12:33:00,-3.75,345.0,341.25
2024-09-26 12:34:00,71.25,303.75,375.0
2024-09-26 12:35:00,165.0,378.75,543.75
2024-09-26 12:36:00,232.5,356.25,588.75
2024-09-26 12:37:00,161.25,412.5,573.75
2024-09-26 12:38:00,75.0,502.5,577.5
2024-09-26 12:39:00,-78.75,536.25,457.5
2024-09-26 12:40:00,-131.25,502.5,371.25
2024-09-26 12:41:00,-213.75,510.0,296.25
2024-09-26 12:42:00,-135.0,341.25,206.25
2024-09-26 12:43:00,-273.75,427.5,153.75
2024-09-26 12:44:00,-311.25,431.25,120.0
2024-09-26 12:45:00,-187.5,435.0,247.5
2024-09-26 12:46:00,-288.75,472.5,183.75
2024-09-26 12:47:00,-262.5,626.25,363.75
2024-09-26 12:48:00,-213.75,675.0,461.25
2024-09-26 12:49:00,-191.25,705.0,513.75
2024-09-26 12:50:00,-341.25,761.25,420.0
2024-09-26 12:51:00,-333.75,720.0,386.25
2024-09-26 12:52:00,-333.75,705.0,371.25
2024-09-26 12:53:00,-337.5,738.75,401.25
2024-09-26 12:54:00,-303.75,735.0,431.25
2024-09-26 12:55:00,-198.75,720.0,521.25
2024-09-26 12:56:00,-258.75,810.0,551.25
2024-09-26 12:57:00,-285.0,821.25,536.25
2024-09-26 12:58:00,33.75,705.0,738.75
2024-09-26 12:59:00,112.5,697.5,810.0
2024-09-26 13:00:00,41.25,753.75,795.0
2024-09-26 13:01:00,52.5,603.75,656.25
2024-09-26 13:02:00,-26.25,585.0,558.75
2024-09-26 13:03:00,-138.75,682.5,543.75
2024-09-26 13:04:00,-210.0,641.25,431.25
2024-09-26 13:05:00,-210.0,630.0,420.0
2024-09-26 13:06:00,-266.25,596.25,330.0
2024-09-26 13:07:00,-198.75,487.5,288.75
2024-09-26 13:08:00,-281.25,558.75,277.5
2024-09-26 13:09:00,-333.75,487.5,153.75
2024-09-26 13:10:00,-678.75,472.5,-206.25
2024-09-26 13:11:00,-532.5,-101.25,-633.75
2024-09-26 13:12:00,-386.25,183.75,-202.5
2024-09-26 13:13:00,-213.75,266.25,52.5
2024-09-26 13:14:00,-296.25,236.25,-60.0
2024-09-26 13:15:00,-273.75,378.75,105.0
2024-09-26 13:16:00,-281.25,375.0,93.75
2024-09-26 13:17:00,-266.25,345.0,78.75
2024-09-26 13:18:00,-378.75,285.0,-93.75
2024-09-26 13:19:00,-318.75,273.75,-45.0
2024-09-26 13:20:00,-292.5,142.5,-150.0
2024-09-26 13:21:00,-412.5,236.25,-176.25
2024-09-26 13:22:00,-453.75,90.0,-363.75
2024-09-26 13:23:00,-558.75,116.25,-442.5
2024-09-26 13:24:00,-506.25,142.5,-363.75
2024-09-26 13:25:00,-476.25,206.25,-270.0
2024-09-26 13:26:00,-521.25,420.0,-101.25
2024-09-26 13:27:00,-915.0,708.75,-206.25
2024-09-26 13:28:00,-802.5,615.0,-187.5
2024-09-26 13:29:00,-825.0,645.0,-180.0
2024-09-26 13:30:00,-922.5,757.5,-165.0
2024-09-26 13:31:00,-900.0,757.5,-142.5
2024-09-26 13:32:00,-656.25,600.0,-56.25
2024-09-26 13:33:00,-581.25,633.75,52.5
2024-09-26 13:34:00,-723.75,731.25,7.5
2024-09-26 13:35:00,-780.0,581.25,-198.75
2024-09-26 13:36:00,-817.5,472.5,-345.0
2024-09-26 13:37:00,-821.25,360.0,-461.25
2024-09-26 13:38:00,-742.5,146.25,-596.25
2024-09-26 13:39:00,-765.0,-7.5,-772.5
2024-09-26 13:40:00,-881.25,52.5,-828.75
2024-09-26 13:41:00,-1061.25,-135.0,-1196.25
2024-09-26 13:42:00,-877.5,-412.5,-1290.0
2024-09-26 13:43:00,-847.5,-682.5,-1530.0
2024-09-26 13:44:00,-776.25,-577.5,-1353.75
2024-09-26 13:45:00,-701.25,-461.25,-1162.5
2024-09-26 13:46:00,-753.75,-697.5,-1451.25
2024-09-26 13:47:00,-742.5,-772.5,-1515.0
2024-09-26 13:48:00,-566.25,-873.75,-1440.0
2024-09-26 13:49:00,-667.5,-948.75,-1616.25
2024-09-26 13:50:00,-618.75,-768.75,-1387.5
2024-09-26 13:51:00,-603.75,-712.5,-1316.25
2024-09-26 13:52:00,-390.0,-637.5,-1027.5
2024-09-26 13:53:00,-247.5,-1316.25,-1563.75
2024-09-26 13:54:00,-285.0,-840.0,-1125.0
2024-09-26 13:55:00,-382.5,-825.0,-1207.5
2024-09-26 13:56:00,-528.75,-622.5,-1151.25
2024-09-26 13:57:00,-566.25,-708.75,-1275.0
2024-09-26 13:58:00,-678.75,-540.0,-1218.75
2024-09-26 13:59:00,-847.5,-405.0,-1252.5
2024-09-26 14:00:00,-892.5,-288.75,-1181.25
2024-09-26 14:01:00,-802.5,-483.75,-1286.25
2024-09-26 14:02:00,-716.25,-742.5,-1458.75
2024-09-26 14:03:00,-855.0,-292.5,-1147.5
2024-09-26 14:04:00,-858.75,-423.75,-1282.5
2024-09-26 14:05:00,-753.75,-588.75,-1342.5
2024-09-26 14:06:00,-592.5,-746.25,-1338.75
2024-09-26 14:07:00,-671.25,-738.75,-1410.0
2024-09-26 14:08:00,-506.25,-1050.0,-1556.25
2024-09-26 14:09:00,-397.5,-971.25,-1368.75
2024-09-26 14:10:00,-112.5,-896.25,-1008.75
2024-09-26 14:11:00,-198.75,-345.0,-543.75
2024-09-26 14:12:00,-195.0,-97.5,-292.5
2024-09-26 14:13:00,-138.75,71.25,-67.5
2024-09-26 14:14:00,-52.5,101.25,48.75
2024-09-26 14:15:00,-18.75,322.5,303.75
2024-09-26 14:16:00,22.5,480.0,502.5
2024-09-26 14:17:00,90.0,746.25,836.25
2024-09-26 14:18:00,33.75,660.0,693.75
2024-09-26 14:19:00,-540.0,375.0,-165.0
2024-09-26 14:20:00,-630.0,648.75,18.75
2024-09-26 14:21:00,-2310.0,675.0,-1635.0
2024-09-26 14:22:00,-1788.75,832.5,-956.25
2024-09-26 14:23:00,-1248.75,870.0,-378.75
2024-09-26 14:24:00,-1185.0,843.75,-341.25
2024-09-26 14:25:00,-791.25,900.0,108.75
2024-09-26 14:26:00,-851.25,630.0,-221.25
2024-09-26 14:27:00,-558.75,356.25,-202.5
2024-09-26 14:28:00,-675.0,438.75,-236.25
2024-09-26 14:29:00,-735.0,476.25,-258.75
2024-09-26 14:30:00,-1121.25,686.25,-435.0
2024-09-26 14:31:00,-708.75,573.75,-135.0
2024-09-26 14:32:00,-690.0,502.5,-187.5
2024-09-26 14:33:00,-918.75,900.0,-18.75
2024-09-26 14:34:00,-1207.5,967.5,-240.0
2024-09-26 14:35:00,-1492.5,1068.75,-423.75
2024-09-26 14:36:00,-1751.25,1241.25,-510.0
2024-09-26 14:37:00,-3618.75,1410.0,-2208.75
2024-09-26 14:38:00,-3446.25,1443.75,-2002.5
2024-09-26 14:39:00,-2591.25,1635.0,-956.25
2024-09-26 14:40:00,-3048.75,1950.0,-1098.75
2024-09-26 14:41:00,-3007.5,1788.75,-1218.75
2024-09-26 14:42:00,-3123.75,2133.75,-990.0
2024-09-26 14:43:00,-3281.25,2306.25,-975.0
2024-09-26 14:44:00,-3161.25,2021.25,-1140.0
2024-09-26 14:45:00,-3461.25,2227.5,-1233.75
2024-09-26 14:46:00,-2838.75,1860.0,-978.75
2024-09-26 14:47:00,-3101.25,2306.25,-795.0
2024-09-26 14:48:00,-2793.75,2115.0,-678.75
2024-09-26 14:49:00,-2838.75,2591.25,-247.5
2024-09-26 14:50:00,-2786.25,3142.5,356.25
2024-09-26 14:51:00,-3198.75,3401.25,202.5
2024-09-26 14:52:00,-2887.5,3243.75,356.25
2024-09-26 14:53:00,-2583.75,3311.25,727.5
2024-09-26 14:54:00,-2280.0,3570.0,1290.0
2024-09-26 14:55:00,-2801.25,4031.25,1230.0
2024-09-26 14:56:00,-3195.0,4383.75,1188.75
2024-09-26 14:57:00,-3615.0,4668.75,1053.75
2024-09-26 14:58:00,-3645.0,4653.75,1008.75
2024-09-26 14:59:00,-3716.25,4713.75,997.5
2024-09-26 15:00:00,-3588.75,4728.75,1140.0
2024-09-26 15:01:00,-4481.25,5175.0,693.75
2024-09-26 15:02:00,-4743.75,5298.75,555.0
2024-09-26 15:03:00,-5745.0,5291.25,-453.75
2024-09-26 15:04:00,-5253.75,5332.5,78.75
2024-09-26 15:05:00,-4496.25,5325.0,828.75
2024-09-26 15:06:00,-4743.75,5370.0,626.25
2024-09-26 15:07:00,-3825.0,5381.25,1556.25
2024-09-26 15:08:00,-4050.0,5422.5,1372.5
2024-09-26 15:09:00,-3330.0,5430.0,2100.0
2024-09-26 15:10:00,-3000.0,5415.0,2415.0
2024-09-26 15:11:00,-2448.75,5392.5,2943.75
2024-09-26 15:12:00,-2662.5,5407.5,2745.0
2024-09-26 15:13:00,-2748.75,5422.5,2673.75
2024-09-26 15:14:00,-2692.5,5448.75,2756.25
2024-09-26 15:15:00,-2868.75,5456.25,2587.5
2024-09-26 15:16:00,-2715.0,5463.75,2748.75
2024-09-26 15:17:00,-3240.0,5467.5,2227.5
2024-09-26 15:18:00,-3187.5,5482.5,2295.0
2024-09-26 15:19:00,-3105.0,5482.5,2377.5
2024-09-26 15:20:00,-3048.75,5482.5,2433.75
2024-09-26 15:21:00,-3048.75,5482.5,2433.75
2024-09-26 15:22:00,-3048.75,5482.5,2433.75
2024-09-26 15:23:00,-3048.75,5482.5,2433.75
2024-09-26 15:24:00,-3048.75,5482.5,2433.75
2024-09-26 15:25:00,-3048.75,5482.5,2433.75
2024-09-26 15:26:00,-3048.75,5482.5,2433.75
2024-09-26 15:27:00,-3048.75,5482.5,2433.75
2024-09-26 15:28:00,-3048.75,5482.5,2433.75
2024-09-26 15:29:00,-3048.75,5482.5,2433.75
2024-09-26 15:30:00,-3048.75,5482.5,2433.75
2024-10-03 10:15:00,0.0,0.0,0.0
2024-10-03 10:16:00,-37.5,18.75,-18.75
2024-10-03 10:17:00,243.75,-168.75,75.0
2024-10-03 10:18:00,401.25,-307.5,93.75
2024-10-03 10:19:00,472.5,-172.5,300.0
2024-10-03 10:20:00,277.5,-56.25,221.25
2024-10-03 10:21:00,318.75,-198.75,120.0
2024-10-03 10:22:00,93.75,300.0,393.75
2024-10-03 10:23:00,-198.75,765.0,566.25
2024-10-03 10:24:00,-93.75,465.0,371.25
2024-10-03 10:25:00,-363.75,318.75,-45.0
2024-10-03 10:26:00,-450.0,277.5,-172.5
2024-10-03 10:27:00,-401.25,243.75,-157.5
2024-10-03 10:28:00,-322.5,161.25,-161.25
2024-10-03 10:29:00,-348.75,82.5,-266.25
2024-10-03 10:30:00,-288.75,135.0,-153.75
2024-10-03 10:31:00,-371.25,412.5,41.25
2024-10-03 10:32:00,-375.0,686.25,311.25
2024-10-03 10:33:00,-26.25,596.25,570.0
2024-10-03 10:34:00,-138.75,810.0,671.25
2024-10-03 10:35:00,322.5,682.5,1005.0
2024-10-03 10:36:00,176.25,356.25,532.5
2024-10-03 10:37:00,86.25,258.75,345.0
2024-10-03 10:38:00,198.75,0.0,198.75
2024-10-03 10:39:00,30.0,-15.0,15.0
2024-10-03 10:40:00,-303.75,251.25,-52.5
2024-10-03 10:41:00,-120.0,146.25,26.25
2024-10-03 10:42:00,-210.0,71.25,-138.75
2024-10-03 10:43:00,-146.25,266.25,120.0
2024-10-03 10:44:00,-168.75,510.0,341.25
2024-10-03 10:45:00,183.75,270.0,453.75
2024-10-03 10:46:00,123.75,116.25,240.0
2024-10-03 10:47:00,60.0,423.75,483.75
2024-10-03 10:48:00,168.75,168.75,337.5
2024-10-03 10:49:00,255.0,48.75,303.75
2024-10-03 10:50:00,202.5,191.25,393.75
2024-10-03 10:51:00,243.75,135.0,378.75
2024-10-03 10:52:00,82.5,348.75,431.25
2024-10-03 10:53:00,326.25,-60.0,266.25
2024-10-03 10:54:00,307.5,-82.5,225.0
2024-10-03 10:55:00,262.5,225.0,487.5
2024-10-03 10:56:00,247.5,292.5,540.0
2024-10-03 10:57:00,225.0,262.5,487.5
2024-10-03 10:58:00,318.75,187.5,506.25
2024-10-03 10:59:00,461.25,150.0,611.25
2024-10-03 11:00:00,536.25,-37.5,498.75
2024-10-03 11:01:00,423.75,-180.0,243.75
2024-10-03 11:02:00,438.75,-150.0,288.75
2024-10-03 11:03:00,465.0,-187.5,277.5
2024-10-03 11:04:00,693.75,-363.75,330.0
2024-10-03 11:05:00,671.25,-195.0,476.25
2024-10-03 11:06:00,618.75,-135.0,483.75
2024-10-03 11:07:00,663.75,41.25,705.0
2024-10-03 11:08:00,618.75,3.75,622.5
2024-10-03 11:09:00,667.5,-108.75,558.75
2024-10-03 11:10:00,720.0,-255.0,465.0
2024-10-03 11:11:00,705.0,-232.5,472.5
2024-10-03 11:12:00,705.0,-288.75,416.25
2024-10-03 11:13:00,521.25,-56.25,465.0
2024-10-03 11:14:00,641.25,-412.5,228.75
2024-10-03 11:15:00,611.25,-337.5,273.75
2024-10-03 11:16:00,757.5,-1155.0,-397.5
2024-10-03 11:17:00,855.0,-1560.0,-705.0
2024-10-03 11:18:00,900.0,-2017.5,-1117.5
2024-10-03 11:19:00,892.5,-1537.5,-645.0
2024-10-03 11:20:00,1110.0,-2010.0,-900.0
2024-10-03 11:21:00,1053.75,-1908.75,-855.0
2024-10-03 11:22:00,1158.75,-2602.5,-1443.75
2024-10-03 11:23:00,1207.5,-3097.5,-1890.0
2024-10-03 11:24:00,1368.75,-3446.25,-2077.5
2024-10-03 11:25:00,1357.5,-3401.25,-2043.75
2024-10-03 11:26:00,1188.75,-2816.25,-1627.5
2024-10-03 11:27:00,1616.25,-3727.5,-2111.25
2024-10-03 11:28:00,1638.75,-3513.75,-1875.0
2024-10-03 11:29:00,1878.75,-3768.75,-1890.0
2024-10-03 11:30:00,1755.0,-3465.0,-1710.0
2024-10-03 11:31:00,1496.25,-3090.0,-1593.75
2024-10-03 11:32:00,1440.0,-3052.5,-1612.5
2024-10-03 11:33:00,1687.5,-3543.75,-1856.25
2024-10-03 11:34:00,1680.0,-3600.0,-1920.0
2024-10-03 11:35:00,1713.75,-4530.0,-2816.25
2024-10-03 11:36:00,1620.0,-4091.25,-2471.25
2024-10-03 11:37:00,1503.75,-3723.75,-2220.0
2024-10-03 11:38:00,1451.25,-3588.75,-2137.5
2024-10-03 11:39:00,1447.5,-3318.75,-1871.25
2024-10-03 11:40:00,1466.25,-3438.75,-1972.5
2024-10-03 11:41:00,1548.75,-3858.75,-2310.0
2024-10-03 11:42:00,1402.5,-3536.25,-2133.75
2024-10-03 11:43:00,1732.5,-4158.75,-2426.25
2024-10-03 11:44:00,2025.0,-4608.75,-2583.75
2024-10-03 11:45:00,2062.5,-4485.0,-2422.5
2024-10-03 11:46:00,1837.5,-4016.25,-2178.75
2024-10-03 11:47:00,1612.5,-3742.5,-2130.0
2024-10-03 11:48:00,1552.5,-3562.5,-2010.0
2024-10-03 11:49:00,1657.5,-3783.75,-2126.25
2024-10-03 11:50:00,1818.75,-4151.25,-2332.5
2024-10-03 11:51:00,1882.5,-4327.5,-2445.0
2024-10-03 11:52:00,2160.0,-4740.0,-2580.0
2024-10-03 11:53:00,2107.5,-4593.75,-2486.25
2024-10-03 11:54:00,1938.75,-4001.25,-2062.5
2024-10-03 11:55:00,1961.25,-4432.5,-2471.25
2024-10-03 11:56:00,1811.25,-4267.5,-2456.25
2024-10-03 11:57:00,1863.75,-4470.0,-2606.25
2024-10-03 11:58:00,1672.5,-4098.75,-2426.25
2024-10-03 11:59:00,1781.25,-4275.0,-2493.75
2024-10-03 12:00:00,2141.25,-4773.75,-2632.5
2024-10-03 12:01:00,2182.5,-4830.0,-2647.5
2024-10-03 12:02:00,1878.75,-4271.25,-2392.5
2024-10-03 12:03:00,1897.5,-4241.25,-2343.75
2024-10-03 12:04:00,1882.5,-4230.0,-2347.5
2024-10-03 12:05:00,1942.5,-4331.25,-2388.75
2024-10-03 12:06:00,1882.5,-4181.25,-2298.75
2024-10-03 12:07:00,2265.0,-4725.0,-2460.0
2024-10-03 12:08:00,2107.5,-4226.25,-2118.75
2024-10-03 12:09:00,1946.25,-3798.75,-1852.5
2024-10-03 12:10:00,1777.5,-3405.0,-1627.5
2024-10-03 12:11:00,1886.25,-3656.25,-1770.0
2024-10-03 12:12:00,1897.5,-3682.5,-1785.0
2024-10-03 12:13:00,1912.5,-3510.0,-1597.5
2024-10-03 12:14:00,2118.75,-3896.25,-1777.5
2024-10-03 12:15:00,2223.75,-4271.25,-2047.5
2024-10-03 12:16:00,2201.25,-3877.5,-1676.25
2024-10-03 12:17:00,2092.5,-3825.0,-1732.5
2024-10-03 12:18:00,2148.75,-3795.0,-1646.25
2024-10-03 12:19:00,2508.75,-4503.75,-1995.0
2024-10-03 12:20:00,2647.5,-4777.5,-2130.0
2024-10-03 12:21:00,2748.75,-4492.5,-1743.75
2024-10-03 12:22:00,2685.0,-4398.75,-1713.75
2024-10-03 12:23:00,2696.25,-4410.0,-1713.75
2024-10-03 12:24:00,2606.25,-4241.25,-1635.0
2024-10-03 12:25:00,2610.0,-4312.5,-1702.5
2024-10-03 12:26:00,2565.0,-4128.75,-1563.75
2024-10-03 12:27:00,2955.0,-4713.75,-1758.75
2024-10-03 12:28:00,2771.25,-4211.25,-1440.0
2024-10-03 12:29:00,2838.75,-4252.5,-1413.75
2024-10-03 12:30:00,3082.5,-4818.75,-1736.25
2024-10-03 12:31:00,3026.25,-4511.25,-1485.0
2024-10-03 12:32:00,3037.5,-4316.25,-1278.75
2024-10-03 12:33:00,2962.5,-4226.25,-1263.75
2024-10-03 12:34:00,2797.5,-3877.5,-1080.0
2024-10-03 12:35:00,2775.0,-3990.0,-1215.0
2024-10-03 12:36:00,2643.75,-3570.0,-926.25
2024-10-03 12:37:00,2501.25,-3191.25,-690.0
2024-10-03 12:38:00,2392.5,-2992.5,-600.0
2024-10-03 12:39:00,2298.75,-2733.75,-435.0
2024-10-03 12:40:00,2313.75,-2745.0,-431.25
2024-10-03 12:41:00,2617.5,-3217.5,-600.0
2024-10-03 12:42:00,2535.0,-3037.5,-502.5
2024-10-03 12:43:00,2670.0,-3176.25,-506.25
2024-10-03 12:44:00,2670.0,-3041.25,-371.25
2024-10-03 12:45:00,2752.5,-3131.25,-378.75
2024-10-03 12:46:00,2988.75,-3420.0,-431.25
2024-10-03 12:47:00,3108.75,-3855.0,-746.25
2024-10-03 12:48:00,3150.0,-3622.5,-472.5
2024-10-03 12:49:00,3307.5,-4023.75,-716.25
2024-10-03 12:50:00,3333.75,-4012.5,-678.75
2024-10-03 12:51:00,3345.0,-4050.0,-705.0
2024-10-03 12:52:00,3210.0,-3570.0,-360.0
2024-10-03 12:53:00,3228.75,-3637.5,-408.75
2024-10-03 12:54:00,3127.5,-3581.25,-453.75
2024-10-03 12:55:00,3138.75,-3588.75,-450.0
2024-10-03 12:56:00,3221.25,-4031.25,-810.0
2024-10-03 12:57:00,3183.75,-3708.75,-525.0
2024-10-03 12:58:00,3135.0,-3750.0,-615.0
2024-10-03 12:59:00,3270.0,-4140.0,-870.0
2024-10-03 13:00:00,3318.75,-4035.0,-716.25
2024-10-03 13:01:00,3386.25,-4095.0,-708.75
2024-10-03 13:02:00,3465.0,-4215.0,-750.0
2024-10-03 13:03:00,3611.25,-4380.0,-768.75
2024-10-03 13:04:00,3645.0,-4518.75,-873.75
2024-10-03 13:05:00,3618.75,-4260.0,-641.25
2024-10-03 13:06:00,3622.5,-4271.25,-648.75
2024-10-03 13:07:00,3765.0,-4376.25,-611.25
2024-10-03 13:08:00,3723.75,-4252.5,-528.75
2024-10-03 13:09:00,3697.5,-4286.25,-588.75
2024-10-03 13:10:00,3783.75,-4338.75,-555.0
2024-10-03 13:11:00,3851.25,-4376.25,-525.0
2024-10-03 13:12:00,3881.25,-4406.25,-525.0
2024-10-03 13:13:00,3768.75,-4286.25,-517.5
2024-10-03 13:14:00,3810.0,-4361.25,-551.25
2024-10-03 13:15:00,3877.5,-4350.0,-472.5
2024-10-03 13:16:00,3952.5,-4387.5,-435.0
2024-10-03 13:17:00,3956.25,-4372.5,-416.25
2024-10-03 13:18:00,3993.75,-4533.75,-540.0
2024-10-03 13:19:00,3978.75,-4657.5,-678.75
2024-10-03 13:20:00,4061.25,-4605.0,-543.75
2024-10-03 13:21:00,4005.0,-4833.75,-828.75
2024-10-03 13:22:00,4027.5,-4968.75,-941.25
2024-10-03 13:23:00,4038.75,-4818.75,-780.0
2024-10-03 13:24:00,4121.25,-5107.5,-986.25
2024-10-03 13:25:00,4151.25,-5160.0,-1008.75
2024-10-03 13:26:00,4155.0,-5055.0,-900.0
2024-10-03 13:27:00,4177.5,-5497.5,-1320.0
2024-10-03 13:28:00,4226.25,-5415.0,-1188.75
2024-10-03 13:29:00,4211.25,-5291.25,-1080.0
2024-10-03 13:30:00,4162.5,-5160.0,-997.5
2024-10-03 13:31:00,4151.25,-5197.5,-1046.25
2024-10-03 13:32:00,4185.0,-5238.75,-1053.75
2024-10-03 13:33:00,4248.75,-5358.75,-1110.0
2024-10-03 13:34:00,4226.25,-5257.5,-1031.25
2024-10-03 13:35:00,4241.25,-5212.5,-971.25
2024-10-03 13:36:00,4282.5,-5448.75,-1166.25
2024-10-03 13:37:00,4323.75,-5910.0,-1586.25
2024-10-03 13:38:00,4278.75,-5842.5,-1563.75
2024-10-03 13:39:00,4256.25,-5538.75,-1282.5
2024-10-03 13:40:00,4260.0,-5805.0,-1545.0
2024-10-03 13:41:00,4241.25,-6003.75,-1762.5
2024-10-03 13:42:00,4218.75,-5801.25,-1582.5
2024-10-03 13:43:00,4233.75,-5711.25,-1477.5
2024-10-03 13:44:00,4293.75,-5906.25,-1612.5
2024-10-03 13:45:00,4290.0,-5857.5,-1567.5
2024-10-03 13:46:00,4338.75,-6412.5,-2073.75
2024-10-03 13:47:00,4286.25,-7702.5,-3416.25
2024-10-03 13:48:00,4293.75,-7638.75,-3345.0
2024-10-03 13:49:00,4282.5,-7222.5,-2940.0
2024-10-03 13:50:00,4308.75,-7436.25,-3127.5
2024-10-03 13:51:00,4331.25,-7350.0,-3018.75
2024-10-03 13:52:00,4398.75,-7616.25,-3217.5
2024-10-03 13:53:00,4413.75,-8343.75,-3930.0
2024-10-03 13:54:00,4428.75,-8580.0,-4151.25
2024-10-03 13:55:00,4432.5,-8396.25,-3963.75
2024-10-03 13:56:00,5141.25,-9967.5,-4826.25
2024-10-03 13:57:00,5107.5,-9701.25,-4593.75
2024-10-03 13:58:00,3187.5,-6836.25,-3648.75
2024-10-03 13:59:00,3618.75,-7076.25,-3457.5
2024-10-03 14:00:00,4125.0,-7777.5,-3652.5
2024-10-03 14:01:00,3686.25,-6975.0,-3288.75
2024-10-03 14:02:00,3952.5,-7395.0,-3442.5
2024-10-03 14:03:00,4323.75,-7706.25,-3382.5
2024-10-03 14:04:00,4796.25,-8426.25,-3630.0
2024-10-03 14:05:00,4458.75,-7826.25,-3367.5
2024-10-03 14:06:00,4256.25,-7458.75,-3202.5
2024-10-03 14:07:00,4676.25,-8141.25,-3465.0
2024-10-03 14:08:00,4893.75,-8182.5,-3288.75
2024-10-03 14:09:00,5201.25,-8475.0,-3273.75
2024-10-03 14:10:00,4841.25,-7968.75,-3127.5
2024-10-03 14:11:00,5088.75,-8313.75,-3225.0
2024-10-03 14:12:00,4785.0,-7912.5,-3127.5
2024-10-03 14:13:00,5025.0,-8171.25,-3146.25
2024-10-03 14:14:00,4818.75,-7706.25,-2887.5
2024-10-03 14:15:00,4312.5,-7132.5,-2820.0
2024-10-03 14:16:00,4593.75,-7387.5,-2793.75
2024-10-03 14:17:00,4530.0,-7286.25,-2756.25
2024-10-03 14:18:00,4818.75,-7500.0,-2681.25
2024-10-03 14:19:00,5220.0,-7751.25,-2531.25
2024-10-03 14:20:00,5336.25,-7856.25,-2520.0
2024-10-03 14:21:00,5310.0,-7833.75,-2523.75
2024-10-03 14:22:00,5482.5,-8021.25,-2538.75
2024-10-03 14:23:00,5238.75,-7672.5,-2433.75
2024-10-03 14:24:00,4976.25,-7185.0,-2208.75
2024-10-03 14:25:00,5422.5,-7755.0,-2332.5
2024-10-03 14:26:00,5471.25,-7818.75,-2347.5
2024-10-03 14:27:00,5347.5,-7601.25,-2253.75
2024-10-03 14:28:00,5358.75,-7661.25,-2302.5
2024-10-03 14:29:00,5542.5,-7803.75,-2261.25
2024-10-03 14:30:00,5505.0,-7695.0,-2190.0
2024-10-03 14:31:00,5437.5,-7511.25,-2073.75
2024-10-03 14:32:00,4908.75,-6780.0,-1871.25
2024-10-03 14:33:00,4732.5,-6611.25,-1878.75
2024-10-03 14:34:00,5205.0,-7008.75,-1803.75
2024-10-03 14:35:00,5561.25,-7237.5,-1676.25
2024-10-03 14:36:00,5452.5,-7151.25,-1698.75
2024-10-03 14:37:00,5280.0,-6723.75,-1443.75
2024-10-03 14:38:00,5445.0,-6967.5,-1522.5
2024-10-03 14:39:00,5587.5,-7076.25,-1488.75
2024-10-03 14:40:00,5853.75,-7365.0,-1511.25
2024-10-03 14:41:00,5621.25,-7038.75,-1417.5
2024-10-03 14:42:00,5748.75,-7215.0,-1466.25
2024-10-03 14:43:00,5681.25,-7125.0,-1443.75
2024-10-03 14:44:00,5677.5,-7050.0,-1372.5
2024-10-03 14:45:00,5808.75,-7098.75,-1290.0
2024-10-03 14:46:00,5853.75,-7136.25,-1282.5
2024-10-03 14:47:00,5741.25,-6963.75,-1222.5
2024-10-03 14:48:00,6026.25,-7312.5,-1286.25
2024-10-03 14:49:00,6127.5,-7650.0,-1522.5
2024-10-03 14:50:00,6033.75,-7323.75,-1290.0
2024-10-03 14:51:00,5955.0,-7147.5,-1192.5
2024-10-03 14:52:00,5411.25,-6566.25,-1155.0
2024-10-03 14:53:00,5370.0,-6472.5,-1102.5
2024-10-03 14:54:00,5793.75,-6776.25,-982.5
2024-10-03 14:55:00,4882.5,-5936.25,-1053.75
2024-10-03 14:56:00,5152.5,-6097.5,-945.0
2024-10-03 14:57:00,5925.0,-6941.25,-1016.25
2024-10-03 14:58:00,5823.75,-6641.25,-817.5
2024-10-03 14:59:00,6090.0,-6963.75,-873.75
2024-10-03 15:00:00,6078.75,-6885.0,-806.25
2024-10-03 15:01:00,6176.25,-6810.0,-633.75
2024-10-03 15:02:00,6093.75,-6600.0,-506.25
2024-10-03 15:03:00,6363.75,-6900.0,-536.25
2024-10-03 15:04:00,6210.0,-6656.25,-446.25
2024-10-03 15:05:00,6251.25,-6678.75,-427.5
2024-10-03 15:06:00,6386.25,-6836.25,-450.0
2024-10-03 15:07:00,6405.0,-6810.0,-405.0
2024-10-03 15:08:00,6461.25,-6817.5,-356.25
2024-10-03 15:09:00,6528.75,-6881.25,-352.5
2024-10-03 15:10:00,6461.25,-6787.5,-326.25
2024-10-03 15:11:00,6532.5,-6817.5,-285.0
2024-10-03 15:12:00,6543.75,-6847.5,-303.75
2024-10-03 15:13:00,6510.0,-6783.75,-273.75
2024-10-03 15:14:00,6468.75,-6738.75,-270.0
2024-10-03 15:15:00,6438.75,-6701.25,-262.5
2024-10-03 15:16:00,6577.5,-6847.5,-270.0
2024-10-03 15:17:00,6667.5,-6930.0,-262.5
2024-10-03 15:18:00,6738.75,-7023.75,-285.0
2024-10-03 15:19:00,6825.0,-7072.5,-247.5
2024-10-03 15:20:00,6765.0,-7027.5,-262.5
2024-10-03 15:21:00,6765.0,-7027.5,-262.5
2024-10-03 15:22:00,6765.0,-7027.5,-262.5
2024-10-03 15:23:00,6765.0,-7027.5,-262.5
2024-10-03 15:24:00,6765.0,-7027.5,-262.5
2024-10-03 15:25:00,6765.0,-7027.5,-262.5
2024-10-03 15:26:00,6765.0,-7027.5,-262.5
2024-10-03 15:27:00,6765.0,-7027.5,-262.5
2024-10-03 15:28:00,6765.0,-7027.5,-262.5
2024-10-03 15:29:00,6765.0,-7027.5,-262.5
2024-10-03 15:30:00,6765.0,-7027.5,-262.5
2024-10-10 10:15:00,0.0,0.0,0.0
2024-10-10 10:16:00,-341.25,270.0,-71.25
2024-10-10 10:17:00,-15.0,82.5,67.5
2024-10-10 10:18:00,-180.0,262.5,82.5
2024-10-10 10:19:00,-90.0,247.5,157.5
2024-10-10 10:20:00,423.75,-195.0,228.75
2024-10-10 10:21:00,712.5,-483.75,228.75
2024-10-10 10:22:00,690.0,-480.0,210.0
2024-10-10 10:23:00,802.5,-491.25,311.25
2024-10-10 10:24:00,607.5,-146.25,461.25
2024-10-10 10:25:00,558.75,-465.0,93.75
2024-10-10 10:26:00,446.25,-453.75,-7.5
2024-10-10 10:27:00,558.75,-772.5,-213.75
2024-10-10 10:28:00,453.75,-618.75,-165.0
2024-10-10 10:29:00,495.0,-577.5,-82.5
2024-10-10 10:30:00,600.0,-731.25,-131.25
2024-10-10 10:31:00,543.75,-555.0,-11.25
2024-10-10 10:32:00,187.5,-187.5,0.0
2024-10-10 10:33:00,116.25,-176.25,-60.0
2024-10-10 10:34:00,71.25,-180.0,-108.75
2024-10-10 10:35:00,228.75,-161.25,67.5
2024-10-10 10:36:00,360.0,-161.25,198.75
2024-10-10 10:37:00,652.5,-270.0,382.5
2024-10-10 10:38:00,1102.5,-1391.25,-288.75
2024-10-10 10:39:00,1162.5,-1218.75,-56.25
2024-10-10 10:40:00,1237.5,-1440.0,-202.5
2024-10-10 10:41:00,1230.0,-2130.0,-900.0
2024-10-10 10:42:00,1252.5,-1758.75,-506.25
2024-10-10 10:43:00,1185.0,-1601.25,-416.25
2024-10-10 10:44:00,1256.25,-1800.0,-543.75
2024-10-10 10:45:00,1218.75,-1496.25,-277.5
2024-10-10 10:46:00,1237.5,-1740.0,-502.5
2024-10-10 10:47:00,1278.75,-1983.75,-705.0
2024-10-10 10:48:00,1297.5,-1893.75,-596.25
2024-10-10 10:49:00,1357.5,-2002.5,-645.0
2024-10-10 10:50:00,1338.75,-1792.5,-453.75
2024-10-10 10:51:00,1301.25,-1916.25,-615.0
2024-10-10 10:52:00,1297.5,-1788.75,-491.25
2024-10-10 10:53:00,1631.25,-2088.75,-457.5
2024-10-10 10:54:00,1590.0,-2190.0,-600.0
2024-10-10 10:55:00,1537.5,-2043.75,-506.25
2024-10-10 10:56:00,1308.75,-1620.0,-311.25
2024-10-10 10:57:00,993.75,-817.5,176.25
2024-10-10 10:58:00,810.0,-551.25,258.75
2024-10-10 10:59:00,802.5,-645.0,157.5
2024-10-10 11:00:00,817.5,-641.25,176.25
2024-10-10 11:01:00,978.75,-746.25,232.5
2024-10-10 11:02:00,1683.75,-937.5,746.25
2024-10-10 11:03:00,1721.25,-1241.25,480.0
2024-10-10 11:04:00,1698.75,-1215.0,483.75
2024-10-10 11:05:00,1668.75,-1245.0,423.75
2024-10-10 11:06:00,1477.5,-1511.25,-33.75
2024-10-10 11:07:00,1526.25,-1560.0,-33.75
2024-10-10 11:08:00,1548.75,-1811.25,-262.5
2024-10-10 11:09:00,1635.0,-1871.25,-236.25
2024-10-10 11:10:00,1590.0,-2043.75,-453.75
2024-10-10 11:11:00,1297.5,-2317.5,-1020.0
2024-10-10 11:12:00,1755.0,-2343.75,-588.75
2024-10-10 11:13:00,2047.5,-2621.25,-573.75
2024-10-10 11:14:00,2216.25,-2696.25,-480.0
2024-10-10 11:15:00,2283.75,-2756.25,-472.5
2024-10-10 11:16:00,2163.75,-2568.75,-405.0
2024-10-10 11:17:00,2141.25,-2662.5,-521.25
2024-10-10 11:18:00,2235.0,-2940.0,-705.0
2024-10-10 11:19:00,2358.75,-3412.5,-1053.75
2024-10-10 11:20:00,2433.75,-3528.75,-1095.0
2024-10-10 11:21:00,2317.5,-3183.75,-866.25
2024-10-10 11:22:00,2190.0,-2898.75,-708.75
2024-10-10 11:23:00,2328.75,-3243.75,-915.0
2024-10-10 11:24:00,2381.25,-3427.5,-1046.25
2024-10-10 11:25:00,2358.75,-3390.0,-1031.25
2024-10-10 11:26:00,2216.25,-3060.0,-843.75
2024-10-10 11:27:00,2178.75,-2805.0,-626.25
2024-10-10 11:28:00,2160.0,-2430.0,-270.0
2024-10-10 11:29:00,2317.5,-2910.0,-592.5
2024-10-10 11:30:00,2456.25,-3273.75,-817.5
2024-10-10 11:31:00,2422.5,-3288.75,-866.25
2024-10-10 11:32:00,2441.25,-3438.75,-997.5
2024-10-10 11:33:00,2437.5,-3367.5,-930.0
2024-10-10 11:34:00,2520.0,-3701.25,-1181.25
2024-10-10 11:35:00,2531.25,-3772.5,-1241.25
2024-10-10 11:36:00,2580.0,-3952.5,-1372.5
2024-10-10 11:37:00,2463.75,-3288.75,-825.0
2024-10-10 11:38:00,2463.75,-3536.25,-1072.5
2024-10-10 11:39:00,2568.75,-4845.0,-2276.25
2024-10-10 11:40:00,2583.75,-4072.5,-1488.75
2024-10-10 11:41:00,2602.5,-4421.25,-1818.75
2024-10-10 11:42:00,2550.0,-3971.25,-1421.25
2024-10-10 11:43:00,2452.5,-3701.25,-1248.75
2024-10-10 11:44:00,2572.5,-4098.75,-1526.25
2024-10-10 11:45:00,2583.75,-3945.0,-1361.25
2024-10-10 11:46:00,2358.75,-3086.25,-727.5
2024-10-10 11:47:00,2347.5,-2872.5,-525.0
2024-10-10 11:48:00,2396.25,-2985.0,-588.75
2024-10-10 11:49:00,2313.75,-2625.0,-311.25
2024-10-10 11:50:00,2497.5,-3082.5,-585.0
2024-10-10 11:51:00,2411.25,-2880.0,-468.75
2024-10-10 11:52:00,2351.25,-2666.25,-315.0
2024-10-10 11:53:00,2355.0,-2512.5,-157.5
2024-10-10 11:54:00,2313.75,-2287.5,26.25
2024-10-10 11:55:00,2208.75,-1980.0,228.75
2024-10-10 11:56:00,2126.25,-2017.5,108.75
2024-10-10 11:57:00,2088.75,-1972.5,116.25
2024-10-10 11:58:00,2373.75,-2261.25,112.5
2024-10-10 11:59:00,2358.75,-2178.75,180.0
2024-10-10 12:00:00,2238.75,-1638.75,600.0
2024-10-10 12:01:00,2415.0,-1972.5,442.5
2024-10-10 12:02:00,2347.5,-1728.75,618.75
2024-10-10 12:03:00,2175.0,-1466.25,708.75
2024-10-10 12:04:00,2317.5,-1736.25,581.25
2024-10-10 12:05:00,2208.75,-1477.5,731.25
2024-10-10 12:06:00,2186.25,-1507.5,678.75
2024-10-10 12:07:00,2310.0,-1668.75,641.25
2024-10-10 12:08:00,2456.25,-1968.75,487.5
2024-10-10 12:09:00,2373.75,-1665.0,708.75
2024-10-10 12:10:00,2302.5,-1440.0,862.5
2024-10-10 12:11:00,2310.0,-1338.75,971.25
2024-10-10 12:12:00,2250.0,-1151.25,1098.75
2024-10-10 12:13:00,2347.5,-1308.75,1038.75
2024-10-10 12:14:00,2512.5,-1646.25,866.25
2024-10-10 12:15:00,2636.25,-1875.0,761.25
2024-10-10 12:16:00,2790.0,-2051.25,738.75
2024-10-10 12:17:00,2816.25,-2081.25,735.0
2024-10-10 12:18:00,2685.0,-1458.75,1226.25
2024-10-10 12:19:00,2733.75,-1657.5,1076.25
2024-10-10 12:20:00,2688.75,-1500.0,1188.75
2024-10-10 12:21:00,2658.75,-1365.0,1293.75
2024-10-10 12:22:00,2655.0,-1481.25,1173.75
2024-10-10 12:23:00,2606.25,-1226.25,1380.0
2024-10-10 12:24:00,2625.0,-1350.0,1275.0
2024-10-10 12:25:00,2568.75,-1177.5,1391.25
2024-10-10 12:26:00,2662.5,-1511.25,1151.25
2024-10-10 12:27:00,2595.0,-1230.0,1365.0
2024-10-10 12:28:00,2535.0,-1181.25,1353.75
2024-10-10 12:29:00,2403.75,-888.75,1515.0
2024-10-10 12:30:00,2568.75,-1211.25,1357.5
2024-10-10 12:31:00,2568.75,-1177.5,1391.25
2024-10-10 12:32:00,2707.5,-1297.5,1410.0
2024-10-10 12:33:00,2730.0,-1316.25,1413.75
2024-10-10 12:34:00,2726.25,-1376.25,1350.0
2024-10-10 12:35:00,2711.25,-1263.75,1447.5
2024-10-10 12:36:00,2722.5,-1316.25,1406.25
2024-10-10 12:37:00,2752.5,-1410.0,1342.5
2024-10-10 12:38:00,2891.25,-1668.75,1222.5
2024-10-10 12:39:00,2932.5,-1515.0,1417.5
2024-10-10 12:40:00,2962.5,-1815.0,1147.5
2024-10-10 12:41:00,3011.25,-1811.25,1200.0
2024-10-10 12:42:00,2996.25,-1788.75,1207.5
2024-10-10 12:43:00,2966.25,-1582.5,1383.75
2024-10-10 12:44:00,3067.5,-1845.0,1222.5
2024-10-10 12:45:00,3120.0,-1863.75,1256.25
2024-10-10 12:46:00,3127.5,-1950.0,1177.5
2024-10-10 12:47:00,3048.75,-1485.0,1563.75
2024-10-10 12:48:00,3071.25,-1691.25,1380.0
2024-10-10 12:49:00,3135.0,-1938.75,1196.25
2024-10-10 12:50:00,3198.75,-2081.25,1117.5
2024-10-10 12:51:00,3206.25,-1980.0,1226.25
2024-10-10 12:52:00,3236.25,-2223.75,1012.5
2024-10-10 12:53:00,3262.5,-2137.5,1125.0
2024-10-10 12:54:00,3270.0,-2073.75,1196.25
2024-10-10 12:55:00,3232.5,-1916.25,1316.25
2024-10-10 12:56:00,3195.0,-1882.5,1312.5
2024-10-10 12:57:00,3228.75,-2227.5,1001.25
2024-10-10 12:58:00,3221.25,-2291.25,930.0
2024-10-10 12:59:00,3243.75,-2520.0,723.75
2024-10-10 13:00:00,3232.5,-2553.75,678.75
2024-10-10 13:01:00,3183.75,-2111.25,1072.5
2024-10-10 13:02:00,3146.25,-1938.75,1207.5
2024-10-10 13:03:00,3142.5,-1995.0,1147.5
2024-10-10 13:04:00,3086.25,-1927.5,1158.75
2024-10-10 13:05:00,3007.5,-1631.25,1376.25
2024-10-10 13:06:00,2985.0,-1762.5,1222.5
2024-10-10 13:07:00,2958.75,-1631.25,1327.5
2024-10-10 13:08:00,2988.75,-1530.0,1458.75
2024-10-10 13:09:00,3022.5,-1620.0,1402.5
2024-10-10 13:10:00,3183.75,-1927.5,1256.25
2024-10-10 13:11:00,3112.5,-1687.5,1425.0
2024-10-10 13:12:00,3112.5,-1537.5,1575.0
2024-10-10 13:13:00,3041.25,-1271.25,1770.0
2024-10-10 13:14:00,3041.25,-1143.75,1897.5
2024-10-10 13:15:00,3022.5,-1080.0,1942.5
2024-10-10 13:16:00,2996.25,-986.25,2010.0
2024-10-10 13:17:00,3033.75,-1046.25,1987.5
2024-10-10 13:18:00,3052.5,-1166.25,1886.25
2024-10-10 13:19:00,2981.25,-990.0,1991.25
2024-10-10 13:20:00,2801.25,-543.75,2257.5
2024-10-10 13:21:00,2853.75,-731.25,2122.5
2024-10-10 13:22:00,2711.25,-438.75,2272.5
2024-10-10 13:23:00,2692.5,-393.75,2298.75
2024-10-10 13:24:00,2707.5,-393.75,2313.75
2024-10-10 13:25:00,2835.0,-547.5,2287.5
2024-10-10 13:26:00,3026.25,-810.0,2216.25
2024-10-10 13:27:00,3067.5,-765.0,2302.5
2024-10-10 13:28:00,3022.5,-536.25,2486.25
2024-10-10 13:29:00,3120.0,-840.0,2280.0
2024-10-10 13:30:00,3243.75,-1076.25,2167.5
2024-10-10 13:31:00,3266.25,-1166.25,2100.0
2024-10-10 13:32:00,3266.25,-1027.5,2238.75
2024-10-10 13:33:00,3288.75,-1128.75,2160.0
2024-10-10 13:34:00,3371.25,-1297.5,2073.75
2024-10-10 13:35:00,3371.25,-1368.75,2002.5
2024-10-10 13:36:00,3322.5,-1087.5,2235.0
2024-10-10 13:37:00,3315.0,-1188.75,2126.25
2024-10-10 13:38:00,3300.0,-1245.0,2055.0
2024-10-10 13:39:00,3348.75,-1417.5,1931.25
2024-10-10 13:40:00,3285.0,-1136.25,2148.75
2024-10-10 13:41:00,3281.25,-1046.25,2235.0
2024-10-10 13:42:00,3318.75,-1267.5,2051.25
2024-10-10 13:43:00,3341.25,-1481.25,1860.0
2024-10-10 13:44:00,3288.75,-1125.0,2163.75
2024-10-10 13:45:00,3296.25,-1050.0,2246.25
2024-10-10 13:46:00,3307.5,-1155.0,2152.5
2024-10-10 13:47:00,3266.25,-873.75,2392.5
2024-10-10 13:48:00,3255.0,-768.75,2486.25
2024-10-10 13:49:00,3345.0,-1057.5,2287.5
2024-10-10 13:50:00,3243.75,-806.25,2437.5
2024-10-10 13:51:00,3322.5,-1046.25,2276.25
2024-10-10 13:52:00,3360.0,-1218.75,2141.25
2024-10-10 13:53:00,3450.0,-1428.75,2021.25
2024-10-10 13:54:00,3416.25,-1571.25,1845.0
2024-10-10 13:55:00,3423.75,-1642.5,1781.25
2024-10-10 13:56:00,3401.25,-1290.0,2111.25
2024-10-10 13:57:00,3397.5,-1128.75,2268.75
2024-10-10 13:58:00,3386.25,-1080.0,2306.25
2024-10-10 13:59:00,3371.25,-941.25,2430.0
2024-10-10 14:00:00,3442.5,-1143.75,2298.75
2024-10-10 14:01:00,3438.75,-1121.25,2317.5
2024-10-10 14:02:00,3420.0,-1008.75,2411.25
2024-10-10 14:03:00,3495.0,-1087.5,2407.5
2024-10-10 14:04:00,3536.25,-1290.0,2246.25
2024-10-10 14:05:00,3543.75,-1173.75,2370.0
2024-10-10 14:06:00,3525.0,-933.75,2591.25
2024-10-10 14:07:00,3528.75,-956.25,2572.5
2024-10-10 14:08:00,3551.25,-1042.5,2508.75
2024-10-10 14:09:00,3573.75,-1196.25,2377.5
2024-10-10 14:10:00,3566.25,-1087.5,2478.75
2024-10-10 14:11:00,3566.25,-1038.75,2527.5
2024-10-10 14:12:00,3581.25,-1192.5,2388.75
2024-10-10 14:13:00,3577.5,-1050.0,2527.5
2024-10-10 14:14:00,3521.25,-821.25,2700.0
2024-10-10 14:15:00,3513.75,-798.75,2715.0
2024-10-10 14:16:00,3495.0,-720.0,2775.0
2024-10-10 14:17:00,3573.75,-922.5,2651.25
2024-10-10 14:18:00,3566.25,-881.25,2685.0
2024-10-10 14:19:00,3562.5,-716.25,2846.25
2024-10-10 14:20:00,3566.25,-761.25,2805.0
2024-10-10 14:21:00,3577.5,-945.0,2632.5
2024-10-10 14:22:00,3547.5,-675.0,2872.5
2024-10-10 14:23:00,3555.0,-690.0,2865.0
2024-10-10 14:24:00,3528.75,-540.0,2988.75
2024-10-10 14:25:00,3423.75,-247.5,3176.25
2024-10-10 14:26:00,3506.25,-356.25,3150.0
2024-10-10 14:27:00,3536.25,-472.5,3063.75
2024-10-10 14:28:00,3558.75,-502.5,3056.25
2024-10-10 14:29:00,3570.0,-532.5,3037.5
2024-10-10 14:30:00,3562.5,-472.5,3090.0
2024-10-10 14:31:00,3596.25,-588.75,3007.5
2024-10-10 14:32:00,3588.75,-547.5,3041.25
2024-10-10 14:33:00,3618.75,-603.75,3015.0
2024-10-10 14:34:00,3618.75,-521.25,3097.5
2024-10-10 14:35:00,3607.5,-423.75,3183.75
2024-10-10 14:36:00,3652.5,-626.25,3026.25
2024-10-10 14:37:00,3705.0,-1368.75,2336.25
2024-10-10 14:38:00,3708.75,-1301.25,2407.5
2024-10-10 14:39:00,3701.25,-1233.75,2467.5
2024-10-10 14:40:00,3708.75,-1102.5,2606.25
2024-10-10 14:41:00,3727.5,-1290.0,2437.5
2024-10-10 14:42:00,3746.25,-1248.75,2497.5
2024-10-10 14:43:00,3738.75,-1005.0,2733.75
2024-10-10 14:44:00,3757.5,-1162.5,2595.0
2024-10-10 14:45:00,3776.25,-1436.25,2340.0
2024-10-10 14:46:00,3787.5,-1537.5,2250.0
2024-10-10 14:47:00,3787.5,-1425.0,2362.5
2024-10-10 14:48:00,3780.0,-1256.25,2523.75
2024-10-10 14:49:00,3761.25,-1072.5,2688.75
2024-10-10 14:50:00,3795.0,-1522.5,2272.5
2024-10-10 14:51:00,3776.25,-1200.0,2576.25
2024-10-10 14:52:00,3791.25,-1301.25,2490.0
2024-10-10 14:53:00,3798.75,-1158.75,2640.0
2024-10-10 14:54:00,3795.0,-1192.5,2602.5
2024-10-10 14:55:00,3795.0,-1158.75,2636.25
2024-10-10 14:56:00,3806.25,-1305.0,2501.25
2024-10-10 14:57:00,3828.75,-1541.25,2287.5
2024-10-10 14:58:00,3828.75,-1672.5,2156.25
2024-10-10 14:59:00,3810.0,-1526.25,2283.75
2024-10-10 15:00:00,3825.0,-1732.5,2092.5
2024-10-10 15:01:00,3832.5,-1458.75,2373.75
2024-10-10 15:02:00,3851.25,-1725.0,2126.25
2024-10-10 15:03:00,3851.25,-1661.25,2190.0
2024-10-10 15:04:00,3858.75,-1560.0,2298.75
2024-10-10 15:05:00,3862.5,-1560.0,2302.5
2024-10-10 15:06:00,3858.75,-1488.75,2370.0
2024-10-10 15:07:00,3855.0,-1597.5,2257.5
2024-10-10 15:08:00,3862.5,-1646.25,2216.25
2024-10-10 15:09:00,3866.25,-1650.0,2216.25
2024-10-10 15:10:00,3862.5,-1428.75,2433.75
2024-10-10 15:11:00,3870.0,-1470.0,2400.0
2024-10-10 15:12:00,3862.5,-1462.5,2400.0
2024-10-10 15:13:00,3870.0,-1511.25,2358.75
2024-10-10 15:14:00,3866.25,-1477.5,2388.75
2024-10-10 15:15:00,3870.0,-1545.0,2325.0
2024-10-10 15:16:00,3866.25,-2148.75,1717.5
2024-10-10 15:17:00,3866.25,-1987.5,1878.75
2024-10-10 15:18:00,3877.5,-2141.25,1736.25
2024-10-10 15:19:00,3873.75,-1976.25,1897.5
2024-10-10 15:20:00,3873.75,-1740.0,2133.75
2024-10-10 15:21:00,3873.75,-1740.0,2133.75
2024-10-10 15:22:00,3873.75,-1740.0,2133.75
2024-10-10 15:23:00,3873.75,-1740.0,2133.75
2024-10-10 15:24:00,3873.75,-1740.0,2133.75
2024-10-10 15:25:00,3873.75,-1740.0,2133.75
2024-10-10 15:26:00,3873.75,-1740.0,2133.75
2024-10-10 15:27:00,3873.75,-1740.0,2133.75
2024-10-10 15:28:00,3873.75,-1740.0,2133.75
2024-10-10 15:29:00,3873.75,-1740.0,2133.75
2024-10-10 15:30:00,3873.75,-1740.0,2133.75
2024-10-17 10:15:00,0.0,0.0,0.0
2024-10-17 10:16:00,0.0,401.25,401.25
2024-10-17 10:17:00,0.0,412.5,412.5
2024-10-17 10:18:00,0.0,153.75,153.75
2024-10-17 10:19:00,0.0,108.75,108.75
2024-10-17 10:20:00,0.0,206.25,206.25
2024-10-17 10:21:00,0.0,-56.25,-56.25
2024-10-17 10:22:00,0.0,-187.5,-187.5
2024-10-17 10:23:00,0.0,-581.25,-581.25
2024-10-17 10:24:00,0.0,-442.5,-442.5
2024-10-17 10:25:00,0.0,-281.25,-281.25
2024-10-17 10:26:00,0.0,-78.75,-78.75
2024-10-17 10:27:00,0.0,-60.0,-60.0
2024-10-17 10:28:00,0.0,180.0,180.0
2024-10-17 10:29:00,0.0,153.75,153.75
2024-10-17 10:30:00,0.0,322.5,322.5
2024-10-17 10:31:00,0.0,255.0,255.0
2024-10-17 10:32:00,0.0,157.5,157.5
2024-10-17 10:33:00,0.0,198.75,198.75
2024-10-17 10:34:00,0.0,78.75,78.75
2024-10-17 10:35:00,0.0,90.0,90.0
2024-10-17 10:36:00,0.0,127.5,127.5
2024-10-17 10:37:00,0.0,648.75,648.75
2024-10-17 10:38:00,0.0,738.75,738.75
2024-10-17 10:39:00,0.0,626.25,626.25
2024-10-17 10:40:00,0.0,577.5,577.5
2024-10-17 10:41:00,0.0,551.25,551.25
2024-10-17 10:42:00,0.0,588.75,588.75
2024-10-17 10:43:00,0.0,330.0,330.0
2024-10-17 10:44:00,0.0,427.5,427.5
2024-10-17 10:45:00,0.0,393.75,393.75
2024-10-17 10:46:00,0.0,375.0,375.0
2024-10-17 10:47:00,0.0,457.5,457.5
2024-10-17 10:48:00,0.0,348.75,348.75
2024-10-17 10:49:00,0.0,618.75,618.75
2024-10-17 10:50:00,0.0,498.75,498.75
2024-10-17 10:51:00,0.0,555.0,555.0
2024-10-17 10:52:00,0.0,532.5,532.5
2024-10-17 10:53:00,0.0,468.75,468.75
2024-10-17 10:54:00,0.0,487.5,487.5
2024-10-17 10:55:00,0.0,476.25,476.25
2024-10-17 10:56:00,0.0,71.25,71.25
2024-10-17 10:57:00,0.0,176.25,176.25
2024-10-17 10:58:00,0.0,172.5,172.5
2024-10-17 10:59:00,0.0,262.5,262.5
2024-10-17 11:00:00,0.0,243.75,243.75
2024-10-17 11:01:00,0.0,195.0,195.0
2024-10-17 11:02:00,0.0,337.5,337.5
2024-10-17 11:03:00,0.0,386.25,386.25
2024-10-17 11:04:00,0.0,202.5,202.5
2024-10-17 11:05:00,0.0,300.0,300.0
2024-10-17 11:06:00,0.0,48.75,48.75
2024-10-17 11:07:00,0.0,86.25,86.25
2024-10-17 11:08:00,0.0,-33.75,-33.75
2024-10-17 11:09:00,0.0,41.25,41.25
2024-10-17 11:10:00,0.0,-322.5,-322.5
2024-10-17 11:11:00,0.0,-292.5,-292.5
2024-10-17 11:12:00,0.0,-251.25,-251.25
2024-10-17 11:13:00,0.0,-318.75,-318.75
2024-10-17 11:14:00,0.0,-401.25,-401.25
2024-10-17 11:15:00,0.0,-727.5,-727.5
2024-10-17 11:16:00,-60.0,-543.75,-603.75
2024-10-17 11:17:00,180.0,-791.25,-611.25
2024-10-17 11:18:00,18.75,-615.0,-596.25
2024-10-17 11:19:00,-7.5,-521.25,-528.75
2024-10-17 11:20:00,-33.75,-442.5,-476.25
2024-10-17 11:21:00,-22.5,-517.5,-540.0
2024-10-17 11:22:00,-285.0,-97.5,-382.5
2024-10-17 11:23:00,-228.75,-86.25,-315.0
2024-10-17 11:24:00,52.5,-251.25,-198.75
2024-10-17 11:25:00,52.5,-300.0,-247.5
2024-10-17 11:26:00,63.75,-408.75,-345.0
2024-10-17 11:27:00,341.25,-626.25,-285.0
2024-10-17 11:28:00,562.5,-843.75,-281.25
2024-10-17 11:29:00,757.5,-1072.5,-315.0
2024-10-17 11:30:00,716.25,-933.75,-217.5
2024-10-17 11:31:00,768.75,-1106.25,-337.5
2024-10-17 11:32:00,750.0,-945.0,-195.0
2024-10-17 11:33:00,701.25,-877.5,-176.25
2024-10-17 11:34:00,791.25,-1031.25,-240.0
2024-10-17 11:35:00,772.5,-960.0,-187.5
2024-10-17 11:36:00,783.75,-1005.0,-221.25
2024-10-17 11:37:00,671.25,-633.75,37.5
2024-10-17 11:38:00,540.0,-465.0,75.0
2024-10-17 11:39:00,491.25,-416.25,75.0
2024-10-17 11:40:00,618.75,-532.5,86.25
2024-10-17 11:41:00,558.75,-498.75,60.0
2024-10-17 11:42:00,663.75,-573.75,90.0
2024-10-17 11:43:00,720.0,-663.75,56.25
2024-10-17 11:44:00,802.5,-682.5,120.0
2024-10-17 11:45:00,753.75,-641.25,112.5
2024-10-17 11:46:00,705.0,-716.25,-11.25
2024-10-17 11:47:00,832.5,-858.75,-26.25
2024-10-17 11:48:00,881.25,-903.75,-22.5
2024-10-17 11:49:00,810.0,-641.25,168.75
2024-10-17 11:50:00,742.5,-551.25,191.25
2024-10-17 11:51:00,630.0,-318.75,311.25
2024-10-17 11:52:00,622.5,-285.0,337.5
2024-10-17 11:53:00,686.25,-378.75,307.5
2024-10-17 11:54:00,465.0,-48.75,416.25
2024-10-17 11:55:00,543.75,-161.25,382.5
2024-10-17 11:56:00,506.25,-135.0,371.25
2024-10-17 11:57:00,603.75,-217.5,386.25
2024-10-17 11:58:00,810.0,-483.75,326.25
2024-10-17 11:59:00,855.0,-502.5,352.5
2024-10-17 12:00:00,761.25,-382.5,378.75
2024-10-17 12:01:00,783.75,-408.75,375.0
2024-10-17 12:02:00,915.0,-577.5,337.5
2024-10-17 12:03:00,817.5,-397.5,420.0
2024-10-17 12:04:00,911.25,-600.0,311.25
2024-10-17 12:05:00,858.75,-521.25,337.5
2024-10-17 12:06:00,892.5,-525.0,367.5
2024-10-17 12:07:00,768.75,-318.75,450.0
2024-10-17 12:08:00,742.5,-247.5,495.0
2024-10-17 12:09:00,656.25,-123.75,532.5
2024-10-17 12:10:00,603.75,-112.5,491.25
2024-10-17 12:11:00,607.5,-135.0,472.5
2024-10-17 12:12:00,742.5,-240.0,502.5
2024-10-17 12:13:00,870.0,-390.0,480.0
2024-10-17 12:14:00,862.5,-352.5,510.0
2024-10-17 12:15:00,877.5,-333.75,543.75
2024-10-17 12:16:00,907.5,-401.25,506.25
2024-10-17 12:17:00,866.25,-288.75,577.5
2024-10-17 12:18:00,757.5,-90.0,667.5
2024-10-17 12:19:00,716.25,-48.75,667.5
2024-10-17 12:20:00,783.75,-86.25,697.5
2024-10-17 12:21:00,1023.75,-337.5,686.25
2024-10-17 12:22:00,1076.25,-480.0,596.25
2024-10-17 12:23:00,1080.0,-502.5,577.5
2024-10-17 12:24:00,1102.5,-540.0,562.5
2024-10-17 12:25:00,967.5,-210.0,757.5
2024-10-17 12:26:00,1001.25,-236.25,765.0
2024-10-17 12:27:00,1117.5,-431.25,686.25
2024-10-17 12:28:00,1027.5,-228.75,798.75
2024-10-17 12:29:00,1012.5,-228.75,783.75
2024-10-17 12:30:00,997.5,-168.75,828.75
2024-10-17 12:31:00,918.75,-56.25,862.5
2024-10-17 12:32:00,975.0,-120.0,855.0
2024-10-17 12:33:00,1005.0,-108.75,896.25
2024-10-17 12:34:00,1098.75,-176.25,922.5
2024-10-17 12:35:00,1057.5,-135.0,922.5
2024-10-17 12:36:00,1132.5,-161.25,971.25
2024-10-17 12:37:00,1177.5,-255.0,922.5
2024-10-17 12:38:00,1140.0,-150.0,990.0
2024-10-17 12:39:00,1203.75,-247.5,956.25
2024-10-17 12:40:00,1207.5,-277.5,930.0
2024-10-17 12:41:00,1166.25,-198.75,967.5
2024-10-17 12:42:00,1301.25,-382.5,918.75
2024-10-17 12:43:00,1376.25,-585.0,791.25
2024-10-17 12:44:00,1361.25,-566.25,795.0
2024-10-17 12:45:00,1402.5,-813.75,588.75
2024-10-17 12:46:00,1387.5,-787.5,600.0
2024-10-17 12:47:00,1522.5,-1338.75,183.75
2024-10-17 12:48:00,1578.75,-1432.5,146.25
2024-10-17 12:49:00,1650.0,-1151.25,498.75
2024-10-17 12:50:00,1541.25,-772.5,768.75
2024-10-17 12:51:00,1530.0,-881.25,648.75
2024-10-17 12:52:00,1462.5,-626.25,836.25
2024-10-17 12:53:00,1398.75,-491.25,907.5
2024-10-17 12:54:00,1436.25,-566.25,870.0
2024-10-17 12:55:00,1447.5,-641.25,806.25
2024-10-17 12:56:00,1346.25,-498.75,847.5
2024-10-17 12:57:00,1368.75,-573.75,795.0
2024-10-17 12:58:00,1473.75,-720.0,753.75
2024-10-17 12:59:00,1275.0,-435.0,840.0
2024-10-17 13:00:00,1305.0,-487.5,817.5
2024-10-17 13:01:00,1226.25,-352.5,873.75
2024-10-17 13:02:00,1301.25,-517.5,783.75
2024-10-17 13:03:00,1350.0,-570.0,780.0
2024-10-17 13:04:00,1286.25,-525.0,761.25
2024-10-17 13:05:00,1278.75,-521.25,757.5
2024-10-17 13:06:00,1260.0,-525.0,735.0
2024-10-17 13:07:00,1185.0,-461.25,723.75
2024-10-17 13:08:00,1241.25,-521.25,720.0
2024-10-17 13:09:00,1365.0,-697.5,667.5
2024-10-17 13:10:00,1338.75,-603.75,735.0
2024-10-17 13:11:00,1327.5,-600.0,727.5
2024-10-17 13:12:00,1271.25,-547.5,723.75
2024-10-17 13:13:00,1383.75,-645.0,738.75
2024-10-17 13:14:00,1421.25,-716.25,705.0
2024-10-17 13:15:00,1432.5,-675.0,757.5
2024-10-17 13:16:00,1447.5,-802.5,645.0
2024-10-17 13:17:00,1515.0,-1005.0,510.0
2024-10-17 13:18:00,1428.75,-746.25,682.5
2024-10-17 13:19:00,1496.25,-933.75,562.5
2024-10-17 13:20:00,1578.75,-1185.0,393.75
2024-10-17 13:21:00,1578.75,-1226.25,352.5
2024-10-17 13:22:00,1586.25,-1353.75,232.5
2024-10-17 13:23:00,1511.25,-1147.5,363.75
2024-10-17 13:24:00,1518.75,-1203.75,315.0
2024-10-17 13:25:00,1582.5,-1507.5,75.0
2024-10-17 13:26:00,1578.75,-1627.5,-48.75
2024-10-17 13:27:00,1571.25,-1563.75,7.5
2024-10-17 13:28:00,1657.5,-2028.75,-371.25
2024-10-17 13:29:00,1646.25,-1923.75,-277.5
2024-10-17 13:30:00,1638.75,-1747.5,-108.75
2024-10-17 13:31:00,1642.5,-1856.25,-213.75
2024-10-17 13:32:00,1616.25,-1736.25,-120.0
2024-10-17 13:33:00,1612.5,-1668.75,-56.25
2024-10-17 13:34:00,1608.75,-1668.75,-60.0
2024-10-17 13:35:00,1638.75,-1743.75,-105.0
2024-10-17 13:36:00,1616.25,-1777.5,-161.25
2024-10-17 13:37:00,1612.5,-1758.75,-146.25
2024-10-17 13:38:00,1586.25,-1593.75,-7.5
2024-10-17 13:39:00,1537.5,-1376.25,161.25
2024-10-17 13:40:00,1526.25,-1335.0,191.25
2024-10-17 13:41:00,1605.0,-1541.25,63.75
2024-10-17 13:42:00,1653.75,-1646.25,7.5
2024-10-17 13:43:00,1721.25,-1770.0,-48.75
2024-10-17 13:44:00,1736.25,-1815.0,-78.75
2024-10-17 13:45:00,1687.5,-1578.75,108.75
2024-10-17 13:46:00,1698.75,-1601.25,97.5
2024-10-17 13:47:00,1740.0,-1777.5,-37.5
2024-10-17 13:48:00,1710.0,-1650.0,60.0
2024-10-17 13:49:00,1743.75,-1728.75,15.0
2024-10-17 13:50:00,1781.25,-1803.75,-22.5
2024-10-17 13:51:00,1815.0,-1920.0,-105.0
2024-10-17 13:52:00,1773.75,-1608.75,165.0
2024-10-17 13:53:00,1807.5,-1800.0,7.5
2024-10-17 13:54:00,1833.75,-1833.75,0.0
2024-10-17 13:55:00,1815.0,-1601.25,213.75
2024-10-17 13:56:00,1803.75,-1608.75,195.0
2024-10-17 13:57:00,1826.25,-1702.5,123.75
2024-10-17 13:58:00,1830.0,-1710.0,120.0
2024-10-17 13:59:00,1833.75,-1695.0,138.75
2024-10-17 14:00:00,1815.0,-1608.75,206.25
2024-10-17 14:01:00,1796.25,-1380.0,416.25
2024-10-17 14:02:00,1856.25,-1578.75,277.5
2024-10-17 14:03:00,1912.5,-1792.5,120.0
2024-10-17 14:04:00,1957.5,-1942.5,15.0
2024-10-17 14:05:00,1961.25,-1766.25,195.0
2024-10-17 14:06:00,1968.75,-1815.0,153.75
2024-10-17 14:07:00,1987.5,-1890.0,97.5
2024-10-17 14:08:00,1983.75,-1860.0,123.75
2024-10-17 14:09:00,1961.25,-1766.25,195.0
2024-10-17 14:10:00,2006.25,-1890.0,116.25
2024-10-17 14:11:00,2006.25,-1777.5,228.75
2024-10-17 14:12:00,2006.25,-1837.5,168.75
2024-10-17 14:13:00,2006.25,-1916.25,90.0
2024-10-17 14:14:00,2006.25,-1650.0,356.25
2024-10-17 14:15:00,2006.25,-1713.75,292.5
2024-10-17 14:16:00,2006.25,-1642.5,363.75
2024-10-17 14:17:00,2006.25,-1683.75,322.5
2024-10-17 14:18:00,2006.25,-1676.25,330.0
2024-10-17 14:19:00,2006.25,-1710.0,296.25
2024-10-17 14:20:00,2006.25,-1560.0,446.25
2024-10-17 14:21:00,2006.25,-1773.75,232.5
2024-10-17 14:22:00,2006.25,-1736.25,270.0
2024-10-17 14:23:00,2006.25,-1653.75,352.5
2024-10-17 14:24:00,2006.25,-1728.75,277.5
2024-10-17 14:25:00,2006.25,-1815.0,191.25
2024-10-17 14:26:00,2006.25,-1770.0,236.25
2024-10-17 14:27:00,2006.25,-1440.0,566.25
2024-10-17 14:28:00,2006.25,-1380.0,626.25
2024-10-17 14:29:00,2006.25,-1087.5,918.75
2024-10-17 14:30:00,2006.25,-1200.0,806.25
2024-10-17 14:31:00,2006.25,-1200.0,806.25
2024-10-17 14:32:00,2006.25,-1200.0,806.25
2024-10-17 14:33:00,2006.25,-1200.0,806.25
2024-10-17 14:34:00,2006.25,-1200.0,806.25
2024-10-17 14:35:00,2006.25,-1200.0,806.25
2024-10-17 14:36:00,2006.25,-1200.0,806.25
2024-10-17 14:37:00,2006.25,-1200.0,806.25
2024-10-17 14:38:00,2006.25,-1200.0,806.25
2024-10-17 14:39:00,2006.25,-1200.0,806.25
2024-10-17 14:40:00,2006.25,-1200.0,806.25
2024-10-17 14:41:00,2006.25,-1200.0,806.25
2024-10-17 14:42:00,2006.25,-1200.0,806.25
2024-10-17 14:43:00,2006.25,-1200.0,806.25
2024-10-17 14:44:00,2006.25,-1200.0,806.25
2024-10-17 14:45:00,2006.25,-1200.0,806.25
2024-10-17 14:46:00,2006.25,-1200.0,806.25
2024-10-17 14:47:00,2006.25,-1200.0,806.25
2024-10-17 14:48:00,2006.25,-1200.0,806.25
2024-10-17 14:49:00,2006.25,-1200.0,806.25
2024-10-17 14:50:00,2006.25,-1200.0,806.25
2024-10-17 14:51:00,2006.25,-1200.0,806.25
2024-10-17 14:52:00,2006.25,-1200.0,806.25
2024-10-17 14:53:00,2006.25,-1200.0,806.25
2024-10-17 14:54:00,2006.25,-1200.0,806.25
2024-10-17 14:55:00,2006.25,-1200.0,806.25
2024-10-17 14:56:00,2006.25,-1200.0,806.25
2024-10-17 14:57:00,2006.25,-1200.0,806.25
2024-10-17 14:58:00,2006.25,-1200.0,806.25
2024-10-17 14:59:00,2006.25,-1200.0,806.25
2024-10-17 15:00:00,2006.25,-1200.0,806.25
2024-10-17 15:01:00,2006.25,-1200.0,806.25
2024-10-17 15:02:00,2006.25,-1200.0,806.25
2024-10-17 15:03:00,2006.25,-1200.0,806.25
2024-10-17 15:04:00,2006.25,-1200.0,806.25
2024-10-17 15:05:00,2006.25,-1200.0,806.25
2024-10-17 15:06:00,2006.25,-1200.0,806.25
2024-10-17 15:07:00,2006.25,-1200.0,806.25
2024-10-17 15:08:00,2006.25,-1200.0,806.25
2024-10-17 15:09:00,2006.25,-1200.0,806.25
2024-10-17 15:10:00,2006.25,-1200.0,806.25
2024-10-17 15:11:00,2006.25,-1200.0,806.25
2024-10-17 15:12:00,2006.25,-1200.0,806.25
2024-10-17 15:13:00,2006.25,-1200.0,806.25
2024-10-17 15:14:00,2006.25,-1200.0,806.25
2024-10-17 15:15:00,2006.25,-1200.0,806.25
2024-10-17 15:16:00,2006.25,-1200.0,806.25
2024-10-17 15:17:00,2006.25,-1200.0,806.25
2024-10-17 15:18:00,2006.25,-1200.0,806.25
2024-10-17 15:19:00,2006.25,-1200.0,806.25
2024-10-17 15:20:00,2006.25,-1200.0,806.25
2024-10-17 15:21:00,2006.25,-1200.0,806.25
2024-10-17 15:22:00,2006.25,-1200.0,806.25
2024-10-17 15:23:00,2006.25,-1200.0,806.25
2024-10-17 15:24:00,2006.25,-1200.0,806.25
2024-10-17 15:25:00,2006.25,-1200.0,806.25
2024-10-17 15:26:00,2006.25,-1200.0,806.25
2024-10-17 15:27:00,2006.25,-1200.0,806.25
2024-10-17 15:28:00,2006.25,-1200.0,806.25
2024-10-17 15:29:00,2006.25,-1200.0,806.25
2024-10-17 15:30:00,2006.25,-1200.0,806.25
2024-10-24 10:15:00,0.0,0.0,0.0
2024-10-24 10:16:00,-11.25,56.25,45.0
2024-10-24 10:17:00,-18.75,-7.5,-26.25
2024-10-24 10:18:00,307.5,-172.5,135.0
2024-10-24 10:19:00,405.0,-382.5,22.5
2024-10-24 10:20:00,431.25,-300.0,131.25
2024-10-24 10:21:00,435.0,-187.5,247.5
2024-10-24 10:22:00,525.0,-213.75,311.25
2024-10-24 10:23:00,551.25,-337.5,213.75
2024-10-24 10:24:00,585.0,-315.0,270.0
2024-10-24 10:25:00,513.75,-180.0,333.75
2024-10-24 10:26:00,607.5,-168.75,438.75
2024-10-24 10:27:00,603.75,-150.0,453.75
2024-10-24 10:28:00,506.25,138.75,645.0
2024-10-24 10:29:00,517.5,288.75,806.25
2024-10-24 10:30:00,585.0,161.25,746.25
2024-10-24 10:31:00,667.5,142.5,810.0
2024-10-24 10:32:00,682.5,123.75,806.25
2024-10-24 10:33:00,731.25,105.0,836.25
2024-10-24 10:34:00,690.0,273.75,963.75
2024-10-24 10:35:00,656.25,330.0,986.25
2024-10-24 10:36:00,648.75,322.5,971.25
2024-10-24 10:37:00,742.5,-93.75,648.75
2024-10-24 10:38:00,757.5,-3.75,753.75
2024-10-24 10:39:00,633.75,371.25,1005.0
2024-10-24 10:40:00,641.25,378.75,1020.0
2024-10-24 10:41:00,671.25,352.5,1023.75
2024-10-24 10:42:00,682.5,292.5,975.0
2024-10-24 10:43:00,690.0,333.75,1023.75
2024-10-24 10:44:00,697.5,333.75,1031.25
2024-10-24 10:45:00,791.25,285.0,1076.25
2024-10-24 10:46:00,753.75,348.75,1102.5
2024-10-24 10:47:00,840.0,270.0,1110.0
2024-10-24 10:48:00,926.25,180.0,1106.25
2024-10-24 10:49:00,926.25,247.5,1173.75
2024-10-24 10:50:00,945.0,221.25,1166.25
2024-10-24 10:51:00,918.75,408.75,1327.5
2024-10-24 10:52:00,1001.25,311.25,1312.5
2024-10-24 10:53:00,1027.5,213.75,1241.25
2024-10-24 10:54:00,1005.0,360.0,1365.0
2024-10-24 10:55:00,982.5,558.75,1541.25
2024-10-24 10:56:00,1008.75,468.75,1477.5
2024-10-24 10:57:00,1053.75,393.75,1447.5
2024-10-24 10:58:00,1091.25,296.25,1387.5
2024-10-24 10:59:00,1181.25,202.5,1383.75
2024-10-24 11:00:00,1162.5,191.25,1353.75
2024-10-24 11:01:00,1166.25,123.75,1290.0
2024-10-24 11:02:00,1185.0,206.25,1391.25
2024-10-24 11:03:00,1200.0,228.75,1428.75
2024-10-24 11:04:00,1188.75,273.75,1462.5
2024-10-24 11:05:00,1173.75,416.25,1590.0
2024-10-24 11:06:00,1188.75,315.0,1503.75
2024-10-24 11:07:00,1207.5,258.75,1466.25
2024-10-24 11:08:00,1192.5,236.25,1428.75
2024-10-24 11:09:00,1203.75,63.75,1267.5
2024-10-24 11:10:00,1218.75,78.75,1297.5
2024-10-24 11:11:00,1162.5,82.5,1245.0
2024-10-24 11:12:00,1177.5,82.5,1260.0
2024-10-24 11:13:00,1185.0,120.0,1305.0
2024-10-24 11:14:00,1155.0,228.75,1383.75
2024-10-24 11:15:00,1218.75,198.75,1417.5
2024-10-24 11:16:00,1170.0,311.25,1481.25
2024-10-24 11:17:00,1331.25,127.5,1458.75
2024-10-24 11:18:00,1368.75,135.0,1503.75
2024-10-24 11:19:00,1380.0,198.75,1578.75
2024-10-24 11:20:00,1320.0,262.5,1582.5
2024-10-24 11:21:00,1252.5,525.0,1777.5
2024-10-24 11:22:00,1267.5,378.75,1646.25
2024-10-24 11:23:00,1200.0,446.25,1646.25
2024-10-24 11:24:00,1267.5,423.75,1691.25
2024-10-24 11:25:00,1327.5,412.5,1740.0
2024-10-24 11:26:00,1203.75,618.75,1822.5
2024-10-24 11:27:00,1260.0,543.75,1803.75
2024-10-24 11:28:00,1466.25,446.25,1912.5
2024-10-24 11:29:00,1462.5,427.5,1890.0
2024-10-24 11:30:00,1432.5,521.25,1953.75
2024-10-24 11:31:00,1410.0,536.25,1946.25
2024-10-24 11:32:00,1387.5,491.25,1878.75
2024-10-24 11:33:00,1245.0,615.0,1860.0
2024-10-24 11:34:00,1200.0,596.25,1796.25
2024-10-24 11:35:00,1301.25,562.5,1863.75
2024-10-24 11:36:00,1361.25,540.0,1901.25
2024-10-24 11:37:00,1207.5,603.75,1811.25
2024-10-24 11:38:00,1237.5,453.75,1691.25
2024-10-24 11:39:00,1068.75,540.0,1608.75
2024-10-24 11:40:00,1170.0,521.25,1691.25
2024-10-24 11:41:00,1188.75,465.0,1653.75
2024-10-24 11:42:00,1252.5,457.5,1710.0
2024-10-24 11:43:00,1267.5,487.5,1755.0
2024-10-24 11:44:00,1308.75,476.25,1785.0
2024-10-24 11:45:00,1331.25,483.75,1815.0
2024-10-24 11:46:00,1383.75,453.75,1837.5
2024-10-24 11:47:00,1432.5,405.0,1837.5
2024-10-24 11:48:00,1440.0,345.0,1785.0
2024-10-24 11:49:00,1466.25,292.5,1758.75
2024-10-24 11:50:00,1440.0,397.5,1837.5
2024-10-24 11:51:00,1421.25,427.5,1848.75
2024-10-24 11:52:00,1466.25,341.25,1807.5
2024-10-24 11:53:00,1496.25,232.5,1728.75
2024-10-24 11:54:00,1466.25,318.75,1785.0
2024-10-24 11:55:00,1462.5,300.0,1762.5
2024-10-24 11:56:00,1440.0,322.5,1762.5
2024-10-24 11:57:00,1485.0,273.75,1758.75
2024-10-24 11:58:00,1443.75,333.75,1777.5
2024-10-24 11:59:00,1477.5,258.75,1736.25
2024-10-24 12:00:00,1436.25,397.5,1833.75
2024-10-24 12:01:00,1443.75,450.0,1893.75
2024-10-24 12:02:00,1466.25,416.25,1882.5
2024-10-24 12:03:00,1443.75,453.75,1897.5
2024-10-24 12:04:00,1462.5,412.5,1875.0
2024-10-24 12:05:00,1417.5,618.75,2036.25
2024-10-24 12:06:00,1470.0,570.0,2040.0
2024-10-24 12:07:00,1518.75,547.5,2066.25
2024-10-24 12:08:00,1511.25,528.75,2040.0
2024-10-24 12:09:00,1563.75,412.5,1976.25
2024-10-24 12:10:00,1567.5,472.5,2040.0
2024-10-24 12:11:00,1511.25,577.5,2088.75
2024-10-24 12:12:00,1518.75,536.25,2055.0
2024-10-24 12:13:00,1500.0,570.0,2070.0
2024-10-24 12:14:00,1503.75,585.0,2088.75
2024-10-24 12:15:00,1567.5,532.5,2100.0
2024-10-24 12:16:00,1597.5,551.25,2148.75
2024-10-24 12:17:00,1680.0,461.25,2141.25
2024-10-24 12:18:00,1691.25,476.25,2167.5
2024-10-24 12:19:00,1661.25,551.25,2212.5
2024-10-24 12:20:00,1631.25,746.25,2377.5
2024-10-24 12:21:00,1623.75,727.5,2351.25
2024-10-24 12:22:00,1620.0,712.5,2332.5
2024-10-24 12:23:00,1672.5,686.25,2358.75
2024-10-24 12:24:00,1672.5,652.5,2325.0
2024-10-24 12:25:00,1683.75,637.5,2321.25
2024-10-24 12:26:00,1680.0,660.0,2340.0
2024-10-24 12:27:00,1680.0,656.25,2336.25
2024-10-24 12:28:00,1687.5,611.25,2298.75
2024-10-24 12:29:00,1665.0,663.75,2328.75
2024-10-24 12:30:00,1702.5,611.25,2313.75
2024-10-24 12:31:00,1687.5,678.75,2366.25
2024-10-24 12:32:00,1665.0,693.75,2358.75
2024-10-24 12:33:00,1668.75,746.25,2415.0
2024-10-24 12:34:00,1650.0,798.75,2448.75
2024-10-24 12:35:00,1597.5,896.25,2493.75
2024-10-24 12:36:00,1563.75,933.75,2497.5
2024-10-24 12:37:00,1507.5,982.5,2490.0
2024-10-24 12:38:00,1492.5,952.5,2445.0
2024-10-24 12:39:00,1530.0,903.75,2433.75
2024-10-24 12:40:00,1563.75,885.0,2448.75
2024-10-24 12:41:00,1650.0,870.0,2520.0
2024-10-24 12:42:00,1687.5,836.25,2523.75
2024-10-24 12:43:00,1597.5,926.25,2523.75
2024-10-24 12:44:00,1552.5,915.0,2467.5
2024-10-24 12:45:00,1560.0,885.0,2445.0
2024-10-24 12:46:00,1556.25,900.0,2456.25
2024-10-24 12:47:00,1526.25,907.5,2433.75
2024-10-24 12:48:00,1567.5,847.5,2415.0
2024-10-24 12:49:00,1627.5,780.0,2407.5
2024-10-24 12:50:00,1672.5,802.5,2475.0
2024-10-24 12:51:00,1672.5,731.25,2403.75
2024-10-24 12:52:00,1683.75,693.75,2377.5
2024-10-24 12:53:00,1672.5,742.5,2415.0
2024-10-24 12:54:00,1698.75,633.75,2332.5
2024-10-24 12:55:00,1725.0,487.5,2212.5
2024-10-24 12:56:00,1691.25,570.0,2261.25
2024-10-24 12:57:00,1713.75,543.75,2257.5
2024-10-24 12:58:00,1691.25,690.0,2381.25
2024-10-24 12:59:00,1728.75,615.0,2343.75
2024-10-24 13:00:00,1695.0,660.0,2355.0
2024-10-24 13:01:00,1683.75,716.25,2400.0
2024-10-24 13:02:00,1702.5,663.75,2366.25
2024-10-24 13:03:00,1698.75,693.75,2392.5
2024-10-24 13:04:00,1706.25,708.75,2415.0
2024-10-24 13:05:00,1702.5,791.25,2493.75
2024-10-24 13:06:00,1710.0,840.0,2550.0
2024-10-24 13:07:00,1747.5,787.5,2535.0
2024-10-24 13:08:00,1728.75,795.0,2523.75
2024-10-24 13:09:00,1717.5,825.0,2542.5
2024-10-24 13:10:00,1710.0,832.5,2542.5
2024-10-24 13:11:00,1728.75,836.25,2565.0
2024-10-24 13:12:00,1736.25,847.5,2583.75
2024-10-24 13:13:00,1770.0,765.0,2535.0
2024-10-24 13:14:00,1758.75,663.75,2422.5
2024-10-24 13:15:00,1728.75,783.75,2512.5
2024-10-24 13:16:00,1717.5,836.25,2553.75
2024-10-24 13:17:00,1706.25,836.25,2542.5
2024-10-24 13:18:00,1710.0,836.25,2546.25
2024-10-24 13:19:00,1672.5,858.75,2531.25
2024-10-24 13:20:00,1620.0,922.5,2542.5
2024-10-24 13:21:00,1646.25,877.5,2523.75
2024-10-24 13:22:00,1702.5,873.75,2576.25
2024-10-24 13:23:00,1683.75,866.25,2550.0
2024-10-24 13:24:00,1710.0,896.25,2606.25
2024-10-24 13:25:00,1698.75,888.75,2587.5
2024-10-24 13:26:00,1680.0,922.5,2602.5
2024-10-24 13:27:00,1706.25,907.5,2613.75
2024-10-24 13:28:00,1725.0,915.0,2640.0
2024-10-24 13:29:00,1740.0,900.0,2640.0
2024-10-24 13:30:00,1803.75,915.0,2718.75
2024-10-24 13:31:00,1822.5,858.75,2681.25
2024-10-24 13:32:00,1875.0,817.5,2692.5
2024-10-24 13:33:00,1890.0,768.75,2658.75
2024-10-24 13:34:00,1923.75,772.5,2696.25
2024-10-24 13:35:00,1927.5,802.5,2730.0
2024-10-24 13:36:00,1942.5,645.0,2587.5
2024-10-24 13:37:00,1927.5,708.75,2636.25
2024-10-24 13:38:00,1946.25,757.5,2703.75
2024-10-24 13:39:00,1935.0,821.25,2756.25
2024-10-24 13:40:00,1931.25,907.5,2838.75
2024-10-24 13:41:00,1946.25,851.25,2797.5
2024-10-24 13:42:00,1953.75,765.0,2718.75
2024-10-24 13:43:00,1942.5,772.5,2715.0
2024-10-24 13:44:00,1946.25,866.25,2812.5
2024-10-24 13:45:00,1957.5,866.25,2823.75
2024-10-24 13:46:00,1980.0,802.5,2782.5
2024-10-24 13:47:00,1968.75,866.25,2835.0
2024-10-24 13:48:00,1965.0,873.75,2838.75
2024-10-24 13:49:00,1961.25,892.5,2853.75
2024-10-24 13:50:00,1912.5,1016.25,2928.75
2024-10-24 13:51:00,1905.0,1016.25,2921.25
2024-10-24 13:52:00,1837.5,1061.25,2898.75
2024-10-24 13:53:00,1845.0,1020.0,2865.0
2024-10-24 13:54:00,1882.5,997.5,2880.0
2024-10-24 13:55:00,1893.75,1008.75,2902.5
2024-10-24 13:56:00,1938.75,978.75,2917.5
2024-10-24 13:57:00,1976.25,956.25,2932.5
2024-10-24 13:58:00,2021.25,941.25,2962.5
2024-10-24 13:59:00,2040.0,990.0,3030.0
2024-10-24 14:00:00,2025.0,1001.25,3026.25
2024-10-24 14:01:00,2021.25,1035.0,3056.25
2024-10-24 14:02:00,1995.0,1016.25,3011.25
2024-10-24 14:03:00,2047.5,918.75,2966.25
2024-10-24 14:04:00,2081.25,836.25,2917.5
2024-10-24 14:05:00,2088.75,806.25,2895.0
2024-10-24 14:06:00,2058.75,903.75,2962.5
2024-10-24 14:07:00,2077.5,911.25,2988.75
2024-10-24 14:08:00,2081.25,922.5,3003.75
2024-10-24 14:09:00,2070.0,982.5,3052.5
2024-10-24 14:10:00,2070.0,967.5,3037.5
2024-10-24 14:11:00,2077.5,956.25,3033.75
2024-10-24 14:12:00,2096.25,922.5,3018.75
2024-10-24 14:13:00,2100.0,960.0,3060.0
2024-10-24 14:14:00,2111.25,918.75,3030.0
2024-10-24 14:15:00,2107.5,993.75,3101.25
2024-10-24 14:16:00,2092.5,1001.25,3093.75
2024-10-24 14:17:00,2096.25,926.25,3022.5
2024-10-24 14:18:00,2096.25,633.75,2730.0
2024-10-24 14:19:00,2096.25,727.5,2823.75
2024-10-24 14:20:00,2092.5,682.5,2775.0
2024-10-24 14:21:00,2092.5,757.5,2850.0
2024-10-24 14:22:00,2092.5,697.5,2790.0
2024-10-24 14:23:00,2096.25,656.25,2752.5
2024-10-24 14:24:00,2107.5,611.25,2718.75
2024-10-24 14:25:00,2100.0,-93.75,2006.25
2024-10-24 14:26:00,2137.5,168.75,2306.25
2024-10-24 14:27:00,2148.75,405.0,2553.75
2024-10-24 14:28:00,2145.0,551.25,2696.25
2024-10-24 14:29:00,2148.75,472.5,2621.25
2024-10-24 14:30:00,2145.0,540.0,2685.0
2024-10-24 14:31:00,2092.5,885.0,2977.5
2024-10-24 14:32:00,2137.5,862.5,3000.0
2024-10-24 14:33:00,2145.0,836.25,2981.25
2024-10-24 14:34:00,2148.75,795.0,2943.75
2024-10-24 14:35:00,2160.0,727.5,2887.5
2024-10-24 14:36:00,2152.5,783.75,2936.25
2024-10-24 14:37:00,2130.0,948.75,3078.75
2024-10-24 14:38:00,2122.5,941.25,3063.75
2024-10-24 14:39:00,2145.0,933.75,3078.75
2024-10-24 14:40:00,2118.75,1061.25,3180.0
2024-10-24 14:41:00,2115.0,1147.5,3262.5
2024-10-24 14:42:00,2126.25,1005.0,3131.25
2024-10-24 14:43:00,2171.25,926.25,3097.5
2024-10-24 14:44:00,2171.25,1147.5,3318.75
2024-10-24 14:45:00,2152.5,1155.0,3307.5
2024-10-24 14:46:00,2178.75,1083.75,3262.5
2024-10-24 14:47:00,2175.0,1147.5,3322.5
2024-10-24 14:48:00,2171.25,1203.75,3375.0
2024-10-24 14:49:00,2175.0,1170.0,3345.0
2024-10-24 14:50:00,2152.5,1320.0,3472.5
2024-10-24 14:51:00,2193.75,1241.25,3435.0
2024-10-24 14:52:00,2171.25,1338.75,3510.0
2024-10-24 14:53:00,2182.5,1271.25,3453.75
2024-10-24 14:54:00,2182.5,1290.0,3472.5
2024-10-24 14:55:00,2190.0,1327.5,3517.5
2024-10-24 14:56:00,2193.75,1323.75,3517.5
2024-10-24 14:57:00,2201.25,1278.75,3480.0
2024-10-24 14:58:00,2208.75,1346.25,3555.0
2024-10-24 14:59:00,2212.5,1323.75,3536.25
2024-10-24 15:00:00,2216.25,1376.25,3592.5
2024-10-24 15:01:00,2223.75,1470.0,3693.75
2024-10-24 15:02:00,2231.25,1597.5,3828.75
2024-10-24 15:03:00,2238.75,1582.5,3821.25
2024-10-24 15:04:00,2246.25,1616.25,3862.5
2024-10-24 15:05:00,2246.25,1601.25,3847.5
2024-10-24 15:06:00,2253.75,1620.0,3873.75
2024-10-24 15:07:00,2242.5,1646.25,3888.75
2024-10-24 15:08:00,2250.0,1571.25,3821.25
2024-10-24 15:09:00,2253.75,1593.75,3847.5
2024-10-24 15:10:00,2250.0,1638.75,3888.75
2024-10-24 15:11:00,2257.5,1612.5,3870.0
2024-10-24 15:12:00,2265.0,1605.0,3870.0
2024-10-24 15:13:00,2257.5,1582.5,3840.0
2024-10-24 15:14:00,2261.25,1593.75,3855.0
2024-10-24 15:15:00,2261.25,1616.25,3877.5
2024-10-24 15:16:00,2265.0,1650.0,3915.0
2024-10-24 15:17:00,2261.25,1646.25,3907.5
2024-10-24 15:18:00,2257.5,1650.0,3907.5
2024-10-24 15:19:00,2257.5,1653.75,3911.25
2024-10-24 15:20:00,2265.0,1657.5,3922.5
2024-10-24 15:21:00,2265.0,1657.5,3922.5
2024-10-24 15:22:00,2265.0,1657.5,3922.5
2024-10-24 15:23:00,2265.0,1657.5,3922.5
2024-10-24 15:24:00,2265.0,1657.5,3922.5
2024-10-24 15:25:00,2265.0,1657.5,3922.5
2024-10-24 15:26:00,2265.0,1657.5,3922.5
2024-10-24 15:27:00,2265.0,1657.5,3922.5
2024-10-24 15:28:00,2265.0,1657.5,3922.5
2024-10-24 15:29:00,2265.0,1657.5,3922.5
2024-10-24 15:30:00,2265.0,1657.5,3922.5
2024-10-31 10:15:00,0.0,0.0,0.0
2024-10-31 10:16:00,-33.75,-11.25,-45.0
2024-10-31 10:17:00,-11.25,-7.5,-18.75
2024-10-31 10:18:00,168.75,-112.5,56.25
2024-10-31 10:19:00,247.5,-453.75,-206.25
2024-10-31 10:20:00,255.0,-356.25,-101.25
2024-10-31 10:21:00,195.0,-150.0,45.0
2024-10-31 10:22:00,221.25,-228.75,-7.5
2024-10-31 10:23:00,217.5,-258.75,-41.25
2024-10-31 10:24:00,180.0,-112.5,67.5
2024-10-31 10:25:00,161.25,127.5,288.75
2024-10-31 10:26:00,82.5,292.5,375.0
2024-10-31 10:27:00,262.5,71.25,333.75
2024-10-31 10:28:00,180.0,138.75,318.75
2024-10-31 10:29:00,243.75,93.75,337.5
2024-10-31 10:30:00,270.0,195.0,465.0
2024-10-31 10:31:00,326.25,165.0,491.25
2024-10-31 10:32:00,236.25,266.25,502.5
2024-10-31 10:33:00,322.5,101.25,423.75
2024-10-31 10:34:00,315.0,101.25,416.25
2024-10-31 10:35:00,281.25,161.25,442.5
2024-10-31 10:36:00,240.0,266.25,506.25
2024-10-31 10:37:00,195.0,300.0,495.0
2024-10-31 10:38:00,183.75,300.0,483.75
2024-10-31 10:39:00,217.5,300.0,517.5
2024-10-31 10:40:00,228.75,337.5,566.25
2024-10-31 10:41:00,202.5,333.75,536.25
2024-10-31 10:42:00,300.0,288.75,588.75
2024-10-31 10:43:00,326.25,251.25,577.5
2024-10-31 10:44:00,341.25,247.5,588.75
2024-10-31 10:45:00,442.5,93.75,536.25
2024-10-31 10:46:00,341.25,176.25,517.5
2024-10-31 10:47:00,352.5,86.25,438.75
2024-10-31 10:48:00,285.0,0.0,285.0
2024-10-31 10:49:00,322.5,-30.0,292.5
2024-10-31 10:50:00,408.75,-277.5,131.25
2024-10-31 10:51:00,393.75,-217.5,176.25
2024-10-31 10:52:00,397.5,-82.5,315.0
2024-10-31 10:53:00,461.25,-270.0,191.25
2024-10-31 10:54:00,476.25,-112.5,363.75
2024-10-31 10:55:00,532.5,-202.5,330.0
2024-10-31 10:56:00,491.25,-82.5,408.75
2024-10-31 10:57:00,457.5,-30.0,427.5
2024-10-31 10:58:00,435.0,67.5,502.5
2024-10-31 10:59:00,382.5,225.0,607.5
2024-10-31 11:00:00,446.25,120.0,566.25
2024-10-31 11:01:00,405.0,180.0,585.0
2024-10-31 11:02:00,397.5,183.75,581.25
2024-10-31 11:03:00,363.75,251.25,615.0
2024-10-31 11:04:00,352.5,285.0,637.5
2024-10-31 11:05:00,348.75,356.25,705.0
2024-10-31 11:06:00,360.0,303.75,663.75
2024-10-31 11:07:00,416.25,251.25,667.5
2024-10-31 11:08:00,378.75,285.0,663.75
2024-10-31 11:09:00,390.0,288.75,678.75
2024-10-31 11:10:00,450.0,262.5,712.5
2024-10-31 11:11:00,480.0,191.25,671.25
2024-10-31 11:12:00,498.75,221.25,720.0
2024-10-31 11:13:00,495.0,243.75,738.75
2024-10-31 11:14:00,491.25,243.75,735.0
2024-10-31 11:15:00,566.25,198.75,765.0
2024-10-31 11:16:00,540.0,202.5,742.5
2024-10-31 11:17:00,555.0,150.0,705.0
2024-10-31 11:18:00,551.25,135.0,686.25
2024-10-31 11:19:00,543.75,198.75,742.5
2024-10-31 11:20:00,555.0,187.5,742.5
2024-10-31 11:21:00,540.0,247.5,787.5
2024-10-31 11:22:00,480.0,367.5,847.5
2024-10-31 11:23:00,427.5,450.0,877.5
2024-10-31 11:24:00,393.75,453.75,847.5
2024-10-31 11:25:00,435.0,465.0,900.0
2024-10-31 11:26:00,435.0,513.75,948.75
2024-10-31 11:27:00,487.5,461.25,948.75
2024-10-31 11:28:00,513.75,446.25,960.0
2024-10-31 11:29:00,472.5,540.0,1012.5
2024-10-31 11:30:00,517.5,498.75,1016.25
2024-10-31 11:31:00,562.5,450.0,1012.5
2024-10-31 11:32:00,573.75,457.5,1031.25
2024-10-31 11:33:00,596.25,423.75,1020.0
2024-10-31 11:34:00,630.0,371.25,1001.25
2024-10-31 11:35:00,611.25,356.25,967.5
2024-10-31 11:36:00,618.75,386.25,1005.0
2024-10-31 11:37:00,611.25,412.5,1023.75
2024-10-31 11:38:00,611.25,352.5,963.75
2024-10-31 11:39:00,622.5,401.25,1023.75
2024-10-31 11:40:00,663.75,311.25,975.0
2024-10-31 11:41:00,652.5,232.5,885.0
2024-10-31 11:42:00,611.25,333.75,945.0
2024-10-31 11:43:00,630.0,210.0,840.0
2024-10-31 11:44:00,618.75,333.75,952.5
2024-10-31 11:45:00,592.5,382.5,975.0
2024-10-31 11:46:00,637.5,262.5,900.0
2024-10-31 11:47:00,637.5,285.0,922.5
2024-10-31 11:48:00,611.25,330.0,941.25
2024-10-31 11:49:00,611.25,322.5,933.75
2024-10-31 11:50:00,618.75,352.5,971.25
2024-10-31 11:51:00,626.25,345.0,971.25
2024-10-31 11:52:00,637.5,288.75,926.25
2024-10-31 11:53:00,603.75,386.25,990.0
2024-10-31 11:54:00,600.0,397.5,997.5
2024-10-31 11:55:00,607.5,393.75,1001.25
2024-10-31 11:56:00,600.0,408.75,1008.75
2024-10-31 11:57:00,630.0,356.25,986.25
2024-10-31 11:58:00,626.25,401.25,1027.5
2024-10-31 11:59:00,652.5,352.5,1005.0
2024-10-31 12:00:00,660.0,258.75,918.75
2024-10-31 12:01:00,645.0,206.25,851.25
2024-10-31 12:02:00,656.25,277.5,933.75
2024-10-31 12:03:00,645.0,318.75,963.75
2024-10-31 12:04:00,641.25,393.75,1035.0
2024-10-31 12:05:00,641.25,315.0,956.25
2024-10-31 12:06:00,622.5,367.5,990.0
2024-10-31 12:07:00,626.25,375.0,1001.25
2024-10-31 12:08:00,626.25,360.0,986.25
2024-10-31 12:09:00,637.5,356.25,993.75
2024-10-31 12:10:00,637.5,375.0,1012.5
2024-10-31 12:11:00,656.25,345.0,1001.25
2024-10-31 12:12:00,660.0,307.5,967.5
2024-10-31 12:13:00,660.0,322.5,982.5
2024-10-31 12:14:00,667.5,333.75,1001.25
2024-10-31 12:15:00,667.5,345.0,1012.5
2024-10-31 12:16:00,667.5,251.25,918.75
2024-10-31 12:17:00,682.5,348.75,1031.25
2024-10-31 12:18:00,723.75,307.5,1031.25
2024-10-31 12:19:00,750.0,333.75,1083.75
2024-10-31 12:20:00,768.75,202.5,971.25
2024-10-31 12:21:00,768.75,60.0,828.75
2024-10-31 12:22:00,761.25,165.0,926.25
2024-10-31 12:23:00,765.0,131.25,896.25
2024-10-31 12:24:00,780.0,120.0,900.0
2024-10-31 12:25:00,813.75,22.5,836.25
2024-10-31 12:26:00,806.25,-63.75,742.5
2024-10-31 12:27:00,810.0,-82.5,727.5
2024-10-31 12:28:00,813.75,-251.25,562.5
2024-10-31 12:29:00,817.5,0.0,817.5
2024-10-31 12:30:00,810.0,-18.75,791.25
2024-10-31 12:31:00,791.25,60.0,851.25
2024-10-31 12:32:00,795.0,-3.75,791.25
2024-10-31 12:33:00,791.25,-15.0,776.25
2024-10-31 12:34:00,798.75,-18.75,780.0
2024-10-31 12:35:00,813.75,-172.5,641.25
2024-10-31 12:36:00,817.5,-138.75,678.75
2024-10-31 12:37:00,806.25,-101.25,705.0
2024-10-31 12:38:00,806.25,-131.25,675.0
2024-10-31 12:39:00,806.25,-138.75,667.5
2024-10-31 12:40:00,806.25,-123.75,682.5
2024-10-31 12:41:00,813.75,-191.25,622.5
2024-10-31 12:42:00,836.25,-510.0,326.25
2024-10-31 12:43:00,821.25,-540.0,281.25
2024-10-31 12:44:00,817.5,-705.0,112.5
2024-10-31 12:45:00,832.5,-540.0,292.5
2024-10-31 12:46:00,858.75,-656.25,202.5
2024-10-31 12:47:00,855.0,-607.5,247.5
2024-10-31 12:48:00,851.25,-562.5,288.75
2024-10-31 12:49:00,858.75,-618.75,240.0
2024-10-31 12:50:00,873.75,-693.75,180.0
2024-10-31 12:51:00,798.75,-577.5,221.25
2024-10-31 12:52:00,757.5,-498.75,258.75
2024-10-31 12:53:00,821.25,-592.5,228.75
2024-10-31 12:54:00,723.75,-405.0,318.75
2024-10-31 12:55:00,783.75,-487.5,296.25
2024-10-31 12:56:00,727.5,-420.0,307.5
2024-10-31 12:57:00,690.0,-367.5,322.5
2024-10-31 12:58:00,671.25,-266.25,405.0
2024-10-31 12:59:00,693.75,-322.5,371.25
2024-10-31 13:00:00,761.25,-341.25,420.0
2024-10-31 13:01:00,903.75,-510.0,393.75
2024-10-31 13:02:00,866.25,-465.0,401.25
2024-10-31 13:03:00,806.25,-356.25,450.0
2024-10-31 13:04:00,847.5,-438.75,408.75
2024-10-31 13:05:00,787.5,-367.5,420.0
2024-10-31 13:06:00,810.0,-416.25,393.75
2024-10-31 13:07:00,825.0,-367.5,457.5
2024-10-31 13:08:00,847.5,-423.75,423.75
2024-10-31 13:09:00,787.5,-318.75,468.75
2024-10-31 13:10:00,765.0,-251.25,513.75
2024-10-31 13:11:00,641.25,-101.25,540.0
2024-10-31 13:12:00,450.0,60.0,510.0
2024-10-31 13:13:00,742.5,-78.75,663.75
2024-10-31 13:14:00,802.5,-116.25,686.25
2024-10-31 13:15:00,738.75,-56.25,682.5
2024-10-31 13:16:00,765.0,-45.0,720.0
2024-10-31 13:17:00,862.5,-78.75,783.75
2024-10-31 13:18:00,791.25,3.75,795.0
2024-10-31 13:19:00,866.25,-41.25,825.0
2024-10-31 13:20:00,795.0,15.0,810.0
2024-10-31 13:21:00,1102.5,-82.5,1020.0
2024-10-31 13:22:00,1147.5,7.5,1155.0
2024-10-31 13:23:00,1050.0,255.0,1305.0
2024-10-31 13:24:00,1068.75,187.5,1256.25
2024-10-31 13:25:00,1042.5,206.25,1248.75
2024-10-31 13:26:00,1121.25,146.25,1267.5
2024-10-31 13:27:00,1046.25,228.75,1275.0
2024-10-31 13:28:00,1113.75,172.5,1286.25
2024-10-31 13:29:00,1110.0,168.75,1278.75
2024-10-31 13:30:00,1068.75,255.0,1323.75
2024-10-31 13:31:00,1050.0,217.5,1267.5
2024-10-31 13:32:00,1113.75,180.0,1293.75
2024-10-31 13:33:00,1136.25,187.5,1323.75
2024-10-31 13:34:00,1342.5,168.75,1511.25
2024-10-31 13:35:00,1413.75,71.25,1485.0
2024-10-31 13:36:00,1290.0,116.25,1406.25
2024-10-31 13:37:00,1211.25,225.0,1436.25
2024-10-31 13:38:00,1256.25,232.5,1488.75
2024-10-31 13:39:00,1256.25,288.75,1545.0
2024-10-31 13:40:00,1106.25,450.0,1556.25
2024-10-31 13:41:00,873.75,532.5,1406.25
2024-10-31 13:42:00,870.0,502.5,1372.5
2024-10-31 13:43:00,963.75,450.0,1413.75
2024-10-31 13:44:00,697.5,525.0,1222.5
2024-10-31 13:45:00,633.75,525.0,1158.75
2024-10-31 13:46:00,401.25,562.5,963.75
2024-10-31 13:47:00,562.5,480.0,1042.5
2024-10-31 13:48:00,528.75,483.75,1012.5
2024-10-31 13:49:00,465.0,476.25,941.25
2024-10-31 13:50:00,566.25,431.25,997.5
2024-10-31 13:51:00,603.75,416.25,1020.0
2024-10-31 13:52:00,705.0,375.0,1080.0
2024-10-31 13:53:00,386.25,446.25,832.5
2024-10-31 13:54:00,116.25,442.5,558.75
2024-10-31 13:55:00,333.75,375.0,708.75
2024-10-31 13:56:00,453.75,322.5,776.25
2024-10-31 13:57:00,645.0,247.5,892.5
2024-10-31 13:58:00,877.5,240.0,1117.5
2024-10-31 13:59:00,963.75,281.25,1245.0
2024-10-31 14:00:00,1098.75,236.25,1335.0
2024-10-31 14:01:00,1297.5,105.0,1402.5
2024-10-31 14:02:00,1128.75,330.0,1458.75
2024-10-31 14:03:00,1098.75,348.75,1447.5
2024-10-31 14:04:00,1117.5,363.75,1481.25
2024-10-31 14:05:00,1395.0,247.5,1642.5
2024-10-31 14:06:00,1432.5,168.75,1601.25
2024-10-31 14:07:00,1297.5,285.0,1582.5
2024-10-31 14:08:00,1368.75,213.75,1582.5
2024-10-31 14:09:00,1316.25,180.0,1496.25
2024-10-31 14:10:00,1488.75,3.75,1492.5
2024-10-31 14:11:00,1440.0,56.25,1496.25
2024-10-31 14:12:00,1541.25,-120.0,1421.25
2024-10-31 14:13:00,1462.5,86.25,1548.75
2024-10-31 14:14:00,1530.0,-22.5,1507.5
2024-10-31 14:15:00,1571.25,-45.0,1526.25
2024-10-31 14:16:00,1462.5,112.5,1575.0
2024-10-31 14:17:00,1443.75,187.5,1631.25
2024-10-31 14:18:00,1428.75,198.75,1627.5
2024-10-31 14:19:00,1537.5,198.75,1736.25
2024-10-31 14:20:00,1590.0,86.25,1676.25
2024-10-31 14:21:00,1477.5,206.25,1683.75
2024-10-31 14:22:00,1526.25,236.25,1762.5
2024-10-31 14:23:00,1518.75,198.75,1717.5
2024-10-31 14:24:00,1522.5,157.5,1680.0
2024-10-31 14:25:00,1473.75,168.75,1642.5
2024-10-31 14:26:00,1346.25,202.5,1548.75
2024-10-31 14:27:00,1481.25,97.5,1578.75
2024-10-31 14:28:00,1518.75,-33.75,1485.0
2024-10-31 14:29:00,1518.75,-75.0,1443.75
2024-10-31 14:30:00,1642.5,-198.75,1443.75
2024-10-31 14:31:00,1800.0,-450.0,1350.0
2024-10-31 14:32:00,1773.75,-318.75,1455.0
2024-10-31 14:33:00,1773.75,-157.5,1616.25
2024-10-31 14:34:00,1762.5,-168.75,1593.75
2024-10-31 14:35:00,1848.75,-330.0,1518.75
2024-10-31 14:36:00,1796.25,-228.75,1567.5
2024-10-31 14:37:00,1867.5,-337.5,1530.0
2024-10-31 14:38:00,1822.5,-142.5,1680.0
2024-10-31 14:39:00,1826.25,-63.75,1762.5
2024-10-31 14:40:00,1762.5,176.25,1938.75
2024-10-31 14:41:00,1638.75,416.25,2055.0
2024-10-31 14:42:00,1290.0,525.0,1815.0
2024-10-31 14:43:00,1166.25,521.25,1687.5
2024-10-31 14:44:00,1188.75,525.0,1713.75
2024-10-31 14:45:00,1218.75,570.0,1788.75
2024-10-31 14:46:00,1027.5,596.25,1623.75
2024-10-31 14:47:00,1196.25,645.0,1841.25
2024-10-31 14:48:00,1365.0,630.0,1995.0
2024-10-31 14:49:00,1680.0,596.25,2276.25
2024-10-31 14:50:00,1815.0,648.75,2463.75
2024-10-31 14:51:00,1781.25,750.0,2531.25
2024-10-31 14:52:00,1563.75,802.5,2366.25
2024-10-31 14:53:00,1706.25,753.75,2460.0
2024-10-31 14:54:00,1901.25,697.5,2598.75
2024-10-31 14:55:00,1848.75,798.75,2647.5
2024-10-31 14:56:00,2077.5,686.25,2763.75
2024-10-31 14:57:00,2118.75,667.5,2786.25
2024-10-31 14:58:00,2111.25,697.5,2808.75
2024-10-31 14:59:00,2047.5,765.0,2812.5
2024-10-31 15:00:00,2126.25,708.75,2835.0
2024-10-31 15:01:00,2261.25,637.5,2898.75
2024-10-31 15:02:00,2295.0,667.5,2962.5
2024-10-31 15:03:00,2272.5,825.0,3097.5
2024-10-31 15:04:00,2152.5,1031.25,3183.75
2024-10-31 15:05:00,2208.75,1031.25,3240.0
2024-10-31 15:06:00,2115.0,1061.25,3176.25
2024-10-31 15:07:00,2115.0,1068.75,3183.75
2024-10-31 15:08:00,2126.25,1087.5,3213.75
2024-10-31 15:09:00,2325.0,1053.75,3378.75
2024-10-31 15:10:00,2163.75,1072.5,3236.25
2024-10-31 15:11:00,1935.0,1140.0,3075.0
2024-10-31 15:12:00,1680.0,1155.0,2835.0
2024-10-31 15:13:00,1871.25,1143.75,3015.0
2024-10-31 15:14:00,2137.5,1121.25,3258.75
2024-10-31 15:15:00,2036.25,1155.0,3191.25
2024-10-31 15:16:00,1893.75,1162.5,3056.25
2024-10-31 15:17:00,1893.75,1166.25,3060.0
2024-10-31 15:18:00,1983.75,1170.0,3153.75
2024-10-31 15:19:00,2291.25,1132.5,3423.75
2024-10-31 15:20:00,2351.25,1113.75,3465.0
2024-10-31 15:21:00,2351.25,1113.75,3465.0
2024-10-31 15:22:00,2351.25,1113.75,3465.0
2024-10-31 15:23:00,2351.25,1113.75,3465.0
2024-10-31 15:24:00,2351.25,1113.75,3465.0
2024-10-31 15:25:00,2351.25,1113.75,3465.0
2024-10-31 15:26:00,2351.25,1113.75,3465.0
2024-10-31 15:27:00,2351.25,1113.75,3465.0
2024-10-31 15:28:00,2351.25,1113.75,3465.0
2024-10-31 15:29:00,2351.25,1113.75,3465.0
2024-10-31 15:30:00,2351.25,1113.75,3465.0
2024-11-07 10:15:00,0.0,0.0,0.0
2024-11-07 10:16:00,-120.0,127.5,7.5
2024-11-07 10:17:00,18.75,-11.25,7.5
2024-11-07 10:18:00,-150.0,397.5,247.5
2024-11-07 10:19:00,-221.25,461.25,240.0
2024-11-07 10:20:00,90.0,191.25,281.25
2024-11-07 10:21:00,-30.0,446.25,416.25
2024-11-07 10:22:00,-3.75,648.75,645.0
2024-11-07 10:23:00,45.0,746.25,791.25
2024-11-07 10:24:00,37.5,765.0,802.5
2024-11-07 10:25:00,187.5,806.25,993.75
2024-11-07 10:26:00,450.0,562.5,1012.5
2024-11-07 10:27:00,476.25,476.25,952.5
2024-11-07 10:28:00,798.75,60.0,858.75
2024-11-07 10:29:00,926.25,135.0,1061.25
2024-11-07 10:30:00,1031.25,195.0,1226.25
2024-11-07 10:31:00,1136.25,-37.5,1098.75
2024-11-07 10:32:00,1113.75,37.5,1151.25
2024-11-07 10:33:00,1068.75,255.0,1323.75
2024-11-07 10:34:00,1207.5,142.5,1350.0
2024-11-07 10:35:00,1237.5,108.75,1346.25
2024-11-07 10:36:00,1102.5,453.75,1556.25
2024-11-07 10:37:00,1053.75,566.25,1620.0
2024-11-07 10:38:00,1050.0,536.25,1586.25
2024-11-07 10:39:00,1001.25,536.25,1537.5
2024-11-07 10:40:00,1188.75,566.25,1755.0
2024-11-07 10:41:00,1128.75,622.5,1751.25
2024-11-07 10:42:00,1080.0,618.75,1698.75
2024-11-07 10:43:00,1083.75,551.25,1635.0
2024-11-07 10:44:00,990.0,776.25,1766.25
2024-11-07 10:45:00,1038.75,630.0,1668.75
2024-11-07 10:46:00,952.5,618.75,1571.25
2024-11-07 10:47:00,877.5,783.75,1661.25
2024-11-07 10:48:00,918.75,978.75,1897.5
2024-11-07 10:49:00,1012.5,907.5,1920.0
2024-11-07 10:50:00,1046.25,750.0,1796.25
2024-11-07 10:51:00,862.5,885.0,1747.5
2024-11-07 10:52:00,930.0,802.5,1732.5
2024-11-07 10:53:00,952.5,828.75,1781.25
2024-11-07 10:54:00,813.75,930.0,1743.75
2024-11-07 10:55:00,693.75,1038.75,1732.5
2024-11-07 10:56:00,326.25,1417.5,1743.75
2024-11-07 10:57:00,213.75,1372.5,1586.25
2024-11-07 10:58:00,465.0,1365.0,1830.0
2024-11-07 10:59:00,592.5,1383.75,1976.25
2024-11-07 11:00:00,401.25,1537.5,1938.75
2024-11-07 11:01:00,513.75,1533.75,2047.5
2024-11-07 11:02:00,712.5,1537.5,2250.0
2024-11-07 11:03:00,603.75,1552.5,2156.25
2024-11-07 11:04:00,596.25,1556.25,2152.5
2024-11-07 11:05:00,581.25,1477.5,2058.75
2024-11-07 11:06:00,483.75,1451.25,1935.0
2024-11-07 11:07:00,810.0,1342.5,2152.5
2024-11-07 11:08:00,1001.25,1248.75,2250.0
2024-11-07 11:09:00,1125.0,1095.0,2220.0
2024-11-07 11:10:00,1053.75,1147.5,2201.25
2024-11-07 11:11:00,975.0,1143.75,2118.75
2024-11-07 11:12:00,873.75,1147.5,2021.25
2024-11-07 11:13:00,948.75,1080.0,2028.75
2024-11-07 11:14:00,975.0,1158.75,2133.75
2024-11-07 11:15:00,993.75,1200.0,2193.75
2024-11-07 11:16:00,1068.75,1155.0,2223.75
2024-11-07 11:17:00,1031.25,1083.75,2115.0
2024-11-07 11:18:00,1016.25,918.75,1935.0
2024-11-07 11:19:00,1072.5,56.25,1128.75
2024-11-07 11:20:00,1256.25,67.5,1323.75
2024-11-07 11:21:00,1387.5,232.5,1620.0
2024-11-07 11:22:00,1421.25,217.5,1638.75
2024-11-07 11:23:00,1398.75,206.25,1605.0
2024-11-07 11:24:00,1335.0,307.5,1642.5
2024-11-07 11:25:00,1368.75,513.75,1882.5
2024-11-07 11:26:00,1342.5,476.25,1818.75
2024-11-07 11:27:00,1226.25,701.25,1927.5
2024-11-07 11:28:00,1211.25,937.5,2148.75
2024-11-07 11:29:00,1203.75,1023.75,2227.5
2024-11-07 11:30:00,1263.75,978.75,2242.5
2024-11-07 11:31:00,1110.0,1155.0,2265.0
2024-11-07 11:32:00,1046.25,1158.75,2205.0
2024-11-07 11:33:00,1128.75,1091.25,2220.0
2024-11-07 11:34:00,1125.0,1031.25,2156.25
2024-11-07 11:35:00,1113.75,1173.75,2287.5
2024-11-07 11:36:00,1083.75,1226.25,2310.0
2024-11-07 11:37:00,1098.75,1245.0,2343.75
2024-11-07 11:38:00,1173.75,1170.0,2343.75
2024-11-07 11:39:00,1211.25,1140.0,2351.25
2024-11-07 11:40:00,1065.0,1323.75,2388.75
2024-11-07 11:41:00,1046.25,1271.25,2317.5
2024-11-07 11:42:00,1140.0,1290.0,2430.0
2024-11-07 11:43:00,1083.75,1406.25,2490.0
2024-11-07 11:44:00,1068.75,1387.5,2456.25
2024-11-07 11:45:00,1226.25,1260.0,2486.25
2024-11-07 11:46:00,1218.75,1166.25,2385.0
2024-11-07 11:47:00,1226.25,1297.5,2523.75
2024-11-07 11:48:00,1308.75,1185.0,2493.75
2024-11-07 11:49:00,1312.5,1181.25,2493.75
2024-11-07 11:50:00,1338.75,1211.25,2550.0
2024-11-07 11:51:00,1267.5,1301.25,2568.75
2024-11-07 11:52:00,1286.25,1290.0,2576.25
2024-11-07 11:53:00,1308.75,1342.5,2651.25
2024-11-07 11:54:00,1406.25,1215.0,2621.25
2024-11-07 11:55:00,1406.25,1211.25,2617.5
2024-11-07 11:56:00,1425.0,1230.0,2655.0
2024-11-07 11:57:00,1458.75,1203.75,2662.5
2024-11-07 11:58:00,1488.75,1248.75,2737.5
2024-11-07 11:59:00,1548.75,1173.75,2722.5
2024-11-07 12:00:00,1477.5,1320.0,2797.5
2024-11-07 12:01:00,1522.5,1275.0,2797.5
2024-11-07 12:02:00,1500.0,1372.5,2872.5
2024-11-07 12:03:00,1533.75,1282.5,2816.25
2024-11-07 12:04:00,1578.75,1200.0,2778.75
2024-11-07 12:05:00,1627.5,1166.25,2793.75
2024-11-07 12:06:00,1616.25,1196.25,2812.5
2024-11-07 12:07:00,1601.25,1188.75,2790.0
2024-11-07 12:08:00,1631.25,1061.25,2692.5
2024-11-07 12:09:00,1608.75,1207.5,2816.25
2024-11-07 12:10:00,1560.0,1376.25,2936.25
2024-11-07 12:11:00,1541.25,1428.75,2970.0
2024-11-07 12:12:00,1578.75,1395.0,2973.75
2024-11-07 12:13:00,1620.0,1410.0,3030.0
2024-11-07 12:14:00,1653.75,1380.0,3033.75
2024-11-07 12:15:00,1687.5,1353.75,3041.25
2024-11-07 12:16:00,1661.25,1406.25,3067.5
2024-11-07 12:17:00,1672.5,1361.25,3033.75
2024-11-07 12:18:00,1706.25,1402.5,3108.75
2024-11-07 12:19:00,1743.75,1305.0,3048.75
2024-11-07 12:20:00,1732.5,1320.0,3052.5
2024-11-07 12:21:00,1721.25,1440.0,3161.25
2024-11-07 12:22:00,1646.25,1571.25,3217.5
2024-11-07 12:23:00,1593.75,1601.25,3195.0
2024-11-07 12:24:00,1582.5,1638.75,3221.25
2024-11-07 12:25:00,1571.25,1736.25,3307.5
2024-11-07 12:26:00,1432.5,1781.25,3213.75
2024-11-07 12:27:00,1548.75,1792.5,3341.25
2024-11-07 12:28:00,1500.0,1848.75,3348.75
2024-11-07 12:29:00,1485.0,1841.25,3326.25
2024-11-07 12:30:00,1590.0,1803.75,3393.75
2024-11-07 12:31:00,1563.75,1800.0,3363.75
2024-11-07 12:32:00,1665.0,1792.5,3457.5
2024-11-07 12:33:00,1642.5,1826.25,3468.75
2024-11-07 12:34:00,1668.75,1815.0,3483.75
2024-11-07 12:35:00,1725.0,1781.25,3506.25
2024-11-07 12:36:00,1702.5,1803.75,3506.25
2024-11-07 12:37:00,1702.5,1803.75,3506.25
2024-11-07 12:38:00,1657.5,1830.0,3487.5
2024-11-07 12:39:00,1635.0,1890.0,3525.0
2024-11-07 12:40:00,1642.5,1890.0,3532.5
2024-11-07 12:41:00,1582.5,1946.25,3528.75
2024-11-07 12:42:00,1560.0,1946.25,3506.25
2024-11-07 12:43:00,1578.75,1935.0,3513.75
2024-11-07 12:44:00,1563.75,1946.25,3510.0
2024-11-07 12:45:00,1635.0,1938.75,3573.75
2024-11-07 12:46:00,1646.25,1927.5,3573.75
2024-11-07 12:47:00,1650.0,1927.5,3577.5
2024-11-07 12:48:00,1668.75,1927.5,3596.25
2024-11-07 12:49:00,1661.25,1916.25,3577.5
2024-11-07 12:50:00,1661.25,1950.0,3611.25
2024-11-07 12:51:00,1616.25,1957.5,3573.75
2024-11-07 12:52:00,1616.25,1965.0,3581.25
2024-11-07 12:53:00,1680.0,1965.0,3645.0
2024-11-07 12:54:00,1747.5,1942.5,3690.0
2024-11-07 12:55:00,1800.0,1905.0,3705.0
2024-11-07 12:56:00,1818.75,1905.0,3723.75
2024-11-07 12:57:00,1826.25,1916.25,3742.5
2024-11-07 12:58:00,1830.0,1961.25,3791.25
2024-11-07 12:59:00,1833.75,1976.25,3810.0
2024-11-07 13:00:00,1845.0,1961.25,3806.25
2024-11-07 13:01:00,1830.0,1987.5,3817.5
2024-11-07 13:02:00,1792.5,1987.5,3780.0
2024-11-07 13:03:00,1833.75,1972.5,3806.25
2024-11-07 13:04:00,1837.5,1946.25,3783.75
2024-11-07 13:05:00,1833.75,1957.5,3791.25
2024-11-07 13:06:00,1807.5,1987.5,3795.0
2024-11-07 13:07:00,1863.75,1942.5,3806.25
2024-11-07 13:08:00,1863.75,1968.75,3832.5
2024-11-07 13:09:00,1833.75,1995.0,3828.75
2024-11-07 13:10:00,1837.5,1991.25,3828.75
2024-11-07 13:11:00,1822.5,2002.5,3825.0
2024-11-07 13:12:00,1830.0,2010.0,3840.0
2024-11-07 13:13:00,1845.0,2002.5,3847.5
2024-11-07 13:14:00,1830.0,2013.75,3843.75
2024-11-07 13:15:00,1792.5,2021.25,3813.75
2024-11-07 13:16:00,1848.75,2002.5,3851.25
2024-11-07 13:17:00,1886.25,1972.5,3858.75
2024-11-07 13:18:00,1908.75,1946.25,3855.0
2024-11-07 13:19:00,1908.75,1957.5,3866.25
2024-11-07 13:20:00,1920.0,1931.25,3851.25
2024-11-07 13:21:00,1938.75,1908.75,3847.5
2024-11-07 13:22:00,1942.5,1916.25,3858.75
2024-11-07 13:23:00,1927.5,1953.75,3881.25
2024-11-07 13:24:00,1931.25,1980.0,3911.25
2024-11-07 13:25:00,1938.75,1961.25,3900.0
2024-11-07 13:26:00,1938.75,1968.75,3907.5
2024-11-07 13:27:00,1927.5,1976.25,3903.75
2024-11-07 13:28:00,1957.5,1927.5,3885.0
2024-11-07 13:29:00,1968.75,1935.0,3903.75
2024-11-07 13:30:00,1976.25,1935.0,3911.25
2024-11-07 13:31:00,1968.75,1976.25,3945.0
2024-11-07 13:32:00,1965.0,1968.75,3933.75
2024-11-07 13:33:00,1995.0,1901.25,3896.25
2024-11-07 13:34:00,1995.0,1908.75,3903.75
2024-11-07 13:35:00,1991.25,1916.25,3907.5
2024-11-07 13:36:00,1983.75,1983.75,3967.5
2024-11-07 13:37:00,1991.25,1953.75,3945.0
2024-11-07 13:38:00,2006.25,1927.5,3933.75
2024-11-07 13:39:00,1998.75,1961.25,3960.0
2024-11-07 13:40:00,2006.25,1953.75,3960.0
2024-11-07 13:41:00,2002.5,1942.5,3945.0
2024-11-07 13:42:00,2021.25,1788.75,3810.0
2024-11-07 13:43:00,2036.25,1747.5,3783.75
2024-11-07 13:44:00,2028.75,1822.5,3851.25
2024-11-07 13:45:00,2036.25,1706.25,3742.5
2024-11-07 13:46:00,2036.25,1725.0,3761.25
2024-11-07 13:47:00,2040.0,1841.25,3881.25
2024-11-07 13:48:00,2021.25,1908.75,3930.0
2024-11-07 13:49:00,2017.5,1942.5,3960.0
2024-11-07 13:50:00,2017.5,1931.25,3948.75
2024-11-07 13:51:00,1995.0,1983.75,3978.75
2024-11-07 13:52:00,1995.0,1972.5,3967.5
2024-11-07 13:53:00,1968.75,1991.25,3960.0
2024-11-07 13:54:00,1980.0,1995.0,3975.0
2024-11-07 13:55:00,1961.25,2032.5,3993.75
2024-11-07 13:56:00,1980.0,2025.0,4005.0
2024-11-07 13:57:00,1950.0,2013.75,3963.75
2024-11-07 13:58:00,1965.0,2017.5,3982.5
2024-11-07 13:59:00,1961.25,2017.5,3978.75
2024-11-07 14:00:00,1968.75,2006.25,3975.0
2024-11-07 14:01:00,1961.25,2017.5,3978.75
2024-11-07 14:02:00,2036.25,1987.5,4023.75
2024-11-07 14:03:00,2040.0,1998.75,4038.75
2024-11-07 14:04:00,2040.0,2010.0,4050.0
2024-11-07 14:05:00,2028.75,2051.25,4080.0
2024-11-07 14:06:00,2010.0,2055.0,4065.0
2024-11-07 14:07:00,2028.75,2051.25,4080.0
2024-11-07 14:08:00,2051.25,2043.75,4095.0
2024-11-07 14:09:00,2062.5,2028.75,4091.25
2024-11-07 14:10:00,2058.75,2043.75,4102.5
2024-11-07 14:11:00,2055.0,2073.75,4128.75
2024-11-07 14:12:00,2028.75,2096.25,4125.0
2024-11-07 14:13:00,2040.0,2100.0,4140.0
2024-11-07 14:14:00,2013.75,2103.75,4117.5
2024-11-07 14:15:00,2017.5,2107.5,4125.0
2024-11-07 14:16:00,2025.0,2107.5,4132.5
2024-11-07 14:17:00,2028.75,2100.0,4128.75
2024-11-07 14:18:00,2043.75,2107.5,4151.25
2024-11-07 14:19:00,2040.0,2096.25,4136.25
2024-11-07 14:20:00,2036.25,2100.0,4136.25
2024-11-07 14:21:00,2051.25,2073.75,4125.0
2024-11-07 14:22:00,2070.0,2032.5,4102.5
2024-11-07 14:23:00,2077.5,1998.75,4076.25
2024-11-07 14:24:00,2077.5,2013.75,4091.25
2024-11-07 14:25:00,2077.5,2040.0,4117.5
2024-11-07 14:26:00,2081.25,2055.0,4136.25
2024-11-07 14:27:00,2077.5,2088.75,4166.25
2024-11-07 14:28:00,2081.25,2077.5,4158.75
2024-11-07 14:29:00,2073.75,2096.25,4170.0
2024-11-07 14:30:00,2058.75,2103.75,4162.5
2024-11-07 14:31:00,2092.5,2073.75,4166.25
2024-11-07 14:32:00,2103.75,2077.5,4181.25
2024-11-07 14:33:00,2107.5,2085.0,4192.5
2024-11-07 14:34:00,2118.75,2077.5,4196.25
2024-11-07 14:35:00,2118.75,2073.75,4192.5
2024-11-07 14:36:00,2115.0,2066.25,4181.25
2024-11-07 14:37:00,2115.0,2107.5,4222.5
2024-11-07 14:38:00,2115.0,2126.25,4241.25
2024-11-07 14:39:00,2115.0,2137.5,4252.5
2024-11-07 14:40:00,2122.5,2137.5,4260.0
2024-11-07 14:41:00,2122.5,2148.75,4271.25
2024-11-07 14:42:00,2130.0,2137.5,4267.5
2024-11-07 14:43:00,2126.25,2130.0,4256.25
2024-11-07 14:44:00,2137.5,2145.0,4282.5
2024-11-07 14:45:00,2133.75,2156.25,4290.0
2024-11-07 14:46:00,2137.5,2163.75,4301.25
2024-11-07 14:47:00,2141.25,2145.0,4286.25
2024-11-07 14:48:00,2137.5,2066.25,4203.75
2024-11-07 14:49:00,2137.5,2100.0,4237.5
2024-11-07 14:50:00,2137.5,2118.75,4256.25
2024-11-07 14:51:00,2137.5,2115.0,4252.5
2024-11-07 14:52:00,2137.5,2111.25,4248.75
2024-11-07 14:53:00,2141.25,2133.75,4275.0
2024-11-07 14:54:00,2141.25,2100.0,4241.25
2024-11-07 14:55:00,2145.0,2111.25,4256.25
2024-11-07 14:56:00,2148.75,2137.5,4286.25
2024-11-07 14:57:00,2148.75,2126.25,4275.0
2024-11-07 14:58:00,2148.75,2130.0,4278.75
2024-11-07 14:59:00,2145.0,2171.25,4316.25
2024-11-07 15:00:00,2148.75,2178.75,4327.5
2024-11-07 15:01:00,2148.75,2186.25,4335.0
2024-11-07 15:02:00,2156.25,2190.0,4346.25
2024-11-07 15:03:00,2156.25,2186.25,4342.5
2024-11-07 15:04:00,2160.0,2190.0,4350.0
2024-11-07 15:05:00,2156.25,2186.25,4342.5
2024-11-07 15:06:00,2152.5,2197.5,4350.0
2024-11-07 15:07:00,2152.5,2197.5,4350.0
2024-11-07 15:08:00,2152.5,2193.75,4346.25
2024-11-07 15:09:00,2156.25,2193.75,4350.0
2024-11-07 15:10:00,2152.5,2193.75,4346.25
2024-11-07 15:11:00,2152.5,2197.5,4350.0
2024-11-07 15:12:00,2156.25,2193.75,4350.0
2024-11-07 15:13:00,2156.25,2197.5,4353.75
2024-11-07 15:14:00,2156.25,2193.75,4350.0
2024-11-07 15:15:00,2160.0,2197.5,4357.5
2024-11-07 15:16:00,2160.0,2193.75,4353.75
2024-11-07 15:17:00,2160.0,2197.5,4357.5
2024-11-07 15:18:00,2160.0,2201.25,4361.25
2024-11-07 15:19:00,2160.0,2201.25,4361.25
2024-11-07 15:20:00,2160.0,2201.25,4361.25
2024-11-07 15:21:00,2160.0,2201.25,4361.25
2024-11-07 15:22:00,2160.0,2201.25,4361.25
2024-11-07 15:23:00,2160.0,2201.25,4361.25
2024-11-07 15:24:00,2160.0,2201.25,4361.25
2024-11-07 15:25:00,2160.0,2201.25,4361.25
2024-11-07 15:26:00,2160.0,2201.25,4361.25
2024-11-07 15:27:00,2160.0,2201.25,4361.25
2024-11-07 15:28:00,2160.0,2201.25,4361.25
2024-11-07 15:29:00,2160.0,2201.25,4361.25
2024-11-07 15:30:00,2160.0,2201.25,4361.25
2024-11-14 10:15:00,0.0,0.0,0.0
2024-11-14 10:16:00,52.5,63.75,116.25
2024-11-14 10:17:00,0.0,45.0,45.0
2024-11-14 10:18:00,101.25,-60.0,41.25
2024-11-14 10:19:00,187.5,-41.25,146.25
2024-11-14 10:20:00,318.75,-168.75,150.0
2024-11-14 10:21:00,386.25,-22.5,363.75
2024-11-14 10:22:00,431.25,82.5,513.75
2024-11-14 10:23:00,288.75,191.25,480.0
2024-11-14 10:24:00,258.75,105.0,363.75
2024-11-14 10:25:00,495.0,-33.75,461.25
2024-11-14 10:26:00,622.5,-153.75,468.75
2024-11-14 10:27:00,562.5,37.5,600.0
2024-11-14 10:28:00,663.75,-243.75,420.0
2024-11-14 10:29:00,716.25,-262.5,453.75
2024-11-14 10:30:00,727.5,-277.5,450.0
2024-11-14 10:31:00,543.75,-101.25,442.5
2024-11-14 10:32:00,607.5,15.0,622.5
2024-11-14 10:33:00,442.5,-41.25,401.25
2024-11-14 10:34:00,521.25,-296.25,225.0
2024-11-14 10:35:00,375.0,-7.5,367.5
2024-11-14 10:36:00,682.5,-86.25,596.25
2024-11-14 10:37:00,757.5,48.75,806.25
2024-11-14 10:38:00,858.75,127.5,986.25
2024-11-14 10:39:00,768.75,-26.25,742.5
2024-11-14 10:40:00,821.25,-975.0,-153.75
2024-11-14 10:41:00,978.75,-446.25,532.5
2024-11-14 10:42:00,836.25,-206.25,630.0
2024-11-14 10:43:00,851.25,-393.75,457.5
2024-11-14 10:44:00,885.0,-420.0,465.0
2024-11-14 10:45:00,847.5,-71.25,776.25
2024-11-14 10:46:00,933.75,-540.0,393.75
2024-11-14 10:47:00,1072.5,-757.5,315.0
2024-11-14 10:48:00,945.0,-228.75,716.25
2024-11-14 10:49:00,952.5,-303.75,648.75
2024-11-14 10:50:00,975.0,-183.75,791.25
2024-11-14 10:51:00,1053.75,-420.0,633.75
2024-11-14 10:52:00,1110.0,-487.5,622.5
2024-11-14 10:53:00,1110.0,-562.5,547.5
2024-11-14 10:54:00,1203.75,-1038.75,165.0
2024-11-14 10:55:00,1203.75,-945.0,258.75
2024-11-14 10:56:00,1181.25,-753.75,427.5
2024-11-14 10:57:00,1192.5,-1170.0,22.5
2024-11-14 10:58:00,1173.75,-825.0,348.75
2024-11-14 10:59:00,1188.75,-843.75,345.0
2024-11-14 11:00:00,1218.75,-948.75,270.0
2024-11-14 11:01:00,1222.5,-1012.5,210.0
2024-11-14 11:02:00,1312.5,-1526.25,-213.75
2024-11-14 11:03:00,1338.75,-1552.5,-213.75
2024-11-14 11:04:00,1350.0,-1893.75,-543.75
2024-11-14 11:05:00,1361.25,-1743.75,-382.5
2024-11-14 11:06:00,1556.25,-2366.25,-810.0
2024-11-14 11:07:00,1571.25,-2715.0,-1143.75
2024-11-14 11:08:00,1796.25,-3123.75,-1327.5
2024-11-14 11:09:00,1698.75,-3300.0,-1601.25
2024-11-14 11:10:00,1537.5,-2752.5,-1215.0
2024-11-14 11:11:00,1631.25,-3101.25,-1470.0
2024-11-14 11:12:00,1713.75,-3596.25,-1882.5
2024-11-14 11:13:00,1908.75,-4008.75,-2100.0
2024-11-14 11:14:00,2043.75,-4608.75,-2565.0
2024-11-14 11:15:00,1980.0,-4391.25,-2411.25
2024-11-14 11:16:00,1837.5,-4368.75,-2531.25
2024-11-14 11:17:00,1376.25,-3622.5,-2246.25
2024-11-14 11:18:00,1335.0,-3596.25,-2261.25
2024-11-14 11:19:00,1211.25,-3438.75,-2227.5
2024-11-14 11:20:00,1492.5,-3566.25,-2073.75
2024-11-14 11:21:00,2043.75,-4050.0,-2006.25
2024-11-14 11:22:00,1736.25,-3873.75,-2137.5
2024-11-14 11:23:00,1481.25,-3585.0,-2103.75
2024-11-14 11:24:00,1863.75,-3862.5,-1998.75
2024-11-14 11:25:00,1680.0,-3532.5,-1852.5
2024-11-14 11:26:00,1747.5,-3645.0,-1897.5
2024-11-14 11:27:00,1923.75,-3720.0,-1796.25
2024-11-14 11:28:00,1631.25,-3371.25,-1740.0
2024-11-14 11:29:00,1841.25,-3453.75,-1612.5
2024-11-14 11:30:00,1811.25,-3397.5,-1586.25
2024-11-14 11:31:00,2208.75,-3720.0,-1511.25
2024-11-14 11:32:00,2287.5,-3851.25,-1563.75
2024-11-14 11:33:00,2152.5,-3573.75,-1421.25
2024-11-14 11:34:00,1927.5,-3266.25,-1338.75
2024-11-14 11:35:00,1342.5,-2475.0,-1132.5
2024-11-14 11:36:00,1593.75,-2778.75,-1185.0
2024-11-14 11:37:00,1968.75,-3022.5,-1053.75
2024-11-14 11:38:00,2231.25,-3363.75,-1132.5
2024-11-14 11:39:00,2298.75,-3318.75,-1020.0
2024-11-14 11:40:00,2287.5,-3352.5,-1065.0
2024-11-14 11:41:00,2145.0,-3165.0,-1020.0
2024-11-14 11:42:00,1792.5,-2655.0,-862.5
2024-11-14 11:43:00,2088.75,-2835.0,-746.25
2024-11-14 11:44:00,2137.5,-3015.0,-877.5
2024-11-14 11:45:00,2306.25,-2966.25,-660.0
2024-11-14 11:46:00,1968.75,-2625.0,-656.25
2024-11-14 11:47:00,2017.5,-2692.5,-675.0
2024-11-14 11:48:00,2298.75,-2988.75,-690.0
2024-11-14 11:49:00,2163.75,-2831.25,-667.5
2024-11-14 11:50:00,2006.25,-2643.75,-637.5
2024-11-14 11:51:00,1998.75,-2557.5,-558.75
2024-11-14 11:52:00,2373.75,-2820.0,-446.25
2024-11-14 11:53:00,2775.0,-3187.5,-412.5
2024-11-14 11:54:00,2445.0,-2703.75,-258.75
2024-11-14 11:55:00,2640.0,-2985.0,-345.0
2024-11-14 11:56:00,2546.25,-2820.0,-273.75
2024-11-14 11:57:00,2456.25,-2700.0,-243.75
2024-11-14 11:58:00,2328.75,-2610.0,-281.25
2024-11-14 11:59:00,2186.25,-2283.75,-97.5
2024-11-14 12:00:00,1781.25,-1890.0,-108.75
2024-11-14 12:01:00,1706.25,-1950.0,-243.75
2024-11-14 12:02:00,2013.75,-2261.25,-247.5
2024-11-14 12:03:00,2055.0,-2208.75,-153.75
2024-11-14 12:04:00,2013.75,-2115.0,-101.25
2024-11-14 12:05:00,1916.25,-1938.75,-22.5
2024-11-14 12:06:00,1777.5,-1612.5,165.0
2024-11-14 12:07:00,1556.25,-1395.0,161.25
2024-11-14 12:08:00,1785.0,-1702.5,82.5
2024-11-14 12:09:00,1642.5,-1563.75,78.75
2024-11-14 12:10:00,1676.25,-1451.25,225.0
2024-11-14 12:11:00,1687.5,-1365.0,322.5
2024-11-14 12:12:00,1736.25,-1413.75,322.5
2024-11-14 12:13:00,1410.0,-930.0,480.0
2024-11-14 12:14:00,1143.75,-738.75,405.0
2024-11-14 12:15:00,33.75,-138.75,-105.0
2024-11-14 12:16:00,1027.5,-337.5,690.0
2024-11-14 12:17:00,1305.0,-521.25,783.75
2024-11-14 12:18:00,1080.0,-195.0,885.0
2024-11-14 12:19:00,978.75,-198.75,780.0
2024-11-14 12:20:00,1451.25,-468.75,982.5
2024-11-14 12:21:00,1875.0,-888.75,986.25
2024-11-14 12:22:00,1710.0,-705.0,1005.0
2024-11-14 12:23:00,1777.5,-780.0,997.5
2024-11-14 12:24:00,1601.25,-630.0,971.25
2024-11-14 12:25:00,1815.0,-798.75,1016.25
2024-11-14 12:26:00,1875.0,-862.5,1012.5
2024-11-14 12:27:00,1856.25,-690.0,1166.25
2024-11-14 12:28:00,1965.0,-783.75,1181.25
2024-11-14 12:29:00,2111.25,-858.75,1252.5
2024-11-14 12:30:00,2287.5,-945.0,1342.5
2024-11-14 12:31:00,2388.75,-990.0,1398.75
2024-11-14 12:32:00,2343.75,-1147.5,1196.25
2024-11-14 12:33:00,2287.5,-937.5,1350.0
2024-11-14 12:34:00,2392.5,-1091.25,1301.25
2024-11-14 12:35:00,2351.25,-1125.0,1226.25
2024-11-14 12:36:00,2332.5,-1065.0,1267.5
2024-11-14 12:37:00,2418.75,-1215.0,1203.75
2024-11-14 12:38:00,2516.25,-1387.5,1128.75
2024-11-14 12:39:00,2523.75,-1327.5,1196.25
2024-11-14 12:40:00,2418.75,-1027.5,1391.25
2024-11-14 12:41:00,2437.5,-975.0,1462.5
2024-11-14 12:42:00,2520.0,-855.0,1665.0
2024-11-14 12:43:00,2523.75,-877.5,1646.25
2024-11-14 12:44:00,2508.75,-791.25,1717.5
2024-11-14 12:45:00,2535.0,-933.75,1601.25
2024-11-14 12:46:00,2497.5,-851.25,1646.25
2024-11-14 12:47:00,2445.0,-757.5,1687.5
2024-11-14 12:48:00,2478.75,-783.75,1695.0
2024-11-14 12:49:00,2415.0,-592.5,1822.5
2024-11-14 12:50:00,2422.5,-483.75,1938.75
2024-11-14 12:51:00,2531.25,-682.5,1848.75
2024-11-14 12:52:00,2542.5,-641.25,1901.25
2024-11-14 12:53:00,2351.25,-157.5,2193.75
2024-11-14 12:54:00,2145.0,63.75,2208.75
2024-11-14 12:55:00,1942.5,131.25,2073.75
2024-11-14 12:56:00,2058.75,-78.75,1980.0
2024-11-14 12:57:00,1953.75,-48.75,1905.0
2024-11-14 12:58:00,2231.25,-480.0,1751.25
2024-11-14 12:59:00,2366.25,-386.25,1980.0
2024-11-14 13:00:00,2370.0,-202.5,2167.5
2024-11-14 13:01:00,2268.75,18.75,2287.5
2024-11-14 13:02:00,2043.75,277.5,2321.25
2024-11-14 13:03:00,2201.25,127.5,2328.75
2024-11-14 13:04:00,2486.25,-165.0,2321.25
2024-11-14 13:05:00,2340.0,63.75,2403.75
2024-11-14 13:06:00,2313.75,30.0,2343.75
2024-11-14 13:07:00,2257.5,7.5,2265.0
2024-11-14 13:08:00,2190.0,60.0,2250.0
2024-11-14 13:09:00,2145.0,90.0,2235.0
2024-11-14 13:10:00,2190.0,63.75,2253.75
2024-11-14 13:11:00,1972.5,138.75,2111.25
2024-11-14 13:12:00,2122.5,48.75,2171.25
2024-11-14 13:13:00,1953.75,168.75,2122.5
2024-11-14 13:14:00,2141.25,-37.5,2103.75
2024-11-14 13:15:00,2085.0,-33.75,2051.25
2024-11-14 13:16:00,1687.5,303.75,1991.25
2024-11-14 13:17:00,1680.0,337.5,2017.5
2024-11-14 13:18:00,1792.5,232.5,2025.0
2024-11-14 13:19:00,2010.0,232.5,2242.5
2024-11-14 13:20:00,1920.0,322.5,2242.5
2024-11-14 13:21:00,2017.5,322.5,2340.0
2024-11-14 13:22:00,2227.5,153.75,2381.25
2024-11-14 13:23:00,2197.5,322.5,2520.0
2024-11-14 13:24:00,1983.75,585.0,2568.75
2024-11-14 13:25:00,1946.25,645.0,2591.25
2024-11-14 13:26:00,1770.0,697.5,2467.5
2024-11-14 13:27:00,1406.25,832.5,2238.75
2024-11-14 13:28:00,1511.25,881.25,2392.5
2024-11-14 13:29:00,1481.25,780.0,2261.25
2024-11-14 13:30:00,1811.25,690.0,2501.25
2024-11-14 13:31:00,1965.0,588.75,2553.75
2024-11-14 13:32:00,2070.0,622.5,2692.5
2024-11-14 13:33:00,2520.0,142.5,2662.5
2024-11-14 13:34:00,2531.25,135.0,2666.25
2024-11-14 13:35:00,2463.75,168.75,2632.5
2024-11-14 13:36:00,2523.75,180.0,2703.75
2024-11-14 13:37:00,2373.75,318.75,2692.5
2024-11-14 13:38:00,2377.5,405.0,2782.5
2024-11-14 13:39:00,2343.75,401.25,2745.0
2024-11-14 13:40:00,2557.5,-15.0,2542.5
2024-11-14 13:41:00,2580.0,-412.5,2167.5
2024-11-14 13:42:00,2688.75,-270.0,2418.75
2024-11-14 13:43:00,2820.0,-472.5,2347.5
2024-11-14 13:44:00,2786.25,-641.25,2145.0
2024-11-14 13:45:00,2730.0,-401.25,2328.75
2024-11-14 13:46:00,2726.25,-453.75,2272.5
2024-11-14 13:47:00,2703.75,-210.0,2493.75
2024-11-14 13:48:00,2711.25,-393.75,2317.5
2024-11-14 13:49:00,2853.75,-716.25,2137.5
2024-11-14 13:50:00,2850.0,-596.25,2253.75
2024-11-14 13:51:00,2790.0,-288.75,2501.25
2024-11-14 13:52:00,2786.25,-262.5,2523.75
2024-11-14 13:53:00,2838.75,-630.0,2208.75
2024-11-14 13:54:00,2842.5,-596.25,2246.25
2024-11-14 13:55:00,2831.25,-438.75,2392.5
2024-11-14 13:56:00,2688.75,-48.75,2640.0
2024-11-14 13:57:00,2808.75,-195.0,2613.75
2024-11-14 13:58:00,2805.0,-157.5,2647.5
2024-11-14 13:59:00,2752.5,-15.0,2737.5
2024-11-14 14:00:00,2793.75,45.0,2838.75
2024-11-14 14:01:00,2685.0,146.25,2831.25
2024-11-14 14:02:00,2733.75,150.0,2883.75
2024-11-14 14:03:00,2625.0,525.0,3150.0
2024-11-14 14:04:00,2617.5,502.5,3120.0
2024-11-14 14:05:00,2700.0,333.75,3033.75
2024-11-14 14:06:00,2715.0,333.75,3048.75
2024-11-14 14:07:00,2778.75,266.25,3045.0
2024-11-14 14:08:00,2846.25,15.0,2861.25
2024-11-14 14:09:00,2838.75,281.25,3120.0
2024-11-14 14:10:00,2790.0,375.0,3165.0
2024-11-14 14:11:00,2831.25,303.75,3135.0
2024-11-14 14:12:00,2932.5,116.25,3048.75
2024-11-14 14:13:00,2981.25,112.5,3093.75
2024-11-14 14:14:00,2823.75,558.75,3382.5
2024-11-14 14:15:00,2763.75,626.25,3390.0
2024-11-14 14:16:00,2763.75,697.5,3461.25
2024-11-14 14:17:00,2906.25,420.0,3326.25
2024-11-14 14:18:00,2880.0,517.5,3397.5
2024-11-14 14:19:00,2827.5,615.0,3442.5
2024-11-14 14:20:00,2887.5,525.0,3412.5
2024-11-14 14:21:00,2838.75,607.5,3446.25
2024-11-14 14:22:00,2846.25,581.25,3427.5
2024-11-14 14:23:00,2932.5,453.75,3386.25
2024-11-14 14:24:00,2940.0,423.75,3363.75
2024-11-14 14:25:00,2895.0,637.5,3532.5
2024-11-14 14:26:00,2865.0,693.75,3558.75
2024-11-14 14:27:00,2985.0,408.75,3393.75
2024-11-14 14:28:00,3067.5,270.0,3337.5
2024-11-14 14:29:00,3052.5,480.0,3532.5
2024-11-14 14:30:00,3067.5,393.75,3461.25
2024-11-14 14:31:00,3037.5,637.5,3675.0
2024-11-14 14:32:00,3007.5,675.0,3682.5
2024-11-14 14:33:00,3007.5,618.75,3626.25
2024-11-14 14:34:00,2958.75,817.5,3776.25
2024-11-14 14:35:00,2955.0,787.5,3742.5
2024-11-14 14:36:00,3000.0,735.0,3735.0
2024-11-14 14:37:00,3048.75,678.75,3727.5
2024-11-14 14:38:00,3048.75,690.0,3738.75
2024-11-14 14:39:00,3120.0,731.25,3851.25
2024-11-14 14:40:00,3108.75,791.25,3900.0
2024-11-14 14:41:00,3206.25,510.0,3716.25
2024-11-14 14:42:00,3206.25,671.25,3877.5
2024-11-14 14:43:00,3187.5,828.75,4016.25
2024-11-14 14:44:00,3213.75,866.25,4080.0
2024-11-14 14:45:00,3191.25,795.0,3986.25
2024-11-14 14:46:00,3281.25,453.75,3735.0
2024-11-14 14:47:00,3270.0,213.75,3483.75
2024-11-14 14:48:00,3255.0,262.5,3517.5
2024-11-14 14:49:00,3206.25,641.25,3847.5
2024-11-14 14:50:00,3217.5,588.75,3806.25
2024-11-14 14:51:00,3232.5,510.0,3742.5
2024-11-14 14:52:00,3217.5,656.25,3873.75
2024-11-14 14:53:00,3217.5,558.75,3776.25
2024-11-14 14:54:00,3285.0,255.0,3540.0
2024-11-14 14:55:00,3303.75,330.0,3633.75
2024-11-14 14:56:00,3296.25,386.25,3682.5
2024-11-14 14:57:00,3300.0,337.5,3637.5
2024-11-14 14:58:00,3303.75,416.25,3720.0
2024-11-14 14:59:00,3348.75,281.25,3630.0
2024-11-14 15:00:00,3352.5,472.5,3825.0
2024-11-14 15:01:00,3420.0,-802.5,2617.5
2024-11-14 15:02:00,3431.25,-532.5,2898.75
2024-11-14 15:03:00,3435.0,-596.25,2838.75
2024-11-14 15:04:00,3431.25,116.25,3547.5
2024-11-14 15:05:00,3438.75,-232.5,3206.25
2024-11-14 15:06:00,3446.25,-588.75,2857.5
2024-11-14 15:07:00,3442.5,-1515.0,1927.5
2024-11-14 15:08:00,3442.5,412.5,3855.0
2024-11-14 15:09:00,3408.75,690.0,4098.75
2024-11-14 15:10:00,3435.0,566.25,4001.25
2024-11-14 15:11:00,3435.0,-120.0,3315.0
2024-11-14 15:12:00,3446.25,86.25,3532.5
2024-11-14 15:13:00,3442.5,397.5,3840.0
2024-11-14 15:14:00,3442.5,510.0,3952.5
2024-11-14 15:15:00,3435.0,603.75,4038.75
2024-11-14 15:16:00,3438.75,528.75,3967.5
2024-11-14 15:17:00,3435.0,682.5,4117.5
2024-11-14 15:18:00,3446.25,585.0,4031.25
2024-11-14 15:19:00,3442.5,626.25,4068.75
2024-11-14 15:20:00,3446.25,727.5,4173.75
2024-11-14 15:21:00,3446.25,727.5,4173.75
2024-11-14 15:22:00,3446.25,727.5,4173.75
2024-11-14 15:23:00,3446.25,727.5,4173.75
2024-11-14 15:24:00,3446.25,727.5,4173.75
2024-11-14 15:25:00,3446.25,727.5,4173.75
2024-11-14 15:26:00,3446.25,727.5,4173.75
2024-11-14 15:27:00,3446.25,727.5,4173.75
2024-11-14 15:28:00,3446.25,727.5,4173.75
2024-11-14 15:29:00,3446.25,727.5,4173.75
2024-11-14 15:30:00,3446.25,727.5,4173.75
2024-11-21 10:15:00,0.0,0.0,0.0
2024-11-21 10:16:00,-45.0,123.75,78.75
2024-11-21 10:17:00,-71.25,157.5,86.25
2024-11-21 10:18:00,-22.5,105.0,82.5
2024-11-21 10:19:00,18.75,135.0,153.75
2024-11-21 10:20:00,-11.25,262.5,251.25
2024-11-21 10:21:00,-11.25,296.25,285.0
2024-11-21 10:22:00,3.75,247.5,251.25
2024-11-21 10:23:00,56.25,296.25,352.5
2024-11-21 10:24:00,-116.25,528.75,412.5
2024-11-21 10:25:00,-191.25,611.25,420.0
2024-11-21 10:26:00,-198.75,562.5,363.75
2024-11-21 10:27:00,-86.25,547.5,461.25
2024-11-21 10:28:00,-48.75,543.75,495.0
2024-11-21 10:29:00,-33.75,637.5,603.75
2024-11-21 10:30:00,105.0,603.75,708.75
2024-11-21 10:31:00,67.5,611.25,678.75
2024-11-21 10:32:00,-150.0,791.25,641.25
2024-11-21 10:33:00,15.0,772.5,787.5
2024-11-21 10:34:00,0.0,750.0,750.0
2024-11-21 10:35:00,251.25,641.25,892.5
2024-11-21 10:36:00,176.25,686.25,862.5
2024-11-21 10:37:00,303.75,592.5,896.25
2024-11-21 10:38:00,307.5,547.5,855.0
2024-11-21 10:39:00,262.5,641.25,903.75
2024-11-21 10:40:00,292.5,570.0,862.5
2024-11-21 10:41:00,266.25,581.25,847.5
2024-11-21 10:42:00,296.25,577.5,873.75
2024-11-21 10:43:00,303.75,596.25,900.0
2024-11-21 10:44:00,318.75,626.25,945.0
2024-11-21 10:45:00,311.25,716.25,1027.5
2024-11-21 10:46:00,307.5,705.0,1012.5
2024-11-21 10:47:00,341.25,663.75,1005.0
2024-11-21 10:48:00,311.25,757.5,1068.75
2024-11-21 10:49:00,225.0,858.75,1083.75
2024-11-21 10:50:00,273.75,892.5,1166.25
2024-11-21 10:51:00,341.25,847.5,1188.75
2024-11-21 10:52:00,213.75,918.75,1132.5
2024-11-21 10:53:00,131.25,945.0,1076.25
2024-11-21 10:54:00,157.5,941.25,1098.75
2024-11-21 10:55:00,191.25,918.75,1110.0
2024-11-21 10:56:00,225.0,888.75,1113.75
2024-11-21 10:57:00,236.25,911.25,1147.5
2024-11-21 10:58:00,345.0,885.0,1230.0
2024-11-21 10:59:00,483.75,840.0,1323.75
2024-11-21 11:00:00,450.0,892.5,1342.5
2024-11-21 11:01:00,495.0,975.0,1470.0
2024-11-21 11:02:00,397.5,1042.5,1440.0
2024-11-21 11:03:00,386.25,1031.25,1417.5
2024-11-21 11:04:00,375.0,1042.5,1417.5
2024-11-21 11:05:00,337.5,1038.75,1376.25
2024-11-21 11:06:00,307.5,1020.0,1327.5
2024-11-21 11:07:00,405.0,1016.25,1421.25
2024-11-21 11:08:00,423.75,1016.25,1440.0
2024-11-21 11:09:00,390.0,1038.75,1428.75
2024-11-21 11:10:00,363.75,1042.5,1406.25
2024-11-21 11:11:00,405.0,1046.25,1451.25
2024-11-21 11:12:00,461.25,1012.5,1473.75
2024-11-21 11:13:00,382.5,1042.5,1425.0
2024-11-21 11:14:00,281.25,1136.25,1417.5
2024-11-21 11:15:00,382.5,1080.0,1462.5
2024-11-21 11:16:00,341.25,1128.75,1470.0
2024-11-21 11:17:00,416.25,1091.25,1507.5
2024-11-21 11:18:00,352.5,1117.5,1470.0
2024-11-21 11:19:00,382.5,1083.75,1466.25
2024-11-21 11:20:00,315.0,1121.25,1436.25
2024-11-21 11:21:00,101.25,1151.25,1252.5
2024-11-21 11:22:00,348.75,1102.5,1451.25
2024-11-21 11:23:00,356.25,1102.5,1458.75
2024-11-21 11:24:00,326.25,1110.0,1436.25
2024-11-21 11:25:00,375.0,1102.5,1477.5
2024-11-21 11:26:00,408.75,1102.5,1511.25
2024-11-21 11:27:00,382.5,1151.25,1533.75
2024-11-21 11:28:00,345.0,1143.75,1488.75
2024-11-21 11:29:00,285.0,1166.25,1451.25
2024-11-21 11:30:00,236.25,1188.75,1425.0
2024-11-21 11:31:00,288.75,1185.0,1473.75
2024-11-21 11:32:00,172.5,1188.75,1361.25
2024-11-21 11:33:00,232.5,1181.25,1413.75
2024-11-21 11:34:00,210.0,1181.25,1391.25
2024-11-21 11:35:00,311.25,1170.0,1481.25
2024-11-21 11:36:00,240.0,1185.0,1425.0
2024-11-21 11:37:00,348.75,1185.0,1533.75
2024-11-21 11:38:00,423.75,1188.75,1612.5
2024-11-21 11:39:00,423.75,1181.25,1605.0
2024-11-21 11:40:00,420.0,1181.25,1601.25
2024-11-21 11:41:00,382.5,1203.75,1586.25
2024-11-21 11:42:00,341.25,1230.0,1571.25
2024-11-21 11:43:00,367.5,1256.25,1623.75
2024-11-21 11:44:00,435.0,1237.5,1672.5
2024-11-21 11:45:00,378.75,1263.75,1642.5
2024-11-21 11:46:00,318.75,1282.5,1601.25
2024-11-21 11:47:00,393.75,1271.25,1665.0
2024-11-21 11:48:00,345.0,1297.5,1642.5
2024-11-21 11:49:00,307.5,1308.75,1616.25
2024-11-21 11:50:00,300.0,1282.5,1582.5
2024-11-21 11:51:00,345.0,1286.25,1631.25
2024-11-21 11:52:00,367.5,1267.5,1635.0
2024-11-21 11:53:00,348.75,1297.5,1646.25
2024-11-21 11:54:00,273.75,1297.5,1571.25
2024-11-21 11:55:00,288.75,1293.75,1582.5
2024-11-21 11:56:00,318.75,1260.0,1578.75
2024-11-21 11:57:00,288.75,1263.75,1552.5
2024-11-21 11:58:00,288.75,1271.25,1560.0
2024-11-21 11:59:00,228.75,1271.25,1500.0
2024-11-21 12:00:00,142.5,1282.5,1425.0
2024-11-21 12:01:00,-255.0,1631.25,1376.25
2024-11-21 12:02:00,-270.0,1661.25,1391.25
2024-11-21 12:03:00,-180.0,1691.25,1511.25
2024-11-21 12:04:00,-157.5,1785.0,1627.5
2024-11-21 12:05:00,-172.5,1725.0,1552.5
2024-11-21 12:06:00,-161.25,1665.0,1503.75
2024-11-21 12:07:00,108.75,1496.25,1605.0
2024-11-21 12:08:00,131.25,1443.75,1575.0
2024-11-21 12:09:00,307.5,1095.0,1402.5
2024-11-21 12:10:00,337.5,1031.25,1368.75
2024-11-21 12:11:00,202.5,1282.5,1485.0
2024-11-21 12:12:00,240.0,1177.5,1417.5
2024-11-21 12:13:00,138.75,1331.25,1470.0
2024-11-21 12:14:00,210.0,1140.0,1350.0
2024-11-21 12:15:00,161.25,1320.0,1481.25
2024-11-21 12:16:00,142.5,1413.75,1556.25
2024-11-21 12:17:00,240.0,1237.5,1477.5
2024-11-21 12:18:00,296.25,1106.25,1402.5
2024-11-21 12:19:00,243.75,1335.0,1578.75
2024-11-21 12:20:00,183.75,1522.5,1706.25
2024-11-21 12:21:00,183.75,1500.0,1683.75
2024-11-21 12:22:00,142.5,1526.25,1668.75
2024-11-21 12:23:00,311.25,1263.75,1575.0
2024-11-21 12:24:00,266.25,1312.5,1578.75
2024-11-21 12:25:00,266.25,1267.5,1533.75
2024-11-21 12:26:00,255.0,1425.0,1680.0
2024-11-21 12:27:00,247.5,1432.5,1680.0
2024-11-21 12:28:00,247.5,1507.5,1755.0
2024-11-21 12:29:00,255.0,1515.0,1770.0
2024-11-21 12:30:00,236.25,1563.75,1800.0
2024-11-21 12:31:00,408.75,1327.5,1736.25
2024-11-21 12:32:00,487.5,1203.75,1691.25
2024-11-21 12:33:00,465.0,1260.0,1725.0
2024-11-21 12:34:00,461.25,1260.0,1721.25
2024-11-21 12:35:00,468.75,1305.0,1773.75
2024-11-21 12:36:00,457.5,1466.25,1923.75
2024-11-21 12:37:00,435.0,1522.5,1957.5
2024-11-21 12:38:00,480.0,1383.75,1863.75
2024-11-21 12:39:00,427.5,1575.0,2002.5
2024-11-21 12:40:00,393.75,1620.0,2013.75
2024-11-21 12:41:00,438.75,1522.5,1961.25
2024-11-21 12:42:00,435.0,1481.25,1916.25
2024-11-21 12:43:00,427.5,1496.25,1923.75
2024-11-21 12:44:00,438.75,1533.75,1972.5
2024-11-21 12:45:00,637.5,1316.25,1953.75
2024-11-21 12:46:00,630.0,1323.75,1953.75
2024-11-21 12:47:00,607.5,1380.0,1987.5
2024-11-21 12:48:00,603.75,1335.0,1938.75
2024-11-21 12:49:00,765.0,731.25,1496.25
2024-11-21 12:50:00,731.25,997.5,1728.75
2024-11-21 12:51:00,795.0,731.25,1526.25
2024-11-21 12:52:00,791.25,750.0,1541.25
2024-11-21 12:53:00,780.0,858.75,1638.75
2024-11-21 12:54:00,783.75,802.5,1586.25
2024-11-21 12:55:00,768.75,855.0,1623.75
2024-11-21 12:56:00,787.5,761.25,1548.75
2024-11-21 12:57:00,870.0,131.25,1001.25
2024-11-21 12:58:00,915.0,-438.75,476.25
2024-11-21 12:59:00,907.5,-270.0,637.5
2024-11-21 13:00:00,937.5,-435.0,502.5
2024-11-21 13:01:00,911.25,-371.25,540.0
2024-11-21 13:02:00,896.25,-270.0,626.25
2024-11-21 13:03:00,851.25,510.0,1361.25
2024-11-21 13:04:00,828.75,465.0,1293.75
2024-11-21 13:05:00,840.0,555.0,1395.0
2024-11-21 13:06:00,828.75,551.25,1380.0
2024-11-21 13:07:00,806.25,708.75,1515.0
2024-11-21 13:08:00,735.0,911.25,1646.25
2024-11-21 13:09:00,716.25,930.0,1646.25
2024-11-21 13:10:00,708.75,806.25,1515.0
2024-11-21 13:11:00,675.0,780.0,1455.0
2024-11-21 13:12:00,697.5,690.0,1387.5
2024-11-21 13:13:00,663.75,828.75,1492.5
2024-11-21 13:14:00,603.75,866.25,1470.0
2024-11-21 13:15:00,622.5,1027.5,1650.0
2024-11-21 13:16:00,667.5,1016.25,1683.75
2024-11-21 13:17:00,641.25,1125.0,1766.25
2024-11-21 13:18:00,585.0,1323.75,1908.75
2024-11-21 13:19:00,660.0,1207.5,1867.5
2024-11-21 13:20:00,626.25,1271.25,1897.5
2024-11-21 13:21:00,596.25,1406.25,2002.5
2024-11-21 13:22:00,495.0,1665.0,2160.0
2024-11-21 13:23:00,382.5,1796.25,2178.75
2024-11-21 13:24:00,506.25,1661.25,2167.5
2024-11-21 13:25:00,502.5,1728.75,2231.25
2024-11-21 13:26:00,547.5,1541.25,2088.75
2024-11-21 13:27:00,465.0,1698.75,2163.75
2024-11-21 13:28:00,498.75,1706.25,2205.0
2024-11-21 13:29:00,420.0,1848.75,2268.75
2024-11-21 13:30:00,405.0,1800.0,2205.0
2024-11-21 13:31:00,498.75,1698.75,2197.5
2024-11-21 13:32:00,431.25,1860.0,2291.25
2024-11-21 13:33:00,337.5,1968.75,2306.25
2024-11-21 13:34:00,405.0,1916.25,2321.25
2024-11-21 13:35:00,348.75,2017.5,2366.25
2024-11-21 13:36:00,476.25,1863.75,2340.0
2024-11-21 13:37:00,502.5,1837.5,2340.0
2024-11-21 13:38:00,622.5,1695.0,2317.5
2024-11-21 13:39:00,596.25,1721.25,2317.5
2024-11-21 13:40:00,671.25,1631.25,2302.5
2024-11-21 13:41:00,615.0,1852.5,2467.5
2024-11-21 13:42:00,547.5,1942.5,2490.0
2024-11-21 13:43:00,663.75,1796.25,2460.0
2024-11-21 13:44:00,603.75,1916.25,2520.0
2024-11-21 13:45:00,626.25,1953.75,2580.0
2024-11-21 13:46:00,600.0,1991.25,2591.25
2024-11-21 13:47:00,618.75,1946.25,2565.0
2024-11-21 13:48:00,727.5,1725.0,2452.5
2024-11-21 13:49:00,686.25,1991.25,2677.5
2024-11-21 13:50:00,697.5,2017.5,2715.0
2024-11-21 13:51:00,645.0,2171.25,2816.25
2024-11-21 13:52:00,600.0,2295.0,2895.0
2024-11-21 13:53:00,652.5,2246.25,2898.75
2024-11-21 13:54:00,656.25,2257.5,2913.75
2024-11-21 13:55:00,603.75,2358.75,2962.5
2024-11-21 13:56:00,648.75,2231.25,2880.0
2024-11-21 13:57:00,705.0,2182.5,2887.5
2024-11-21 13:58:00,738.75,2178.75,2917.5
2024-11-21 13:59:00,592.5,2463.75,3056.25
2024-11-21 14:00:00,690.0,2362.5,3052.5
2024-11-21 14:01:00,686.25,2355.0,3041.25
2024-11-21 14:02:00,727.5,2280.0,3007.5
2024-11-21 14:03:00,761.25,2175.0,2936.25
2024-11-21 14:04:00,723.75,2388.75,3112.5
2024-11-21 14:05:00,753.75,2283.75,3037.5
2024-11-21 14:06:00,840.0,2066.25,2906.25
2024-11-21 14:07:00,862.5,1946.25,2808.75
2024-11-21 14:08:00,825.0,2118.75,2943.75
2024-11-21 14:09:00,821.25,2205.0,3026.25
2024-11-21 14:10:00,843.75,2160.0,3003.75
2024-11-21 14:11:00,840.0,2190.0,3030.0
2024-11-21 14:12:00,847.5,2231.25,3078.75
2024-11-21 14:13:00,828.75,2302.5,3131.25
2024-11-21 14:14:00,855.0,2193.75,3048.75
2024-11-21 14:15:00,900.0,2148.75,3048.75
2024-11-21 14:16:00,866.25,2272.5,3138.75
2024-11-21 14:17:00,828.75,2392.5,3221.25
2024-11-21 14:18:00,851.25,2351.25,3202.5
2024-11-21 14:19:00,821.25,2403.75,3225.0
2024-11-21 14:20:00,791.25,2482.5,3273.75
2024-11-21 14:21:00,731.25,2628.75,3360.0
2024-11-21 14:22:00,787.5,2565.0,3352.5
2024-11-21 14:23:00,825.0,2520.0,3345.0
2024-11-21 14:24:00,873.75,2467.5,3341.25
2024-11-21 14:25:00,855.0,2538.75,3393.75
2024-11-21 14:26:00,855.0,2587.5,3442.5
2024-11-21 14:27:00,851.25,2568.75,3420.0
2024-11-21 14:28:00,911.25,2392.5,3303.75
2024-11-21 14:29:00,907.5,2437.5,3345.0
2024-11-21 14:30:00,918.75,2407.5,3326.25
2024-11-21 14:31:00,945.0,2336.25,3281.25
2024-11-21 14:32:00,978.75,2122.5,3101.25
2024-11-21 14:33:00,1012.5,2073.75,3086.25
2024-11-21 14:34:00,1027.5,1833.75,2861.25
2024-11-21 14:35:00,1012.5,2111.25,3123.75
2024-11-21 14:36:00,1072.5,1878.75,2951.25
2024-11-21 14:37:00,1042.5,2137.5,3180.0
2024-11-21 14:38:00,1072.5,2062.5,3135.0
2024-11-21 14:39:00,1106.25,1942.5,3048.75
2024-11-21 14:40:00,1091.25,2043.75,3135.0
2024-11-21 14:41:00,1113.75,1901.25,3015.0
2024-11-21 14:42:00,1117.5,2006.25,3123.75
2024-11-21 14:43:00,1068.75,2531.25,3600.0
2024-11-21 14:44:00,1038.75,2688.75,3727.5
2024-11-21 14:45:00,1027.5,2726.25,3753.75
2024-11-21 14:46:00,1008.75,2748.75,3757.5
2024-11-21 14:47:00,1083.75,2572.5,3656.25
2024-11-21 14:48:00,1158.75,2152.5,3311.25
2024-11-21 14:49:00,1132.5,2531.25,3663.75
2024-11-21 14:50:00,1132.5,2478.75,3611.25
2024-11-21 14:51:00,1110.0,2580.0,3690.0
2024-11-21 14:52:00,1106.25,2628.75,3735.0
2024-11-21 14:53:00,1080.0,2673.75,3753.75
2024-11-21 14:54:00,1038.75,2786.25,3825.0
2024-11-21 14:55:00,1102.5,2628.75,3731.25
2024-11-21 14:56:00,1117.5,2640.0,3757.5
2024-11-21 14:57:00,1140.0,2598.75,3738.75
2024-11-21 14:58:00,1140.0,2505.0,3645.0
2024-11-21 14:59:00,1155.0,2508.75,3663.75
2024-11-21 15:00:00,1113.75,2778.75,3892.5
2024-11-21 15:01:00,1095.0,2966.25,4061.25
2024-11-21 15:02:00,1053.75,3161.25,4215.0
2024-11-21 15:03:00,1203.75,2973.75,4177.5
2024-11-21 15:04:00,1215.0,2763.75,3978.75
2024-11-21 15:05:00,1211.25,2891.25,4102.5
2024-11-21 15:06:00,1241.25,3033.75,4275.0
2024-11-21 15:07:00,1218.75,3135.0,4353.75
2024-11-21 15:08:00,1207.5,3221.25,4428.75
2024-11-21 15:09:00,1151.25,3412.5,4563.75
2024-11-21 15:10:00,1192.5,3360.0,4552.5
2024-11-21 15:11:00,1125.0,3528.75,4653.75
2024-11-21 15:12:00,1173.75,3510.0,4683.75
2024-11-21 15:13:00,1188.75,3476.25,4665.0
2024-11-21 15:14:00,1196.25,3498.75,4695.0
2024-11-21 15:15:00,1237.5,3472.5,4710.0
2024-11-21 15:16:00,1230.0,3483.75,4713.75
2024-11-21 15:17:00,1207.5,3566.25,4773.75
2024-11-21 15:18:00,1166.25,3633.75,4800.0
2024-11-21 15:19:00,1222.5,3607.5,4830.0
2024-11-21 15:20:00,1256.25,3573.75,4830.0
2024-11-21 15:21:00,1256.25,3573.75,4830.0
2024-11-21 15:22:00,1256.25,3573.75,4830.0
2024-11-21 15:23:00,1256.25,3573.75,4830.0
2024-11-21 15:24:00,1256.25,3573.75,4830.0
2024-11-21 15:25:00,1256.25,3573.75,4830.0
2024-11-21 15:26:00,1256.25,3573.75,4830.0
2024-11-21 15:27:00,1256.25,3573.75,4830.0
2024-11-21 15:28:00,1256.25,3573.75,4830.0
2024-11-21 15:29:00,1256.25,3573.75,4830.0
2024-11-21 15:30:00,1256.25,3573.75,4830.0
2024-11-28 10:15:00,0.0,0.0,0.0
2024-11-28 10:16:00,157.5,-67.5,90.0
2024-11-28 10:17:00,427.5,-116.25,311.25
2024-11-28 10:18:00,330.0,52.5,382.5
2024-11-28 10:19:00,251.25,-90.0,161.25
2024-11-28 10:20:00,135.0,-258.75,-123.75
2024-11-28 10:21:00,-22.5,-213.75,-236.25
2024-11-28 10:22:00,3.75,-266.25,-262.5
2024-11-28 10:23:00,157.5,-341.25,-183.75
2024-11-28 10:24:00,303.75,-510.0,-206.25
2024-11-28 10:25:00,240.0,-615.0,-375.0
2024-11-28 10:26:00,213.75,-611.25,-397.5
2024-11-28 10:27:00,202.5,-761.25,-558.75
2024-11-28 10:28:00,213.75,-525.0,-311.25
2024-11-28 10:29:00,303.75,-596.25,-292.5
2024-11-28 10:30:00,566.25,-641.25,-75.0
2024-11-28 10:31:00,802.5,-682.5,120.0
2024-11-28 10:32:00,776.25,-525.0,251.25
2024-11-28 10:33:00,720.0,-1931.25,-1211.25
2024-11-28 10:34:00,1035.0,-5790.0,-4755.0
2024-11-28 10:35:00,937.5,-5193.75,-4256.25
2024-11-28 10:36:00,641.25,-7050.0,-6408.75
2024-11-28 10:37:00,892.5,-8186.25,-7293.75
2024-11-28 10:38:00,716.25,-10132.5,-9416.25
2024-11-28 10:39:00,1556.25,-12022.5,-10466.25
2024-11-28 10:40:00,1878.75,-11081.25,-9202.5
2024-11-28 10:41:00,3892.5,-14122.5,-10230.0
2024-11-28 10:42:00,4155.0,-12596.25,-8441.25
2024-11-28 10:43:00,3221.25,-10968.75,-7747.5
2024-11-28 10:44:00,3626.25,-11437.5,-7811.25
2024-11-28 10:45:00,3303.75,-10548.75,-7245.0
2024-11-28 10:46:00,2921.25,-10927.5,-8006.25
2024-11-28 10:47:00,2730.0,-11377.5,-8647.5
2024-11-28 10:48:00,2868.75,-12232.5,-9363.75
2024-11-28 10:49:00,3292.5,-14122.5,-10830.0
2024-11-28 10:50:00,3131.25,-14520.0,-11388.75
2024-11-28 10:51:00,3416.25,-13672.5,-10256.25
2024-11-28 10:52:00,3225.0,-14103.75,-10878.75
2024-11-28 10:53:00,2842.5,-13260.0,-10417.5
2024-11-28 10:54:00,3146.25,-13526.25,-10380.0
2024-11-28 10:55:00,3037.5,-13597.5,-10560.0
2024-11-28 10:56:00,3060.0,-13346.25,-10286.25
2024-11-28 10:57:00,3472.5,-13402.5,-9930.0
2024-11-28 10:58:00,3686.25,-13113.75,-9427.5
2024-11-28 10:59:00,3735.0,-12397.5,-8662.5
2024-11-28 11:00:00,3360.0,-11396.25,-8036.25
2024-11-28 11:01:00,3491.25,-11538.75,-8047.5
2024-11-28 11:02:00,2572.5,-11793.75,-9221.25
2024-11-28 11:03:00,2707.5,-11546.25,-8838.75
2024-11-28 11:04:00,3056.25,-11786.25,-8730.0
2024-11-28 11:05:00,3783.75,-12412.5,-8628.75
2024-11-28 11:06:00,4083.75,-12502.5,-8418.75
2024-11-28 11:07:00,4357.5,-11763.75,-7406.25
2024-11-28 11:08:00,4335.0,-12116.25,-7781.25
2024-11-28 11:09:00,4440.0,-12491.25,-8051.25
2024-11-28 11:10:00,4833.75,-12618.75,-7785.0
2024-11-28 11:11:00,4563.75,-12172.5,-7608.75
2024-11-28 11:12:00,4732.5,-12468.75,-7736.25
2024-11-28 11:13:00,4886.25,-12783.75,-7897.5
2024-11-28 11:14:00,4680.0,-13218.75,-8538.75
2024-11-28 11:15:00,4680.0,-12641.25,-7961.25
2024-11-28 11:16:00,5021.25,-12228.75,-7207.5
2024-11-28 11:17:00,5673.75,-13057.5,-7383.75
2024-11-28 11:18:00,5763.75,-14227.5,-8463.75
2024-11-28 11:19:00,5317.5,-13627.5,-8310.0
2024-11-28 11:20:00,5628.75,-14130.0,-8501.25
2024-11-28 11:21:00,5362.5,-13702.5,-8340.0
2024-11-28 11:22:00,5842.5,-13852.5,-8010.0
2024-11-28 11:23:00,5748.75,-13068.75,-7320.0
2024-11-28 11:24:00,6356.25,-14456.25,-8100.0
2024-11-28 11:25:00,6450.0,-14355.0,-7905.0
2024-11-28 11:26:00,6371.25,-13653.75,-7282.5
2024-11-28 11:27:00,6315.0,-13312.5,-6997.5
2024-11-28 11:28:00,6371.25,-13507.5,-7136.25
2024-11-28 11:29:00,6041.25,-14118.75,-8077.5
2024-11-28 11:30:00,5808.75,-14085.0,-8276.25
2024-11-28 11:31:00,5677.5,-14163.75,-8486.25
2024-11-28 11:32:00,5591.25,-14223.75,-8632.5
2024-11-28 11:33:00,5343.75,-14377.5,-9033.75
2024-11-28 11:34:00,5535.0,-14726.25,-9191.25
2024-11-28 11:35:00,4953.75,-14096.25,-9142.5
2024-11-28 11:36:00,5317.5,-14756.25,-9438.75
2024-11-28 11:37:00,5298.75,-14722.5,-9423.75
2024-11-28 11:38:00,5272.5,-14602.5,-9330.0
2024-11-28 11:39:00,4800.0,-14392.5,-9592.5
2024-11-28 11:40:00,4781.25,-14265.0,-9483.75
2024-11-28 11:41:00,4725.0,-14201.25,-9476.25
2024-11-28 11:42:00,4695.0,-14276.25,-9581.25
2024-11-28 11:43:00,5280.0,-14527.5,-9247.5
2024-11-28 11:44:00,5535.0,-14336.25,-8801.25
2024-11-28 11:45:00,5426.25,-13777.5,-8351.25
2024-11-28 11:46:00,5351.25,-13196.25,-7845.0
2024-11-28 11:47:00,5115.0,-12731.25,-7616.25
2024-11-28 11:48:00,5201.25,-12821.25,-7620.0
2024-11-28 11:49:00,4897.5,-12420.0,-7522.5
2024-11-28 11:50:00,3322.5,-12273.75,-8951.25
2024-11-28 11:51:00,3678.75,-11853.75,-8175.0
2024-11-28 11:52:00,3836.25,-12168.75,-8332.5
2024-11-28 11:53:00,3630.0,-12378.75,-8748.75
2024-11-28 11:54:00,3982.5,-12525.0,-8542.5
2024-11-28 11:55:00,4631.25,-12960.0,-8328.75
2024-11-28 11:56:00,4908.75,-13230.0,-8321.25
2024-11-28 11:57:00,5280.0,-13222.5,-7942.5
2024-11-28 11:58:00,5287.5,-13563.75,-8276.25
2024-11-28 11:59:00,5501.25,-14291.25,-8790.0
2024-11-28 12:00:00,5370.0,-14643.75,-9273.75
2024-11-28 12:01:00,5441.25,-14332.5,-8891.25
2024-11-28 12:02:00,5853.75,-14636.25,-8782.5
2024-11-28 12:03:00,5610.0,-13916.25,-8306.25
2024-11-28 12:04:00,5775.0,-14111.25,-8336.25
2024-11-28 12:05:00,5887.5,-14486.25,-8598.75
2024-11-28 12:06:00,5726.25,-14261.25,-8535.0
2024-11-28 12:07:00,5647.5,-13830.0,-8182.5
2024-11-28 12:08:00,5418.75,-13203.75,-7785.0
2024-11-28 12:09:00,5242.5,-12843.75,-7601.25
2024-11-28 12:10:00,4995.0,-12930.0,-7935.0
2024-11-28 12:11:00,4987.5,-13005.0,-8017.5
2024-11-28 12:12:00,4785.0,-12956.25,-8171.25
2024-11-28 12:13:00,5021.25,-13927.5,-8906.25
2024-11-28 12:14:00,4661.25,-13301.25,-8640.0
2024-11-28 12:15:00,4736.25,-13320.0,-8583.75
2024-11-28 12:16:00,4901.25,-13365.0,-8463.75
2024-11-28 12:17:00,5178.75,-13361.25,-8182.5
2024-11-28 12:18:00,5467.5,-13428.75,-7961.25
2024-11-28 12:19:00,5475.0,-13316.25,-7841.25
2024-11-28 12:20:00,5347.5,-12922.5,-7575.0
2024-11-28 12:21:00,5707.5,-12963.75,-7256.25
2024-11-28 12:22:00,5696.25,-12540.0,-6843.75
2024-11-28 12:23:00,5508.75,-12592.5,-7083.75
2024-11-28 12:24:00,6075.0,-13338.75,-7263.75
2024-11-28 12:25:00,6101.25,-12776.25,-6675.0
2024-11-28 12:26:00,6067.5,-12262.5,-6195.0
2024-11-28 12:27:00,5812.5,-11730.0,-5917.5
2024-11-28 12:28:00,5958.75,-11283.75,-5325.0
2024-11-28 12:29:00,6157.5,-11122.5,-4965.0
2024-11-28 12:30:00,6108.75,-11227.5,-5118.75
2024-11-28 12:31:00,5910.0,-12003.75,-6093.75
2024-11-28 12:32:00,6382.5,-11666.25,-5283.75
2024-11-28 12:33:00,6855.0,-12528.75,-5673.75
2024-11-28 12:34:00,6832.5,-13181.25,-6348.75
2024-11-28 12:35:00,6783.75,-13616.25,-6832.5
2024-11-28 12:36:00,7001.25,-13691.25,-6690.0
2024-11-28 12:37:00,7080.0,-14175.0,-7095.0
2024-11-28 12:38:00,7158.75,-16098.75,-8940.0
2024-11-28 12:39:00,7425.0,-16380.0,-8955.0
2024-11-28 12:40:00,7297.5,-15217.5,-7920.0
2024-11-28 12:41:00,7293.75,-15453.75,-8160.0
2024-11-28 12:42:00,7263.75,-15378.75,-8115.0
2024-11-28 12:43:00,7248.75,-14478.75,-7230.0
2024-11-28 12:44:00,7248.75,-14373.75,-7125.0
2024-11-28 12:45:00,7275.0,-13931.25,-6656.25
2024-11-28 12:46:00,7338.75,-14130.0,-6791.25
2024-11-28 12:47:00,7297.5,-14347.5,-7050.0
2024-11-28 12:48:00,7203.75,-14561.25,-7357.5
2024-11-28 12:49:00,7222.5,-14685.0,-7462.5
2024-11-28 12:50:00,7237.5,-14505.0,-7267.5
2024-11-28 12:51:00,7192.5,-14205.0,-7012.5
2024-11-28 12:52:00,7207.5,-14096.25,-6888.75
2024-11-28 12:53:00,7376.25,-14602.5,-7226.25
2024-11-28 12:54:00,7233.75,-13961.25,-6727.5
2024-11-28 12:55:00,7290.0,-13800.0,-6510.0
2024-11-28 12:56:00,7387.5,-13466.25,-6078.75
2024-11-28 12:57:00,7590.0,-13923.75,-6333.75
2024-11-28 12:58:00,7661.25,-13897.5,-6236.25
2024-11-28 12:59:00,7556.25,-14313.75,-6757.5
2024-11-28 13:00:00,7751.25,-15660.0,-7908.75
2024-11-28 13:01:00,7747.5,-15438.75,-7691.25
2024-11-28 13:02:00,7706.25,-16323.75,-8617.5
2024-11-28 13:03:00,7668.75,-15277.5,-7608.75
2024-11-28 13:04:00,7893.75,-15622.5,-7728.75
2024-11-28 13:05:00,8006.25,-16398.75,-8392.5
2024-11-28 13:06:00,7957.5,-15161.25,-7203.75
2024-11-28 13:07:00,8025.0,-14940.0,-6915.0
2024-11-28 13:08:00,8156.25,-15266.25,-7110.0
2024-11-28 13:09:00,8268.75,-17141.25,-8872.5
2024-11-28 13:10:00,8163.75,-15806.25,-7642.5
2024-11-28 13:11:00,8178.75,-15360.0,-7181.25
2024-11-28 13:12:00,8276.25,-15588.75,-7312.5
2024-11-28 13:13:00,8250.0,-15978.75,-7728.75
2024-11-28 13:14:00,8231.25,-16016.25,-7785.0
2024-11-28 13:15:00,8268.75,-16357.5,-8088.75
2024-11-28 13:16:00,8317.5,-16278.75,-7961.25
2024-11-28 13:17:00,8456.25,-16841.25,-8385.0
2024-11-28 13:18:00,8362.5,-16076.25,-7713.75
2024-11-28 13:19:00,8291.25,-15866.25,-7575.0
2024-11-28 13:20:00,8238.75,-16050.0,-7811.25
2024-11-28 13:21:00,8227.5,-16192.5,-7965.0
2024-11-28 13:22:00,8088.75,-15712.5,-7623.75
2024-11-28 13:23:00,8040.0,-15367.5,-7327.5
2024-11-28 13:24:00,8096.25,-15735.0,-7638.75
2024-11-28 13:25:00,8152.5,-15858.75,-7706.25
2024-11-28 13:26:00,8107.5,-15513.75,-7406.25
2024-11-28 13:27:00,8028.75,-14861.25,-6832.5
2024-11-28 13:28:00,8058.75,-14771.25,-6712.5
2024-11-28 13:29:00,8070.0,-14118.75,-6048.75
2024-11-28 13:30:00,8190.0,-14366.25,-6176.25
2024-11-28 13:31:00,8317.5,-14771.25,-6453.75
2024-11-28 13:32:00,8092.5,-13916.25,-5823.75
2024-11-28 13:33:00,8190.0,-14572.5,-6382.5
2024-11-28 13:34:00,8137.5,-14786.25,-6648.75
2024-11-28 13:35:00,8051.25,-14730.0,-6678.75
2024-11-28 13:36:00,8043.75,-14808.75,-6765.0
2024-11-28 13:37:00,8010.0,-14906.25,-6896.25
2024-11-28 13:38:00,8096.25,-15461.25,-7365.0
2024-11-28 13:39:00,8002.5,-15202.5,-7200.0
2024-11-28 13:40:00,7946.25,-15157.5,-7211.25
2024-11-28 13:41:00,7961.25,-16005.0,-8043.75
2024-11-28 13:42:00,7927.5,-15641.25,-7713.75
2024-11-28 13:43:00,7893.75,-15423.75,-7530.0
2024-11-28 13:44:00,7965.0,-15656.25,-7691.25
2024-11-28 13:45:00,8118.75,-16132.5,-8013.75
2024-11-28 13:46:00,8111.25,-16338.75,-8227.5
2024-11-28 13:47:00,8171.25,-16466.25,-8295.0
2024-11-28 13:48:00,8133.75,-15543.75,-7410.0
2024-11-28 13:49:00,8321.25,-16623.75,-8302.5
2024-11-28 13:50:00,8287.5,-16151.25,-7863.75
2024-11-28 13:51:00,8235.0,-16211.25,-7976.25
2024-11-28 13:52:00,8115.0,-15780.0,-7665.0
2024-11-28 13:53:00,8103.75,-15862.5,-7758.75
2024-11-28 13:54:00,8096.25,-15971.25,-7875.0
2024-11-28 13:55:00,7938.75,-15690.0,-7751.25
2024-11-28 13:56:00,7923.75,-15573.75,-7650.0
2024-11-28 13:57:00,7256.25,-14493.75,-7237.5
2024-11-28 13:58:00,7473.75,-14163.75,-6690.0
2024-11-28 13:59:00,6273.75,-13016.25,-6742.5
2024-11-28 14:00:00,6660.0,-13320.0,-6660.0
2024-11-28 14:01:00,7608.75,-13837.5,-6228.75
2024-11-28 14:02:00,7923.75,-12941.25,-5017.5
2024-11-28 14:03:00,7511.25,-12045.0,-4533.75
2024-11-28 14:04:00,7905.0,-12791.25,-4886.25
2024-11-28 14:05:00,7653.75,-12123.75,-4470.0
2024-11-28 14:06:00,7803.75,-12063.75,-4260.0
2024-11-28 14:07:00,7312.5,-10893.75,-3581.25
2024-11-28 14:08:00,7267.5,-10537.5,-3270.0
2024-11-28 14:09:00,7668.75,-11313.75,-3645.0
2024-11-28 14:10:00,7916.25,-11838.75,-3922.5
2024-11-28 14:11:00,8028.75,-13402.5,-5373.75
2024-11-28 14:12:00,8088.75,-13432.5,-5343.75
2024-11-28 14:13:00,7890.0,-19357.5,-11467.5
2024-11-28 14:14:00,8388.75,-24521.25,-16132.5
2024-11-28 14:15:00,8265.0,-18716.25,-10451.25
2024-11-28 14:16:00,8445.0,-19781.25,-11336.25
2024-11-28 14:17:00,8542.5,-21022.5,-12480.0
2024-11-28 14:18:00,8587.5,-21900.0,-13312.5
2024-11-28 14:19:00,8531.25,-20025.0,-11493.75
2024-11-28 14:20:00,8561.25,-19871.25,-11310.0
2024-11-28 14:21:00,8617.5,-19965.0,-11347.5
2024-11-28 14:22:00,8553.75,-19927.5,-11373.75
2024-11-28 14:23:00,8531.25,-19938.75,-11407.5
2024-11-28 14:24:00,8523.75,-19905.0,-11381.25
2024-11-28 14:25:00,8531.25,-19972.5,-11441.25
2024-11-28 14:26:00,8366.25,-19788.75,-11422.5
2024-11-28 14:27:00,8362.5,-19788.75,-11426.25
2024-11-28 14:28:00,8437.5,-19811.25,-11373.75
2024-11-28 14:29:00,8392.5,-19698.75,-11306.25
2024-11-28 14:30:00,8448.75,-19695.0,-11246.25
2024-11-28 14:31:00,8317.5,-19635.0,-11317.5
2024-11-28 14:32:00,8471.25,-19612.5,-11141.25
2024-11-28 14:33:00,8531.25,-19620.0,-11088.75
2024-11-28 14:34:00,8756.25,-19635.0,-10878.75
2024-11-28 14:35:00,8797.5,-19646.25,-10848.75
2024-11-28 14:36:00,8782.5,-19653.75,-10871.25
2024-11-28 14:37:00,8846.25,-19627.5,-10781.25
2024-11-28 14:38:00,8842.5,-19623.75,-10781.25
2024-11-28 14:39:00,8891.25,-19623.75,-10732.5
2024-11-28 14:40:00,8891.25,-19642.5,-10751.25
2024-11-28 14:41:00,8872.5,-19702.5,-10830.0
2024-11-28 14:42:00,8865.0,-19653.75,-10788.75
2024-11-28 14:43:00,8880.0,-19653.75,-10773.75
2024-11-28 14:44:00,8895.0,-19646.25,-10751.25
2024-11-28 14:45:00,8898.75,-19612.5,-10713.75
2024-11-28 14:46:00,8906.25,-19631.25,-10725.0
2024-11-28 14:47:00,8906.25,-19601.25,-10695.0
2024-11-28 14:48:00,8902.5,-19575.0,-10672.5
2024-11-28 14:49:00,8917.5,-19575.0,-10657.5
2024-11-28 14:50:00,8932.5,-19578.75,-10646.25
2024-11-28 14:51:00,8921.25,-19575.0,-10653.75
2024-11-28 14:52:00,8902.5,-19578.75,-10676.25
2024-11-28 14:53:00,8925.0,-19575.0,-10650.0
2024-11-28 14:54:00,8921.25,-19578.75,-10657.5
2024-11-28 14:55:00,8921.25,-19575.0,-10653.75
2024-11-28 14:56:00,8936.25,-19590.0,-10653.75
2024-11-28 14:57:00,8940.0,-19567.5,-10627.5
2024-11-28 14:58:00,8928.75,-19571.25,-10642.5
2024-11-28 14:59:00,8936.25,-19567.5,-10631.25
2024-11-28 15:00:00,8921.25,-19586.25,-10665.0
2024-11-28 15:01:00,8932.5,-19571.25,-10638.75
2024-11-28 15:02:00,8936.25,-19552.5,-10616.25
2024-11-28 15:03:00,8943.75,-19548.75,-10605.0
2024-11-28 15:04:00,8951.25,-19541.25,-10590.0
2024-11-28 15:05:00,8951.25,-19545.0,-10593.75
2024-11-28 15:06:00,8951.25,-19545.0,-10593.75
2024-11-28 15:07:00,8955.0,-19552.5,-10597.5
2024-11-28 15:08:00,8955.0,-19548.75,-10593.75
2024-11-28 15:09:00,8951.25,-19548.75,-10597.5
2024-11-28 15:10:00,8958.75,-19548.75,-10590.0
2024-11-28 15:11:00,8955.0,-19545.0,-10590.0
2024-11-28 15:12:00,8962.5,-19537.5,-10575.0
2024-11-28 15:13:00,8966.25,-19537.5,-10571.25
2024-11-28 15:14:00,8970.0,-19537.5,-10567.5
2024-11-28 15:15:00,8962.5,-19541.25,-10578.75
2024-11-28 15:16:00,8970.0,-19537.5,-10567.5
2024-11-28 15:17:00,8970.0,-19541.25,-10571.25
2024-11-28 15:18:00,8973.75,-19537.5,-10563.75
2024-11-28 15:19:00,8970.0,-19537.5,-10567.5
2024-11-28 15:20:00,8981.25,-19537.5,-10556.25
2024-11-28 15:21:00,8981.25,-19537.5,-10556.25
2024-11-28 15:22:00,8981.25,-19537.5,-10556.25
2024-11-28 15:23:00,8981.25,-19537.5,-10556.25
2024-11-28 15:24:00,8981.25,-19537.5,-10556.25
2024-11-28 15:25:00,8981.25,-19537.5,-10556.25
2024-11-28 15:26:00,8981.25,-19537.5,-10556.25
2024-11-28 15:27:00,8981.25,-19537.5,-10556.25
2024-11-28 15:28:00,8981.25,-19537.5,-10556.25
2024-11-28 15:29:00,8981.25,-19537.5,-10556.25
2024-11-28 15:30:00,8981.25,-19537.5,-10556.25
2024-12-05 10:15:00,0.0,0.0,0.0
2024-12-05 10:16:00,-153.75,78.75,-75.0
2024-12-05 10:17:00,-180.0,-52.5,-232.5
2024-12-05 10:18:00,48.75,-735.0,-686.25
2024-12-05 10:19:00,232.5,-978.75,-746.25
2024-12-05 10:20:00,127.5,-675.0,-547.5
2024-12-05 10:21:00,-236.25,-592.5,-828.75
2024-12-05 10:22:00,-480.0,-221.25,-701.25
2024-12-05 10:23:00,-540.0,67.5,-472.5
2024-12-05 10:24:00,-592.5,56.25,-536.25
2024-12-05 10:25:00,-802.5,228.75,-573.75
2024-12-05 10:26:00,-746.25,18.75,-727.5
2024-12-05 10:27:00,-757.5,-161.25,-918.75
2024-12-05 10:28:00,-592.5,-532.5,-1125.0
2024-12-05 10:29:00,-483.75,-558.75,-1042.5
2024-12-05 10:30:00,-532.5,-431.25,-963.75
2024-12-05 10:31:00,-656.25,-247.5,-903.75
2024-12-05 10:32:00,-532.5,-266.25,-798.75
2024-12-05 10:33:00,-457.5,-600.0,-1057.5
2024-12-05 10:34:00,-600.0,-450.0,-1050.0
2024-12-05 10:35:00,-573.75,-596.25,-1170.0
2024-12-05 10:36:00,-663.75,-465.0,-1128.75
2024-12-05 10:37:00,-600.0,-607.5,-1207.5
2024-12-05 10:38:00,-510.0,-641.25,-1151.25
2024-12-05 10:39:00,-480.0,-738.75,-1218.75
2024-12-05 10:40:00,-532.5,-611.25,-1143.75
2024-12-05 10:41:00,-581.25,-585.0,-1166.25
2024-12-05 10:42:00,-660.0,-615.0,-1275.0
2024-12-05 10:43:00,-615.0,-453.75,-1068.75
2024-12-05 10:44:00,-802.5,-322.5,-1125.0
2024-12-05 10:45:00,-772.5,-352.5,-1125.0
2024-12-05 10:46:00,-555.0,-607.5,-1162.5
2024-12-05 10:47:00,-412.5,-821.25,-1233.75
2024-12-05 10:48:00,-348.75,-990.0,-1338.75
2024-12-05 10:49:00,-480.0,-330.0,-810.0
2024-12-05 10:50:00,-525.0,-138.75,-663.75
2024-12-05 10:51:00,-618.75,-120.0,-738.75
2024-12-05 10:52:00,-667.5,-101.25,-768.75
2024-12-05 10:53:00,-1128.75,416.25,-712.5
2024-12-05 10:54:00,-1005.0,120.0,-885.0
2024-12-05 10:55:00,-453.75,-240.0,-693.75
2024-12-05 10:56:00,-363.75,-161.25,-525.0
2024-12-05 10:57:00,-210.0,-232.5,-442.5
2024-12-05 10:58:00,-108.75,-502.5,-611.25
2024-12-05 10:59:00,603.75,-3266.25,-2662.5
2024-12-05 11:00:00,603.75,-2602.5,-1998.75
2024-12-05 11:01:00,540.0,-1736.25,-1196.25
2024-12-05 11:02:00,461.25,-1061.25,-600.0
2024-12-05 11:03:00,506.25,-971.25,-465.0
2024-12-05 11:04:00,303.75,-1117.5,-813.75
2024-12-05 11:05:00,161.25,-1050.0,-888.75
2024-12-05 11:06:00,183.75,-1297.5,-1113.75
2024-12-05 11:07:00,285.0,-1466.25,-1181.25
2024-12-05 11:08:00,11.25,-1391.25,-1380.0
2024-12-05 11:09:00,198.75,-1957.5,-1758.75
2024-12-05 11:10:00,127.5,-1725.0,-1597.5
2024-12-05 11:11:00,191.25,-1957.5,-1766.25
2024-12-05 11:12:00,187.5,-1612.5,-1425.0
2024-12-05 11:13:00,288.75,-1372.5,-1083.75
2024-12-05 11:14:00,180.0,-1136.25,-956.25
2024-12-05 11:15:00,221.25,-1173.75,-952.5
2024-12-05 11:16:00,318.75,-1638.75,-1320.0
2024-12-05 11:17:00,360.0,-1991.25,-1631.25
2024-12-05 11:18:00,300.0,-1830.0,-1530.0
2024-12-05 11:19:00,330.0,-1931.25,-1601.25
2024-12-05 11:20:00,427.5,-1998.75,-1571.25
2024-12-05 11:21:00,390.0,-2081.25,-1691.25
2024-12-05 11:22:00,408.75,-2036.25,-1627.5
2024-12-05 11:23:00,401.25,-1938.75,-1537.5
2024-12-05 11:24:00,603.75,-2396.25,-1792.5
2024-12-05 11:25:00,453.75,-2040.0,-1586.25
2024-12-05 11:26:00,348.75,-1777.5,-1428.75
2024-12-05 11:27:00,322.5,-1680.0,-1357.5
2024-12-05 11:28:00,468.75,-1991.25,-1522.5
2024-12-05 11:29:00,322.5,-1841.25,-1518.75
2024-12-05 11:30:00,232.5,-1623.75,-1391.25
2024-12-05 11:31:00,322.5,-1905.0,-1582.5
2024-12-05 11:32:00,585.0,-2280.0,-1695.0
2024-12-05 11:33:00,495.0,-2118.75,-1623.75
2024-12-05 11:34:00,525.0,-2411.25,-1886.25
2024-12-05 11:35:00,525.0,-2490.0,-1965.0
2024-12-05 11:36:00,532.5,-2452.5,-1920.0
2024-12-05 11:37:00,483.75,-2355.0,-1871.25
2024-12-05 11:38:00,543.75,-2396.25,-1852.5
2024-12-05 11:39:00,498.75,-2208.75,-1710.0
2024-12-05 11:40:00,431.25,-2265.0,-1833.75
2024-12-05 11:41:00,581.25,-2643.75,-2062.5
2024-12-05 11:42:00,502.5,-2617.5,-2115.0
2024-12-05 11:43:00,487.5,-2523.75,-2036.25
2024-12-05 11:44:00,420.0,-2396.25,-1976.25
2024-12-05 11:45:00,247.5,-1863.75,-1616.25
2024-12-05 11:46:00,330.0,-2028.75,-1698.75
2024-12-05 11:47:00,213.75,-1856.25,-1642.5
2024-12-05 11:48:00,281.25,-2051.25,-1770.0
2024-12-05 11:49:00,285.0,-1935.0,-1650.0
2024-12-05 11:50:00,202.5,-1646.25,-1443.75
2024-12-05 11:51:00,273.75,-2040.0,-1766.25
2024-12-05 11:52:00,37.5,-1533.75,-1496.25
2024-12-05 11:53:00,52.5,-1503.75,-1451.25
2024-12-05 11:54:00,82.5,-1582.5,-1500.0
2024-12-05 11:55:00,195.0,-1803.75,-1608.75
2024-12-05 11:56:00,101.25,-1743.75,-1642.5
2024-12-05 11:57:00,56.25,-1653.75,-1597.5
2024-12-05 11:58:00,161.25,-1811.25,-1650.0
2024-12-05 11:59:00,86.25,-1631.25,-1545.0
2024-12-05 12:00:00,-191.25,-1436.25,-1627.5
2024-12-05 12:01:00,-270.0,-1421.25,-1691.25
2024-12-05 12:02:00,-333.75,-1185.0,-1518.75
2024-12-05 12:03:00,-483.75,-978.75,-1462.5
2024-12-05 12:04:00,-596.25,-540.0,-1136.25
2024-12-05 12:05:00,-851.25,-120.0,-971.25
2024-12-05 12:06:00,-2261.25,483.75,-1777.5
2024-12-05 12:07:00,-2748.75,1627.5,-1121.25
2024-12-05 12:08:00,-3300.0,1781.25,-1518.75
2024-12-05 12:09:00,-4713.75,2452.5,-2261.25
2024-12-05 12:10:00,-3641.25,1991.25,-1650.0
2024-12-05 12:11:00,-4233.75,2520.0,-1713.75
2024-12-05 12:12:00,-5013.75,3648.75,-1365.0
2024-12-05 12:13:00,-5962.5,3825.0,-2137.5
2024-12-05 12:14:00,-5700.0,3517.5,-2182.5
2024-12-05 12:15:00,-5486.25,3412.5,-2073.75
2024-12-05 12:16:00,-7931.25,3536.25,-4395.0
2024-12-05 12:17:00,-7998.75,3543.75,-4455.0
2024-12-05 12:18:00,-7650.0,3453.75,-4196.25
2024-12-05 12:19:00,-9018.75,3562.5,-5456.25
2024-12-05 12:20:00,-8433.75,3570.0,-4863.75
2024-12-05 12:21:00,-8613.75,3356.25,-5257.5
2024-12-05 12:22:00,-7068.75,1998.75,-5070.0
2024-12-05 12:23:00,-6618.75,1492.5,-5126.25
2024-12-05 12:24:00,-6637.5,2148.75,-4488.75
2024-12-05 12:25:00,-6581.25,2178.75,-4402.5
2024-12-05 12:26:00,-6757.5,2340.0,-4417.5
2024-12-05 12:27:00,-6393.75,1987.5,-4406.25
2024-12-05 12:28:00,-6330.0,2456.25,-3873.75
2024-12-05 12:29:00,-6510.0,3393.75,-3116.25
2024-12-05 12:30:00,-6116.25,3378.75,-2737.5
2024-12-05 12:31:00,-5561.25,4121.25,-1440.0
2024-12-05 12:32:00,-6408.75,5055.0,-1353.75
2024-12-05 12:33:00,-6142.5,5058.75,-1083.75
2024-12-05 12:34:00,-6097.5,4215.0,-1882.5
2024-12-05 12:35:00,-6288.75,4080.0,-2208.75
2024-12-05 12:36:00,-6495.0,3855.0,-2640.0
2024-12-05 12:37:00,-6585.0,3881.25,-2703.75
2024-12-05 12:38:00,-6322.5,3228.75,-3093.75
2024-12-05 12:39:00,-6191.25,3198.75,-2992.5
2024-12-05 12:40:00,-6090.0,3086.25,-3003.75
2024-12-05 12:41:00,-6311.25,3570.0,-2741.25
2024-12-05 12:42:00,-6262.5,3626.25,-2636.25
2024-12-05 12:43:00,-6011.25,3217.5,-2793.75
2024-12-05 12:44:00,-5216.25,2696.25,-2520.0
2024-12-05 12:45:00,-5568.75,3840.0,-1728.75
2024-12-05 12:46:00,-4856.25,3525.0,-1331.25
2024-12-05 12:47:00,-4792.5,3000.0,-1792.5
2024-12-05 12:48:00,-5028.75,2538.75,-2490.0
2024-12-05 12:49:00,-4912.5,2591.25,-2321.25
2024-12-05 12:50:00,-5418.75,3127.5,-2291.25
2024-12-05 12:51:00,-5328.75,2936.25,-2392.5
2024-12-05 12:52:00,-4496.25,1680.0,-2816.25
2024-12-05 12:53:00,-5073.75,3078.75,-1995.0
2024-12-05 12:54:00,-5156.25,3146.25,-2010.0
2024-12-05 12:55:00,-5220.0,2992.5,-2227.5
2024-12-05 12:56:00,-5081.25,2951.25,-2130.0
2024-12-05 12:57:00,-5013.75,3037.5,-1976.25
2024-12-05 12:58:00,-5092.5,3228.75,-1863.75
2024-12-05 12:59:00,-5711.25,3993.75,-1717.5
2024-12-05 13:00:00,-5422.5,4211.25,-1211.25
2024-12-05 13:01:00,-4987.5,4121.25,-866.25
2024-12-05 13:02:00,-4991.25,4245.0,-746.25
2024-12-05 13:03:00,-5092.5,3847.5,-1245.0
2024-12-05 13:04:00,-5441.25,3978.75,-1462.5
2024-12-05 13:05:00,-5456.25,4072.5,-1383.75
2024-12-05 13:06:00,-5478.75,4181.25,-1297.5
2024-12-05 13:07:00,-5565.0,4271.25,-1293.75
2024-12-05 13:08:00,-5557.5,4282.5,-1275.0
2024-12-05 13:09:00,-5947.5,4481.25,-1466.25
2024-12-05 13:10:00,-5463.75,3967.5,-1496.25
2024-12-05 13:11:00,-5606.25,3978.75,-1627.5
2024-12-05 13:12:00,-5426.25,3862.5,-1563.75
2024-12-05 13:13:00,-5992.5,4132.5,-1860.0
2024-12-05 13:14:00,-7256.25,5201.25,-2055.0
2024-12-05 13:15:00,-7425.0,5767.5,-1657.5
2024-12-05 13:16:00,-7095.0,5846.25,-1248.75
2024-12-05 13:17:00,-6435.0,6142.5,-292.5
2024-12-05 13:18:00,-6678.75,6686.25,7.5
2024-12-05 13:19:00,-6697.5,5778.75,-918.75
2024-12-05 13:20:00,-6333.75,5718.75,-615.0
2024-12-05 13:21:00,-6371.25,5872.5,-498.75
2024-12-05 13:22:00,-6078.75,5553.75,-525.0
2024-12-05 13:23:00,-5906.25,5238.75,-667.5
2024-12-05 13:24:00,-5700.0,5021.25,-678.75
2024-12-05 13:25:00,-5632.5,4811.25,-821.25
2024-12-05 13:26:00,-5782.5,4867.5,-915.0
2024-12-05 13:27:00,-5478.75,4380.0,-1098.75
2024-12-05 13:28:00,-4991.25,3952.5,-1038.75
2024-12-05 13:29:00,-5077.5,4845.0,-232.5
2024-12-05 13:30:00,-4361.25,3978.75,-382.5
2024-12-05 13:31:00,-4575.0,4413.75,-161.25
2024-12-05 13:32:00,-5193.75,4428.75,-765.0
2024-12-05 13:33:00,-5628.75,4500.0,-1128.75
2024-12-05 13:34:00,-5921.25,5497.5,-423.75
2024-12-05 13:35:00,-5850.0,5268.75,-581.25
2024-12-05 13:36:00,-5471.25,4713.75,-757.5
2024-12-05 13:37:00,-5340.0,4383.75,-956.25
2024-12-05 13:38:00,-5726.25,5036.25,-690.0
2024-12-05 13:39:00,-7605.0,5797.5,-1807.5
2024-12-05 13:40:00,-7260.0,6063.75,-1196.25
2024-12-05 13:41:00,-7305.0,6547.5,-757.5
2024-12-05 13:42:00,-6236.25,7376.25,1140.0
2024-12-05 13:43:00,-5538.75,9311.25,3772.5
2024-12-05 13:44:00,-4571.25,8175.0,3603.75
2024-12-05 13:45:00,-5257.5,8362.5,3105.0
2024-12-05 13:46:00,-5227.5,7773.75,2546.25
2024-12-05 13:47:00,-5411.25,7346.25,1935.0
2024-12-05 13:48:00,-5621.25,7147.5,1526.25
2024-12-05 13:49:00,-6517.5,7256.25,738.75
2024-12-05 13:50:00,-6630.0,7695.0,1065.0
2024-12-05 13:51:00,-6281.25,7605.0,1323.75
2024-12-05 13:52:00,-5876.25,7537.5,1661.25
2024-12-05 13:53:00,-5925.0,7260.0,1335.0
2024-12-05 13:54:00,-5970.0,7125.0,1155.0
2024-12-05 13:55:00,-5932.5,7432.5,1500.0
2024-12-05 13:56:00,-6288.75,8070.0,1781.25
2024-12-05 13:57:00,-5805.0,7533.75,1728.75
2024-12-05 13:58:00,-7541.25,8242.5,701.25
2024-12-05 13:59:00,-7852.5,8655.0,802.5
2024-12-05 14:00:00,-6926.25,8257.5,1331.25
2024-12-05 14:01:00,-7098.75,8298.75,1200.0
2024-12-05 14:02:00,-6206.25,7995.0,1788.75
2024-12-05 14:03:00,-6255.0,8550.0,2295.0
2024-12-05 14:04:00,-5268.75,9120.0,3851.25
2024-12-05 14:05:00,-5160.0,9600.0,4440.0
2024-12-05 14:06:00,-5707.5,9157.5,3450.0
2024-12-05 14:07:00,-5865.0,8861.25,2996.25
2024-12-05 14:08:00,-6382.5,8913.75,2531.25
2024-12-05 14:09:00,-5876.25,8377.5,2501.25
2024-12-05 14:10:00,-5808.75,8490.0,2681.25
2024-12-05 14:11:00,-5928.75,8568.75,2640.0
2024-12-05 14:12:00,-7286.25,9101.25,1815.0
2024-12-05 14:13:00,-10728.75,10200.0,-528.75
2024-12-05 14:14:00,-11876.25,11051.25,-825.0
2024-12-05 14:15:00,-9742.5,11291.25,1548.75
2024-12-05 14:16:00,-9738.75,11175.0,1436.25
2024-12-05 14:17:00,-9555.0,11636.25,2081.25
2024-12-05 14:18:00,-9885.0,11355.0,1470.0
2024-12-05 14:19:00,-10271.25,11295.0,1023.75
2024-12-05 14:20:00,-10507.5,11291.25,783.75
2024-12-05 14:21:00,-10305.0,11062.5,757.5
2024-12-05 14:22:00,-10395.0,11163.75,768.75
2024-12-05 14:23:00,-10413.75,11130.0,716.25
2024-12-05 14:24:00,-10020.0,11186.25,1166.25
2024-12-05 14:25:00,-10158.75,11175.0,1016.25
2024-12-05 14:26:00,-10320.0,11111.25,791.25
2024-12-05 14:27:00,-10301.25,11295.0,993.75
2024-12-05 14:28:00,-10185.0,11227.5,1042.5
2024-12-05 14:29:00,-11853.75,11838.75,-15.0
2024-12-05 14:30:00,-12123.75,11988.75,-135.0
2024-12-05 14:31:00,-11497.5,11992.5,495.0
2024-12-05 14:32:00,-11370.0,12108.75,738.75
2024-12-05 14:33:00,-11452.5,12270.0,817.5
2024-12-05 14:34:00,-11640.0,12292.5,652.5
2024-12-05 14:35:00,-12026.25,12427.5,401.25
2024-12-05 14:36:00,-11516.25,12412.5,896.25
2024-12-05 14:37:00,-11745.0,12566.25,821.25
2024-12-05 14:38:00,-11100.0,12506.25,1406.25
2024-12-05 14:39:00,-10796.25,12461.25,1665.0
2024-12-05 14:40:00,-9990.0,12285.0,2295.0
2024-12-05 14:41:00,-9420.0,11756.25,2336.25
2024-12-05 14:42:00,-9165.0,12030.0,2865.0
2024-12-05 14:43:00,-9671.25,12570.0,2898.75
2024-12-05 14:44:00,-10095.0,12678.75,2583.75
2024-12-05 14:45:00,-9618.75,12787.5,3168.75
2024-12-05 14:46:00,-9360.0,12746.25,3386.25
2024-12-05 14:47:00,-9596.25,12840.0,3243.75
2024-12-05 14:48:00,-9727.5,12768.75,3041.25
2024-12-05 14:49:00,-9465.0,12723.75,3258.75
2024-12-05 14:50:00,-9217.5,12622.5,3405.0
2024-12-05 14:51:00,-9037.5,11358.75,2321.25
2024-12-05 14:52:00,-9123.75,6682.5,-2441.25
2024-12-05 14:53:00,-9071.25,9420.0,348.75
2024-12-05 14:54:00,-9033.75,6693.75,-2340.0
2024-12-05 14:55:00,-8973.75,6701.25,-2272.5
2024-12-05 14:56:00,-8898.75,8501.25,-397.5
2024-12-05 14:57:00,-8733.75,1721.25,-7012.5
2024-12-05 14:58:00,-8801.25,-2763.75,-11565.0
2024-12-05 14:59:00,-8812.5,5178.75,-3633.75
2024-12-05 15:00:00,-8681.25,6251.25,-2430.0
2024-12-05 15:01:00,-8610.0,9341.25,731.25
2024-12-05 15:02:00,-8561.25,11726.25,3165.0
2024-12-05 15:03:00,-8613.75,12341.25,3727.5
2024-12-05 15:04:00,-8591.25,12592.5,4001.25
2024-12-05 15:05:00,-8598.75,12765.0,4166.25
2024-12-05 15:06:00,-8610.0,12678.75,4068.75
2024-12-05 15:07:00,-8557.5,12753.75,4196.25
2024-12-05 15:08:00,-8520.0,12870.0,4350.0
2024-12-05 15:09:00,-8535.0,12960.0,4425.0
2024-12-05 15:10:00,-8538.75,13031.25,4492.5
2024-12-05 15:11:00,-8535.0,13053.75,4518.75
2024-12-05 15:12:00,-8520.0,13080.0,4560.0
2024-12-05 15:13:00,-8505.0,13110.0,4605.0
2024-12-05 15:14:00,-8490.0,13140.0,4650.0
2024-12-05 15:15:00,-8490.0,13155.0,4665.0
2024-12-05 15:16:00,-8501.25,13158.75,4657.5
2024-12-05 15:17:00,-8490.0,13158.75,4668.75
2024-12-05 15:18:00,-8493.75,13170.0,4676.25
2024-12-05 15:19:00,-8490.0,13173.75,4683.75
2024-12-05 15:20:00,-8486.25,13170.0,4683.75
2024-12-05 15:21:00,-8486.25,13170.0,4683.75
2024-12-05 15:22:00,-8486.25,13170.0,4683.75
2024-12-05 15:23:00,-8486.25,13170.0,4683.75
2024-12-05 15:24:00,-8486.25,13170.0,4683.75
2024-12-05 15:25:00,-8486.25,13170.0,4683.75
2024-12-05 15:26:00,-8486.25,13170.0,4683.75
2024-12-05 15:27:00,-8486.25,13170.0,4683.75
2024-12-05 15:28:00,-8486.25,13170.0,4683.75
2024-12-05 15:29:00,-8486.25,13170.0,4683.75
2024-12-05 15:30:00,-8486.25,13170.0,4683.75
2024-12-12 10:15:00,0.0,0.0,0.0
2024-12-12 10:16:00,-7.5,120.0,112.5
2024-12-12 10:17:00,75.0,120.0,195.0
2024-12-12 10:18:00,18.75,255.0,273.75
2024-12-12 10:19:00,-63.75,378.75,315.0
2024-12-12 10:20:00,-37.5,375.0,337.5
2024-12-12 10:21:00,45.0,303.75,348.75
2024-12-12 10:22:00,67.5,277.5,345.0
2024-12-12 10:23:00,37.5,371.25,408.75
2024-12-12 10:24:00,71.25,326.25,397.5
2024-12-12 10:25:00,0.0,97.5,97.5
2024-12-12 10:26:00,22.5,56.25,78.75
2024-12-12 10:27:00,11.25,-56.25,-45.0
2024-12-12 10:28:00,22.5,-15.0,7.5
2024-12-12 10:29:00,11.25,-108.75,-97.5
2024-12-12 10:30:00,-11.25,-56.25,-67.5
2024-12-12 10:31:00,-11.25,150.0,138.75
2024-12-12 10:32:00,52.5,356.25,408.75
2024-12-12 10:33:00,345.0,243.75,588.75
2024-12-12 10:34:00,345.0,345.0,690.0
2024-12-12 10:35:00,401.25,345.0,746.25
2024-12-12 10:36:00,431.25,438.75,870.0
2024-12-12 10:37:00,378.75,483.75,862.5
2024-12-12 10:38:00,341.25,521.25,862.5
2024-12-12 10:39:00,408.75,450.0,858.75
2024-12-12 10:40:00,405.0,363.75,768.75
2024-12-12 10:41:00,442.5,390.0,832.5
2024-12-12 10:42:00,450.0,378.75,828.75
2024-12-12 10:43:00,408.75,363.75,772.5
2024-12-12 10:44:00,390.0,142.5,532.5
2024-12-12 10:45:00,375.0,217.5,592.5
2024-12-12 10:46:00,390.0,258.75,648.75
2024-12-12 10:47:00,427.5,318.75,746.25
2024-12-12 10:48:00,397.5,363.75,761.25
2024-12-12 10:49:00,360.0,390.0,750.0
2024-12-12 10:50:00,330.0,446.25,776.25
2024-12-12 10:51:00,348.75,453.75,802.5
2024-12-12 10:52:00,318.75,476.25,795.0
2024-12-12 10:53:00,371.25,438.75,810.0
2024-12-12 10:54:00,356.25,416.25,772.5
2024-12-12 10:55:00,393.75,348.75,742.5
2024-12-12 10:56:00,378.75,217.5,596.25
2024-12-12 10:57:00,386.25,0.0,386.25
2024-12-12 10:58:00,371.25,-48.75,322.5
2024-12-12 10:59:00,356.25,-116.25,240.0
2024-12-12 11:00:00,356.25,-333.75,22.5
2024-12-12 11:01:00,397.5,-828.75,-431.25
2024-12-12 11:02:00,506.25,-453.75,52.5
2024-12-12 11:03:00,551.25,-547.5,3.75
2024-12-12 11:04:00,551.25,-465.0,86.25
2024-12-12 11:05:00,555.0,-487.5,67.5
2024-12-12 11:06:00,588.75,-461.25,127.5
2024-12-12 11:07:00,622.5,-551.25,71.25
2024-12-12 11:08:00,705.0,-446.25,258.75
2024-12-12 11:09:00,735.0,-510.0,225.0
2024-12-12 11:10:00,731.25,-337.5,393.75
2024-12-12 11:11:00,645.0,-41.25,603.75
2024-12-12 11:12:00,596.25,52.5,648.75
2024-12-12 11:13:00,581.25,-33.75,547.5
2024-12-12 11:14:00,596.25,-60.0,536.25
2024-12-12 11:15:00,577.5,-90.0,487.5
2024-12-12 11:16:00,540.0,-22.5,517.5
2024-12-12 11:17:00,540.0,-71.25,468.75
2024-12-12 11:18:00,517.5,-142.5,375.0
2024-12-12 11:19:00,532.5,-412.5,120.0
2024-12-12 11:20:00,510.0,-296.25,213.75
2024-12-12 11:21:00,532.5,-457.5,75.0
2024-12-12 11:22:00,513.75,-457.5,56.25
2024-12-12 11:23:00,547.5,-483.75,63.75
2024-12-12 11:24:00,517.5,-588.75,-71.25
2024-12-12 11:25:00,513.75,-693.75,-180.0
2024-12-12 11:26:00,502.5,-708.75,-206.25
2024-12-12 11:27:00,521.25,-810.0,-288.75
2024-12-12 11:28:00,491.25,-581.25,-90.0
2024-12-12 11:29:00,483.75,-671.25,-187.5
2024-12-12 11:30:00,543.75,-502.5,41.25
2024-12-12 11:31:00,686.25,-397.5,288.75
2024-12-12 11:32:00,656.25,-270.0,386.25
2024-12-12 11:33:00,648.75,-292.5,356.25
2024-12-12 11:34:00,675.0,-446.25,228.75
2024-12-12 11:35:00,600.0,-682.5,-82.5
2024-12-12 11:36:00,618.75,-547.5,71.25
2024-12-12 11:37:00,592.5,-536.25,56.25
2024-12-12 11:38:00,600.0,-615.0,-15.0
2024-12-12 11:39:00,581.25,-667.5,-86.25
2024-12-12 11:40:00,555.0,-723.75,-168.75
2024-12-12 11:41:00,596.25,-660.0,-63.75
2024-12-12 11:42:00,656.25,-630.0,26.25
2024-12-12 11:43:00,652.5,-645.0,7.5
2024-12-12 11:44:00,693.75,-487.5,206.25
2024-12-12 11:45:00,701.25,-615.0,86.25
2024-12-12 11:46:00,716.25,-648.75,67.5
2024-12-12 11:47:00,791.25,-607.5,183.75
2024-12-12 11:48:00,776.25,-457.5,318.75
2024-12-12 11:49:00,761.25,-457.5,303.75
2024-12-12 11:50:00,798.75,-457.5,341.25
2024-12-12 11:51:00,798.75,-525.0,273.75
2024-12-12 11:52:00,821.25,-581.25,240.0
2024-12-12 11:53:00,791.25,-547.5,243.75
2024-12-12 11:54:00,776.25,-382.5,393.75
2024-12-12 11:55:00,738.75,-210.0,528.75
2024-12-12 11:56:00,720.0,-165.0,555.0
2024-12-12 11:57:00,723.75,-183.75,540.0
2024-12-12 11:58:00,742.5,-262.5,480.0
2024-12-12 11:59:00,742.5,-168.75,573.75
2024-12-12 12:00:00,716.25,-67.5,648.75
2024-12-12 12:01:00,723.75,-45.0,678.75
2024-12-12 12:02:00,866.25,-82.5,783.75
2024-12-12 12:03:00,963.75,-495.0,468.75
2024-12-12 12:04:00,971.25,-405.0,566.25
2024-12-12 12:05:00,1001.25,-540.0,461.25
2024-12-12 12:06:00,960.0,-528.75,431.25
2024-12-12 12:07:00,997.5,-1222.5,-225.0
2024-12-12 12:08:00,960.0,-753.75,206.25
2024-12-12 12:09:00,960.0,-712.5,247.5
2024-12-12 12:10:00,971.25,-787.5,183.75
2024-12-12 12:11:00,971.25,-1020.0,-48.75
2024-12-12 12:12:00,975.0,-915.0,60.0
2024-12-12 12:13:00,978.75,-1383.75,-405.0
2024-12-12 12:14:00,990.0,-1102.5,-112.5
2024-12-12 12:15:00,1016.25,-900.0,116.25
2024-12-12 12:16:00,1038.75,-847.5,191.25
2024-12-12 12:17:00,1053.75,-787.5,266.25
2024-12-12 12:18:00,1113.75,-915.0,198.75
2024-12-12 12:19:00,1083.75,-731.25,352.5
2024-12-12 12:20:00,1087.5,-600.0,487.5
2024-12-12 12:21:00,1076.25,-693.75,382.5
2024-12-12 12:22:00,1068.75,-705.0,363.75
2024-12-12 12:23:00,1061.25,-840.0,221.25
2024-12-12 12:24:00,1031.25,-1035.0,-3.75
2024-12-12 12:25:00,1005.0,-1057.5,-52.5
2024-12-12 12:26:00,982.5,-1117.5,-135.0
2024-12-12 12:27:00,967.5,-1053.75,-86.25
2024-12-12 12:28:00,997.5,-851.25,146.25
2024-12-12 12:29:00,1020.0,-678.75,341.25
2024-12-12 12:30:00,1001.25,-558.75,442.5
2024-12-12 12:31:00,1016.25,-562.5,453.75
2024-12-12 12:32:00,1050.0,-446.25,603.75
2024-12-12 12:33:00,1087.5,-435.0,652.5
2024-12-12 12:34:00,1035.0,-183.75,851.25
2024-12-12 12:35:00,1020.0,-142.5,877.5
2024-12-12 12:36:00,1012.5,-251.25,761.25
2024-12-12 12:37:00,1023.75,-258.75,765.0
2024-12-12 12:38:00,952.5,-427.5,525.0
2024-12-12 12:39:00,978.75,-427.5,551.25
2024-12-12 12:40:00,982.5,-607.5,375.0
2024-12-12 12:41:00,967.5,-783.75,183.75
2024-12-12 12:42:00,971.25,-690.0,281.25
2024-12-12 12:43:00,982.5,-708.75,273.75
2024-12-12 12:44:00,1050.0,-375.0,675.0
2024-12-12 12:45:00,1046.25,-180.0,866.25
2024-12-12 12:46:00,1031.25,-356.25,675.0
2024-12-12 12:47:00,1005.0,-360.0,645.0
2024-12-12 12:48:00,1008.75,-686.25,322.5
2024-12-12 12:49:00,1031.25,-352.5,678.75
2024-12-12 12:50:00,1035.0,-480.0,555.0
2024-12-12 12:51:00,1076.25,-273.75,802.5
2024-12-12 12:52:00,1076.25,-337.5,738.75
2024-12-12 12:53:00,1080.0,-281.25,798.75
2024-12-12 12:54:00,1065.0,-288.75,776.25
2024-12-12 12:55:00,1091.25,-296.25,795.0
2024-12-12 12:56:00,1083.75,-318.75,765.0
2024-12-12 12:57:00,1072.5,-251.25,821.25
2024-12-12 12:58:00,1106.25,-322.5,783.75
2024-12-12 12:59:00,1091.25,-270.0,821.25
2024-12-12 13:00:00,1098.75,-277.5,821.25
2024-12-12 13:01:00,1125.0,-266.25,858.75
2024-12-12 13:02:00,1113.75,-247.5,866.25
2024-12-12 13:03:00,1121.25,-247.5,873.75
2024-12-12 13:04:00,1057.5,-382.5,675.0
2024-12-12 13:05:00,1061.25,-465.0,596.25
2024-12-12 13:06:00,1050.0,-401.25,648.75
2024-12-12 13:07:00,1023.75,-491.25,532.5
2024-12-12 13:08:00,1012.5,-472.5,540.0
2024-12-12 13:09:00,1027.5,-772.5,255.0
2024-12-12 13:10:00,1008.75,-600.0,408.75
2024-12-12 13:11:00,1031.25,-813.75,217.5
2024-12-12 13:12:00,1038.75,-783.75,255.0
2024-12-12 13:13:00,1061.25,-663.75,397.5
2024-12-12 13:14:00,1072.5,-637.5,435.0
2024-12-12 13:15:00,1098.75,-735.0,363.75
2024-12-12 13:16:00,1057.5,-622.5,435.0
2024-12-12 13:17:00,1095.0,-1196.25,-101.25
2024-12-12 13:18:00,1110.0,-626.25,483.75
2024-12-12 13:19:00,1125.0,-701.25,423.75
2024-12-12 13:20:00,1173.75,-281.25,892.5
2024-12-12 13:21:00,1185.0,-367.5,817.5
2024-12-12 13:22:00,1233.75,-213.75,1020.0
2024-12-12 13:23:00,1263.75,-26.25,1237.5
2024-12-12 13:24:00,1256.25,-146.25,1110.0
2024-12-12 13:25:00,1248.75,-240.0,1008.75
2024-12-12 13:26:00,1312.5,-225.0,1087.5
2024-12-12 13:27:00,1346.25,-266.25,1080.0
2024-12-12 13:28:00,1320.0,-450.0,870.0
2024-12-12 13:29:00,1316.25,-255.0,1061.25
2024-12-12 13:30:00,1290.0,105.0,1395.0
2024-12-12 13:31:00,1282.5,273.75,1556.25
2024-12-12 13:32:00,1290.0,243.75,1533.75
2024-12-12 13:33:00,1301.25,90.0,1391.25
2024-12-12 13:34:00,1323.75,213.75,1537.5
2024-12-12 13:35:00,1331.25,277.5,1608.75
2024-12-12 13:36:00,1380.0,510.0,1890.0
2024-12-12 13:37:00,1211.25,768.75,1980.0
2024-12-12 13:38:00,738.75,1102.5,1841.25
2024-12-12 13:39:00,941.25,1076.25,2017.5
2024-12-12 13:40:00,757.5,1158.75,1916.25
2024-12-12 13:41:00,528.75,1211.25,1740.0
2024-12-12 13:42:00,682.5,1207.5,1890.0
2024-12-12 13:43:00,476.25,1260.0,1736.25
2024-12-12 13:44:00,780.0,1177.5,1957.5
2024-12-12 13:45:00,825.0,1151.25,1976.25
2024-12-12 13:46:00,828.75,1173.75,2002.5
2024-12-12 13:47:00,937.5,1151.25,2088.75
2024-12-12 13:48:00,1023.75,1106.25,2130.0
2024-12-12 13:49:00,1053.75,1170.0,2223.75
2024-12-12 13:50:00,1080.0,1162.5,2242.5
2024-12-12 13:51:00,1151.25,1170.0,2321.25
2024-12-12 13:52:00,1473.75,918.75,2392.5
2024-12-12 13:53:00,1447.5,982.5,2430.0
2024-12-12 13:54:00,1466.25,1057.5,2523.75
2024-12-12 13:55:00,1402.5,1102.5,2505.0
2024-12-12 13:56:00,1410.0,1038.75,2448.75
2024-12-12 13:57:00,1575.0,911.25,2486.25
2024-12-12 13:58:00,1612.5,918.75,2531.25
2024-12-12 13:59:00,1631.25,963.75,2595.0
2024-12-12 14:00:00,1631.25,1005.0,2636.25
2024-12-12 14:01:00,1646.25,971.25,2617.5
2024-12-12 14:02:00,1582.5,1065.0,2647.5
2024-12-12 14:03:00,1601.25,1035.0,2636.25
2024-12-12 14:04:00,1571.25,1110.0,2681.25
2024-12-12 14:05:00,1548.75,1087.5,2636.25
2024-12-12 14:06:00,1417.5,1188.75,2606.25
2024-12-12 14:07:00,1507.5,1151.25,2658.75
2024-12-12 14:08:00,1466.25,1185.0,2651.25
2024-12-12 14:09:00,1398.75,1237.5,2636.25
2024-12-12 14:10:00,1432.5,1252.5,2685.0
2024-12-12 14:11:00,1275.0,1327.5,2602.5
2024-12-12 14:12:00,1338.75,1305.0,2643.75
2024-12-12 14:13:00,1470.0,1331.25,2801.25
2024-12-12 14:14:00,1406.25,1428.75,2835.0
2024-12-12 14:15:00,1203.75,1488.75,2692.5
2024-12-12 14:16:00,558.75,1590.0,2148.75
2024-12-12 14:17:00,450.0,1623.75,2073.75
2024-12-12 14:18:00,750.0,1593.75,2343.75
2024-12-12 14:19:00,783.75,1608.75,2392.5
2024-12-12 14:20:00,813.75,1601.25,2415.0
2024-12-12 14:21:00,982.5,1563.75,2546.25
2024-12-12 14:22:00,1140.0,1567.5,2707.5
2024-12-12 14:23:00,1282.5,1563.75,2846.25
2024-12-12 14:24:00,1455.0,1545.0,3000.0
2024-12-12 14:25:00,1413.75,1552.5,2966.25
2024-12-12 14:26:00,1556.25,1537.5,3093.75
2024-12-12 14:27:00,1627.5,1511.25,3138.75
2024-12-12 14:28:00,1560.0,1541.25,3101.25
2024-12-12 14:29:00,1597.5,1526.25,3123.75
2024-12-12 14:30:00,1571.25,1522.5,3093.75
2024-12-12 14:31:00,1522.5,1567.5,3090.0
2024-12-12 14:32:00,1526.25,1567.5,3093.75
2024-12-12 14:33:00,1852.5,1466.25,3318.75
2024-12-12 14:34:00,1878.75,1511.25,3390.0
2024-12-12 14:35:00,1871.25,1518.75,3390.0
2024-12-12 14:36:00,1863.75,1515.0,3378.75
2024-12-12 14:37:00,1878.75,1507.5,3386.25
2024-12-12 14:38:00,1717.5,1593.75,3311.25
2024-12-12 14:39:00,1796.25,1563.75,3360.0
2024-12-12 14:40:00,1680.0,1650.0,3330.0
2024-12-12 14:41:00,1563.75,1702.5,3266.25
2024-12-12 14:42:00,1695.0,1687.5,3382.5
2024-12-12 14:43:00,1635.0,1683.75,3318.75
2024-12-12 14:44:00,1691.25,1665.0,3356.25
2024-12-12 14:45:00,1691.25,1653.75,3345.0
2024-12-12 14:46:00,1755.0,1627.5,3382.5
2024-12-12 14:47:00,1972.5,1593.75,3566.25
2024-12-12 14:48:00,2047.5,1597.5,3645.0
2024-12-12 14:49:00,2058.75,1627.5,3686.25
2024-12-12 14:50:00,2017.5,1710.0,3727.5
2024-12-12 14:51:00,2066.25,1642.5,3708.75
2024-12-12 14:52:00,2298.75,1470.0,3768.75
2024-12-12 14:53:00,2306.25,1515.0,3821.25
2024-12-12 14:54:00,2328.75,1473.75,3802.5
2024-12-12 14:55:00,2370.0,1458.75,3828.75
2024-12-12 14:56:00,2336.25,1575.0,3911.25
2024-12-12 14:57:00,2400.0,1590.0,3990.0
2024-12-12 14:58:00,2343.75,1725.0,4068.75
2024-12-12 14:59:00,2321.25,1710.0,4031.25
2024-12-12 15:00:00,2362.5,1717.5,4080.0
2024-12-12 15:01:00,2520.0,1578.75,4098.75
2024-12-12 15:02:00,2557.5,1635.0,4192.5
2024-12-12 15:03:00,2598.75,1526.25,4125.0
2024-12-12 15:04:00,2587.5,1635.0,4222.5
2024-12-12 15:05:00,2516.25,1803.75,4320.0
2024-12-12 15:06:00,2523.75,1837.5,4361.25
2024-12-12 15:07:00,2388.75,1908.75,4297.5
2024-12-12 15:08:00,2520.0,1886.25,4406.25
2024-12-12 15:09:00,2568.75,1878.75,4447.5
2024-12-12 15:10:00,2490.0,1935.0,4425.0
2024-12-12 15:11:00,2501.25,1950.0,4451.25
2024-12-12 15:12:00,2516.25,1953.75,4470.0
2024-12-12 15:13:00,2546.25,1957.5,4503.75
2024-12-12 15:14:00,2613.75,1942.5,4556.25
2024-12-12 15:15:00,2613.75,1953.75,4567.5
2024-12-12 15:16:00,2576.25,1983.75,4560.0
2024-12-12 15:17:00,2632.5,1976.25,4608.75
2024-12-12 15:18:00,2628.75,1983.75,4612.5
2024-12-12 15:19:00,2621.25,1980.0,4601.25
2024-12-12 15:20:00,2692.5,1968.75,4661.25
2024-12-12 15:21:00,2692.5,1968.75,4661.25
2024-12-12 15:22:00,2692.5,1968.75,4661.25
2024-12-12 15:23:00,2692.5,1968.75,4661.25
2024-12-12 15:24:00,2692.5,1968.75,4661.25
2024-12-12 15:25:00,2692.5,1968.75,4661.25
2024-12-12 15:26:00,2692.5,1968.75,4661.25
2024-12-12 15:27:00,2692.5,1968.75,4661.25
2024-12-12 15:28:00,2692.5,1968.75,4661.25
2024-12-12 15:29:00,2692.5,1968.75,4661.25
2024-12-12 15:30:00,2692.5,1968.75,4661.25
2024-12-19 10:15:00,0.0,0.0,0.0
2024-12-19 10:16:00,30.0,-37.5,-7.5
2024-12-19 10:17:00,82.5,63.75,146.25
2024-12-19 10:18:00,3.75,131.25,135.0
2024-12-19 10:19:00,142.5,-22.5,120.0
2024-12-19 10:20:00,108.75,30.0,138.75
2024-12-19 10:21:00,-123.75,322.5,198.75
2024-12-19 10:22:00,-112.5,427.5,315.0
2024-12-19 10:23:00,-116.25,438.75,322.5
2024-12-19 10:24:00,-90.0,453.75,363.75
2024-12-19 10:25:00,-56.25,378.75,322.5
2024-12-19 10:26:00,18.75,352.5,371.25
2024-12-19 10:27:00,168.75,397.5,566.25
2024-12-19 10:28:00,-93.75,596.25,502.5
2024-12-19 10:29:00,-165.0,660.0,495.0
2024-12-19 10:30:00,-127.5,660.0,532.5
2024-12-19 10:31:00,-93.75,678.75,585.0
2024-12-19 10:32:00,-210.0,847.5,637.5
2024-12-19 10:33:00,-228.75,862.5,633.75
2024-12-19 10:34:00,-183.75,836.25,652.5
2024-12-19 10:35:00,108.75,791.25,900.0
2024-12-19 10:36:00,78.75,738.75,817.5
2024-12-19 10:37:00,101.25,780.0,881.25
2024-12-19 10:38:00,71.25,720.0,791.25
2024-12-19 10:39:00,165.0,720.0,885.0
2024-12-19 10:40:00,90.0,791.25,881.25
2024-12-19 10:41:00,0.0,813.75,813.75
2024-12-19 10:42:00,-48.75,840.0,791.25
2024-12-19 10:43:00,-82.5,840.0,757.5
2024-12-19 10:44:00,-3.75,817.5,813.75
2024-12-19 10:45:00,82.5,780.0,862.5
2024-12-19 10:46:00,78.75,795.0,873.75
2024-12-19 10:47:00,221.25,798.75,1020.0
2024-12-19 10:48:00,206.25,750.0,956.25
2024-12-19 10:49:00,315.0,716.25,1031.25
2024-12-19 10:50:00,446.25,633.75,1080.0
2024-12-19 10:51:00,371.25,705.0,1076.25
2024-12-19 10:52:00,431.25,600.0,1031.25
2024-12-19 10:53:00,382.5,783.75,1166.25
2024-12-19 10:54:00,438.75,637.5,1076.25
2024-12-19 10:55:00,468.75,641.25,1110.0
2024-12-19 10:56:00,521.25,630.0,1151.25
2024-12-19 10:57:00,495.0,622.5,1117.5
2024-12-19 10:58:00,517.5,622.5,1140.0
2024-12-19 10:59:00,543.75,611.25,1155.0
2024-12-19 11:00:00,528.75,671.25,1200.0
2024-12-19 11:01:00,528.75,630.0,1158.75
2024-12-19 11:02:00,551.25,648.75,1200.0
2024-12-19 11:03:00,622.5,622.5,1245.0
2024-12-19 11:04:00,585.0,547.5,1132.5
2024-12-19 11:05:00,618.75,645.0,1263.75
2024-12-19 11:06:00,588.75,686.25,1275.0
2024-12-19 11:07:00,558.75,705.0,1263.75
2024-12-19 11:08:00,502.5,840.0,1342.5
2024-12-19 11:09:00,588.75,716.25,1305.0
2024-12-19 11:10:00,311.25,330.0,641.25
2024-12-19 11:11:00,438.75,420.0,858.75
2024-12-19 11:12:00,517.5,532.5,1050.0
2024-12-19 11:13:00,566.25,656.25,1222.5
2024-12-19 11:14:00,521.25,738.75,1260.0
2024-12-19 11:15:00,513.75,757.5,1271.25
2024-12-19 11:16:00,521.25,813.75,1335.0
2024-12-19 11:17:00,416.25,802.5,1218.75
2024-12-19 11:18:00,446.25,810.0,1256.25
2024-12-19 11:19:00,416.25,840.0,1256.25
2024-12-19 11:20:00,371.25,918.75,1290.0
2024-12-19 11:21:00,416.25,907.5,1323.75
2024-12-19 11:22:00,495.0,862.5,1357.5
2024-12-19 11:23:00,405.0,907.5,1312.5
2024-12-19 11:24:00,300.0,1072.5,1372.5
2024-12-19 11:25:00,341.25,1050.0,1391.25
2024-12-19 11:26:00,318.75,1027.5,1346.25
2024-12-19 11:27:00,191.25,1125.0,1316.25
2024-12-19 11:28:00,217.5,1125.0,1342.5
2024-12-19 11:29:00,326.25,1151.25,1477.5
2024-12-19 11:30:00,446.25,1117.5,1563.75
2024-12-19 11:31:00,416.25,1143.75,1560.0
2024-12-19 11:32:00,375.0,1166.25,1541.25
2024-12-19 11:33:00,450.0,1143.75,1593.75
2024-12-19 11:34:00,446.25,1117.5,1563.75
2024-12-19 11:35:00,333.75,1181.25,1515.0
2024-12-19 11:36:00,232.5,1211.25,1443.75
2024-12-19 11:37:00,292.5,1207.5,1500.0
2024-12-19 11:38:00,187.5,1248.75,1436.25
2024-12-19 11:39:00,-2077.5,1207.5,-870.0
2024-12-19 11:40:00,-930.0,1230.0,300.0
2024-12-19 11:41:00,-307.5,1282.5,975.0
2024-12-19 11:42:00,97.5,1282.5,1380.0
2024-12-19 11:43:00,-48.75,1271.25,1222.5
2024-12-19 11:44:00,138.75,1256.25,1395.0
2024-12-19 11:45:00,225.0,1293.75,1518.75
2024-12-19 11:46:00,127.5,1308.75,1436.25
2024-12-19 11:47:00,-153.75,1338.75,1185.0
2024-12-19 11:48:00,-86.25,1312.5,1226.25
2024-12-19 11:49:00,-288.75,1323.75,1035.0
2024-12-19 11:50:00,-213.75,1308.75,1095.0
2024-12-19 11:51:00,-247.5,1305.0,1057.5
2024-12-19 11:52:00,41.25,1297.5,1338.75
2024-12-19 11:53:00,146.25,1293.75,1440.0
2024-12-19 11:54:00,300.0,1316.25,1616.25
2024-12-19 11:55:00,251.25,1312.5,1563.75
2024-12-19 11:56:00,180.0,1290.0,1470.0
2024-12-19 11:57:00,116.25,1323.75,1440.0
2024-12-19 11:58:00,67.5,1342.5,1410.0
2024-12-19 11:59:00,101.25,1350.0,1451.25
2024-12-19 12:00:00,165.0,1376.25,1541.25
2024-12-19 12:01:00,142.5,1410.0,1552.5
2024-12-19 12:02:00,127.5,1406.25,1533.75
2024-12-19 12:03:00,210.0,1402.5,1612.5
2024-12-19 12:04:00,285.0,1376.25,1661.25
2024-12-19 12:05:00,213.75,1383.75,1597.5
2024-12-19 12:06:00,262.5,1376.25,1638.75
2024-12-19 12:07:00,202.5,1402.5,1605.0
2024-12-19 12:08:00,116.25,1447.5,1563.75
2024-12-19 12:09:00,-22.5,1458.75,1436.25
2024-12-19 12:10:00,-183.75,1492.5,1308.75
2024-12-19 12:11:00,-60.0,1500.0,1440.0
2024-12-19 12:12:00,-71.25,1496.25,1425.0
2024-12-19 12:13:00,-67.5,1492.5,1425.0
2024-12-19 12:14:00,-105.0,1515.0,1410.0
2024-12-19 12:15:00,-86.25,1522.5,1436.25
2024-12-19 12:16:00,-146.25,1500.0,1353.75
2024-12-19 12:17:00,-142.5,1515.0,1372.5
2024-12-19 12:18:00,101.25,1488.75,1590.0
2024-12-19 12:19:00,198.75,1485.0,1683.75
2024-12-19 12:20:00,225.0,1503.75,1728.75
2024-12-19 12:21:00,150.0,1492.5,1642.5
2024-12-19 12:22:00,153.75,1507.5,1661.25
2024-12-19 12:23:00,191.25,1507.5,1698.75
2024-12-19 12:24:00,213.75,1496.25,1710.0
2024-12-19 12:25:00,195.0,1492.5,1687.5
2024-12-19 12:26:00,153.75,1507.5,1661.25
2024-12-19 12:27:00,157.5,1511.25,1668.75
2024-12-19 12:28:00,165.0,1507.5,1672.5
2024-12-19 12:29:00,221.25,1477.5,1698.75
2024-12-19 12:30:00,281.25,1485.0,1766.25
2024-12-19 12:31:00,236.25,1485.0,1721.25
2024-12-19 12:32:00,285.0,1466.25,1751.25
2024-12-19 12:33:00,506.25,1470.0,1976.25
2024-12-19 12:34:00,487.5,1466.25,1953.75
2024-12-19 12:35:00,528.75,1451.25,1980.0
2024-12-19 12:36:00,536.25,1466.25,2002.5
2024-12-19 12:37:00,600.0,1432.5,2032.5
2024-12-19 12:38:00,506.25,1436.25,1942.5
2024-12-19 12:39:00,465.0,1440.0,1905.0
2024-12-19 12:40:00,416.25,1425.0,1841.25
2024-12-19 12:41:00,386.25,1391.25,1777.5
2024-12-19 12:42:00,506.25,1470.0,1976.25
2024-12-19 12:43:00,547.5,1470.0,2017.5
2024-12-19 12:44:00,637.5,1443.75,2081.25
2024-12-19 12:45:00,573.75,1365.0,1938.75
2024-12-19 12:46:00,611.25,1346.25,1957.5
2024-12-19 12:47:00,660.0,1361.25,2021.25
2024-12-19 12:48:00,690.0,1368.75,2058.75
2024-12-19 12:49:00,806.25,1331.25,2137.5
2024-12-19 12:50:00,768.75,1353.75,2122.5
2024-12-19 12:51:00,708.75,1376.25,2085.0
2024-12-19 12:52:00,705.0,1357.5,2062.5
2024-12-19 12:53:00,705.0,1353.75,2058.75
2024-12-19 12:54:00,697.5,1365.0,2062.5
2024-12-19 12:55:00,686.25,1372.5,2058.75
2024-12-19 12:56:00,686.25,1365.0,2051.25
2024-12-19 12:57:00,686.25,1357.5,2043.75
2024-12-19 12:58:00,712.5,1365.0,2077.5
2024-12-19 12:59:00,671.25,1372.5,2043.75
2024-12-19 13:00:00,678.75,1368.75,2047.5
2024-12-19 13:01:00,596.25,1466.25,2062.5
2024-12-19 13:02:00,513.75,1473.75,1987.5
2024-12-19 13:03:00,551.25,1470.0,2021.25
2024-12-19 13:04:00,551.25,1455.0,2006.25
2024-12-19 13:05:00,596.25,1462.5,2058.75
2024-12-19 13:06:00,618.75,1500.0,2118.75
2024-12-19 13:07:00,783.75,1488.75,2272.5
2024-12-19 13:08:00,813.75,1507.5,2321.25
2024-12-19 13:09:00,813.75,1533.75,2347.5
2024-12-19 13:10:00,738.75,1526.25,2265.0
2024-12-19 13:11:00,757.5,1515.0,2272.5
2024-12-19 13:12:00,832.5,1503.75,2336.25
2024-12-19 13:13:00,930.0,1481.25,2411.25
2024-12-19 13:14:00,952.5,1470.0,2422.5
2024-12-19 13:15:00,967.5,1470.0,2437.5
2024-12-19 13:16:00,986.25,1470.0,2456.25
2024-12-19 13:17:00,1012.5,1455.0,2467.5
2024-12-19 13:18:00,997.5,1455.0,2452.5
2024-12-19 13:19:00,1046.25,1425.0,2471.25
2024-12-19 13:20:00,1110.0,1365.0,2475.0
2024-12-19 13:21:00,1106.25,1271.25,2377.5
2024-12-19 13:22:00,1102.5,1312.5,2415.0
2024-12-19 13:23:00,1110.0,1413.75,2523.75
2024-12-19 13:24:00,1080.0,1395.0,2475.0
2024-12-19 13:25:00,1038.75,1391.25,2430.0
2024-12-19 13:26:00,1038.75,1428.75,2467.5
2024-12-19 13:27:00,1080.0,1466.25,2546.25
2024-12-19 13:28:00,1091.25,1488.75,2580.0
2024-12-19 13:29:00,1143.75,1526.25,2670.0
2024-12-19 13:30:00,1147.5,1500.0,2647.5
2024-12-19 13:31:00,1177.5,1477.5,2655.0
2024-12-19 13:32:00,1192.5,1507.5,2700.0
2024-12-19 13:33:00,1132.5,1533.75,2666.25
2024-12-19 13:34:00,1102.5,1552.5,2655.0
2024-12-19 13:35:00,1117.5,1571.25,2688.75
2024-12-19 13:36:00,1117.5,1545.0,2662.5
2024-12-19 13:37:00,1106.25,1548.75,2655.0
2024-12-19 13:38:00,1027.5,1518.75,2546.25
2024-12-19 13:39:00,1102.5,1545.0,2647.5
2024-12-19 13:40:00,1117.5,1533.75,2651.25
2024-12-19 13:41:00,1155.0,1541.25,2696.25
2024-12-19 13:42:00,1192.5,1548.75,2741.25
2024-12-19 13:43:00,1196.25,1560.0,2756.25
2024-12-19 13:44:00,1196.25,1563.75,2760.0
2024-12-19 13:45:00,1222.5,1552.5,2775.0
2024-12-19 13:46:00,1196.25,1533.75,2730.0
2024-12-19 13:47:00,1200.0,1537.5,2737.5
2024-12-19 13:48:00,1218.75,1515.0,2733.75
2024-12-19 13:49:00,1207.5,1481.25,2688.75
2024-12-19 13:50:00,1207.5,1496.25,2703.75
2024-12-19 13:51:00,1170.0,1481.25,2651.25
2024-12-19 13:52:00,1162.5,1488.75,2651.25
2024-12-19 13:53:00,1185.0,1485.0,2670.0
2024-12-19 13:54:00,1173.75,1515.0,2688.75
2024-12-19 13:55:00,1136.25,1515.0,2651.25
2024-12-19 13:56:00,1185.0,1552.5,2737.5
2024-12-19 13:57:00,1177.5,1537.5,2715.0
2024-12-19 13:58:00,1117.5,1582.5,2700.0
2024-12-19 13:59:00,1128.75,1590.0,2718.75
2024-12-19 14:00:00,1162.5,1590.0,2752.5
2024-12-19 14:01:00,1065.0,1627.5,2692.5
2024-12-19 14:02:00,1020.0,1638.75,2658.75
2024-12-19 14:03:00,982.5,1627.5,2610.0
2024-12-19 14:04:00,1061.25,1627.5,2688.75
2024-12-19 14:05:00,1087.5,1650.0,2737.5
2024-12-19 14:06:00,1132.5,1665.0,2797.5
2024-12-19 14:07:00,1136.25,1695.0,2831.25
2024-12-19 14:08:00,1065.0,1706.25,2771.25
2024-12-19 14:09:00,1091.25,1713.75,2805.0
2024-12-19 14:10:00,1076.25,1710.0,2786.25
2024-12-19 14:11:00,1091.25,1702.5,2793.75
2024-12-19 14:12:00,1102.5,1710.0,2812.5
2024-12-19 14:13:00,1147.5,1706.25,2853.75
2024-12-19 14:14:00,1282.5,1687.5,2970.0
2024-12-19 14:15:00,1275.0,1698.75,2973.75
2024-12-19 14:16:00,1177.5,1717.5,2895.0
2024-12-19 14:17:00,1245.0,1706.25,2951.25
2024-12-19 14:18:00,1211.25,1695.0,2906.25
2024-12-19 14:19:00,1271.25,1717.5,2988.75
2024-12-19 14:20:00,1230.0,1698.75,2928.75
2024-12-19 14:21:00,1218.75,1717.5,2936.25
2024-12-19 14:22:00,1290.0,1710.0,3000.0
2024-12-19 14:23:00,1353.75,1698.75,3052.5
2024-12-19 14:24:00,1380.0,1683.75,3063.75
2024-12-19 14:25:00,1428.75,1676.25,3105.0
2024-12-19 14:26:00,1413.75,1680.0,3093.75
2024-12-19 14:27:00,1413.75,1676.25,3090.0
2024-12-19 14:28:00,1447.5,1653.75,3101.25
2024-12-19 14:29:00,1436.25,1668.75,3105.0
2024-12-19 14:30:00,1410.0,1691.25,3101.25
2024-12-19 14:31:00,1383.75,1713.75,3097.5
2024-12-19 14:32:00,1361.25,1747.5,3108.75
2024-12-19 14:33:00,1380.0,1740.0,3120.0
2024-12-19 14:34:00,1410.0,1736.25,3146.25
2024-12-19 14:35:00,1406.25,1728.75,3135.0
2024-12-19 14:36:00,1398.75,1732.5,3131.25
2024-12-19 14:37:00,1391.25,1743.75,3135.0
2024-12-19 14:38:00,1417.5,1751.25,3168.75
2024-12-19 14:39:00,1432.5,1751.25,3183.75
2024-12-19 14:40:00,1436.25,1773.75,3210.0
2024-12-19 14:41:00,1496.25,1777.5,3273.75
2024-12-19 14:42:00,1496.25,1762.5,3258.75
2024-12-19 14:43:00,1511.25,1758.75,3270.0
2024-12-19 14:44:00,1530.0,1755.0,3285.0
2024-12-19 14:45:00,1522.5,1770.0,3292.5
2024-12-19 14:46:00,1503.75,1766.25,3270.0
2024-12-19 14:47:00,1496.25,1781.25,3277.5
2024-12-19 14:48:00,1515.0,1796.25,3311.25
2024-12-19 14:49:00,1537.5,1803.75,3341.25
2024-12-19 14:50:00,1526.25,1796.25,3322.5
2024-12-19 14:51:00,1541.25,1792.5,3333.75
2024-12-19 14:52:00,1567.5,1773.75,3341.25
2024-12-19 14:53:00,1571.25,1777.5,3348.75
2024-12-19 14:54:00,1578.75,1785.0,3363.75
2024-12-19 14:55:00,1578.75,1788.75,3367.5
2024-12-19 14:56:00,1575.0,1785.0,3360.0
2024-12-19 14:57:00,1582.5,1781.25,3363.75
2024-12-19 14:58:00,1575.0,1785.0,3360.0
2024-12-19 14:59:00,1571.25,1788.75,3360.0
2024-12-19 15:00:00,1537.5,1766.25,3303.75
2024-12-19 15:01:00,1590.0,1803.75,3393.75
2024-12-19 15:02:00,1590.0,1822.5,3412.5
2024-12-19 15:03:00,1593.75,1830.0,3423.75
2024-12-19 15:04:00,1590.0,1826.25,3416.25
2024-12-19 15:05:00,1601.25,1833.75,3435.0
2024-12-19 15:06:00,1571.25,1830.0,3401.25
2024-12-19 15:07:00,1586.25,1833.75,3420.0
2024-12-19 15:08:00,1590.0,1833.75,3423.75
2024-12-19 15:09:00,1597.5,1833.75,3431.25
2024-12-19 15:10:00,1620.0,1837.5,3457.5
2024-12-19 15:11:00,1623.75,1833.75,3457.5
2024-12-19 15:12:00,1627.5,1837.5,3465.0
2024-12-19 15:13:00,1638.75,1841.25,3480.0
2024-12-19 15:14:00,1638.75,1837.5,3476.25
2024-12-19 15:15:00,1638.75,1837.5,3476.25
2024-12-19 15:16:00,1638.75,1841.25,3480.0
2024-12-19 15:17:00,1642.5,1845.0,3487.5
2024-12-19 15:18:00,1646.25,1845.0,3491.25
2024-12-19 15:19:00,1642.5,1845.0,3487.5
2024-12-19 15:20:00,1646.25,1845.0,3491.25
2024-12-19 15:21:00,1646.25,1845.0,3491.25
2024-12-19 15:22:00,1646.25,1845.0,3491.25
2024-12-19 15:23:00,1646.25,1845.0,3491.25
2024-12-19 15:24:00,1646.25,1845.0,3491.25
2024-12-19 15:25:00,1646.25,1845.0,3491.25
2024-12-19 15:26:00,1646.25,1845.0,3491.25
2024-12-19 15:27:00,1646.25,1845.0,3491.25
2024-12-19 15:28:00,1646.25,1845.0,3491.25
2024-12-19 15:29:00,1646.25,1845.0,3491.25
2024-12-19 15:30:00,1646.25,1845.0,3491.25
2024-12-26 10:15:00,0.0,0.0,0.0
2024-12-26 10:16:00,11.25,45.0,56.25
2024-12-26 10:17:00,48.75,101.25,150.0
2024-12-26 10:18:00,-153.75,600.0,446.25
2024-12-26 10:19:00,108.75,333.75,442.5
2024-12-26 10:20:00,300.0,146.25,446.25
2024-12-26 10:21:00,423.75,176.25,600.0
2024-12-26 10:22:00,461.25,15.0,476.25
2024-12-26 10:23:00,348.75,281.25,630.0
2024-12-26 10:24:00,386.25,360.0,746.25
2024-12-26 10:25:00,307.5,450.0,757.5
2024-12-26 10:26:00,352.5,300.0,652.5
2024-12-26 10:27:00,502.5,135.0,637.5
2024-12-26 10:28:00,420.0,270.0,690.0
2024-12-26 10:29:00,618.75,127.5,746.25
2024-12-26 10:30:00,637.5,-213.75,423.75
2024-12-26 10:31:00,600.0,-11.25,588.75
2024-12-26 10:32:00,573.75,228.75,802.5
2024-12-26 10:33:00,585.0,116.25,701.25
2024-12-26 10:34:00,600.0,157.5,757.5
2024-12-26 10:35:00,603.75,131.25,735.0
2024-12-26 10:36:00,585.0,228.75,813.75
2024-12-26 10:37:00,596.25,198.75,795.0
2024-12-26 10:38:00,562.5,277.5,840.0
2024-12-26 10:39:00,701.25,228.75,930.0
2024-12-26 10:40:00,660.0,315.0,975.0
2024-12-26 10:41:00,693.75,322.5,1016.25
2024-12-26 10:42:00,686.25,446.25,1132.5
2024-12-26 10:43:00,690.0,701.25,1391.25
2024-12-26 10:44:00,678.75,577.5,1256.25
2024-12-26 10:45:00,825.0,491.25,1316.25
2024-12-26 10:46:00,828.75,281.25,1110.0
2024-12-26 10:47:00,930.0,356.25,1286.25
2024-12-26 10:48:00,1001.25,270.0,1271.25
2024-12-26 10:49:00,1117.5,3.75,1121.25
2024-12-26 10:50:00,1053.75,67.5,1121.25
2024-12-26 10:51:00,1012.5,33.75,1046.25
2024-12-26 10:52:00,1023.75,-48.75,975.0
2024-12-26 10:53:00,960.0,180.0,1140.0
2024-12-26 10:54:00,1020.0,41.25,1061.25
2024-12-26 10:55:00,967.5,15.0,982.5
2024-12-26 10:56:00,956.25,93.75,1050.0
2024-12-26 10:57:00,911.25,195.0,1106.25
2024-12-26 10:58:00,873.75,307.5,1181.25
2024-12-26 10:59:00,885.0,345.0,1230.0
2024-12-26 11:00:00,888.75,420.0,1308.75
2024-12-26 11:01:00,787.5,641.25,1428.75
2024-12-26 11:02:00,682.5,753.75,1436.25
2024-12-26 11:03:00,723.75,802.5,1526.25
2024-12-26 11:04:00,697.5,930.0,1627.5
2024-12-26 11:05:00,877.5,840.0,1717.5
2024-12-26 11:06:00,768.75,888.75,1657.5
2024-12-26 11:07:00,843.75,836.25,1680.0
2024-12-26 11:08:00,813.75,892.5,1706.25
2024-12-26 11:09:00,840.0,922.5,1762.5
2024-12-26 11:10:00,768.75,1222.5,1991.25
2024-12-26 11:11:00,641.25,1226.25,1867.5
2024-12-26 11:12:00,656.25,1312.5,1968.75
2024-12-26 11:13:00,648.75,1267.5,1916.25
2024-12-26 11:14:00,446.25,1515.0,1961.25
2024-12-26 11:15:00,382.5,1590.0,1972.5
2024-12-26 11:16:00,405.0,1578.75,1983.75
2024-12-26 11:17:00,510.0,1488.75,1998.75
2024-12-26 11:18:00,712.5,1421.25,2133.75
2024-12-26 11:19:00,783.75,1335.0,2118.75
2024-12-26 11:20:00,708.75,1263.75,1972.5
2024-12-26 11:21:00,783.75,1140.0,1923.75
2024-12-26 11:22:00,750.0,1158.75,1908.75
2024-12-26 11:23:00,772.5,1095.0,1867.5
2024-12-26 11:24:00,750.0,1215.0,1965.0
2024-12-26 11:25:00,667.5,1436.25,2103.75
2024-12-26 11:26:00,603.75,1260.0,1863.75
2024-12-26 11:27:00,652.5,1267.5,1920.0
2024-12-26 11:28:00,618.75,1372.5,1991.25
2024-12-26 11:29:00,633.75,1466.25,2100.0
2024-12-26 11:30:00,720.0,1391.25,2111.25
2024-12-26 11:31:00,543.75,1308.75,1852.5
2024-12-26 11:32:00,498.75,1372.5,1871.25
2024-12-26 11:33:00,555.0,1368.75,1923.75
2024-12-26 11:34:00,626.25,1440.0,2066.25
2024-12-26 11:35:00,626.25,1440.0,2066.25
2024-12-26 11:36:00,858.75,1267.5,2126.25
2024-12-26 11:37:00,873.75,1327.5,2201.25
2024-12-26 11:38:00,892.5,1226.25,2118.75
2024-12-26 11:39:00,862.5,1233.75,2096.25
2024-12-26 11:40:00,926.25,1260.0,2186.25
2024-12-26 11:41:00,885.0,1335.0,2220.0
2024-12-26 11:42:00,956.25,1267.5,2223.75
2024-12-26 11:43:00,952.5,1305.0,2257.5
2024-12-26 11:44:00,877.5,1496.25,2373.75
2024-12-26 11:45:00,963.75,1455.0,2418.75
2024-12-26 11:46:00,843.75,1620.0,2463.75
2024-12-26 11:47:00,798.75,1665.0,2463.75
2024-12-26 11:48:00,922.5,1623.75,2546.25
2024-12-26 11:49:00,885.0,1650.0,2535.0
2024-12-26 11:50:00,971.25,1593.75,2565.0
2024-12-26 11:51:00,1113.75,1515.0,2628.75
2024-12-26 11:52:00,1106.25,1593.75,2700.0
2024-12-26 11:53:00,911.25,1837.5,2748.75
2024-12-26 11:54:00,911.25,1792.5,2703.75
2024-12-26 11:55:00,948.75,1755.0,2703.75
2024-12-26 11:56:00,933.75,1770.0,2703.75
2024-12-26 11:57:00,1042.5,1747.5,2790.0
2024-12-26 11:58:00,963.75,1800.0,2763.75
2024-12-26 11:59:00,888.75,1751.25,2640.0
2024-12-26 12:00:00,892.5,1766.25,2658.75
2024-12-26 12:01:00,836.25,1728.75,2565.0
2024-12-26 12:02:00,1016.25,1740.0,2756.25
2024-12-26 12:03:00,1016.25,1728.75,2745.0
2024-12-26 12:04:00,1046.25,1638.75,2685.0
2024-12-26 12:05:00,1068.75,1593.75,2662.5
2024-12-26 12:06:00,1117.5,1503.75,2621.25
2024-12-26 12:07:00,1065.0,1597.5,2662.5
2024-12-26 12:08:00,1053.75,1560.0,2613.75
2024-12-26 12:09:00,1057.5,1451.25,2508.75
2024-12-26 12:10:00,1188.75,1320.0,2508.75
2024-12-26 12:11:00,1241.25,1361.25,2602.5
2024-12-26 12:12:00,1233.75,1290.0,2523.75
2024-12-26 12:13:00,1267.5,1252.5,2520.0
2024-12-26 12:14:00,1290.0,1230.0,2520.0
2024-12-26 12:15:00,1248.75,1207.5,2456.25
2024-12-26 12:16:00,1271.25,1226.25,2497.5
2024-12-26 12:17:00,1256.25,1368.75,2625.0
2024-12-26 12:18:00,1286.25,1417.5,2703.75
2024-12-26 12:19:00,1282.5,1470.0,2752.5
2024-12-26 12:20:00,1316.25,1398.75,2715.0
2024-12-26 12:21:00,1357.5,1342.5,2700.0
2024-12-26 12:22:00,1361.25,1458.75,2820.0
2024-12-26 12:23:00,1346.25,1507.5,2853.75
2024-12-26 12:24:00,1372.5,1466.25,2838.75
2024-12-26 12:25:00,1383.75,1496.25,2880.0
2024-12-26 12:26:00,1413.75,1481.25,2895.0
2024-12-26 12:27:00,1428.75,1485.0,2913.75
2024-12-26 12:28:00,1413.75,1575.0,2988.75
2024-12-26 12:29:00,1421.25,1612.5,3033.75
2024-12-26 12:30:00,1432.5,1706.25,3138.75
2024-12-26 12:31:00,1421.25,1661.25,3082.5
2024-12-26 12:32:00,1436.25,1612.5,3048.75
2024-12-26 12:33:00,1451.25,1552.5,3003.75
2024-12-26 12:34:00,1473.75,1560.0,3033.75
2024-12-26 12:35:00,1462.5,1687.5,3150.0
2024-12-26 12:36:00,1451.25,1638.75,3090.0
2024-12-26 12:37:00,1462.5,1590.0,3052.5
2024-12-26 12:38:00,1462.5,1638.75,3101.25
2024-12-26 12:39:00,1473.75,1605.0,3078.75
2024-12-26 12:40:00,1473.75,1638.75,3112.5
2024-12-26 12:41:00,1488.75,1668.75,3157.5
2024-12-26 12:42:00,1473.75,1695.0,3168.75
2024-12-26 12:43:00,1451.25,1728.75,3180.0
2024-12-26 12:44:00,1436.25,1848.75,3285.0
2024-12-26 12:45:00,1462.5,1856.25,3318.75
2024-12-26 12:46:00,1447.5,1890.0,3337.5
2024-12-26 12:47:00,1413.75,1991.25,3405.0
2024-12-26 12:48:00,1440.0,1965.0,3405.0
2024-12-26 12:49:00,1432.5,1942.5,3375.0
2024-12-26 12:50:00,1432.5,1920.0,3352.5
2024-12-26 12:51:00,1417.5,1942.5,3360.0
2024-12-26 12:52:00,1451.25,1950.0,3401.25
2024-12-26 12:53:00,1481.25,1908.75,3390.0
2024-12-26 12:54:00,1451.25,1923.75,3375.0
2024-12-26 12:55:00,1455.0,1950.0,3405.0
2024-12-26 12:56:00,1428.75,1931.25,3360.0
2024-12-26 12:57:00,1428.75,1968.75,3397.5
2024-12-26 12:58:00,1421.25,1980.0,3401.25
2024-12-26 12:59:00,1425.0,1972.5,3397.5
2024-12-26 13:00:00,1466.25,1950.0,3416.25
2024-12-26 13:01:00,1496.25,1931.25,3427.5
2024-12-26 13:02:00,1470.0,1953.75,3423.75
2024-12-26 13:03:00,1447.5,1961.25,3408.75
2024-12-26 13:04:00,1436.25,1935.0,3371.25
2024-12-26 13:05:00,1440.0,1946.25,3386.25
2024-12-26 13:06:00,1432.5,1950.0,3382.5
2024-12-26 13:07:00,1481.25,1923.75,3405.0
2024-12-26 13:08:00,1481.25,1916.25,3397.5
2024-12-26 13:09:00,1470.0,1867.5,3337.5
2024-12-26 13:10:00,1481.25,1927.5,3408.75
2024-12-26 13:11:00,1481.25,1946.25,3427.5
2024-12-26 13:12:00,1481.25,1980.0,3461.25
2024-12-26 13:13:00,1470.0,1965.0,3435.0
2024-12-26 13:14:00,1470.0,1968.75,3438.75
2024-12-26 13:15:00,1451.25,2043.75,3495.0
2024-12-26 13:16:00,1455.0,2070.0,3525.0
2024-12-26 13:17:00,1458.75,2088.75,3547.5
2024-12-26 13:18:00,1436.25,2130.0,3566.25
2024-12-26 13:19:00,1421.25,2122.5,3543.75
2024-12-26 13:20:00,1451.25,2096.25,3547.5
2024-12-26 13:21:00,1470.0,2096.25,3566.25
2024-12-26 13:22:00,1398.75,2085.0,3483.75
2024-12-26 13:23:00,1447.5,2100.0,3547.5
2024-12-26 13:24:00,1458.75,2070.0,3528.75
2024-12-26 13:25:00,1432.5,2066.25,3498.75
2024-12-26 13:26:00,1413.75,2058.75,3472.5
2024-12-26 13:27:00,1406.25,2073.75,3480.0
2024-12-26 13:28:00,1413.75,2025.0,3438.75
2024-12-26 13:29:00,1413.75,1998.75,3412.5
2024-12-26 13:30:00,1440.0,1942.5,3382.5
2024-12-26 13:31:00,1428.75,1953.75,3382.5
2024-12-26 13:32:00,1421.25,1957.5,3378.75
2024-12-26 13:33:00,1410.0,1920.0,3330.0
2024-12-26 13:34:00,1406.25,1860.0,3266.25
2024-12-26 13:35:00,1226.25,-2486.25,-1260.0
2024-12-26 13:36:00,855.0,-71.25,783.75
2024-12-26 13:37:00,945.0,1136.25,2081.25
2024-12-26 13:38:00,1653.75,41.25,1695.0
2024-12-26 13:39:00,1342.5,-862.5,480.0
2024-12-26 13:40:00,1451.25,-333.75,1117.5
2024-12-26 13:41:00,1113.75,225.0,1338.75
2024-12-26 13:42:00,1260.0,371.25,1631.25
2024-12-26 13:43:00,1038.75,941.25,1980.0
2024-12-26 13:44:00,-393.75,1398.75,1005.0
2024-12-26 13:45:00,757.5,1515.0,2272.5
2024-12-26 13:46:00,476.25,1691.25,2167.5
2024-12-26 13:47:00,585.0,1770.0,2355.0
2024-12-26 13:48:00,476.25,1931.25,2407.5
2024-12-26 13:49:00,847.5,1841.25,2688.75
2024-12-26 13:50:00,1016.25,1826.25,2842.5
2024-12-26 13:51:00,1012.5,1837.5,2850.0
2024-12-26 13:52:00,1027.5,1488.75,2516.25
2024-12-26 13:53:00,1005.0,1488.75,2493.75
2024-12-26 13:54:00,1023.75,1672.5,2696.25
2024-12-26 13:55:00,1046.25,1661.25,2707.5
2024-12-26 13:56:00,1016.25,1766.25,2782.5
2024-12-26 13:57:00,1038.75,1800.0,2838.75
2024-12-26 13:58:00,1102.5,1781.25,2883.75
2024-12-26 13:59:00,1106.25,1777.5,2883.75
2024-12-26 14:00:00,1140.0,1762.5,2902.5
2024-12-26 14:01:00,1113.75,1773.75,2887.5
2024-12-26 14:02:00,1158.75,1852.5,3011.25
2024-12-26 14:03:00,1132.5,2032.5,3165.0
2024-12-26 14:04:00,1106.25,2066.25,3172.5
2024-12-26 14:05:00,1065.0,2081.25,3146.25
2024-12-26 14:06:00,1098.75,2088.75,3187.5
2024-12-26 14:07:00,1151.25,2055.0,3206.25
2024-12-26 14:08:00,1110.0,2141.25,3251.25
2024-12-26 14:09:00,1121.25,2175.0,3296.25
2024-12-26 14:10:00,1143.75,2238.75,3382.5
2024-12-26 14:11:00,1200.0,2186.25,3386.25
2024-12-26 14:12:00,1230.0,2190.0,3420.0
2024-12-26 14:13:00,1260.0,2186.25,3446.25
2024-12-26 14:14:00,1252.5,2148.75,3401.25
2024-12-26 14:15:00,1248.75,2160.0,3408.75
2024-12-26 14:16:00,1260.0,2141.25,3401.25
2024-12-26 14:17:00,1241.25,2231.25,3472.5
2024-12-26 14:18:00,1233.75,2268.75,3502.5
2024-12-26 14:19:00,1248.75,2186.25,3435.0
2024-12-26 14:20:00,1245.0,2208.75,3453.75
2024-12-26 14:21:00,1248.75,2223.75,3472.5
2024-12-26 14:22:00,1256.25,2163.75,3420.0
2024-12-26 14:23:00,1256.25,2235.0,3491.25
2024-12-26 14:24:00,1271.25,2235.0,3506.25
2024-12-26 14:25:00,1320.0,2205.0,3525.0
2024-12-26 14:26:00,1320.0,2201.25,3521.25
2024-12-26 14:27:00,1338.75,2201.25,3540.0
2024-12-26 14:28:00,1335.0,2238.75,3573.75
2024-12-26 14:29:00,1335.0,2298.75,3633.75
2024-12-26 14:30:00,1327.5,2351.25,3678.75
2024-12-26 14:31:00,1335.0,2362.5,3697.5
2024-12-26 14:32:00,1372.5,2328.75,3701.25
2024-12-26 14:33:00,1372.5,2355.0,3727.5
2024-12-26 14:34:00,1383.75,2370.0,3753.75
2024-12-26 14:35:00,1395.0,2351.25,3746.25
2024-12-26 14:36:00,1383.75,2385.0,3768.75
2024-12-26 14:37:00,1372.5,2373.75,3746.25
2024-12-26 14:38:00,1387.5,2396.25,3783.75
2024-12-26 14:39:00,1380.0,2437.5,3817.5
2024-12-26 14:40:00,1380.0,2445.0,3825.0
2024-12-26 14:41:00,1383.75,2437.5,3821.25
2024-12-26 14:42:00,1383.75,2460.0,3843.75
2024-12-26 14:43:00,1346.25,2452.5,3798.75
2024-12-26 14:44:00,1372.5,2478.75,3851.25
2024-12-26 14:45:00,1372.5,2501.25,3873.75
2024-12-26 14:46:00,1365.0,2520.0,3885.0
2024-12-26 14:47:00,1376.25,2531.25,3907.5
2024-12-26 14:48:00,1383.75,2508.75,3892.5
2024-12-26 14:49:00,1421.25,2512.5,3933.75
2024-12-26 14:50:00,1425.0,2520.0,3945.0
2024-12-26 14:51:00,1421.25,2527.5,3948.75
2024-12-26 14:52:00,1436.25,2516.25,3952.5
2024-12-26 14:53:00,1428.75,2516.25,3945.0
2024-12-26 14:54:00,1413.75,2505.0,3918.75
2024-12-26 14:55:00,1425.0,2512.5,3937.5
2024-12-26 14:56:00,1432.5,2523.75,3956.25
2024-12-26 14:57:00,1425.0,2527.5,3952.5
2024-12-26 14:58:00,1421.25,2535.0,3956.25
2024-12-26 14:59:00,1440.0,2542.5,3982.5
2024-12-26 15:00:00,1451.25,2546.25,3997.5
2024-12-26 15:01:00,1451.25,2553.75,4005.0
2024-12-26 15:02:00,1458.75,2553.75,4012.5
2024-12-26 15:03:00,1458.75,2553.75,4012.5
2024-12-26 15:04:00,1458.75,2557.5,4016.25
2024-12-26 15:05:00,1455.0,2561.25,4016.25
2024-12-26 15:06:00,1462.5,2557.5,4020.0
2024-12-26 15:07:00,1458.75,2565.0,4023.75
2024-12-26 15:08:00,1466.25,2561.25,4027.5
2024-12-26 15:09:00,1462.5,2568.75,4031.25
2024-12-26 15:10:00,1458.75,2568.75,4027.5
2024-12-26 15:11:00,1458.75,2568.75,4027.5
2024-12-26 15:12:00,1462.5,2572.5,4035.0
2024-12-26 15:13:00,1466.25,2572.5,4038.75
2024-12-26 15:14:00,1462.5,2572.5,4035.0
2024-12-26 15:15:00,1462.5,2568.75,4031.25
2024-12-26 15:16:00,1466.25,2576.25,4042.5
2024-12-26 15:17:00,1470.0,2572.5,4042.5
2024-12-26 15:18:00,1466.25,2572.5,4038.75
2024-12-26 15:19:00,1466.25,2576.25,4042.5
2024-12-26 15:20:00,1470.0,2572.5,4042.5
2024-12-26 15:21:00,1470.0,2572.5,4042.5
2024-12-26 15:22:00,1470.0,2572.5,4042.5
2024-12-26 15:23:00,1470.0,2572.5,4042.5
2024-12-26 15:24:00,1470.0,2572.5,4042.5
2024-12-26 15:25:00,1470.0,2572.5,4042.5
2024-12-26 15:26:00,1470.0,2572.5,4042.5
2024-12-26 15:27:00,1470.0,2572.5,4042.5
2024-12-26 15:28:00,1470.0,2572.5,4042.5
2024-12-26 15:29:00,1470.0,2572.5,4042.5
2024-12-26 15:30:00,1470.0,2572.5,4042.5
2025-01-02 10:15:00,0.0,0.0,0.0
2025-01-02 10:16:00,-255.0,75.0,-180.0
2025-01-02 10:17:00,-573.75,371.25,-202.5
2025-01-02 10:18:00,-825.0,435.0,-390.0
2025-01-02 10:19:00,-615.0,408.75,-206.25
2025-01-02 10:20:00,-753.75,480.0,-273.75
2025-01-02 10:21:00,-603.75,506.25,-97.5
2025-01-02 10:22:00,-735.0,570.0,-165.0
2025-01-02 10:23:00,-555.0,393.75,-161.25
2025-01-02 10:24:00,-821.25,573.75,-247.5
2025-01-02 10:25:00,-1308.75,798.75,-510.0
2025-01-02 10:26:00,-1188.75,716.25,-472.5
2025-01-02 10:27:00,-1023.75,735.0,-288.75
2025-01-02 10:28:00,-1065.0,705.0,-360.0
2025-01-02 10:29:00,-971.25,720.0,-251.25
2025-01-02 10:30:00,-1308.75,813.75,-495.0
2025-01-02 10:31:00,-963.75,615.0,-348.75
2025-01-02 10:32:00,-1113.75,663.75,-450.0
2025-01-02 10:33:00,-1098.75,615.0,-483.75
2025-01-02 10:34:00,-1087.5,626.25,-461.25
2025-01-02 10:35:00,-1057.5,566.25,-491.25
2025-01-02 10:36:00,-1188.75,712.5,-476.25
2025-01-02 10:37:00,-1068.75,753.75,-315.0
2025-01-02 10:38:00,-746.25,393.75,-352.5
2025-01-02 10:39:00,-817.5,378.75,-438.75
2025-01-02 10:40:00,-1083.75,660.0,-423.75
2025-01-02 10:41:00,-1293.75,757.5,-536.25
2025-01-02 10:42:00,-1537.5,888.75,-648.75
2025-01-02 10:43:00,-1455.0,840.0,-615.0
2025-01-02 10:44:00,-1353.75,825.0,-528.75
2025-01-02 10:45:00,-1425.0,952.5,-472.5
2025-01-02 10:46:00,-1290.0,840.0,-450.0
2025-01-02 10:47:00,-1398.75,862.5,-536.25
2025-01-02 10:48:00,-1638.75,1050.0,-588.75
2025-01-02 10:49:00,-1897.5,1192.5,-705.0
2025-01-02 10:50:00,-2696.25,1226.25,-1470.0
2025-01-02 10:51:00,-2793.75,1346.25,-1447.5
2025-01-02 10:52:00,-2943.75,1398.75,-1545.0
2025-01-02 10:53:00,-2782.5,1425.0,-1357.5
2025-01-02 10:54:00,-2610.0,1346.25,-1263.75
2025-01-02 10:55:00,-2685.0,1425.0,-1260.0
2025-01-02 10:56:00,-2456.25,1368.75,-1087.5
2025-01-02 10:57:00,-2805.0,1616.25,-1188.75
2025-01-02 10:58:00,-2617.5,1710.0,-907.5
2025-01-02 10:59:00,-2531.25,1751.25,-780.0
2025-01-02 11:00:00,-2670.0,1848.75,-821.25
2025-01-02 11:01:00,-2587.5,1796.25,-791.25
2025-01-02 11:02:00,-2745.0,1728.75,-1016.25
2025-01-02 11:03:00,-2910.0,1702.5,-1207.5
2025-01-02 11:04:00,-2835.0,1687.5,-1147.5
2025-01-02 11:05:00,-3176.25,1672.5,-1503.75
2025-01-02 11:06:00,-2883.75,1593.75,-1290.0
2025-01-02 11:07:00,-2707.5,1530.0,-1177.5
2025-01-02 11:08:00,-2685.0,1503.75,-1181.25
2025-01-02 11:09:00,-3168.75,1676.25,-1492.5
2025-01-02 11:10:00,-3622.5,1867.5,-1755.0
2025-01-02 11:11:00,-3637.5,1953.75,-1683.75
2025-01-02 11:12:00,-3277.5,1893.75,-1383.75
2025-01-02 11:13:00,-3236.25,1886.25,-1350.0
2025-01-02 11:14:00,-3303.75,1957.5,-1346.25
2025-01-02 11:15:00,-2962.5,1901.25,-1061.25
2025-01-02 11:16:00,-2981.25,1792.5,-1188.75
2025-01-02 11:17:00,-3397.5,1957.5,-1440.0
2025-01-02 11:18:00,-3067.5,1758.75,-1308.75
2025-01-02 11:19:00,-3097.5,1848.75,-1248.75
2025-01-02 11:20:00,-3000.0,1852.5,-1147.5
2025-01-02 11:21:00,-2628.75,1743.75,-885.0
2025-01-02 11:22:00,-3105.0,2088.75,-1016.25
2025-01-02 11:23:00,-2925.0,2036.25,-888.75
2025-01-02 11:24:00,-3090.0,2036.25,-1053.75
2025-01-02 11:25:00,-3123.75,2085.0,-1038.75
2025-01-02 11:26:00,-3390.0,2193.75,-1196.25
2025-01-02 11:27:00,-3401.25,2171.25,-1230.0
2025-01-02 11:28:00,-3408.75,2171.25,-1237.5
2025-01-02 11:29:00,-3506.25,2152.5,-1353.75
2025-01-02 11:30:00,-3821.25,2253.75,-1567.5
2025-01-02 11:31:00,-3446.25,2253.75,-1192.5
2025-01-02 11:32:00,-3326.25,2100.0,-1226.25
2025-01-02 11:33:00,-3423.75,2032.5,-1391.25
2025-01-02 11:34:00,-3532.5,1878.75,-1653.75
2025-01-02 11:35:00,-3363.75,1852.5,-1511.25
2025-01-02 11:36:00,-3187.5,1492.5,-1695.0
2025-01-02 11:37:00,-3326.25,1496.25,-1830.0
2025-01-02 11:38:00,-3318.75,1488.75,-1830.0
2025-01-02 11:39:00,-3386.25,1492.5,-1893.75
2025-01-02 11:40:00,-3288.75,1428.75,-1860.0
2025-01-02 11:41:00,-3146.25,1203.75,-1942.5
2025-01-02 11:42:00,-3000.0,1155.0,-1845.0
2025-01-02 11:43:00,-3258.75,1147.5,-2111.25
2025-01-02 11:44:00,-3405.0,1248.75,-2156.25
2025-01-02 11:45:00,-3311.25,1155.0,-2156.25
2025-01-02 11:46:00,-3217.5,877.5,-2340.0
2025-01-02 11:47:00,-3165.0,761.25,-2403.75
2025-01-02 11:48:00,-3041.25,363.75,-2677.5
2025-01-02 11:49:00,-3281.25,768.75,-2512.5
2025-01-02 11:50:00,-2872.5,142.5,-2730.0
2025-01-02 11:51:00,-2628.75,-82.5,-2711.25
2025-01-02 11:52:00,-2617.5,262.5,-2355.0
2025-01-02 11:53:00,-2268.75,48.75,-2220.0
2025-01-02 11:54:00,-2103.75,93.75,-2010.0
2025-01-02 11:55:00,-1680.0,-457.5,-2137.5
2025-01-02 11:56:00,-2055.0,-75.0,-2130.0
2025-01-02 11:57:00,-2171.25,142.5,-2028.75
2025-01-02 11:58:00,-2306.25,180.0,-2126.25
2025-01-02 11:59:00,-2313.75,97.5,-2216.25
2025-01-02 12:00:00,-2793.75,1383.75,-1410.0
2025-01-02 12:01:00,-3011.25,2456.25,-555.0
2025-01-02 12:02:00,-2913.75,2317.5,-596.25
2025-01-02 12:03:00,-3105.0,2148.75,-956.25
2025-01-02 12:04:00,-2857.5,2216.25,-641.25
2025-01-02 12:05:00,-2546.25,2415.0,-131.25
2025-01-02 12:06:00,-2805.0,2501.25,-303.75
2025-01-02 12:07:00,-2778.75,2212.5,-566.25
2025-01-02 12:08:00,-3045.0,2257.5,-787.5
2025-01-02 12:09:00,-2962.5,2231.25,-731.25
2025-01-02 12:10:00,-2943.75,2163.75,-780.0
2025-01-02 12:11:00,-3003.75,2280.0,-723.75
2025-01-02 12:12:00,-2981.25,2253.75,-727.5
2025-01-02 12:13:00,-2925.0,2051.25,-873.75
2025-01-02 12:14:00,-2880.0,1155.0,-1725.0
2025-01-02 12:15:00,-2295.0,967.5,-1327.5
2025-01-02 12:16:00,-2201.25,997.5,-1203.75
2025-01-02 12:17:00,-2013.75,588.75,-1425.0
2025-01-02 12:18:00,-2058.75,558.75,-1500.0
2025-01-02 12:19:00,-2231.25,873.75,-1357.5
2025-01-02 12:20:00,-2557.5,1676.25,-881.25
2025-01-02 12:21:00,-2842.5,1650.0,-1192.5
2025-01-02 12:22:00,-2917.5,1275.0,-1642.5
2025-01-02 12:23:00,-2936.25,1312.5,-1623.75
2025-01-02 12:24:00,-3030.0,1380.0,-1650.0
2025-01-02 12:25:00,-3150.0,1623.75,-1526.25
2025-01-02 12:26:00,-5910.0,2358.75,-3551.25
2025-01-02 12:27:00,-4698.75,2036.25,-2662.5
2025-01-02 12:28:00,-5257.5,2276.25,-2981.25
2025-01-02 12:29:00,-5932.5,2463.75,-3468.75
2025-01-02 12:30:00,-6990.0,2745.0,-4245.0
2025-01-02 12:31:00,-7987.5,2913.75,-5073.75
2025-01-02 12:32:00,-9255.0,3603.75,-5651.25
2025-01-02 12:33:00,-7972.5,3075.0,-4897.5
2025-01-02 12:34:00,-7578.75,3135.0,-4443.75
2025-01-02 12:35:00,-8013.75,3318.75,-4695.0
2025-01-02 12:36:00,-7638.75,3311.25,-4327.5
2025-01-02 12:37:00,-7781.25,3495.0,-4286.25
2025-01-02 12:38:00,-7792.5,3780.0,-4012.5
2025-01-02 12:39:00,-7785.0,3566.25,-4218.75
2025-01-02 12:40:00,-8107.5,3978.75,-4128.75
2025-01-02 12:41:00,-8861.25,4593.75,-4267.5
2025-01-02 12:42:00,-8692.5,5010.0,-3682.5
2025-01-02 12:43:00,-7803.75,4196.25,-3607.5
2025-01-02 12:44:00,-8066.25,4053.75,-4012.5
2025-01-02 12:45:00,-8043.75,3832.5,-4211.25
2025-01-02 12:46:00,-8340.0,4417.5,-3922.5
2025-01-02 12:47:00,-7766.25,4293.75,-3472.5
2025-01-02 12:48:00,-7518.75,3967.5,-3551.25
2025-01-02 12:49:00,-7597.5,4218.75,-3378.75
2025-01-02 12:50:00,-7575.0,4410.0,-3165.0
2025-01-02 12:51:00,-7245.0,4091.25,-3153.75
2025-01-02 12:52:00,-7293.75,4807.5,-2486.25
2025-01-02 12:53:00,-7890.0,5823.75,-2066.25
2025-01-02 12:54:00,-8531.25,6607.5,-1923.75
2025-01-02 12:55:00,-8351.25,6397.5,-1953.75
2025-01-02 12:56:00,-7406.25,5808.75,-1597.5
2025-01-02 12:57:00,-7023.75,5726.25,-1297.5
2025-01-02 12:58:00,-6468.75,6198.75,-270.0
2025-01-02 12:59:00,-6982.5,7102.5,120.0
2025-01-02 13:00:00,-7023.75,6971.25,-52.5
2025-01-02 13:01:00,-6918.75,7492.5,573.75
2025-01-02 13:02:00,-6641.25,7897.5,1256.25
2025-01-02 13:03:00,-8032.5,8613.75,581.25
2025-01-02 13:04:00,-6562.5,8295.0,1732.5
2025-01-02 13:05:00,-6941.25,8306.25,1365.0
2025-01-02 13:06:00,-6813.75,8407.5,1593.75
2025-01-02 13:07:00,-6990.0,8658.75,1668.75
2025-01-02 13:08:00,-7447.5,8733.75,1286.25
2025-01-02 13:09:00,-8812.5,8756.25,-56.25
2025-01-02 13:10:00,-8403.75,9266.25,862.5
2025-01-02 13:11:00,-8490.0,9075.0,585.0
2025-01-02 13:12:00,-8407.5,8902.5,495.0
2025-01-02 13:13:00,-8426.25,8932.5,506.25
2025-01-02 13:14:00,-8238.75,8996.25,757.5
2025-01-02 13:15:00,-8088.75,9318.75,1230.0
2025-01-02 13:16:00,-8220.0,9191.25,971.25
2025-01-02 13:17:00,-8546.25,9836.25,1290.0
2025-01-02 13:18:00,-8115.0,9821.25,1706.25
2025-01-02 13:19:00,-8220.0,9840.0,1620.0
2025-01-02 13:20:00,-8306.25,10083.75,1777.5
2025-01-02 13:21:00,-8471.25,10237.5,1766.25
2025-01-02 13:22:00,-8403.75,10237.5,1833.75
2025-01-02 13:23:00,-8298.75,10068.75,1770.0
2025-01-02 13:24:00,-8400.0,10203.75,1803.75
2025-01-02 13:25:00,-8531.25,10226.25,1695.0
2025-01-02 13:26:00,-8707.5,10477.5,1770.0
2025-01-02 13:27:00,-8310.0,10477.5,2167.5
2025-01-02 13:28:00,-8073.75,10417.5,2343.75
2025-01-02 13:29:00,-7751.25,10211.25,2460.0
2025-01-02 13:30:00,-7638.75,10136.25,2497.5
2025-01-02 13:31:00,-7451.25,10222.5,2771.25
2025-01-02 13:32:00,-7395.0,10128.75,2733.75
2025-01-02 13:33:00,-7466.25,10068.75,2602.5
2025-01-02 13:34:00,-7762.5,10417.5,2655.0
2025-01-02 13:35:00,-7818.75,10653.75,2835.0
2025-01-02 13:36:00,-8043.75,10788.75,2745.0
2025-01-02 13:37:00,-8227.5,10856.25,2628.75
2025-01-02 13:38:00,-8088.75,10815.0,2726.25
2025-01-02 13:39:00,-8036.25,10901.25,2865.0
2025-01-02 13:40:00,-8242.5,10983.75,2741.25
2025-01-02 13:41:00,-8171.25,10890.0,2718.75
2025-01-02 13:42:00,-8223.75,10908.75,2685.0
2025-01-02 13:43:00,-8178.75,10905.0,2726.25
2025-01-02 13:44:00,-8591.25,11043.75,2452.5
2025-01-02 13:45:00,-8467.5,11062.5,2595.0
2025-01-02 13:46:00,-8287.5,11028.75,2741.25
2025-01-02 13:47:00,-7957.5,10957.5,3000.0
2025-01-02 13:48:00,-8107.5,10980.0,2872.5
2025-01-02 13:49:00,-8325.0,11133.75,2808.75
2025-01-02 13:50:00,-8208.75,11047.5,2838.75
2025-01-02 13:51:00,-8047.5,10972.5,2925.0
2025-01-02 13:52:00,-8152.5,10991.25,2838.75
2025-01-02 13:53:00,-7837.5,10965.0,3127.5
2025-01-02 13:54:00,-7747.5,10950.0,3202.5
2025-01-02 13:55:00,-7841.25,10983.75,3142.5
2025-01-02 13:56:00,-7672.5,11160.0,3487.5
2025-01-02 13:57:00,-7578.75,11092.5,3513.75
2025-01-02 13:58:00,-7665.0,11186.25,3521.25
2025-01-02 13:59:00,-7387.5,11036.25,3648.75
2025-01-02 14:00:00,-7267.5,11021.25,3753.75
2025-01-02 14:01:00,-7410.0,11133.75,3723.75
2025-01-02 14:02:00,-7492.5,11126.25,3633.75
2025-01-02 14:03:00,-7406.25,11058.75,3652.5
2025-01-02 14:04:00,-7406.25,11163.75,3757.5
2025-01-02 14:05:00,-7443.75,11227.5,3783.75
2025-01-02 14:06:00,-7440.0,11242.5,3802.5
2025-01-02 14:07:00,-7447.5,11242.5,3795.0
2025-01-02 14:08:00,-7687.5,11325.0,3637.5
2025-01-02 14:09:00,-7856.25,11358.75,3502.5
2025-01-02 14:10:00,-7725.0,11388.75,3663.75
2025-01-02 14:11:00,-7792.5,11388.75,3596.25
2025-01-02 14:12:00,-7908.75,11362.5,3453.75
2025-01-02 14:13:00,-8227.5,11400.0,3172.5
2025-01-02 14:14:00,-8081.25,11336.25,3255.0
2025-01-02 14:15:00,-7905.0,11351.25,3446.25
2025-01-02 14:16:00,-8040.0,11373.75,3333.75
2025-01-02 14:17:00,-8257.5,11415.0,3157.5
2025-01-02 14:18:00,-8190.0,11388.75,3198.75
2025-01-02 14:19:00,-8145.0,11463.75,3318.75
2025-01-02 14:20:00,-8895.0,11471.25,2576.25
2025-01-02 14:21:00,-9787.5,11437.5,1650.0
2025-01-02 14:22:00,-9382.5,11471.25,2088.75
2025-01-02 14:23:00,-9363.75,11471.25,2107.5
2025-01-02 14:24:00,-9161.25,11478.75,2317.5
2025-01-02 14:25:00,-9030.0,11478.75,2448.75
2025-01-02 14:26:00,-8647.5,11445.0,2797.5
2025-01-02 14:27:00,-8231.25,11467.5,3236.25
2025-01-02 14:28:00,-8167.5,11497.5,3330.0
2025-01-02 14:29:00,-8351.25,11482.5,3131.25
2025-01-02 14:30:00,-8167.5,11471.25,3303.75
2025-01-02 14:31:00,-8396.25,11478.75,3082.5
2025-01-02 14:32:00,-8460.0,11505.0,3045.0
2025-01-02 14:33:00,-8516.25,11572.5,3056.25
2025-01-02 14:34:00,-8767.5,11591.25,2823.75
2025-01-02 14:35:00,-8902.5,11565.0,2662.5
2025-01-02 14:36:00,-9157.5,11572.5,2415.0
2025-01-02 14:37:00,-8853.75,11583.75,2730.0
2025-01-02 14:38:00,-8895.0,11613.75,2718.75
2025-01-02 14:39:00,-9146.25,11628.75,2482.5
2025-01-02 14:40:00,-9075.0,11628.75,2553.75
2025-01-02 14:41:00,-9360.0,11610.0,2250.0
2025-01-02 14:42:00,-9108.75,11636.25,2527.5
2025-01-02 14:43:00,-8636.25,11617.5,2981.25
2025-01-02 14:44:00,-8962.5,11640.0,2677.5
2025-01-02 14:45:00,-8940.0,11655.0,2715.0
2025-01-02 14:46:00,-9067.5,11662.5,2595.0
2025-01-02 14:47:00,-9146.25,11662.5,2516.25
2025-01-02 14:48:00,-9641.25,11670.0,2028.75
2025-01-02 14:49:00,-10087.5,11662.5,1575.0
2025-01-02 14:50:00,-10110.0,11651.25,1541.25
2025-01-02 14:51:00,-10128.75,11655.0,1526.25
2025-01-02 14:52:00,-10241.25,11602.5,1361.25
2025-01-02 14:53:00,-10188.75,11670.0,1481.25
2025-01-02 14:54:00,-10185.0,11658.75,1473.75
2025-01-02 14:55:00,-10200.0,11688.75,1488.75
2025-01-02 14:56:00,-10260.0,11658.75,1398.75
2025-01-02 14:57:00,-10218.75,11681.25,1462.5
2025-01-02 14:58:00,-10203.75,11688.75,1485.0
2025-01-02 14:59:00,-10200.0,11681.25,1481.25
2025-01-02 15:00:00,-10151.25,11688.75,1537.5
2025-01-02 15:01:00,-10083.75,11688.75,1605.0
2025-01-02 15:02:00,-10083.75,11692.5,1608.75
2025-01-02 15:03:00,-10080.0,11752.5,1672.5
2025-01-02 15:04:00,-10072.5,11752.5,1680.0
2025-01-02 15:05:00,-10076.25,11756.25,1680.0
2025-01-02 15:06:00,-10068.75,11767.5,1698.75
2025-01-02 15:07:00,-10065.0,11778.75,1713.75
2025-01-02 15:08:00,-10065.0,11786.25,1721.25
2025-01-02 15:09:00,-10065.0,11793.75,1728.75
2025-01-02 15:10:00,-10061.25,11790.0,1728.75
2025-01-02 15:11:00,-10057.5,11793.75,1736.25
2025-01-02 15:12:00,-10053.75,11805.0,1751.25
2025-01-02 15:13:00,-10057.5,11805.0,1747.5
2025-01-02 15:14:00,-10050.0,11797.5,1747.5
2025-01-02 15:15:00,-10053.75,11801.25,1747.5
2025-01-02 15:16:00,-10050.0,11808.75,1758.75
2025-01-02 15:17:00,-10053.75,11801.25,1747.5
2025-01-02 15:18:00,-10050.0,11805.0,1755.0
2025-01-02 15:19:00,-10046.25,11808.75,1762.5
2025-01-02 15:20:00,-10046.25,11808.75,1762.5
2025-01-02 15:21:00,-10046.25,11808.75,1762.5
2025-01-02 15:22:00,-10046.25,11808.75,1762.5
2025-01-02 15:23:00,-10046.25,11808.75,1762.5
2025-01-02 15:24:00,-10046.25,11808.75,1762.5
2025-01-02 15:25:00,-10046.25,11808.75,1762.5
2025-01-02 15:26:00,-10046.25,11808.75,1762.5
2025-01-02 15:27:00,-10046.25,11808.75,1762.5
2025-01-02 15:28:00,-10046.25,11808.75,1762.5
2025-01-02 15:29:00,-10046.25,11808.75,1762.5
2025-01-02 15:30:00,-10046.25,11808.75,1762.5
2025-01-09 10:15:00,0.0,0.0,0.0
2025-01-09 10:16:00,225.0,-18.75,206.25
2025-01-09 10:17:00,-112.5,255.0,142.5
2025-01-09 10:18:00,210.0,11.25,221.25
2025-01-09 10:19:00,225.0,3.75,228.75
2025-01-09 10:20:00,78.75,187.5,266.25
2025-01-09 10:21:00,112.5,135.0,247.5
2025-01-09 10:22:00,157.5,120.0,277.5
2025-01-09 10:23:00,195.0,48.75,243.75
2025-01-09 10:24:00,262.5,112.5,375.0
2025-01-09 10:25:00,101.25,221.25,322.5
2025-01-09 10:26:00,131.25,326.25,457.5
2025-01-09 10:27:00,48.75,333.75,382.5
2025-01-09 10:28:00,153.75,318.75,472.5
2025-01-09 10:29:00,318.75,187.5,506.25
2025-01-09 10:30:00,408.75,22.5,431.25
2025-01-09 10:31:00,566.25,-176.25,390.0
2025-01-09 10:32:00,472.5,-56.25,416.25
2025-01-09 10:33:00,423.75,15.0,438.75
2025-01-09 10:34:00,420.0,41.25,461.25
2025-01-09 10:35:00,412.5,71.25,483.75
2025-01-09 10:36:00,382.5,52.5,435.0
2025-01-09 10:37:00,371.25,112.5,483.75
2025-01-09 10:38:00,360.0,7.5,367.5
2025-01-09 10:39:00,453.75,11.25,465.0
2025-01-09 10:40:00,510.0,-67.5,442.5
2025-01-09 10:41:00,562.5,-191.25,371.25
2025-01-09 10:42:00,558.75,-22.5,536.25
2025-01-09 10:43:00,540.0,-138.75,401.25
2025-01-09 10:44:00,618.75,-240.0,378.75
2025-01-09 10:45:00,660.0,-363.75,296.25
2025-01-09 10:46:00,753.75,-948.75,-195.0
2025-01-09 10:47:00,783.75,-1511.25,-727.5
2025-01-09 10:48:00,765.0,-4998.75,-4233.75
2025-01-09 10:49:00,798.75,-3922.5,-3123.75
2025-01-09 10:50:00,806.25,-4230.0,-3423.75
2025-01-09 10:51:00,626.25,-4038.75,-3412.5
2025-01-09 10:52:00,791.25,-4301.25,-3510.0
2025-01-09 10:53:00,963.75,-5047.5,-4083.75
2025-01-09 10:54:00,896.25,-4608.75,-3712.5
2025-01-09 10:55:00,806.25,-4443.75,-3637.5
2025-01-09 10:56:00,896.25,-4698.75,-3802.5
2025-01-09 10:57:00,967.5,-4762.5,-3795.0
2025-01-09 10:58:00,1215.0,-4845.0,-3630.0
2025-01-09 10:59:00,1286.25,-4830.0,-3543.75
2025-01-09 11:00:00,1383.75,-4938.75,-3555.0
2025-01-09 11:01:00,1451.25,-4728.75,-3277.5
2025-01-09 11:02:00,1357.5,-4567.5,-3210.0
2025-01-09 11:03:00,1196.25,-4271.25,-3075.0
2025-01-09 11:04:00,1203.75,-4338.75,-3135.0
2025-01-09 11:05:00,1293.75,-4432.5,-3138.75
2025-01-09 11:06:00,1305.0,-4383.75,-3078.75
2025-01-09 11:07:00,1335.0,-4451.25,-3116.25
2025-01-09 11:08:00,1417.5,-4342.5,-2925.0
2025-01-09 11:09:00,1305.0,-3817.5,-2512.5
2025-01-09 11:10:00,1470.0,-4188.75,-2718.75
2025-01-09 11:11:00,1507.5,-4166.25,-2658.75
2025-01-09 11:12:00,1485.0,-3978.75,-2493.75
2025-01-09 11:13:00,1485.0,-3836.25,-2351.25
2025-01-09 11:14:00,1413.75,-3626.25,-2212.5
2025-01-09 11:15:00,1357.5,-3506.25,-2148.75
2025-01-09 11:16:00,1440.0,-3693.75,-2253.75
2025-01-09 11:17:00,1466.25,-3618.75,-2152.5
2025-01-09 11:18:00,1338.75,-3348.75,-2010.0
2025-01-09 11:19:00,1293.75,-3112.5,-1818.75
2025-01-09 11:20:00,1256.25,-2955.0,-1698.75
2025-01-09 11:21:00,1593.75,-3213.75,-1620.0
2025-01-09 11:22:00,1841.25,-3768.75,-1927.5
2025-01-09 11:23:00,1725.0,-3487.5,-1762.5
2025-01-09 11:24:00,1713.75,-3378.75,-1665.0
2025-01-09 11:25:00,1275.0,-2718.75,-1443.75
2025-01-09 11:26:00,1485.0,-2932.5,-1447.5
2025-01-09 11:27:00,1541.25,-3067.5,-1526.25
2025-01-09 11:28:00,1545.0,-2928.75,-1383.75
2025-01-09 11:29:00,1710.0,-3228.75,-1518.75
2025-01-09 11:30:00,1792.5,-3341.25,-1548.75
2025-01-09 11:31:00,1822.5,-3746.25,-1923.75
2025-01-09 11:32:00,2013.75,-3873.75,-1860.0
2025-01-09 11:33:00,2073.75,-3941.25,-1867.5
2025-01-09 11:34:00,1935.0,-3652.5,-1717.5
2025-01-09 11:35:00,2013.75,-3787.5,-1773.75
2025-01-09 11:36:00,2002.5,-3652.5,-1650.0
2025-01-09 11:37:00,2025.0,-3656.25,-1631.25
2025-01-09 11:38:00,2058.75,-3753.75,-1695.0
2025-01-09 11:39:00,1807.5,-3060.0,-1252.5
2025-01-09 11:40:00,1593.75,-2718.75,-1125.0
2025-01-09 11:41:00,1668.75,-2977.5,-1308.75
2025-01-09 11:42:00,1751.25,-2981.25,-1230.0
2025-01-09 11:43:00,1650.0,-2883.75,-1233.75
2025-01-09 11:44:00,2010.0,-3221.25,-1211.25
2025-01-09 11:45:00,2025.0,-3341.25,-1316.25
2025-01-09 11:46:00,2028.75,-3487.5,-1458.75
2025-01-09 11:47:00,1927.5,-3097.5,-1170.0
2025-01-09 11:48:00,1968.75,-3030.0,-1061.25
2025-01-09 11:49:00,2077.5,-3315.0,-1237.5
2025-01-09 11:50:00,2163.75,-3892.5,-1728.75
2025-01-09 11:51:00,2190.0,-3858.75,-1668.75
2025-01-09 11:52:00,2115.0,-3311.25,-1196.25
2025-01-09 11:53:00,2171.25,-3367.5,-1196.25
2025-01-09 11:54:00,2156.25,-3390.0,-1233.75
2025-01-09 11:55:00,2160.0,-3390.0,-1230.0
2025-01-09 11:56:00,2216.25,-3678.75,-1462.5
2025-01-09 11:57:00,2047.5,-3168.75,-1121.25
2025-01-09 11:58:00,2070.0,-3165.0,-1095.0
2025-01-09 11:59:00,2066.25,-3056.25,-990.0
2025-01-09 12:00:00,1987.5,-2868.75,-881.25
2025-01-09 12:01:00,2238.75,-3281.25,-1042.5
2025-01-09 12:02:00,2298.75,-3123.75,-825.0
2025-01-09 12:03:00,2276.25,-3296.25,-1020.0
2025-01-09 12:04:00,2347.5,-3191.25,-843.75
2025-01-09 12:05:00,2231.25,-3075.0,-843.75
2025-01-09 12:06:00,2313.75,-3213.75,-900.0
2025-01-09 12:07:00,2358.75,-3150.0,-791.25
2025-01-09 12:08:00,2265.0,-3041.25,-776.25
2025-01-09 12:09:00,2107.5,-2748.75,-641.25
2025-01-09 12:10:00,1995.0,-2538.75,-543.75
2025-01-09 12:11:00,1976.25,-2613.75,-637.5
2025-01-09 12:12:00,1938.75,-2452.5,-513.75
2025-01-09 12:13:00,1736.25,-2163.75,-427.5
2025-01-09 12:14:00,1961.25,-2411.25,-450.0
2025-01-09 12:15:00,1815.0,-2238.75,-423.75
2025-01-09 12:16:00,1890.0,-2370.0,-480.0
2025-01-09 12:17:00,851.25,-1331.25,-480.0
2025-01-09 12:18:00,-1226.25,-11.25,-1237.5
2025-01-09 12:19:00,-1436.25,127.5,-1308.75
2025-01-09 12:20:00,-1211.25,-3.75,-1215.0
2025-01-09 12:21:00,-772.5,-206.25,-978.75
2025-01-09 12:22:00,656.25,-866.25,-210.0
2025-01-09 12:23:00,577.5,-896.25,-318.75
2025-01-09 12:24:00,330.0,-753.75,-423.75
2025-01-09 12:25:00,633.75,-828.75,-195.0
2025-01-09 12:26:00,577.5,-963.75,-386.25
2025-01-09 12:27:00,573.75,-915.0,-341.25
2025-01-09 12:28:00,926.25,-971.25,-45.0
2025-01-09 12:29:00,933.75,-993.75,-60.0
2025-01-09 12:30:00,2231.25,-2808.75,-577.5
2025-01-09 12:31:00,2193.75,-2523.75,-330.0
2025-01-09 12:32:00,2501.25,-3078.75,-577.5
2025-01-09 12:33:00,2486.25,-2955.0,-468.75
2025-01-09 12:34:00,2568.75,-2865.0,-296.25
2025-01-09 12:35:00,2355.0,-2403.75,-48.75
2025-01-09 12:36:00,2328.75,-2362.5,-33.75
2025-01-09 12:37:00,2351.25,-2291.25,60.0
2025-01-09 12:38:00,2550.0,-2688.75,-138.75
2025-01-09 12:39:00,2692.5,-2865.0,-172.5
2025-01-09 12:40:00,2658.75,-2865.0,-206.25
2025-01-09 12:41:00,2651.25,-2910.0,-258.75
2025-01-09 12:42:00,2692.5,-2996.25,-303.75
2025-01-09 12:43:00,2857.5,-3157.5,-300.0
2025-01-09 12:44:00,2865.0,-3176.25,-311.25
2025-01-09 12:45:00,2876.25,-3168.75,-292.5
2025-01-09 12:46:00,2865.0,-3311.25,-446.25
2025-01-09 12:47:00,2906.25,-3367.5,-461.25
2025-01-09 12:48:00,2955.0,-3761.25,-806.25
2025-01-09 12:49:00,2958.75,-4106.25,-1147.5
2025-01-09 12:50:00,2928.75,-4106.25,-1177.5
2025-01-09 12:51:00,2958.75,-3757.5,-798.75
2025-01-09 12:52:00,2947.5,-3877.5,-930.0
2025-01-09 12:53:00,2955.0,-3836.25,-881.25
2025-01-09 12:54:00,3045.0,-4128.75,-1083.75
2025-01-09 12:55:00,3056.25,-4293.75,-1237.5
2025-01-09 12:56:00,3206.25,-4282.5,-1076.25
2025-01-09 12:57:00,3176.25,-4110.0,-933.75
2025-01-09 12:58:00,3168.75,-4117.5,-948.75
2025-01-09 12:59:00,3161.25,-4616.25,-1455.0
2025-01-09 13:00:00,3150.0,-4237.5,-1087.5
2025-01-09 13:01:00,2951.25,-3491.25,-540.0
2025-01-09 13:02:00,3217.5,-3851.25,-633.75
2025-01-09 13:03:00,3221.25,-3888.75,-667.5
2025-01-09 13:04:00,3232.5,-3836.25,-603.75
2025-01-09 13:05:00,3292.5,-3682.5,-390.0
2025-01-09 13:06:00,3292.5,-3776.25,-483.75
2025-01-09 13:07:00,3240.0,-3667.5,-427.5
2025-01-09 13:08:00,3262.5,-3716.25,-453.75
2025-01-09 13:09:00,3240.0,-3588.75,-348.75
2025-01-09 13:10:00,3168.75,-3525.0,-356.25
2025-01-09 13:11:00,3153.75,-3536.25,-382.5
2025-01-09 13:12:00,3266.25,-3686.25,-420.0
2025-01-09 13:13:00,3266.25,-3742.5,-476.25
2025-01-09 13:14:00,3277.5,-3798.75,-521.25
2025-01-09 13:15:00,3157.5,-3480.0,-322.5
2025-01-09 13:16:00,3116.25,-3506.25,-390.0
2025-01-09 13:17:00,3266.25,-3768.75,-502.5
2025-01-09 13:18:00,3266.25,-3877.5,-611.25
2025-01-09 13:19:00,3281.25,-3971.25,-690.0
2025-01-09 13:20:00,3341.25,-3806.25,-465.0
2025-01-09 13:21:00,3270.0,-3581.25,-311.25
2025-01-09 13:22:00,3416.25,-3885.0,-468.75
2025-01-09 13:23:00,3251.25,-3555.0,-303.75
2025-01-09 13:24:00,3221.25,-3502.5,-281.25
2025-01-09 13:25:00,3228.75,-3480.0,-251.25
2025-01-09 13:26:00,3176.25,-3558.75,-382.5
2025-01-09 13:27:00,3262.5,-3540.0,-277.5
2025-01-09 13:28:00,3356.25,-3686.25,-330.0
2025-01-09 13:29:00,3390.0,-3795.0,-405.0
2025-01-09 13:30:00,3397.5,-3862.5,-465.0
2025-01-09 13:31:00,3375.0,-3708.75,-333.75
2025-01-09 13:32:00,3416.25,-3690.0,-273.75
2025-01-09 13:33:00,3450.0,-3798.75,-348.75
2025-01-09 13:34:00,3420.0,-4023.75,-603.75
2025-01-09 13:35:00,3555.0,-4425.0,-870.0
2025-01-09 13:36:00,3618.75,-4185.0,-566.25
2025-01-09 13:37:00,3622.5,-4140.0,-517.5
2025-01-09 13:38:00,3615.0,-4203.75,-588.75
2025-01-09 13:39:00,3558.75,-3933.75,-375.0
2025-01-09 13:40:00,3510.0,-3843.75,-333.75
2025-01-09 13:41:00,3517.5,-3813.75,-296.25
2025-01-09 13:42:00,3566.25,-3873.75,-307.5
2025-01-09 13:43:00,3573.75,-3847.5,-273.75
2025-01-09 13:44:00,3603.75,-3986.25,-382.5
2025-01-09 13:45:00,3573.75,-3933.75,-360.0
2025-01-09 13:46:00,3577.5,-3967.5,-390.0
2025-01-09 13:47:00,3210.0,-3262.5,-52.5
2025-01-09 13:48:00,3472.5,-3513.75,-41.25
2025-01-09 13:49:00,3555.0,-3671.25,-116.25
2025-01-09 13:50:00,3630.0,-3667.5,-37.5
2025-01-09 13:51:00,3528.75,-3581.25,-52.5
2025-01-09 13:52:00,3521.25,-3570.0,-48.75
2025-01-09 13:53:00,3588.75,-3675.0,-86.25
2025-01-09 13:54:00,3622.5,-3776.25,-153.75
2025-01-09 13:55:00,3581.25,-3693.75,-112.5
2025-01-09 13:56:00,3761.25,-3990.0,-228.75
2025-01-09 13:57:00,3757.5,-3918.75,-161.25
2025-01-09 13:58:00,3885.0,-4413.75,-528.75
2025-01-09 13:59:00,3862.5,-4308.75,-446.25
2025-01-09 14:00:00,3858.75,-4177.5,-318.75
2025-01-09 14:01:00,3896.25,-4368.75,-472.5
2025-01-09 14:02:00,3862.5,-4087.5,-225.0
2025-01-09 14:03:00,3922.5,-4061.25,-138.75
2025-01-09 14:04:00,3836.25,-3776.25,60.0
2025-01-09 14:05:00,3840.0,-3738.75,101.25
2025-01-09 14:06:00,3660.0,-3243.75,416.25
2025-01-09 14:07:00,3495.0,-2868.75,626.25
2025-01-09 14:08:00,3686.25,-3341.25,345.0
2025-01-09 14:09:00,3675.0,-3326.25,348.75
2025-01-09 14:10:00,3656.25,-3288.75,367.5
2025-01-09 14:11:00,3723.75,-3528.75,195.0
2025-01-09 14:12:00,3862.5,-3682.5,180.0
2025-01-09 14:13:00,3825.0,-3581.25,243.75
2025-01-09 14:14:00,3731.25,-3303.75,427.5
2025-01-09 14:15:00,3813.75,-3431.25,382.5
2025-01-09 14:16:00,3900.0,-3465.0,435.0
2025-01-09 14:17:00,3768.75,-3236.25,532.5
2025-01-09 14:18:00,3731.25,-3041.25,690.0
2025-01-09 14:19:00,3798.75,-3195.0,603.75
2025-01-09 14:20:00,3851.25,-3281.25,570.0
2025-01-09 14:21:00,3948.75,-3566.25,382.5
2025-01-09 14:22:00,3937.5,-3397.5,540.0
2025-01-09 14:23:00,3963.75,-3487.5,476.25
2025-01-09 14:24:00,3933.75,-3423.75,510.0
2025-01-09 14:25:00,3915.0,-3288.75,626.25
2025-01-09 14:26:00,3956.25,-3423.75,532.5
2025-01-09 14:27:00,3911.25,-3236.25,675.0
2025-01-09 14:28:00,3926.25,-3285.0,641.25
2025-01-09 14:29:00,3993.75,-3596.25,397.5
2025-01-09 14:30:00,3926.25,-3292.5,633.75
2025-01-09 14:31:00,4053.75,-3600.0,453.75
2025-01-09 14:32:00,4046.25,-3461.25,585.0
2025-01-09 14:33:00,4083.75,-3540.0,543.75
2025-01-09 14:34:00,4177.5,-3750.0,427.5
2025-01-09 14:35:00,4218.75,-4113.75,105.0
2025-01-09 14:36:00,4222.5,-4050.0,172.5
2025-01-09 14:37:00,4252.5,-4136.25,116.25
2025-01-09 14:38:00,4293.75,-4166.25,127.5
2025-01-09 14:39:00,4297.5,-4087.5,210.0
2025-01-09 14:40:00,4275.0,-4005.0,270.0
2025-01-09 14:41:00,4331.25,-4016.25,315.0
2025-01-09 14:42:00,4331.25,-4027.5,303.75
2025-01-09 14:43:00,4323.75,-3933.75,390.0
2025-01-09 14:44:00,4323.75,-3971.25,352.5
2025-01-09 14:45:00,4320.0,-3952.5,367.5
2025-01-09 14:46:00,4361.25,-4117.5,243.75
2025-01-09 14:47:00,4387.5,-4155.0,232.5
2025-01-09 14:48:00,4406.25,-4098.75,307.5
2025-01-09 14:49:00,4391.25,-4023.75,367.5
2025-01-09 14:50:00,4443.75,-4098.75,345.0
2025-01-09 14:51:00,4428.75,-4087.5,341.25
2025-01-09 14:52:00,4395.0,-3918.75,476.25
2025-01-09 14:53:00,4357.5,-3907.5,450.0
2025-01-09 14:54:00,4342.5,-3817.5,525.0
2025-01-09 14:55:00,4368.75,-3813.75,555.0
2025-01-09 14:56:00,4391.25,-3843.75,547.5
2025-01-09 14:57:00,4391.25,-3787.5,603.75
2025-01-09 14:58:00,4391.25,-3753.75,637.5
2025-01-09 14:59:00,4428.75,-3791.25,637.5
2025-01-09 15:00:00,4451.25,-3817.5,633.75
2025-01-09 15:01:00,4466.25,-3697.5,768.75
2025-01-09 15:02:00,4503.75,-3675.0,828.75
2025-01-09 15:03:00,4511.25,-3690.0,821.25
2025-01-09 15:04:00,4515.0,-3693.75,821.25
2025-01-09 15:05:00,4522.5,-3708.75,813.75
2025-01-09 15:06:00,4526.25,-3682.5,843.75
2025-01-09 15:07:00,4522.5,-3686.25,836.25
2025-01-09 15:08:00,4526.25,-3678.75,847.5
2025-01-09 15:09:00,4526.25,-3652.5,873.75
2025-01-09 15:10:00,4522.5,-3656.25,866.25
2025-01-09 15:11:00,4522.5,-3645.0,877.5
2025-01-09 15:12:00,4530.0,-3637.5,892.5
2025-01-09 15:13:00,4530.0,-3641.25,888.75
2025-01-09 15:14:00,4533.75,-3637.5,896.25
2025-01-09 15:15:00,4530.0,-3637.5,892.5
2025-01-09 15:16:00,4530.0,-3633.75,896.25
2025-01-09 15:17:00,4533.75,-3637.5,896.25
2025-01-09 15:18:00,4541.25,-3637.5,903.75
2025-01-09 15:19:00,4541.25,-3633.75,907.5
2025-01-09 15:20:00,4537.5,-3637.5,900.0
2025-01-09 15:21:00,4537.5,-3637.5,900.0
2025-01-09 15:22:00,4537.5,-3637.5,900.0
2025-01-09 15:23:00,4537.5,-3637.5,900.0
2025-01-09 15:24:00,4537.5,-3637.5,900.0
2025-01-09 15:25:00,4537.5,-3637.5,900.0
2025-01-09 15:26:00,4537.5,-3637.5,900.0
2025-01-09 15:27:00,4537.5,-3637.5,900.0
2025-01-09 15:28:00,4537.5,-3637.5,900.0
2025-01-09 15:29:00,4537.5,-3637.5,900.0
2025-01-09 15:30:00,4537.5,-3637.5,900.0
2025-01-16 10:15:00,0.0,0.0,0.0
2025-01-16 10:16:00,-120.0,101.25,-18.75
2025-01-16 10:17:00,41.25,-3.75,37.5
2025-01-16 10:18:00,11.25,37.5,48.75
2025-01-16 10:19:00,-78.75,243.75,165.0
2025-01-16 10:20:00,-37.5,213.75,176.25
2025-01-16 10:21:00,-33.75,210.0,176.25
2025-01-16 10:22:00,-71.25,288.75,217.5
2025-01-16 10:23:00,-90.0,285.0,195.0
2025-01-16 10:24:00,-52.5,247.5,195.0
2025-01-16 10:25:00,-105.0,311.25,206.25
2025-01-16 10:26:00,-41.25,288.75,247.5
2025-01-16 10:27:00,-26.25,311.25,285.0
2025-01-16 10:28:00,101.25,270.0,371.25
2025-01-16 10:29:00,150.0,206.25,356.25
2025-01-16 10:30:00,176.25,146.25,322.5
2025-01-16 10:31:00,202.5,138.75,341.25
2025-01-16 10:32:00,195.0,172.5,367.5
2025-01-16 10:33:00,221.25,138.75,360.0
2025-01-16 10:34:00,165.0,217.5,382.5
2025-01-16 10:35:00,187.5,240.0,427.5
2025-01-16 10:36:00,135.0,300.0,435.0
2025-01-16 10:37:00,135.0,341.25,476.25
2025-01-16 10:38:00,210.0,270.0,480.0
2025-01-16 10:39:00,202.5,288.75,491.25
2025-01-16 10:40:00,150.0,352.5,502.5
2025-01-16 10:41:00,138.75,390.0,528.75
2025-01-16 10:42:00,101.25,382.5,483.75
2025-01-16 10:43:00,210.0,375.0,585.0
2025-01-16 10:44:00,217.5,337.5,555.0
2025-01-16 10:45:00,228.75,341.25,570.0
2025-01-16 10:46:00,281.25,311.25,592.5
2025-01-16 10:47:00,348.75,348.75,697.5
2025-01-16 10:48:00,356.25,296.25,652.5
2025-01-16 10:49:00,438.75,255.0,693.75
2025-01-16 10:50:00,461.25,90.0,551.25
2025-01-16 10:51:00,427.5,168.75,596.25
2025-01-16 10:52:00,446.25,195.0,641.25
2025-01-16 10:53:00,461.25,112.5,573.75
2025-01-16 10:54:00,637.5,-356.25,281.25
2025-01-16 10:55:00,585.0,-153.75,431.25
2025-01-16 10:56:00,603.75,-322.5,281.25
2025-01-16 10:57:00,603.75,-318.75,285.0
2025-01-16 10:58:00,607.5,-191.25,416.25
2025-01-16 10:59:00,596.25,-120.0,476.25
2025-01-16 11:00:00,615.0,-63.75,551.25
2025-01-16 11:01:00,630.0,-157.5,472.5
2025-01-16 11:02:00,611.25,-45.0,566.25
2025-01-16 11:03:00,581.25,67.5,648.75
2025-01-16 11:04:00,622.5,-18.75,603.75
2025-01-16 11:05:00,600.0,101.25,701.25
2025-01-16 11:06:00,633.75,18.75,652.5
2025-01-16 11:07:00,637.5,26.25,663.75
2025-01-16 11:08:00,645.0,-37.5,607.5
2025-01-16 11:09:00,645.0,-30.0,615.0
2025-01-16 11:10:00,678.75,-86.25,592.5
2025-01-16 11:11:00,697.5,-86.25,611.25
2025-01-16 11:12:00,705.0,-37.5,667.5
2025-01-16 11:13:00,697.5,-11.25,686.25
2025-01-16 11:14:00,716.25,-18.75,697.5
2025-01-16 11:15:00,731.25,-63.75,667.5
2025-01-16 11:16:00,705.0,-15.0,690.0
2025-01-16 11:17:00,712.5,37.5,750.0
2025-01-16 11:18:00,723.75,3.75,727.5
2025-01-16 11:19:00,742.5,18.75,761.25
2025-01-16 11:20:00,731.25,-67.5,663.75
2025-01-16 11:21:00,761.25,-116.25,645.0
2025-01-16 11:22:00,765.0,-86.25,678.75
2025-01-16 11:23:00,765.0,-7.5,757.5
2025-01-16 11:24:00,787.5,-63.75,723.75
2025-01-16 11:25:00,757.5,-15.0,742.5
2025-01-16 11:26:00,761.25,-60.0,701.25
2025-01-16 11:27:00,776.25,-11.25,765.0
2025-01-16 11:28:00,742.5,37.5,780.0
2025-01-16 11:29:00,750.0,11.25,761.25
2025-01-16 11:30:00,746.25,45.0,791.25
2025-01-16 11:31:00,731.25,60.0,791.25
2025-01-16 11:32:00,753.75,93.75,847.5
2025-01-16 11:33:00,753.75,71.25,825.0
2025-01-16 11:34:00,746.25,67.5,813.75
2025-01-16 11:35:00,742.5,97.5,840.0
2025-01-16 11:36:00,720.0,131.25,851.25
2025-01-16 11:37:00,712.5,157.5,870.0
2025-01-16 11:38:00,712.5,183.75,896.25
2025-01-16 11:39:00,682.5,217.5,900.0
2025-01-16 11:40:00,663.75,258.75,922.5
2025-01-16 11:41:00,615.0,337.5,952.5
2025-01-16 11:42:00,630.0,322.5,952.5
2025-01-16 11:43:00,607.5,337.5,945.0
2025-01-16 11:44:00,480.0,461.25,941.25
2025-01-16 11:45:00,517.5,438.75,956.25
2025-01-16 11:46:00,551.25,435.0,986.25
2025-01-16 11:47:00,566.25,431.25,997.5
2025-01-16 11:48:00,626.25,416.25,1042.5
2025-01-16 11:49:00,596.25,416.25,1012.5
2025-01-16 11:50:00,611.25,420.0,1031.25
2025-01-16 11:51:00,592.5,435.0,1027.5
2025-01-16 11:52:00,727.5,345.0,1072.5
2025-01-16 11:53:00,708.75,333.75,1042.5
2025-01-16 11:54:00,742.5,300.0,1042.5
2025-01-16 11:55:00,723.75,303.75,1027.5
2025-01-16 11:56:00,727.5,341.25,1068.75
2025-01-16 11:57:00,716.25,375.0,1091.25
2025-01-16 11:58:00,712.5,375.0,1087.5
2025-01-16 11:59:00,705.0,412.5,1117.5
2025-01-16 12:00:00,678.75,435.0,1113.75
2025-01-16 12:01:00,671.25,446.25,1117.5
2025-01-16 12:02:00,727.5,412.5,1140.0
2025-01-16 12:03:00,712.5,427.5,1140.0
2025-01-16 12:04:00,697.5,453.75,1151.25
2025-01-16 12:05:00,712.5,453.75,1166.25
2025-01-16 12:06:00,723.75,435.0,1158.75
2025-01-16 12:07:00,727.5,427.5,1155.0
2025-01-16 12:08:00,731.25,431.25,1162.5
2025-01-16 12:09:00,753.75,405.0,1158.75
2025-01-16 12:10:00,783.75,412.5,1196.25
2025-01-16 12:11:00,753.75,423.75,1177.5
2025-01-16 12:12:00,746.25,435.0,1181.25
2025-01-16 12:13:00,738.75,412.5,1151.25
2025-01-16 12:14:00,738.75,416.25,1155.0
2025-01-16 12:15:00,723.75,438.75,1162.5
2025-01-16 12:16:00,675.0,487.5,1162.5
2025-01-16 12:17:00,712.5,465.0,1177.5
2025-01-16 12:18:00,746.25,453.75,1200.0
2025-01-16 12:19:00,783.75,401.25,1185.0
2025-01-16 12:20:00,798.75,371.25,1170.0
2025-01-16 12:21:00,813.75,375.0,1188.75
2025-01-16 12:22:00,810.0,453.75,1263.75
2025-01-16 12:23:00,821.25,412.5,1233.75
2025-01-16 12:24:00,806.25,472.5,1278.75
2025-01-16 12:25:00,817.5,491.25,1308.75
2025-01-16 12:26:00,817.5,472.5,1290.0
2025-01-16 12:27:00,817.5,465.0,1282.5
2025-01-16 12:28:00,813.75,472.5,1286.25
2025-01-16 12:29:00,813.75,502.5,1316.25
2025-01-16 12:30:00,802.5,536.25,1338.75
2025-01-16 12:31:00,787.5,547.5,1335.0
2025-01-16 12:32:00,753.75,588.75,1342.5
2025-01-16 12:33:00,765.0,588.75,1353.75
2025-01-16 12:34:00,757.5,592.5,1350.0
2025-01-16 12:35:00,675.0,660.0,1335.0
2025-01-16 12:36:00,742.5,641.25,1383.75
2025-01-16 12:37:00,768.75,648.75,1417.5
2025-01-16 12:38:00,742.5,645.0,1387.5
2025-01-16 12:39:00,735.0,663.75,1398.75
2025-01-16 12:40:00,742.5,652.5,1395.0
2025-01-16 12:41:00,753.75,633.75,1387.5
2025-01-16 12:42:00,798.75,630.0,1428.75
2025-01-16 12:43:00,761.25,633.75,1395.0
2025-01-16 12:44:00,753.75,652.5,1406.25
2025-01-16 12:45:00,727.5,667.5,1395.0
2025-01-16 12:46:00,678.75,705.0,1383.75
2025-01-16 12:47:00,716.25,727.5,1443.75
2025-01-16 12:48:00,731.25,723.75,1455.0
2025-01-16 12:49:00,765.0,727.5,1492.5
2025-01-16 12:50:00,761.25,720.0,1481.25
2025-01-16 12:51:00,757.5,712.5,1470.0
2025-01-16 12:52:00,731.25,731.25,1462.5
2025-01-16 12:53:00,742.5,727.5,1470.0
2025-01-16 12:54:00,742.5,727.5,1470.0
2025-01-16 12:55:00,723.75,742.5,1466.25
2025-01-16 12:56:00,551.25,761.25,1312.5
2025-01-16 12:57:00,656.25,776.25,1432.5
2025-01-16 12:58:00,675.0,787.5,1462.5
2025-01-16 12:59:00,690.0,780.0,1470.0
2025-01-16 13:00:00,652.5,780.0,1432.5
2025-01-16 13:01:00,660.0,787.5,1447.5
2025-01-16 13:02:00,697.5,772.5,1470.0
2025-01-16 13:03:00,686.25,768.75,1455.0
2025-01-16 13:04:00,675.0,772.5,1447.5
2025-01-16 13:05:00,675.0,765.0,1440.0
2025-01-16 13:06:00,757.5,746.25,1503.75
2025-01-16 13:07:00,855.0,738.75,1593.75
2025-01-16 13:08:00,855.0,742.5,1597.5
2025-01-16 13:09:00,858.75,768.75,1627.5
2025-01-16 13:10:00,870.0,757.5,1627.5
2025-01-16 13:11:00,858.75,753.75,1612.5
2025-01-16 13:12:00,851.25,761.25,1612.5
2025-01-16 13:13:00,896.25,757.5,1653.75
2025-01-16 13:14:00,885.0,757.5,1642.5
2025-01-16 13:15:00,911.25,772.5,1683.75
2025-01-16 13:16:00,885.0,791.25,1676.25
2025-01-16 13:17:00,885.0,795.0,1680.0
2025-01-16 13:18:00,866.25,813.75,1680.0
2025-01-16 13:19:00,858.75,825.0,1683.75
2025-01-16 13:20:00,862.5,821.25,1683.75
2025-01-16 13:21:00,847.5,825.0,1672.5
2025-01-16 13:22:00,881.25,817.5,1698.75
2025-01-16 13:23:00,881.25,813.75,1695.0
2025-01-16 13:24:00,911.25,795.0,1706.25
2025-01-16 13:25:00,907.5,791.25,1698.75
2025-01-16 13:26:00,900.0,806.25,1706.25
2025-01-16 13:27:00,900.0,821.25,1721.25
2025-01-16 13:28:00,900.0,825.0,1725.0
2025-01-16 13:29:00,881.25,828.75,1710.0
2025-01-16 13:30:00,888.75,825.0,1713.75
2025-01-16 13:31:00,866.25,843.75,1710.0
2025-01-16 13:32:00,870.0,832.5,1702.5
2025-01-16 13:33:00,888.75,843.75,1732.5
2025-01-16 13:34:00,862.5,851.25,1713.75
2025-01-16 13:35:00,866.25,855.0,1721.25
2025-01-16 13:36:00,817.5,858.75,1676.25
2025-01-16 13:37:00,828.75,858.75,1687.5
2025-01-16 13:38:00,858.75,851.25,1710.0
2025-01-16 13:39:00,888.75,851.25,1740.0
2025-01-16 13:40:00,877.5,858.75,1736.25
2025-01-16 13:41:00,847.5,866.25,1713.75
2025-01-16 13:42:00,847.5,870.0,1717.5
2025-01-16 13:43:00,866.25,870.0,1736.25
2025-01-16 13:44:00,836.25,870.0,1706.25
2025-01-16 13:45:00,836.25,866.25,1702.5
2025-01-16 13:46:00,832.5,866.25,1698.75
2025-01-16 13:47:00,847.5,866.25,1713.75
2025-01-16 13:48:00,866.25,870.0,1736.25
2025-01-16 13:49:00,870.0,877.5,1747.5
2025-01-16 13:50:00,873.75,870.0,1743.75
2025-01-16 13:51:00,888.75,870.0,1758.75
2025-01-16 13:52:00,888.75,873.75,1762.5
2025-01-16 13:53:00,847.5,892.5,1740.0
2025-01-16 13:54:00,877.5,888.75,1766.25
2025-01-16 13:55:00,888.75,888.75,1777.5
2025-01-16 13:56:00,858.75,896.25,1755.0
2025-01-16 13:57:00,723.75,900.0,1623.75
2025-01-16 13:58:00,798.75,911.25,1710.0
2025-01-16 13:59:00,787.5,903.75,1691.25
2025-01-16 14:00:00,821.25,903.75,1725.0
2025-01-16 14:01:00,825.0,907.5,1732.5
2025-01-16 14:02:00,881.25,911.25,1792.5
2025-01-16 14:03:00,855.0,911.25,1766.25
2025-01-16 14:04:00,885.0,918.75,1803.75
2025-01-16 14:05:00,892.5,915.0,1807.5
2025-01-16 14:06:00,975.0,907.5,1882.5
2025-01-16 14:07:00,982.5,911.25,1893.75
2025-01-16 14:08:00,975.0,907.5,1882.5
2025-01-16 14:09:00,971.25,911.25,1882.5
2025-01-16 14:10:00,933.75,915.0,1848.75
2025-01-16 14:11:00,937.5,915.0,1852.5
2025-01-16 14:12:00,967.5,918.75,1886.25
2025-01-16 14:13:00,956.25,922.5,1878.75
2025-01-16 14:14:00,956.25,930.0,1886.25
2025-01-16 14:15:00,986.25,926.25,1912.5
2025-01-16 14:16:00,1046.25,918.75,1965.0
2025-01-16 14:17:00,1053.75,918.75,1972.5
2025-01-16 14:18:00,1046.25,918.75,1965.0
2025-01-16 14:19:00,1083.75,903.75,1987.5
2025-01-16 14:20:00,1113.75,896.25,2010.0
2025-01-16 14:21:00,1132.5,903.75,2036.25
2025-01-16 14:22:00,1147.5,862.5,2010.0
2025-01-16 14:23:00,1151.25,840.0,1991.25
2025-01-16 14:24:00,1151.25,877.5,2028.75
2025-01-16 14:25:00,1143.75,855.0,1998.75
2025-01-16 14:26:00,1158.75,855.0,2013.75
2025-01-16 14:27:00,1155.0,855.0,2010.0
2025-01-16 14:28:00,1162.5,858.75,2021.25
2025-01-16 14:29:00,1185.0,873.75,2058.75
2025-01-16 14:30:00,1181.25,866.25,2047.5
2025-01-16 14:31:00,1177.5,881.25,2058.75
2025-01-16 14:32:00,1170.0,885.0,2055.0
2025-01-16 14:33:00,1177.5,892.5,2070.0
2025-01-16 14:34:00,1192.5,885.0,2077.5
2025-01-16 14:35:00,1200.0,877.5,2077.5
2025-01-16 14:36:00,1207.5,881.25,2088.75
2025-01-16 14:37:00,1215.0,862.5,2077.5
2025-01-16 14:38:00,1215.0,858.75,2073.75
2025-01-16 14:39:00,1207.5,900.0,2107.5
2025-01-16 14:40:00,1200.0,937.5,2137.5
2025-01-16 14:41:00,1200.0,937.5,2137.5
2025-01-16 14:42:00,1207.5,937.5,2145.0
2025-01-16 14:43:00,1218.75,937.5,2156.25
2025-01-16 14:44:00,1207.5,933.75,2141.25
2025-01-16 14:45:00,1211.25,941.25,2152.5
2025-01-16 14:46:00,1215.0,930.0,2145.0
2025-01-16 14:47:00,1211.25,937.5,2148.75
2025-01-16 14:48:00,1211.25,937.5,2148.75
2025-01-16 14:49:00,1211.25,945.0,2156.25
2025-01-16 14:50:00,1211.25,948.75,2160.0
2025-01-16 14:51:00,1211.25,945.0,2156.25
2025-01-16 14:52:00,1218.75,948.75,2167.5
2025-01-16 14:53:00,1233.75,945.0,2178.75
2025-01-16 14:54:00,1230.0,945.0,2175.0
2025-01-16 14:55:00,1237.5,937.5,2175.0
2025-01-16 14:56:00,1237.5,948.75,2186.25
2025-01-16 14:57:00,1233.75,956.25,2190.0
2025-01-16 14:58:00,1233.75,956.25,2190.0
2025-01-16 14:59:00,1233.75,960.0,2193.75
2025-01-16 15:00:00,1233.75,960.0,2193.75
2025-01-16 15:01:00,1233.75,960.0,2193.75
2025-01-16 15:02:00,1233.75,960.0,2193.75
2025-01-16 15:03:00,1237.5,963.75,2201.25
2025-01-16 15:04:00,1241.25,967.5,2208.75
2025-01-16 15:05:00,1237.5,967.5,2205.0
2025-01-16 15:06:00,1245.0,963.75,2208.75
2025-01-16 15:07:00,1245.0,963.75,2208.75
2025-01-16 15:08:00,1252.5,963.75,2216.25
2025-01-16 15:09:00,1248.75,963.75,2212.5
2025-01-16 15:10:00,1252.5,967.5,2220.0
2025-01-16 15:11:00,1256.25,971.25,2227.5
2025-01-16 15:12:00,1252.5,971.25,2223.75
2025-01-16 15:13:00,1256.25,971.25,2227.5
2025-01-16 15:14:00,1256.25,967.5,2223.75
2025-01-16 15:15:00,1252.5,971.25,2223.75
2025-01-16 15:16:00,1256.25,971.25,2227.5
2025-01-16 15:17:00,1252.5,971.25,2223.75
2025-01-16 15:18:00,1252.5,971.25,2223.75
2025-01-16 15:19:00,1252.5,971.25,2223.75
2025-01-16 15:20:00,1252.5,971.25,2223.75
2025-01-16 15:21:00,1252.5,971.25,2223.75
2025-01-16 15:22:00,1252.5,971.25,2223.75
2025-01-16 15:23:00,1252.5,971.25,2223.75
2025-01-16 15:24:00,1252.5,971.25,2223.75
2025-01-16 15:25:00,1252.5,971.25,2223.75
2025-01-16 15:26:00,1252.5,971.25,2223.75
2025-01-16 15:27:00,1252.5,971.25,2223.75
2025-01-16 15:28:00,1252.5,971.25,2223.75
2025-01-16 15:29:00,1252.5,971.25,2223.75
2025-01-16 15:30:00,1252.5,971.25,2223.75
2025-01-23 10:15:00,0.0,0.0,0.0
2025-01-23 10:16:00,-63.75,-41.25,-105.0
2025-01-23 10:17:00,-63.75,7.5,-56.25
2025-01-23 10:18:00,-30.0,-7.5,-37.5
2025-01-23 10:19:00,-45.0,-7.5,-52.5
2025-01-23 10:20:00,11.25,112.5,123.75
2025-01-23 10:21:00,78.75,198.75,277.5
2025-01-23 10:22:00,97.5,225.0,322.5
2025-01-23 10:23:00,112.5,303.75,416.25
2025-01-23 10:24:00,86.25,326.25,412.5
2025-01-23 10:25:00,75.0,243.75,318.75
2025-01-23 10:26:00,41.25,150.0,191.25
2025-01-23 10:27:00,-7.5,150.0,142.5
2025-01-23 10:28:00,-75.0,67.5,-7.5
2025-01-23 10:29:00,-127.5,52.5,-75.0
2025-01-23 10:30:00,-26.25,221.25,195.0
2025-01-23 10:31:00,112.5,210.0,322.5
2025-01-23 10:32:00,150.0,157.5,307.5
2025-01-23 10:33:00,-11.25,315.0,303.75
2025-01-23 10:34:00,142.5,296.25,438.75
2025-01-23 10:35:00,86.25,292.5,378.75
2025-01-23 10:36:00,112.5,236.25,348.75
2025-01-23 10:37:00,108.75,236.25,345.0
2025-01-23 10:38:00,93.75,150.0,243.75
2025-01-23 10:39:00,82.5,112.5,195.0
2025-01-23 10:40:00,228.75,127.5,356.25
2025-01-23 10:41:00,146.25,183.75,330.0
2025-01-23 10:42:00,127.5,135.0,262.5
2025-01-23 10:43:00,168.75,146.25,315.0
2025-01-23 10:44:00,225.0,236.25,461.25
2025-01-23 10:45:00,191.25,292.5,483.75
2025-01-23 10:46:00,217.5,258.75,476.25
2025-01-23 10:47:00,210.0,255.0,465.0
2025-01-23 10:48:00,251.25,255.0,506.25
2025-01-23 10:49:00,247.5,251.25,498.75
2025-01-23 10:50:00,326.25,247.5,573.75
2025-01-23 10:51:00,438.75,67.5,506.25
2025-01-23 10:52:00,495.0,112.5,607.5
2025-01-23 10:53:00,495.0,37.5,532.5
2025-01-23 10:54:00,495.0,101.25,596.25
2025-01-23 10:55:00,495.0,105.0,600.0
2025-01-23 10:56:00,495.0,202.5,697.5
2025-01-23 10:57:00,528.75,210.0,738.75
2025-01-23 10:58:00,506.25,258.75,765.0
2025-01-23 10:59:00,536.25,225.0,761.25
2025-01-23 11:00:00,502.5,251.25,753.75
2025-01-23 11:01:00,528.75,225.0,753.75
2025-01-23 11:02:00,536.25,236.25,772.5
2025-01-23 11:03:00,495.0,251.25,746.25
2025-01-23 11:04:00,506.25,198.75,705.0
2025-01-23 11:05:00,491.25,202.5,693.75
2025-01-23 11:06:00,453.75,228.75,682.5
2025-01-23 11:07:00,480.0,303.75,783.75
2025-01-23 11:08:00,480.0,345.0,825.0
2025-01-23 11:09:00,453.75,468.75,922.5
2025-01-23 11:10:00,382.5,476.25,858.75
2025-01-23 11:11:00,390.0,480.0,870.0
2025-01-23 11:12:00,397.5,476.25,873.75
2025-01-23 11:13:00,378.75,487.5,866.25
2025-01-23 11:14:00,450.0,476.25,926.25
2025-01-23 11:15:00,468.75,465.0,933.75
2025-01-23 11:16:00,472.5,461.25,933.75
2025-01-23 11:17:00,528.75,427.5,956.25
2025-01-23 11:18:00,555.0,423.75,978.75
2025-01-23 11:19:00,536.25,442.5,978.75
2025-01-23 11:20:00,517.5,483.75,1001.25
2025-01-23 11:21:00,551.25,453.75,1005.0
2025-01-23 11:22:00,555.0,465.0,1020.0
2025-01-23 11:23:00,555.0,472.5,1027.5
2025-01-23 11:24:00,532.5,476.25,1008.75
2025-01-23 11:25:00,540.0,476.25,1016.25
2025-01-23 11:26:00,536.25,476.25,1012.5
2025-01-23 11:27:00,562.5,461.25,1023.75
2025-01-23 11:28:00,543.75,491.25,1035.0
2025-01-23 11:29:00,532.5,532.5,1065.0
2025-01-23 11:30:00,513.75,551.25,1065.0
2025-01-23 11:31:00,483.75,607.5,1091.25
2025-01-23 11:32:00,468.75,607.5,1076.25
2025-01-23 11:33:00,532.5,588.75,1121.25
2025-01-23 11:34:00,502.5,611.25,1113.75
2025-01-23 11:35:00,495.0,630.0,1125.0
2025-01-23 11:36:00,487.5,633.75,1121.25
2025-01-23 11:37:00,495.0,652.5,1147.5
2025-01-23 11:38:00,498.75,626.25,1125.0
2025-01-23 11:39:00,498.75,633.75,1132.5
2025-01-23 11:40:00,540.0,611.25,1151.25
2025-01-23 11:41:00,555.0,600.0,1155.0
2025-01-23 11:42:00,596.25,603.75,1200.0
2025-01-23 11:43:00,592.5,615.0,1207.5
2025-01-23 11:44:00,667.5,547.5,1215.0
2025-01-23 11:45:00,667.5,573.75,1241.25
2025-01-23 11:46:00,663.75,600.0,1263.75
2025-01-23 11:47:00,641.25,615.0,1256.25
2025-01-23 11:48:00,645.0,596.25,1241.25
2025-01-23 11:49:00,656.25,577.5,1233.75
2025-01-23 11:50:00,735.0,491.25,1226.25
2025-01-23 11:51:00,712.5,528.75,1241.25
2025-01-23 11:52:00,705.0,532.5,1237.5
2025-01-23 11:53:00,708.75,498.75,1207.5
2025-01-23 11:54:00,701.25,510.0,1211.25
2025-01-23 11:55:00,705.0,517.5,1222.5
2025-01-23 11:56:00,686.25,573.75,1260.0
2025-01-23 11:57:00,667.5,581.25,1248.75
2025-01-23 11:58:00,622.5,592.5,1215.0
2025-01-23 11:59:00,652.5,600.0,1252.5
2025-01-23 12:00:00,645.0,592.5,1237.5
2025-01-23 12:01:00,660.0,607.5,1267.5
2025-01-23 12:02:00,656.25,596.25,1252.5
2025-01-23 12:03:00,652.5,611.25,1263.75
2025-01-23 12:04:00,678.75,600.0,1278.75
2025-01-23 12:05:00,693.75,607.5,1301.25
2025-01-23 12:06:00,671.25,603.75,1275.0
2025-01-23 12:07:00,648.75,630.0,1278.75
2025-01-23 12:08:00,630.0,615.0,1245.0
2025-01-23 12:09:00,645.0,611.25,1256.25
2025-01-23 12:10:00,637.5,618.75,1256.25
2025-01-23 12:11:00,633.75,630.0,1263.75
2025-01-23 12:12:00,573.75,648.75,1222.5
2025-01-23 12:13:00,603.75,645.0,1248.75
2025-01-23 12:14:00,547.5,645.0,1192.5
2025-01-23 12:15:00,547.5,645.0,1192.5
2025-01-23 12:16:00,577.5,622.5,1200.0
2025-01-23 12:17:00,607.5,622.5,1230.0
2025-01-23 12:18:00,573.75,630.0,1203.75
2025-01-23 12:19:00,375.0,641.25,1016.25
2025-01-23 12:20:00,296.25,652.5,948.75
2025-01-23 12:21:00,30.0,678.75,708.75
2025-01-23 12:22:00,157.5,701.25,858.75
2025-01-23 12:23:00,225.0,693.75,918.75
2025-01-23 12:24:00,221.25,697.5,918.75
2025-01-23 12:25:00,187.5,693.75,881.25
2025-01-23 12:26:00,262.5,697.5,960.0
2025-01-23 12:27:00,258.75,705.0,963.75
2025-01-23 12:28:00,195.0,708.75,903.75
2025-01-23 12:29:00,187.5,701.25,888.75
2025-01-23 12:30:00,195.0,701.25,896.25
2025-01-23 12:31:00,78.75,720.0,798.75
2025-01-23 12:32:00,15.0,727.5,742.5
2025-01-23 12:33:00,90.0,761.25,851.25
2025-01-23 12:34:00,22.5,768.75,791.25
2025-01-23 12:35:00,90.0,772.5,862.5
2025-01-23 12:36:00,236.25,765.0,1001.25
2025-01-23 12:37:00,191.25,761.25,952.5
2025-01-23 12:38:00,138.75,776.25,915.0
2025-01-23 12:39:00,165.0,768.75,933.75
2025-01-23 12:40:00,356.25,765.0,1121.25
2025-01-23 12:41:00,330.0,780.0,1110.0
2025-01-23 12:42:00,423.75,768.75,1192.5
2025-01-23 12:43:00,360.0,780.0,1140.0
2025-01-23 12:44:00,502.5,776.25,1278.75
2025-01-23 12:45:00,521.25,776.25,1297.5
2025-01-23 12:46:00,465.0,798.75,1263.75
2025-01-23 12:47:00,487.5,802.5,1290.0
2025-01-23 12:48:00,588.75,791.25,1380.0
2025-01-23 12:49:00,566.25,791.25,1357.5
2025-01-23 12:50:00,562.5,791.25,1353.75
2025-01-23 12:51:00,573.75,780.0,1353.75
2025-01-23 12:52:00,652.5,765.0,1417.5
2025-01-23 12:53:00,690.0,761.25,1451.25
2025-01-23 12:54:00,693.75,761.25,1455.0
2025-01-23 12:55:00,716.25,750.0,1466.25
2025-01-23 12:56:00,671.25,768.75,1440.0
2025-01-23 12:57:00,637.5,780.0,1417.5
2025-01-23 12:58:00,630.0,798.75,1428.75
2025-01-23 12:59:00,652.5,791.25,1443.75
2025-01-23 13:00:00,645.0,795.0,1440.0
2025-01-23 13:01:00,641.25,787.5,1428.75
2025-01-23 13:02:00,637.5,783.75,1421.25
2025-01-23 13:03:00,645.0,783.75,1428.75
2025-01-23 13:04:00,641.25,791.25,1432.5
2025-01-23 13:05:00,626.25,806.25,1432.5
2025-01-23 13:06:00,615.0,802.5,1417.5
2025-01-23 13:07:00,645.0,802.5,1447.5
2025-01-23 13:08:00,675.0,813.75,1488.75
2025-01-23 13:09:00,667.5,806.25,1473.75
2025-01-23 13:10:00,663.75,813.75,1477.5
2025-01-23 13:11:00,675.0,813.75,1488.75
2025-01-23 13:12:00,678.75,810.0,1488.75
2025-01-23 13:13:00,678.75,791.25,1470.0
2025-01-23 13:14:00,671.25,795.0,1466.25
2025-01-23 13:15:00,671.25,798.75,1470.0
2025-01-23 13:16:00,686.25,798.75,1485.0
2025-01-23 13:17:00,686.25,791.25,1477.5
2025-01-23 13:18:00,705.0,783.75,1488.75
2025-01-23 13:19:00,712.5,783.75,1496.25
2025-01-23 13:20:00,738.75,783.75,1522.5
2025-01-23 13:21:00,697.5,810.0,1507.5
2025-01-23 13:22:00,701.25,817.5,1518.75
2025-01-23 13:23:00,693.75,825.0,1518.75
2025-01-23 13:24:00,660.0,832.5,1492.5
2025-01-23 13:25:00,663.75,828.75,1492.5
2025-01-23 13:26:00,656.25,828.75,1485.0
2025-01-23 13:27:00,705.0,806.25,1511.25
2025-01-23 13:28:00,723.75,806.25,1530.0
2025-01-23 13:29:00,716.25,817.5,1533.75
2025-01-23 13:30:00,720.0,825.0,1545.0
2025-01-23 13:31:00,765.0,813.75,1578.75
2025-01-23 13:32:00,783.75,810.0,1593.75
2025-01-23 13:33:00,791.25,806.25,1597.5
2025-01-23 13:34:00,795.0,802.5,1597.5
2025-01-23 13:35:00,795.0,798.75,1593.75
2025-01-23 13:36:00,791.25,806.25,1597.5
2025-01-23 13:37:00,772.5,832.5,1605.0
2025-01-23 13:38:00,750.0,843.75,1593.75
2025-01-23 13:39:00,727.5,847.5,1575.0
2025-01-23 13:40:00,723.75,847.5,1571.25
2025-01-23 13:41:00,723.75,851.25,1575.0
2025-01-23 13:42:00,712.5,855.0,1567.5
2025-01-23 13:43:00,705.0,858.75,1563.75
2025-01-23 13:44:00,697.5,870.0,1567.5
2025-01-23 13:45:00,690.0,870.0,1560.0
2025-01-23 13:46:00,675.0,870.0,1545.0
2025-01-23 13:47:00,675.0,870.0,1545.0
2025-01-23 13:48:00,750.0,873.75,1623.75
2025-01-23 13:49:00,731.25,873.75,1605.0
2025-01-23 13:50:00,723.75,877.5,1601.25
2025-01-23 13:51:00,708.75,877.5,1586.25
2025-01-23 13:52:00,757.5,881.25,1638.75
2025-01-23 13:53:00,750.0,881.25,1631.25
2025-01-23 13:54:00,753.75,877.5,1631.25
2025-01-23 13:55:00,772.5,873.75,1646.25
2025-01-23 13:56:00,832.5,855.0,1687.5
2025-01-23 13:57:00,810.0,862.5,1672.5
2025-01-23 13:58:00,825.0,862.5,1687.5
2025-01-23 13:59:00,817.5,870.0,1687.5
2025-01-23 14:00:00,821.25,888.75,1710.0
2025-01-23 14:01:00,847.5,877.5,1725.0
2025-01-23 14:02:00,870.0,862.5,1732.5
2025-01-23 14:03:00,888.75,866.25,1755.0
2025-01-23 14:04:00,888.75,836.25,1725.0
2025-01-23 14:05:00,888.75,843.75,1732.5
2025-01-23 14:06:00,885.0,851.25,1736.25
2025-01-23 14:07:00,881.25,858.75,1740.0
2025-01-23 14:08:00,888.75,802.5,1691.25
2025-01-23 14:09:00,892.5,836.25,1728.75
2025-01-23 14:10:00,903.75,851.25,1755.0
2025-01-23 14:11:00,900.0,840.0,1740.0
2025-01-23 14:12:00,881.25,862.5,1743.75
2025-01-23 14:13:00,873.75,888.75,1762.5
2025-01-23 14:14:00,881.25,881.25,1762.5
2025-01-23 14:15:00,877.5,877.5,1755.0
2025-01-23 14:16:00,873.75,900.0,1773.75
2025-01-23 14:17:00,877.5,888.75,1766.25
2025-01-23 14:18:00,892.5,877.5,1770.0
2025-01-23 14:19:00,900.0,873.75,1773.75
2025-01-23 14:20:00,896.25,870.0,1766.25
2025-01-23 14:21:00,892.5,892.5,1785.0
2025-01-23 14:22:00,903.75,870.0,1773.75
2025-01-23 14:23:00,922.5,870.0,1792.5
2025-01-23 14:24:00,933.75,877.5,1811.25
2025-01-23 14:25:00,933.75,873.75,1807.5
2025-01-23 14:26:00,933.75,873.75,1807.5
2025-01-23 14:27:00,933.75,877.5,1811.25
2025-01-23 14:28:00,937.5,866.25,1803.75
2025-01-23 14:29:00,941.25,881.25,1822.5
2025-01-23 14:30:00,933.75,896.25,1830.0
2025-01-23 14:31:00,933.75,926.25,1860.0
2025-01-23 14:32:00,941.25,926.25,1867.5
2025-01-23 14:33:00,945.0,930.0,1875.0
2025-01-23 14:34:00,941.25,926.25,1867.5
2025-01-23 14:35:00,930.0,933.75,1863.75
2025-01-23 14:36:00,933.75,941.25,1875.0
2025-01-23 14:37:00,937.5,937.5,1875.0
2025-01-23 14:38:00,933.75,933.75,1867.5
2025-01-23 14:39:00,956.25,933.75,1890.0
2025-01-23 14:40:00,963.75,933.75,1897.5
2025-01-23 14:41:00,971.25,933.75,1905.0
2025-01-23 14:42:00,978.75,933.75,1912.5
2025-01-23 14:43:00,978.75,937.5,1916.25
2025-01-23 14:44:00,978.75,937.5,1916.25
2025-01-23 14:45:00,978.75,930.0,1908.75
2025-01-23 14:46:00,975.0,937.5,1912.5
2025-01-23 14:47:00,978.75,933.75,1912.5
2025-01-23 14:48:00,975.0,933.75,1908.75
2025-01-23 14:49:00,975.0,930.0,1905.0
2025-01-23 14:50:00,978.75,918.75,1897.5
2025-01-23 14:51:00,975.0,915.0,1890.0
2025-01-23 14:52:00,975.0,918.75,1893.75
2025-01-23 14:53:00,978.75,933.75,1912.5
2025-01-23 14:54:00,978.75,930.0,1908.75
2025-01-23 14:55:00,986.25,926.25,1912.5
2025-01-23 14:56:00,993.75,937.5,1931.25
2025-01-23 14:57:00,990.0,945.0,1935.0
2025-01-23 14:58:00,993.75,945.0,1938.75
2025-01-23 14:59:00,993.75,941.25,1935.0
2025-01-23 15:00:00,982.5,945.0,1927.5
2025-01-23 15:01:00,990.0,952.5,1942.5
2025-01-23 15:02:00,993.75,956.25,1950.0
2025-01-23 15:03:00,1001.25,963.75,1965.0
2025-01-23 15:04:00,1005.0,963.75,1968.75
2025-01-23 15:05:00,1005.0,967.5,1972.5
2025-01-23 15:06:00,1001.25,971.25,1972.5
2025-01-23 15:07:00,1001.25,971.25,1972.5
2025-01-23 15:08:00,1008.75,975.0,1983.75
2025-01-23 15:09:00,1005.0,971.25,1976.25
2025-01-23 15:10:00,1012.5,975.0,1987.5
2025-01-23 15:11:00,1008.75,971.25,1980.0
2025-01-23 15:12:00,1012.5,975.0,1987.5
2025-01-23 15:13:00,1012.5,971.25,1983.75
2025-01-23 15:14:00,1012.5,971.25,1983.75
2025-01-23 15:15:00,1008.75,971.25,1980.0
2025-01-23 15:16:00,1012.5,975.0,1987.5
2025-01-23 15:17:00,1008.75,975.0,1983.75
2025-01-23 15:18:00,1012.5,975.0,1987.5
2025-01-23 15:19:00,1012.5,978.75,1991.25
2025-01-23 15:20:00,1016.25,978.75,1995.0
2025-01-23 15:21:00,1016.25,978.75,1995.0
2025-01-23 15:22:00,1016.25,978.75,1995.0
2025-01-23 15:23:00,1016.25,978.75,1995.0
2025-01-23 15:24:00,1016.25,978.75,1995.0
2025-01-23 15:25:00,1016.25,978.75,1995.0
2025-01-23 15:26:00,1016.25,978.75,1995.0
2025-01-23 15:27:00,1016.25,978.75,1995.0
2025-01-23 15:28:00,1016.25,978.75,1995.0
2025-01-23 15:29:00,1016.25,978.75,1995.0
2025-01-23 15:30:00,1016.25,978.75,1995.0
2025-01-30 10:15:00,0.0,0.0,0.0
2025-01-30 10:16:00,-337.5,255.0,-82.5
2025-01-30 10:17:00,-401.25,116.25,-285.0
2025-01-30 10:18:00,-221.25,240.0,18.75
2025-01-30 10:19:00,-150.0,78.75,-71.25
2025-01-30 10:20:00,-277.5,-33.75,-311.25
2025-01-30 10:21:00,-386.25,120.0,-266.25
2025-01-30 10:22:00,-393.75,176.25,-217.5
2025-01-30 10:23:00,-551.25,948.75,397.5
2025-01-30 10:24:00,-450.0,660.0,210.0
2025-01-30 10:25:00,-337.5,656.25,318.75
2025-01-30 10:26:00,-288.75,802.5,513.75
2025-01-30 10:27:00,3.75,693.75,697.5
2025-01-30 10:28:00,-337.5,1128.75,791.25
2025-01-30 10:29:00,-348.75,1305.0,956.25
2025-01-30 10:30:00,-333.75,1518.75,1185.0
2025-01-30 10:31:00,-303.75,1597.5,1293.75
2025-01-30 10:32:00,-105.0,1612.5,1507.5
2025-01-30 10:33:00,-363.75,1335.0,971.25
2025-01-30 10:34:00,-225.0,1462.5,1237.5
2025-01-30 10:35:00,-255.0,1305.0,1050.0
2025-01-30 10:36:00,-232.5,1357.5,1125.0
2025-01-30 10:37:00,-48.75,1346.25,1297.5
2025-01-30 10:38:00,67.5,1391.25,1458.75
2025-01-30 10:39:00,213.75,1477.5,1691.25
2025-01-30 10:40:00,202.5,1320.0,1522.5
2025-01-30 10:41:00,311.25,1383.75,1695.0
2025-01-30 10:42:00,390.0,1417.5,1807.5
2025-01-30 10:43:00,506.25,1605.0,2111.25
2025-01-30 10:44:00,217.5,1995.0,2212.5
2025-01-30 10:45:00,322.5,1837.5,2160.0
2025-01-30 10:46:00,210.0,1878.75,2088.75
2025-01-30 10:47:00,480.0,1807.5,2287.5
2025-01-30 10:48:00,427.5,2051.25,2478.75
2025-01-30 10:49:00,453.75,2036.25,2490.0
2025-01-30 10:50:00,551.25,2051.25,2602.5
2025-01-30 10:51:00,945.0,2047.5,2992.5
2025-01-30 10:52:00,1271.25,1953.75,3225.0
2025-01-30 10:53:00,1305.0,1676.25,2981.25
2025-01-30 10:54:00,1278.75,1777.5,3056.25
2025-01-30 10:55:00,1436.25,1616.25,3052.5
2025-01-30 10:56:00,1481.25,1736.25,3217.5
2025-01-30 10:57:00,1721.25,1350.0,3071.25
2025-01-30 10:58:00,1488.75,1492.5,2981.25
2025-01-30 10:59:00,1601.25,1458.75,3060.0
2025-01-30 11:00:00,1672.5,1593.75,3266.25
2025-01-30 11:01:00,1560.0,1537.5,3097.5
2025-01-30 11:02:00,1428.75,847.5,2276.25
2025-01-30 11:03:00,1522.5,487.5,2010.0
2025-01-30 11:04:00,1481.25,202.5,1683.75
2025-01-30 11:05:00,1320.0,-41.25,1278.75
2025-01-30 11:06:00,1402.5,281.25,1683.75
2025-01-30 11:07:00,1301.25,90.0,1391.25
2025-01-30 11:08:00,1117.5,300.0,1417.5
2025-01-30 11:09:00,1012.5,866.25,1878.75
2025-01-30 11:10:00,870.0,1732.5,2602.5
2025-01-30 11:11:00,892.5,1740.0,2632.5
2025-01-30 11:12:00,847.5,1751.25,2598.75
2025-01-30 11:13:00,742.5,1571.25,2313.75
2025-01-30 11:14:00,408.75,1308.75,1717.5
2025-01-30 11:15:00,476.25,1436.25,1912.5
2025-01-30 11:16:00,255.0,1335.0,1590.0
2025-01-30 11:17:00,-15.0,1380.0,1365.0
2025-01-30 11:18:00,465.0,1117.5,1582.5
2025-01-30 11:19:00,543.75,1065.0,1608.75
2025-01-30 11:20:00,536.25,866.25,1402.5
2025-01-30 11:21:00,450.0,888.75,1338.75
2025-01-30 11:22:00,502.5,761.25,1263.75
2025-01-30 11:23:00,742.5,956.25,1698.75
2025-01-30 11:24:00,592.5,791.25,1383.75
2025-01-30 11:25:00,513.75,765.0,1278.75
2025-01-30 11:26:00,547.5,506.25,1053.75
2025-01-30 11:27:00,495.0,701.25,1196.25
2025-01-30 11:28:00,551.25,798.75,1350.0
2025-01-30 11:29:00,885.0,825.0,1710.0
2025-01-30 11:30:00,1091.25,1308.75,2400.0
2025-01-30 11:31:00,1042.5,963.75,2006.25
2025-01-30 11:32:00,1091.25,1031.25,2122.5
2025-01-30 11:33:00,1230.0,791.25,2021.25
2025-01-30 11:34:00,1155.0,971.25,2126.25
2025-01-30 11:35:00,1342.5,791.25,2133.75
2025-01-30 11:36:00,1342.5,686.25,2028.75
2025-01-30 11:37:00,1143.75,1001.25,2145.0
2025-01-30 11:38:00,1320.0,873.75,2193.75
2025-01-30 11:39:00,1365.0,611.25,1976.25
2025-01-30 11:40:00,1376.25,888.75,2265.0
2025-01-30 11:41:00,1248.75,765.0,2013.75
2025-01-30 11:42:00,1278.75,603.75,1882.5
2025-01-30 11:43:00,993.75,337.5,1331.25
2025-01-30 11:44:00,1196.25,585.0,1781.25
2025-01-30 11:45:00,1241.25,873.75,2115.0
2025-01-30 11:46:00,1425.0,922.5,2347.5
2025-01-30 11:47:00,1241.25,1537.5,2778.75
2025-01-30 11:48:00,986.25,1593.75,2580.0
2025-01-30 11:49:00,997.5,1863.75,2861.25
2025-01-30 11:50:00,678.75,1860.0,2538.75
2025-01-30 11:51:00,671.25,1470.0,2141.25
2025-01-30 11:52:00,558.75,1391.25,1950.0
2025-01-30 11:53:00,360.0,1327.5,1687.5
2025-01-30 11:54:00,427.5,1305.0,1732.5
2025-01-30 11:55:00,442.5,1031.25,1473.75
2025-01-30 11:56:00,266.25,922.5,1188.75
2025-01-30 11:57:00,371.25,993.75,1365.0
2025-01-30 11:58:00,600.0,1023.75,1623.75
2025-01-30 11:59:00,528.75,862.5,1391.25
2025-01-30 12:00:00,498.75,780.0,1278.75
2025-01-30 12:01:00,495.0,750.0,1245.0
2025-01-30 12:02:00,510.0,498.75,1008.75
2025-01-30 12:03:00,491.25,427.5,918.75
2025-01-30 12:04:00,393.75,558.75,952.5
2025-01-30 12:05:00,315.0,498.75,813.75
2025-01-30 12:06:00,375.0,483.75,858.75
2025-01-30 12:07:00,311.25,547.5,858.75
2025-01-30 12:08:00,236.25,517.5,753.75
2025-01-30 12:09:00,412.5,240.0,652.5
2025-01-30 12:10:00,228.75,517.5,746.25
2025-01-30 12:11:00,247.5,382.5,630.0
2025-01-30 12:12:00,0.0,375.0,375.0
2025-01-30 12:13:00,52.5,311.25,363.75
2025-01-30 12:14:00,-127.5,270.0,142.5
2025-01-30 12:15:00,112.5,-697.5,-585.0
2025-01-30 12:16:00,626.25,-352.5,273.75
2025-01-30 12:17:00,322.5,-120.0,202.5
2025-01-30 12:18:00,26.25,30.0,56.25
2025-01-30 12:19:00,213.75,-15.0,198.75
2025-01-30 12:20:00,78.75,-112.5,-33.75
2025-01-30 12:21:00,300.0,738.75,1038.75
2025-01-30 12:22:00,-75.0,401.25,326.25
2025-01-30 12:23:00,-26.25,615.0,588.75
2025-01-30 12:24:00,-172.5,551.25,378.75
2025-01-30 12:25:00,78.75,187.5,266.25
2025-01-30 12:26:00,-202.5,146.25,-56.25
2025-01-30 12:27:00,-480.0,423.75,-56.25
2025-01-30 12:28:00,-277.5,390.0,112.5
2025-01-30 12:29:00,-157.5,435.0,277.5
2025-01-30 12:30:00,146.25,896.25,1042.5
2025-01-30 12:31:00,71.25,761.25,832.5
2025-01-30 12:32:00,206.25,1012.5,1218.75
2025-01-30 12:33:00,375.0,1260.0,1635.0
2025-01-30 12:34:00,120.0,1053.75,1173.75
2025-01-30 12:35:00,187.5,817.5,1005.0
2025-01-30 12:36:00,-213.75,378.75,165.0
2025-01-30 12:37:00,-161.25,795.0,633.75
2025-01-30 12:38:00,-78.75,750.0,671.25
2025-01-30 12:39:00,78.75,825.0,903.75
2025-01-30 12:40:00,255.0,967.5,1222.5
2025-01-30 12:41:00,120.0,915.0,1035.0
2025-01-30 12:42:00,345.0,967.5,1312.5
2025-01-30 12:43:00,300.0,787.5,1087.5
2025-01-30 12:44:00,45.0,468.75,513.75
2025-01-30 12:45:00,543.75,1185.0,1728.75
2025-01-30 12:46:00,1031.25,1571.25,2602.5
2025-01-30 12:47:00,1515.0,1612.5,3127.5
2025-01-30 12:48:00,1552.5,2171.25,3723.75
2025-01-30 12:49:00,1657.5,2493.75,4151.25
2025-01-30 12:50:00,1327.5,2025.0,3352.5
2025-01-30 12:51:00,1357.5,1635.0,2992.5
2025-01-30 12:52:00,1110.0,1282.5,2392.5
2025-01-30 12:53:00,960.0,1417.5,2377.5
2025-01-30 12:54:00,1252.5,1503.75,2756.25
2025-01-30 12:55:00,1477.5,1638.75,3116.25
2025-01-30 12:56:00,1147.5,1406.25,2553.75
2025-01-30 12:57:00,952.5,1473.75,2426.25
2025-01-30 12:58:00,967.5,1515.0,2482.5
2025-01-30 12:59:00,975.0,1413.75,2388.75
2025-01-30 13:00:00,1012.5,1601.25,2613.75
2025-01-30 13:01:00,967.5,1263.75,2231.25
2025-01-30 13:02:00,915.0,1342.5,2257.5
2025-01-30 13:03:00,1016.25,1747.5,2763.75
2025-01-30 13:04:00,1087.5,2122.5,3210.0
2025-01-30 13:05:00,1432.5,2321.25,3753.75
2025-01-30 13:06:00,1485.0,2411.25,3896.25
2025-01-30 13:07:00,1736.25,2617.5,4353.75
2025-01-30 13:08:00,1518.75,2520.0,4038.75
2025-01-30 13:09:00,1421.25,2238.75,3660.0
2025-01-30 13:10:00,1485.0,2411.25,3896.25
2025-01-30 13:11:00,1361.25,2317.5,3678.75
2025-01-30 13:12:00,1492.5,2347.5,3840.0
2025-01-30 13:13:00,1582.5,2576.25,4158.75
2025-01-30 13:14:00,1462.5,2422.5,3885.0
2025-01-30 13:15:00,1935.0,2722.5,4657.5
2025-01-30 13:16:00,1773.75,2677.5,4451.25
2025-01-30 13:17:00,2062.5,2865.0,4927.5
2025-01-30 13:18:00,2025.0,3022.5,5047.5
2025-01-30 13:19:00,2092.5,2846.25,4938.75
2025-01-30 13:20:00,2261.25,3075.0,5336.25
2025-01-30 13:21:00,2111.25,3003.75,5115.0
2025-01-30 13:22:00,2092.5,3090.0,5182.5
2025-01-30 13:23:00,1950.0,2928.75,4878.75
2025-01-30 13:24:00,2111.25,2895.0,5006.25
2025-01-30 13:25:00,2096.25,2711.25,4807.5
2025-01-30 13:26:00,2118.75,2692.5,4811.25
2025-01-30 13:27:00,2197.5,2227.5,4425.0
2025-01-30 13:28:00,2231.25,1942.5,4173.75
2025-01-30 13:29:00,2242.5,2411.25,4653.75
2025-01-30 13:30:00,2250.0,2077.5,4327.5
2025-01-30 13:31:00,2358.75,2276.25,4635.0
2025-01-30 13:32:00,2460.0,2355.0,4815.0
2025-01-30 13:33:00,2471.25,2786.25,5257.5
2025-01-30 13:34:00,2460.0,2520.0,4980.0
2025-01-30 13:35:00,2467.5,2298.75,4766.25
2025-01-30 13:36:00,2516.25,2418.75,4935.0
2025-01-30 13:37:00,2550.0,2613.75,5163.75
2025-01-30 13:38:00,2422.5,2707.5,5130.0
2025-01-30 13:39:00,2381.25,2561.25,4942.5
2025-01-30 13:40:00,2482.5,2628.75,5111.25
2025-01-30 13:41:00,2441.25,2647.5,5088.75
2025-01-30 13:42:00,2508.75,2666.25,5175.0
2025-01-30 13:43:00,2467.5,2778.75,5246.25
2025-01-30 13:44:00,2546.25,2707.5,5253.75
2025-01-30 13:45:00,2655.0,3041.25,5696.25
2025-01-30 13:46:00,2673.75,2876.25,5550.0
2025-01-30 13:47:00,2670.0,2868.75,5538.75
2025-01-30 13:48:00,2685.0,3150.0,5835.0
2025-01-30 13:49:00,2763.75,3161.25,5925.0
2025-01-30 13:50:00,2786.25,3000.0,5786.25
2025-01-30 13:51:00,2752.5,2891.25,5643.75
2025-01-30 13:52:00,2745.0,2898.75,5643.75
2025-01-30 13:53:00,2722.5,2681.25,5403.75
2025-01-30 13:54:00,2760.0,2313.75,5073.75
2025-01-30 13:55:00,2718.75,1998.75,4717.5
2025-01-30 13:56:00,2692.5,1920.0,4612.5
2025-01-30 13:57:00,2640.0,1218.75,3858.75
2025-01-30 13:58:00,2591.25,281.25,2872.5
2025-01-30 13:59:00,2550.0,1050.0,3600.0
2025-01-30 14:00:00,2568.75,918.75,3487.5
2025-01-30 14:01:00,2478.75,1080.0,3558.75
2025-01-30 14:02:00,2460.0,1031.25,3491.25
2025-01-30 14:03:00,2418.75,401.25,2820.0
2025-01-30 14:04:00,2313.75,768.75,3082.5
2025-01-30 14:05:00,2418.75,517.5,2936.25
2025-01-30 14:06:00,2261.25,472.5,2733.75
2025-01-30 14:07:00,2343.75,555.0,2898.75
2025-01-30 14:08:00,2430.0,-2396.25,33.75
2025-01-30 14:09:00,2426.25,390.0,2816.25
2025-01-30 14:10:00,2467.5,206.25,2673.75
2025-01-30 14:11:00,2415.0,270.0,2685.0
2025-01-30 14:12:00,2463.75,330.0,2793.75
2025-01-30 14:13:00,2426.25,480.0,2906.25
2025-01-30 14:14:00,2448.75,217.5,2666.25
2025-01-30 14:15:00,2512.5,-296.25,2216.25
2025-01-30 14:16:00,2595.0,22.5,2617.5
2025-01-30 14:17:00,2520.0,776.25,3296.25
2025-01-30 14:18:00,2542.5,873.75,3416.25
2025-01-30 14:19:00,2542.5,618.75,3161.25
2025-01-30 14:20:00,2535.0,450.0,2985.0
2025-01-30 14:21:00,2613.75,1541.25,4155.0
2025-01-30 14:22:00,2647.5,1132.5,3780.0
2025-01-30 14:23:00,2666.25,1046.25,3712.5
2025-01-30 14:24:00,2666.25,937.5,3603.75
2025-01-30 14:25:00,2692.5,1316.25,4008.75
2025-01-30 14:26:00,2771.25,1200.0,3971.25
2025-01-30 14:27:00,2745.0,1136.25,3881.25
2025-01-30 14:28:00,2782.5,1537.5,4320.0
2025-01-30 14:29:00,2760.0,1091.25,3851.25
2025-01-30 14:30:00,2823.75,1522.5,4346.25
2025-01-30 14:31:00,2865.0,1886.25,4751.25
2025-01-30 14:32:00,2902.5,1852.5,4755.0
2025-01-30 14:33:00,2898.75,1762.5,4661.25
2025-01-30 14:34:00,2925.0,1897.5,4822.5
2025-01-30 14:35:00,2913.75,2145.0,5058.75
2025-01-30 14:36:00,3431.25,1826.25,5257.5
2025-01-30 14:37:00,3022.5,2445.0,5467.5
2025-01-30 14:38:00,2857.5,2160.0,5017.5
2025-01-30 14:39:00,2280.0,2595.0,4875.0
2025-01-30 14:40:00,2662.5,2467.5,5130.0
2025-01-30 14:41:00,1713.75,2250.0,3963.75
2025-01-30 14:42:00,1830.0,2430.0,4260.0
2025-01-30 14:43:00,1912.5,2437.5,4350.0
2025-01-30 14:44:00,1822.5,2801.25,4623.75
2025-01-30 14:45:00,1777.5,3037.5,4815.0
2025-01-30 14:46:00,585.0,3341.25,3926.25
2025-01-30 14:47:00,-236.25,3262.5,3026.25
2025-01-30 14:48:00,1507.5,2722.5,4230.0
2025-01-30 14:49:00,1263.75,2677.5,3941.25
2025-01-30 14:50:00,1721.25,2730.0,4451.25
2025-01-30 14:51:00,1972.5,1451.25,3423.75
2025-01-30 14:52:00,2553.75,1931.25,4485.0
2025-01-30 14:53:00,2317.5,2280.0,4597.5
2025-01-30 14:54:00,2321.25,2298.75,4620.0
2025-01-30 14:55:00,2336.25,2276.25,4612.5
2025-01-30 14:56:00,2846.25,2580.0,5426.25
2025-01-30 14:57:00,3033.75,2988.75,6022.5
2025-01-30 14:58:00,2790.0,3390.0,6180.0
2025-01-30 14:59:00,2148.75,3686.25,5835.0
2025-01-30 15:00:00,978.75,3828.75,4807.5
2025-01-30 15:01:00,112.5,3922.5,4035.0
2025-01-30 15:02:00,-288.75,3960.0,3671.25
2025-01-30 15:03:00,-1005.0,3982.5,2977.5
2025-01-30 15:04:00,-93.75,3960.0,3866.25
2025-01-30 15:05:00,-536.25,4027.5,3491.25
2025-01-30 15:06:00,-997.5,4031.25,3033.75
2025-01-30 15:07:00,-956.25,4031.25,3075.0
2025-01-30 15:08:00,-1695.0,4027.5,2332.5
2025-01-30 15:09:00,-2212.5,4031.25,1818.75
2025-01-30 15:10:00,-2257.5,4027.5,1770.0
2025-01-30 15:11:00,-2182.5,4042.5,1860.0
2025-01-30 15:12:00,-1968.75,4038.75,2070.0
2025-01-30 15:13:00,-2130.0,4042.5,1912.5
2025-01-30 15:14:00,-2201.25,4042.5,1841.25
2025-01-30 15:15:00,-2107.5,4050.0,1942.5
2025-01-30 15:16:00,-1747.5,4046.25,2298.75
2025-01-30 15:17:00,-1976.25,4046.25,2070.0
2025-01-30 15:18:00,-2287.5,4050.0,1762.5
2025-01-30 15:19:00,-2062.5,4053.75,1991.25
2025-01-30 15:20:00,-2201.25,4046.25,1845.0
2025-01-30 15:21:00,-2201.25,4046.25,1845.0
2025-01-30 15:22:00,-2201.25,4046.25,1845.0
2025-01-30 15:23:00,-2201.25,4046.25,1845.0
2025-01-30 15:24:00,-2201.25,4046.25,1845.0
2025-01-30 15:25:00,-2201.25,4046.25,1845.0
2025-01-30 15:26:00,-2201.25,4046.25,1845.0
2025-01-30 15:27:00,-2201.25,4046.25,1845.0
2025-01-30 15:28:00,-2201.25,4046.25,1845.0
2025-01-30 15:29:00,-2201.25,4046.25,1845.0
2025-01-30 15:30:00,-2201.25,4046.25,1845.0
2025-02-06 10:15:00,0.0,0.0,0.0
2025-02-06 10:16:00,-30.0,135.0,105.0
2025-02-06 10:17:00,-97.5,82.5,-15.0
2025-02-06 10:18:00,7.5,262.5,270.0
2025-02-06 10:19:00,-30.0,183.75,153.75
2025-02-06 10:20:00,-93.75,363.75,270.0
2025-02-06 10:21:00,-243.75,487.5,243.75
2025-02-06 10:22:00,-33.75,405.0,371.25
2025-02-06 10:23:00,52.5,472.5,525.0
2025-02-06 10:24:00,-41.25,558.75,517.5
2025-02-06 10:25:00,-322.5,660.0,337.5
2025-02-06 10:26:00,-270.0,637.5,367.5
2025-02-06 10:27:00,-270.0,641.25,371.25
2025-02-06 10:28:00,-108.75,525.0,416.25
2025-02-06 10:29:00,-18.75,495.0,476.25
2025-02-06 10:30:00,-11.25,450.0,438.75
2025-02-06 10:31:00,-22.5,618.75,596.25
2025-02-06 10:32:00,-138.75,723.75,585.0
2025-02-06 10:33:00,123.75,682.5,806.25
2025-02-06 10:34:00,360.0,570.0,930.0
2025-02-06 10:35:00,273.75,671.25,945.0
2025-02-06 10:36:00,228.75,667.5,896.25
2025-02-06 10:37:00,202.5,843.75,1046.25
2025-02-06 10:38:00,206.25,926.25,1132.5
2025-02-06 10:39:00,82.5,1005.0,1087.5
2025-02-06 10:40:00,15.0,986.25,1001.25
2025-02-06 10:41:00,-116.25,1050.0,933.75
2025-02-06 10:42:00,15.0,1005.0,1020.0
2025-02-06 10:43:00,213.75,982.5,1196.25
2025-02-06 10:44:00,138.75,1023.75,1162.5
2025-02-06 10:45:00,303.75,978.75,1282.5
2025-02-06 10:46:00,247.5,982.5,1230.0
2025-02-06 10:47:00,401.25,941.25,1342.5
2025-02-06 10:48:00,521.25,911.25,1432.5
2025-02-06 10:49:00,468.75,832.5,1301.25
2025-02-06 10:50:00,525.0,768.75,1293.75
2025-02-06 10:51:00,427.5,963.75,1391.25
2025-02-06 10:52:00,431.25,1023.75,1455.0
2025-02-06 10:53:00,551.25,948.75,1500.0
2025-02-06 10:54:00,641.25,915.0,1556.25
2025-02-06 10:55:00,663.75,855.0,1518.75
2025-02-06 10:56:00,633.75,851.25,1485.0
2025-02-06 10:57:00,603.75,915.0,1518.75
2025-02-06 10:58:00,596.25,963.75,1560.0
2025-02-06 10:59:00,570.0,978.75,1548.75
2025-02-06 11:00:00,603.75,960.0,1563.75
2025-02-06 11:01:00,566.25,960.0,1526.25
2025-02-06 11:02:00,738.75,888.75,1627.5
2025-02-06 11:03:00,806.25,821.25,1627.5
2025-02-06 11:04:00,735.0,810.0,1545.0
2025-02-06 11:05:00,742.5,821.25,1563.75
2025-02-06 11:06:00,795.0,480.0,1275.0
2025-02-06 11:07:00,772.5,562.5,1335.0
2025-02-06 11:08:00,783.75,615.0,1398.75
2025-02-06 11:09:00,753.75,690.0,1443.75
2025-02-06 11:10:00,768.75,690.0,1458.75
2025-02-06 11:11:00,738.75,690.0,1428.75
2025-02-06 11:12:00,727.5,675.0,1402.5
2025-02-06 11:13:00,832.5,517.5,1350.0
2025-02-06 11:14:00,821.25,660.0,1481.25
2025-02-06 11:15:00,806.25,697.5,1503.75
2025-02-06 11:16:00,907.5,626.25,1533.75
2025-02-06 11:17:00,881.25,558.75,1440.0
2025-02-06 11:18:00,885.0,656.25,1541.25
2025-02-06 11:19:00,975.0,600.0,1575.0
2025-02-06 11:20:00,1020.0,457.5,1477.5
2025-02-06 11:21:00,960.0,525.0,1485.0
2025-02-06 11:22:00,945.0,633.75,1578.75
2025-02-06 11:23:00,941.25,585.0,1526.25
2025-02-06 11:24:00,967.5,506.25,1473.75
2025-02-06 11:25:00,930.0,592.5,1522.5
2025-02-06 11:26:00,877.5,633.75,1511.25
2025-02-06 11:27:00,888.75,510.0,1398.75
2025-02-06 11:28:00,892.5,581.25,1473.75
2025-02-06 11:29:00,873.75,600.0,1473.75
2025-02-06 11:30:00,873.75,611.25,1485.0
2025-02-06 11:31:00,881.25,352.5,1233.75
2025-02-06 11:32:00,836.25,585.0,1421.25
2025-02-06 11:33:00,866.25,540.0,1406.25
2025-02-06 11:34:00,858.75,592.5,1451.25
2025-02-06 11:35:00,843.75,618.75,1462.5
2025-02-06 11:36:00,802.5,723.75,1526.25
2025-02-06 11:37:00,776.25,708.75,1485.0
2025-02-06 11:38:00,795.0,768.75,1563.75
2025-02-06 11:39:00,795.0,802.5,1597.5
2025-02-06 11:40:00,847.5,701.25,1548.75
2025-02-06 11:41:00,828.75,705.0,1533.75
2025-02-06 11:42:00,840.0,641.25,1481.25
2025-02-06 11:43:00,870.0,660.0,1530.0
2025-02-06 11:44:00,855.0,708.75,1563.75
2025-02-06 11:45:00,810.0,817.5,1627.5
2025-02-06 11:46:00,746.25,885.0,1631.25
2025-02-06 11:47:00,705.0,877.5,1582.5
2025-02-06 11:48:00,768.75,885.0,1653.75
2025-02-06 11:49:00,705.0,952.5,1657.5
2025-02-06 11:50:00,828.75,858.75,1687.5
2025-02-06 11:51:00,783.75,885.0,1668.75
2025-02-06 11:52:00,881.25,840.0,1721.25
2025-02-06 11:53:00,911.25,813.75,1725.0
2025-02-06 11:54:00,945.0,735.0,1680.0
2025-02-06 11:55:00,941.25,693.75,1635.0
2025-02-06 11:56:00,926.25,660.0,1586.25
2025-02-06 11:57:00,922.5,712.5,1635.0
2025-02-06 11:58:00,941.25,690.0,1631.25
2025-02-06 11:59:00,918.75,761.25,1680.0
2025-02-06 12:00:00,918.75,795.0,1713.75
2025-02-06 12:01:00,896.25,952.5,1848.75
2025-02-06 12:02:00,892.5,885.0,1777.5
2025-02-06 12:03:00,896.25,903.75,1800.0
2025-02-06 12:04:00,937.5,877.5,1815.0
2025-02-06 12:05:00,963.75,907.5,1871.25
2025-02-06 12:06:00,888.75,952.5,1841.25
2025-02-06 12:07:00,896.25,948.75,1845.0
2025-02-06 12:08:00,888.75,993.75,1882.5
2025-02-06 12:09:00,881.25,1012.5,1893.75
2025-02-06 12:10:00,892.5,986.25,1878.75
2025-02-06 12:11:00,873.75,1038.75,1912.5
2025-02-06 12:12:00,870.0,1035.0,1905.0
2025-02-06 12:13:00,836.25,1098.75,1935.0
2025-02-06 12:14:00,877.5,1091.25,1968.75
2025-02-06 12:15:00,873.75,1068.75,1942.5
2025-02-06 12:16:00,832.5,1106.25,1938.75
2025-02-06 12:17:00,832.5,1113.75,1946.25
2025-02-06 12:18:00,903.75,1110.0,2013.75
2025-02-06 12:19:00,948.75,1061.25,2010.0
2025-02-06 12:20:00,971.25,1035.0,2006.25
2025-02-06 12:21:00,960.0,1053.75,2013.75
2025-02-06 12:22:00,1005.0,1023.75,2028.75
2025-02-06 12:23:00,945.0,1132.5,2077.5
2025-02-06 12:24:00,915.0,1113.75,2028.75
2025-02-06 12:25:00,892.5,1181.25,2073.75
2025-02-06 12:26:00,896.25,1147.5,2043.75
2025-02-06 12:27:00,967.5,1147.5,2115.0
2025-02-06 12:28:00,963.75,1192.5,2156.25
2025-02-06 12:29:00,971.25,1203.75,2175.0
2025-02-06 12:30:00,1020.0,1192.5,2212.5
2025-02-06 12:31:00,1065.0,1151.25,2216.25
2025-02-06 12:32:00,1132.5,1113.75,2246.25
2025-02-06 12:33:00,1117.5,1121.25,2238.75
2025-02-06 12:34:00,1125.0,1140.0,2265.0
2025-02-06 12:35:00,1143.75,1128.75,2272.5
2025-02-06 12:36:00,1166.25,1076.25,2242.5
2025-02-06 12:37:00,1166.25,1106.25,2272.5
2025-02-06 12:38:00,1166.25,1095.0,2261.25
2025-02-06 12:39:00,1162.5,1173.75,2336.25
2025-02-06 12:40:00,1151.25,1252.5,2403.75
2025-02-06 12:41:00,1132.5,1245.0,2377.5
2025-02-06 12:42:00,1128.75,1290.0,2418.75
2025-02-06 12:43:00,1121.25,1278.75,2400.0
2025-02-06 12:44:00,1162.5,1241.25,2403.75
2025-02-06 12:45:00,1158.75,1233.75,2392.5
2025-02-06 12:46:00,1170.0,1230.0,2400.0
2025-02-06 12:47:00,1173.75,1241.25,2415.0
2025-02-06 12:48:00,1170.0,1181.25,2351.25
2025-02-06 12:49:00,1162.5,1218.75,2381.25
2025-02-06 12:50:00,1188.75,1136.25,2325.0
2025-02-06 12:51:00,1192.5,1091.25,2283.75
2025-02-06 12:52:00,1245.0,888.75,2133.75
2025-02-06 12:53:00,1263.75,1027.5,2291.25
2025-02-06 12:54:00,1263.75,1001.25,2265.0
2025-02-06 12:55:00,1267.5,971.25,2238.75
2025-02-06 12:56:00,1282.5,1068.75,2351.25
2025-02-06 12:57:00,1267.5,1068.75,2336.25
2025-02-06 12:58:00,1275.0,1001.25,2276.25
2025-02-06 12:59:00,1293.75,795.0,2088.75
2025-02-06 13:00:00,1297.5,967.5,2265.0
2025-02-06 13:01:00,1290.0,993.75,2283.75
2025-02-06 13:02:00,1293.75,1005.0,2298.75
2025-02-06 13:03:00,1297.5,937.5,2235.0
2025-02-06 13:04:00,1297.5,963.75,2261.25
2025-02-06 13:05:00,1305.0,967.5,2272.5
2025-02-06 13:06:00,1282.5,1023.75,2306.25
2025-02-06 13:07:00,1282.5,1023.75,2306.25
2025-02-06 13:08:00,1271.25,1068.75,2340.0
2025-02-06 13:09:00,1271.25,1035.0,2306.25
2025-02-06 13:10:00,1275.0,1016.25,2291.25
2025-02-06 13:11:00,1263.75,1020.0,2283.75
2025-02-06 13:12:00,1275.0,963.75,2238.75
2025-02-06 13:13:00,1267.5,1042.5,2310.0
2025-02-06 13:14:00,1275.0,975.0,2250.0
2025-02-06 13:15:00,1263.75,1031.25,2295.0
2025-02-06 13:16:00,1271.25,990.0,2261.25
2025-02-06 13:17:00,1275.0,1046.25,2321.25
2025-02-06 13:18:00,1282.5,1001.25,2283.75
2025-02-06 13:19:00,1271.25,1065.0,2336.25
2025-02-06 13:20:00,1260.0,1136.25,2396.25
2025-02-06 13:21:00,1263.75,1151.25,2415.0
2025-02-06 13:22:00,1278.75,1158.75,2437.5
2025-02-06 13:23:00,1278.75,1192.5,2471.25
2025-02-06 13:24:00,1252.5,1260.0,2512.5
2025-02-06 13:25:00,1241.25,1263.75,2505.0
2025-02-06 13:26:00,1256.25,1230.0,2486.25
2025-02-06 13:27:00,1252.5,1252.5,2505.0
2025-02-06 13:28:00,1237.5,1305.0,2542.5
2025-02-06 13:29:00,1241.25,1308.75,2550.0
2025-02-06 13:30:00,1282.5,1256.25,2538.75
2025-02-06 13:31:00,1338.75,1207.5,2546.25
2025-02-06 13:32:00,1316.25,1215.0,2531.25
2025-02-06 13:33:00,1316.25,1218.75,2535.0
2025-02-06 13:34:00,1305.0,1215.0,2520.0
2025-02-06 13:35:00,1293.75,1252.5,2546.25
2025-02-06 13:36:00,1290.0,1226.25,2516.25
2025-02-06 13:37:00,1320.0,1166.25,2486.25
2025-02-06 13:38:00,1323.75,1211.25,2535.0
2025-02-06 13:39:00,1346.25,1158.75,2505.0
2025-02-06 13:40:00,1353.75,1218.75,2572.5
2025-02-06 13:41:00,1338.75,1207.5,2546.25
2025-02-06 13:42:00,1346.25,1192.5,2538.75
2025-02-06 13:43:00,1353.75,1128.75,2482.5
2025-02-06 13:44:00,1372.5,1128.75,2501.25
2025-02-06 13:45:00,1361.25,1200.0,2561.25
2025-02-06 13:46:00,1372.5,1140.0,2512.5
2025-02-06 13:47:00,1383.75,945.0,2328.75
2025-02-06 13:48:00,1406.25,1042.5,2448.75
2025-02-06 13:49:00,1402.5,1053.75,2456.25
2025-02-06 13:50:00,1398.75,986.25,2385.0
2025-02-06 13:51:00,1398.75,840.0,2238.75
2025-02-06 13:52:00,1383.75,851.25,2235.0
2025-02-06 13:53:00,1410.0,870.0,2280.0
2025-02-06 13:54:00,1421.25,896.25,2317.5
2025-02-06 13:55:00,1413.75,975.0,2388.75
2025-02-06 13:56:00,1417.5,990.0,2407.5
2025-02-06 13:57:00,1391.25,1136.25,2527.5
2025-02-06 13:58:00,1368.75,1162.5,2531.25
2025-02-06 13:59:00,1376.25,1155.0,2531.25
2025-02-06 14:00:00,1387.5,1140.0,2527.5
2025-02-06 14:01:00,1338.75,1207.5,2546.25
2025-02-06 14:02:00,1335.0,1271.25,2606.25
2025-02-06 14:03:00,1331.25,1241.25,2572.5
2025-02-06 14:04:00,1342.5,1260.0,2602.5
2025-02-06 14:05:00,1335.0,1252.5,2587.5
2025-02-06 14:06:00,1380.0,1200.0,2580.0
2025-02-06 14:07:00,1365.0,1192.5,2557.5
2025-02-06 14:08:00,1395.0,1177.5,2572.5
2025-02-06 14:09:00,1406.25,1196.25,2602.5
2025-02-06 14:10:00,1413.75,1166.25,2580.0
2025-02-06 14:11:00,1410.0,1170.0,2580.0
2025-02-06 14:12:00,1421.25,1177.5,2598.75
2025-02-06 14:13:00,1428.75,1147.5,2576.25
2025-02-06 14:14:00,1425.0,1110.0,2535.0
2025-02-06 14:15:00,1428.75,1106.25,2535.0
2025-02-06 14:16:00,1432.5,1233.75,2666.25
2025-02-06 14:17:00,1428.75,1192.5,2621.25
2025-02-06 14:18:00,1440.0,1140.0,2580.0
2025-02-06 14:19:00,1432.5,1076.25,2508.75
2025-02-06 14:20:00,1436.25,1106.25,2542.5
2025-02-06 14:21:00,1421.25,1252.5,2673.75
2025-02-06 14:22:00,1425.0,1196.25,2621.25
2025-02-06 14:23:00,1432.5,1188.75,2621.25
2025-02-06 14:24:00,1440.0,1147.5,2587.5
2025-02-06 14:25:00,1440.0,1121.25,2561.25
2025-02-06 14:26:00,1443.75,1132.5,2576.25
2025-02-06 14:27:00,1440.0,1170.0,2610.0
2025-02-06 14:28:00,1432.5,1196.25,2628.75
2025-02-06 14:29:00,1443.75,1200.0,2643.75
2025-02-06 14:30:00,1447.5,1177.5,2625.0
2025-02-06 14:31:00,1481.25,1177.5,2658.75
2025-02-06 14:32:00,1492.5,851.25,2343.75
2025-02-06 14:33:00,1496.25,1121.25,2617.5
2025-02-06 14:34:00,1496.25,1121.25,2617.5
2025-02-06 14:35:00,1492.5,1215.0,2707.5
2025-02-06 14:36:00,1492.5,1282.5,2775.0
2025-02-06 14:37:00,1485.0,1293.75,2778.75
2025-02-06 14:38:00,1492.5,1353.75,2846.25
2025-02-06 14:39:00,1488.75,1406.25,2895.0
2025-02-06 14:40:00,1488.75,1395.0,2883.75
2025-02-06 14:41:00,1485.0,1421.25,2906.25
2025-02-06 14:42:00,1473.75,1466.25,2940.0
2025-02-06 14:43:00,1477.5,1440.0,2917.5
2025-02-06 14:44:00,1477.5,1425.0,2902.5
2025-02-06 14:45:00,1488.75,1406.25,2895.0
2025-02-06 14:46:00,1503.75,1380.0,2883.75
2025-02-06 14:47:00,1496.25,1447.5,2943.75
2025-02-06 14:48:00,1500.0,1413.75,2913.75
2025-02-06 14:49:00,1507.5,1383.75,2891.25
2025-02-06 14:50:00,1511.25,1402.5,2913.75
2025-02-06 14:51:00,1518.75,1380.0,2898.75
2025-02-06 14:52:00,1522.5,1398.75,2921.25
2025-02-06 14:53:00,1526.25,1406.25,2932.5
2025-02-06 14:54:00,1522.5,1406.25,2928.75
2025-02-06 14:55:00,1526.25,1410.0,2936.25
2025-02-06 14:56:00,1530.0,1481.25,3011.25
2025-02-06 14:57:00,1522.5,1515.0,3037.5
2025-02-06 14:58:00,1518.75,1511.25,3030.0
2025-02-06 14:59:00,1526.25,1548.75,3075.0
2025-02-06 15:00:00,1526.25,1586.25,3112.5
2025-02-06 15:01:00,1526.25,1593.75,3120.0
2025-02-06 15:02:00,1526.25,1612.5,3138.75
2025-02-06 15:03:00,1530.0,1620.0,3150.0
2025-02-06 15:04:00,1530.0,1620.0,3150.0
2025-02-06 15:05:00,1530.0,1623.75,3153.75
2025-02-06 15:06:00,1533.75,1616.25,3150.0
2025-02-06 15:07:00,1533.75,1616.25,3150.0
2025-02-06 15:08:00,1533.75,1616.25,3150.0
2025-02-06 15:09:00,1537.5,1620.0,3157.5
2025-02-06 15:10:00,1541.25,1620.0,3161.25
2025-02-06 15:11:00,1537.5,1627.5,3165.0
2025-02-06 15:12:00,1541.25,1631.25,3172.5
2025-02-06 15:13:00,1537.5,1631.25,3168.75
2025-02-06 15:14:00,1545.0,1627.5,3172.5
2025-02-06 15:15:00,1545.0,1627.5,3172.5
2025-02-06 15:16:00,1541.25,1627.5,3168.75
2025-02-06 15:17:00,1545.0,1627.5,3172.5
2025-02-06 15:18:00,1541.25,1627.5,3168.75
2025-02-06 15:19:00,1541.25,1631.25,3172.5
2025-02-06 15:20:00,1541.25,1627.5,3168.75
2025-02-06 15:21:00,1541.25,1627.5,3168.75
2025-02-06 15:22:00,1541.25,1627.5,3168.75
2025-02-06 15:23:00,1541.25,1627.5,3168.75
2025-02-06 15:24:00,1541.25,1627.5,3168.75
2025-02-06 15:25:00,1541.25,1627.5,3168.75
2025-02-06 15:26:00,1541.25,1627.5,3168.75
2025-02-06 15:27:00,1541.25,1627.5,3168.75
2025-02-06 15:28:00,1541.25,1627.5,3168.75
2025-02-06 15:29:00,1541.25,1627.5,3168.75
2025-02-06 15:30:00,1541.25,1627.5,3168.75
2025-02-13 10:15:00,0.0,0.0,0.0
2025-02-13 10:16:00,-161.25,382.5,221.25
2025-02-13 10:17:00,-153.75,495.0,341.25
2025-02-13 10:18:00,78.75,611.25,690.0
2025-02-13 10:19:00,198.75,468.75,667.5
2025-02-13 10:20:00,303.75,536.25,840.0
2025-02-13 10:21:00,412.5,135.0,547.5
2025-02-13 10:22:00,768.75,-255.0,513.75
2025-02-13 10:23:00,660.0,37.5,697.5
2025-02-13 10:24:00,333.75,150.0,483.75
2025-02-13 10:25:00,671.25,-33.75,637.5
2025-02-13 10:26:00,675.0,97.5,772.5
2025-02-13 10:27:00,881.25,-161.25,720.0
2025-02-13 10:28:00,933.75,-131.25,802.5
2025-02-13 10:29:00,1143.75,-330.0,813.75
2025-02-13 10:30:00,945.0,-180.0,765.0
2025-02-13 10:31:00,911.25,273.75,1185.0
2025-02-13 10:32:00,768.75,348.75,1117.5
2025-02-13 10:33:00,787.5,360.0,1147.5
2025-02-13 10:34:00,581.25,791.25,1372.5
2025-02-13 10:35:00,705.0,780.0,1485.0
2025-02-13 10:36:00,780.0,862.5,1642.5
2025-02-13 10:37:00,663.75,933.75,1597.5
2025-02-13 10:38:00,630.0,1245.0,1875.0
2025-02-13 10:39:00,-37.5,1256.25,1218.75
2025-02-13 10:40:00,112.5,1338.75,1451.25
2025-02-13 10:41:00,30.0,1413.75,1443.75
2025-02-13 10:42:00,195.0,1402.5,1597.5
2025-02-13 10:43:00,202.5,1398.75,1601.25
2025-02-13 10:44:00,285.0,1398.75,1683.75
2025-02-13 10:45:00,603.75,1275.0,1878.75
2025-02-13 10:46:00,461.25,1357.5,1818.75
2025-02-13 10:47:00,652.5,1200.0,1852.5
2025-02-13 10:48:00,840.0,1147.5,1987.5
2025-02-13 10:49:00,780.0,1207.5,1987.5
2025-02-13 10:50:00,750.0,1233.75,1983.75
2025-02-13 10:51:00,948.75,1106.25,2055.0
2025-02-13 10:52:00,798.75,1301.25,2100.0
2025-02-13 10:53:00,821.25,1301.25,2122.5
2025-02-13 10:54:00,866.25,1376.25,2242.5
2025-02-13 10:55:00,832.5,1417.5,2250.0
2025-02-13 10:56:00,1076.25,1342.5,2418.75
2025-02-13 10:57:00,1256.25,1263.75,2520.0
2025-02-13 10:58:00,1413.75,1117.5,2531.25
2025-02-13 10:59:00,1346.25,1245.0,2591.25
2025-02-13 11:00:00,1575.0,1335.0,2910.0
2025-02-13 11:01:00,1297.5,1706.25,3003.75
2025-02-13 11:02:00,1335.0,1661.25,2996.25
2025-02-13 11:03:00,1526.25,1428.75,2955.0
2025-02-13 11:04:00,1563.75,1541.25,3105.0
2025-02-13 11:05:00,1672.5,1417.5,3090.0
2025-02-13 11:06:00,1706.25,1290.0,2996.25
2025-02-13 11:07:00,1665.0,1260.0,2925.0
2025-02-13 11:08:00,1537.5,1578.75,3116.25
2025-02-13 11:09:00,1777.5,1245.0,3022.5
2025-02-13 11:10:00,1815.0,1211.25,3026.25
2025-02-13 11:11:00,1826.25,1042.5,2868.75
2025-02-13 11:12:00,1743.75,1046.25,2790.0
2025-02-13 11:13:00,1665.0,1177.5,2842.5
2025-02-13 11:14:00,1500.0,1440.0,2940.0
2025-02-13 11:15:00,1492.5,1526.25,3018.75
2025-02-13 11:16:00,1507.5,1623.75,3131.25
2025-02-13 11:17:00,1578.75,1582.5,3161.25
2025-02-13 11:18:00,1473.75,1721.25,3195.0
2025-02-13 11:19:00,1462.5,1811.25,3273.75
2025-02-13 11:20:00,1372.5,1788.75,3161.25
2025-02-13 11:21:00,1387.5,1740.0,3127.5
2025-02-13 11:22:00,1342.5,1743.75,3086.25
2025-02-13 11:23:00,1342.5,1758.75,3101.25
2025-02-13 11:24:00,1395.0,1856.25,3251.25
2025-02-13 11:25:00,1410.0,1871.25,3281.25
2025-02-13 11:26:00,1556.25,1800.0,3356.25
2025-02-13 11:27:00,1263.75,1935.0,3198.75
2025-02-13 11:28:00,1372.5,1983.75,3356.25
2025-02-13 11:29:00,1248.75,2017.5,3266.25
2025-02-13 11:30:00,1196.25,1972.5,3168.75
2025-02-13 11:31:00,870.0,1980.0,2850.0
2025-02-13 11:32:00,982.5,2047.5,3030.0
2025-02-13 11:33:00,1053.75,2006.25,3060.0
2025-02-13 11:34:00,1181.25,1946.25,3127.5
2025-02-13 11:35:00,982.5,1965.0,2947.5
2025-02-13 11:36:00,997.5,2013.75,3011.25
2025-02-13 11:37:00,1128.75,1950.0,3078.75
2025-02-13 11:38:00,810.0,1938.75,2748.75
2025-02-13 11:39:00,1001.25,1886.25,2887.5
2025-02-13 11:40:00,978.75,1871.25,2850.0
2025-02-13 11:41:00,795.0,1905.0,2700.0
2025-02-13 11:42:00,952.5,1826.25,2778.75
2025-02-13 11:43:00,731.25,1792.5,2523.75
2025-02-13 11:44:00,536.25,1878.75,2415.0
2025-02-13 11:45:00,-266.25,1961.25,1695.0
2025-02-13 11:46:00,195.0,1916.25,2111.25
2025-02-13 11:47:00,82.5,2006.25,2088.75
2025-02-13 11:48:00,48.75,1965.0,2013.75
2025-02-13 11:49:00,7.5,1976.25,1983.75
2025-02-13 11:50:00,-22.5,1987.5,1965.0
2025-02-13 11:51:00,-315.0,2066.25,1751.25
2025-02-13 11:52:00,-450.0,2126.25,1676.25
2025-02-13 11:53:00,-30.0,2085.0,2055.0
2025-02-13 11:54:00,93.75,2085.0,2178.75
2025-02-13 11:55:00,146.25,2103.75,2250.0
2025-02-13 11:56:00,183.75,2081.25,2265.0
2025-02-13 11:57:00,157.5,2077.5,2235.0
2025-02-13 11:58:00,142.5,2062.5,2205.0
2025-02-13 11:59:00,22.5,2013.75,2036.25
2025-02-13 12:00:00,123.75,2028.75,2152.5
2025-02-13 12:01:00,-15.0,2073.75,2058.75
2025-02-13 12:02:00,258.75,2028.75,2287.5
2025-02-13 12:03:00,168.75,2081.25,2250.0
2025-02-13 12:04:00,150.0,2171.25,2321.25
2025-02-13 12:05:00,307.5,2126.25,2433.75
2025-02-13 12:06:00,727.5,2006.25,2733.75
2025-02-13 12:07:00,573.75,2141.25,2715.0
2025-02-13 12:08:00,690.0,2111.25,2801.25
2025-02-13 12:09:00,798.75,2111.25,2910.0
2025-02-13 12:10:00,967.5,2017.5,2985.0
2025-02-13 12:11:00,813.75,2058.75,2872.5
2025-02-13 12:12:00,945.0,1991.25,2936.25
2025-02-13 12:13:00,1263.75,1882.5,3146.25
2025-02-13 12:14:00,1275.0,1713.75,2988.75
2025-02-13 12:15:00,1113.75,1875.0,2988.75
2025-02-13 12:16:00,1128.75,1912.5,3041.25
2025-02-13 12:17:00,1290.0,1901.25,3191.25
2025-02-13 12:18:00,1162.5,2021.25,3183.75
2025-02-13 12:19:00,1117.5,2118.75,3236.25
2025-02-13 12:20:00,1095.0,2122.5,3217.5
2025-02-13 12:21:00,1361.25,2043.75,3405.0
2025-02-13 12:22:00,1488.75,1860.0,3348.75
2025-02-13 12:23:00,1481.25,1897.5,3378.75
2025-02-13 12:24:00,1473.75,1935.0,3408.75
2025-02-13 12:25:00,1462.5,1965.0,3427.5
2025-02-13 12:26:00,1365.0,2043.75,3408.75
2025-02-13 12:27:00,1488.75,1980.0,3468.75
2025-02-13 12:28:00,1481.25,2040.0,3521.25
2025-02-13 12:29:00,1361.25,2092.5,3453.75
2025-02-13 12:30:00,1425.0,2092.5,3517.5
2025-02-13 12:31:00,1447.5,2145.0,3592.5
2025-02-13 12:32:00,1263.75,2261.25,3525.0
2025-02-13 12:33:00,1402.5,2197.5,3600.0
2025-02-13 12:34:00,1342.5,2272.5,3615.0
2025-02-13 12:35:00,1383.75,2321.25,3705.0
2025-02-13 12:36:00,1740.0,2283.75,4023.75
2025-02-13 12:37:00,1860.0,2171.25,4031.25
2025-02-13 12:38:00,1893.75,2238.75,4132.5
2025-02-13 12:39:00,1822.5,2317.5,4140.0
2025-02-13 12:40:00,1938.75,2280.0,4218.75
2025-02-13 12:41:00,1920.0,2253.75,4173.75
2025-02-13 12:42:00,2043.75,2013.75,4057.5
2025-02-13 12:43:00,1987.5,2156.25,4143.75
2025-02-13 12:44:00,1901.25,2265.0,4166.25
2025-02-13 12:45:00,1886.25,2302.5,4188.75
2025-02-13 12:46:00,1897.5,2340.0,4237.5
2025-02-13 12:47:00,1848.75,2381.25,4230.0
2025-02-13 12:48:00,1848.75,2392.5,4241.25
2025-02-13 12:49:00,1875.0,2385.0,4260.0
2025-02-13 12:50:00,1897.5,2355.0,4252.5
2025-02-13 12:51:00,2002.5,2351.25,4353.75
2025-02-13 12:52:00,2025.0,2272.5,4297.5
2025-02-13 12:53:00,1983.75,2306.25,4290.0
2025-02-13 12:54:00,1946.25,2317.5,4263.75
2025-02-13 12:55:00,1920.0,2336.25,4256.25
2025-02-13 12:56:00,1916.25,2362.5,4278.75
2025-02-13 12:57:00,1905.0,2355.0,4260.0
2025-02-13 12:58:00,2013.75,2328.75,4342.5
2025-02-13 12:59:00,2032.5,2343.75,4376.25
2025-02-13 13:00:00,1968.75,2493.75,4462.5
2025-02-13 13:01:00,1935.0,2497.5,4432.5
2025-02-13 13:02:00,1991.25,2490.0,4481.25
2025-02-13 13:03:00,2178.75,2433.75,4612.5
2025-02-13 13:04:00,2145.0,2452.5,4597.5
2025-02-13 13:05:00,2190.0,2475.0,4665.0
2025-02-13 13:06:00,2197.5,2418.75,4616.25
2025-02-13 13:07:00,2156.25,2445.0,4601.25
2025-02-13 13:08:00,2201.25,2445.0,4646.25
2025-02-13 13:09:00,2201.25,2460.0,4661.25
2025-02-13 13:10:00,2238.75,2437.5,4676.25
2025-02-13 13:11:00,2216.25,2355.0,4571.25
2025-02-13 13:12:00,2220.0,2396.25,4616.25
2025-02-13 13:13:00,2201.25,2381.25,4582.5
2025-02-13 13:14:00,2242.5,2246.25,4488.75
2025-02-13 13:15:00,2223.75,1488.75,3712.5
2025-02-13 13:16:00,2257.5,1867.5,4125.0
2025-02-13 13:17:00,2347.5,1863.75,4211.25
2025-02-13 13:18:00,2347.5,1912.5,4260.0
2025-02-13 13:19:00,2302.5,1908.75,4211.25
2025-02-13 13:20:00,2298.75,2077.5,4376.25
2025-02-13 13:21:00,2246.25,2238.75,4485.0
2025-02-13 13:22:00,2298.75,2111.25,4410.0
2025-02-13 13:23:00,2280.0,2268.75,4548.75
2025-02-13 13:24:00,2332.5,2148.75,4481.25
2025-02-13 13:25:00,2396.25,1942.5,4338.75
2025-02-13 13:26:00,2370.0,1972.5,4342.5
2025-02-13 13:27:00,2336.25,1410.0,3746.25
2025-02-13 13:28:00,2328.75,1728.75,4057.5
2025-02-13 13:29:00,2343.75,1657.5,4001.25
2025-02-13 13:30:00,2377.5,1747.5,4125.0
2025-02-13 13:31:00,2347.5,1668.75,4016.25
2025-02-13 13:32:00,2388.75,1758.75,4147.5
2025-02-13 13:33:00,2403.75,1117.5,3521.25
2025-02-13 13:34:00,2392.5,810.0,3202.5
2025-02-13 13:35:00,2418.75,228.75,2647.5
2025-02-13 13:36:00,2418.75,-1035.0,1383.75
2025-02-13 13:37:00,2463.75,-603.75,1860.0
2025-02-13 13:38:00,2460.0,-487.5,1972.5
2025-02-13 13:39:00,2471.25,-540.0,1931.25
2025-02-13 13:40:00,2490.0,-990.0,1500.0
2025-02-13 13:41:00,2805.0,-1395.0,1410.0
2025-02-13 13:42:00,3022.5,-2010.0,1012.5
2025-02-13 13:43:00,2846.25,-1522.5,1323.75
2025-02-13 13:44:00,2441.25,-483.75,1957.5
2025-02-13 13:45:00,2535.0,-663.75,1871.25
2025-02-13 13:46:00,2508.75,-941.25,1567.5
2025-02-13 13:47:00,2696.25,-963.75,1732.5
2025-02-13 13:48:00,2820.0,-1751.25,1068.75
2025-02-13 13:49:00,2673.75,-1282.5,1391.25
2025-02-13 13:50:00,2797.5,-1875.0,922.5
2025-02-13 13:51:00,2707.5,-1661.25,1046.25
2025-02-13 13:52:00,2703.75,-1162.5,1541.25
2025-02-13 13:53:00,2553.75,-997.5,1556.25
2025-02-13 13:54:00,3067.5,-1867.5,1200.0
2025-02-13 13:55:00,3003.75,-1698.75,1305.0
2025-02-13 13:56:00,2921.25,-1691.25,1230.0
2025-02-13 13:57:00,2606.25,-802.5,1803.75
2025-02-13 13:58:00,2583.75,-303.75,2280.0
2025-02-13 13:59:00,2482.5,-206.25,2276.25
2025-02-13 14:00:00,3007.5,-840.0,2167.5
2025-02-13 14:01:00,2625.0,-142.5,2482.5
2025-02-13 14:02:00,2745.0,161.25,2906.25
2025-02-13 14:03:00,2898.75,142.5,3041.25
2025-02-13 14:04:00,2880.0,588.75,3468.75
2025-02-13 14:05:00,2820.0,720.0,3540.0
2025-02-13 14:06:00,2902.5,678.75,3581.25
2025-02-13 14:07:00,3037.5,300.0,3337.5
2025-02-13 14:08:00,3641.25,-873.75,2767.5
2025-02-13 14:09:00,3866.25,-1541.25,2325.0
2025-02-13 14:10:00,3922.5,-2407.5,1515.0
2025-02-13 14:11:00,3802.5,-1623.75,2178.75
2025-02-13 14:12:00,3731.25,-1526.25,2205.0
2025-02-13 14:13:00,3873.75,-1616.25,2257.5
2025-02-13 14:14:00,3843.75,-1676.25,2167.5
2025-02-13 14:15:00,3705.0,-873.75,2831.25
2025-02-13 14:16:00,3903.75,-1458.75,2445.0
2025-02-13 14:17:00,3847.5,-1522.5,2325.0
2025-02-13 14:18:00,3847.5,-1203.75,2643.75
2025-02-13 14:19:00,3472.5,3.75,3476.25
2025-02-13 14:20:00,4301.25,-1181.25,3120.0
2025-02-13 14:21:00,4140.0,-371.25,3768.75
2025-02-13 14:22:00,4365.0,-1170.0,3195.0
2025-02-13 14:23:00,4443.75,-1275.0,3168.75
2025-02-13 14:24:00,4477.5,-1113.75,3363.75
2025-02-13 14:25:00,4522.5,-1005.0,3517.5
2025-02-13 14:26:00,4545.0,-1203.75,3341.25
2025-02-13 14:27:00,4485.0,-1076.25,3408.75
2025-02-13 14:28:00,4458.75,-656.25,3802.5
2025-02-13 14:29:00,4365.0,-90.0,4275.0
2025-02-13 14:30:00,4567.5,-622.5,3945.0
2025-02-13 14:31:00,4620.0,-2613.75,2006.25
2025-02-13 14:32:00,4698.75,-2351.25,2347.5
2025-02-13 14:33:00,4740.0,-2051.25,2688.75
2025-02-13 14:34:00,4721.25,-2223.75,2497.5
2025-02-13 14:35:00,4755.0,-2490.0,2265.0
2025-02-13 14:36:00,4777.5,-4357.5,420.0
2025-02-13 14:37:00,4807.5,-4140.0,667.5
2025-02-13 14:38:00,4788.75,-3615.0,1173.75
2025-02-13 14:39:00,4792.5,-3300.0,1492.5
2025-02-13 14:40:00,4796.25,-3390.0,1406.25
2025-02-13 14:41:00,4833.75,-3588.75,1245.0
2025-02-13 14:42:00,4773.75,-2362.5,2411.25
2025-02-13 14:43:00,4811.25,-2422.5,2388.75
2025-02-13 14:44:00,4867.5,-3352.5,1515.0
2025-02-13 14:45:00,4871.25,-3187.5,1683.75
2025-02-13 14:46:00,4860.0,-3168.75,1691.25
2025-02-13 14:47:00,4841.25,-2801.25,2040.0
2025-02-13 14:48:00,4871.25,-2760.0,2111.25
2025-02-13 14:49:00,4875.0,-2313.75,2561.25
2025-02-13 14:50:00,4788.75,-1458.75,3330.0
2025-02-13 14:51:00,4833.75,-1781.25,3052.5
2025-02-13 14:52:00,4920.0,-2058.75,2861.25
2025-02-13 14:53:00,4953.75,-2193.75,2760.0
2025-02-13 14:54:00,4920.0,-1605.0,3315.0
2025-02-13 14:55:00,4758.75,-285.0,4473.75
2025-02-13 14:56:00,4920.0,-858.75,4061.25
2025-02-13 14:57:00,4916.25,-450.0,4466.25
2025-02-13 14:58:00,4938.75,-825.0,4113.75
2025-02-13 14:59:00,4983.75,-1290.0,3693.75
2025-02-13 15:00:00,4968.75,-588.75,4380.0
2025-02-13 15:01:00,5021.25,-1218.75,3802.5
2025-02-13 15:02:00,5036.25,-3176.25,1860.0
2025-02-13 15:03:00,5040.0,-2122.5,2917.5
2025-02-13 15:04:00,5047.5,-2283.75,2763.75
2025-02-13 15:05:00,5051.25,-2673.75,2377.5
2025-02-13 15:06:00,5047.5,-2295.0,2752.5
2025-02-13 15:07:00,5051.25,-2658.75,2392.5
2025-02-13 15:08:00,5055.0,-2827.5,2227.5
2025-02-13 15:09:00,5062.5,-2917.5,2145.0
2025-02-13 15:10:00,5066.25,-1796.25,3270.0
2025-02-13 15:11:00,5058.75,-2100.0,2958.75
2025-02-13 15:12:00,5066.25,-2321.25,2745.0
2025-02-13 15:13:00,5062.5,-2512.5,2550.0
2025-02-13 15:14:00,5066.25,-2253.75,2812.5
2025-02-13 15:15:00,5062.5,-2257.5,2805.0
2025-02-13 15:16:00,5062.5,-1886.25,3176.25
2025-02-13 15:17:00,5070.0,-2118.75,2951.25
2025-02-13 15:18:00,5073.75,-2208.75,2865.0
2025-02-13 15:19:00,5070.0,-2272.5,2797.5
2025-02-13 15:20:00,5070.0,-2152.5,2917.5
2025-02-13 15:21:00,5070.0,-2152.5,2917.5
2025-02-13 15:22:00,5070.0,-2152.5,2917.5
2025-02-13 15:23:00,5070.0,-2152.5,2917.5
2025-02-13 15:24:00,5070.0,-2152.5,2917.5
2025-02-13 15:25:00,5070.0,-2152.5,2917.5
2025-02-13 15:26:00,5070.0,-2152.5,2917.5
2025-02-13 15:27:00,5070.0,-2152.5,2917.5
2025-02-13 15:28:00,5070.0,-2152.5,2917.5
2025-02-13 15:29:00,5070.0,-2152.5,2917.5
2025-02-13 15:30:00,5070.0,-2152.5,2917.5
2025-02-20 10:15:00,0.0,0.0,0.0
2025-02-20 10:16:00,168.75,-48.75,120.0
2025-02-20 10:17:00,93.75,11.25,105.0
2025-02-20 10:18:00,-56.25,138.75,82.5
2025-02-20 10:19:00,-195.0,161.25,-33.75
2025-02-20 10:20:00,-285.0,183.75,-101.25
2025-02-20 10:21:00,-487.5,266.25,-221.25
2025-02-20 10:22:00,-472.5,243.75,-228.75
2025-02-20 10:23:00,-956.25,300.0,-656.25
2025-02-20 10:24:00,-506.25,225.0,-281.25
2025-02-20 10:25:00,-412.5,240.0,-172.5
2025-02-20 10:26:00,-243.75,150.0,-93.75
2025-02-20 10:27:00,33.75,172.5,206.25
2025-02-20 10:28:00,120.0,30.0,150.0
2025-02-20 10:29:00,108.75,112.5,221.25
2025-02-20 10:30:00,251.25,138.75,390.0
2025-02-20 10:31:00,112.5,281.25,393.75
2025-02-20 10:32:00,390.0,105.0,495.0
2025-02-20 10:33:00,165.0,236.25,401.25
2025-02-20 10:34:00,116.25,337.5,453.75
2025-02-20 10:35:00,67.5,348.75,416.25
2025-02-20 10:36:00,-86.25,386.25,300.0
2025-02-20 10:37:00,-480.0,435.0,-45.0
2025-02-20 10:38:00,-356.25,446.25,90.0
2025-02-20 10:39:00,-78.75,427.5,348.75
2025-02-20 10:40:00,60.0,412.5,472.5
2025-02-20 10:41:00,135.0,382.5,517.5
2025-02-20 10:42:00,270.0,318.75,588.75
2025-02-20 10:43:00,86.25,423.75,510.0
2025-02-20 10:44:00,311.25,288.75,600.0
2025-02-20 10:45:00,333.75,345.0,678.75
2025-02-20 10:46:00,438.75,217.5,656.25
2025-02-20 10:47:00,311.25,382.5,693.75
2025-02-20 10:48:00,292.5,390.0,682.5
2025-02-20 10:49:00,236.25,461.25,697.5
2025-02-20 10:50:00,292.5,416.25,708.75
2025-02-20 10:51:00,363.75,386.25,750.0
2025-02-20 10:52:00,581.25,285.0,866.25
2025-02-20 10:53:00,465.0,191.25,656.25
2025-02-20 10:54:00,446.25,251.25,697.5
2025-02-20 10:55:00,491.25,225.0,716.25
2025-02-20 10:56:00,386.25,390.0,776.25
2025-02-20 10:57:00,581.25,266.25,847.5
2025-02-20 10:58:00,555.0,315.0,870.0
2025-02-20 10:59:00,618.75,270.0,888.75
2025-02-20 11:00:00,480.0,472.5,952.5
2025-02-20 11:01:00,281.25,532.5,813.75
2025-02-20 11:02:00,187.5,540.0,727.5
2025-02-20 11:03:00,71.25,585.0,656.25
2025-02-20 11:04:00,26.25,607.5,633.75
2025-02-20 11:05:00,-157.5,656.25,498.75
2025-02-20 11:06:00,33.75,652.5,686.25
2025-02-20 11:07:00,-11.25,652.5,641.25
2025-02-20 11:08:00,56.25,641.25,697.5
2025-02-20 11:09:00,-120.0,641.25,521.25
2025-02-20 11:10:00,-345.0,656.25,311.25
2025-02-20 11:11:00,-165.0,626.25,461.25
2025-02-20 11:12:00,-116.25,611.25,495.0
2025-02-20 11:13:00,-187.5,630.0,442.5
2025-02-20 11:14:00,-401.25,566.25,165.0
2025-02-20 11:15:00,-480.0,603.75,123.75
2025-02-20 11:16:00,-296.25,603.75,307.5
2025-02-20 11:17:00,-296.25,660.0,363.75
2025-02-20 11:18:00,-180.0,622.5,442.5
2025-02-20 11:19:00,-461.25,671.25,210.0
2025-02-20 11:20:00,-555.0,637.5,82.5
2025-02-20 11:21:00,-330.0,622.5,292.5
2025-02-20 11:22:00,-157.5,630.0,472.5
2025-02-20 11:23:00,-18.75,607.5,588.75
2025-02-20 11:24:00,41.25,633.75,675.0
2025-02-20 11:25:00,93.75,667.5,761.25
2025-02-20 11:26:00,337.5,596.25,933.75
2025-02-20 11:27:00,206.25,626.25,832.5
2025-02-20 11:28:00,63.75,690.0,753.75
2025-02-20 11:29:00,262.5,712.5,975.0
2025-02-20 11:30:00,41.25,802.5,843.75
2025-02-20 11:31:00,33.75,817.5,851.25
2025-02-20 11:32:00,123.75,787.5,911.25
2025-02-20 11:33:00,258.75,772.5,1031.25
2025-02-20 11:34:00,116.25,828.75,945.0
2025-02-20 11:35:00,326.25,813.75,1140.0
2025-02-20 11:36:00,506.25,742.5,1248.75
2025-02-20 11:37:00,420.0,746.25,1166.25
2025-02-20 11:38:00,532.5,735.0,1267.5
2025-02-20 11:39:00,495.0,783.75,1278.75
2025-02-20 11:40:00,543.75,783.75,1327.5
2025-02-20 11:41:00,487.5,825.0,1312.5
2025-02-20 11:42:00,607.5,798.75,1406.25
2025-02-20 11:43:00,480.0,836.25,1316.25
2025-02-20 11:44:00,487.5,851.25,1338.75
2025-02-20 11:45:00,510.0,870.0,1380.0
2025-02-20 11:46:00,682.5,787.5,1470.0
2025-02-20 11:47:00,802.5,750.0,1552.5
2025-02-20 11:48:00,922.5,457.5,1380.0
2025-02-20 11:49:00,836.25,667.5,1503.75
2025-02-20 11:50:00,828.75,693.75,1522.5
2025-02-20 11:51:00,843.75,716.25,1560.0
2025-02-20 11:52:00,952.5,637.5,1590.0
2025-02-20 11:53:00,937.5,615.0,1552.5
2025-02-20 11:54:00,956.25,633.75,1590.0
2025-02-20 11:55:00,851.25,798.75,1650.0
2025-02-20 11:56:00,945.0,746.25,1691.25
2025-02-20 11:57:00,922.5,753.75,1676.25
2025-02-20 11:58:00,783.75,870.0,1653.75
2025-02-20 11:59:00,862.5,866.25,1728.75
2025-02-20 12:00:00,783.75,900.0,1683.75
2025-02-20 12:01:00,753.75,930.0,1683.75
2025-02-20 12:02:00,862.5,918.75,1781.25
2025-02-20 12:03:00,813.75,963.75,1777.5
2025-02-20 12:04:00,933.75,926.25,1860.0
2025-02-20 12:05:00,806.25,982.5,1788.75
2025-02-20 12:06:00,765.0,1008.75,1773.75
2025-02-20 12:07:00,810.0,997.5,1807.5
2025-02-20 12:08:00,937.5,963.75,1901.25
2025-02-20 12:09:00,1046.25,930.0,1976.25
2025-02-20 12:10:00,1035.0,933.75,1968.75
2025-02-20 12:11:00,1012.5,918.75,1931.25
2025-02-20 12:12:00,960.0,930.0,1890.0
2025-02-20 12:13:00,918.75,806.25,1725.0
2025-02-20 12:14:00,993.75,813.75,1807.5
2025-02-20 12:15:00,1065.0,847.5,1912.5
2025-02-20 12:16:00,1012.5,941.25,1953.75
2025-02-20 12:17:00,1095.0,832.5,1927.5
2025-02-20 12:18:00,1046.25,945.0,1991.25
2025-02-20 12:19:00,1046.25,915.0,1961.25
2025-02-20 12:20:00,1027.5,986.25,2013.75
2025-02-20 12:21:00,997.5,1038.75,2036.25
2025-02-20 12:22:00,1057.5,1035.0,2092.5
2025-02-20 12:23:00,1140.0,990.0,2130.0
2025-02-20 12:24:00,1110.0,1008.75,2118.75
2025-02-20 12:25:00,1072.5,1023.75,2096.25
2025-02-20 12:26:00,993.75,1038.75,2032.5
2025-02-20 12:27:00,1128.75,1008.75,2137.5
2025-02-20 12:28:00,1027.5,1042.5,2070.0
2025-02-20 12:29:00,1102.5,1027.5,2130.0
2025-02-20 12:30:00,1196.25,1008.75,2205.0
2025-02-20 12:31:00,1222.5,960.0,2182.5
2025-02-20 12:32:00,1203.75,982.5,2186.25
2025-02-20 12:33:00,1226.25,986.25,2212.5
2025-02-20 12:34:00,1177.5,1031.25,2208.75
2025-02-20 12:35:00,1177.5,1035.0,2212.5
2025-02-20 12:36:00,1136.25,1065.0,2201.25
2025-02-20 12:37:00,1207.5,1035.0,2242.5
2025-02-20 12:38:00,1151.25,1087.5,2238.75
2025-02-20 12:39:00,1125.0,1110.0,2235.0
2025-02-20 12:40:00,858.75,1125.0,1983.75
2025-02-20 12:41:00,967.5,1125.0,2092.5
2025-02-20 12:42:00,971.25,1136.25,2107.5
2025-02-20 12:43:00,1053.75,1125.0,2178.75
2025-02-20 12:44:00,1143.75,1113.75,2257.5
2025-02-20 12:45:00,1158.75,1106.25,2265.0
2025-02-20 12:46:00,1200.0,1117.5,2317.5
2025-02-20 12:47:00,1162.5,1117.5,2280.0
2025-02-20 12:48:00,1241.25,1106.25,2347.5
2025-02-20 12:49:00,1237.5,1117.5,2355.0
2025-02-20 12:50:00,1256.25,1068.75,2325.0
2025-02-20 12:51:00,1271.25,1061.25,2332.5
2025-02-20 12:52:00,1222.5,1110.0,2332.5
2025-02-20 12:53:00,1181.25,1140.0,2321.25
2025-02-20 12:54:00,1080.0,1177.5,2257.5
2025-02-20 12:55:00,1132.5,1155.0,2287.5
2025-02-20 12:56:00,1080.0,1170.0,2250.0
2025-02-20 12:57:00,1233.75,1136.25,2370.0
2025-02-20 12:58:00,1275.0,1151.25,2426.25
2025-02-20 12:59:00,1248.75,1121.25,2370.0
2025-02-20 13:00:00,1286.25,1128.75,2415.0
2025-02-20 13:01:00,1338.75,1095.0,2433.75
2025-02-20 13:02:00,1357.5,836.25,2193.75
2025-02-20 13:03:00,1425.0,855.0,2280.0
2025-02-20 13:04:00,1413.75,993.75,2407.5
2025-02-20 13:05:00,1410.0,918.75,2328.75
2025-02-20 13:06:00,1402.5,930.0,2332.5
2025-02-20 13:07:00,1395.0,978.75,2373.75
2025-02-20 13:08:00,1387.5,1068.75,2456.25
2025-02-20 13:09:00,1410.0,1061.25,2471.25
2025-02-20 13:10:00,1410.0,1042.5,2452.5
2025-02-20 13:11:00,1470.0,1042.5,2512.5
2025-02-20 13:12:00,1477.5,1012.5,2490.0
2025-02-20 13:13:00,1473.75,1050.0,2523.75
2025-02-20 13:14:00,1485.0,1065.0,2550.0
2025-02-20 13:15:00,1496.25,1050.0,2546.25
2025-02-20 13:16:00,1462.5,1008.75,2471.25
2025-02-20 13:17:00,1447.5,1050.0,2497.5
2025-02-20 13:18:00,1395.0,1151.25,2546.25
2025-02-20 13:19:00,1477.5,1125.0,2602.5
2025-02-20 13:20:00,1473.75,1166.25,2640.0
2025-02-20 13:21:00,1462.5,1188.75,2651.25
2025-02-20 13:22:00,1481.25,1158.75,2640.0
2025-02-20 13:23:00,1488.75,1170.0,2658.75
2025-02-20 13:24:00,1530.0,1083.75,2613.75
2025-02-20 13:25:00,1515.0,1151.25,2666.25
2025-02-20 13:26:00,1545.0,1121.25,2666.25
2025-02-20 13:27:00,1575.0,1128.75,2703.75
2025-02-20 13:28:00,1575.0,1095.0,2670.0
2025-02-20 13:29:00,1552.5,1076.25,2628.75
2025-02-20 13:30:00,1552.5,1125.0,2677.5
2025-02-20 13:31:00,1515.0,1162.5,2677.5
2025-02-20 13:32:00,1533.75,1166.25,2700.0
2025-02-20 13:33:00,1503.75,1218.75,2722.5
2025-02-20 13:34:00,1541.25,1203.75,2745.0
2025-02-20 13:35:00,1503.75,1218.75,2722.5
2025-02-20 13:36:00,1511.25,1245.0,2756.25
2025-02-20 13:37:00,1503.75,1256.25,2760.0
2025-02-20 13:38:00,1541.25,1252.5,2793.75
2025-02-20 13:39:00,1571.25,1241.25,2812.5
2025-02-20 13:40:00,1578.75,1241.25,2820.0
2025-02-20 13:41:00,1503.75,1275.0,2778.75
2025-02-20 13:42:00,1443.75,1260.0,2703.75
2025-02-20 13:43:00,1301.25,1252.5,2553.75
2025-02-20 13:44:00,1350.0,1252.5,2602.5
2025-02-20 13:45:00,1278.75,1263.75,2542.5
2025-02-20 13:46:00,1398.75,1245.0,2643.75
2025-02-20 13:47:00,1398.75,1233.75,2632.5
2025-02-20 13:48:00,1350.0,1256.25,2606.25
2025-02-20 13:49:00,1440.0,1233.75,2673.75
2025-02-20 13:50:00,1008.75,1226.25,2235.0
2025-02-20 13:51:00,1218.75,1267.5,2486.25
2025-02-20 13:52:00,1098.75,1297.5,2396.25
2025-02-20 13:53:00,967.5,1308.75,2276.25
2025-02-20 13:54:00,1057.5,1316.25,2373.75
2025-02-20 13:55:00,1102.5,1301.25,2403.75
2025-02-20 13:56:00,1215.0,1290.0,2505.0
2025-02-20 13:57:00,1398.75,1282.5,2681.25
2025-02-20 13:58:00,1353.75,1297.5,2651.25
2025-02-20 13:59:00,1387.5,1320.0,2707.5
2025-02-20 14:00:00,1335.0,1331.25,2666.25
2025-02-20 14:01:00,1537.5,1301.25,2838.75
2025-02-20 14:02:00,1488.75,1308.75,2797.5
2025-02-20 14:03:00,1511.25,1342.5,2853.75
2025-02-20 14:04:00,1518.75,1335.0,2853.75
2025-02-20 14:05:00,1488.75,1353.75,2842.5
2025-02-20 14:06:00,1473.75,1350.0,2823.75
2025-02-20 14:07:00,1500.0,1350.0,2850.0
2025-02-20 14:08:00,1616.25,1316.25,2932.5
2025-02-20 14:09:00,1687.5,1312.5,3000.0
2025-02-20 14:10:00,1680.0,1353.75,3033.75
2025-02-20 14:11:00,1642.5,1350.0,2992.5
2025-02-20 14:12:00,1612.5,1387.5,3000.0
2025-02-20 14:13:00,1732.5,1350.0,3082.5
2025-02-20 14:14:00,1743.75,1338.75,3082.5
2025-02-20 14:15:00,1713.75,1368.75,3082.5
2025-02-20 14:16:00,1706.25,1376.25,3082.5
2025-02-20 14:17:00,1702.5,1372.5,3075.0
2025-02-20 14:18:00,1725.0,1380.0,3105.0
2025-02-20 14:19:00,1728.75,1376.25,3105.0
2025-02-20 14:20:00,1676.25,1410.0,3086.25
2025-02-20 14:21:00,1672.5,1421.25,3093.75
2025-02-20 14:22:00,1676.25,1428.75,3105.0
2025-02-20 14:23:00,1743.75,1417.5,3161.25
2025-02-20 14:24:00,1717.5,1436.25,3153.75
2025-02-20 14:25:00,1687.5,1436.25,3123.75
2025-02-20 14:26:00,1710.0,1447.5,3157.5
2025-02-20 14:27:00,1687.5,1455.0,3142.5
2025-02-20 14:28:00,1695.0,1447.5,3142.5
2025-02-20 14:29:00,1725.0,1443.75,3168.75
2025-02-20 14:30:00,1732.5,1432.5,3165.0
2025-02-20 14:31:00,1792.5,1421.25,3213.75
2025-02-20 14:32:00,1815.0,1417.5,3232.5
2025-02-20 14:33:00,1837.5,1432.5,3270.0
2025-02-20 14:34:00,1796.25,1432.5,3228.75
2025-02-20 14:35:00,1822.5,1432.5,3255.0
2025-02-20 14:36:00,1815.0,1443.75,3258.75
2025-02-20 14:37:00,1818.75,1443.75,3262.5
2025-02-20 14:38:00,1811.25,1447.5,3258.75
2025-02-20 14:39:00,1747.5,1451.25,3198.75
2025-02-20 14:40:00,1773.75,1447.5,3221.25
2025-02-20 14:41:00,1751.25,1451.25,3202.5
2025-02-20 14:42:00,1758.75,1447.5,3206.25
2025-02-20 14:43:00,1732.5,1447.5,3180.0
2025-02-20 14:44:00,1785.0,1447.5,3232.5
2025-02-20 14:45:00,1766.25,1451.25,3217.5
2025-02-20 14:46:00,1788.75,1458.75,3247.5
2025-02-20 14:47:00,1728.75,1455.0,3183.75
2025-02-20 14:48:00,1683.75,1455.0,3138.75
2025-02-20 14:49:00,1717.5,1458.75,3176.25
2025-02-20 14:50:00,1702.5,1458.75,3161.25
2025-02-20 14:51:00,1815.0,1462.5,3277.5
2025-02-20 14:52:00,1878.75,1462.5,3341.25
2025-02-20 14:53:00,1863.75,1470.0,3333.75
2025-02-20 14:54:00,1886.25,1462.5,3348.75
2025-02-20 14:55:00,1897.5,1473.75,3371.25
2025-02-20 14:56:00,1901.25,1477.5,3378.75
2025-02-20 14:57:00,1901.25,1477.5,3378.75
2025-02-20 14:58:00,1897.5,1481.25,3378.75
2025-02-20 14:59:00,1897.5,1485.0,3382.5
2025-02-20 15:00:00,1901.25,1485.0,3386.25
2025-02-20 15:01:00,1938.75,1485.0,3423.75
2025-02-20 15:02:00,1938.75,1488.75,3427.5
2025-02-20 15:03:00,1942.5,1488.75,3431.25
2025-02-20 15:04:00,1953.75,1485.0,3438.75
2025-02-20 15:05:00,1946.25,1492.5,3438.75
2025-02-20 15:06:00,1953.75,1488.75,3442.5
2025-02-20 15:07:00,1953.75,1496.25,3450.0
2025-02-20 15:08:00,1950.0,1492.5,3442.5
2025-02-20 15:09:00,1953.75,1492.5,3446.25
2025-02-20 15:10:00,1953.75,1500.0,3453.75
2025-02-20 15:11:00,1957.5,1496.25,3453.75
2025-02-20 15:12:00,1957.5,1496.25,3453.75
2025-02-20 15:13:00,1957.5,1500.0,3457.5
2025-02-20 15:14:00,1957.5,1500.0,3457.5
2025-02-20 15:15:00,1961.25,1496.25,3457.5
2025-02-20 15:16:00,1961.25,1503.75,3465.0
2025-02-20 15:17:00,1965.0,1503.75,3468.75
2025-02-20 15:18:00,1961.25,1503.75,3465.0
2025-02-20 15:19:00,1965.0,1500.0,3465.0
2025-02-20 15:20:00,1961.25,1500.0,3461.25
2025-02-20 15:21:00,1961.25,1500.0,3461.25
2025-02-20 15:22:00,1961.25,1500.0,3461.25
2025-02-20 15:23:00,1961.25,1500.0,3461.25
2025-02-20 15:24:00,1961.25,1500.0,3461.25
2025-02-20 15:25:00,1961.25,1500.0,3461.25
2025-02-20 15:26:00,1961.25,1500.0,3461.25
2025-02-20 15:27:00,1961.25,1500.0,3461.25
2025-02-20 15:28:00,1961.25,1500.0,3461.25
2025-02-20 15:29:00,1961.25,1500.0,3461.25
2025-02-20 15:30:00,1961.25,1500.0,3461.25
2025-02-27 10:15:00,0.0,0.0,0.0
2025-02-27 10:16:00,22.5,-52.5,-30.0
2025-02-27 10:17:00,-11.25,-18.75,-30.0
2025-02-27 10:18:00,-37.5,-3.75,-41.25
2025-02-27 10:19:00,22.5,-33.75,-11.25
2025-02-27 10:20:00,41.25,-75.0,-33.75
2025-02-27 10:21:00,63.75,-60.0,3.75
2025-02-27 10:22:00,82.5,-165.0,-82.5
2025-02-27 10:23:00,78.75,-277.5,-198.75
2025-02-27 10:24:00,63.75,-247.5,-183.75
2025-02-27 10:25:00,97.5,-232.5,-135.0
2025-02-27 10:26:00,82.5,-198.75,-116.25
2025-02-27 10:27:00,78.75,-176.25,-97.5
2025-02-27 10:28:00,37.5,7.5,45.0
2025-02-27 10:29:00,97.5,-82.5,15.0
2025-02-27 10:30:00,112.5,-3.75,108.75
2025-02-27 10:31:00,67.5,78.75,146.25
2025-02-27 10:32:00,63.75,60.0,123.75
2025-02-27 10:33:00,45.0,78.75,123.75
2025-02-27 10:34:00,30.0,71.25,101.25
2025-02-27 10:35:00,30.0,71.25,101.25
2025-02-27 10:36:00,45.0,45.0,90.0
2025-02-27 10:37:00,11.25,78.75,90.0
2025-02-27 10:38:00,18.75,93.75,112.5
2025-02-27 10:39:00,11.25,108.75,120.0
2025-02-27 10:40:00,-11.25,172.5,161.25
2025-02-27 10:41:00,22.5,161.25,183.75
2025-02-27 10:42:00,45.0,131.25,176.25
2025-02-27 10:43:00,30.0,150.0,180.0
2025-02-27 10:44:00,-11.25,165.0,153.75
2025-02-27 10:45:00,7.5,191.25,198.75
2025-02-27 10:46:00,45.0,165.0,210.0
2025-02-27 10:47:00,26.25,232.5,258.75
2025-02-27 10:48:00,18.75,243.75,262.5
2025-02-27 10:49:00,-3.75,251.25,247.5
2025-02-27 10:50:00,18.75,266.25,285.0
2025-02-27 10:51:00,-56.25,300.0,243.75
2025-02-27 10:52:00,-168.75,303.75,135.0
2025-02-27 10:53:00,-82.5,307.5,225.0
2025-02-27 10:54:00,-48.75,277.5,228.75
2025-02-27 10:55:00,-56.25,285.0,228.75
2025-02-27 10:56:00,-82.5,285.0,202.5
2025-02-27 10:57:00,-22.5,270.0,247.5
2025-02-27 10:58:00,78.75,180.0,258.75
2025-02-27 10:59:00,33.75,202.5,236.25
2025-02-27 11:00:00,52.5,131.25,183.75
2025-02-27 11:01:00,-3.75,120.0,116.25
2025-02-27 11:02:00,-15.0,142.5,127.5
2025-02-27 11:03:00,78.75,123.75,202.5
2025-02-27 11:04:00,71.25,161.25,232.5
2025-02-27 11:05:00,82.5,213.75,296.25
2025-02-27 11:06:00,131.25,195.0,326.25
2025-02-27 11:07:00,138.75,202.5,341.25
2025-02-27 11:08:00,183.75,195.0,378.75
2025-02-27 11:09:00,172.5,221.25,393.75
2025-02-27 11:10:00,187.5,243.75,431.25
2025-02-27 11:11:00,198.75,270.0,468.75
2025-02-27 11:12:00,202.5,326.25,528.75
2025-02-27 11:13:00,225.0,288.75,513.75
2025-02-27 11:14:00,217.5,292.5,510.0
2025-02-27 11:15:00,183.75,326.25,510.0
2025-02-27 11:16:00,135.0,378.75,513.75
2025-02-27 11:17:00,153.75,330.0,483.75
2025-02-27 11:18:00,202.5,288.75,491.25
2025-02-27 11:19:00,206.25,270.0,476.25
2025-02-27 11:20:00,225.0,262.5,487.5
2025-02-27 11:21:00,228.75,258.75,487.5
2025-02-27 11:22:00,236.25,258.75,495.0
2025-02-27 11:23:00,228.75,262.5,491.25
2025-02-27 11:24:00,236.25,251.25,487.5
2025-02-27 11:25:00,258.75,228.75,487.5
2025-02-27 11:26:00,247.5,240.0,487.5
2025-02-27 11:27:00,255.0,213.75,468.75
2025-02-27 11:28:00,228.75,187.5,416.25
2025-02-27 11:29:00,236.25,183.75,420.0
2025-02-27 11:30:00,273.75,202.5,476.25
2025-02-27 11:31:00,318.75,172.5,491.25
2025-02-27 11:32:00,311.25,236.25,547.5
2025-02-27 11:33:00,307.5,240.0,547.5
2025-02-27 11:34:00,348.75,213.75,562.5
2025-02-27 11:35:00,348.75,195.0,543.75
2025-02-27 11:36:00,356.25,213.75,570.0
2025-02-27 11:37:00,360.0,161.25,521.25
2025-02-27 11:38:00,363.75,165.0,528.75
2025-02-27 11:39:00,360.0,97.5,457.5
2025-02-27 11:40:00,363.75,161.25,525.0
2025-02-27 11:41:00,352.5,198.75,551.25
2025-02-27 11:42:00,337.5,228.75,566.25
2025-02-27 11:43:00,337.5,232.5,570.0
2025-02-27 11:44:00,345.0,176.25,521.25
2025-02-27 11:45:00,348.75,198.75,547.5
2025-02-27 11:46:00,348.75,176.25,525.0
2025-02-27 11:47:00,371.25,153.75,525.0
2025-02-27 11:48:00,348.75,195.0,543.75
2025-02-27 11:49:00,345.0,225.0,570.0
2025-02-27 11:50:00,341.25,228.75,570.0
2025-02-27 11:51:00,341.25,281.25,622.5
2025-02-27 11:52:00,337.5,285.0,622.5
2025-02-27 11:53:00,352.5,251.25,603.75
2025-02-27 11:54:00,345.0,225.0,570.0
2025-02-27 11:55:00,337.5,225.0,562.5
2025-02-27 11:56:00,345.0,198.75,543.75
2025-02-27 11:57:00,348.75,213.75,562.5
2025-02-27 11:58:00,352.5,191.25,543.75
2025-02-27 11:59:00,360.0,176.25,536.25
2025-02-27 12:00:00,378.75,97.5,476.25
2025-02-27 12:01:00,393.75,48.75,442.5
2025-02-27 12:02:00,375.0,18.75,393.75
2025-02-27 12:03:00,371.25,105.0,476.25
2025-02-27 12:04:00,386.25,90.0,476.25
2025-02-27 12:05:00,378.75,78.75,457.5
2025-02-27 12:06:00,390.0,71.25,461.25
2025-02-27 12:07:00,386.25,150.0,536.25
2025-02-27 12:08:00,390.0,150.0,540.0
2025-02-27 12:09:00,393.75,183.75,577.5
2025-02-27 12:10:00,390.0,157.5,547.5
2025-02-27 12:11:00,390.0,221.25,611.25
2025-02-27 12:12:00,390.0,210.0,600.0
2025-02-27 12:13:00,408.75,262.5,671.25
2025-02-27 12:14:00,408.75,288.75,697.5
2025-02-27 12:15:00,416.25,266.25,682.5
2025-02-27 12:16:00,412.5,277.5,690.0
2025-02-27 12:17:00,405.0,228.75,633.75
2025-02-27 12:18:00,397.5,266.25,663.75
2025-02-27 12:19:00,397.5,243.75,641.25
2025-02-27 12:20:00,393.75,270.0,663.75
2025-02-27 12:21:00,408.75,273.75,682.5
2025-02-27 12:22:00,405.0,322.5,727.5
2025-02-27 12:23:00,382.5,367.5,750.0
2025-02-27 12:24:00,375.0,363.75,738.75
2025-02-27 12:25:00,390.0,315.0,705.0
2025-02-27 12:26:00,382.5,311.25,693.75
2025-02-27 12:27:00,405.0,303.75,708.75
2025-02-27 12:28:00,397.5,303.75,701.25
2025-02-27 12:29:00,397.5,318.75,716.25
2025-02-27 12:30:00,420.0,277.5,697.5
2025-02-27 12:31:00,416.25,258.75,675.0
2025-02-27 12:32:00,442.5,240.0,682.5
2025-02-27 12:33:00,446.25,161.25,607.5
2025-02-27 12:34:00,442.5,232.5,675.0
2025-02-27 12:35:00,453.75,217.5,671.25
2025-02-27 12:36:00,457.5,135.0,592.5
2025-02-27 12:37:00,457.5,228.75,686.25
2025-02-27 12:38:00,461.25,153.75,615.0
2025-02-27 12:39:00,465.0,221.25,686.25
2025-02-27 12:40:00,465.0,273.75,738.75
2025-02-27 12:41:00,457.5,288.75,746.25
2025-02-27 12:42:00,461.25,360.0,821.25
2025-02-27 12:43:00,450.0,382.5,832.5
2025-02-27 12:44:00,457.5,393.75,851.25
2025-02-27 12:45:00,450.0,393.75,843.75
2025-02-27 12:46:00,438.75,401.25,840.0
2025-02-27 12:47:00,420.0,408.75,828.75
2025-02-27 12:48:00,416.25,450.0,866.25
2025-02-27 12:49:00,420.0,427.5,847.5
2025-02-27 12:50:00,427.5,423.75,851.25
2025-02-27 12:51:00,431.25,408.75,840.0
2025-02-27 12:52:00,427.5,427.5,855.0
2025-02-27 12:53:00,423.75,446.25,870.0
2025-02-27 12:54:00,423.75,442.5,866.25
2025-02-27 12:55:00,412.5,446.25,858.75
2025-02-27 12:56:00,412.5,476.25,888.75
2025-02-27 12:57:00,405.0,453.75,858.75
2025-02-27 12:58:00,416.25,461.25,877.5
2025-02-27 12:59:00,416.25,457.5,873.75
2025-02-27 13:00:00,405.0,468.75,873.75
2025-02-27 13:01:00,397.5,465.0,862.5
2025-02-27 13:02:00,465.0,431.25,896.25
2025-02-27 13:03:00,453.75,427.5,881.25
2025-02-27 13:04:00,423.75,442.5,866.25
2025-02-27 13:05:00,453.75,416.25,870.0
2025-02-27 13:06:00,450.0,420.0,870.0
2025-02-27 13:07:00,438.75,412.5,851.25
2025-02-27 13:08:00,446.25,408.75,855.0
2025-02-27 13:09:00,453.75,408.75,862.5
2025-02-27 13:10:00,450.0,431.25,881.25
2025-02-27 13:11:00,438.75,472.5,911.25
2025-02-27 13:12:00,423.75,487.5,911.25
2025-02-27 13:13:00,431.25,472.5,903.75
2025-02-27 13:14:00,450.0,465.0,915.0
2025-02-27 13:15:00,506.25,427.5,933.75
2025-02-27 13:16:00,465.0,453.75,918.75
2025-02-27 13:17:00,438.75,483.75,922.5
2025-02-27 13:18:00,450.0,502.5,952.5
2025-02-27 13:19:00,453.75,506.25,960.0
2025-02-27 13:20:00,461.25,521.25,982.5
2025-02-27 13:21:00,453.75,570.0,1023.75
2025-02-27 13:22:00,468.75,536.25,1005.0
2025-02-27 13:23:00,472.5,540.0,1012.5
2025-02-27 13:24:00,468.75,555.0,1023.75
2025-02-27 13:25:00,472.5,562.5,1035.0
2025-02-27 13:26:00,495.0,547.5,1042.5
2025-02-27 13:27:00,498.75,543.75,1042.5
2025-02-27 13:28:00,480.0,558.75,1038.75
2025-02-27 13:29:00,487.5,551.25,1038.75
2025-02-27 13:30:00,491.25,555.0,1046.25
2025-02-27 13:31:00,483.75,551.25,1035.0
2025-02-27 13:32:00,483.75,555.0,1038.75
2025-02-27 13:33:00,472.5,596.25,1068.75
2025-02-27 13:34:00,468.75,588.75,1057.5
2025-02-27 13:35:00,468.75,585.0,1053.75
2025-02-27 13:36:00,468.75,581.25,1050.0
2025-02-27 13:37:00,465.0,577.5,1042.5
2025-02-27 13:38:00,476.25,588.75,1065.0
2025-02-27 13:39:00,498.75,577.5,1076.25
2025-02-27 13:40:00,532.5,581.25,1113.75
2025-02-27 13:41:00,521.25,573.75,1095.0
2025-02-27 13:42:00,513.75,573.75,1087.5
2025-02-27 13:43:00,513.75,566.25,1080.0
2025-02-27 13:44:00,513.75,558.75,1072.5
2025-02-27 13:45:00,517.5,558.75,1076.25
2025-02-27 13:46:00,513.75,585.0,1098.75
2025-02-27 13:47:00,510.0,577.5,1087.5
2025-02-27 13:48:00,491.25,592.5,1083.75
2025-02-27 13:49:00,483.75,596.25,1080.0
2025-02-27 13:50:00,491.25,592.5,1083.75
2025-02-27 13:51:00,491.25,588.75,1080.0
2025-02-27 13:52:00,498.75,588.75,1087.5
2025-02-27 13:53:00,517.5,585.0,1102.5
2025-02-27 13:54:00,528.75,577.5,1106.25
2025-02-27 13:55:00,532.5,570.0,1102.5
2025-02-27 13:56:00,525.0,570.0,1095.0
2025-02-27 13:57:00,525.0,585.0,1110.0
2025-02-27 13:58:00,521.25,588.75,1110.0
2025-02-27 13:59:00,528.75,581.25,1110.0
2025-02-27 14:00:00,528.75,592.5,1121.25
2025-02-27 14:01:00,495.0,633.75,1128.75
2025-02-27 14:02:00,498.75,630.0,1128.75
2025-02-27 14:03:00,517.5,615.0,1132.5
2025-02-27 14:04:00,502.5,615.0,1117.5
2025-02-27 14:05:00,506.25,622.5,1128.75
2025-02-27 14:06:00,498.75,630.0,1128.75
2025-02-27 14:07:00,528.75,630.0,1158.75
2025-02-27 14:08:00,540.0,611.25,1151.25
2025-02-27 14:09:00,547.5,630.0,1177.5
2025-02-27 14:10:00,566.25,626.25,1192.5
2025-02-27 14:11:00,573.75,630.0,1203.75
2025-02-27 14:12:00,562.5,652.5,1215.0
2025-02-27 14:13:00,551.25,656.25,1207.5
2025-02-27 14:14:00,532.5,675.0,1207.5
2025-02-27 14:15:00,547.5,675.0,1222.5
2025-02-27 14:16:00,540.0,697.5,1237.5
2025-02-27 14:17:00,547.5,686.25,1233.75
2025-02-27 14:18:00,547.5,686.25,1233.75
2025-02-27 14:19:00,543.75,693.75,1237.5
2025-02-27 14:20:00,536.25,708.75,1245.0
2025-02-27 14:21:00,532.5,712.5,1245.0
2025-02-27 14:22:00,532.5,708.75,1241.25
2025-02-27 14:23:00,547.5,701.25,1248.75
2025-02-27 14:24:00,543.75,708.75,1252.5
2025-02-27 14:25:00,540.0,708.75,1248.75
2025-02-27 14:26:00,551.25,708.75,1260.0
2025-02-27 14:27:00,600.0,693.75,1293.75
2025-02-27 14:28:00,600.0,697.5,1297.5
2025-02-27 14:29:00,585.0,701.25,1286.25
2025-02-27 14:30:00,581.25,690.0,1271.25
2025-02-27 14:31:00,577.5,693.75,1271.25
2025-02-27 14:32:00,585.0,690.0,1275.0
2025-02-27 14:33:00,577.5,697.5,1275.0
2025-02-27 14:34:00,585.0,701.25,1286.25
2025-02-27 14:35:00,596.25,697.5,1293.75
2025-02-27 14:36:00,615.0,690.0,1305.0
2025-02-27 14:37:00,615.0,712.5,1327.5
2025-02-27 14:38:00,615.0,720.0,1335.0
2025-02-27 14:39:00,618.75,723.75,1342.5
2025-02-27 14:40:00,618.75,720.0,1338.75
2025-02-27 14:41:00,618.75,716.25,1335.0
2025-02-27 14:42:00,622.5,716.25,1338.75
2025-02-27 14:43:00,626.25,746.25,1372.5
2025-02-27 14:44:00,622.5,750.0,1372.5
2025-02-27 14:45:00,630.0,746.25,1376.25
2025-02-27 14:46:00,626.25,761.25,1387.5
2025-02-27 14:47:00,615.0,761.25,1376.25
2025-02-27 14:48:00,615.0,768.75,1383.75
2025-02-27 14:49:00,607.5,761.25,1368.75
2025-02-27 14:50:00,600.0,761.25,1361.25
2025-02-27 14:51:00,618.75,750.0,1368.75
2025-02-27 14:52:00,618.75,746.25,1365.0
2025-02-27 14:53:00,622.5,753.75,1376.25
2025-02-27 14:54:00,622.5,750.0,1372.5
2025-02-27 14:55:00,618.75,753.75,1372.5
2025-02-27 14:56:00,618.75,757.5,1376.25
2025-02-27 14:57:00,618.75,757.5,1376.25
2025-02-27 14:58:00,630.0,772.5,1402.5
2025-02-27 14:59:00,641.25,765.0,1406.25
2025-02-27 15:00:00,645.0,761.25,1406.25
2025-02-27 15:01:00,645.0,761.25,1406.25
2025-02-27 15:02:00,645.0,772.5,1417.5
2025-02-27 15:03:00,652.5,795.0,1447.5
2025-02-27 15:04:00,648.75,795.0,1443.75
2025-02-27 15:05:00,648.75,795.0,1443.75
2025-02-27 15:06:00,652.5,802.5,1455.0
2025-02-27 15:07:00,652.5,802.5,1455.0
2025-02-27 15:08:00,656.25,798.75,1455.0
2025-02-27 15:09:00,652.5,798.75,1451.25
2025-02-27 15:10:00,652.5,798.75,1451.25
2025-02-27 15:11:00,656.25,795.0,1451.25
2025-02-27 15:12:00,656.25,798.75,1455.0
2025-02-27 15:13:00,656.25,798.75,1455.0
2025-02-27 15:14:00,656.25,798.75,1455.0
2025-02-27 15:15:00,656.25,798.75,1455.0
2025-02-27 15:16:00,660.0,795.0,1455.0
2025-02-27 15:17:00,656.25,798.75,1455.0
2025-02-27 15:18:00,660.0,798.75,1458.75
2025-02-27 15:19:00,660.0,802.5,1462.5
2025-02-27 15:20:00,663.75,798.75,1462.5
2025-02-27 15:21:00,663.75,798.75,1462.5
2025-02-27 15:22:00,663.75,798.75,1462.5
2025-02-27 15:23:00,663.75,798.75,1462.5
2025-02-27 15:24:00,663.75,798.75,1462.5
2025-02-27 15:25:00,663.75,798.75,1462.5
2025-02-27 15:26:00,663.75,798.75,1462.5
2025-02-27 15:27:00,663.75,798.75,1462.5
2025-02-27 15:28:00,663.75,798.75,1462.5
2025-02-27 15:29:00,663.75,798.75,1462.5
2025-02-27 15:30:00,663.75,798.75,1462.5
2025-03-06 10:15:00,0.0,0.0,0.0
2025-03-06 10:16:00,-213.75,-7.5,-221.25
2025-03-06 10:17:00,-641.25,262.5,-378.75
2025-03-06 10:18:00,-423.75,232.5,-191.25
2025-03-06 10:19:00,-716.25,371.25,-345.0
2025-03-06 10:20:00,-667.5,472.5,-195.0
2025-03-06 10:21:00,-277.5,442.5,165.0
2025-03-06 10:22:00,-187.5,435.0,247.5
2025-03-06 10:23:00,-120.0,446.25,326.25
2025-03-06 10:24:00,150.0,7.5,157.5
2025-03-06 10:25:00,71.25,142.5,213.75
2025-03-06 10:26:00,168.75,138.75,307.5
2025-03-06 10:27:00,60.0,236.25,296.25
2025-03-06 10:28:00,-82.5,446.25,363.75
2025-03-06 10:29:00,-150.0,506.25,356.25
2025-03-06 10:30:00,-570.0,570.0,0.0
2025-03-06 10:31:00,-855.0,618.75,-236.25
2025-03-06 10:32:00,-577.5,618.75,41.25
2025-03-06 10:33:00,-172.5,468.75,296.25
2025-03-06 10:34:00,41.25,303.75,345.0
2025-03-06 10:35:00,-296.25,536.25,240.0
2025-03-06 10:36:00,-330.0,525.0,195.0
2025-03-06 10:37:00,-135.0,498.75,363.75
2025-03-06 10:38:00,-112.5,603.75,491.25
2025-03-06 10:39:00,-187.5,716.25,528.75
2025-03-06 10:40:00,-172.5,813.75,641.25
2025-03-06 10:41:00,-210.0,843.75,633.75
2025-03-06 10:42:00,-131.25,817.5,686.25
2025-03-06 10:43:00,-157.5,873.75,716.25
2025-03-06 10:44:00,-108.75,926.25,817.5
2025-03-06 10:45:00,-112.5,941.25,828.75
2025-03-06 10:46:00,67.5,888.75,956.25
2025-03-06 10:47:00,93.75,888.75,982.5
2025-03-06 10:48:00,266.25,832.5,1098.75
2025-03-06 10:49:00,120.0,873.75,993.75
2025-03-06 10:50:00,101.25,945.0,1046.25
2025-03-06 10:51:00,131.25,960.0,1091.25
2025-03-06 10:52:00,45.0,1020.0,1065.0
2025-03-06 10:53:00,-86.25,1050.0,963.75
2025-03-06 10:54:00,165.0,971.25,1136.25
2025-03-06 10:55:00,195.0,1023.75,1218.75
2025-03-06 10:56:00,247.5,990.0,1237.5
2025-03-06 10:57:00,217.5,1020.0,1237.5
2025-03-06 10:58:00,371.25,1020.0,1391.25
2025-03-06 10:59:00,333.75,1050.0,1383.75
2025-03-06 11:00:00,442.5,1031.25,1473.75
2025-03-06 11:01:00,378.75,1128.75,1507.5
2025-03-06 11:02:00,273.75,1128.75,1402.5
2025-03-06 11:03:00,-63.75,1143.75,1080.0
2025-03-06 11:04:00,-255.0,1117.5,862.5
2025-03-06 11:05:00,-371.25,1170.0,798.75
2025-03-06 11:06:00,-772.5,1140.0,367.5
2025-03-06 11:07:00,-3558.75,1218.75,-2340.0
2025-03-06 11:08:00,-2688.75,1203.75,-1485.0
2025-03-06 11:09:00,-1875.0,1196.25,-678.75
2025-03-06 11:10:00,-1863.75,1237.5,-626.25
2025-03-06 11:11:00,-1728.75,986.25,-742.5
2025-03-06 11:12:00,-1822.5,1072.5,-750.0
2025-03-06 11:13:00,-1833.75,1170.0,-663.75
2025-03-06 11:14:00,-2846.25,1597.5,-1248.75
2025-03-06 11:15:00,-3195.0,1905.0,-1290.0
2025-03-06 11:16:00,-2782.5,1657.5,-1125.0
2025-03-06 11:17:00,-2501.25,1492.5,-1008.75
2025-03-06 11:18:00,-2647.5,1612.5,-1035.0
2025-03-06 11:19:00,-1995.0,1102.5,-892.5
2025-03-06 11:20:00,-2167.5,1147.5,-1020.0
2025-03-06 11:21:00,-2216.25,858.75,-1357.5
2025-03-06 11:22:00,-2077.5,393.75,-1683.75
2025-03-06 11:23:00,-1376.25,-2591.25,-3967.5
2025-03-06 11:24:00,-1316.25,-2516.25,-3832.5
2025-03-06 11:25:00,-900.0,-4035.0,-4935.0
2025-03-06 11:26:00,-1012.5,-2853.75,-3866.25
2025-03-06 11:27:00,-423.75,-3735.0,-4158.75
2025-03-06 11:28:00,-161.25,-5827.5,-5988.75
2025-03-06 11:29:00,-341.25,-4916.25,-5257.5
2025-03-06 11:30:00,-341.25,-5156.25,-5497.5
2025-03-06 11:31:00,-202.5,-6577.5,-6780.0
2025-03-06 11:32:00,-386.25,-4983.75,-5370.0
2025-03-06 11:33:00,-213.75,-5745.0,-5958.75
2025-03-06 11:34:00,-450.0,-4293.75,-4743.75
2025-03-06 11:35:00,-453.75,-3453.75,-3907.5
2025-03-06 11:36:00,-423.75,-3120.0,-3543.75
2025-03-06 11:37:00,-525.0,-2321.25,-2846.25
2025-03-06 11:38:00,-348.75,-2943.75,-3292.5
2025-03-06 11:39:00,-487.5,-2261.25,-2748.75
2025-03-06 11:40:00,-438.75,-2178.75,-2617.5
2025-03-06 11:41:00,-198.75,-2760.0,-2958.75
2025-03-06 11:42:00,-176.25,-2835.0,-3011.25
2025-03-06 11:43:00,-307.5,-2156.25,-2463.75
2025-03-06 11:44:00,-453.75,-1653.75,-2107.5
2025-03-06 11:45:00,-633.75,-993.75,-1627.5
2025-03-06 11:46:00,-832.5,-491.25,-1323.75
2025-03-06 11:47:00,-768.75,-397.5,-1166.25
2025-03-06 11:48:00,-1091.25,431.25,-660.0
2025-03-06 11:49:00,-596.25,-303.75,-900.0
2025-03-06 11:50:00,-982.5,157.5,-825.0
2025-03-06 11:51:00,-1788.75,483.75,-1305.0
2025-03-06 11:52:00,-1938.75,1008.75,-930.0
2025-03-06 11:53:00,-1826.25,990.0,-836.25
2025-03-06 11:54:00,-1601.25,806.25,-795.0
2025-03-06 11:55:00,-1695.0,967.5,-727.5
2025-03-06 11:56:00,-1481.25,735.0,-746.25
2025-03-06 11:57:00,-1233.75,517.5,-716.25
2025-03-06 11:58:00,-956.25,-67.5,-1023.75
2025-03-06 11:59:00,-1001.25,-502.5,-1503.75
2025-03-06 12:00:00,-1425.0,-105.0,-1530.0
2025-03-06 12:01:00,-1488.75,33.75,-1455.0
2025-03-06 12:02:00,-1815.0,510.0,-1305.0
2025-03-06 12:03:00,-2580.0,765.0,-1815.0
2025-03-06 12:04:00,-2583.75,761.25,-1822.5
2025-03-06 12:05:00,-2553.75,1042.5,-1511.25
2025-03-06 12:06:00,-2246.25,840.0,-1406.25
2025-03-06 12:07:00,-2111.25,828.75,-1282.5
2025-03-06 12:08:00,-2103.75,813.75,-1290.0
2025-03-06 12:09:00,-1743.75,686.25,-1057.5
2025-03-06 12:10:00,-1541.25,510.0,-1031.25
2025-03-06 12:11:00,-1800.0,915.0,-885.0
2025-03-06 12:12:00,-1346.25,363.75,-982.5
2025-03-06 12:13:00,-1503.75,622.5,-881.25
2025-03-06 12:14:00,-1481.25,566.25,-915.0
2025-03-06 12:15:00,-1770.0,888.75,-881.25
2025-03-06 12:16:00,-2182.5,1278.75,-903.75
2025-03-06 12:17:00,-2242.5,1278.75,-963.75
2025-03-06 12:18:00,-2463.75,1320.0,-1143.75
2025-03-06 12:19:00,-2366.25,1237.5,-1128.75
2025-03-06 12:20:00,-2051.25,963.75,-1087.5
2025-03-06 12:21:00,-2332.5,1200.0,-1132.5
2025-03-06 12:22:00,-2711.25,1436.25,-1275.0
2025-03-06 12:23:00,-2411.25,1346.25,-1065.0
2025-03-06 12:24:00,-2767.5,1597.5,-1170.0
2025-03-06 12:25:00,-2583.75,1466.25,-1117.5
2025-03-06 12:26:00,-2272.5,1350.0,-922.5
2025-03-06 12:27:00,-2673.75,1620.0,-1053.75
2025-03-06 12:28:00,-2790.0,1627.5,-1162.5
2025-03-06 12:29:00,-2583.75,1706.25,-877.5
2025-03-06 12:30:00,-2156.25,1541.25,-615.0
2025-03-06 12:31:00,-3097.5,2107.5,-990.0
2025-03-06 12:32:00,-3386.25,2403.75,-982.5
2025-03-06 12:33:00,-2977.5,2201.25,-776.25
2025-03-06 12:34:00,-2542.5,1841.25,-701.25
2025-03-06 12:35:00,-2242.5,1676.25,-566.25
2025-03-06 12:36:00,-2538.75,1901.25,-637.5
2025-03-06 12:37:00,-1965.0,1466.25,-498.75
2025-03-06 12:38:00,-2190.0,1751.25,-438.75
2025-03-06 12:39:00,-2422.5,1848.75,-573.75
2025-03-06 12:40:00,-3240.0,2133.75,-1106.25
2025-03-06 12:41:00,-3948.75,2343.75,-1605.0
2025-03-06 12:42:00,-3401.25,2223.75,-1177.5
2025-03-06 12:43:00,-3067.5,2216.25,-851.25
2025-03-06 12:44:00,-3251.25,2287.5,-963.75
2025-03-06 12:45:00,-3206.25,2216.25,-990.0
2025-03-06 12:46:00,-2797.5,1755.0,-1042.5
2025-03-06 12:47:00,-2943.75,1800.0,-1143.75
2025-03-06 12:48:00,-3277.5,2013.75,-1263.75
2025-03-06 12:49:00,-3423.75,2145.0,-1278.75
2025-03-06 12:50:00,-3660.0,2313.75,-1346.25
2025-03-06 12:51:00,-4762.5,2587.5,-2175.0
2025-03-06 12:52:00,-4728.75,2531.25,-2197.5
2025-03-06 12:53:00,-5583.75,2523.75,-3060.0
2025-03-06 12:54:00,-4740.0,2400.0,-2340.0
2025-03-06 12:55:00,-4601.25,2437.5,-2163.75
2025-03-06 12:56:00,-4301.25,2490.0,-1811.25
2025-03-06 12:57:00,-4046.25,2358.75,-1687.5
2025-03-06 12:58:00,-3982.5,2336.25,-1646.25
2025-03-06 12:59:00,-3641.25,2246.25,-1395.0
2025-03-06 13:00:00,-3345.0,1777.5,-1567.5
2025-03-06 13:01:00,-3551.25,2171.25,-1380.0
2025-03-06 13:02:00,-3836.25,2351.25,-1485.0
2025-03-06 13:03:00,-3585.0,2340.0,-1245.0
2025-03-06 13:04:00,-3832.5,2478.75,-1353.75
2025-03-06 13:05:00,-3847.5,2756.25,-1091.25
2025-03-06 13:06:00,-3716.25,2760.0,-956.25
2025-03-06 13:07:00,-3416.25,2726.25,-690.0
2025-03-06 13:08:00,-3487.5,2898.75,-588.75
2025-03-06 13:09:00,-3813.75,3060.0,-753.75
2025-03-06 13:10:00,-4515.0,3131.25,-1383.75
2025-03-06 13:11:00,-3817.5,3052.5,-765.0
2025-03-06 13:12:00,-3795.0,3131.25,-663.75
2025-03-06 13:13:00,-3982.5,3153.75,-828.75
2025-03-06 13:14:00,-3832.5,3123.75,-708.75
2025-03-06 13:15:00,-3622.5,3127.5,-495.0
2025-03-06 13:16:00,-3360.0,3082.5,-277.5
2025-03-06 13:17:00,-3052.5,3213.75,161.25
2025-03-06 13:18:00,-3048.75,3266.25,217.5
2025-03-06 13:19:00,-3487.5,3543.75,56.25
2025-03-06 13:20:00,-3438.75,3532.5,93.75
2025-03-06 13:21:00,-3075.0,3555.0,480.0
2025-03-06 13:22:00,-2666.25,3375.0,708.75
2025-03-06 13:23:00,-2718.75,3476.25,757.5
2025-03-06 13:24:00,-3228.75,3645.0,416.25
2025-03-06 13:25:00,-3967.5,3633.75,-333.75
2025-03-06 13:26:00,-3547.5,3720.0,172.5
2025-03-06 13:27:00,-3495.0,3697.5,202.5
2025-03-06 13:28:00,-2958.75,3675.0,716.25
2025-03-06 13:29:00,-3311.25,3810.0,498.75
2025-03-06 13:30:00,-2940.0,3746.25,806.25
2025-03-06 13:31:00,-2947.5,3690.0,742.5
2025-03-06 13:32:00,-2685.0,3633.75,948.75
2025-03-06 13:33:00,-3131.25,3757.5,626.25
2025-03-06 13:34:00,-3330.0,3727.5,397.5
2025-03-06 13:35:00,-4200.0,3697.5,-502.5
2025-03-06 13:36:00,-4331.25,3738.75,-592.5
2025-03-06 13:37:00,-3813.75,3787.5,-26.25
2025-03-06 13:38:00,-3442.5,3787.5,345.0
2025-03-06 13:39:00,-3716.25,3858.75,142.5
2025-03-06 13:40:00,-3986.25,3881.25,-105.0
2025-03-06 13:41:00,-3948.75,3896.25,-52.5
2025-03-06 13:42:00,-4196.25,3900.0,-296.25
2025-03-06 13:43:00,-3971.25,3877.5,-93.75
2025-03-06 13:44:00,-3641.25,3847.5,206.25
2025-03-06 13:45:00,-4143.75,3907.5,-236.25
2025-03-06 13:46:00,-5002.5,3926.25,-1076.25
2025-03-06 13:47:00,-4717.5,3945.0,-772.5
2025-03-06 13:48:00,-4938.75,3933.75,-1005.0
2025-03-06 13:49:00,-4837.5,3918.75,-918.75
2025-03-06 13:50:00,-5482.5,3896.25,-1586.25
2025-03-06 13:51:00,-5411.25,3915.0,-1496.25
2025-03-06 13:52:00,-5430.0,3926.25,-1503.75
2025-03-06 13:53:00,-5441.25,3945.0,-1496.25
2025-03-06 13:54:00,-5512.5,3945.0,-1567.5
2025-03-06 13:55:00,-5467.5,3903.75,-1563.75
2025-03-06 13:56:00,-5422.5,3888.75,-1533.75
2025-03-06 13:57:00,-5426.25,3937.5,-1488.75
2025-03-06 13:58:00,-5441.25,3930.0,-1511.25
2025-03-06 13:59:00,-5445.0,3956.25,-1488.75
2025-03-06 14:00:00,-5441.25,3948.75,-1492.5
2025-03-06 14:01:00,-5437.5,3945.0,-1492.5
2025-03-06 14:02:00,-5445.0,3945.0,-1500.0
2025-03-06 14:03:00,-5445.0,3960.0,-1485.0
2025-03-06 14:04:00,-5467.5,4012.5,-1455.0
2025-03-06 14:05:00,-5445.0,4001.25,-1443.75
2025-03-06 14:06:00,-5448.75,4038.75,-1410.0
2025-03-06 14:07:00,-5388.75,4001.25,-1387.5
2025-03-06 14:08:00,-5433.75,4042.5,-1391.25
2025-03-06 14:09:00,-5411.25,4016.25,-1395.0
2025-03-06 14:10:00,-5403.75,4016.25,-1387.5
2025-03-06 14:11:00,-5392.5,4020.0,-1372.5
2025-03-06 14:12:00,-5370.0,3971.25,-1398.75
2025-03-06 14:13:00,-5385.0,4027.5,-1357.5
2025-03-06 14:14:00,-5422.5,4053.75,-1368.75
2025-03-06 14:15:00,-5343.75,4031.25,-1312.5
2025-03-06 14:16:00,-5343.75,3993.75,-1350.0
2025-03-06 14:17:00,-5358.75,4035.0,-1323.75
2025-03-06 14:18:00,-5351.25,4035.0,-1316.25
2025-03-06 14:19:00,-5343.75,4050.0,-1293.75
2025-03-06 14:20:00,-5321.25,4005.0,-1316.25
2025-03-06 14:21:00,-5328.75,4008.75,-1320.0
2025-03-06 14:22:00,-5332.5,4020.0,-1312.5
2025-03-06 14:23:00,-5310.0,4001.25,-1308.75
2025-03-06 14:24:00,-5313.75,4012.5,-1301.25
2025-03-06 14:25:00,-5306.25,4020.0,-1286.25
2025-03-06 14:26:00,-5317.5,4042.5,-1275.0
2025-03-06 14:27:00,-5310.0,4072.5,-1237.5
2025-03-06 14:28:00,-5291.25,4027.5,-1263.75
2025-03-06 14:29:00,-5283.75,4027.5,-1256.25
2025-03-06 14:30:00,-5283.75,3896.25,-1387.5
2025-03-06 14:31:00,-5276.25,3975.0,-1301.25
2025-03-06 14:32:00,-5272.5,4065.0,-1207.5
2025-03-06 14:33:00,-5302.5,4102.5,-1200.0
2025-03-06 14:34:00,-5317.5,4125.0,-1192.5
2025-03-06 14:35:00,-5317.5,4125.0,-1192.5
2025-03-06 14:36:00,-5302.5,4155.0,-1147.5
2025-03-06 14:37:00,-5298.75,4166.25,-1132.5
2025-03-06 14:38:00,-5291.25,4170.0,-1121.25
2025-03-06 14:39:00,-5306.25,4196.25,-1110.0
2025-03-06 14:40:00,-5306.25,4207.5,-1098.75
2025-03-06 14:41:00,-5295.0,4200.0,-1095.0
2025-03-06 14:42:00,-5332.5,4185.0,-1147.5
2025-03-06 14:43:00,-5336.25,4196.25,-1140.0
2025-03-06 14:44:00,-5351.25,4218.75,-1132.5
2025-03-06 14:45:00,-5328.75,4218.75,-1110.0
2025-03-06 14:46:00,-5313.75,4222.5,-1091.25
2025-03-06 14:47:00,-5336.25,4241.25,-1095.0
2025-03-06 14:48:00,-5328.75,4237.5,-1091.25
2025-03-06 14:49:00,-5306.25,4233.75,-1072.5
2025-03-06 14:50:00,-5291.25,4226.25,-1065.0
2025-03-06 14:51:00,-5291.25,4252.5,-1038.75
2025-03-06 14:52:00,-5283.75,4248.75,-1035.0
2025-03-06 14:53:00,-5268.75,4248.75,-1020.0
2025-03-06 14:54:00,-5261.25,4252.5,-1008.75
2025-03-06 14:55:00,-5257.5,4260.0,-997.5
2025-03-06 14:56:00,-5265.0,4267.5,-997.5
2025-03-06 14:57:00,-5261.25,4275.0,-986.25
2025-03-06 14:58:00,-5261.25,4278.75,-982.5
2025-03-06 14:59:00,-5276.25,4282.5,-993.75
2025-03-06 15:00:00,-5272.5,4282.5,-990.0
2025-03-06 15:01:00,-5253.75,4278.75,-975.0
2025-03-06 15:02:00,-5253.75,4278.75,-975.0
2025-03-06 15:03:00,-5253.75,4282.5,-971.25
2025-03-06 15:04:00,-5250.0,4290.0,-960.0
2025-03-06 15:05:00,-5242.5,4293.75,-948.75
2025-03-06 15:06:00,-5238.75,4293.75,-945.0
2025-03-06 15:07:00,-5238.75,4290.0,-948.75
2025-03-06 15:08:00,-5242.5,4290.0,-952.5
2025-03-06 15:09:00,-5235.0,4301.25,-933.75
2025-03-06 15:10:00,-5238.75,4293.75,-945.0
2025-03-06 15:11:00,-5231.25,4297.5,-933.75
2025-03-06 15:12:00,-5231.25,4297.5,-933.75
2025-03-06 15:13:00,-5231.25,4297.5,-933.75
2025-03-06 15:14:00,-5231.25,4297.5,-933.75
2025-03-06 15:15:00,-5231.25,4293.75,-937.5
2025-03-06 15:16:00,-5231.25,4305.0,-926.25
2025-03-06 15:17:00,-5231.25,4297.5,-933.75
2025-03-06 15:18:00,-5227.5,4305.0,-922.5
2025-03-06 15:19:00,-5227.5,4305.0,-922.5
2025-03-06 15:20:00,-5227.5,4305.0,-922.5
2025-03-06 15:21:00,-5227.5,4305.0,-922.5
2025-03-06 15:22:00,-5227.5,4305.0,-922.5
2025-03-06 15:23:00,-5227.5,4305.0,-922.5
2025-03-06 15:24:00,-5227.5,4305.0,-922.5
2025-03-06 15:25:00,-5227.5,4305.0,-922.5
2025-03-06 15:26:00,-5227.5,4305.0,-922.5
2025-03-06 15:27:00,-5227.5,4305.0,-922.5
2025-03-06 15:28:00,-5227.5,4305.0,-922.5
2025-03-06 15:29:00,-5227.5,4305.0,-922.5
2025-03-06 15:30:00,-5227.5,4305.0,-922.5
2025-03-13 10:15:00,0.0,0.0,0.0
2025-03-13 10:16:00,-45.0,33.75,-11.25
2025-03-13 10:17:00,-138.75,63.75,-75.0
2025-03-13 10:18:00,26.25,-18.75,7.5
2025-03-13 10:19:00,-101.25,15.0,-86.25
2025-03-13 10:20:00,-243.75,165.0,-78.75
2025-03-13 10:21:00,-45.0,60.0,15.0
2025-03-13 10:22:00,3.75,15.0,18.75
2025-03-13 10:23:00,131.25,-18.75,112.5
2025-03-13 10:24:00,187.5,-63.75,123.75
2025-03-13 10:25:00,202.5,-142.5,60.0
2025-03-13 10:26:00,337.5,-318.75,18.75
2025-03-13 10:27:00,210.0,-191.25,18.75
2025-03-13 10:28:00,153.75,-131.25,22.5
2025-03-13 10:29:00,210.0,-131.25,78.75
2025-03-13 10:30:00,135.0,-3.75,131.25
2025-03-13 10:31:00,142.5,0.0,142.5
2025-03-13 10:32:00,22.5,-45.0,-22.5
2025-03-13 10:33:00,86.25,18.75,105.0
2025-03-13 10:34:00,251.25,-33.75,217.5
2025-03-13 10:35:00,247.5,-30.0,217.5
2025-03-13 10:36:00,363.75,-183.75,180.0
2025-03-13 10:37:00,292.5,-180.0,112.5
2025-03-13 10:38:00,397.5,-345.0,52.5
2025-03-13 10:39:00,431.25,-517.5,-86.25
2025-03-13 10:40:00,367.5,-311.25,56.25
2025-03-13 10:41:00,330.0,-547.5,-217.5
2025-03-13 10:42:00,270.0,-371.25,-101.25
2025-03-13 10:43:00,195.0,-412.5,-217.5
2025-03-13 10:44:00,202.5,-637.5,-435.0
2025-03-13 10:45:00,247.5,-476.25,-228.75
2025-03-13 10:46:00,390.0,-735.0,-345.0
2025-03-13 10:47:00,356.25,-633.75,-277.5
2025-03-13 10:48:00,348.75,-573.75,-225.0
2025-03-13 10:49:00,416.25,-888.75,-472.5
2025-03-13 10:50:00,378.75,-701.25,-322.5
2025-03-13 10:51:00,405.0,-768.75,-363.75
2025-03-13 10:52:00,487.5,-1440.0,-952.5
2025-03-13 10:53:00,521.25,-2313.75,-1792.5
2025-03-13 10:54:00,543.75,-1980.0,-1436.25
2025-03-13 10:55:00,513.75,-1507.5,-993.75
2025-03-13 10:56:00,562.5,-1901.25,-1338.75
2025-03-13 10:57:00,573.75,-1938.75,-1365.0
2025-03-13 10:58:00,585.0,-2055.0,-1470.0
2025-03-13 10:59:00,566.25,-1668.75,-1102.5
2025-03-13 11:00:00,607.5,-1950.0,-1342.5
2025-03-13 11:01:00,693.75,-2137.5,-1443.75
2025-03-13 11:02:00,855.0,-2527.5,-1672.5
2025-03-13 11:03:00,896.25,-2257.5,-1361.25
2025-03-13 11:04:00,873.75,-2073.75,-1200.0
2025-03-13 11:05:00,997.5,-2115.0,-1117.5
2025-03-13 11:06:00,825.0,-1616.25,-791.25
2025-03-13 11:07:00,798.75,-1316.25,-517.5
2025-03-13 11:08:00,888.75,-1623.75,-735.0
2025-03-13 11:09:00,858.75,-1383.75,-525.0
2025-03-13 11:10:00,757.5,-1012.5,-255.0
2025-03-13 11:11:00,562.5,-952.5,-390.0
2025-03-13 11:12:00,570.0,-986.25,-416.25
2025-03-13 11:13:00,337.5,-663.75,-326.25
2025-03-13 11:14:00,198.75,-588.75,-390.0
2025-03-13 11:15:00,221.25,-641.25,-420.0
2025-03-13 11:16:00,397.5,-720.0,-322.5
2025-03-13 11:17:00,626.25,-858.75,-232.5
2025-03-13 11:18:00,708.75,-993.75,-285.0
2025-03-13 11:19:00,757.5,-1466.25,-708.75
2025-03-13 11:20:00,686.25,-1166.25,-480.0
2025-03-13 11:21:00,633.75,-1560.0,-926.25
2025-03-13 11:22:00,727.5,-1942.5,-1215.0
2025-03-13 11:23:00,708.75,-1668.75,-960.0
2025-03-13 11:24:00,723.75,-1931.25,-1207.5
2025-03-13 11:25:00,682.5,-1927.5,-1245.0
2025-03-13 11:26:00,720.0,-2148.75,-1428.75
2025-03-13 11:27:00,682.5,-1800.0,-1117.5
2025-03-13 11:28:00,727.5,-2501.25,-1773.75
2025-03-13 11:29:00,810.0,-2868.75,-2058.75
2025-03-13 11:30:00,978.75,-3532.5,-2553.75
2025-03-13 11:31:00,922.5,-3337.5,-2415.0
2025-03-13 11:32:00,1008.75,-4072.5,-3063.75
2025-03-13 11:33:00,1008.75,-3611.25,-2602.5
2025-03-13 11:34:00,960.0,-3371.25,-2411.25
2025-03-13 11:35:00,915.0,-3105.0,-2190.0
2025-03-13 11:36:00,960.0,-3300.0,-2340.0
2025-03-13 11:37:00,828.75,-3026.25,-2197.5
2025-03-13 11:38:00,1005.0,-4661.25,-3656.25
2025-03-13 11:39:00,1162.5,-5013.75,-3851.25
2025-03-13 11:40:00,1200.0,-6187.5,-4987.5
2025-03-13 11:41:00,1327.5,-6720.0,-5392.5
2025-03-13 11:42:00,1207.5,-6322.5,-5115.0
2025-03-13 11:43:00,1372.5,-6225.0,-4852.5
2025-03-13 11:44:00,1293.75,-5865.0,-4571.25
2025-03-13 11:45:00,1312.5,-5733.75,-4421.25
2025-03-13 11:46:00,1616.25,-6442.5,-4826.25
2025-03-13 11:47:00,1785.0,-6202.5,-4417.5
2025-03-13 11:48:00,2167.5,-7020.0,-4852.5
2025-03-13 11:49:00,2216.25,-7305.0,-5088.75
2025-03-13 11:50:00,2471.25,-7485.0,-5013.75
2025-03-13 11:51:00,2212.5,-6982.5,-4770.0
2025-03-13 11:52:00,2227.5,-6911.25,-4683.75
2025-03-13 11:53:00,2358.75,-7065.0,-4706.25
2025-03-13 11:54:00,2441.25,-7053.75,-4612.5
2025-03-13 11:55:00,2745.0,-7312.5,-4567.5
2025-03-13 11:56:00,2643.75,-7102.5,-4458.75
2025-03-13 11:57:00,2310.0,-6615.0,-4305.0
2025-03-13 11:58:00,2321.25,-6506.25,-4185.0
2025-03-13 11:59:00,2122.5,-6180.0,-4057.5
2025-03-13 12:00:00,2250.0,-6015.0,-3765.0
2025-03-13 12:01:00,2118.75,-6022.5,-3903.75
2025-03-13 12:02:00,1935.0,-5733.75,-3798.75
2025-03-13 12:03:00,2002.5,-5775.0,-3772.5
2025-03-13 12:04:00,2171.25,-5808.75,-3637.5
2025-03-13 12:05:00,2261.25,-5947.5,-3686.25
2025-03-13 12:06:00,2621.25,-6266.25,-3645.0
2025-03-13 12:07:00,2231.25,-5670.0,-3438.75
2025-03-13 12:08:00,2145.0,-5658.75,-3513.75
2025-03-13 12:09:00,2482.5,-5711.25,-3228.75
2025-03-13 12:10:00,2610.0,-5775.0,-3165.0
2025-03-13 12:11:00,2733.75,-5816.25,-3082.5
2025-03-13 12:12:00,2658.75,-5576.25,-2917.5
2025-03-13 12:13:00,2561.25,-5448.75,-2887.5
2025-03-13 12:14:00,2602.5,-5411.25,-2808.75
2025-03-13 12:15:00,2516.25,-5377.5,-2861.25
2025-03-13 12:16:00,2696.25,-5388.75,-2692.5
2025-03-13 12:17:00,2553.75,-5235.0,-2681.25
2025-03-13 12:18:00,2486.25,-5190.0,-2703.75
2025-03-13 12:19:00,2595.0,-5175.0,-2580.0
2025-03-13 12:20:00,2647.5,-5227.5,-2580.0
2025-03-13 12:21:00,2846.25,-5381.25,-2535.0
2025-03-13 12:22:00,3015.0,-5478.75,-2463.75
2025-03-13 12:23:00,3037.5,-5328.75,-2291.25
2025-03-13 12:24:00,2921.25,-5208.75,-2287.5
2025-03-13 12:25:00,2895.0,-5167.5,-2272.5
2025-03-13 12:26:00,3048.75,-5291.25,-2242.5
2025-03-13 12:27:00,3075.0,-5310.0,-2235.0
2025-03-13 12:28:00,3210.0,-5355.0,-2145.0
2025-03-13 12:29:00,3333.75,-5441.25,-2107.5
2025-03-13 12:30:00,3277.5,-5295.0,-2017.5
2025-03-13 12:31:00,3225.0,-5246.25,-2021.25
2025-03-13 12:32:00,3033.75,-5051.25,-2017.5
2025-03-13 12:33:00,2921.25,-4991.25,-2070.0
2025-03-13 12:34:00,2940.0,-5013.75,-2073.75
2025-03-13 12:35:00,3127.5,-5066.25,-1938.75
2025-03-13 12:36:00,3217.5,-5133.75,-1916.25
2025-03-13 12:37:00,3026.25,-5040.0,-2013.75
2025-03-13 12:38:00,2947.5,-5043.75,-2096.25
2025-03-13 12:39:00,2846.25,-5010.0,-2163.75
2025-03-13 12:40:00,2985.0,-5066.25,-2081.25
2025-03-13 12:41:00,2996.25,-5088.75,-2092.5
2025-03-13 12:42:00,3093.75,-5182.5,-2088.75
2025-03-13 12:43:00,3105.0,-5152.5,-2047.5
2025-03-13 12:44:00,2850.0,-5010.0,-2160.0
2025-03-13 12:45:00,2643.75,-4983.75,-2340.0
2025-03-13 12:46:00,2651.25,-4987.5,-2336.25
2025-03-13 12:47:00,2403.75,-4882.5,-2478.75
2025-03-13 12:48:00,2497.5,-4912.5,-2415.0
2025-03-13 12:49:00,2486.25,-4905.0,-2418.75
2025-03-13 12:50:00,3003.75,-4983.75,-1980.0
2025-03-13 12:51:00,2970.0,-4995.0,-2025.0
2025-03-13 12:52:00,2940.0,-4957.5,-2017.5
2025-03-13 12:53:00,2763.75,-4920.0,-2156.25
2025-03-13 12:54:00,2610.0,-4901.25,-2291.25
2025-03-13 12:55:00,2823.75,-4942.5,-2118.75
2025-03-13 12:56:00,3090.0,-5013.75,-1923.75
2025-03-13 12:57:00,2823.75,-4920.0,-2096.25
2025-03-13 12:58:00,2778.75,-4901.25,-2122.5
2025-03-13 12:59:00,2786.25,-4912.5,-2126.25
2025-03-13 13:00:00,2617.5,-4867.5,-2250.0
2025-03-13 13:01:00,2613.75,-4905.0,-2291.25
2025-03-13 13:02:00,2651.25,-4957.5,-2306.25
2025-03-13 13:03:00,2752.5,-4972.5,-2220.0
2025-03-13 13:04:00,2970.0,-5028.75,-2058.75
2025-03-13 13:05:00,2943.75,-5028.75,-2085.0
2025-03-13 13:06:00,3022.5,-5028.75,-2006.25
2025-03-13 13:07:00,3003.75,-4998.75,-1995.0
2025-03-13 13:08:00,3318.75,-5167.5,-1848.75
2025-03-13 13:09:00,3322.5,-5171.25,-1848.75
2025-03-13 13:10:00,3457.5,-5407.5,-1950.0
2025-03-13 13:11:00,3510.0,-5351.25,-1841.25
2025-03-13 13:12:00,3517.5,-5370.0,-1852.5
2025-03-13 13:13:00,3472.5,-5231.25,-1758.75
2025-03-13 13:14:00,3562.5,-5377.5,-1815.0
2025-03-13 13:15:00,3498.75,-5306.25,-1807.5
2025-03-13 13:16:00,3607.5,-5433.75,-1826.25
2025-03-13 13:17:00,3502.5,-5081.25,-1578.75
2025-03-13 13:18:00,3521.25,-5081.25,-1560.0
2025-03-13 13:19:00,3618.75,-5156.25,-1537.5
2025-03-13 13:20:00,3472.5,-4965.0,-1492.5
2025-03-13 13:21:00,3472.5,-4927.5,-1455.0
2025-03-13 13:22:00,3581.25,-4968.75,-1387.5
2025-03-13 13:23:00,3663.75,-4983.75,-1320.0
2025-03-13 13:24:00,3660.0,-4980.0,-1320.0
2025-03-13 13:25:00,3585.0,-4972.5,-1387.5
2025-03-13 13:26:00,3543.75,-5010.0,-1466.25
2025-03-13 13:27:00,3603.75,-5043.75,-1440.0
2025-03-13 13:28:00,3780.0,-5133.75,-1353.75
2025-03-13 13:29:00,3776.25,-5145.0,-1368.75
2025-03-13 13:30:00,3787.5,-5122.5,-1335.0
2025-03-13 13:31:00,3798.75,-5025.0,-1226.25
2025-03-13 13:32:00,3667.5,-4905.0,-1237.5
2025-03-13 13:33:00,3667.5,-4931.25,-1263.75
2025-03-13 13:34:00,3562.5,-4927.5,-1365.0
2025-03-13 13:35:00,3453.75,-4942.5,-1488.75
2025-03-13 13:36:00,3543.75,-4976.25,-1432.5
2025-03-13 13:37:00,3465.0,-4957.5,-1492.5
2025-03-13 13:38:00,3382.5,-4923.75,-1541.25
2025-03-13 13:39:00,3427.5,-4931.25,-1503.75
2025-03-13 13:40:00,3367.5,-4920.0,-1552.5
2025-03-13 13:41:00,3405.0,-4927.5,-1522.5
2025-03-13 13:42:00,3247.5,-4886.25,-1638.75
2025-03-13 13:43:00,3408.75,-4901.25,-1492.5
2025-03-13 13:44:00,3592.5,-4938.75,-1346.25
2025-03-13 13:45:00,3566.25,-4920.0,-1353.75
2025-03-13 13:46:00,3663.75,-4953.75,-1290.0
2025-03-13 13:47:00,3450.0,-4897.5,-1447.5
2025-03-13 13:48:00,3491.25,-4957.5,-1466.25
2025-03-13 13:49:00,3656.25,-5051.25,-1395.0
2025-03-13 13:50:00,3618.75,-5081.25,-1462.5
2025-03-13 13:51:00,3487.5,-4965.0,-1477.5
2025-03-13 13:52:00,3397.5,-4950.0,-1552.5
2025-03-13 13:53:00,3397.5,-5006.25,-1608.75
2025-03-13 13:54:00,3176.25,-4946.25,-1770.0
2025-03-13 13:55:00,3393.75,-4998.75,-1605.0
2025-03-13 13:56:00,3116.25,-4972.5,-1856.25
2025-03-13 13:57:00,3412.5,-5216.25,-1803.75
2025-03-13 13:58:00,3502.5,-5092.5,-1590.0
2025-03-13 13:59:00,3476.25,-5085.0,-1608.75
2025-03-13 14:00:00,3588.75,-5257.5,-1668.75
2025-03-13 14:01:00,3656.25,-5148.75,-1492.5
2025-03-13 14:02:00,3551.25,-5062.5,-1511.25
2025-03-13 14:03:00,3502.5,-5002.5,-1500.0
2025-03-13 14:04:00,3502.5,-5073.75,-1571.25
2025-03-13 14:05:00,3517.5,-5115.0,-1597.5
2025-03-13 14:06:00,3618.75,-5122.5,-1503.75
2025-03-13 14:07:00,3517.5,-5058.75,-1541.25
2025-03-13 14:08:00,3716.25,-5261.25,-1545.0
2025-03-13 14:09:00,3690.0,-5126.25,-1436.25
2025-03-13 14:10:00,3671.25,-5073.75,-1402.5
2025-03-13 14:11:00,3798.75,-5145.0,-1346.25
2025-03-13 14:12:00,3847.5,-5212.5,-1365.0
2025-03-13 14:13:00,3825.0,-5190.0,-1365.0
2025-03-13 14:14:00,3802.5,-5096.25,-1293.75
2025-03-13 14:15:00,3720.0,-5006.25,-1286.25
2025-03-13 14:16:00,3892.5,-5212.5,-1320.0
2025-03-13 14:17:00,3888.75,-5163.75,-1275.0
2025-03-13 14:18:00,3903.75,-5246.25,-1342.5
2025-03-13 14:19:00,3990.0,-5178.75,-1188.75
2025-03-13 14:20:00,4027.5,-5171.25,-1143.75
2025-03-13 14:21:00,4065.0,-5133.75,-1068.75
2025-03-13 14:22:00,4050.0,-5163.75,-1113.75
2025-03-13 14:23:00,4038.75,-5111.25,-1072.5
2025-03-13 14:24:00,4117.5,-5276.25,-1158.75
2025-03-13 14:25:00,4117.5,-5073.75,-956.25
2025-03-13 14:26:00,4140.0,-5055.0,-915.0
2025-03-13 14:27:00,4170.0,-5055.0,-885.0
2025-03-13 14:28:00,4140.0,-4901.25,-761.25
2025-03-13 14:29:00,4222.5,-5043.75,-821.25
2025-03-13 14:30:00,4188.75,-5028.75,-840.0
2025-03-13 14:31:00,4207.5,-5073.75,-866.25
2025-03-13 14:32:00,4230.0,-5040.0,-810.0
2025-03-13 14:33:00,4271.25,-5111.25,-840.0
2025-03-13 14:34:00,4275.0,-5077.5,-802.5
2025-03-13 14:35:00,4293.75,-5193.75,-900.0
2025-03-13 14:36:00,4305.0,-5178.75,-873.75
2025-03-13 14:37:00,4290.0,-5156.25,-866.25
2025-03-13 14:38:00,4290.0,-5163.75,-873.75
2025-03-13 14:39:00,4286.25,-5088.75,-802.5
2025-03-13 14:40:00,4275.0,-4976.25,-701.25
2025-03-13 14:41:00,4263.75,-4950.0,-686.25
2025-03-13 14:42:00,4275.0,-4920.0,-645.0
2025-03-13 14:43:00,4297.5,-4957.5,-660.0
2025-03-13 14:44:00,4308.75,-4905.0,-596.25
2025-03-13 14:45:00,4305.0,-4796.25,-491.25
2025-03-13 14:46:00,4290.0,-4777.5,-487.5
2025-03-13 14:47:00,4301.25,-4822.5,-521.25
2025-03-13 14:48:00,4331.25,-4803.75,-472.5
2025-03-13 14:49:00,4346.25,-4837.5,-491.25
2025-03-13 14:50:00,4368.75,-5036.25,-667.5
2025-03-13 14:51:00,4368.75,-4953.75,-585.0
2025-03-13 14:52:00,4368.75,-4755.0,-386.25
2025-03-13 14:53:00,4372.5,-4725.0,-352.5
2025-03-13 14:54:00,4380.0,-4758.75,-378.75
2025-03-13 14:55:00,4376.25,-4968.75,-592.5
2025-03-13 14:56:00,4372.5,-4927.5,-555.0
2025-03-13 14:57:00,4383.75,-4856.25,-472.5
2025-03-13 14:58:00,4383.75,-4893.75,-510.0
2025-03-13 14:59:00,4387.5,-4972.5,-585.0
2025-03-13 15:00:00,4387.5,-5028.75,-641.25
2025-03-13 15:01:00,4398.75,-5115.0,-716.25
2025-03-13 15:02:00,4402.5,-5426.25,-1023.75
2025-03-13 15:03:00,4410.0,-5103.75,-693.75
2025-03-13 15:04:00,4413.75,-5051.25,-637.5
2025-03-13 15:05:00,4406.25,-4942.5,-536.25
2025-03-13 15:06:00,4410.0,-4837.5,-427.5
2025-03-13 15:07:00,4410.0,-4912.5,-502.5
2025-03-13 15:08:00,4421.25,-5133.75,-712.5
2025-03-13 15:09:00,4417.5,-5130.0,-712.5
2025-03-13 15:10:00,4417.5,-4923.75,-506.25
2025-03-13 15:11:00,4413.75,-4931.25,-517.5
2025-03-13 15:12:00,4413.75,-4976.25,-562.5
2025-03-13 15:13:00,4413.75,-5040.0,-626.25
2025-03-13 15:14:00,4417.5,-4845.0,-427.5
2025-03-13 15:15:00,4417.5,-4833.75,-416.25
2025-03-13 15:16:00,4421.25,-4691.25,-270.0
2025-03-13 15:17:00,4421.25,-4833.75,-412.5
2025-03-13 15:18:00,4417.5,-4676.25,-258.75
2025-03-13 15:19:00,4421.25,-4728.75,-307.5
2025-03-13 15:20:00,4421.25,-4680.0,-258.75
2025-03-13 15:21:00,4421.25,-4680.0,-258.75
2025-03-13 15:22:00,4421.25,-4680.0,-258.75
2025-03-13 15:23:00,4421.25,-4680.0,-258.75
2025-03-13 15:24:00,4421.25,-4680.0,-258.75
2025-03-13 15:25:00,4421.25,-4680.0,-258.75
2025-03-13 15:26:00,4421.25,-4680.0,-258.75
2025-03-13 15:27:00,4421.25,-4680.0,-258.75
2025-03-13 15:28:00,4421.25,-4680.0,-258.75
2025-03-13 15:29:00,4421.25,-4680.0,-258.75
2025-03-13 15:30:00,4421.25,-4680.0,-258.75
2025-03-20 10:15:00,0.0,0.0,0.0
2025-03-20 10:16:00,-195.0,210.0,15.0
2025-03-20 10:17:00,-315.0,543.75,228.75
2025-03-20 10:18:00,-348.75,521.25,172.5
2025-03-20 10:19:00,-1106.25,753.75,-352.5
2025-03-20 10:20:00,-903.75,708.75,-195.0
2025-03-20 10:21:00,-963.75,708.75,-255.0
2025-03-20 10:22:00,-1271.25,855.0,-416.25
2025-03-20 10:23:00,-1200.0,907.5,-292.5
2025-03-20 10:24:00,-1155.0,881.25,-273.75
2025-03-20 10:25:00,-1023.75,900.0,-123.75
2025-03-20 10:26:00,-1128.75,881.25,-247.5
2025-03-20 10:27:00,-855.0,851.25,-3.75
2025-03-20 10:28:00,-1297.5,941.25,-356.25
2025-03-20 10:29:00,-1428.75,937.5,-491.25
2025-03-20 10:30:00,-1218.75,960.0,-258.75
2025-03-20 10:31:00,-1541.25,1061.25,-480.0
2025-03-20 10:32:00,-1398.75,1012.5,-386.25
2025-03-20 10:33:00,-1065.0,971.25,-93.75
2025-03-20 10:34:00,-1395.0,1023.75,-371.25
2025-03-20 10:35:00,-1470.0,963.75,-506.25
2025-03-20 10:36:00,-1432.5,963.75,-468.75
2025-03-20 10:37:00,-1181.25,903.75,-277.5
2025-03-20 10:38:00,-1271.25,892.5,-378.75
2025-03-20 10:39:00,-1293.75,900.0,-393.75
2025-03-20 10:40:00,-1428.75,858.75,-570.0
2025-03-20 10:41:00,-1413.75,933.75,-480.0
2025-03-20 10:42:00,-1222.5,885.0,-337.5
2025-03-20 10:43:00,-1462.5,937.5,-525.0
2025-03-20 10:44:00,-1260.0,862.5,-397.5
2025-03-20 10:45:00,-1301.25,765.0,-536.25
2025-03-20 10:46:00,-1188.75,791.25,-397.5
2025-03-20 10:47:00,-855.0,780.0,-75.0
2025-03-20 10:48:00,-1207.5,915.0,-292.5
2025-03-20 10:49:00,-1237.5,918.75,-318.75
2025-03-20 10:50:00,-1110.0,885.0,-225.0
2025-03-20 10:51:00,-1031.25,757.5,-273.75
2025-03-20 10:52:00,-753.75,600.0,-153.75
2025-03-20 10:53:00,-971.25,787.5,-183.75
2025-03-20 10:54:00,-802.5,716.25,-86.25
2025-03-20 10:55:00,-903.75,660.0,-243.75
2025-03-20 10:56:00,-1151.25,780.0,-371.25
2025-03-20 10:57:00,-1196.25,765.0,-431.25
2025-03-20 10:58:00,-1533.75,915.0,-618.75
2025-03-20 10:59:00,-1312.5,840.0,-472.5
2025-03-20 11:00:00,-1436.25,911.25,-525.0
2025-03-20 11:01:00,-1646.25,941.25,-705.0
2025-03-20 11:02:00,-1233.75,918.75,-315.0
2025-03-20 11:03:00,-1102.5,922.5,-180.0
2025-03-20 11:04:00,-952.5,892.5,-60.0
2025-03-20 11:05:00,-1042.5,963.75,-78.75
2025-03-20 11:06:00,-1177.5,1005.0,-172.5
2025-03-20 11:07:00,-1256.25,1035.0,-221.25
2025-03-20 11:08:00,-1102.5,1053.75,-48.75
2025-03-20 11:09:00,-1188.75,1061.25,-127.5
2025-03-20 11:10:00,-971.25,1005.0,33.75
2025-03-20 11:11:00,-1121.25,1042.5,-78.75
2025-03-20 11:12:00,-1335.0,1102.5,-232.5
2025-03-20 11:13:00,-1500.0,1106.25,-393.75
2025-03-20 11:14:00,-2407.5,1162.5,-1245.0
2025-03-20 11:15:00,-2002.5,1177.5,-825.0
2025-03-20 11:16:00,-2047.5,1256.25,-791.25
2025-03-20 11:17:00,-1691.25,1173.75,-517.5
2025-03-20 11:18:00,-1785.0,1110.0,-675.0
2025-03-20 11:19:00,-1695.0,1031.25,-663.75
2025-03-20 11:20:00,-1627.5,941.25,-686.25
2025-03-20 11:21:00,-1230.0,517.5,-712.5
2025-03-20 11:22:00,-1140.0,513.75,-626.25
2025-03-20 11:23:00,-1271.25,847.5,-423.75
2025-03-20 11:24:00,-1342.5,903.75,-438.75
2025-03-20 11:25:00,-1428.75,1076.25,-352.5
2025-03-20 11:26:00,-1421.25,1170.0,-251.25
2025-03-20 11:27:00,-1098.75,888.75,-210.0
2025-03-20 11:28:00,-1005.0,828.75,-176.25
2025-03-20 11:29:00,-1218.75,1196.25,-22.5
2025-03-20 11:30:00,-1226.25,1312.5,86.25
2025-03-20 11:31:00,-1267.5,1515.0,247.5
2025-03-20 11:32:00,-1241.25,1470.0,228.75
2025-03-20 11:33:00,-1046.25,1421.25,375.0
2025-03-20 11:34:00,-948.75,1218.75,270.0
2025-03-20 11:35:00,-690.0,1012.5,322.5
2025-03-20 11:36:00,-982.5,1395.0,412.5
2025-03-20 11:37:00,-881.25,1391.25,510.0
2025-03-20 11:38:00,-1061.25,1597.5,536.25
2025-03-20 11:39:00,-1140.0,1687.5,547.5
2025-03-20 11:40:00,-978.75,1541.25,562.5
2025-03-20 11:41:00,-1113.75,1605.0,491.25
2025-03-20 11:42:00,-817.5,1192.5,375.0
2025-03-20 11:43:00,-903.75,1346.25,442.5
2025-03-20 11:44:00,-1035.0,1357.5,322.5
2025-03-20 11:45:00,-1042.5,1500.0,457.5
2025-03-20 11:46:00,-1136.25,1567.5,431.25
2025-03-20 11:47:00,-1035.0,1353.75,318.75
2025-03-20 11:48:00,-915.0,1402.5,487.5
2025-03-20 11:49:00,-1020.0,1773.75,753.75
2025-03-20 11:50:00,-633.75,1406.25,772.5
2025-03-20 11:51:00,-885.0,1642.5,757.5
2025-03-20 11:52:00,-903.75,1631.25,727.5
2025-03-20 11:53:00,-941.25,1811.25,870.0
2025-03-20 11:54:00,-431.25,1383.75,952.5
2025-03-20 11:55:00,-858.75,1931.25,1072.5
2025-03-20 11:56:00,-1110.0,2141.25,1031.25
2025-03-20 11:57:00,-956.25,2077.5,1121.25
2025-03-20 11:58:00,-877.5,2013.75,1136.25
2025-03-20 11:59:00,-783.75,2040.0,1256.25
2025-03-20 12:00:00,-667.5,1991.25,1323.75
2025-03-20 12:01:00,-746.25,2145.0,1398.75
2025-03-20 12:02:00,-1001.25,2287.5,1286.25
2025-03-20 12:03:00,-877.5,2186.25,1308.75
2025-03-20 12:04:00,-1286.25,2358.75,1072.5
2025-03-20 12:05:00,-1031.25,2220.0,1188.75
2025-03-20 12:06:00,-873.75,2122.5,1248.75
2025-03-20 12:07:00,-896.25,2118.75,1222.5
2025-03-20 12:08:00,-918.75,2148.75,1230.0
2025-03-20 12:09:00,-971.25,2231.25,1260.0
2025-03-20 12:10:00,-915.0,2160.0,1245.0
2025-03-20 12:11:00,-776.25,2103.75,1327.5
2025-03-20 12:12:00,-881.25,2250.0,1368.75
2025-03-20 12:13:00,-903.75,2223.75,1320.0
2025-03-20 12:14:00,-1050.0,2400.0,1350.0
2025-03-20 12:15:00,-1065.0,2388.75,1323.75
2025-03-20 12:16:00,-945.0,2355.0,1410.0
2025-03-20 12:17:00,-1170.0,2523.75,1353.75
2025-03-20 12:18:00,-963.75,2471.25,1507.5
2025-03-20 12:19:00,-1376.25,2700.0,1323.75
2025-03-20 12:20:00,-1327.5,2722.5,1395.0
2025-03-20 12:21:00,-1151.25,2673.75,1522.5
2025-03-20 12:22:00,-1012.5,2602.5,1590.0
2025-03-20 12:23:00,-903.75,2565.0,1661.25
2025-03-20 12:24:00,-930.0,2482.5,1552.5
2025-03-20 12:25:00,-997.5,2561.25,1563.75
2025-03-20 12:26:00,-885.0,2467.5,1582.5
2025-03-20 12:27:00,-776.25,2437.5,1661.25
2025-03-20 12:28:00,-945.0,2531.25,1586.25
2025-03-20 12:29:00,-1083.75,2662.5,1578.75
2025-03-20 12:30:00,-1162.5,2700.0,1537.5
2025-03-20 12:31:00,-1185.0,2707.5,1522.5
2025-03-20 12:32:00,-990.0,2688.75,1698.75
2025-03-20 12:33:00,-1023.75,2722.5,1698.75
2025-03-20 12:34:00,-1005.0,2662.5,1657.5
2025-03-20 12:35:00,-1185.0,2745.0,1560.0
2025-03-20 12:36:00,-1342.5,2842.5,1500.0
2025-03-20 12:37:00,-1200.0,2816.25,1616.25
2025-03-20 12:38:00,-1072.5,2808.75,1736.25
2025-03-20 12:39:00,-1237.5,2902.5,1665.0
2025-03-20 12:40:00,-1353.75,2940.0,1586.25
2025-03-20 12:41:00,-1211.25,2876.25,1665.0
2025-03-20 12:42:00,-1196.25,2853.75,1657.5
2025-03-20 12:43:00,-1256.25,2857.5,1601.25
2025-03-20 12:44:00,-1522.5,2812.5,1290.0
2025-03-20 12:45:00,-1743.75,2823.75,1080.0
2025-03-20 12:46:00,-1458.75,2741.25,1282.5
2025-03-20 12:47:00,-2287.5,2726.25,438.75
2025-03-20 12:48:00,-2272.5,2823.75,551.25
2025-03-20 12:49:00,-3030.0,2887.5,-142.5
2025-03-20 12:50:00,-2617.5,2973.75,356.25
2025-03-20 12:51:00,-2692.5,2985.0,292.5
2025-03-20 12:52:00,-2726.25,3060.0,333.75
2025-03-20 12:53:00,-2628.75,3097.5,468.75
2025-03-20 12:54:00,-2681.25,3131.25,450.0
2025-03-20 12:55:00,-2591.25,3187.5,596.25
2025-03-20 12:56:00,-2568.75,3285.0,716.25
2025-03-20 12:57:00,-2557.5,3322.5,765.0
2025-03-20 12:58:00,-2580.0,3326.25,746.25
2025-03-20 12:59:00,-2527.5,3273.75,746.25
2025-03-20 13:00:00,-2587.5,3300.0,712.5
2025-03-20 13:01:00,-2497.5,3168.75,671.25
2025-03-20 13:02:00,-2512.5,3112.5,600.0
2025-03-20 13:03:00,-2557.5,3116.25,558.75
2025-03-20 13:04:00,-2497.5,3018.75,521.25
2025-03-20 13:05:00,-2433.75,3071.25,637.5
2025-03-20 13:06:00,-2388.75,3191.25,802.5
2025-03-20 13:07:00,-2471.25,3195.0,723.75
2025-03-20 13:08:00,-2527.5,3258.75,731.25
2025-03-20 13:09:00,-2643.75,3270.0,626.25
2025-03-20 13:10:00,-2625.0,3333.75,708.75
2025-03-20 13:11:00,-3165.0,3363.75,198.75
2025-03-20 13:12:00,-3228.75,3390.0,161.25
2025-03-20 13:13:00,-3382.5,3390.0,7.5
2025-03-20 13:14:00,-3540.0,3405.0,-135.0
2025-03-20 13:15:00,-3956.25,3416.25,-540.0
2025-03-20 13:16:00,-3813.75,3378.75,-435.0
2025-03-20 13:17:00,-3806.25,3348.75,-457.5
2025-03-20 13:18:00,-3776.25,3300.0,-476.25
2025-03-20 13:19:00,-4061.25,3390.0,-671.25
2025-03-20 13:20:00,-4792.5,3446.25,-1346.25
2025-03-20 13:21:00,-4620.0,3423.75,-1196.25
2025-03-20 13:22:00,-4803.75,3420.0,-1383.75
2025-03-20 13:23:00,-5441.25,3412.5,-2028.75
2025-03-20 13:24:00,-6513.75,3311.25,-3202.5
2025-03-20 13:25:00,-5553.75,3378.75,-2175.0
2025-03-20 13:26:00,-5178.75,3303.75,-1875.0
2025-03-20 13:27:00,-5141.25,3678.75,-1462.5
2025-03-20 13:28:00,-4878.75,3750.0,-1128.75
2025-03-20 13:29:00,-4878.75,3795.0,-1083.75
2025-03-20 13:30:00,-5201.25,4207.5,-993.75
2025-03-20 13:31:00,-5332.5,4451.25,-881.25
2025-03-20 13:32:00,-5141.25,4350.0,-791.25
2025-03-20 13:33:00,-5231.25,4391.25,-840.0
2025-03-20 13:34:00,-5280.0,4552.5,-727.5
2025-03-20 13:35:00,-5220.0,4575.0,-645.0
2025-03-20 13:36:00,-5126.25,4548.75,-577.5
2025-03-20 13:37:00,-5407.5,4781.25,-626.25
2025-03-20 13:38:00,-5685.0,4972.5,-712.5
2025-03-20 13:39:00,-5673.75,4968.75,-705.0
2025-03-20 13:40:00,-5580.0,4935.0,-645.0
2025-03-20 13:41:00,-5726.25,4946.25,-780.0
2025-03-20 13:42:00,-5295.0,4785.0,-510.0
2025-03-20 13:43:00,-5666.25,4968.75,-697.5
2025-03-20 13:44:00,-5666.25,4950.0,-716.25
2025-03-20 13:45:00,-5598.75,4912.5,-686.25
2025-03-20 13:46:00,-5437.5,4822.5,-615.0
2025-03-20 13:47:00,-5505.0,4845.0,-660.0
2025-03-20 13:48:00,-5197.5,4785.0,-412.5
2025-03-20 13:49:00,-5156.25,4796.25,-360.0
2025-03-20 13:50:00,-5430.0,4905.0,-525.0
2025-03-20 13:51:00,-5610.0,4983.75,-626.25
2025-03-20 13:52:00,-5786.25,5073.75,-712.5
2025-03-20 13:53:00,-5831.25,5167.5,-663.75
2025-03-20 13:54:00,-5940.0,5197.5,-742.5
2025-03-20 13:55:00,-5985.0,5197.5,-787.5
2025-03-20 13:56:00,-6030.0,5190.0,-840.0
2025-03-20 13:57:00,-5917.5,5175.0,-742.5
2025-03-20 13:58:00,-5981.25,5212.5,-768.75
2025-03-20 13:59:00,-6446.25,5358.75,-1087.5
2025-03-20 14:00:00,-6277.5,5366.25,-911.25
2025-03-20 14:01:00,-6180.0,5313.75,-866.25
2025-03-20 14:02:00,-6405.0,5403.75,-1001.25
2025-03-20 14:03:00,-6461.25,5456.25,-1005.0
2025-03-20 14:04:00,-6480.0,5426.25,-1053.75
2025-03-20 14:05:00,-6498.75,5415.0,-1083.75
2025-03-20 14:06:00,-6461.25,5403.75,-1057.5
2025-03-20 14:07:00,-6431.25,5418.75,-1012.5
2025-03-20 14:08:00,-6495.0,5475.0,-1020.0
2025-03-20 14:09:00,-6435.0,5407.5,-1027.5
2025-03-20 14:10:00,-6285.0,5261.25,-1023.75
2025-03-20 14:11:00,-6258.75,5122.5,-1136.25
2025-03-20 14:12:00,-6288.75,5235.0,-1053.75
2025-03-20 14:13:00,-6315.0,5313.75,-1001.25
2025-03-20 14:14:00,-6281.25,5291.25,-990.0
2025-03-20 14:15:00,-6277.5,5272.5,-1005.0
2025-03-20 14:16:00,-6266.25,5306.25,-960.0
2025-03-20 14:17:00,-6217.5,5261.25,-956.25
2025-03-20 14:18:00,-6191.25,5077.5,-1113.75
2025-03-20 14:19:00,-6198.75,5268.75,-930.0
2025-03-20 14:20:00,-6210.0,5422.5,-787.5
2025-03-20 14:21:00,-6225.0,5430.0,-795.0
2025-03-20 14:22:00,-6243.75,5587.5,-656.25
2025-03-20 14:23:00,-6281.25,5580.0,-701.25
2025-03-20 14:24:00,-6258.75,5572.5,-686.25
2025-03-20 14:25:00,-6296.25,5621.25,-675.0
2025-03-20 14:26:00,-6288.75,5587.5,-701.25
2025-03-20 14:27:00,-6453.75,5580.0,-873.75
2025-03-20 14:28:00,-6450.0,5647.5,-802.5
2025-03-20 14:29:00,-6431.25,5681.25,-750.0
2025-03-20 14:30:00,-6401.25,5662.5,-738.75
2025-03-20 14:31:00,-6405.0,5670.0,-735.0
2025-03-20 14:32:00,-6397.5,5700.0,-697.5
2025-03-20 14:33:00,-6341.25,5707.5,-633.75
2025-03-20 14:34:00,-6330.0,5688.75,-641.25
2025-03-20 14:35:00,-6360.0,5737.5,-622.5
2025-03-20 14:36:00,-6236.25,5666.25,-570.0
2025-03-20 14:37:00,-6172.5,5670.0,-502.5
2025-03-20 14:38:00,-6213.75,5700.0,-513.75
2025-03-20 14:39:00,-6262.5,5730.0,-532.5
2025-03-20 14:40:00,-6213.75,5685.0,-528.75
2025-03-20 14:41:00,-6187.5,5673.75,-513.75
2025-03-20 14:42:00,-6187.5,5688.75,-498.75
2025-03-20 14:43:00,-6180.0,5692.5,-487.5
2025-03-20 14:44:00,-6176.25,5700.0,-476.25
2025-03-20 14:45:00,-6142.5,5696.25,-446.25
2025-03-20 14:46:00,-6153.75,5730.0,-423.75
2025-03-20 14:47:00,-6153.75,5703.75,-450.0
2025-03-20 14:48:00,-6146.25,5688.75,-457.5
2025-03-20 14:49:00,-6150.0,5711.25,-438.75
2025-03-20 14:50:00,-6157.5,5748.75,-408.75
2025-03-20 14:51:00,-6176.25,5771.25,-405.0
2025-03-20 14:52:00,-6180.0,5805.0,-375.0
2025-03-20 14:53:00,-6195.0,5823.75,-371.25
2025-03-20 14:54:00,-6195.0,5835.0,-360.0
2025-03-20 14:55:00,-6157.5,5823.75,-333.75
2025-03-20 14:56:00,-6157.5,5835.0,-322.5
2025-03-20 14:57:00,-6161.25,5831.25,-330.0
2025-03-20 14:58:00,-6150.0,5823.75,-326.25
2025-03-20 14:59:00,-6123.75,5827.5,-296.25
2025-03-20 15:00:00,-6112.5,5805.0,-307.5
2025-03-20 15:01:00,-6101.25,5835.0,-266.25
2025-03-20 15:02:00,-6086.25,5835.0,-251.25
2025-03-20 15:03:00,-6078.75,5846.25,-232.5
2025-03-20 15:04:00,-6071.25,5861.25,-210.0
2025-03-20 15:05:00,-6067.5,5868.75,-198.75
2025-03-20 15:06:00,-6067.5,5887.5,-180.0
2025-03-20 15:07:00,-6067.5,5891.25,-176.25
2025-03-20 15:08:00,-6067.5,5895.0,-172.5
2025-03-20 15:09:00,-6063.75,5895.0,-168.75
2025-03-20 15:10:00,-6063.75,5891.25,-172.5
2025-03-20 15:11:00,-6067.5,5891.25,-176.25
2025-03-20 15:12:00,-6067.5,5898.75,-168.75
2025-03-20 15:13:00,-6060.0,5895.0,-165.0
2025-03-20 15:14:00,-6060.0,5898.75,-161.25
2025-03-20 15:15:00,-6063.75,5898.75,-165.0
2025-03-20 15:16:00,-6063.75,5902.5,-161.25
2025-03-20 15:17:00,-6063.75,5906.25,-157.5
2025-03-20 15:18:00,-6060.0,5906.25,-153.75
2025-03-20 15:19:00,-6056.25,5910.0,-146.25
2025-03-20 15:20:00,-6060.0,5906.25,-153.75
2025-03-20 15:21:00,-6060.0,5906.25,-153.75
2025-03-20 15:22:00,-6060.0,5906.25,-153.75
2025-03-20 15:23:00,-6060.0,5906.25,-153.75
2025-03-20 15:24:00,-6060.0,5906.25,-153.75
2025-03-20 15:25:00,-6060.0,5906.25,-153.75
2025-03-20 15:26:00,-6060.0,5906.25,-153.75
2025-03-20 15:27:00,-6060.0,5906.25,-153.75
2025-03-20 15:28:00,-6060.0,5906.25,-153.75
2025-03-20 15:29:00,-6060.0,5906.25,-153.75
2025-03-20 15:30:00,-6060.0,5906.25,-153.75
2025-03-27 10:15:00,0.0,0.0,0.0
2025-03-27 10:16:00,-127.5,146.25,18.75
2025-03-27 10:17:00,-386.25,367.5,-18.75
2025-03-27 10:18:00,-52.5,213.75,161.25
2025-03-27 10:19:00,326.25,-138.75,187.5
2025-03-27 10:20:00,401.25,-97.5,303.75
2025-03-27 10:21:00,371.25,-108.75,262.5
2025-03-27 10:22:00,116.25,112.5,228.75
2025-03-27 10:23:00,33.75,288.75,322.5
2025-03-27 10:24:00,-266.25,491.25,225.0
2025-03-27 10:25:00,-63.75,412.5,348.75
2025-03-27 10:26:00,-48.75,453.75,405.0
2025-03-27 10:27:00,375.0,345.0,720.0
2025-03-27 10:28:00,438.75,240.0,678.75
2025-03-27 10:29:00,281.25,408.75,690.0
2025-03-27 10:30:00,165.0,607.5,772.5
2025-03-27 10:31:00,105.0,633.75,738.75
2025-03-27 10:32:00,528.75,446.25,975.0
2025-03-27 10:33:00,671.25,315.0,986.25
2025-03-27 10:34:00,772.5,157.5,930.0
2025-03-27 10:35:00,731.25,243.75,975.0
2025-03-27 10:36:00,997.5,52.5,1050.0
2025-03-27 10:37:00,918.75,322.5,1241.25
2025-03-27 10:38:00,1050.0,52.5,1102.5
2025-03-27 10:39:00,1192.5,75.0,1267.5
2025-03-27 10:40:00,1237.5,-3.75,1233.75
2025-03-27 10:41:00,1147.5,56.25,1203.75
2025-03-27 10:42:00,1113.75,157.5,1271.25
2025-03-27 10:43:00,1001.25,330.0,1331.25
2025-03-27 10:44:00,967.5,457.5,1425.0
2025-03-27 10:45:00,1230.0,198.75,1428.75
2025-03-27 10:46:00,1091.25,337.5,1428.75
2025-03-27 10:47:00,1121.25,408.75,1530.0
2025-03-27 10:48:00,1357.5,221.25,1578.75
2025-03-27 10:49:00,1376.25,161.25,1537.5
2025-03-27 10:50:00,1477.5,86.25,1563.75
2025-03-27 10:51:00,1571.25,-232.5,1338.75
2025-03-27 10:52:00,1586.25,-251.25,1335.0
2025-03-27 10:53:00,1462.5,217.5,1680.0
2025-03-27 10:54:00,1470.0,120.0,1590.0
2025-03-27 10:55:00,1518.75,93.75,1612.5
2025-03-27 10:56:00,1496.25,165.0,1661.25
2025-03-27 10:57:00,1575.0,30.0,1605.0
2025-03-27 10:58:00,1567.5,195.0,1762.5
2025-03-27 10:59:00,1541.25,251.25,1792.5
2025-03-27 11:00:00,1492.5,363.75,1856.25
2025-03-27 11:01:00,1308.75,851.25,2160.0
2025-03-27 11:02:00,1290.0,791.25,2081.25
2025-03-27 11:03:00,1050.0,753.75,1803.75
2025-03-27 11:04:00,1076.25,690.0,1766.25
2025-03-27 11:05:00,1068.75,697.5,1766.25
2025-03-27 11:06:00,1053.75,757.5,1811.25
2025-03-27 11:07:00,1203.75,742.5,1946.25
2025-03-27 11:08:00,1113.75,806.25,1920.0
2025-03-27 11:09:00,982.5,907.5,1890.0
2025-03-27 11:10:00,1140.0,877.5,2017.5
2025-03-27 11:11:00,1185.0,840.0,2025.0
2025-03-27 11:12:00,1106.25,888.75,1995.0
2025-03-27 11:13:00,1162.5,765.0,1927.5
2025-03-27 11:14:00,1207.5,791.25,1998.75
2025-03-27 11:15:00,1106.25,810.0,1916.25
2025-03-27 11:16:00,1057.5,836.25,1893.75
2025-03-27 11:17:00,798.75,873.75,1672.5
2025-03-27 11:18:00,1136.25,795.0,1931.25
2025-03-27 11:19:00,1293.75,780.0,2073.75
2025-03-27 11:20:00,1260.0,795.0,2055.0
2025-03-27 11:21:00,1425.0,693.75,2118.75
2025-03-27 11:22:00,1406.25,761.25,2167.5
2025-03-27 11:23:00,1500.0,765.0,2265.0
2025-03-27 11:24:00,1522.5,746.25,2268.75
2025-03-27 11:25:00,1518.75,832.5,2351.25
2025-03-27 11:26:00,1458.75,802.5,2261.25
2025-03-27 11:27:00,1503.75,783.75,2287.5
2025-03-27 11:28:00,1511.25,847.5,2358.75
2025-03-27 11:29:00,1638.75,731.25,2370.0
2025-03-27 11:30:00,1657.5,772.5,2430.0
2025-03-27 11:31:00,1586.25,821.25,2407.5
2025-03-27 11:32:00,1620.0,768.75,2388.75
2025-03-27 11:33:00,1590.0,851.25,2441.25
2025-03-27 11:34:00,1533.75,993.75,2527.5
2025-03-27 11:35:00,1511.25,1001.25,2512.5
2025-03-27 11:36:00,1488.75,1023.75,2512.5
2025-03-27 11:37:00,1511.25,1095.0,2606.25
2025-03-27 11:38:00,1552.5,1110.0,2662.5
2025-03-27 11:39:00,1605.0,1083.75,2688.75
2025-03-27 11:40:00,1552.5,1166.25,2718.75
2025-03-27 11:41:00,1563.75,1143.75,2707.5
2025-03-27 11:42:00,1567.5,1121.25,2688.75
2025-03-27 11:43:00,1421.25,1181.25,2602.5
2025-03-27 11:44:00,1357.5,1173.75,2531.25
2025-03-27 11:45:00,1421.25,1188.75,2610.0
2025-03-27 11:46:00,1380.0,1173.75,2553.75
2025-03-27 11:47:00,1368.75,1162.5,2531.25
2025-03-27 11:48:00,1320.0,1211.25,2531.25
2025-03-27 11:49:00,1290.0,1222.5,2512.5
2025-03-27 11:50:00,1398.75,1203.75,2602.5
2025-03-27 11:51:00,1398.75,1211.25,2610.0
2025-03-27 11:52:00,1458.75,1170.0,2628.75
2025-03-27 11:53:00,1503.75,1170.0,2673.75
2025-03-27 11:54:00,1496.25,1192.5,2688.75
2025-03-27 11:55:00,1533.75,1173.75,2707.5
2025-03-27 11:56:00,1503.75,1177.5,2681.25
2025-03-27 11:57:00,1447.5,1177.5,2625.0
2025-03-27 11:58:00,1470.0,1215.0,2685.0
2025-03-27 11:59:00,1526.25,1170.0,2696.25
2025-03-27 12:00:00,1590.0,1140.0,2730.0
2025-03-27 12:01:00,1691.25,1068.75,2760.0
2025-03-27 12:02:00,1676.25,1076.25,2752.5
2025-03-27 12:03:00,1755.0,1053.75,2808.75
2025-03-27 12:04:00,1781.25,997.5,2778.75
2025-03-27 12:05:00,1781.25,960.0,2741.25
2025-03-27 12:06:00,1788.75,941.25,2730.0
2025-03-27 12:07:00,1796.25,986.25,2782.5
2025-03-27 12:08:00,1770.0,1072.5,2842.5
2025-03-27 12:09:00,1755.0,1098.75,2853.75
2025-03-27 12:10:00,1743.75,1162.5,2906.25
2025-03-27 12:11:00,1743.75,1192.5,2936.25
2025-03-27 12:12:00,1800.0,1173.75,2973.75
2025-03-27 12:13:00,1777.5,1248.75,3026.25
2025-03-27 12:14:00,1721.25,1267.5,2988.75
2025-03-27 12:15:00,1713.75,1260.0,2973.75
2025-03-27 12:16:00,1706.25,1252.5,2958.75
2025-03-27 12:17:00,1736.25,1207.5,2943.75
2025-03-27 12:18:00,1792.5,1207.5,3000.0
2025-03-27 12:19:00,1830.0,1117.5,2947.5
2025-03-27 12:20:00,1871.25,993.75,2865.0
2025-03-27 12:21:00,1867.5,1087.5,2955.0
2025-03-27 12:22:00,1841.25,1136.25,2977.5
2025-03-27 12:23:00,1856.25,1147.5,3003.75
2025-03-27 12:24:00,1871.25,1121.25,2992.5
2025-03-27 12:25:00,1897.5,1132.5,3030.0
2025-03-27 12:26:00,1905.0,1095.0,3000.0
2025-03-27 12:27:00,1886.25,1102.5,2988.75
2025-03-27 12:28:00,1886.25,1053.75,2940.0
2025-03-27 12:29:00,1920.0,1046.25,2966.25
2025-03-27 12:30:00,1920.0,1095.0,3015.0
2025-03-27 12:31:00,1935.0,930.0,2865.0
2025-03-27 12:32:00,1942.5,720.0,2662.5
2025-03-27 12:33:00,1935.0,858.75,2793.75
2025-03-27 12:34:00,1946.25,941.25,2887.5
2025-03-27 12:35:00,1950.0,866.25,2816.25
2025-03-27 12:36:00,1946.25,828.75,2775.0
2025-03-27 12:37:00,1935.0,1020.0,2955.0
2025-03-27 12:38:00,1893.75,1128.75,3022.5
2025-03-27 12:39:00,1852.5,1173.75,3026.25
2025-03-27 12:40:00,1837.5,1173.75,3011.25
2025-03-27 12:41:00,1856.25,1166.25,3022.5
2025-03-27 12:42:00,1871.25,1173.75,3045.0
2025-03-27 12:43:00,1871.25,1192.5,3063.75
2025-03-27 12:44:00,1890.0,1207.5,3097.5
2025-03-27 12:45:00,1890.0,1263.75,3153.75
2025-03-27 12:46:00,1871.25,1241.25,3112.5
2025-03-27 12:47:00,1833.75,1222.5,3056.25
2025-03-27 12:48:00,1837.5,1230.0,3067.5
2025-03-27 12:49:00,1848.75,1245.0,3093.75
2025-03-27 12:50:00,1837.5,1226.25,3063.75
2025-03-27 12:51:00,1856.25,1203.75,3060.0
2025-03-27 12:52:00,1890.0,1177.5,3067.5
2025-03-27 12:53:00,1931.25,1110.0,3041.25
2025-03-27 12:54:00,1923.75,1158.75,3082.5
2025-03-27 12:55:00,1931.25,1125.0,3056.25
2025-03-27 12:56:00,1953.75,1110.0,3063.75
2025-03-27 12:57:00,1946.25,1140.0,3086.25
2025-03-27 12:58:00,1942.5,1140.0,3082.5
2025-03-27 12:59:00,1920.0,1226.25,3146.25
2025-03-27 13:00:00,1916.25,1275.0,3191.25
2025-03-27 13:01:00,1852.5,1335.0,3187.5
2025-03-27 13:02:00,1848.75,1353.75,3202.5
2025-03-27 13:03:00,1875.0,1305.0,3180.0
2025-03-27 13:04:00,1920.0,1271.25,3191.25
2025-03-27 13:05:00,1931.25,1260.0,3191.25
2025-03-27 13:06:00,1935.0,1312.5,3247.5
2025-03-27 13:07:00,1995.0,1278.75,3273.75
2025-03-27 13:08:00,2006.25,1275.0,3281.25
2025-03-27 13:09:00,2028.75,1260.0,3288.75
2025-03-27 13:10:00,2043.75,1233.75,3277.5
2025-03-27 13:11:00,2040.0,1301.25,3341.25
2025-03-27 13:12:00,2062.5,1290.0,3352.5
2025-03-27 13:13:00,2047.5,1335.0,3382.5
2025-03-27 13:14:00,2036.25,1320.0,3356.25
2025-03-27 13:15:00,2085.0,1196.25,3281.25
2025-03-27 13:16:00,2085.0,1162.5,3247.5
2025-03-27 13:17:00,2051.25,1222.5,3273.75
2025-03-27 13:18:00,2055.0,1113.75,3168.75
2025-03-27 13:19:00,2040.0,1121.25,3161.25
2025-03-27 13:20:00,2025.0,1151.25,3176.25
2025-03-27 13:21:00,2028.75,1158.75,3187.5
2025-03-27 13:22:00,2040.0,1226.25,3266.25
2025-03-27 13:23:00,2028.75,1196.25,3225.0
2025-03-27 13:24:00,2032.5,1241.25,3273.75
2025-03-27 13:25:00,2036.25,1305.0,3341.25
2025-03-27 13:26:00,2032.5,1305.0,3337.5
2025-03-27 13:27:00,1998.75,1342.5,3341.25
2025-03-27 13:28:00,2017.5,1335.0,3352.5
2025-03-27 13:29:00,2010.0,1331.25,3341.25
2025-03-27 13:30:00,1972.5,1406.25,3378.75
2025-03-27 13:31:00,1927.5,1425.0,3352.5
2025-03-27 13:32:00,1950.0,1451.25,3401.25
2025-03-27 13:33:00,1946.25,1462.5,3408.75
2025-03-27 13:34:00,1938.75,1462.5,3401.25
2025-03-27 13:35:00,1946.25,1440.0,3386.25
2025-03-27 13:36:00,1968.75,1417.5,3386.25
2025-03-27 13:37:00,2043.75,1387.5,3431.25
2025-03-27 13:38:00,2025.0,1387.5,3412.5
2025-03-27 13:39:00,2040.0,1413.75,3453.75
2025-03-27 13:40:00,2017.5,1458.75,3476.25
2025-03-27 13:41:00,1991.25,1451.25,3442.5
2025-03-27 13:42:00,1965.0,1462.5,3427.5
2025-03-27 13:43:00,1976.25,1451.25,3427.5
2025-03-27 13:44:00,1983.75,1447.5,3431.25
2025-03-27 13:45:00,1946.25,1477.5,3423.75
2025-03-27 13:46:00,1923.75,1522.5,3446.25
2025-03-27 13:47:00,1976.25,1518.75,3495.0
2025-03-27 13:48:00,1980.0,1488.75,3468.75
2025-03-27 13:49:00,1983.75,1500.0,3483.75
2025-03-27 13:50:00,1946.25,1515.0,3461.25
2025-03-27 13:51:00,1901.25,1563.75,3465.0
2025-03-27 13:52:00,1942.5,1541.25,3483.75
2025-03-27 13:53:00,1953.75,1537.5,3491.25
2025-03-27 13:54:00,1983.75,1541.25,3525.0
2025-03-27 13:55:00,1968.75,1533.75,3502.5
2025-03-27 13:56:00,2028.75,1522.5,3551.25
2025-03-27 13:57:00,2002.5,1533.75,3536.25
2025-03-27 13:58:00,2047.5,1515.0,3562.5
2025-03-27 13:59:00,2077.5,1481.25,3558.75
2025-03-27 14:00:00,2077.5,1533.75,3611.25
2025-03-27 14:01:00,2081.25,1533.75,3615.0
2025-03-27 14:02:00,2055.0,1567.5,3622.5
2025-03-27 14:03:00,2025.0,1571.25,3596.25
2025-03-27 14:04:00,1980.0,1575.0,3555.0
2025-03-27 14:05:00,1991.25,1575.0,3566.25
2025-03-27 14:06:00,1995.0,1556.25,3551.25
2025-03-27 14:07:00,2021.25,1578.75,3600.0
2025-03-27 14:08:00,2040.0,1616.25,3656.25
2025-03-27 14:09:00,2021.25,1601.25,3622.5
2025-03-27 14:10:00,1983.75,1627.5,3611.25
2025-03-27 14:11:00,2025.0,1631.25,3656.25
2025-03-27 14:12:00,2051.25,1612.5,3663.75
2025-03-27 14:13:00,2066.25,1612.5,3678.75
2025-03-27 14:14:00,2088.75,1612.5,3701.25
2025-03-27 14:15:00,2092.5,1623.75,3716.25
2025-03-27 14:16:00,2133.75,1616.25,3750.0
2025-03-27 14:17:00,2130.0,1608.75,3738.75
2025-03-27 14:18:00,2122.5,1608.75,3731.25
2025-03-27 14:19:00,2092.5,1653.75,3746.25
2025-03-27 14:20:00,2096.25,1650.0,3746.25
2025-03-27 14:21:00,2111.25,1668.75,3780.0
2025-03-27 14:22:00,2145.0,1687.5,3832.5
2025-03-27 14:23:00,2118.75,1668.75,3787.5
2025-03-27 14:24:00,2130.0,1691.25,3821.25
2025-03-27 14:25:00,2115.0,1710.0,3825.0
2025-03-27 14:26:00,2111.25,1706.25,3817.5
2025-03-27 14:27:00,2141.25,1706.25,3847.5
2025-03-27 14:28:00,2182.5,1717.5,3900.0
2025-03-27 14:29:00,2193.75,1706.25,3900.0
2025-03-27 14:30:00,2197.5,1698.75,3896.25
2025-03-27 14:31:00,2220.0,1683.75,3903.75
2025-03-27 14:32:00,2238.75,1627.5,3866.25
2025-03-27 14:33:00,2216.25,1597.5,3813.75
2025-03-27 14:34:00,2205.0,1571.25,3776.25
2025-03-27 14:35:00,2208.75,1593.75,3802.5
2025-03-27 14:36:00,2190.0,1503.75,3693.75
2025-03-27 14:37:00,2212.5,1582.5,3795.0
2025-03-27 14:38:00,2201.25,1695.0,3896.25
2025-03-27 14:39:00,2205.0,1668.75,3873.75
2025-03-27 14:40:00,2223.75,1721.25,3945.0
2025-03-27 14:41:00,2227.5,1680.0,3907.5
2025-03-27 14:42:00,2220.0,1683.75,3903.75
2025-03-27 14:43:00,2208.75,1717.5,3926.25
2025-03-27 14:44:00,2205.0,1702.5,3907.5
2025-03-27 14:45:00,2212.5,1710.0,3922.5
2025-03-27 14:46:00,2205.0,1728.75,3933.75
2025-03-27 14:47:00,2205.0,1728.75,3933.75
2025-03-27 14:48:00,2227.5,1725.0,3952.5
2025-03-27 14:49:00,2208.75,1710.0,3918.75
2025-03-27 14:50:00,2201.25,1713.75,3915.0
2025-03-27 14:51:00,2193.75,1721.25,3915.0
2025-03-27 14:52:00,2178.75,1728.75,3907.5
2025-03-27 14:53:00,2197.5,1728.75,3926.25
2025-03-27 14:54:00,2205.0,1740.0,3945.0
2025-03-27 14:55:00,2201.25,1743.75,3945.0
2025-03-27 14:56:00,2201.25,1777.5,3978.75
2025-03-27 14:57:00,2212.5,1785.0,3997.5
2025-03-27 14:58:00,2223.75,1781.25,4005.0
2025-03-27 14:59:00,2205.0,1766.25,3971.25
2025-03-27 15:00:00,2283.75,1762.5,4046.25
2025-03-27 15:01:00,2287.5,1725.0,4012.5
2025-03-27 15:02:00,2287.5,1781.25,4068.75
2025-03-27 15:03:00,2283.75,1777.5,4061.25
2025-03-27 15:04:00,2287.5,1743.75,4031.25
2025-03-27 15:05:00,2291.25,1773.75,4065.0
2025-03-27 15:06:00,2298.75,1770.0,4068.75
2025-03-27 15:07:00,2298.75,1751.25,4050.0
2025-03-27 15:08:00,2298.75,1788.75,4087.5
2025-03-27 15:09:00,2302.5,1796.25,4098.75
2025-03-27 15:10:00,2302.5,1803.75,4106.25
2025-03-27 15:11:00,2298.75,1803.75,4102.5
2025-03-27 15:12:00,2298.75,1807.5,4106.25
2025-03-27 15:13:00,2298.75,1807.5,4106.25
2025-03-27 15:14:00,2298.75,1803.75,4102.5
2025-03-27 15:15:00,2298.75,1807.5,4106.25
2025-03-27 15:16:00,2298.75,1800.0,4098.75
2025-03-27 15:17:00,2302.5,1807.5,4110.0
2025-03-27 15:18:00,2302.5,1807.5,4110.0
2025-03-27 15:19:00,2302.5,1807.5,4110.0
2025-03-27 15:20:00,2298.75,1807.5,4106.25
2025-03-27 15:21:00,2298.75,1807.5,4106.25
2025-03-27 15:22:00,2298.75,1807.5,4106.25
2025-03-27 15:23:00,2298.75,1807.5,4106.25
2025-03-27 15:24:00,2298.75,1807.5,4106.25
2025-03-27 15:25:00,2298.75,1807.5,4106.25
2025-03-27 15:26:00,2298.75,1807.5,4106.25
2025-03-27 15:27:00,2298.75,1807.5,4106.25
2025-03-27 15:28:00,2298.75,1807.5,4106.25
2025-03-27 15:29:00,2298.75,1807.5,4106.25
2025-03-27 15:30:00,2298.75,1807.5,4106.25
2025-04-03 10:15:00,0.0,0.0,0.0
2025-04-03 10:16:00,446.25,-101.25,345.0
2025-04-03 10:17:00,652.5,-116.25,536.25
2025-04-03 10:18:00,607.5,-135.0,472.5
2025-04-03 10:19:00,487.5,-30.0,457.5
2025-04-03 10:20:00,450.0,11.25,461.25
2025-04-03 10:21:00,506.25,22.5,528.75
2025-04-03 10:22:00,240.0,165.0,405.0
2025-04-03 10:23:00,-7.5,206.25,198.75
2025-04-03 10:24:00,67.5,232.5,300.0
2025-04-03 10:25:00,-798.75,303.75,-495.0
2025-04-03 10:26:00,-525.0,161.25,-363.75
2025-04-03 10:27:00,-228.75,41.25,-187.5
2025-04-03 10:28:00,-502.5,202.5,-300.0
2025-04-03 10:29:00,-540.0,356.25,-183.75
2025-04-03 10:30:00,-296.25,105.0,-191.25
2025-04-03 10:31:00,-52.5,-101.25,-153.75
2025-04-03 10:32:00,82.5,-225.0,-142.5
2025-04-03 10:33:00,-112.5,142.5,30.0
2025-04-03 10:34:00,-247.5,135.0,-112.5
2025-04-03 10:35:00,-168.75,123.75,-45.0
2025-04-03 10:36:00,-82.5,112.5,30.0
2025-04-03 10:37:00,-3.75,75.0,71.25
2025-04-03 10:38:00,45.0,86.25,131.25
2025-04-03 10:39:00,52.5,-15.0,37.5
2025-04-03 10:40:00,172.5,30.0,202.5
2025-04-03 10:41:00,-52.5,300.0,247.5
2025-04-03 10:42:00,206.25,-3.75,202.5
2025-04-03 10:43:00,307.5,-127.5,180.0
2025-04-03 10:44:00,296.25,-11.25,285.0
2025-04-03 10:45:00,315.0,-48.75,266.25
2025-04-03 10:46:00,405.0,-210.0,195.0
2025-04-03 10:47:00,453.75,-105.0,348.75
2025-04-03 10:48:00,626.25,-517.5,108.75
2025-04-03 10:49:00,716.25,-630.0,86.25
2025-04-03 10:50:00,720.0,-472.5,247.5
2025-04-03 10:51:00,671.25,-408.75,262.5
2025-04-03 10:52:00,806.25,-870.0,-63.75
2025-04-03 10:53:00,787.5,-592.5,195.0
2025-04-03 10:54:00,723.75,-423.75,300.0
2025-04-03 10:55:00,705.0,-386.25,318.75
2025-04-03 10:56:00,648.75,-191.25,457.5
2025-04-03 10:57:00,641.25,-210.0,431.25
2025-04-03 10:58:00,603.75,-18.75,585.0
2025-04-03 10:59:00,562.5,131.25,693.75
2025-04-03 11:00:00,558.75,247.5,806.25
2025-04-03 11:01:00,630.0,116.25,746.25
2025-04-03 11:02:00,772.5,90.0,862.5
2025-04-03 11:03:00,956.25,-225.0,731.25
2025-04-03 11:04:00,1023.75,-528.75,495.0
2025-04-03 11:05:00,1027.5,-645.0,382.5
2025-04-03 11:06:00,1023.75,-716.25,307.5
2025-04-03 11:07:00,1106.25,-1035.0,71.25
2025-04-03 11:08:00,1068.75,-768.75,300.0
2025-04-03 11:09:00,1020.0,-540.0,480.0
2025-04-03 11:10:00,1050.0,-435.0,615.0
2025-04-03 11:11:00,960.0,-45.0,915.0
2025-04-03 11:12:00,963.75,-60.0,903.75
2025-04-03 11:13:00,926.25,52.5,978.75
2025-04-03 11:14:00,971.25,-93.75,877.5
2025-04-03 11:15:00,963.75,-71.25,892.5
2025-04-03 11:16:00,1102.5,-397.5,705.0
2025-04-03 11:17:00,1113.75,-528.75,585.0
2025-04-03 11:18:00,1106.25,-442.5,663.75
2025-04-03 11:19:00,1166.25,-611.25,555.0
2025-04-03 11:20:00,1147.5,-476.25,671.25
2025-04-03 11:21:00,1188.75,-738.75,450.0
2025-04-03 11:22:00,1188.75,-712.5,476.25
2025-04-03 11:23:00,1173.75,-547.5,626.25
2025-04-03 11:24:00,1098.75,-112.5,986.25
2025-04-03 11:25:00,1095.0,-116.25,978.75
2025-04-03 11:26:00,1173.75,-393.75,780.0
2025-04-03 11:27:00,1177.5,-461.25,716.25
2025-04-03 11:28:00,1151.25,-363.75,787.5
2025-04-03 11:29:00,1132.5,-210.0,922.5
2025-04-03 11:30:00,1125.0,-270.0,855.0
2025-04-03 11:31:00,1151.25,-285.0,866.25
2025-04-03 11:32:00,1181.25,-401.25,780.0
2025-04-03 11:33:00,1196.25,-510.0,686.25
2025-04-03 11:34:00,1200.0,-371.25,828.75
2025-04-03 11:35:00,1162.5,-221.25,941.25
2025-04-03 11:36:00,1128.75,-86.25,1042.5
2025-04-03 11:37:00,1020.0,330.0,1350.0
2025-04-03 11:38:00,1020.0,258.75,1278.75
2025-04-03 11:39:00,1053.75,135.0,1188.75
2025-04-03 11:40:00,1098.75,60.0,1158.75
2025-04-03 11:41:00,1050.0,138.75,1188.75
2025-04-03 11:42:00,1128.75,-41.25,1087.5
2025-04-03 11:43:00,1147.5,-45.0,1102.5
2025-04-03 11:44:00,1121.25,120.0,1241.25
2025-04-03 11:45:00,1046.25,330.0,1376.25
2025-04-03 11:46:00,1057.5,213.75,1271.25
2025-04-03 11:47:00,1053.75,161.25,1215.0
2025-04-03 11:48:00,1046.25,225.0,1271.25
2025-04-03 11:49:00,1128.75,165.0,1293.75
2025-04-03 11:50:00,1050.0,273.75,1323.75
2025-04-03 11:51:00,1042.5,251.25,1293.75
2025-04-03 11:52:00,1050.0,225.0,1275.0
2025-04-03 11:53:00,990.0,371.25,1361.25
2025-04-03 11:54:00,896.25,637.5,1533.75
2025-04-03 11:55:00,832.5,705.0,1537.5
2025-04-03 11:56:00,851.25,630.0,1481.25
2025-04-03 11:57:00,948.75,498.75,1447.5
2025-04-03 11:58:00,986.25,510.0,1496.25
2025-04-03 11:59:00,971.25,513.75,1485.0
2025-04-03 12:00:00,993.75,562.5,1556.25
2025-04-03 12:01:00,1031.25,483.75,1515.0
2025-04-03 12:02:00,1023.75,487.5,1511.25
2025-04-03 12:03:00,1061.25,472.5,1533.75
2025-04-03 12:04:00,1061.25,498.75,1560.0
2025-04-03 12:05:00,1076.25,637.5,1713.75
2025-04-03 12:06:00,1121.25,566.25,1687.5
2025-04-03 12:07:00,1098.75,626.25,1725.0
2025-04-03 12:08:00,1102.5,648.75,1751.25
2025-04-03 12:09:00,1117.5,555.0,1672.5
2025-04-03 12:10:00,1177.5,476.25,1653.75
2025-04-03 12:11:00,1200.0,450.0,1650.0
2025-04-03 12:12:00,1203.75,472.5,1676.25
2025-04-03 12:13:00,1158.75,626.25,1785.0
2025-04-03 12:14:00,1260.0,300.0,1560.0
2025-04-03 12:15:00,1305.0,225.0,1530.0
2025-04-03 12:16:00,1271.25,221.25,1492.5
2025-04-03 12:17:00,1267.5,183.75,1451.25
2025-04-03 12:18:00,1305.0,105.0,1410.0
2025-04-03 12:19:00,1293.75,108.75,1402.5
2025-04-03 12:20:00,1263.75,307.5,1571.25
2025-04-03 12:21:00,1293.75,176.25,1470.0
2025-04-03 12:22:00,1278.75,255.0,1533.75
2025-04-03 12:23:00,1312.5,165.0,1477.5
2025-04-03 12:24:00,1368.75,-86.25,1282.5
2025-04-03 12:25:00,1368.75,-161.25,1207.5
2025-04-03 12:26:00,1428.75,-427.5,1001.25
2025-04-03 12:27:00,1436.25,-543.75,892.5
2025-04-03 12:28:00,1451.25,-596.25,855.0
2025-04-03 12:29:00,1421.25,-420.0,1001.25
2025-04-03 12:30:00,1410.0,-326.25,1083.75
2025-04-03 12:31:00,1417.5,-423.75,993.75
2025-04-03 12:32:00,1402.5,-382.5,1020.0
2025-04-03 12:33:00,1387.5,-165.0,1222.5
2025-04-03 12:34:00,1365.0,-101.25,1263.75
2025-04-03 12:35:00,1361.25,-183.75,1177.5
2025-04-03 12:36:00,1361.25,-116.25,1245.0
2025-04-03 12:37:00,1327.5,78.75,1406.25
2025-04-03 12:38:00,1323.75,112.5,1436.25
2025-04-03 12:39:00,1323.75,153.75,1477.5
2025-04-03 12:40:00,1327.5,82.5,1410.0
2025-04-03 12:41:00,1331.25,-37.5,1293.75
2025-04-03 12:42:00,1350.0,-172.5,1177.5
2025-04-03 12:43:00,1342.5,-146.25,1196.25
2025-04-03 12:44:00,1353.75,-315.0,1038.75
2025-04-03 12:45:00,1425.0,-648.75,776.25
2025-04-03 12:46:00,1417.5,-678.75,738.75
2025-04-03 12:47:00,1447.5,-731.25,716.25
2025-04-03 12:48:00,1428.75,-697.5,731.25
2025-04-03 12:49:00,1425.0,-690.0,735.0
2025-04-03 12:50:00,1432.5,-746.25,686.25
2025-04-03 12:51:00,1421.25,-498.75,922.5
2025-04-03 12:52:00,1428.75,-427.5,1001.25
2025-04-03 12:53:00,1421.25,-363.75,1057.5
2025-04-03 12:54:00,1425.0,-435.0,990.0
2025-04-03 12:55:00,1428.75,-435.0,993.75
2025-04-03 12:56:00,1413.75,-258.75,1155.0
2025-04-03 12:57:00,1395.0,-142.5,1252.5
2025-04-03 12:58:00,1432.5,-288.75,1143.75
2025-04-03 12:59:00,1413.75,-371.25,1042.5
2025-04-03 13:00:00,1413.75,-228.75,1185.0
2025-04-03 13:01:00,1443.75,-307.5,1136.25
2025-04-03 13:02:00,1473.75,-442.5,1031.25
2025-04-03 13:03:00,1470.0,-468.75,1001.25
2025-04-03 13:04:00,1473.75,-513.75,960.0
2025-04-03 13:05:00,1481.25,-521.25,960.0
2025-04-03 13:06:00,1488.75,-468.75,1020.0
2025-04-03 13:07:00,1496.25,-405.0,1091.25
2025-04-03 13:08:00,1488.75,-322.5,1166.25
2025-04-03 13:09:00,1515.0,-588.75,926.25
2025-04-03 13:10:00,1511.25,-588.75,922.5
2025-04-03 13:11:00,1511.25,-637.5,873.75
2025-04-03 13:12:00,1515.0,-581.25,933.75
2025-04-03 13:13:00,1507.5,-521.25,986.25
2025-04-03 13:14:00,1518.75,-678.75,840.0
2025-04-03 13:15:00,1518.75,-487.5,1031.25
2025-04-03 13:16:00,1511.25,-536.25,975.0
2025-04-03 13:17:00,1488.75,-420.0,1068.75
2025-04-03 13:18:00,1511.25,-633.75,877.5
2025-04-03 13:19:00,1507.5,-551.25,956.25
2025-04-03 13:20:00,1522.5,-577.5,945.0
2025-04-03 13:21:00,1526.25,-667.5,858.75
2025-04-03 13:22:00,1530.0,-570.0,960.0
2025-04-03 13:23:00,1533.75,-682.5,851.25
2025-04-03 13:24:00,1526.25,-678.75,847.5
2025-04-03 13:25:00,1522.5,-716.25,806.25
2025-04-03 13:26:00,1518.75,-618.75,900.0
2025-04-03 13:27:00,1518.75,-600.0,918.75
2025-04-03 13:28:00,1500.0,-483.75,1016.25
2025-04-03 13:29:00,1485.0,-311.25,1173.75
2025-04-03 13:30:00,1477.5,-243.75,1233.75
2025-04-03 13:31:00,1492.5,-255.0,1237.5
2025-04-03 13:32:00,1496.25,-240.0,1256.25
2025-04-03 13:33:00,1503.75,-127.5,1376.25
2025-04-03 13:34:00,1455.0,153.75,1608.75
2025-04-03 13:35:00,1428.75,307.5,1736.25
2025-04-03 13:36:00,1455.0,127.5,1582.5
2025-04-03 13:37:00,1488.75,123.75,1612.5
2025-04-03 13:38:00,1462.5,161.25,1623.75
2025-04-03 13:39:00,1470.0,60.0,1530.0
2025-04-03 13:40:00,1455.0,45.0,1500.0
2025-04-03 13:41:00,1451.25,138.75,1590.0
2025-04-03 13:42:00,1477.5,37.5,1515.0
2025-04-03 13:43:00,1503.75,-108.75,1395.0
2025-04-03 13:44:00,1545.0,-292.5,1252.5
2025-04-03 13:45:00,1571.25,-393.75,1177.5
2025-04-03 13:46:00,1563.75,-180.0,1383.75
2025-04-03 13:47:00,1537.5,-150.0,1387.5
2025-04-03 13:48:00,1526.25,-18.75,1507.5
2025-04-03 13:49:00,1526.25,15.0,1541.25
2025-04-03 13:50:00,1530.0,0.0,1530.0
2025-04-03 13:51:00,1526.25,-123.75,1402.5
2025-04-03 13:52:00,1526.25,-127.5,1398.75
2025-04-03 13:53:00,1541.25,-176.25,1365.0
2025-04-03 13:54:00,1575.0,-183.75,1391.25
2025-04-03 13:55:00,1556.25,-168.75,1387.5
2025-04-03 13:56:00,1552.5,-116.25,1436.25
2025-04-03 13:57:00,1567.5,-221.25,1346.25
2025-04-03 13:58:00,1567.5,-172.5,1395.0
2025-04-03 13:59:00,1548.75,-41.25,1507.5
2025-04-03 14:00:00,1548.75,-157.5,1391.25
2025-04-03 14:01:00,1548.75,56.25,1605.0
2025-04-03 14:02:00,1526.25,135.0,1661.25
2025-04-03 14:03:00,1533.75,26.25,1560.0
2025-04-03 14:04:00,1571.25,-63.75,1507.5
2025-04-03 14:05:00,1560.0,-41.25,1518.75
2025-04-03 14:06:00,1545.0,-48.75,1496.25
2025-04-03 14:07:00,1552.5,-82.5,1470.0
2025-04-03 14:08:00,1556.25,52.5,1608.75
2025-04-03 14:09:00,1545.0,75.0,1620.0
2025-04-03 14:10:00,1556.25,3.75,1560.0
2025-04-03 14:11:00,1578.75,-97.5,1481.25
2025-04-03 14:12:00,1571.25,-67.5,1503.75
2025-04-03 14:13:00,1567.5,22.5,1590.0
2025-04-03 14:14:00,1575.0,-33.75,1541.25
2025-04-03 14:15:00,1578.75,-146.25,1432.5
2025-04-03 14:16:00,1578.75,-105.0,1473.75
2025-04-03 14:17:00,1578.75,-18.75,1560.0
2025-04-03 14:18:00,1605.0,-322.5,1282.5
2025-04-03 14:19:00,1605.0,-198.75,1406.25
2025-04-03 14:20:00,1597.5,-11.25,1586.25
2025-04-03 14:21:00,1601.25,-90.0,1511.25
2025-04-03 14:22:00,1597.5,-101.25,1496.25
2025-04-03 14:23:00,1608.75,-60.0,1548.75
2025-04-03 14:24:00,1593.75,-7.5,1586.25
2025-04-03 14:25:00,1593.75,-56.25,1537.5
2025-04-03 14:26:00,1623.75,-176.25,1447.5
2025-04-03 14:27:00,1627.5,-172.5,1455.0
2025-04-03 14:28:00,1623.75,-195.0,1428.75
2025-04-03 14:29:00,1612.5,-195.0,1417.5
2025-04-03 14:30:00,1612.5,-198.75,1413.75
2025-04-03 14:31:00,1616.25,-330.0,1286.25
2025-04-03 14:32:00,1631.25,-742.5,888.75
2025-04-03 14:33:00,1650.0,-645.0,1005.0
2025-04-03 14:34:00,1646.25,-461.25,1185.0
2025-04-03 14:35:00,1650.0,-603.75,1046.25
2025-04-03 14:36:00,1668.75,-656.25,1012.5
2025-04-03 14:37:00,1668.75,-618.75,1050.0
2025-04-03 14:38:00,1661.25,-693.75,967.5
2025-04-03 14:39:00,1653.75,-637.5,1016.25
2025-04-03 14:40:00,1653.75,-780.0,873.75
2025-04-03 14:41:00,1653.75,-690.0,963.75
2025-04-03 14:42:00,1650.0,-888.75,761.25
2025-04-03 14:43:00,1657.5,-630.0,1027.5
2025-04-03 14:44:00,1665.0,-810.0,855.0
2025-04-03 14:45:00,1661.25,-693.75,967.5
2025-04-03 14:46:00,1665.0,-836.25,828.75
2025-04-03 14:47:00,1665.0,-712.5,952.5
2025-04-03 14:48:00,1661.25,-720.0,941.25
2025-04-03 14:49:00,1665.0,-540.0,1125.0
2025-04-03 14:50:00,1661.25,-633.75,1027.5
2025-04-03 14:51:00,1672.5,-757.5,915.0
2025-04-03 14:52:00,1672.5,-622.5,1050.0
2025-04-03 14:53:00,1672.5,-562.5,1110.0
2025-04-03 14:54:00,1668.75,-558.75,1110.0
2025-04-03 14:55:00,1668.75,-592.5,1076.25
2025-04-03 14:56:00,1672.5,-528.75,1143.75
2025-04-03 14:57:00,1672.5,-513.75,1158.75
2025-04-03 14:58:00,1672.5,-498.75,1173.75
2025-04-03 14:59:00,1676.25,-536.25,1140.0
2025-04-03 15:00:00,1676.25,-536.25,1140.0
2025-04-03 15:01:00,1676.25,-615.0,1061.25
2025-04-03 15:02:00,1691.25,-483.75,1207.5
2025-04-03 15:03:00,1698.75,-382.5,1316.25
2025-04-03 15:04:00,1698.75,-375.0,1323.75
2025-04-03 15:05:00,1702.5,-367.5,1335.0
2025-04-03 15:06:00,1702.5,-330.0,1372.5
2025-04-03 15:07:00,1698.75,-382.5,1316.25
2025-04-03 15:08:00,1702.5,-375.0,1327.5
2025-04-03 15:09:00,1698.75,-322.5,1376.25
2025-04-03 15:10:00,1698.75,-157.5,1541.25
2025-04-03 15:11:00,1702.5,-236.25,1466.25
2025-04-03 15:12:00,1702.5,-255.0,1447.5
2025-04-03 15:13:00,1702.5,-183.75,1518.75
2025-04-03 15:14:00,1710.0,-183.75,1526.25
2025-04-03 15:15:00,1706.25,-198.75,1507.5
2025-04-03 15:16:00,1710.0,-255.0,1455.0
2025-04-03 15:17:00,1713.75,-255.0,1458.75
2025-04-03 15:18:00,1710.0,-258.75,1451.25
2025-04-03 15:19:00,1710.0,-337.5,1372.5
2025-04-03 15:20:00,1710.0,-450.0,1260.0
2025-04-03 15:21:00,1710.0,-450.0,1260.0
2025-04-03 15:22:00,1710.0,-450.0,1260.0
2025-04-03 15:23:00,1710.0,-450.0,1260.0
2025-04-03 15:24:00,1710.0,-450.0,1260.0
2025-04-03 15:25:00,1710.0,-450.0,1260.0
2025-04-03 15:26:00,1710.0,-450.0,1260.0
2025-04-03 15:27:00,1710.0,-450.0,1260.0
2025-04-03 15:28:00,1710.0,-450.0,1260.0
2025-04-03 15:29:00,1710.0,-450.0,1260.0
2025-04-03 15:30:00,1710.0,-450.0,1260.0
2025-04-09 10:15:00,0.0,0.0,0.0
2025-04-09 10:16:00,-247.5,371.25,123.75
2025-04-09 10:17:00,-217.5,630.0,412.5
2025-04-09 10:18:00,-716.25,780.0,63.75
2025-04-09 10:19:00,-1023.75,783.75,-240.0
2025-04-09 10:20:00,-911.25,738.75,-172.5
2025-04-09 10:21:00,-1046.25,787.5,-258.75
2025-04-09 10:22:00,-555.0,817.5,262.5
2025-04-09 10:23:00,-618.75,918.75,300.0
2025-04-09 10:24:00,-645.0,926.25,281.25
2025-04-09 10:25:00,-570.0,933.75,363.75
2025-04-09 10:26:00,-588.75,873.75,285.0
2025-04-09 10:27:00,-352.5,873.75,521.25
2025-04-09 10:28:00,-716.25,993.75,277.5
2025-04-09 10:29:00,-131.25,952.5,821.25
2025-04-09 10:30:00,71.25,922.5,993.75
2025-04-09 10:31:00,326.25,761.25,1087.5
2025-04-09 10:32:00,360.0,600.0,960.0
2025-04-09 10:33:00,356.25,648.75,1005.0
2025-04-09 10:34:00,288.75,836.25,1125.0
2025-04-09 10:35:00,468.75,716.25,1185.0
2025-04-09 10:36:00,483.75,675.0,1158.75
2025-04-09 10:37:00,468.75,656.25,1125.0
2025-04-09 10:38:00,423.75,750.0,1173.75
2025-04-09 10:39:00,378.75,892.5,1271.25
2025-04-09 10:40:00,367.5,945.0,1312.5
2025-04-09 10:41:00,510.0,843.75,1353.75
2025-04-09 10:42:00,262.5,1038.75,1301.25
2025-04-09 10:43:00,258.75,1050.0,1308.75
2025-04-09 10:44:00,502.5,990.0,1492.5
2025-04-09 10:45:00,566.25,960.0,1526.25
2025-04-09 10:46:00,453.75,1053.75,1507.5
2025-04-09 10:47:00,536.25,1035.0,1571.25
2025-04-09 10:48:00,555.0,1042.5,1597.5
2025-04-09 10:49:00,528.75,1091.25,1620.0
2025-04-09 10:50:00,405.0,1143.75,1548.75
2025-04-09 10:51:00,416.25,1102.5,1518.75
2025-04-09 10:52:00,382.5,1162.5,1545.0
2025-04-09 10:53:00,431.25,1177.5,1608.75
2025-04-09 10:54:00,412.5,1166.25,1578.75
2025-04-09 10:55:00,562.5,1132.5,1695.0
2025-04-09 10:56:00,596.25,1188.75,1785.0
2025-04-09 10:57:00,675.0,1143.75,1818.75
2025-04-09 10:58:00,570.0,1192.5,1762.5
2025-04-09 10:59:00,622.5,1170.0,1792.5
2025-04-09 11:00:00,731.25,1110.0,1841.25
2025-04-09 11:01:00,776.25,1091.25,1867.5
2025-04-09 11:02:00,791.25,1125.0,1916.25
2025-04-09 11:03:00,817.5,1083.75,1901.25
2025-04-09 11:04:00,825.0,873.75,1698.75
2025-04-09 11:05:00,817.5,746.25,1563.75
2025-04-09 11:06:00,858.75,738.75,1597.5
2025-04-09 11:07:00,821.25,738.75,1560.0
2025-04-09 11:08:00,832.5,723.75,1556.25
2025-04-09 11:09:00,843.75,738.75,1582.5
2025-04-09 11:10:00,840.0,637.5,1477.5
2025-04-09 11:11:00,847.5,780.0,1627.5
2025-04-09 11:12:00,836.25,570.0,1406.25
2025-04-09 11:13:00,832.5,720.0,1552.5
2025-04-09 11:14:00,821.25,746.25,1567.5
2025-04-09 11:15:00,813.75,926.25,1740.0
2025-04-09 11:16:00,828.75,930.0,1758.75
2025-04-09 11:17:00,821.25,971.25,1792.5
2025-04-09 11:18:00,798.75,1008.75,1807.5
2025-04-09 11:19:00,735.0,1027.5,1762.5
2025-04-09 11:20:00,731.25,1102.5,1833.75
2025-04-09 11:21:00,678.75,1083.75,1762.5
2025-04-09 11:22:00,648.75,1117.5,1766.25
2025-04-09 11:23:00,678.75,1102.5,1781.25
2025-04-09 11:24:00,712.5,1072.5,1785.0
2025-04-09 11:25:00,716.25,1072.5,1788.75
2025-04-09 11:26:00,780.0,1068.75,1848.75
2025-04-09 11:27:00,648.75,1095.0,1743.75
2025-04-09 11:28:00,648.75,1098.75,1747.5
2025-04-09 11:29:00,600.0,1083.75,1683.75
2025-04-09 11:30:00,420.0,1087.5,1507.5
2025-04-09 11:31:00,476.25,1136.25,1612.5
2025-04-09 11:32:00,262.5,1158.75,1421.25
2025-04-09 11:33:00,266.25,1158.75,1425.0
2025-04-09 11:34:00,307.5,1158.75,1466.25
2025-04-09 11:35:00,303.75,1170.0,1473.75
2025-04-09 11:36:00,446.25,1143.75,1590.0
2025-04-09 11:37:00,615.0,1162.5,1777.5
2025-04-09 11:38:00,513.75,1192.5,1706.25
2025-04-09 11:39:00,393.75,1196.25,1590.0
2025-04-09 11:40:00,232.5,1248.75,1481.25
2025-04-09 11:41:00,-97.5,1211.25,1113.75
2025-04-09 11:42:00,-3.75,1203.75,1200.0
2025-04-09 11:43:00,-26.25,1177.5,1151.25
2025-04-09 11:44:00,52.5,1207.5,1260.0
2025-04-09 11:45:00,-97.5,1218.75,1121.25
2025-04-09 11:46:00,131.25,1207.5,1338.75
2025-04-09 11:47:00,86.25,1222.5,1308.75
2025-04-09 11:48:00,307.5,1185.0,1492.5
2025-04-09 11:49:00,270.0,1200.0,1470.0
2025-04-09 11:50:00,427.5,1207.5,1635.0
2025-04-09 11:51:00,476.25,1218.75,1695.0
2025-04-09 11:52:00,487.5,1230.0,1717.5
2025-04-09 11:53:00,423.75,1263.75,1687.5
2025-04-09 11:54:00,465.0,1245.0,1710.0
2025-04-09 11:55:00,360.0,1260.0,1620.0
2025-04-09 11:56:00,495.0,1245.0,1740.0
2025-04-09 11:57:00,540.0,1245.0,1785.0
2025-04-09 11:58:00,611.25,1245.0,1856.25
2025-04-09 11:59:00,525.0,1293.75,1818.75
2025-04-09 12:00:00,686.25,1301.25,1987.5
2025-04-09 12:01:00,731.25,1305.0,2036.25
2025-04-09 12:02:00,753.75,1316.25,2070.0
2025-04-09 12:03:00,746.25,1353.75,2100.0
2025-04-09 12:04:00,727.5,1376.25,2103.75
2025-04-09 12:05:00,603.75,1365.0,1968.75
2025-04-09 12:06:00,592.5,1365.0,1957.5
2025-04-09 12:07:00,525.0,1383.75,1908.75
2025-04-09 12:08:00,457.5,1380.0,1837.5
2025-04-09 12:09:00,540.0,1380.0,1920.0
2025-04-09 12:10:00,472.5,1372.5,1845.0
2025-04-09 12:11:00,532.5,1380.0,1912.5
2025-04-09 12:12:00,566.25,1376.25,1942.5
2025-04-09 12:13:00,570.0,1372.5,1942.5
2025-04-09 12:14:00,532.5,1391.25,1923.75
2025-04-09 12:15:00,465.0,1383.75,1848.75
2025-04-09 12:16:00,352.5,1380.0,1732.5
2025-04-09 12:17:00,378.75,1391.25,1770.0
2025-04-09 12:18:00,378.75,1398.75,1777.5
2025-04-09 12:19:00,390.0,1398.75,1788.75
2025-04-09 12:20:00,607.5,1383.75,1991.25
2025-04-09 12:21:00,540.0,1395.0,1935.0
2025-04-09 12:22:00,675.0,1391.25,2066.25
2025-04-09 12:23:00,652.5,1387.5,2040.0
2025-04-09 12:24:00,663.75,1406.25,2070.0
2025-04-09 12:25:00,682.5,1413.75,2096.25
2025-04-09 12:26:00,667.5,1413.75,2081.25
2025-04-09 12:27:00,626.25,1428.75,2055.0
2025-04-09 12:28:00,697.5,1417.5,2115.0
2025-04-09 12:29:00,697.5,1410.0,2107.5
2025-04-09 12:30:00,731.25,1413.75,2145.0
2025-04-09 12:31:00,753.75,1428.75,2182.5
2025-04-09 12:32:00,678.75,1432.5,2111.25
2025-04-09 12:33:00,483.75,1425.0,1908.75
2025-04-09 12:34:00,78.75,1406.25,1485.0
2025-04-09 12:35:00,56.25,1398.75,1455.0
2025-04-09 12:36:00,-37.5,1406.25,1368.75
2025-04-09 12:37:00,56.25,1455.0,1511.25
2025-04-09 12:38:00,412.5,1455.0,1867.5
2025-04-09 12:39:00,468.75,1462.5,1931.25
2025-04-09 12:40:00,423.75,1458.75,1882.5
2025-04-09 12:41:00,543.75,1470.0,2013.75
2025-04-09 12:42:00,465.0,1451.25,1916.25
2025-04-09 12:43:00,262.5,1451.25,1713.75
2025-04-09 12:44:00,315.0,1447.5,1762.5
2025-04-09 12:45:00,255.0,1455.0,1710.0
2025-04-09 12:46:00,288.75,1458.75,1747.5
2025-04-09 12:47:00,288.75,1458.75,1747.5
2025-04-09 12:48:00,266.25,1451.25,1717.5
2025-04-09 12:49:00,198.75,1455.0,1653.75
2025-04-09 12:50:00,255.0,1451.25,1706.25
2025-04-09 12:51:00,506.25,1458.75,1965.0
2025-04-09 12:52:00,525.0,1458.75,1983.75
2025-04-09 12:53:00,573.75,1466.25,2040.0
2025-04-09 12:54:00,525.0,1466.25,1991.25
2025-04-09 12:55:00,577.5,1470.0,2047.5
2025-04-09 12:56:00,645.0,1462.5,2107.5
2025-04-09 12:57:00,716.25,1466.25,2182.5
2025-04-09 12:58:00,645.0,1481.25,2126.25
2025-04-09 12:59:00,603.75,1477.5,2081.25
2025-04-09 13:00:00,667.5,1477.5,2145.0
2025-04-09 13:01:00,776.25,1462.5,2238.75
2025-04-09 13:02:00,791.25,1458.75,2250.0
2025-04-09 13:03:00,817.5,1466.25,2283.75
2025-04-09 13:04:00,780.0,1477.5,2257.5
2025-04-09 13:05:00,738.75,1466.25,2205.0
2025-04-09 13:06:00,783.75,1466.25,2250.0
2025-04-09 13:07:00,746.25,1477.5,2223.75
2025-04-09 13:08:00,765.0,1470.0,2235.0
2025-04-09 13:09:00,701.25,1477.5,2178.75
2025-04-09 13:10:00,615.0,1477.5,2092.5
2025-04-09 13:11:00,618.75,1485.0,2103.75
2025-04-09 13:12:00,528.75,1488.75,2017.5
2025-04-09 13:13:00,686.25,1496.25,2182.5
2025-04-09 13:14:00,693.75,1503.75,2197.5
2025-04-09 13:15:00,742.5,1500.0,2242.5
2025-04-09 13:16:00,690.0,1507.5,2197.5
2025-04-09 13:17:00,798.75,1492.5,2291.25
2025-04-09 13:18:00,750.0,1511.25,2261.25
2025-04-09 13:19:00,791.25,1518.75,2310.0
2025-04-09 13:20:00,813.75,1518.75,2332.5
2025-04-09 13:21:00,870.0,1515.0,2385.0
2025-04-09 13:22:00,911.25,1511.25,2422.5
2025-04-09 13:23:00,967.5,1503.75,2471.25
2025-04-09 13:24:00,933.75,1522.5,2456.25
2025-04-09 13:25:00,941.25,1500.0,2441.25
2025-04-09 13:26:00,907.5,1522.5,2430.0
2025-04-09 13:27:00,881.25,1518.75,2400.0
2025-04-09 13:28:00,885.0,1507.5,2392.5
2025-04-09 13:29:00,911.25,1511.25,2422.5
2025-04-09 13:30:00,960.0,1507.5,2467.5
2025-04-09 13:31:00,945.0,1511.25,2456.25
2025-04-09 13:32:00,933.75,1518.75,2452.5
2025-04-09 13:33:00,941.25,1518.75,2460.0
2025-04-09 13:34:00,1027.5,1503.75,2531.25
2025-04-09 13:35:00,1083.75,1503.75,2587.5
2025-04-09 13:36:00,1098.75,1500.0,2598.75
2025-04-09 13:37:00,1106.25,1481.25,2587.5
2025-04-09 13:38:00,1143.75,1477.5,2621.25
2025-04-09 13:39:00,1136.25,1492.5,2628.75
2025-04-09 13:40:00,1136.25,1496.25,2632.5
2025-04-09 13:41:00,1140.0,1473.75,2613.75
2025-04-09 13:42:00,1147.5,1485.0,2632.5
2025-04-09 13:43:00,1136.25,1507.5,2643.75
2025-04-09 13:44:00,1155.0,1488.75,2643.75
2025-04-09 13:45:00,1151.25,1492.5,2643.75
2025-04-09 13:46:00,1136.25,1503.75,2640.0
2025-04-09 13:47:00,1136.25,1496.25,2632.5
2025-04-09 13:48:00,1136.25,1492.5,2628.75
2025-04-09 13:49:00,1132.5,1515.0,2647.5
2025-04-09 13:50:00,1147.5,1503.75,2651.25
2025-04-09 13:51:00,1151.25,1503.75,2655.0
2025-04-09 13:52:00,1170.0,1511.25,2681.25
2025-04-09 13:53:00,1200.0,1511.25,2711.25
2025-04-09 13:54:00,1185.0,1500.0,2685.0
2025-04-09 13:55:00,1196.25,1503.75,2700.0
2025-04-09 13:56:00,1185.0,1511.25,2696.25
2025-04-09 13:57:00,1192.5,1500.0,2692.5
2025-04-09 13:58:00,1192.5,1503.75,2696.25
2025-04-09 13:59:00,1200.0,1503.75,2703.75
2025-04-09 14:00:00,1215.0,1500.0,2715.0
2025-04-09 14:01:00,1203.75,1515.0,2718.75
2025-04-09 14:02:00,1211.25,1496.25,2707.5
2025-04-09 14:03:00,1218.75,1500.0,2718.75
2025-04-09 14:04:00,1222.5,1496.25,2718.75
2025-04-09 14:05:00,1233.75,1496.25,2730.0
2025-04-09 14:06:00,1222.5,1500.0,2722.5
2025-04-09 14:07:00,1230.0,1522.5,2752.5
2025-04-09 14:08:00,1203.75,1537.5,2741.25
2025-04-09 14:09:00,1196.25,1533.75,2730.0
2025-04-09 14:10:00,1200.0,1533.75,2733.75
2025-04-09 14:11:00,1196.25,1548.75,2745.0
2025-04-09 14:12:00,1200.0,1541.25,2741.25
2025-04-09 14:13:00,1230.0,1533.75,2763.75
2025-04-09 14:14:00,1233.75,1537.5,2771.25
2025-04-09 14:15:00,1230.0,1548.75,2778.75
2025-04-09 14:16:00,1226.25,1537.5,2763.75
2025-04-09 14:17:00,1211.25,1541.25,2752.5
2025-04-09 14:18:00,1222.5,1563.75,2786.25
2025-04-09 14:19:00,1207.5,1567.5,2775.0
2025-04-09 14:20:00,1215.0,1571.25,2786.25
2025-04-09 14:21:00,1222.5,1567.5,2790.0
2025-04-09 14:22:00,1222.5,1575.0,2797.5
2025-04-09 14:23:00,1230.0,1571.25,2801.25
2025-04-09 14:24:00,1215.0,1567.5,2782.5
2025-04-09 14:25:00,1222.5,1571.25,2793.75
2025-04-09 14:26:00,1222.5,1571.25,2793.75
2025-04-09 14:27:00,1226.25,1575.0,2801.25
2025-04-09 14:28:00,1245.0,1575.0,2820.0
2025-04-09 14:29:00,1271.25,1575.0,2846.25
2025-04-09 14:30:00,1301.25,1571.25,2872.5
2025-04-09 14:31:00,1305.0,1571.25,2876.25
2025-04-09 14:32:00,1308.75,1575.0,2883.75
2025-04-09 14:33:00,1305.0,1571.25,2876.25
2025-04-09 14:34:00,1305.0,1567.5,2872.5
2025-04-09 14:35:00,1301.25,1586.25,2887.5
2025-04-09 14:36:00,1308.75,1590.0,2898.75
2025-04-09 14:37:00,1305.0,1593.75,2898.75
2025-04-09 14:38:00,1305.0,1593.75,2898.75
2025-04-09 14:39:00,1312.5,1605.0,2917.5
2025-04-09 14:40:00,1305.0,1586.25,2891.25
2025-04-09 14:41:00,1301.25,1590.0,2891.25
2025-04-09 14:42:00,1286.25,1590.0,2876.25
2025-04-09 14:43:00,1290.0,1593.75,2883.75
2025-04-09 14:44:00,1293.75,1590.0,2883.75
2025-04-09 14:45:00,1293.75,1597.5,2891.25
2025-04-09 14:46:00,1297.5,1597.5,2895.0
2025-04-09 14:47:00,1297.5,1597.5,2895.0
2025-04-09 14:48:00,1305.0,1593.75,2898.75
2025-04-09 14:49:00,1308.75,1597.5,2906.25
2025-04-09 14:50:00,1312.5,1597.5,2910.0
2025-04-09 14:51:00,1312.5,1605.0,2917.5
2025-04-09 14:52:00,1323.75,1612.5,2936.25
2025-04-09 14:53:00,1331.25,1616.25,2947.5
2025-04-09 14:54:00,1323.75,1623.75,2947.5
2025-04-09 14:55:00,1323.75,1627.5,2951.25
2025-04-09 14:56:00,1316.25,1623.75,2940.0
2025-04-09 14:57:00,1327.5,1623.75,2951.25
2025-04-09 14:58:00,1331.25,1623.75,2955.0
2025-04-09 14:59:00,1342.5,1616.25,2958.75
2025-04-09 15:00:00,1323.75,1620.0,2943.75
2025-04-09 15:01:00,1335.0,1623.75,2958.75
2025-04-09 15:02:00,1346.25,1631.25,2977.5
2025-04-09 15:03:00,1346.25,1638.75,2985.0
2025-04-09 15:04:00,1350.0,1638.75,2988.75
2025-04-09 15:05:00,1353.75,1635.0,2988.75
2025-04-09 15:06:00,1353.75,1646.25,3000.0
2025-04-09 15:07:00,1357.5,1642.5,3000.0
2025-04-09 15:08:00,1365.0,1642.5,3007.5
2025-04-09 15:09:00,1361.25,1646.25,3007.5
2025-04-09 15:10:00,1361.25,1650.0,3011.25
2025-04-09 15:11:00,1365.0,1646.25,3011.25
2025-04-09 15:12:00,1361.25,1650.0,3011.25
2025-04-09 15:13:00,1365.0,1646.25,3011.25
2025-04-09 15:14:00,1365.0,1650.0,3015.0
2025-04-09 15:15:00,1361.25,1653.75,3015.0
2025-04-09 15:16:00,1365.0,1650.0,3015.0
2025-04-09 15:17:00,1365.0,1653.75,3018.75
2025-04-09 15:18:00,1365.0,1653.75,3018.75
2025-04-09 15:19:00,1365.0,1657.5,3022.5
2025-04-09 15:20:00,1368.75,1653.75,3022.5
2025-04-09 15:21:00,1368.75,1653.75,3022.5
2025-04-09 15:22:00,1368.75,1653.75,3022.5
2025-04-09 15:23:00,1368.75,1653.75,3022.5
2025-04-09 15:24:00,1368.75,1653.75,3022.5
2025-04-09 15:25:00,1368.75,1653.75,3022.5
2025-04-09 15:26:00,1368.75,1653.75,3022.5
2025-04-09 15:27:00,1368.75,1653.75,3022.5
2025-04-09 15:28:00,1368.75,1653.75,3022.5
2025-04-09 15:29:00,1368.75,1653.75,3022.5
2025-04-09 15:30:00,1368.75,1653.75,3022.5
2025-04-17 10:15:00,0.0,0.0,0.0
2025-04-17 10:16:00,101.25,-37.5,63.75
2025-04-17 10:17:00,-18.75,37.5,18.75
2025-04-17 10:18:00,-330.0,360.0,30.0
2025-04-17 10:19:00,-645.0,176.25,-468.75
2025-04-17 10:20:00,-255.0,-3.75,-258.75
2025-04-17 10:21:00,-187.5,-345.0,-532.5
2025-04-17 10:22:00,-116.25,-367.5,-483.75
2025-04-17 10:23:00,-757.5,-71.25,-828.75
2025-04-17 10:24:00,-858.75,18.75,-840.0
2025-04-17 10:25:00,-1222.5,221.25,-1001.25
2025-04-17 10:26:00,-1777.5,363.75,-1413.75
2025-04-17 10:27:00,-2010.0,408.75,-1601.25
2025-04-17 10:28:00,-2077.5,438.75,-1638.75
2025-04-17 10:29:00,-1905.0,525.0,-1380.0
2025-04-17 10:30:00,-1987.5,570.0,-1417.5
2025-04-17 10:31:00,-2193.75,603.75,-1590.0
2025-04-17 10:32:00,-2632.5,735.0,-1897.5
2025-04-17 10:33:00,-2707.5,573.75,-2133.75
2025-04-17 10:34:00,-2415.0,746.25,-1668.75
2025-04-17 10:35:00,-2437.5,615.0,-1822.5
2025-04-17 10:36:00,-1968.75,570.0,-1398.75
2025-04-17 10:37:00,-2276.25,742.5,-1533.75
2025-04-17 10:38:00,-2523.75,780.0,-1743.75
2025-04-17 10:39:00,-2523.75,577.5,-1946.25
2025-04-17 10:40:00,-2280.0,487.5,-1792.5
2025-04-17 10:41:00,-2865.0,427.5,-2437.5
2025-04-17 10:42:00,-3513.75,682.5,-2831.25
2025-04-17 10:43:00,-3435.0,870.0,-2565.0
2025-04-17 10:44:00,-3285.0,772.5,-2512.5
2025-04-17 10:45:00,-3570.0,540.0,-3030.0
2025-04-17 10:46:00,-3873.75,705.0,-3168.75
2025-04-17 10:47:00,-3922.5,877.5,-3045.0
2025-04-17 10:48:00,-3975.0,967.5,-3007.5
2025-04-17 10:49:00,-4323.75,1095.0,-3228.75
2025-04-17 10:50:00,-4447.5,990.0,-3457.5
2025-04-17 10:51:00,-4762.5,1065.0,-3697.5
2025-04-17 10:52:00,-4417.5,975.0,-3442.5
2025-04-17 10:53:00,-3900.0,1012.5,-2887.5
2025-04-17 10:54:00,-3457.5,1005.0,-2452.5
2025-04-17 10:55:00,-2673.75,1072.5,-1601.25
2025-04-17 10:56:00,-2580.0,1350.0,-1230.0
2025-04-17 10:57:00,-2433.75,1350.0,-1083.75
2025-04-17 10:58:00,-2673.75,1147.5,-1526.25
2025-04-17 10:59:00,-2066.25,1162.5,-903.75
2025-04-17 11:00:00,-1668.75,1200.0,-468.75
2025-04-17 11:01:00,-1732.5,1290.0,-442.5
2025-04-17 11:02:00,-1016.25,562.5,-453.75
2025-04-17 11:03:00,-1035.0,367.5,-667.5
2025-04-17 11:04:00,-1035.0,-547.5,-1582.5
2025-04-17 11:05:00,-1286.25,-382.5,-1668.75
2025-04-17 11:06:00,-1755.0,-645.0,-2400.0
2025-04-17 11:07:00,-1758.75,-480.0,-2238.75
2025-04-17 11:08:00,-2058.75,180.0,-1878.75
2025-04-17 11:09:00,-2850.0,375.0,-2475.0
2025-04-17 11:10:00,-3836.25,780.0,-3056.25
2025-04-17 11:11:00,-4102.5,660.0,-3442.5
2025-04-17 11:12:00,-4192.5,285.0,-3907.5
2025-04-17 11:13:00,-4473.75,292.5,-4181.25
2025-04-17 11:14:00,-4196.25,-15.0,-4211.25
2025-04-17 11:15:00,-5553.75,555.0,-4998.75
2025-04-17 11:16:00,-6157.5,525.0,-5632.5
2025-04-17 11:17:00,-7252.5,937.5,-6315.0
2025-04-17 11:18:00,-7560.0,1072.5,-6487.5
2025-04-17 11:19:00,-7432.5,1020.0,-6412.5
2025-04-17 11:20:00,-7665.0,1057.5,-6607.5
2025-04-17 11:21:00,-6907.5,675.0,-6232.5
2025-04-17 11:22:00,-7196.25,1252.5,-5943.75
2025-04-17 11:23:00,-6836.25,1211.25,-5625.0
2025-04-17 11:24:00,-7507.5,952.5,-6555.0
2025-04-17 11:25:00,-7155.0,585.0,-6570.0
2025-04-17 11:26:00,-7953.75,915.0,-7038.75
2025-04-17 11:27:00,-8595.0,1443.75,-7151.25
2025-04-17 11:28:00,-9491.25,1743.75,-7747.5
2025-04-17 11:29:00,-10065.0,1462.5,-8602.5
2025-04-17 11:30:00,-10110.0,1181.25,-8928.75
2025-04-17 11:31:00,-11092.5,1275.0,-9817.5
2025-04-17 11:32:00,-12363.75,1650.0,-10713.75
2025-04-17 11:33:00,-11313.75,2025.0,-9288.75
2025-04-17 11:34:00,-12135.0,2373.75,-9761.25
2025-04-17 11:35:00,-11283.75,2790.0,-8493.75
2025-04-17 11:36:00,-11437.5,2726.25,-8711.25
2025-04-17 11:37:00,-13552.5,3397.5,-10155.0
2025-04-17 11:38:00,-12292.5,3228.75,-9063.75
2025-04-17 11:39:00,-12678.75,3213.75,-9465.0
2025-04-17 11:40:00,-12390.0,3270.0,-9120.0
2025-04-17 11:41:00,-12821.25,3003.75,-9817.5
2025-04-17 11:42:00,-13766.25,2662.5,-11103.75
2025-04-17 11:43:00,-13687.5,2475.0,-11212.5
2025-04-17 11:44:00,-16008.75,3480.0,-12528.75
2025-04-17 11:45:00,-14808.75,4241.25,-10567.5
2025-04-17 11:46:00,-13961.25,3975.0,-9986.25
2025-04-17 11:47:00,-14448.75,4177.5,-10271.25
2025-04-17 11:48:00,-15011.25,3975.0,-11036.25
2025-04-17 11:49:00,-14902.5,4098.75,-10803.75
2025-04-17 11:50:00,-14928.75,4113.75,-10815.0
2025-04-17 11:51:00,-15367.5,4856.25,-10511.25
2025-04-17 11:52:00,-15600.0,5711.25,-9888.75
2025-04-17 11:53:00,-14793.75,5490.0,-9303.75
2025-04-17 11:54:00,-14853.75,5276.25,-9577.5
2025-04-17 11:55:00,-13777.5,5223.75,-8553.75
2025-04-17 11:56:00,-13102.5,4698.75,-8403.75
2025-04-17 11:57:00,-14167.5,5317.5,-8850.0
2025-04-17 11:58:00,-14452.5,5107.5,-9345.0
2025-04-17 11:59:00,-13893.75,5103.75,-8790.0
2025-04-17 12:00:00,-14400.0,5062.5,-9337.5
2025-04-17 12:01:00,-14662.5,5036.25,-9626.25
2025-04-17 12:02:00,-13185.0,4016.25,-9168.75
2025-04-17 12:03:00,-14880.0,4755.0,-10125.0
2025-04-17 12:04:00,-14501.25,5426.25,-9075.0
2025-04-17 12:05:00,-14070.0,5602.5,-8467.5
2025-04-17 12:06:00,-14392.5,5463.75,-8928.75
2025-04-17 12:07:00,-14621.25,4980.0,-9641.25
2025-04-17 12:08:00,-14805.0,5403.75,-9401.25
2025-04-17 12:09:00,-14831.25,6127.5,-8703.75
2025-04-17 12:10:00,-14891.25,6135.0,-8756.25
2025-04-17 12:11:00,-15483.75,6187.5,-9296.25
2025-04-17 12:12:00,-16661.25,6461.25,-10200.0
2025-04-17 12:13:00,-15315.0,6352.5,-8962.5
2025-04-17 12:14:00,-16020.0,6420.0,-9600.0
2025-04-17 12:15:00,-15562.5,6918.75,-8643.75
2025-04-17 12:16:00,-16158.75,7406.25,-8752.5
2025-04-17 12:17:00,-15997.5,8186.25,-7811.25
2025-04-17 12:18:00,-15810.0,8441.25,-7368.75
2025-04-17 12:19:00,-15945.0,8602.5,-7342.5
2025-04-17 12:20:00,-15870.0,8508.75,-7361.25
2025-04-17 12:21:00,-15521.25,8355.0,-7166.25
2025-04-17 12:22:00,-15570.0,8985.0,-6585.0
2025-04-17 12:23:00,-15686.25,8902.5,-6783.75
2025-04-17 12:24:00,-15888.75,8812.5,-7076.25
2025-04-17 12:25:00,-15727.5,8756.25,-6971.25
2025-04-17 12:26:00,-15840.0,8756.25,-7083.75
2025-04-17 12:27:00,-15825.0,8883.75,-6941.25
2025-04-17 12:28:00,-16230.0,8883.75,-7346.25
2025-04-17 12:29:00,-16140.0,9033.75,-7106.25
2025-04-17 12:30:00,-16057.5,8940.0,-7117.5
2025-04-17 12:31:00,-16076.25,8966.25,-7110.0
2025-04-17 12:32:00,-16068.75,9150.0,-6918.75
2025-04-17 12:33:00,-16942.5,9015.0,-7927.5
2025-04-17 12:34:00,-16706.25,9120.0,-7586.25
2025-04-17 12:35:00,-16856.25,9127.5,-7728.75
2025-04-17 12:36:00,-16623.75,9112.5,-7511.25
2025-04-17 12:37:00,-16410.0,9093.75,-7316.25
2025-04-17 12:38:00,-16200.0,9131.25,-7068.75
2025-04-17 12:39:00,-16128.75,8868.75,-7260.0
2025-04-17 12:40:00,-16222.5,9060.0,-7162.5
2025-04-17 12:41:00,-16132.5,9052.5,-7080.0
2025-04-17 12:42:00,-16417.5,9153.75,-7263.75
2025-04-17 12:43:00,-16241.25,9161.25,-7080.0
2025-04-17 12:44:00,-16631.25,9303.75,-7327.5
2025-04-17 12:45:00,-16620.0,9255.0,-7365.0
2025-04-17 12:46:00,-16477.5,9307.5,-7170.0
2025-04-17 12:47:00,-16563.75,9405.0,-7158.75
2025-04-17 12:48:00,-16743.75,9431.25,-7312.5
2025-04-17 12:49:00,-17160.0,9528.75,-7631.25
2025-04-17 12:50:00,-17171.25,9483.75,-7687.5
2025-04-17 12:51:00,-17040.0,9517.5,-7522.5
2025-04-17 12:52:00,-16998.75,9528.75,-7470.0
2025-04-17 12:53:00,-17122.5,9555.0,-7567.5
2025-04-17 12:54:00,-17152.5,9588.75,-7563.75
2025-04-17 12:55:00,-17280.0,9585.0,-7695.0
2025-04-17 12:56:00,-17167.5,9558.75,-7608.75
2025-04-17 12:57:00,-17066.25,9562.5,-7503.75
2025-04-17 12:58:00,-16747.5,9521.25,-7226.25
2025-04-17 12:59:00,-16897.5,9570.0,-7327.5
2025-04-17 13:00:00,-16987.5,9566.25,-7421.25
2025-04-17 13:01:00,-17223.75,9566.25,-7657.5
2025-04-17 13:02:00,-16856.25,9536.25,-7320.0
2025-04-17 13:03:00,-16863.75,9521.25,-7342.5
2025-04-17 13:04:00,-16856.25,9547.5,-7308.75
2025-04-17 13:05:00,-17227.5,9637.5,-7590.0
2025-04-17 13:06:00,-17343.75,9660.0,-7683.75
2025-04-17 13:07:00,-17925.0,9652.5,-8272.5
2025-04-17 13:08:00,-18416.25,9588.75,-8827.5
2025-04-17 13:09:00,-18243.75,9600.0,-8643.75
2025-04-17 13:10:00,-18243.75,9626.25,-8617.5
2025-04-17 13:11:00,-18142.5,9630.0,-8512.5
2025-04-17 13:12:00,-18971.25,9637.5,-9333.75
2025-04-17 13:13:00,-19027.5,9637.5,-9390.0
2025-04-17 13:14:00,-19293.75,9637.5,-9656.25
2025-04-17 13:15:00,-19575.0,9660.0,-9915.0
2025-04-17 13:16:00,-19395.0,9390.0,-10005.0
2025-04-17 13:17:00,-19391.25,9315.0,-10076.25
2025-04-17 13:18:00,-19080.0,9060.0,-10020.0
2025-04-17 13:19:00,-19263.75,9187.5,-10076.25
2025-04-17 13:20:00,-19080.0,9041.25,-10038.75
2025-04-17 13:21:00,-19083.75,8992.5,-10091.25
2025-04-17 13:22:00,-18847.5,8745.0,-10102.5
2025-04-17 13:23:00,-18450.0,8396.25,-10053.75
2025-04-17 13:24:00,-19125.0,9292.5,-9832.5
2025-04-17 13:25:00,-19061.25,9495.0,-9566.25
2025-04-17 13:26:00,-19395.0,9701.25,-9693.75
2025-04-17 13:27:00,-19057.5,9386.25,-9671.25
2025-04-17 13:28:00,-18431.25,8812.5,-9618.75
2025-04-17 13:29:00,-18622.5,9071.25,-9551.25
2025-04-17 13:30:00,-18465.0,8857.5,-9607.5
2025-04-17 13:31:00,-18768.75,9352.5,-9416.25
2025-04-17 13:32:00,-18922.5,9525.0,-9397.5
2025-04-17 13:33:00,-18776.25,9633.75,-9142.5
2025-04-17 13:34:00,-18742.5,9663.75,-9078.75
2025-04-17 13:35:00,-18322.5,9292.5,-9030.0
2025-04-17 13:36:00,-18937.5,10027.5,-8910.0
2025-04-17 13:37:00,-19308.75,10383.75,-8925.0
2025-04-17 13:38:00,-19027.5,10207.5,-8820.0
2025-04-17 13:39:00,-19275.0,10522.5,-8752.5
2025-04-17 13:40:00,-19575.0,10563.75,-9011.25
2025-04-17 13:41:00,-19248.75,10402.5,-8846.25
2025-04-17 13:42:00,-19976.25,10691.25,-9285.0
2025-04-17 13:43:00,-19533.75,10661.25,-8872.5
2025-04-17 13:44:00,-19807.5,10725.0,-9082.5
2025-04-17 13:45:00,-19875.0,10833.75,-9041.25
2025-04-17 13:46:00,-19848.75,10803.75,-9045.0
2025-04-17 13:47:00,-20235.0,10987.5,-9247.5
2025-04-17 13:48:00,-20017.5,10983.75,-9033.75
2025-04-17 13:49:00,-20242.5,11107.5,-9135.0
2025-04-17 13:50:00,-21075.0,11220.0,-9855.0
2025-04-17 13:51:00,-20670.0,11175.0,-9495.0
2025-04-17 13:52:00,-20752.5,11175.0,-9577.5
2025-04-17 13:53:00,-21221.25,11336.25,-9885.0
2025-04-17 13:54:00,-21161.25,11336.25,-9825.0
2025-04-17 13:55:00,-20898.75,11306.25,-9592.5
2025-04-17 13:56:00,-21716.25,11460.0,-10256.25
2025-04-17 13:57:00,-21528.75,11463.75,-10065.0
2025-04-17 13:58:00,-21723.75,11486.25,-10237.5
2025-04-17 13:59:00,-21195.0,11261.25,-9933.75
2025-04-17 14:00:00,-21337.5,11355.0,-9982.5
2025-04-17 14:01:00,-22905.0,11478.75,-11426.25
2025-04-17 14:02:00,-23212.5,11490.0,-11722.5
2025-04-17 14:03:00,-23130.0,11486.25,-11643.75
2025-04-17 14:04:00,-22676.25,11471.25,-11205.0
2025-04-17 14:05:00,-22586.25,11493.75,-11092.5
2025-04-17 14:06:00,-22683.75,11482.5,-11201.25
2025-04-17 14:07:00,-22680.0,11448.75,-11231.25
2025-04-17 14:08:00,-22683.75,11501.25,-11182.5
2025-04-17 14:09:00,-22683.75,11497.5,-11186.25
2025-04-17 14:10:00,-22646.25,11561.25,-11085.0
2025-04-17 14:11:00,-22492.5,11598.75,-10893.75
2025-04-17 14:12:00,-22713.75,11816.25,-10897.5
2025-04-17 14:13:00,-22672.5,11842.5,-10830.0
2025-04-17 14:14:00,-22650.0,11838.75,-10811.25
2025-04-17 14:15:00,-22098.75,11418.75,-10680.0
2025-04-17 14:16:00,-22102.5,10582.5,-11520.0
2025-04-17 14:17:00,-22173.75,10890.0,-11283.75
2025-04-17 14:18:00,-22395.0,11523.75,-10871.25
2025-04-17 14:19:00,-22263.75,11606.25,-10657.5
2025-04-17 14:20:00,-22233.75,11478.75,-10755.0
2025-04-17 14:21:00,-22181.25,11148.75,-11032.5
2025-04-17 14:22:00,-22185.0,11486.25,-10698.75
2025-04-17 14:23:00,-22151.25,11486.25,-10665.0
2025-04-17 14:24:00,-22158.75,11520.0,-10638.75
2025-04-17 14:25:00,-22095.0,11486.25,-10608.75
2025-04-17 14:26:00,-22140.0,11801.25,-10338.75
2025-04-17 14:27:00,-22211.25,11853.75,-10357.5
2025-04-17 14:28:00,-22158.75,11793.75,-10365.0
2025-04-17 14:29:00,-22121.25,11767.5,-10353.75
2025-04-17 14:30:00,-22083.75,11842.5,-10241.25
2025-04-17 14:31:00,-22076.25,11936.25,-10140.0
2025-04-17 14:32:00,-22091.25,12007.5,-10083.75
2025-04-17 14:33:00,-22125.0,12060.0,-10065.0
2025-04-17 14:34:00,-22181.25,12060.0,-10121.25
2025-04-17 14:35:00,-22158.75,12060.0,-10098.75
2025-04-17 14:36:00,-22132.5,12063.75,-10068.75
2025-04-17 14:37:00,-22132.5,12075.0,-10057.5
2025-04-17 14:38:00,-22098.75,12075.0,-10023.75
2025-04-17 14:39:00,-22001.25,12052.5,-9948.75
2025-04-17 14:40:00,-22053.75,12131.25,-9922.5
2025-04-17 14:41:00,-22095.0,12127.5,-9967.5
2025-04-17 14:42:00,-22057.5,12120.0,-9937.5
2025-04-17 14:43:00,-22031.25,12120.0,-9911.25
2025-04-17 14:44:00,-22020.0,12131.25,-9888.75
2025-04-17 14:45:00,-22005.0,12153.75,-9851.25
2025-04-17 14:46:00,-21990.0,12150.0,-9840.0
2025-04-17 14:47:00,-22016.25,11955.0,-10061.25
2025-04-17 14:48:00,-21971.25,12120.0,-9851.25
2025-04-17 14:49:00,-21990.0,12180.0,-9810.0
2025-04-17 14:50:00,-22016.25,12213.75,-9802.5
2025-04-17 14:51:00,-22016.25,12191.25,-9825.0
2025-04-17 14:52:00,-21990.0,12228.75,-9761.25
2025-04-17 14:53:00,-21952.5,12202.5,-9750.0
2025-04-17 14:54:00,-21952.5,12228.75,-9723.75
2025-04-17 14:55:00,-21933.75,12210.0,-9723.75
2025-04-17 14:56:00,-21922.5,12187.5,-9735.0
2025-04-17 14:57:00,-21933.75,12240.0,-9693.75
2025-04-17 14:58:00,-21952.5,12277.5,-9675.0
2025-04-17 14:59:00,-21941.25,12262.5,-9678.75
2025-04-17 15:00:00,-21941.25,12251.25,-9690.0
2025-04-17 15:01:00,-21926.25,12300.0,-9626.25
2025-04-17 15:02:00,-21903.75,12303.75,-9600.0
2025-04-17 15:03:00,-21896.25,12337.5,-9558.75
2025-04-17 15:04:00,-21888.75,12337.5,-9551.25
2025-04-17 15:05:00,-21888.75,12352.5,-9536.25
2025-04-17 15:06:00,-21896.25,12356.25,-9540.0
2025-04-17 15:07:00,-21885.0,12360.0,-9525.0
2025-04-17 15:08:00,-21885.0,12363.75,-9521.25
2025-04-17 15:09:00,-21881.25,12363.75,-9517.5
2025-04-17 15:10:00,-21881.25,12363.75,-9517.5
2025-04-17 15:11:00,-21881.25,12360.0,-9521.25
2025-04-17 15:12:00,-21881.25,12356.25,-9525.0
2025-04-17 15:13:00,-21885.0,12360.0,-9525.0
2025-04-17 15:14:00,-21881.25,12360.0,-9521.25
2025-04-17 15:15:00,-21881.25,12363.75,-9517.5
2025-04-17 15:16:00,-21881.25,12360.0,-9521.25
2025-04-17 15:17:00,-21881.25,12363.75,-9517.5
2025-04-17 15:18:00,-21881.25,12371.25,-9510.0
2025-04-17 15:19:00,-21881.25,12375.0,-9506.25
2025-04-17 15:20:00,-21881.25,12375.0,-9506.25
2025-04-17 15:21:00,-21881.25,12375.0,-9506.25
2025-04-17 15:22:00,-21881.25,12375.0,-9506.25
2025-04-17 15:23:00,-21881.25,12375.0,-9506.25
2025-04-17 15:24:00,-21881.25,12375.0,-9506.25
2025-04-17 15:25:00,-21881.25,12375.0,-9506.25
2025-04-17 15:26:00,-21881.25,12375.0,-9506.25
2025-04-17 15:27:00,-21881.25,12375.0,-9506.25
2025-04-17 15:28:00,-21881.25,12375.0,-9506.25
2025-04-17 15:29:00,-21881.25,12375.0,-9506.25
2025-04-17 15:30:00,-21881.25,12375.0,-9506.25
2025-05-08 10:15:00,0.0,0.0,0.0
2025-05-08 10:16:00,-26.25,37.5,11.25
2025-05-08 10:17:00,-18.75,15.0,-3.75
2025-05-08 10:18:00,3.75,-33.75,-30.0
2025-05-08 10:19:00,22.5,-3.75,18.75
2025-05-08 10:20:00,3.75,37.5,41.25
2025-05-08 10:21:00,-30.0,101.25,71.25
2025-05-08 10:22:00,-108.75,176.25,67.5
2025-05-08 10:23:00,-120.0,180.0,60.0
2025-05-08 10:24:00,-101.25,168.75,67.5
2025-05-08 10:25:00,-127.5,206.25,78.75
2025-05-08 10:26:00,-240.0,217.5,-22.5
2025-05-08 10:27:00,-161.25,213.75,52.5
2025-05-08 10:28:00,-165.0,210.0,45.0
2025-05-08 10:29:00,-101.25,243.75,142.5
2025-05-08 10:30:00,-71.25,232.5,161.25
2025-05-08 10:31:00,-15.0,198.75,183.75
2025-05-08 10:32:00,0.0,210.0,210.0
2025-05-08 10:33:00,-26.25,251.25,225.0
2025-05-08 10:34:00,-86.25,281.25,195.0
2025-05-08 10:35:00,-108.75,281.25,172.5
2025-05-08 10:36:00,-18.75,247.5,228.75
2025-05-08 10:37:00,-26.25,232.5,206.25
2025-05-08 10:38:00,-7.5,225.0,217.5
2025-05-08 10:39:00,-3.75,251.25,247.5
2025-05-08 10:40:00,-11.25,232.5,221.25
2025-05-08 10:41:00,-3.75,240.0,236.25
2025-05-08 10:42:00,-7.5,240.0,232.5
2025-05-08 10:43:00,-26.25,251.25,225.0
2025-05-08 10:44:00,3.75,240.0,243.75
2025-05-08 10:45:00,3.75,243.75,247.5
2025-05-08 10:46:00,-41.25,266.25,225.0
2025-05-08 10:47:00,3.75,255.0,258.75
2025-05-08 10:48:00,97.5,206.25,303.75
2025-05-08 10:49:00,101.25,251.25,352.5
2025-05-08 10:50:00,71.25,273.75,345.0
2025-05-08 10:51:00,67.5,273.75,341.25
2025-05-08 10:52:00,52.5,277.5,330.0
2025-05-08 10:53:00,63.75,266.25,330.0
2025-05-08 10:54:00,86.25,281.25,367.5
2025-05-08 10:55:00,78.75,300.0,378.75
2025-05-08 10:56:00,63.75,303.75,367.5
2025-05-08 10:57:00,105.0,266.25,371.25
2025-05-08 10:58:00,105.0,277.5,382.5
2025-05-08 10:59:00,138.75,258.75,397.5
2025-05-08 11:00:00,146.25,292.5,438.75
2025-05-08 11:01:00,108.75,318.75,427.5
2025-05-08 11:02:00,131.25,300.0,431.25
2025-05-08 11:03:00,120.0,277.5,397.5
2025-05-08 11:04:00,131.25,270.0,401.25
2025-05-08 11:05:00,150.0,277.5,427.5
2025-05-08 11:06:00,165.0,303.75,468.75
2025-05-08 11:07:00,146.25,330.0,476.25
2025-05-08 11:08:00,127.5,337.5,465.0
2025-05-08 11:09:00,112.5,333.75,446.25
2025-05-08 11:10:00,116.25,333.75,450.0
2025-05-08 11:11:00,86.25,356.25,442.5
2025-05-08 11:12:00,120.0,341.25,461.25
2025-05-08 11:13:00,135.0,341.25,476.25
2025-05-08 11:14:00,142.5,333.75,476.25
2025-05-08 11:15:00,153.75,326.25,480.0
2025-05-08 11:16:00,157.5,330.0,487.5
2025-05-08 11:17:00,157.5,345.0,502.5
2025-05-08 11:18:00,168.75,352.5,521.25
2025-05-08 11:19:00,150.0,360.0,510.0
2025-05-08 11:20:00,131.25,371.25,502.5
2025-05-08 11:21:00,112.5,367.5,480.0
2025-05-08 11:22:00,120.0,375.0,495.0
2025-05-08 11:23:00,123.75,375.0,498.75
2025-05-08 11:24:00,108.75,382.5,491.25
2025-05-08 11:25:00,105.0,371.25,476.25
2025-05-08 11:26:00,41.25,378.75,420.0
2025-05-08 11:27:00,48.75,386.25,435.0
2025-05-08 11:28:00,37.5,375.0,412.5
2025-05-08 11:29:00,71.25,371.25,442.5
2025-05-08 11:30:00,75.0,367.5,442.5
2025-05-08 11:31:00,78.75,371.25,450.0
2025-05-08 11:32:00,78.75,371.25,450.0
2025-05-08 11:33:00,101.25,371.25,472.5
2025-05-08 11:34:00,135.0,378.75,513.75
2025-05-08 11:35:00,131.25,375.0,506.25
2025-05-08 11:36:00,135.0,360.0,495.0
2025-05-08 11:37:00,101.25,367.5,468.75
2025-05-08 11:38:00,116.25,378.75,495.0
2025-05-08 11:39:00,150.0,390.0,540.0
2025-05-08 11:40:00,146.25,393.75,540.0
2025-05-08 11:41:00,131.25,393.75,525.0
2025-05-08 11:42:00,127.5,397.5,525.0
2025-05-08 11:43:00,131.25,405.0,536.25
2025-05-08 11:44:00,131.25,405.0,536.25
2025-05-08 11:45:00,146.25,416.25,562.5
2025-05-08 11:46:00,161.25,397.5,558.75
2025-05-08 11:47:00,187.5,397.5,585.0
2025-05-08 11:48:00,213.75,386.25,600.0
2025-05-08 11:49:00,217.5,423.75,641.25
2025-05-08 11:50:00,210.0,423.75,633.75
2025-05-08 11:51:00,217.5,431.25,648.75
2025-05-08 11:52:00,225.0,435.0,660.0
2025-05-08 11:53:00,225.0,435.0,660.0
2025-05-08 11:54:00,255.0,446.25,701.25
2025-05-08 11:55:00,270.0,438.75,708.75
2025-05-08 11:56:00,277.5,450.0,727.5
2025-05-08 11:57:00,273.75,457.5,731.25
2025-05-08 11:58:00,285.0,457.5,742.5
2025-05-08 11:59:00,281.25,468.75,750.0
2025-05-08 12:00:00,288.75,472.5,761.25
2025-05-08 12:01:00,296.25,465.0,761.25
2025-05-08 12:02:00,318.75,465.0,783.75
2025-05-08 12:03:00,322.5,483.75,806.25
2025-05-08 12:04:00,311.25,476.25,787.5
2025-05-08 12:05:00,315.0,483.75,798.75
2025-05-08 12:06:00,315.0,480.0,795.0
2025-05-08 12:07:00,318.75,480.0,798.75
2025-05-08 12:08:00,307.5,476.25,783.75
2025-05-08 12:09:00,322.5,446.25,768.75
2025-05-08 12:10:00,315.0,457.5,772.5
2025-05-08 12:11:00,311.25,472.5,783.75
2025-05-08 12:12:00,311.25,480.0,791.25
2025-05-08 12:13:00,307.5,465.0,772.5
2025-05-08 12:14:00,307.5,468.75,776.25
2025-05-08 12:15:00,296.25,461.25,757.5
2025-05-08 12:16:00,202.5,423.75,626.25
2025-05-08 12:17:00,247.5,453.75,701.25
2025-05-08 12:18:00,281.25,468.75,750.0
2025-05-08 12:19:00,288.75,450.0,738.75
2025-05-08 12:20:00,285.0,453.75,738.75
2025-05-08 12:21:00,288.75,465.0,753.75
2025-05-08 12:22:00,288.75,461.25,750.0
2025-05-08 12:23:00,281.25,465.0,746.25
2025-05-08 12:24:00,273.75,461.25,735.0
2025-05-08 12:25:00,247.5,468.75,716.25
2025-05-08 12:26:00,251.25,457.5,708.75
2025-05-08 12:27:00,255.0,461.25,716.25
2025-05-08 12:28:00,255.0,457.5,712.5
2025-05-08 12:29:00,270.0,461.25,731.25
2025-05-08 12:30:00,273.75,461.25,735.0
2025-05-08 12:31:00,277.5,465.0,742.5
2025-05-08 12:32:00,273.75,468.75,742.5
2025-05-08 12:33:00,273.75,472.5,746.25
2025-05-08 12:34:00,285.0,480.0,765.0
2025-05-08 12:35:00,285.0,476.25,761.25
2025-05-08 12:36:00,285.0,472.5,757.5
2025-05-08 12:37:00,292.5,472.5,765.0
2025-05-08 12:38:00,300.0,468.75,768.75
2025-05-08 12:39:00,307.5,465.0,772.5
2025-05-08 12:40:00,292.5,461.25,753.75
2025-05-08 12:41:00,285.0,468.75,753.75
2025-05-08 12:42:00,303.75,461.25,765.0
2025-05-08 12:43:00,296.25,465.0,761.25
2025-05-08 12:44:00,303.75,465.0,768.75
2025-05-08 12:45:00,303.75,427.5,731.25
2025-05-08 12:46:00,303.75,435.0,738.75
2025-05-08 12:47:00,318.75,438.75,757.5
2025-05-08 12:48:00,315.0,438.75,753.75
2025-05-08 12:49:00,326.25,438.75,765.0
2025-05-08 12:50:00,326.25,461.25,787.5
2025-05-08 12:51:00,330.0,457.5,787.5
2025-05-08 12:52:00,330.0,461.25,791.25
2025-05-08 12:53:00,315.0,468.75,783.75
2025-05-08 12:54:00,318.75,450.0,768.75
2025-05-08 12:55:00,311.25,450.0,761.25
2025-05-08 12:56:00,318.75,446.25,765.0
2025-05-08 12:57:00,311.25,442.5,753.75
2025-05-08 12:58:00,318.75,446.25,765.0
2025-05-08 12:59:00,318.75,435.0,753.75
2025-05-08 13:00:00,296.25,438.75,735.0
2025-05-08 13:01:00,311.25,435.0,746.25
2025-05-08 13:02:00,307.5,427.5,735.0
2025-05-08 13:03:00,315.0,416.25,731.25
2025-05-08 13:04:00,322.5,423.75,746.25
2025-05-08 13:05:00,322.5,427.5,750.0
2025-05-08 13:06:00,326.25,450.0,776.25
2025-05-08 13:07:00,337.5,423.75,761.25
2025-05-08 13:08:00,341.25,390.0,731.25
2025-05-08 13:09:00,341.25,333.75,675.0
2025-05-08 13:10:00,333.75,367.5,701.25
2025-05-08 13:11:00,337.5,360.0,697.5
2025-05-08 13:12:00,341.25,352.5,693.75
2025-05-08 13:13:00,352.5,262.5,615.0
2025-05-08 13:14:00,360.0,315.0,675.0
2025-05-08 13:15:00,367.5,363.75,731.25
2025-05-08 13:16:00,382.5,318.75,701.25
2025-05-08 13:17:00,382.5,285.0,667.5
2025-05-08 13:18:00,378.75,217.5,596.25
2025-05-08 13:19:00,382.5,247.5,630.0
2025-05-08 13:20:00,382.5,288.75,671.25
2025-05-08 13:21:00,393.75,202.5,596.25
2025-05-08 13:22:00,401.25,213.75,615.0
2025-05-08 13:23:00,393.75,198.75,592.5
2025-05-08 13:24:00,390.0,-161.25,228.75
2025-05-08 13:25:00,397.5,-247.5,150.0
2025-05-08 13:26:00,378.75,-93.75,285.0
2025-05-08 13:27:00,382.5,116.25,498.75
2025-05-08 13:28:00,375.0,187.5,562.5
2025-05-08 13:29:00,393.75,168.75,562.5
2025-05-08 13:30:00,386.25,105.0,491.25
2025-05-08 13:31:00,371.25,71.25,442.5
2025-05-08 13:32:00,378.75,30.0,408.75
2025-05-08 13:33:00,375.0,18.75,393.75
2025-05-08 13:34:00,371.25,45.0,416.25
2025-05-08 13:35:00,371.25,71.25,442.5
2025-05-08 13:36:00,390.0,3.75,393.75
2025-05-08 13:37:00,393.75,-56.25,337.5
2025-05-08 13:38:00,378.75,-562.5,-183.75
2025-05-08 13:39:00,300.0,-1185.0,-885.0
2025-05-08 13:40:00,363.75,-727.5,-363.75
2025-05-08 13:41:00,472.5,-607.5,-135.0
2025-05-08 13:42:00,690.0,-757.5,-67.5
2025-05-08 13:43:00,742.5,-851.25,-108.75
2025-05-08 13:44:00,723.75,-716.25,7.5
2025-05-08 13:45:00,776.25,-873.75,-97.5
2025-05-08 13:46:00,787.5,-802.5,-15.0
2025-05-08 13:47:00,780.0,-723.75,56.25
2025-05-08 13:48:00,405.0,-315.0,90.0
2025-05-08 13:49:00,397.5,-206.25,191.25
2025-05-08 13:50:00,446.25,-243.75,202.5
2025-05-08 13:51:00,551.25,-393.75,157.5
2025-05-08 13:52:00,911.25,-663.75,247.5
2025-05-08 13:53:00,945.0,-660.0,285.0
2025-05-08 13:54:00,1050.0,-712.5,337.5
2025-05-08 13:55:00,1020.0,-663.75,356.25
2025-05-08 13:56:00,993.75,-716.25,277.5
2025-05-08 13:57:00,1173.75,-1125.0,48.75
2025-05-08 13:58:00,1121.25,-783.75,337.5
2025-05-08 13:59:00,1143.75,-915.0,228.75
2025-05-08 14:00:00,1091.25,-776.25,315.0
2025-05-08 14:01:00,1098.75,-776.25,322.5
2025-05-08 14:02:00,1072.5,-633.75,438.75
2025-05-08 14:03:00,1286.25,-637.5,648.75
2025-05-08 14:04:00,1222.5,-487.5,735.0
2025-05-08 14:05:00,1342.5,-648.75,693.75
2025-05-08 14:06:00,1286.25,-558.75,727.5
2025-05-08 14:07:00,1286.25,-423.75,862.5
2025-05-08 14:08:00,1282.5,-375.0,907.5
2025-05-08 14:09:00,1395.0,-495.0,900.0
2025-05-08 14:10:00,1515.0,-772.5,742.5
2025-05-08 14:11:00,1526.25,-731.25,795.0
2025-05-08 14:12:00,1560.0,-798.75,761.25
2025-05-08 14:13:00,1631.25,-1290.0,341.25
2025-05-08 14:14:00,1642.5,-1203.75,438.75
2025-05-08 14:15:00,1646.25,-1151.25,495.0
2025-05-08 14:16:00,1646.25,-881.25,765.0
2025-05-08 14:17:00,1646.25,-626.25,1020.0
2025-05-08 14:18:00,1635.0,-427.5,1207.5
2025-05-08 14:19:00,1638.75,-513.75,1125.0
2025-05-08 14:20:00,1646.25,-645.0,1001.25
2025-05-08 14:21:00,1646.25,-626.25,1020.0
2025-05-08 14:22:00,1650.0,-472.5,1177.5
2025-05-08 14:23:00,1638.75,-393.75,1245.0
2025-05-08 14:24:00,1642.5,-412.5,1230.0
2025-05-08 14:25:00,1646.25,-450.0,1196.25
2025-05-08 14:26:00,1642.5,-397.5,1245.0
2025-05-08 14:27:00,1642.5,-360.0,1282.5
2025-05-08 14:28:00,1635.0,-18.75,1616.25
2025-05-08 14:29:00,1635.0,63.75,1698.75
2025-05-08 14:30:00,1623.75,48.75,1672.5
2025-05-08 14:31:00,1631.25,97.5,1728.75
2025-05-08 14:32:00,1623.75,108.75,1732.5
2025-05-08 14:33:00,1635.0,131.25,1766.25
2025-05-08 14:34:00,1635.0,127.5,1762.5
2025-05-08 14:35:00,1668.75,-82.5,1586.25
2025-05-08 14:36:00,1676.25,56.25,1732.5
2025-05-08 14:37:00,1672.5,56.25,1728.75
2025-05-08 14:38:00,1683.75,33.75,1717.5
2025-05-08 14:39:00,1680.0,-26.25,1653.75
2025-05-08 14:40:00,1676.25,-3.75,1672.5
2025-05-08 14:41:00,1680.0,-30.0,1650.0
2025-05-08 14:42:00,1680.0,-45.0,1635.0
2025-05-08 14:43:00,1683.75,-60.0,1623.75
2025-05-08 14:44:00,1683.75,-33.75,1650.0
2025-05-08 14:45:00,1683.75,-48.75,1635.0
2025-05-08 14:46:00,1687.5,-386.25,1301.25
2025-05-08 14:47:00,1683.75,-956.25,727.5
2025-05-08 14:48:00,1683.75,-667.5,1016.25
2025-05-08 14:49:00,1691.25,-926.25,765.0
2025-05-08 14:50:00,1691.25,-930.0,761.25
2025-05-08 14:51:00,1683.75,-1545.0,138.75
2025-05-08 14:52:00,1691.25,-1567.5,123.75
2025-05-08 14:53:00,1683.75,-2943.75,-1260.0
2025-05-08 14:54:00,1676.25,-3652.5,-1976.25
2025-05-08 14:55:00,1680.0,-4841.25,-3161.25
2025-05-08 14:56:00,1672.5,-3795.0,-2122.5
2025-05-08 14:57:00,1680.0,-3468.75,-1788.75
2025-05-08 14:58:00,1683.75,-4335.0,-2651.25
2025-05-08 14:59:00,1683.75,-4241.25,-2557.5
2025-05-08 15:00:00,1676.25,-4680.0,-3003.75
2025-05-08 15:01:00,1683.75,-5088.75,-3405.0
2025-05-08 15:02:00,1687.5,-3956.25,-2268.75
2025-05-08 15:03:00,1695.0,-4113.75,-2418.75
2025-05-08 15:04:00,1695.0,-3915.0,-2220.0
2025-05-08 15:05:00,1698.75,-3228.75,-1530.0
2025-05-08 15:06:00,1695.0,-1605.0,90.0
2025-05-08 15:07:00,1702.5,-2808.75,-1106.25
2025-05-08 15:08:00,1702.5,-2178.75,-476.25
2025-05-08 15:09:00,1698.75,-1882.5,-183.75
2025-05-08 15:10:00,1702.5,-1916.25,-213.75
2025-05-08 15:11:00,1702.5,-2100.0,-397.5
2025-05-08 15:12:00,1706.25,-2512.5,-806.25
2025-05-08 15:13:00,1706.25,-2557.5,-851.25
2025-05-08 15:14:00,1706.25,-2347.5,-641.25
2025-05-08 15:15:00,1706.25,-2340.0,-633.75
2025-05-08 15:16:00,1706.25,-2872.5,-1166.25
2025-05-08 15:17:00,1706.25,-3363.75,-1657.5
2025-05-08 15:18:00,1710.0,-3558.75,-1848.75
2025-05-08 15:19:00,1710.0,-3427.5,-1717.5
2025-05-08 15:20:00,1713.75,-3761.25,-2047.5
2025-05-08 15:21:00,1713.75,-3761.25,-2047.5
2025-05-08 15:22:00,1713.75,-3761.25,-2047.5
2025-05-08 15:23:00,1713.75,-3761.25,-2047.5
2025-05-08 15:24:00,1713.75,-3761.25,-2047.5
2025-05-08 15:25:00,1713.75,-3761.25,-2047.5
2025-05-08 15:26:00,1713.75,-3761.25,-2047.5
2025-05-08 15:27:00,1713.75,-3761.25,-2047.5
2025-05-08 15:28:00,1713.75,-3761.25,-2047.5
2025-05-08 15:29:00,1713.75,-3761.25,-2047.5
2025-05-08 15:30:00,1713.75,-3761.25,-2047.5
2025-05-15 10:15:00,0.0,0.0,0.0
2025-05-15 10:16:00,-487.5,367.5,-120.0
2025-05-15 10:17:00,-435.0,637.5,202.5
2025-05-15 10:18:00,-315.0,453.75,138.75
2025-05-15 10:19:00,172.5,502.5,675.0
2025-05-15 10:20:00,453.75,150.0,603.75
2025-05-15 10:21:00,442.5,90.0,532.5
2025-05-15 10:22:00,540.0,191.25,731.25
2025-05-15 10:23:00,446.25,510.0,956.25
2025-05-15 10:24:00,165.0,1035.0,1200.0
2025-05-15 10:25:00,116.25,956.25,1072.5
2025-05-15 10:26:00,262.5,566.25,828.75
2025-05-15 10:27:00,-236.25,495.0,258.75
2025-05-15 10:28:00,-277.5,566.25,288.75
2025-05-15 10:29:00,-146.25,600.0,453.75
2025-05-15 10:30:00,-97.5,630.0,532.5
2025-05-15 10:31:00,-633.75,900.0,266.25
2025-05-15 10:32:00,-1725.0,1226.25,-498.75
2025-05-15 10:33:00,-776.25,1218.75,442.5
2025-05-15 10:34:00,-1665.0,1533.75,-131.25
2025-05-15 10:35:00,-1751.25,1755.0,3.75
2025-05-15 10:36:00,-1338.75,1785.0,446.25
2025-05-15 10:37:00,-2403.75,1890.0,-513.75
2025-05-15 10:38:00,-2565.0,1976.25,-588.75
2025-05-15 10:39:00,-2625.0,2152.5,-472.5
2025-05-15 10:40:00,-7222.5,2482.5,-4740.0
2025-05-15 10:41:00,-7837.5,2602.5,-5235.0
2025-05-15 10:42:00,-8433.75,2591.25,-5842.5
2025-05-15 10:43:00,-8201.25,2310.0,-5891.25
2025-05-15 10:44:00,-8936.25,2598.75,-6337.5
2025-05-15 10:45:00,-7346.25,1578.75,-5767.5
2025-05-15 10:46:00,-6926.25,1271.25,-5655.0
2025-05-15 10:47:00,-6033.75,1155.0,-4878.75
2025-05-15 10:48:00,-4470.0,615.0,-3855.0
2025-05-15 10:49:00,-5621.25,2070.0,-3551.25
2025-05-15 10:50:00,-5643.75,1766.25,-3877.5
2025-05-15 10:51:00,-5662.5,1113.75,-4548.75
2025-05-15 10:52:00,-5486.25,1203.75,-4282.5
2025-05-15 10:53:00,-4635.0,656.25,-3978.75
2025-05-15 10:54:00,-4661.25,742.5,-3918.75
2025-05-15 10:55:00,-4935.0,1200.0,-3735.0
2025-05-15 10:56:00,-5415.0,1518.75,-3896.25
2025-05-15 10:57:00,-5778.75,1597.5,-4181.25
2025-05-15 10:58:00,-5508.75,1661.25,-3847.5
2025-05-15 10:59:00,-8302.5,2962.5,-5340.0
2025-05-15 11:00:00,-8763.75,3296.25,-5467.5
2025-05-15 11:01:00,-8171.25,3067.5,-5103.75
2025-05-15 11:02:00,-6596.25,2628.75,-3967.5
2025-05-15 11:03:00,-5602.5,2025.0,-3577.5
2025-05-15 11:04:00,-5130.0,1826.25,-3303.75
2025-05-15 11:05:00,-4511.25,1376.25,-3135.0
2025-05-15 11:06:00,-4132.5,915.0,-3217.5
2025-05-15 11:07:00,-4728.75,1556.25,-3172.5
2025-05-15 11:08:00,-4631.25,1312.5,-3318.75
2025-05-15 11:09:00,-2981.25,-180.0,-3161.25
2025-05-15 11:10:00,-3592.5,990.0,-2602.5
2025-05-15 11:11:00,-2808.75,-240.0,-3048.75
2025-05-15 11:12:00,-2561.25,-903.75,-3465.0
2025-05-15 11:13:00,-2223.75,-1743.75,-3967.5
2025-05-15 11:14:00,-840.0,-4083.75,-4923.75
2025-05-15 11:15:00,-1218.75,-3217.5,-4436.25
2025-05-15 11:16:00,-1245.0,-2906.25,-4151.25
2025-05-15 11:17:00,-1732.5,-1792.5,-3525.0
2025-05-15 11:18:00,-3195.0,105.0,-3090.0
2025-05-15 11:19:00,-2572.5,-611.25,-3183.75
2025-05-15 11:20:00,-1931.25,-521.25,-2452.5
2025-05-15 11:21:00,-1863.75,-236.25,-2100.0
2025-05-15 11:22:00,-1140.0,-1571.25,-2711.25
2025-05-15 11:23:00,-1237.5,-2317.5,-3555.0
2025-05-15 11:24:00,-881.25,-3247.5,-4128.75
2025-05-15 11:25:00,-1162.5,-2996.25,-4158.75
2025-05-15 11:26:00,-1830.0,-2760.0,-4590.0
2025-05-15 11:27:00,-2340.0,-918.75,-3258.75
2025-05-15 11:28:00,-2456.25,-1267.5,-3723.75
2025-05-15 11:29:00,-2392.5,-1406.25,-3798.75
2025-05-15 11:30:00,-2148.75,-2448.75,-4597.5
2025-05-15 11:31:00,-1605.0,-2527.5,-4132.5
2025-05-15 11:32:00,-1188.75,-2808.75,-3997.5
2025-05-15 11:33:00,-1376.25,-2392.5,-3768.75
2025-05-15 11:34:00,-1942.5,-2100.0,-4042.5
2025-05-15 11:35:00,-1402.5,-3243.75,-4646.25
2025-05-15 11:36:00,-1717.5,-3003.75,-4721.25
2025-05-15 11:37:00,-1578.75,-3491.25,-5070.0
2025-05-15 11:38:00,-2272.5,-2328.75,-4601.25
2025-05-15 11:39:00,-1638.75,-3798.75,-5437.5
2025-05-15 11:40:00,-1976.25,-3266.25,-5242.5
2025-05-15 11:41:00,-1818.75,-3862.5,-5681.25
2025-05-15 11:42:00,-2606.25,-2640.0,-5246.25
2025-05-15 11:43:00,-2508.75,-3075.0,-5583.75
2025-05-15 11:44:00,-2070.0,-3393.75,-5463.75
2025-05-15 11:45:00,-2415.0,-3052.5,-5467.5
2025-05-15 11:46:00,-2831.25,-2658.75,-5490.0
2025-05-15 11:47:00,-2898.75,-1796.25,-4695.0
2025-05-15 11:48:00,-2197.5,-1691.25,-3888.75
2025-05-15 11:49:00,-2141.25,-1132.5,-3273.75
2025-05-15 11:50:00,-1605.0,-2486.25,-4091.25
2025-05-15 11:51:00,-1560.0,-2531.25,-4091.25
2025-05-15 11:52:00,-1440.0,-3116.25,-4556.25
2025-05-15 11:53:00,-1376.25,-3093.75,-4470.0
2025-05-15 11:54:00,-1605.0,-2895.0,-4500.0
2025-05-15 11:55:00,-2025.0,-2452.5,-4477.5
2025-05-15 11:56:00,-2347.5,-2040.0,-4387.5
2025-05-15 11:57:00,-2103.75,-1080.0,-3183.75
2025-05-15 11:58:00,-1680.0,-2006.25,-3686.25
2025-05-15 11:59:00,-2066.25,-1488.75,-3555.0
2025-05-15 12:00:00,-1612.5,-2373.75,-3986.25
2025-05-15 12:01:00,-1631.25,-2561.25,-4192.5
2025-05-15 12:02:00,-1635.0,-3221.25,-4856.25
2025-05-15 12:03:00,-1620.0,-3277.5,-4897.5
2025-05-15 12:04:00,-1968.75,-2362.5,-4331.25
2025-05-15 12:05:00,-2868.75,-1751.25,-4620.0
2025-05-15 12:06:00,-2887.5,-1346.25,-4233.75
2025-05-15 12:07:00,-2456.25,-1770.0,-4226.25
2025-05-15 12:08:00,-4001.25,-472.5,-4473.75
2025-05-15 12:09:00,-4968.75,176.25,-4792.5
2025-05-15 12:10:00,-5122.5,570.0,-4552.5
2025-05-15 12:11:00,-4215.0,195.0,-4020.0
2025-05-15 12:12:00,-2966.25,-907.5,-3873.75
2025-05-15 12:13:00,-3427.5,-438.75,-3866.25
2025-05-15 12:14:00,-2947.5,-776.25,-3723.75
2025-05-15 12:15:00,-3382.5,-795.0,-4177.5
2025-05-15 12:16:00,-4935.0,1263.75,-3671.25
2025-05-15 12:17:00,-5542.5,2523.75,-3018.75
2025-05-15 12:18:00,-5085.0,2493.75,-2591.25
2025-05-15 12:19:00,-5152.5,2437.5,-2715.0
2025-05-15 12:20:00,-3828.75,1661.25,-2167.5
2025-05-15 12:21:00,-2377.5,206.25,-2171.25
2025-05-15 12:22:00,-2793.75,975.0,-1818.75
2025-05-15 12:23:00,-2913.75,765.0,-2148.75
2025-05-15 12:24:00,-1683.75,-1042.5,-2726.25
2025-05-15 12:25:00,-1848.75,37.5,-1811.25
2025-05-15 12:26:00,-1158.75,-412.5,-1571.25
2025-05-15 12:27:00,-1166.25,-45.0,-1211.25
2025-05-15 12:28:00,-1057.5,472.5,-585.0
2025-05-15 12:29:00,-671.25,-438.75,-1110.0
2025-05-15 12:30:00,-780.0,-270.0,-1050.0
2025-05-15 12:31:00,-1286.25,-116.25,-1402.5
2025-05-15 12:32:00,-1038.75,-731.25,-1770.0
2025-05-15 12:33:00,-1511.25,52.5,-1458.75
2025-05-15 12:34:00,-1275.0,-465.0,-1740.0
2025-05-15 12:35:00,-1425.0,-367.5,-1792.5
2025-05-15 12:36:00,-1762.5,-131.25,-1893.75
2025-05-15 12:37:00,-2767.5,915.0,-1852.5
2025-05-15 12:38:00,-3356.25,2171.25,-1185.0
2025-05-15 12:39:00,-3213.75,1496.25,-1717.5
2025-05-15 12:40:00,-3251.25,1755.0,-1496.25
2025-05-15 12:41:00,-2516.25,1627.5,-888.75
2025-05-15 12:42:00,-2156.25,1556.25,-600.0
2025-05-15 12:43:00,-1728.75,1391.25,-337.5
2025-05-15 12:44:00,-933.75,1046.25,112.5
2025-05-15 12:45:00,-727.5,828.75,101.25
2025-05-15 12:46:00,-862.5,513.75,-348.75
2025-05-15 12:47:00,-1162.5,660.0,-502.5
2025-05-15 12:48:00,-1065.0,386.25,-678.75
2025-05-15 12:49:00,-502.5,292.5,-210.0
2025-05-15 12:50:00,-1053.75,956.25,-97.5
2025-05-15 12:51:00,-1125.0,-176.25,-1301.25
2025-05-15 12:52:00,-1972.5,926.25,-1046.25
2025-05-15 12:53:00,-2006.25,1053.75,-952.5
2025-05-15 12:54:00,-2872.5,1683.75,-1188.75
2025-05-15 12:55:00,-2550.0,1916.25,-633.75
2025-05-15 12:56:00,-3315.0,2096.25,-1218.75
2025-05-15 12:57:00,-3251.25,2152.5,-1098.75
2025-05-15 12:58:00,-3360.0,2043.75,-1316.25
2025-05-15 12:59:00,-3318.75,2088.75,-1230.0
2025-05-15 13:00:00,-3018.75,2212.5,-806.25
2025-05-15 13:01:00,-5940.0,3686.25,-2253.75
2025-05-15 13:02:00,-4155.0,2733.75,-1421.25
2025-05-15 13:03:00,-4068.75,3427.5,-641.25
2025-05-15 13:04:00,-5343.75,4087.5,-1256.25
2025-05-15 13:05:00,-5355.0,4065.0,-1290.0
2025-05-15 13:06:00,-6600.0,4331.25,-2268.75
2025-05-15 13:07:00,-7608.75,5036.25,-2572.5
2025-05-15 13:08:00,-9468.75,5291.25,-4177.5
2025-05-15 13:09:00,-11883.75,6116.25,-5767.5
2025-05-15 13:10:00,-9832.5,5966.25,-3866.25
2025-05-15 13:11:00,-10803.75,7286.25,-3517.5
2025-05-15 13:12:00,-11460.0,7717.5,-3742.5
2025-05-15 13:13:00,-11381.25,7927.5,-3453.75
2025-05-15 13:14:00,-11861.25,8208.75,-3652.5
2025-05-15 13:15:00,-14490.0,9862.5,-4627.5
2025-05-15 13:16:00,-15742.5,10301.25,-5441.25
2025-05-15 13:17:00,-13950.0,9502.5,-4447.5
2025-05-15 13:18:00,-14032.5,10526.25,-3506.25
2025-05-15 13:19:00,-13155.0,10076.25,-3078.75
2025-05-15 13:20:00,-13781.25,10575.0,-3206.25
2025-05-15 13:21:00,-13395.0,9780.0,-3615.0
2025-05-15 13:22:00,-12577.5,9315.0,-3262.5
2025-05-15 13:23:00,-13046.25,9858.75,-3187.5
2025-05-15 13:24:00,-13575.0,9866.25,-3708.75
2025-05-15 13:25:00,-14100.0,9787.5,-4312.5
2025-05-15 13:26:00,-13537.5,9397.5,-4140.0
2025-05-15 13:27:00,-14313.75,9525.0,-4788.75
2025-05-15 13:28:00,-13413.75,8988.75,-4425.0
2025-05-15 13:29:00,-14321.25,9330.0,-4991.25
2025-05-15 13:30:00,-15135.0,10080.0,-5055.0
2025-05-15 13:31:00,-16736.25,11546.25,-5190.0
2025-05-15 13:32:00,-17778.75,11730.0,-6048.75
2025-05-15 13:33:00,-17820.0,11887.5,-5932.5
2025-05-15 13:34:00,-17913.75,12315.0,-5598.75
2025-05-15 13:35:00,-17958.75,12022.5,-5936.25
2025-05-15 13:36:00,-17055.0,11932.5,-5122.5
2025-05-15 13:37:00,-19406.25,12600.0,-6806.25
2025-05-15 13:38:00,-18112.5,12416.25,-5696.25
2025-05-15 13:39:00,-18757.5,12476.25,-6281.25
2025-05-15 13:40:00,-18746.25,12558.75,-6187.5
2025-05-15 13:41:00,-19563.75,12543.75,-7020.0
2025-05-15 13:42:00,-18948.75,12648.75,-6300.0
2025-05-15 13:43:00,-19113.75,12697.5,-6416.25
2025-05-15 13:44:00,-19076.25,12633.75,-6442.5
2025-05-15 13:45:00,-18686.25,12881.25,-5805.0
2025-05-15 13:46:00,-21870.0,13398.75,-8471.25
2025-05-15 13:47:00,-21963.75,13402.5,-8561.25
2025-05-15 13:48:00,-23021.25,13233.75,-9787.5
2025-05-15 13:49:00,-24277.5,13290.0,-10987.5
2025-05-15 13:50:00,-22893.75,13035.0,-9858.75
2025-05-15 13:51:00,-22893.75,13106.25,-9787.5
2025-05-15 13:52:00,-23010.0,13177.5,-9832.5
2025-05-15 13:53:00,-23141.25,13335.0,-9806.25
2025-05-15 13:54:00,-23103.75,13286.25,-9817.5
2025-05-15 13:55:00,-23133.75,13376.25,-9757.5
2025-05-15 13:56:00,-23208.75,13391.25,-9817.5
2025-05-15 13:57:00,-23066.25,13410.0,-9656.25
2025-05-15 13:58:00,-23013.75,13567.5,-9446.25
2025-05-15 13:59:00,-23152.5,13747.5,-9405.0
2025-05-15 14:00:00,-23100.0,13638.75,-9461.25
2025-05-15 14:01:00,-22616.25,13256.25,-9360.0
2025-05-15 14:02:00,-22815.0,13668.75,-9146.25
2025-05-15 14:03:00,-22950.0,13766.25,-9183.75
2025-05-15 14:04:00,-22980.0,13781.25,-9198.75
2025-05-15 14:05:00,-22867.5,13788.75,-9078.75
2025-05-15 14:06:00,-22781.25,13612.5,-9168.75
2025-05-15 14:07:00,-22792.5,13747.5,-9045.0
2025-05-15 14:08:00,-22676.25,13638.75,-9037.5
2025-05-15 14:09:00,-22676.25,13672.5,-9003.75
2025-05-15 14:10:00,-22710.0,13931.25,-8778.75
2025-05-15 14:11:00,-22841.25,14070.0,-8771.25
2025-05-15 14:12:00,-23126.25,14167.5,-8958.75
2025-05-15 14:13:00,-22923.75,14130.0,-8793.75
2025-05-15 14:14:00,-23010.0,14205.0,-8805.0
2025-05-15 14:15:00,-22953.75,14186.25,-8767.5
2025-05-15 14:16:00,-23085.0,14227.5,-8857.5
2025-05-15 14:17:00,-23130.0,14268.75,-8861.25
2025-05-15 14:18:00,-22893.75,14280.0,-8613.75
2025-05-15 14:19:00,-22575.0,14280.0,-8295.0
2025-05-15 14:20:00,-22552.5,14422.5,-8130.0
2025-05-15 14:21:00,-22368.75,14463.75,-7905.0
2025-05-15 14:22:00,-22215.0,14486.25,-7728.75
2025-05-15 14:23:00,-22308.75,14505.0,-7803.75
2025-05-15 14:24:00,-22203.75,14565.0,-7638.75
2025-05-15 14:25:00,-22245.0,14553.75,-7691.25
2025-05-15 14:26:00,-22305.0,14516.25,-7788.75
2025-05-15 14:27:00,-22466.25,14535.0,-7931.25
2025-05-15 14:28:00,-22282.5,14565.0,-7717.5
2025-05-15 14:29:00,-22387.5,14565.0,-7822.5
2025-05-15 14:30:00,-22323.75,14561.25,-7762.5
2025-05-15 14:31:00,-22181.25,14561.25,-7620.0
2025-05-15 14:32:00,-22110.0,14441.25,-7668.75
2025-05-15 14:33:00,-22102.5,14482.5,-7620.0
2025-05-15 14:34:00,-22068.75,14501.25,-7567.5
2025-05-15 14:35:00,-22050.0,14441.25,-7608.75
2025-05-15 14:36:00,-22091.25,14546.25,-7545.0
2025-05-15 14:37:00,-22121.25,14606.25,-7515.0
2025-05-15 14:38:00,-22065.0,14602.5,-7462.5
2025-05-15 14:39:00,-22038.75,14591.25,-7447.5
2025-05-15 14:40:00,-22016.25,14587.5,-7428.75
2025-05-15 14:41:00,-22020.0,14587.5,-7432.5
2025-05-15 14:42:00,-22005.0,14606.25,-7398.75
2025-05-15 14:43:00,-22008.75,14598.75,-7410.0
2025-05-15 14:44:00,-22020.0,14628.75,-7391.25
2025-05-15 14:45:00,-22095.0,14692.5,-7402.5
2025-05-15 14:46:00,-22083.75,14692.5,-7391.25
2025-05-15 14:47:00,-22012.5,14685.0,-7327.5
2025-05-15 14:48:00,-22027.5,14733.75,-7293.75
2025-05-15 14:49:00,-21993.75,14756.25,-7237.5
2025-05-15 14:50:00,-22012.5,14760.0,-7252.5
2025-05-15 14:51:00,-22016.25,14745.0,-7271.25
2025-05-15 14:52:00,-22005.0,14748.75,-7256.25
2025-05-15 14:53:00,-21986.25,14775.0,-7211.25
2025-05-15 14:54:00,-21993.75,14771.25,-7222.5
2025-05-15 14:55:00,-21952.5,14763.75,-7188.75
2025-05-15 14:56:00,-21945.0,14763.75,-7181.25
2025-05-15 14:57:00,-21945.0,14771.25,-7173.75
2025-05-15 14:58:00,-21956.25,14767.5,-7188.75
2025-05-15 14:59:00,-21945.0,14790.0,-7155.0
2025-05-15 15:00:00,-21952.5,14801.25,-7151.25
2025-05-15 15:01:00,-21941.25,14790.0,-7151.25
2025-05-15 15:02:00,-21933.75,14805.0,-7128.75
2025-05-15 15:03:00,-21933.75,14820.0,-7113.75
2025-05-15 15:04:00,-21930.0,14820.0,-7110.0
2025-05-15 15:05:00,-21937.5,14838.75,-7098.75
2025-05-15 15:06:00,-21930.0,14850.0,-7080.0
2025-05-15 15:07:00,-21922.5,14857.5,-7065.0
2025-05-15 15:08:00,-21918.75,14861.25,-7057.5
2025-05-15 15:09:00,-21915.0,14861.25,-7053.75
2025-05-15 15:10:00,-21915.0,14868.75,-7046.25
2025-05-15 15:11:00,-21911.25,14868.75,-7042.5
2025-05-15 15:12:00,-21911.25,14872.5,-7038.75
2025-05-15 15:13:00,-21911.25,14872.5,-7038.75
2025-05-15 15:14:00,-21911.25,14868.75,-7042.5
2025-05-15 15:15:00,-21911.25,14876.25,-7035.0
2025-05-15 15:16:00,-21915.0,14857.5,-7057.5
2025-05-15 15:17:00,-21907.5,14868.75,-7038.75
2025-05-15 15:18:00,-21911.25,14876.25,-7035.0
2025-05-15 15:19:00,-21907.5,14880.0,-7027.5
2025-05-15 15:20:00,-21907.5,14880.0,-7027.5
2025-05-15 15:21:00,-21907.5,14880.0,-7027.5
2025-05-15 15:22:00,-21907.5,14880.0,-7027.5
2025-05-15 15:23:00,-21907.5,14880.0,-7027.5
2025-05-15 15:24:00,-21907.5,14880.0,-7027.5
2025-05-15 15:25:00,-21907.5,14880.0,-7027.5
2025-05-15 15:26:00,-21907.5,14880.0,-7027.5
2025-05-15 15:27:00,-21907.5,14880.0,-7027.5
2025-05-15 15:28:00,-21907.5,14880.0,-7027.5
2025-05-15 15:29:00,-21907.5,14880.0,-7027.5
2025-05-15 15:30:00,-21907.5,14880.0,-7027.5
2025-05-22 10:15:00,0.0,0.0,0.0
2025-05-22 10:16:00,232.5,-33.75,198.75
2025-05-22 10:17:00,7.5,101.25,108.75
2025-05-22 10:18:00,26.25,243.75,270.0
2025-05-22 10:19:00,33.75,307.5,341.25
2025-05-22 10:20:00,221.25,120.0,341.25
2025-05-22 10:21:00,228.75,240.0,468.75
2025-05-22 10:22:00,168.75,315.0,483.75
2025-05-22 10:23:00,183.75,330.0,513.75
2025-05-22 10:24:00,217.5,348.75,566.25
2025-05-22 10:25:00,288.75,315.0,603.75
2025-05-22 10:26:00,630.0,-26.25,603.75
2025-05-22 10:27:00,720.0,3.75,723.75
2025-05-22 10:28:00,918.75,-821.25,97.5
2025-05-22 10:29:00,900.0,-847.5,52.5
2025-05-22 10:30:00,851.25,-592.5,258.75
2025-05-22 10:31:00,877.5,-476.25,401.25
2025-05-22 10:32:00,862.5,-123.75,738.75
2025-05-22 10:33:00,862.5,82.5,945.0
2025-05-22 10:34:00,821.25,183.75,1005.0
2025-05-22 10:35:00,716.25,375.0,1091.25
2025-05-22 10:36:00,483.75,570.0,1053.75
2025-05-22 10:37:00,547.5,663.75,1211.25
2025-05-22 10:38:00,345.0,795.0,1140.0
2025-05-22 10:39:00,573.75,603.75,1177.5
2025-05-22 10:40:00,840.0,521.25,1361.25
2025-05-22 10:41:00,735.0,596.25,1331.25
2025-05-22 10:42:00,660.0,618.75,1278.75
2025-05-22 10:43:00,708.75,570.0,1278.75
2025-05-22 10:44:00,761.25,562.5,1323.75
2025-05-22 10:45:00,840.0,540.0,1380.0
2025-05-22 10:46:00,735.0,566.25,1301.25
2025-05-22 10:47:00,821.25,603.75,1425.0
2025-05-22 10:48:00,866.25,517.5,1383.75
2025-05-22 10:49:00,937.5,420.0,1357.5
2025-05-22 10:50:00,986.25,330.0,1316.25
2025-05-22 10:51:00,1005.0,405.0,1410.0
2025-05-22 10:52:00,933.75,611.25,1545.0
2025-05-22 10:53:00,1001.25,573.75,1575.0
2025-05-22 10:54:00,1050.0,528.75,1578.75
2025-05-22 10:55:00,1080.0,536.25,1616.25
2025-05-22 10:56:00,1087.5,675.0,1762.5
2025-05-22 10:57:00,1113.75,592.5,1706.25
2025-05-22 10:58:00,1203.75,513.75,1717.5
2025-05-22 10:59:00,1117.5,611.25,1728.75
2025-05-22 11:00:00,1083.75,776.25,1860.0
2025-05-22 11:01:00,1072.5,787.5,1860.0
2025-05-22 11:02:00,1125.0,727.5,1852.5
2025-05-22 11:03:00,1147.5,693.75,1841.25
2025-05-22 11:04:00,1170.0,690.0,1860.0
2025-05-22 11:05:00,1211.25,510.0,1721.25
2025-05-22 11:06:00,1162.5,446.25,1608.75
2025-05-22 11:07:00,1203.75,461.25,1665.0
2025-05-22 11:08:00,1166.25,675.0,1841.25
2025-05-22 11:09:00,1151.25,738.75,1890.0
2025-05-22 11:10:00,1226.25,761.25,1987.5
2025-05-22 11:11:00,1226.25,720.0,1946.25
2025-05-22 11:12:00,1237.5,723.75,1961.25
2025-05-22 11:13:00,1260.0,768.75,2028.75
2025-05-22 11:14:00,1282.5,798.75,2081.25
2025-05-22 11:15:00,1346.25,690.0,2036.25
2025-05-22 11:16:00,1293.75,885.0,2178.75
2025-05-22 11:17:00,1327.5,915.0,2242.5
2025-05-22 11:18:00,1368.75,986.25,2355.0
2025-05-22 11:19:00,1361.25,907.5,2268.75
2025-05-22 11:20:00,1335.0,982.5,2317.5
2025-05-22 11:21:00,1312.5,813.75,2126.25
2025-05-22 11:22:00,1173.75,570.0,1743.75
2025-05-22 11:23:00,1222.5,645.0,1867.5
2025-05-22 11:24:00,1286.25,120.0,1406.25
2025-05-22 11:25:00,1222.5,277.5,1500.0
2025-05-22 11:26:00,1143.75,393.75,1537.5
2025-05-22 11:27:00,1136.25,195.0,1331.25
2025-05-22 11:28:00,1031.25,187.5,1218.75
2025-05-22 11:29:00,1046.25,198.75,1245.0
2025-05-22 11:30:00,1125.0,438.75,1563.75
2025-05-22 11:31:00,1173.75,543.75,1717.5
2025-05-22 11:32:00,1181.25,341.25,1522.5
2025-05-22 11:33:00,1155.0,172.5,1327.5
2025-05-22 11:34:00,1035.0,56.25,1091.25
2025-05-22 11:35:00,1046.25,11.25,1057.5
2025-05-22 11:36:00,1076.25,-41.25,1035.0
2025-05-22 11:37:00,1155.0,187.5,1342.5
2025-05-22 11:38:00,1267.5,-1653.75,-386.25
2025-05-22 11:39:00,1290.0,-1342.5,-52.5
2025-05-22 11:40:00,1245.0,-1121.25,123.75
2025-05-22 11:41:00,1192.5,-2062.5,-870.0
2025-05-22 11:42:00,1188.75,-2253.75,-1065.0
2025-05-22 11:43:00,1200.0,-2186.25,-986.25
2025-05-22 11:44:00,1211.25,-1481.25,-270.0
2025-05-22 11:45:00,1173.75,-1485.0,-311.25
2025-05-22 11:46:00,1203.75,-1087.5,116.25
2025-05-22 11:47:00,1181.25,-978.75,202.5
2025-05-22 11:48:00,1151.25,-506.25,645.0
2025-05-22 11:49:00,1181.25,-420.0,761.25
2025-05-22 11:50:00,1200.0,-363.75,836.25
2025-05-22 11:51:00,1203.75,-108.75,1095.0
2025-05-22 11:52:00,1185.0,18.75,1203.75
2025-05-22 11:53:00,1132.5,-157.5,975.0
2025-05-22 11:54:00,975.0,-307.5,667.5
2025-05-22 11:55:00,840.0,18.75,858.75
2025-05-22 11:56:00,686.25,-382.5,303.75
2025-05-22 11:57:00,735.0,-367.5,367.5
2025-05-22 11:58:00,986.25,-262.5,723.75
2025-05-22 11:59:00,1053.75,-75.0,978.75
2025-05-22 12:00:00,1020.0,-262.5,757.5
2025-05-22 12:01:00,1177.5,-150.0,1027.5
2025-05-22 12:02:00,1196.25,187.5,1383.75
2025-05-22 12:03:00,1113.75,-22.5,1091.25
2025-05-22 12:04:00,1068.75,180.0,1248.75
2025-05-22 12:05:00,1162.5,243.75,1406.25
2025-05-22 12:06:00,1233.75,41.25,1275.0
2025-05-22 12:07:00,1226.25,-52.5,1173.75
2025-05-22 12:08:00,1293.75,11.25,1305.0
2025-05-22 12:09:00,1346.25,-56.25,1290.0
2025-05-22 12:10:00,1380.0,-161.25,1218.75
2025-05-22 12:11:00,1368.75,-108.75,1260.0
2025-05-22 12:12:00,1368.75,-183.75,1185.0
2025-05-22 12:13:00,1383.75,-86.25,1297.5
2025-05-22 12:14:00,1361.25,-322.5,1038.75
2025-05-22 12:15:00,1387.5,-326.25,1061.25
2025-05-22 12:16:00,1350.0,-363.75,986.25
2025-05-22 12:17:00,1353.75,-408.75,945.0
2025-05-22 12:18:00,1278.75,-858.75,420.0
2025-05-22 12:19:00,1245.0,-1320.0,-75.0
2025-05-22 12:20:00,1293.75,-1350.0,-56.25
2025-05-22 12:21:00,1282.5,-750.0,532.5
2025-05-22 12:22:00,1327.5,-1057.5,270.0
2025-05-22 12:23:00,1320.0,-1308.75,11.25
2025-05-22 12:24:00,1297.5,-1121.25,176.25
2025-05-22 12:25:00,1316.25,-1571.25,-255.0
2025-05-22 12:26:00,1308.75,-1372.5,-63.75
2025-05-22 12:27:00,1282.5,-1425.0,-142.5
2025-05-22 12:28:00,1286.25,-1631.25,-345.0
2025-05-22 12:29:00,1252.5,-1676.25,-423.75
2025-05-22 12:30:00,1293.75,-1597.5,-303.75
2025-05-22 12:31:00,1226.25,-1001.25,225.0
2025-05-22 12:32:00,1275.0,-806.25,468.75
2025-05-22 12:33:00,1335.0,-866.25,468.75
2025-05-22 12:34:00,1436.25,-1278.75,157.5
2025-05-22 12:35:00,1447.5,-1053.75,393.75
2025-05-22 12:36:00,1440.0,-682.5,757.5
2025-05-22 12:37:00,1447.5,-618.75,828.75
2025-05-22 12:38:00,1526.25,-705.0,821.25
2025-05-22 12:39:00,1522.5,-386.25,1136.25
2025-05-22 12:40:00,1537.5,-330.0,1207.5
2025-05-22 12:41:00,1541.25,-705.0,836.25
2025-05-22 12:42:00,1515.0,-405.0,1110.0
2025-05-22 12:43:00,1545.0,-435.0,1110.0
2025-05-22 12:44:00,1530.0,-450.0,1080.0
2025-05-22 12:45:00,1507.5,-641.25,866.25
2025-05-22 12:46:00,1496.25,-963.75,532.5
2025-05-22 12:47:00,1477.5,-1417.5,60.0
2025-05-22 12:48:00,1477.5,-1661.25,-183.75
2025-05-22 12:49:00,1503.75,-1908.75,-405.0
2025-05-22 12:50:00,1496.25,-2846.25,-1350.0
2025-05-22 12:51:00,1552.5,-2261.25,-708.75
2025-05-22 12:52:00,1653.75,-2231.25,-577.5
2025-05-22 12:53:00,1882.5,-2925.0,-1042.5
2025-05-22 12:54:00,1953.75,-3303.75,-1350.0
2025-05-22 12:55:00,1927.5,-3161.25,-1233.75
2025-05-22 12:56:00,1901.25,-2936.25,-1035.0
2025-05-22 12:57:00,1938.75,-2850.0,-911.25
2025-05-22 12:58:00,1875.0,-2572.5,-697.5
2025-05-22 12:59:00,1897.5,-2351.25,-453.75
2025-05-22 13:00:00,1923.75,-2295.0,-371.25
2025-05-22 13:01:00,1931.25,-2261.25,-330.0
2025-05-22 13:02:00,1848.75,-2073.75,-225.0
2025-05-22 13:03:00,1972.5,-2332.5,-360.0
2025-05-22 13:04:00,2156.25,-2535.0,-378.75
2025-05-22 13:05:00,2100.0,-2291.25,-191.25
2025-05-22 13:06:00,2306.25,-2722.5,-416.25
2025-05-22 13:07:00,2291.25,-2692.5,-401.25
2025-05-22 13:08:00,2377.5,-2583.75,-206.25
2025-05-22 13:09:00,2343.75,-2486.25,-142.5
2025-05-22 13:10:00,2298.75,-2692.5,-393.75
2025-05-22 13:11:00,2223.75,-2542.5,-318.75
2025-05-22 13:12:00,2126.25,-2512.5,-386.25
2025-05-22 13:13:00,1923.75,-1676.25,247.5
2025-05-22 13:14:00,1897.5,-1335.0,562.5
2025-05-22 13:15:00,1897.5,-1211.25,686.25
2025-05-22 13:16:00,1481.25,-817.5,663.75
2025-05-22 13:17:00,2021.25,-1496.25,525.0
2025-05-22 13:18:00,2047.5,-1413.75,633.75
2025-05-22 13:19:00,2160.0,-1586.25,573.75
2025-05-22 13:20:00,2231.25,-1511.25,720.0
2025-05-22 13:21:00,2133.75,-1425.0,708.75
2025-05-22 13:22:00,1938.75,-963.75,975.0
2025-05-22 13:23:00,2021.25,-858.75,1162.5
2025-05-22 13:24:00,1725.0,-577.5,1147.5
2025-05-22 13:25:00,1845.0,-746.25,1098.75
2025-05-22 13:26:00,1957.5,-903.75,1053.75
2025-05-22 13:27:00,2133.75,-1012.5,1121.25
2025-05-22 13:28:00,2032.5,-825.0,1207.5
2025-05-22 13:29:00,2066.25,-821.25,1245.0
2025-05-22 13:30:00,1901.25,-495.0,1406.25
2025-05-22 13:31:00,1796.25,-277.5,1518.75
2025-05-22 13:32:00,2235.0,-573.75,1661.25
2025-05-22 13:33:00,2175.0,-393.75,1781.25
2025-05-22 13:34:00,2280.0,-420.0,1860.0
2025-05-22 13:35:00,2246.25,-307.5,1938.75
2025-05-22 13:36:00,2283.75,-431.25,1852.5
2025-05-22 13:37:00,2325.0,-510.0,1815.0
2025-05-22 13:38:00,2437.5,-521.25,1916.25
2025-05-22 13:39:00,2456.25,-450.0,2006.25
2025-05-22 13:40:00,2685.0,-791.25,1893.75
2025-05-22 13:41:00,2662.5,-1192.5,1470.0
2025-05-22 13:42:00,2760.0,-1342.5,1417.5
2025-05-22 13:43:00,2801.25,-2025.0,776.25
2025-05-22 13:44:00,2820.0,-1837.5,982.5
2025-05-22 13:45:00,2793.75,-1593.75,1200.0
2025-05-22 13:46:00,2808.75,-1485.0,1323.75
2025-05-22 13:47:00,2801.25,-1290.0,1511.25
2025-05-22 13:48:00,2808.75,-1128.75,1680.0
2025-05-22 13:49:00,2820.0,-1020.0,1800.0
2025-05-22 13:50:00,2891.25,-1308.75,1582.5
2025-05-22 13:51:00,2902.5,-1451.25,1451.25
2025-05-22 13:52:00,2936.25,-1713.75,1222.5
2025-05-22 13:53:00,2917.5,-1743.75,1173.75
2025-05-22 13:54:00,2913.75,-1653.75,1260.0
2025-05-22 13:55:00,2906.25,-1631.25,1275.0
2025-05-22 13:56:00,2842.5,-1533.75,1308.75
2025-05-22 13:57:00,2846.25,-1822.5,1023.75
2025-05-22 13:58:00,2838.75,-1762.5,1076.25
2025-05-22 13:59:00,2816.25,-1728.75,1087.5
2025-05-22 14:00:00,2835.0,-1590.0,1245.0
2025-05-22 14:01:00,2902.5,-1743.75,1158.75
2025-05-22 14:02:00,2868.75,-1608.75,1260.0
2025-05-22 14:03:00,2775.0,-1166.25,1608.75
2025-05-22 14:04:00,2636.25,-690.0,1946.25
2025-05-22 14:05:00,2771.25,-866.25,1905.0
2025-05-22 14:06:00,3022.5,-1462.5,1560.0
2025-05-22 14:07:00,3015.0,-1503.75,1511.25
2025-05-22 14:08:00,3022.5,-1668.75,1353.75
2025-05-22 14:09:00,3082.5,-1961.25,1121.25
2025-05-22 14:10:00,3052.5,-2017.5,1035.0
2025-05-22 14:11:00,3052.5,-1856.25,1196.25
2025-05-22 14:12:00,3003.75,-1661.25,1342.5
2025-05-22 14:13:00,2970.0,-1533.75,1436.25
2025-05-22 14:14:00,2925.0,-1515.0,1410.0
2025-05-22 14:15:00,2936.25,-1455.0,1481.25
2025-05-22 14:16:00,3041.25,-2088.75,952.5
2025-05-22 14:17:00,3078.75,-2576.25,502.5
2025-05-22 14:18:00,2951.25,-3727.5,-776.25
2025-05-22 14:19:00,2936.25,-3281.25,-345.0
2025-05-22 14:20:00,3082.5,-4402.5,-1320.0
2025-05-22 14:21:00,3063.75,-3562.5,-498.75
2025-05-22 14:22:00,3045.0,-4455.0,-1410.0
2025-05-22 14:23:00,3131.25,-4008.75,-877.5
2025-05-22 14:24:00,3142.5,-3708.75,-566.25
2025-05-22 14:25:00,3172.5,-4192.5,-1020.0
2025-05-22 14:26:00,3195.0,-4143.75,-948.75
2025-05-22 14:27:00,3183.75,-4173.75,-990.0
2025-05-22 14:28:00,3120.0,-4072.5,-952.5
2025-05-22 14:29:00,3157.5,-4106.25,-948.75
2025-05-22 14:30:00,3131.25,-4042.5,-911.25
2025-05-22 14:31:00,3198.75,-4087.5,-888.75
2025-05-22 14:32:00,3296.25,-3982.5,-686.25
2025-05-22 14:33:00,3281.25,-4023.75,-742.5
2025-05-22 14:34:00,3277.5,-4065.0,-787.5
2025-05-22 14:35:00,3247.5,-3993.75,-746.25
2025-05-22 14:36:00,3213.75,-4147.5,-933.75
2025-05-22 14:37:00,3292.5,-4185.0,-892.5
2025-05-22 14:38:00,3288.75,-4143.75,-855.0
2025-05-22 14:39:00,3273.75,-4042.5,-768.75
2025-05-22 14:40:00,2325.0,-4065.0,-1740.0
2025-05-22 14:41:00,-765.0,-4038.75,-4803.75
2025-05-22 14:42:00,656.25,-3967.5,-3311.25
2025-05-22 14:43:00,1833.75,-3907.5,-2073.75
2025-05-22 14:44:00,56.25,-3881.25,-3825.0
2025-05-22 14:45:00,776.25,-3862.5,-3086.25
2025-05-22 14:46:00,2088.75,-3873.75,-1785.0
2025-05-22 14:47:00,2936.25,-3847.5,-911.25
2025-05-22 14:48:00,2895.0,-3795.0,-900.0
2025-05-22 14:49:00,2392.5,-3783.75,-1391.25
2025-05-22 14:50:00,322.5,-3832.5,-3510.0
2025-05-22 14:51:00,431.25,-3825.0,-3393.75
2025-05-22 14:52:00,495.0,-3750.0,-3255.0
2025-05-22 14:53:00,570.0,-3772.5,-3202.5
2025-05-22 14:54:00,600.0,-3697.5,-3097.5
2025-05-22 14:55:00,558.75,-3675.0,-3116.25
2025-05-22 14:56:00,468.75,-3682.5,-3213.75
2025-05-22 14:57:00,461.25,-3690.0,-3228.75
2025-05-22 14:58:00,311.25,-3712.5,-3401.25
2025-05-22 14:59:00,180.0,-3697.5,-3517.5
2025-05-22 15:00:00,438.75,-3660.0,-3221.25
2025-05-22 15:01:00,555.0,-3622.5,-3067.5
2025-05-22 15:02:00,600.0,-3637.5,-3037.5
2025-05-22 15:03:00,637.5,-3592.5,-2955.0
2025-05-22 15:04:00,660.0,-3577.5,-2917.5
2025-05-22 15:05:00,671.25,-3577.5,-2906.25
2025-05-22 15:06:00,675.0,-3570.0,-2895.0
2025-05-22 15:07:00,678.75,-3562.5,-2883.75
2025-05-22 15:08:00,686.25,-3555.0,-2868.75
2025-05-22 15:09:00,686.25,-3562.5,-2876.25
2025-05-22 15:10:00,682.5,-3562.5,-2880.0
2025-05-22 15:11:00,693.75,-3562.5,-2868.75
2025-05-22 15:12:00,697.5,-3555.0,-2857.5
2025-05-22 15:13:00,697.5,-3555.0,-2857.5
2025-05-22 15:14:00,701.25,-3555.0,-2853.75
2025-05-22 15:15:00,701.25,-3547.5,-2846.25
2025-05-22 15:16:00,701.25,-3547.5,-2846.25
2025-05-22 15:17:00,705.0,-3555.0,-2850.0
2025-05-22 15:18:00,705.0,-3547.5,-2842.5
2025-05-22 15:19:00,705.0,-3547.5,-2842.5
2025-05-22 15:20:00,705.0,-3555.0,-2850.0
2025-05-22 15:21:00,705.0,-3555.0,-2850.0
2025-05-22 15:22:00,705.0,-3555.0,-2850.0
2025-05-22 15:23:00,705.0,-3555.0,-2850.0
2025-05-22 15:24:00,705.0,-3555.0,-2850.0
2025-05-22 15:25:00,705.0,-3555.0,-2850.0
2025-05-22 15:26:00,705.0,-3555.0,-2850.0
2025-05-22 15:27:00,705.0,-3555.0,-2850.0
2025-05-22 15:28:00,705.0,-3555.0,-2850.0
2025-05-22 15:29:00,705.0,-3555.0,-2850.0
2025-05-22 15:30:00,705.0,-3555.0,-2850.0
2025-05-29 10:15:00,0.0,0.0,0.0
2025-05-29 10:16:00,195.0,-22.5,172.5
2025-05-29 10:17:00,266.25,-318.75,-52.5
2025-05-29 10:18:00,303.75,-487.5,-183.75
2025-05-29 10:19:00,337.5,-318.75,18.75
2025-05-29 10:20:00,288.75,-131.25,157.5
2025-05-29 10:21:00,401.25,63.75,465.0
2025-05-29 10:22:00,341.25,37.5,378.75
2025-05-29 10:23:00,333.75,-63.75,270.0
2025-05-29 10:24:00,221.25,-41.25,180.0
2025-05-29 10:25:00,228.75,-97.5,131.25
2025-05-29 10:26:00,296.25,-33.75,262.5
2025-05-29 10:27:00,367.5,-153.75,213.75
2025-05-29 10:28:00,198.75,-138.75,60.0
2025-05-29 10:29:00,382.5,-487.5,-105.0
2025-05-29 10:30:00,491.25,-1383.75,-892.5
2025-05-29 10:31:00,555.0,-2265.0,-1710.0
2025-05-29 10:32:00,431.25,-1931.25,-1500.0
2025-05-29 10:33:00,495.0,-2261.25,-1766.25
2025-05-29 10:34:00,461.25,-2160.0,-1698.75
2025-05-29 10:35:00,498.75,-1665.0,-1166.25
2025-05-29 10:36:00,487.5,-1260.0,-772.5
2025-05-29 10:37:00,476.25,-1728.75,-1252.5
2025-05-29 10:38:00,540.0,-1886.25,-1346.25
2025-05-29 10:39:00,491.25,-1586.25,-1095.0
2025-05-29 10:40:00,648.75,-1860.0,-1211.25
2025-05-29 10:41:00,626.25,-1402.5,-776.25
2025-05-29 10:42:00,618.75,-1511.25,-892.5
2025-05-29 10:43:00,671.25,-1683.75,-1012.5
2025-05-29 10:44:00,768.75,-1788.75,-1020.0
2025-05-29 10:45:00,772.5,-1976.25,-1203.75
2025-05-29 10:46:00,510.0,-1882.5,-1372.5
2025-05-29 10:47:00,506.25,-1856.25,-1350.0
2025-05-29 10:48:00,382.5,-1143.75,-761.25
2025-05-29 10:49:00,393.75,-1023.75,-630.0
2025-05-29 10:50:00,405.0,-1301.25,-896.25
2025-05-29 10:51:00,247.5,-896.25,-648.75
2025-05-29 10:52:00,67.5,-1226.25,-1158.75
2025-05-29 10:53:00,0.0,-1323.75,-1323.75
2025-05-29 10:54:00,-56.25,-1466.25,-1522.5
2025-05-29 10:55:00,213.75,-1488.75,-1275.0
2025-05-29 10:56:00,-22.5,-1072.5,-1095.0
2025-05-29 10:57:00,-18.75,-1387.5,-1406.25
2025-05-29 10:58:00,-273.75,-1222.5,-1496.25
2025-05-29 10:59:00,285.0,-1518.75,-1233.75
2025-05-29 11:00:00,330.0,-1747.5,-1417.5
2025-05-29 11:01:00,356.25,-1503.75,-1147.5
2025-05-29 11:02:00,517.5,-1728.75,-1211.25
2025-05-29 11:03:00,956.25,-2936.25,-1980.0
2025-05-29 11:04:00,1200.0,-3558.75,-2358.75
2025-05-29 11:05:00,1125.0,-3697.5,-2572.5
2025-05-29 11:06:00,960.0,-2805.0,-1845.0
2025-05-29 11:07:00,1038.75,-2478.75,-1440.0
2025-05-29 11:08:00,1357.5,-2561.25,-1203.75
2025-05-29 11:09:00,1121.25,-2141.25,-1020.0
2025-05-29 11:10:00,1301.25,-2520.0,-1218.75
2025-05-29 11:11:00,1271.25,-2490.0,-1218.75
2025-05-29 11:12:00,1278.75,-2782.5,-1503.75
2025-05-29 11:13:00,1260.0,-2820.0,-1560.0
2025-05-29 11:14:00,1267.5,-2598.75,-1331.25
2025-05-29 11:15:00,1586.25,-2868.75,-1282.5
2025-05-29 11:16:00,1541.25,-2861.25,-1320.0
2025-05-29 11:17:00,1766.25,-3240.0,-1473.75
2025-05-29 11:18:00,1631.25,-3075.0,-1443.75
2025-05-29 11:19:00,1717.5,-3052.5,-1335.0
2025-05-29 11:20:00,1841.25,-3206.25,-1365.0
2025-05-29 11:21:00,1698.75,-2808.75,-1110.0
2025-05-29 11:22:00,1942.5,-3371.25,-1428.75
2025-05-29 11:23:00,1980.0,-3341.25,-1361.25
2025-05-29 11:24:00,1983.75,-2981.25,-997.5
2025-05-29 11:25:00,1773.75,-2651.25,-877.5
2025-05-29 11:26:00,1826.25,-2426.25,-600.0
2025-05-29 11:27:00,1893.75,-2561.25,-667.5
2025-05-29 11:28:00,2055.0,-2801.25,-746.25
2025-05-29 11:29:00,1661.25,-2156.25,-495.0
2025-05-29 11:30:00,1830.0,-2328.75,-498.75
2025-05-29 11:31:00,1747.5,-2055.0,-307.5
2025-05-29 11:32:00,2115.0,-2591.25,-476.25
2025-05-29 11:33:00,2036.25,-2610.0,-573.75
2025-05-29 11:34:00,1841.25,-2171.25,-330.0
2025-05-29 11:35:00,1860.0,-2257.5,-397.5
2025-05-29 11:36:00,1961.25,-2328.75,-367.5
2025-05-29 11:37:00,1830.0,-2100.0,-270.0
2025-05-29 11:38:00,1608.75,-1691.25,-82.5
2025-05-29 11:39:00,1642.5,-1852.5,-210.0
2025-05-29 11:40:00,1702.5,-1953.75,-251.25
2025-05-29 11:41:00,1425.0,-2092.5,-667.5
2025-05-29 11:42:00,1807.5,-2358.75,-551.25
2025-05-29 11:43:00,1743.75,-2662.5,-918.75
2025-05-29 11:44:00,1668.75,-2651.25,-982.5
2025-05-29 11:45:00,1500.0,-2887.5,-1387.5
2025-05-29 11:46:00,1522.5,-3176.25,-1653.75
2025-05-29 11:47:00,1563.75,-2760.0,-1196.25
2025-05-29 11:48:00,1848.75,-2797.5,-948.75
2025-05-29 11:49:00,1863.75,-2388.75,-525.0
2025-05-29 11:50:00,2036.25,-2445.0,-408.75
2025-05-29 11:51:00,1755.0,-2088.75,-333.75
2025-05-29 11:52:00,1890.0,-2163.75,-273.75
2025-05-29 11:53:00,1710.0,-2103.75,-393.75
2025-05-29 11:54:00,1522.5,-2047.5,-525.0
2025-05-29 11:55:00,1278.75,-2501.25,-1222.5
2025-05-29 11:56:00,1710.0,-2598.75,-888.75
2025-05-29 11:57:00,1428.75,-2448.75,-1020.0
2025-05-29 11:58:00,1383.75,-2493.75,-1110.0
2025-05-29 11:59:00,1503.75,-2430.0,-926.25
2025-05-29 12:00:00,1368.75,-2583.75,-1215.0
2025-05-29 12:01:00,1530.0,-2598.75,-1068.75
2025-05-29 12:02:00,1338.75,-2535.0,-1196.25
2025-05-29 12:03:00,1252.5,-2021.25,-768.75
2025-05-29 12:04:00,750.0,-1938.75,-1188.75
2025-05-29 12:05:00,798.75,-1946.25,-1147.5
2025-05-29 12:06:00,588.75,-1998.75,-1410.0
2025-05-29 12:07:00,1076.25,-1983.75,-907.5
2025-05-29 12:08:00,1297.5,-2227.5,-930.0
2025-05-29 12:09:00,1297.5,-2148.75,-851.25
2025-05-29 12:10:00,1087.5,-2133.75,-1046.25
2025-05-29 12:11:00,832.5,-2253.75,-1421.25
2025-05-29 12:12:00,911.25,-2235.0,-1323.75
2025-05-29 12:13:00,1215.0,-2280.0,-1065.0
2025-05-29 12:14:00,1031.25,-2265.0,-1233.75
2025-05-29 12:15:00,1035.0,-2445.0,-1410.0
2025-05-29 12:16:00,1005.0,-2205.0,-1200.0
2025-05-29 12:17:00,746.25,-2343.75,-1597.5
2025-05-29 12:18:00,1267.5,-2643.75,-1376.25
2025-05-29 12:19:00,1455.0,-2471.25,-1016.25
2025-05-29 12:20:00,1511.25,-2347.5,-836.25
2025-05-29 12:21:00,1492.5,-2043.75,-551.25
2025-05-29 12:22:00,1455.0,-1968.75,-513.75
2025-05-29 12:23:00,1743.75,-1980.0,-236.25
2025-05-29 12:24:00,1665.0,-1875.0,-210.0
2025-05-29 12:25:00,1593.75,-1860.0,-266.25
2025-05-29 12:26:00,1308.75,-1837.5,-528.75
2025-05-29 12:27:00,1218.75,-1740.0,-521.25
2025-05-29 12:28:00,1098.75,-1713.75,-615.0
2025-05-29 12:29:00,1023.75,-1841.25,-817.5
2025-05-29 12:30:00,757.5,-1923.75,-1166.25
2025-05-29 12:31:00,791.25,-1968.75,-1177.5
2025-05-29 12:32:00,1061.25,-1938.75,-877.5
2025-05-29 12:33:00,1406.25,-2148.75,-742.5
2025-05-29 12:34:00,1361.25,-2235.0,-873.75
2025-05-29 12:35:00,1200.0,-2265.0,-1065.0
2025-05-29 12:36:00,1211.25,-2340.0,-1128.75
2025-05-29 12:37:00,1166.25,-2231.25,-1065.0
2025-05-29 12:38:00,1095.0,-2268.75,-1173.75
2025-05-29 12:39:00,1721.25,-4398.75,-2677.5
2025-05-29 12:40:00,2343.75,-6273.75,-3930.0
2025-05-29 12:41:00,2253.75,-5055.0,-2801.25
2025-05-29 12:42:00,2546.25,-5336.25,-2790.0
2025-05-29 12:43:00,2486.25,-5100.0,-2613.75
2025-05-29 12:44:00,2355.0,-4736.25,-2381.25
2025-05-29 12:45:00,2381.25,-4368.75,-1987.5
2025-05-29 12:46:00,2013.75,-3806.25,-1792.5
2025-05-29 12:47:00,1972.5,-3491.25,-1518.75
2025-05-29 12:48:00,1976.25,-3266.25,-1290.0
2025-05-29 12:49:00,1871.25,-3172.5,-1301.25
2025-05-29 12:50:00,1942.5,-3112.5,-1170.0
2025-05-29 12:51:00,1695.0,-2996.25,-1301.25
2025-05-29 12:52:00,1676.25,-3232.5,-1556.25
2025-05-29 12:53:00,1953.75,-3048.75,-1095.0
2025-05-29 12:54:00,1833.75,-2850.0,-1016.25
2025-05-29 12:55:00,1785.0,-2666.25,-881.25
2025-05-29 12:56:00,1668.75,-2475.0,-806.25
2025-05-29 12:57:00,1653.75,-2317.5,-663.75
2025-05-29 12:58:00,810.0,-1631.25,-821.25
2025-05-29 12:59:00,78.75,-1233.75,-1155.0
2025-05-29 13:00:00,-2752.5,-536.25,-3288.75
2025-05-29 13:01:00,-2103.75,-862.5,-2966.25
2025-05-29 13:02:00,-1863.75,-926.25,-2790.0
2025-05-29 13:03:00,-1901.25,-907.5,-2808.75
2025-05-29 13:04:00,-2400.0,-862.5,-3262.5
2025-05-29 13:05:00,-1961.25,-1027.5,-2988.75
2025-05-29 13:06:00,-1878.75,-1278.75,-3157.5
2025-05-29 13:07:00,-1826.25,-1267.5,-3093.75
2025-05-29 13:08:00,-2025.0,-971.25,-2996.25
2025-05-29 13:09:00,-2013.75,-937.5,-2951.25
2025-05-29 13:10:00,-1867.5,-956.25,-2823.75
2025-05-29 13:11:00,-1676.25,-1207.5,-2883.75
2025-05-29 13:12:00,-1586.25,-1192.5,-2778.75
2025-05-29 13:13:00,-1466.25,-1308.75,-2775.0
2025-05-29 13:14:00,-1526.25,-1140.0,-2666.25
2025-05-29 13:15:00,-1728.75,-742.5,-2471.25
2025-05-29 13:16:00,-1605.0,-903.75,-2508.75
2025-05-29 13:17:00,-1687.5,-622.5,-2310.0
2025-05-29 13:18:00,-1770.0,-483.75,-2253.75
2025-05-29 13:19:00,-1515.0,-607.5,-2122.5
2025-05-29 13:20:00,-1391.25,-723.75,-2115.0
2025-05-29 13:21:00,-1365.0,-577.5,-1942.5
2025-05-29 13:22:00,-1312.5,-701.25,-2013.75
2025-05-29 13:23:00,-1361.25,-491.25,-1852.5
2025-05-29 13:24:00,-1357.5,-341.25,-1698.75
2025-05-29 13:25:00,-1391.25,-236.25,-1627.5
2025-05-29 13:26:00,-1507.5,18.75,-1488.75
2025-05-29 13:27:00,-1593.75,123.75,-1470.0
2025-05-29 13:28:00,-1436.25,48.75,-1387.5
2025-05-29 13:29:00,-1207.5,-56.25,-1263.75
2025-05-29 13:30:00,-1278.75,142.5,-1136.25
2025-05-29 13:31:00,-1620.0,532.5,-1087.5
2025-05-29 13:32:00,-1237.5,431.25,-806.25
2025-05-29 13:33:00,-1353.75,476.25,-877.5
2025-05-29 13:34:00,-1222.5,236.25,-986.25
2025-05-29 13:35:00,-1200.0,221.25,-978.75
2025-05-29 13:36:00,-1346.25,363.75,-982.5
2025-05-29 13:37:00,-1297.5,423.75,-873.75
2025-05-29 13:38:00,-1338.75,307.5,-1031.25
2025-05-29 13:39:00,-1218.75,266.25,-952.5
2025-05-29 13:40:00,-1170.0,105.0,-1065.0
2025-05-29 13:41:00,-1113.75,86.25,-1027.5
2025-05-29 13:42:00,-1102.5,258.75,-843.75
2025-05-29 13:43:00,-1057.5,183.75,-873.75
2025-05-29 13:44:00,-1053.75,168.75,-885.0
2025-05-29 13:45:00,-1095.0,300.0,-795.0
2025-05-29 13:46:00,-1215.0,67.5,-1147.5
2025-05-29 13:47:00,-1361.25,-18.75,-1380.0
2025-05-29 13:48:00,-1413.75,-281.25,-1695.0
2025-05-29 13:49:00,-1215.0,-453.75,-1668.75
2025-05-29 13:50:00,-1230.0,-472.5,-1702.5
2025-05-29 13:51:00,-1263.75,-150.0,-1413.75
2025-05-29 13:52:00,-1230.0,-236.25,-1466.25
2025-05-29 13:53:00,-1428.75,-71.25,-1500.0
2025-05-29 13:54:00,-1623.75,-157.5,-1781.25
2025-05-29 13:55:00,-1470.0,-232.5,-1702.5
2025-05-29 13:56:00,-1301.25,-675.0,-1976.25
2025-05-29 13:57:00,-1548.75,-153.75,-1702.5
2025-05-29 13:58:00,-1402.5,-427.5,-1830.0
2025-05-29 13:59:00,-1417.5,-416.25,-1833.75
2025-05-29 14:00:00,-1290.0,-450.0,-1740.0
2025-05-29 14:01:00,-1323.75,-255.0,-1578.75
2025-05-29 14:02:00,-1065.0,-1057.5,-2122.5
2025-05-29 14:03:00,-1065.0,-821.25,-1886.25
2025-05-29 14:04:00,-1083.75,-757.5,-1841.25
2025-05-29 14:05:00,-903.75,-1061.25,-1965.0
2025-05-29 14:06:00,-952.5,-843.75,-1796.25
2025-05-29 14:07:00,-588.75,-1046.25,-1635.0
2025-05-29 14:08:00,-442.5,-956.25,-1398.75
2025-05-29 14:09:00,-247.5,-1068.75,-1316.25
2025-05-29 14:10:00,-262.5,-1158.75,-1421.25
2025-05-29 14:11:00,-236.25,-1177.5,-1413.75
2025-05-29 14:12:00,-273.75,-1076.25,-1350.0
2025-05-29 14:13:00,71.25,-1863.75,-1792.5
2025-05-29 14:14:00,105.0,-1586.25,-1481.25
2025-05-29 14:15:00,172.5,-1395.0,-1222.5
2025-05-29 14:16:00,22.5,-1211.25,-1188.75
2025-05-29 14:17:00,-67.5,-1125.0,-1192.5
2025-05-29 14:18:00,7.5,-1312.5,-1305.0
2025-05-29 14:19:00,-60.0,-997.5,-1057.5
2025-05-29 14:20:00,-56.25,-892.5,-948.75
2025-05-29 14:21:00,-127.5,-555.0,-682.5
2025-05-29 14:22:00,-243.75,-412.5,-656.25
2025-05-29 14:23:00,-307.5,-258.75,-566.25
2025-05-29 14:24:00,-446.25,-37.5,-483.75
2025-05-29 14:25:00,-457.5,-75.0,-532.5
2025-05-29 14:26:00,-528.75,-146.25,-675.0
2025-05-29 14:27:00,-1635.0,303.75,-1331.25
2025-05-29 14:28:00,-1428.75,378.75,-1050.0
2025-05-29 14:29:00,-971.25,112.5,-858.75
2025-05-29 14:30:00,-476.25,-33.75,-510.0
2025-05-29 14:31:00,-573.75,56.25,-517.5
2025-05-29 14:32:00,-592.5,217.5,-375.0
2025-05-29 14:33:00,-1061.25,581.25,-480.0
2025-05-29 14:34:00,-1297.5,637.5,-660.0
2025-05-29 14:35:00,-896.25,753.75,-142.5
2025-05-29 14:36:00,-1158.75,866.25,-292.5
2025-05-29 14:37:00,-1173.75,922.5,-251.25
2025-05-29 14:38:00,-1462.5,840.0,-622.5
2025-05-29 14:39:00,-1331.25,761.25,-570.0
2025-05-29 14:40:00,-750.0,453.75,-296.25
2025-05-29 14:41:00,-551.25,495.0,-56.25
2025-05-29 14:42:00,-967.5,776.25,-191.25
2025-05-29 14:43:00,-851.25,697.5,-153.75
2025-05-29 14:44:00,-686.25,690.0,3.75
2025-05-29 14:45:00,-731.25,873.75,142.5
2025-05-29 14:46:00,-1080.0,776.25,-303.75
2025-05-29 14:47:00,-708.75,686.25,-22.5
2025-05-29 14:48:00,120.0,75.0,195.0
2025-05-29 14:49:00,165.0,-22.5,142.5
2025-05-29 14:50:00,135.0,525.0,660.0
2025-05-29 14:51:00,86.25,547.5,633.75
2025-05-29 14:52:00,195.0,397.5,592.5
2025-05-29 14:53:00,168.75,570.0,738.75
2025-05-29 14:54:00,180.0,577.5,757.5
2025-05-29 14:55:00,-11.25,851.25,840.0
2025-05-29 14:56:00,195.0,701.25,896.25
2025-05-29 14:57:00,-326.25,1245.0,918.75
2025-05-29 14:58:00,-191.25,1185.0,993.75
2025-05-29 14:59:00,-26.25,1196.25,1170.0
2025-05-29 15:00:00,-285.0,1481.25,1196.25
2025-05-29 15:01:00,-3742.5,1826.25,-1916.25
2025-05-29 15:02:00,-2160.0,1770.0,-390.0
2025-05-29 15:03:00,-3191.25,1882.5,-1308.75
2025-05-29 15:04:00,-3315.0,1875.0,-1440.0
2025-05-29 15:05:00,-2981.25,1867.5,-1113.75
2025-05-29 15:06:00,-4346.25,1938.75,-2407.5
2025-05-29 15:07:00,-4623.75,1920.0,-2703.75
2025-05-29 15:08:00,-5291.25,1912.5,-3378.75
2025-05-29 15:09:00,-6697.5,1923.75,-4773.75
2025-05-29 15:10:00,-5456.25,1927.5,-3528.75
2025-05-29 15:11:00,-5842.5,1942.5,-3900.0
2025-05-29 15:12:00,-6217.5,1946.25,-4271.25
2025-05-29 15:13:00,-7545.0,1950.0,-5595.0
2025-05-29 15:14:00,-7177.5,1950.0,-5227.5
2025-05-29 15:15:00,-7627.5,1950.0,-5677.5
2025-05-29 15:16:00,-6588.75,1950.0,-4638.75
2025-05-29 15:17:00,-7260.0,1957.5,-5302.5
2025-05-29 15:18:00,-7027.5,1957.5,-5070.0
2025-05-29 15:19:00,-7440.0,1961.25,-5478.75
2025-05-29 15:20:00,-7290.0,1961.25,-5328.75
2025-05-29 15:21:00,-7290.0,1961.25,-5328.75
2025-05-29 15:22:00,-7290.0,1961.25,-5328.75
2025-05-29 15:23:00,-7290.0,1961.25,-5328.75
2025-05-29 15:24:00,-7290.0,1961.25,-5328.75
2025-05-29 15:25:00,-7290.0,1961.25,-5328.75
2025-05-29 15:26:00,-7290.0,1961.25,-5328.75
2025-05-29 15:27:00,-7290.0,1961.25,-5328.75
2025-05-29 15:28:00,-7290.0,1961.25,-5328.75
2025-05-29 15:29:00,-7290.0,1961.25,-5328.75
2025-05-29 15:30:00,-7290.0,1961.25,-5328.75
2025-06-05 10:15:00,0.0,0.0,0.0
2025-06-05 10:16:00,165.0,33.75,198.75
2025-06-05 10:17:00,277.5,-75.0,202.5
2025-06-05 10:18:00,251.25,18.75,270.0
2025-06-05 10:19:00,270.0,-270.0,0.0
2025-06-05 10:20:00,270.0,-90.0,180.0
2025-06-05 10:21:00,288.75,-142.5,146.25
2025-06-05 10:22:00,206.25,-78.75,127.5
2025-06-05 10:23:00,277.5,-26.25,251.25
2025-06-05 10:24:00,315.0,-56.25,258.75
2025-06-05 10:25:00,195.0,90.0,285.0
2025-06-05 10:26:00,142.5,161.25,303.75
2025-06-05 10:27:00,183.75,67.5,251.25
2025-06-05 10:28:00,288.75,15.0,303.75
2025-06-05 10:29:00,187.5,45.0,232.5
2025-06-05 10:30:00,251.25,127.5,378.75
2025-06-05 10:31:00,251.25,45.0,296.25
2025-06-05 10:32:00,86.25,168.75,255.0
2025-06-05 10:33:00,217.5,198.75,416.25
2025-06-05 10:34:00,236.25,101.25,337.5
2025-06-05 10:35:00,240.0,52.5,292.5
2025-06-05 10:36:00,352.5,142.5,495.0
2025-06-05 10:37:00,371.25,7.5,378.75
2025-06-05 10:38:00,423.75,180.0,603.75
2025-06-05 10:39:00,382.5,86.25,468.75
2025-06-05 10:40:00,345.0,210.0,555.0
2025-06-05 10:41:00,382.5,318.75,701.25
2025-06-05 10:42:00,431.25,247.5,678.75
2025-06-05 10:43:00,371.25,101.25,472.5
2025-06-05 10:44:00,217.5,37.5,255.0
2025-06-05 10:45:00,273.75,86.25,360.0
2025-06-05 10:46:00,183.75,60.0,243.75
2025-06-05 10:47:00,157.5,71.25,228.75
2025-06-05 10:48:00,285.0,67.5,352.5
2025-06-05 10:49:00,247.5,-105.0,142.5
2025-06-05 10:50:00,277.5,-420.0,-142.5
2025-06-05 10:51:00,228.75,-472.5,-243.75
2025-06-05 10:52:00,322.5,-438.75,-116.25
2025-06-05 10:53:00,281.25,-735.0,-453.75
2025-06-05 10:54:00,378.75,-765.0,-386.25
2025-06-05 10:55:00,292.5,-997.5,-705.0
2025-06-05 10:56:00,307.5,-660.0,-352.5
2025-06-05 10:57:00,412.5,-555.0,-142.5
2025-06-05 10:58:00,225.0,-772.5,-547.5
2025-06-05 10:59:00,247.5,-630.0,-382.5
2025-06-05 11:00:00,93.75,-746.25,-652.5
2025-06-05 11:01:00,105.0,-558.75,-453.75
2025-06-05 11:02:00,0.0,-697.5,-697.5
2025-06-05 11:03:00,97.5,-615.0,-517.5
2025-06-05 11:04:00,90.0,-435.0,-345.0
2025-06-05 11:05:00,-127.5,-656.25,-783.75
2025-06-05 11:06:00,-15.0,-461.25,-476.25
2025-06-05 11:07:00,142.5,-390.0,-247.5
2025-06-05 11:08:00,217.5,-266.25,-48.75
2025-06-05 11:09:00,60.0,-371.25,-311.25
2025-06-05 11:10:00,127.5,-311.25,-183.75
2025-06-05 11:11:00,206.25,-228.75,-22.5
2025-06-05 11:12:00,255.0,-225.0,30.0
2025-06-05 11:13:00,108.75,-461.25,-352.5
2025-06-05 11:14:00,82.5,-356.25,-273.75
2025-06-05 11:15:00,161.25,-153.75,7.5
2025-06-05 11:16:00,63.75,-270.0,-206.25
2025-06-05 11:17:00,-26.25,-135.0,-161.25
2025-06-05 11:18:00,-56.25,-187.5,-243.75
2025-06-05 11:19:00,26.25,-37.5,-11.25
2025-06-05 11:20:00,-15.0,-63.75,-78.75
2025-06-05 11:21:00,60.0,-41.25,18.75
2025-06-05 11:22:00,-78.75,-97.5,-176.25
2025-06-05 11:23:00,-517.5,15.0,-502.5
2025-06-05 11:24:00,-596.25,116.25,-480.0
2025-06-05 11:25:00,-705.0,90.0,-615.0
2025-06-05 11:26:00,-1297.5,183.75,-1113.75
2025-06-05 11:27:00,-1263.75,146.25,-1117.5
2025-06-05 11:28:00,-1316.25,191.25,-1125.0
2025-06-05 11:29:00,-915.0,258.75,-656.25
2025-06-05 11:30:00,-498.75,232.5,-266.25
2025-06-05 11:31:00,-337.5,296.25,-41.25
2025-06-05 11:32:00,-108.75,255.0,146.25
2025-06-05 11:33:00,-157.5,356.25,198.75
2025-06-05 11:34:00,-33.75,371.25,337.5
2025-06-05 11:35:00,-26.25,367.5,341.25
2025-06-05 11:36:00,-112.5,322.5,210.0
2025-06-05 11:37:00,-168.75,285.0,116.25
2025-06-05 11:38:00,-93.75,292.5,198.75
2025-06-05 11:39:00,-63.75,296.25,232.5
2025-06-05 11:40:00,-183.75,281.25,97.5
2025-06-05 11:41:00,-131.25,270.0,138.75
2025-06-05 11:42:00,-198.75,273.75,75.0
2025-06-05 11:43:00,-45.0,243.75,198.75
2025-06-05 11:44:00,-18.75,262.5,243.75
2025-06-05 11:45:00,75.0,221.25,296.25
2025-06-05 11:46:00,153.75,236.25,390.0
2025-06-05 11:47:00,168.75,228.75,397.5
2025-06-05 11:48:00,225.0,232.5,457.5
2025-06-05 11:49:00,161.25,112.5,273.75
2025-06-05 11:50:00,56.25,-82.5,-26.25
2025-06-05 11:51:00,37.5,-26.25,11.25
2025-06-05 11:52:00,7.5,22.5,30.0
2025-06-05 11:53:00,-37.5,-48.75,-86.25
2025-06-05 11:54:00,-273.75,-67.5,-341.25
2025-06-05 11:55:00,-423.75,45.0,-378.75
2025-06-05 11:56:00,-120.0,-22.5,-142.5
2025-06-05 11:57:00,-360.0,-37.5,-397.5
2025-06-05 11:58:00,-555.0,-33.75,-588.75
2025-06-05 11:59:00,-592.5,-45.0,-637.5
2025-06-05 12:00:00,-918.75,71.25,-847.5
2025-06-05 12:01:00,-1125.0,138.75,-986.25
2025-06-05 12:02:00,-1470.0,195.0,-1275.0
2025-06-05 12:03:00,-1927.5,161.25,-1766.25
2025-06-05 12:04:00,-4275.0,356.25,-3918.75
2025-06-05 12:05:00,-3892.5,450.0,-3442.5
2025-06-05 12:06:00,-4845.0,543.75,-4301.25
2025-06-05 12:07:00,-5088.75,528.75,-4560.0
2025-06-05 12:08:00,-4477.5,465.0,-4012.5
2025-06-05 12:09:00,-4500.0,472.5,-4027.5
2025-06-05 12:10:00,-4462.5,577.5,-3885.0
2025-06-05 12:11:00,-4308.75,296.25,-4012.5
2025-06-05 12:12:00,-6798.75,1316.25,-5482.5
2025-06-05 12:13:00,-7275.0,1781.25,-5493.75
2025-06-05 12:14:00,-7203.75,1578.75,-5625.0
2025-06-05 12:15:00,-8355.0,1432.5,-6922.5
2025-06-05 12:16:00,-8677.5,1980.0,-6697.5
2025-06-05 12:17:00,-8430.0,2092.5,-6337.5
2025-06-05 12:18:00,-8276.25,1822.5,-6453.75
2025-06-05 12:19:00,-6851.25,1267.5,-5583.75
2025-06-05 12:20:00,-6206.25,1245.0,-4961.25
2025-06-05 12:21:00,-6450.0,1425.0,-5025.0
2025-06-05 12:22:00,-5966.25,1560.0,-4406.25
2025-06-05 12:23:00,-6198.75,1545.0,-4653.75
2025-06-05 12:24:00,-6052.5,1462.5,-4590.0
2025-06-05 12:25:00,-5445.0,1282.5,-4162.5
2025-06-05 12:26:00,-4770.0,465.0,-4305.0
2025-06-05 12:27:00,-3573.75,-907.5,-4481.25
2025-06-05 12:28:00,-3367.5,-810.0,-4177.5
2025-06-05 12:29:00,-3442.5,-592.5,-4035.0
2025-06-05 12:30:00,-4110.0,532.5,-3577.5
2025-06-05 12:31:00,-4668.75,1117.5,-3551.25
2025-06-05 12:32:00,-4200.0,645.0,-3555.0
2025-06-05 12:33:00,-4560.0,682.5,-3877.5
2025-06-05 12:34:00,-4147.5,1027.5,-3120.0
2025-06-05 12:35:00,-3187.5,-22.5,-3210.0
2025-06-05 12:36:00,-3108.75,277.5,-2831.25
2025-06-05 12:37:00,-3202.5,90.0,-3112.5
2025-06-05 12:38:00,-3135.0,97.5,-3037.5
2025-06-05 12:39:00,-3285.0,270.0,-3015.0
2025-06-05 12:40:00,-2745.0,-382.5,-3127.5
2025-06-05 12:41:00,-3277.5,367.5,-2910.0
2025-06-05 12:42:00,-3937.5,787.5,-3150.0
2025-06-05 12:43:00,-4136.25,495.0,-3641.25
2025-06-05 12:44:00,-4477.5,-307.5,-4785.0
2025-06-05 12:45:00,-3716.25,-967.5,-4683.75
2025-06-05 12:46:00,-3577.5,-375.0,-3952.5
2025-06-05 12:47:00,-3780.0,412.5,-3367.5
2025-06-05 12:48:00,-3247.5,-150.0,-3397.5
2025-06-05 12:49:00,-2977.5,-345.0,-3322.5
2025-06-05 12:50:00,-2647.5,-262.5,-2910.0
2025-06-05 12:51:00,-2771.25,-352.5,-3123.75
2025-06-05 12:52:00,-3041.25,-382.5,-3423.75
2025-06-05 12:53:00,-2940.0,-780.0,-3720.0
2025-06-05 12:54:00,-3015.0,-300.0,-3315.0
2025-06-05 12:55:00,-3348.75,442.5,-2906.25
2025-06-05 12:56:00,-3037.5,195.0,-2842.5
2025-06-05 12:57:00,-2662.5,-187.5,-2850.0
2025-06-05 12:58:00,-1837.5,-1215.0,-3052.5
2025-06-05 12:59:00,-1575.0,-1882.5,-3457.5
2025-06-05 13:00:00,-1773.75,-1177.5,-2951.25
2025-06-05 13:01:00,-1946.25,-1012.5,-2958.75
2025-06-05 13:02:00,-1845.0,-1125.0,-2970.0
2025-06-05 13:03:00,-2013.75,-1147.5,-3161.25
2025-06-05 13:04:00,-2310.0,-705.0,-3015.0
2025-06-05 13:05:00,-2283.75,-1035.0,-3318.75
2025-06-05 13:06:00,-3000.0,15.0,-2985.0
2025-06-05 13:07:00,-3157.5,525.0,-2632.5
2025-06-05 13:08:00,-2531.25,-472.5,-3003.75
2025-06-05 13:09:00,-2283.75,-660.0,-2943.75
2025-06-05 13:10:00,-1871.25,-1680.0,-3551.25
2025-06-05 13:11:00,-1867.5,-1290.0,-3157.5
2025-06-05 13:12:00,-1852.5,-1417.5,-3270.0
2025-06-05 13:13:00,-1773.75,-1305.0,-3078.75
2025-06-05 13:14:00,-1080.0,-3457.5,-4537.5
2025-06-05 13:15:00,-1091.25,-2557.5,-3648.75
2025-06-05 13:16:00,-1106.25,-2640.0,-3746.25
2025-06-05 13:17:00,-1188.75,-2227.5,-3416.25
2025-06-05 13:18:00,-1350.0,-1702.5,-3052.5
2025-06-05 13:19:00,-1353.75,-1807.5,-3161.25
2025-06-05 13:20:00,-1136.25,-2235.0,-3371.25
2025-06-05 13:21:00,-952.5,-2602.5,-3555.0
2025-06-05 13:22:00,-956.25,-2460.0,-3416.25
2025-06-05 13:23:00,-746.25,-3412.5,-4158.75
2025-06-05 13:24:00,-847.5,-2962.5,-3810.0
2025-06-05 13:25:00,-997.5,-2595.0,-3592.5
2025-06-05 13:26:00,-888.75,-2576.25,-3465.0
2025-06-05 13:27:00,-885.0,-2643.75,-3528.75
2025-06-05 13:28:00,-2096.25,-1946.25,-4042.5
2025-06-05 13:29:00,-1117.5,-2981.25,-4098.75
2025-06-05 13:30:00,-1117.5,-3611.25,-4728.75
2025-06-05 13:31:00,-731.25,-4770.0,-5501.25
2025-06-05 13:32:00,-206.25,-5741.25,-5947.5
2025-06-05 13:33:00,-86.25,-5430.0,-5516.25
2025-06-05 13:34:00,-150.0,-4578.75,-4728.75
2025-06-05 13:35:00,303.75,-5205.0,-4901.25
2025-06-05 13:36:00,420.0,-4983.75,-4563.75
2025-06-05 13:37:00,731.25,-5602.5,-4871.25
2025-06-05 13:38:00,243.75,-4668.75,-4425.0
2025-06-05 13:39:00,-15.0,-4001.25,-4016.25
2025-06-05 13:40:00,60.0,-3731.25,-3671.25
2025-06-05 13:41:00,-873.75,-3150.0,-4023.75
2025-06-05 13:42:00,-907.5,-3153.75,-4061.25
2025-06-05 13:43:00,-1125.0,-3693.75,-4818.75
2025-06-05 13:44:00,22.5,-4998.75,-4976.25
2025-06-05 13:45:00,-150.0,-5043.75,-5193.75
2025-06-05 13:46:00,337.5,-4916.25,-4578.75
2025-06-05 13:47:00,183.75,-4203.75,-4020.0
2025-06-05 13:48:00,-251.25,-4241.25,-4492.5
2025-06-05 13:49:00,-1226.25,-3757.5,-4983.75
2025-06-05 13:50:00,-1391.25,-3727.5,-5118.75
2025-06-05 13:51:00,-540.0,-4346.25,-4886.25
2025-06-05 13:52:00,-716.25,-4076.25,-4792.5
2025-06-05 13:53:00,-1211.25,-4241.25,-5452.5
2025-06-05 13:54:00,-1102.5,-4301.25,-5403.75
2025-06-05 13:55:00,-720.0,-4466.25,-5186.25
2025-06-05 13:56:00,-555.0,-4575.0,-5130.0
2025-06-05 13:57:00,-371.25,-4477.5,-4848.75
2025-06-05 13:58:00,240.0,-4590.0,-4350.0
2025-06-05 13:59:00,146.25,-4695.0,-4548.75
2025-06-05 14:00:00,360.0,-4500.0,-4140.0
2025-06-05 14:01:00,-18.75,-4181.25,-4200.0
2025-06-05 14:02:00,1350.0,-5310.0,-3960.0
2025-06-05 14:03:00,1923.75,-6408.75,-4485.0
2025-06-05 14:04:00,1878.75,-6022.5,-4143.75
2025-06-05 14:05:00,2171.25,-5970.0,-3798.75
2025-06-05 14:06:00,1991.25,-5407.5,-3416.25
2025-06-05 14:07:00,1905.0,-5591.25,-3686.25
2025-06-05 14:08:00,1837.5,-5445.0,-3607.5
2025-06-05 14:09:00,2242.5,-5820.0,-3577.5
2025-06-05 14:10:00,2358.75,-5857.5,-3498.75
2025-06-05 14:11:00,2396.25,-6337.5,-3941.25
2025-06-05 14:12:00,2448.75,-6018.75,-3570.0
2025-06-05 14:13:00,2403.75,-6056.25,-3652.5
2025-06-05 14:14:00,2321.25,-5752.5,-3431.25
2025-06-05 14:15:00,1983.75,-5628.75,-3645.0
2025-06-05 14:16:00,2175.0,-5872.5,-3697.5
2025-06-05 14:17:00,2268.75,-6127.5,-3858.75
2025-06-05 14:18:00,2351.25,-6093.75,-3742.5
2025-06-05 14:19:00,1822.5,-5670.0,-3847.5
2025-06-05 14:20:00,2081.25,-5801.25,-3720.0
2025-06-05 14:21:00,2193.75,-6052.5,-3858.75
2025-06-05 14:22:00,2175.0,-6127.5,-3952.5
2025-06-05 14:23:00,2047.5,-5673.75,-3626.25
2025-06-05 14:24:00,1946.25,-5797.5,-3851.25
2025-06-05 14:25:00,1762.5,-5951.25,-4188.75
2025-06-05 14:26:00,1380.0,-5760.0,-4380.0
2025-06-05 14:27:00,618.75,-5516.25,-4897.5
2025-06-05 14:28:00,-3.75,-5148.75,-5152.5
2025-06-05 14:29:00,-7.5,-5111.25,-5118.75
2025-06-05 14:30:00,825.0,-5291.25,-4466.25
2025-06-05 14:31:00,1717.5,-5452.5,-3735.0
2025-06-05 14:32:00,2261.25,-5190.0,-2928.75
2025-06-05 14:33:00,2167.5,-5055.0,-2887.5
2025-06-05 14:34:00,783.75,-4728.75,-3945.0
2025-06-05 14:35:00,352.5,-4803.75,-4451.25
2025-06-05 14:36:00,1545.0,-4807.5,-3262.5
2025-06-05 14:37:00,1477.5,-4890.0,-3412.5
2025-06-05 14:38:00,1530.0,-4620.0,-3090.0
2025-06-05 14:39:00,1361.25,-4503.75,-3142.5
2025-06-05 14:40:00,1286.25,-4455.0,-3168.75
2025-06-05 14:41:00,1312.5,-4353.75,-3041.25
2025-06-05 14:42:00,772.5,-4230.0,-3457.5
2025-06-05 14:43:00,525.0,-4207.5,-3682.5
2025-06-05 14:44:00,1132.5,-4185.0,-3052.5
2025-06-05 14:45:00,1282.5,-4147.5,-2865.0
2025-06-05 14:46:00,-153.75,-4008.75,-4162.5
2025-06-05 14:47:00,847.5,-4050.0,-3202.5
2025-06-05 14:48:00,558.75,-3975.0,-3416.25
2025-06-05 14:49:00,570.0,-3941.25,-3371.25
2025-06-05 14:50:00,1038.75,-3982.5,-2943.75
2025-06-05 14:51:00,-633.75,-3862.5,-4496.25
2025-06-05 14:52:00,-108.75,-3900.0,-4008.75
2025-06-05 14:53:00,187.5,-3870.0,-3682.5
2025-06-05 14:54:00,1275.0,-3930.0,-2655.0
2025-06-05 14:55:00,2501.25,-4050.0,-1548.75
2025-06-05 14:56:00,2827.5,-4008.75,-1181.25
2025-06-05 14:57:00,2853.75,-3975.0,-1121.25
2025-06-05 14:58:00,2583.75,-3877.5,-1293.75
2025-06-05 14:59:00,2733.75,-3870.0,-1136.25
2025-06-05 15:00:00,3003.75,-3862.5,-858.75
2025-06-05 15:01:00,3588.75,-3903.75,-315.0
2025-06-05 15:02:00,3600.0,-3855.0,-255.0
2025-06-05 15:03:00,3562.5,-3746.25,-183.75
2025-06-05 15:04:00,3637.5,-3720.0,-82.5
2025-06-05 15:05:00,3630.0,-3705.0,-75.0
2025-06-05 15:06:00,3686.25,-3705.0,-18.75
2025-06-05 15:07:00,3667.5,-3690.0,-22.5
2025-06-05 15:08:00,3701.25,-3686.25,15.0
2025-06-05 15:09:00,3697.5,-3686.25,11.25
2025-06-05 15:10:00,3678.75,-3686.25,-7.5
2025-06-05 15:11:00,3768.75,-3686.25,82.5
2025-06-05 15:12:00,3791.25,-3690.0,101.25
2025-06-05 15:13:00,3772.5,-3678.75,93.75
2025-06-05 15:14:00,3806.25,-3675.0,131.25
2025-06-05 15:15:00,3723.75,-3682.5,41.25
2025-06-05 15:16:00,3783.75,-3690.0,93.75
2025-06-05 15:17:00,3678.75,-3678.75,0.0
2025-06-05 15:18:00,3731.25,-3675.0,56.25
2025-06-05 15:19:00,3663.75,-3675.0,-11.25
2025-06-05 15:20:00,3690.0,-3678.75,11.25
2025-06-05 15:21:00,3690.0,-3678.75,11.25
2025-06-05 15:22:00,3690.0,-3678.75,11.25
2025-06-05 15:23:00,3690.0,-3678.75,11.25
2025-06-05 15:24:00,3690.0,-3678.75,11.25
2025-06-05 15:25:00,3690.0,-3678.75,11.25
2025-06-05 15:26:00,3690.0,-3678.75,11.25
2025-06-05 15:27:00,3690.0,-3678.75,11.25
2025-06-05 15:28:00,3690.0,-3678.75,11.25
2025-06-05 15:29:00,3690.0,-3678.75,11.25
2025-06-05 15:30:00,3690.0,-3678.75,11.25
2025-06-12 10:15:00,0.0,0.0,0.0
2025-06-12 10:16:00,-41.25,-108.75,-150.0
2025-06-12 10:17:00,45.0,78.75,123.75
2025-06-12 10:18:00,112.5,-48.75,63.75
2025-06-12 10:19:00,41.25,-78.75,-37.5
2025-06-12 10:20:00,213.75,-26.25,187.5
2025-06-12 10:21:00,228.75,-22.5,206.25
2025-06-12 10:22:00,431.25,-345.0,86.25
2025-06-12 10:23:00,371.25,-135.0,236.25
2025-06-12 10:24:00,378.75,-82.5,296.25
2025-06-12 10:25:00,153.75,255.0,408.75
2025-06-12 10:26:00,123.75,318.75,442.5
2025-06-12 10:27:00,-30.0,495.0,465.0
2025-06-12 10:28:00,-41.25,468.75,427.5
2025-06-12 10:29:00,123.75,562.5,686.25
2025-06-12 10:30:00,116.25,378.75,495.0
2025-06-12 10:31:00,-303.75,457.5,153.75
2025-06-12 10:32:00,-382.5,217.5,-165.0
2025-06-12 10:33:00,-243.75,251.25,7.5
2025-06-12 10:34:00,-33.75,408.75,375.0
2025-06-12 10:35:00,157.5,33.75,191.25
2025-06-12 10:36:00,120.0,206.25,326.25
2025-06-12 10:37:00,-22.5,247.5,225.0
2025-06-12 10:38:00,161.25,78.75,240.0
2025-06-12 10:39:00,127.5,225.0,352.5
2025-06-12 10:40:00,251.25,232.5,483.75
2025-06-12 10:41:00,292.5,48.75,341.25
2025-06-12 10:42:00,93.75,127.5,221.25
2025-06-12 10:43:00,108.75,-63.75,45.0
2025-06-12 10:44:00,446.25,-1098.75,-652.5
2025-06-12 10:45:00,592.5,-1548.75,-956.25
2025-06-12 10:46:00,600.0,-1365.0,-765.0
2025-06-12 10:47:00,637.5,-1140.0,-502.5
2025-06-12 10:48:00,686.25,-693.75,-7.5
2025-06-12 10:49:00,645.0,-858.75,-213.75
2025-06-12 10:50:00,656.25,-656.25,0.0
2025-06-12 10:51:00,656.25,-682.5,-26.25
2025-06-12 10:52:00,648.75,-825.0,-176.25
2025-06-12 10:53:00,570.0,-521.25,48.75
2025-06-12 10:54:00,780.0,-360.0,420.0
2025-06-12 10:55:00,795.0,-611.25,183.75
2025-06-12 10:56:00,855.0,-577.5,277.5
2025-06-12 10:57:00,810.0,-435.0,375.0
2025-06-12 10:58:00,810.0,-472.5,337.5
2025-06-12 10:59:00,836.25,-813.75,22.5
2025-06-12 11:00:00,821.25,-622.5,198.75
2025-06-12 11:01:00,866.25,-768.75,97.5
2025-06-12 11:02:00,847.5,-633.75,213.75
2025-06-12 11:03:00,840.0,-626.25,213.75
2025-06-12 11:04:00,930.0,-660.0,270.0
2025-06-12 11:05:00,810.0,-588.75,221.25
2025-06-12 11:06:00,716.25,-858.75,-142.5
2025-06-12 11:07:00,690.0,-918.75,-228.75
2025-06-12 11:08:00,753.75,-731.25,22.5
2025-06-12 11:09:00,735.0,-405.0,330.0
2025-06-12 11:10:00,780.0,-480.0,300.0
2025-06-12 11:11:00,738.75,-720.0,18.75
2025-06-12 11:12:00,727.5,-832.5,-105.0
2025-06-12 11:13:00,810.0,-768.75,41.25
2025-06-12 11:14:00,922.5,-806.25,116.25
2025-06-12 11:15:00,941.25,-903.75,37.5
2025-06-12 11:16:00,903.75,-836.25,67.5
2025-06-12 11:17:00,975.0,-896.25,78.75
2025-06-12 11:18:00,843.75,-243.75,600.0
2025-06-12 11:19:00,847.5,-127.5,720.0
2025-06-12 11:20:00,731.25,0.0,731.25
2025-06-12 11:21:00,798.75,-161.25,637.5
2025-06-12 11:22:00,555.0,-142.5,412.5
2025-06-12 11:23:00,468.75,90.0,558.75
2025-06-12 11:24:00,551.25,270.0,821.25
2025-06-12 11:25:00,446.25,183.75,630.0
2025-06-12 11:26:00,303.75,232.5,536.25
2025-06-12 11:27:00,360.0,146.25,506.25
2025-06-12 11:28:00,438.75,116.25,555.0
2025-06-12 11:29:00,371.25,195.0,566.25
2025-06-12 11:30:00,600.0,116.25,716.25
2025-06-12 11:31:00,682.5,105.0,787.5
2025-06-12 11:32:00,836.25,0.0,836.25
2025-06-12 11:33:00,881.25,7.5,888.75
2025-06-12 11:34:00,885.0,-97.5,787.5
2025-06-12 11:35:00,907.5,-172.5,735.0
2025-06-12 11:36:00,918.75,-225.0,693.75
2025-06-12 11:37:00,900.0,-142.5,757.5
2025-06-12 11:38:00,930.0,-480.0,450.0
2025-06-12 11:39:00,993.75,-1567.5,-573.75
2025-06-12 11:40:00,1095.0,-1215.0,-120.0
2025-06-12 11:41:00,1046.25,-1563.75,-517.5
2025-06-12 11:42:00,1106.25,-1443.75,-337.5
2025-06-12 11:43:00,1140.0,-1061.25,78.75
2025-06-12 11:44:00,1050.0,-622.5,427.5
2025-06-12 11:45:00,1087.5,-746.25,341.25
2025-06-12 11:46:00,1061.25,-506.25,555.0
2025-06-12 11:47:00,1050.0,-615.0,435.0
2025-06-12 11:48:00,986.25,-840.0,146.25
2025-06-12 11:49:00,825.0,-765.0,60.0
2025-06-12 11:50:00,926.25,-607.5,318.75
2025-06-12 11:51:00,937.5,-915.0,22.5
2025-06-12 11:52:00,926.25,-641.25,285.0
2025-06-12 11:53:00,933.75,-536.25,397.5
2025-06-12 11:54:00,1050.0,-787.5,262.5
2025-06-12 11:55:00,993.75,-990.0,3.75
2025-06-12 11:56:00,963.75,-1402.5,-438.75
2025-06-12 11:57:00,1046.25,-997.5,48.75
2025-06-12 11:58:00,1042.5,-1151.25,-108.75
2025-06-12 11:59:00,993.75,-1226.25,-232.5
2025-06-12 12:00:00,1061.25,-1458.75,-397.5
2025-06-12 12:01:00,1095.0,-1147.5,-52.5
2025-06-12 12:02:00,1046.25,-900.0,146.25
2025-06-12 12:03:00,1057.5,-1248.75,-191.25
2025-06-12 12:04:00,1001.25,-1357.5,-356.25
2025-06-12 12:05:00,1155.0,-1290.0,-135.0
2025-06-12 12:06:00,1110.0,-1177.5,-67.5
2025-06-12 12:07:00,1042.5,-1207.5,-165.0
2025-06-12 12:08:00,1068.75,-1245.0,-176.25
2025-06-12 12:09:00,1083.75,-1005.0,78.75
2025-06-12 12:10:00,1065.0,-911.25,153.75
2025-06-12 12:11:00,1091.25,-922.5,168.75
2025-06-12 12:12:00,1113.75,-802.5,311.25
2025-06-12 12:13:00,1158.75,-843.75,315.0
2025-06-12 12:14:00,1252.5,-956.25,296.25
2025-06-12 12:15:00,1200.0,-716.25,483.75
2025-06-12 12:16:00,1222.5,-1005.0,217.5
2025-06-12 12:17:00,1121.25,-877.5,243.75
2025-06-12 12:18:00,1098.75,-1158.75,-60.0
2025-06-12 12:19:00,1076.25,-1091.25,-15.0
2025-06-12 12:20:00,1035.0,-1091.25,-56.25
2025-06-12 12:21:00,1035.0,-941.25,93.75
2025-06-12 12:22:00,1023.75,-903.75,120.0
2025-06-12 12:23:00,1102.5,-772.5,330.0
2025-06-12 12:24:00,1125.0,-836.25,288.75
2025-06-12 12:25:00,963.75,-881.25,82.5
2025-06-12 12:26:00,1035.0,-1016.25,18.75
2025-06-12 12:27:00,982.5,-926.25,56.25
2025-06-12 12:28:00,1057.5,-761.25,296.25
2025-06-12 12:29:00,1110.0,-817.5,292.5
2025-06-12 12:30:00,1147.5,-933.75,213.75
2025-06-12 12:31:00,1121.25,-772.5,348.75
2025-06-12 12:32:00,1087.5,-630.0,457.5
2025-06-12 12:33:00,1110.0,-663.75,446.25
2025-06-12 12:34:00,1057.5,-472.5,585.0
2025-06-12 12:35:00,855.0,-131.25,723.75
2025-06-12 12:36:00,997.5,-300.0,697.5
2025-06-12 12:37:00,1076.25,-566.25,510.0
2025-06-12 12:38:00,1113.75,-982.5,131.25
2025-06-12 12:39:00,1065.0,-585.0,480.0
2025-06-12 12:40:00,1027.5,-716.25,311.25
2025-06-12 12:41:00,911.25,-390.0,521.25
2025-06-12 12:42:00,956.25,-277.5,678.75
2025-06-12 12:43:00,952.5,-375.0,577.5
2025-06-12 12:44:00,990.0,-288.75,701.25
2025-06-12 12:45:00,952.5,-326.25,626.25
2025-06-12 12:46:00,971.25,-577.5,393.75
2025-06-12 12:47:00,937.5,-562.5,375.0
2025-06-12 12:48:00,450.0,-292.5,157.5
2025-06-12 12:49:00,701.25,-176.25,525.0
2025-06-12 12:50:00,386.25,63.75,450.0
2025-06-12 12:51:00,468.75,67.5,536.25
2025-06-12 12:52:00,802.5,108.75,911.25
2025-06-12 12:53:00,855.0,123.75,978.75
2025-06-12 12:54:00,907.5,266.25,1173.75
2025-06-12 12:55:00,1005.0,71.25,1076.25
2025-06-12 12:56:00,1185.0,90.0,1275.0
2025-06-12 12:57:00,1173.75,67.5,1241.25
2025-06-12 12:58:00,1263.75,-82.5,1181.25
2025-06-12 12:59:00,1185.0,-206.25,978.75
2025-06-12 13:00:00,1290.0,-420.0,870.0
2025-06-12 13:01:00,1260.0,-648.75,611.25
2025-06-12 13:02:00,1252.5,-1038.75,213.75
2025-06-12 13:03:00,1320.0,-933.75,386.25
2025-06-12 13:04:00,1312.5,-716.25,596.25
2025-06-12 13:05:00,1316.25,-757.5,558.75
2025-06-12 13:06:00,1226.25,-813.75,412.5
2025-06-12 13:07:00,1260.0,-753.75,506.25
2025-06-12 13:08:00,1271.25,-618.75,652.5
2025-06-12 13:09:00,1271.25,-682.5,588.75
2025-06-12 13:10:00,1305.0,-498.75,806.25
2025-06-12 13:11:00,1305.0,-442.5,862.5
2025-06-12 13:12:00,1335.0,-483.75,851.25
2025-06-12 13:13:00,1368.75,-311.25,1057.5
2025-06-12 13:14:00,1447.5,-427.5,1020.0
2025-06-12 13:15:00,1391.25,-105.0,1286.25
2025-06-12 13:16:00,1387.5,-30.0,1357.5
2025-06-12 13:17:00,1485.0,153.75,1638.75
2025-06-12 13:18:00,1518.75,180.0,1698.75
2025-06-12 13:19:00,1462.5,150.0,1612.5
2025-06-12 13:20:00,1432.5,82.5,1515.0
2025-06-12 13:21:00,1443.75,-67.5,1376.25
2025-06-12 13:22:00,1455.0,-213.75,1241.25
2025-06-12 13:23:00,1436.25,-360.0,1076.25
2025-06-12 13:24:00,1380.0,-528.75,851.25
2025-06-12 13:25:00,1432.5,-330.0,1102.5
2025-06-12 13:26:00,1365.0,-532.5,832.5
2025-06-12 13:27:00,1451.25,-1518.75,-67.5
2025-06-12 13:28:00,1582.5,-2857.5,-1275.0
2025-06-12 13:29:00,1601.25,-3003.75,-1402.5
2025-06-12 13:30:00,1601.25,-3412.5,-1811.25
2025-06-12 13:31:00,1646.25,-3251.25,-1605.0
2025-06-12 13:32:00,1766.25,-3540.0,-1773.75
2025-06-12 13:33:00,1800.0,-3483.75,-1683.75
2025-06-12 13:34:00,2182.5,-5100.0,-2917.5
2025-06-12 13:35:00,2388.75,-5231.25,-2842.5
2025-06-12 13:36:00,2280.0,-4620.0,-2340.0
2025-06-12 13:37:00,2321.25,-5043.75,-2722.5
2025-06-12 13:38:00,2583.75,-5838.75,-3255.0
2025-06-12 13:39:00,2722.5,-5876.25,-3153.75
2025-06-12 13:40:00,2827.5,-6247.5,-3420.0
2025-06-12 13:41:00,2677.5,-6093.75,-3416.25
2025-06-12 13:42:00,2936.25,-6622.5,-3686.25
2025-06-12 13:43:00,2722.5,-6675.0,-3952.5
2025-06-12 13:44:00,2868.75,-6828.75,-3960.0
2025-06-12 13:45:00,2771.25,-7117.5,-4346.25
2025-06-12 13:46:00,3318.75,-7852.5,-4533.75
2025-06-12 13:47:00,3705.0,-7920.0,-4215.0
2025-06-12 13:48:00,3708.75,-8591.25,-4882.5
2025-06-12 13:49:00,3750.0,-8253.75,-4503.75
2025-06-12 13:50:00,3941.25,-9003.75,-5062.5
2025-06-12 13:51:00,3952.5,-9236.25,-5283.75
2025-06-12 13:52:00,3806.25,-9048.75,-5242.5
2025-06-12 13:53:00,3821.25,-8898.75,-5077.5
2025-06-12 13:54:00,3690.0,-8261.25,-4571.25
2025-06-12 13:55:00,3547.5,-7785.0,-4237.5
2025-06-12 13:56:00,3510.0,-8058.75,-4548.75
2025-06-12 13:57:00,3427.5,-7241.25,-3813.75
2025-06-12 13:58:00,3802.5,-8066.25,-4263.75
2025-06-12 13:59:00,3862.5,-7916.25,-4053.75
2025-06-12 14:00:00,4087.5,-8096.25,-4008.75
2025-06-12 14:01:00,4173.75,-8478.75,-4305.0
2025-06-12 14:02:00,4548.75,-10856.25,-6307.5
2025-06-12 14:03:00,4526.25,-10218.75,-5692.5
2025-06-12 14:04:00,4526.25,-9528.75,-5002.5
2025-06-12 14:05:00,4702.5,-10346.25,-5643.75
2025-06-12 14:06:00,4781.25,-11017.5,-6236.25
2025-06-12 14:07:00,4773.75,-11043.75,-6270.0
2025-06-12 14:08:00,4725.0,-11205.0,-6480.0
2025-06-12 14:09:00,4635.0,-11460.0,-6825.0
2025-06-12 14:10:00,4695.0,-11448.75,-6753.75
2025-06-12 14:11:00,4650.0,-11508.75,-6858.75
2025-06-12 14:12:00,4500.0,-11272.5,-6772.5
2025-06-12 14:13:00,4492.5,-11317.5,-6825.0
2025-06-12 14:14:00,4462.5,-11186.25,-6723.75
2025-06-12 14:15:00,4605.0,-11178.75,-6573.75
2025-06-12 14:16:00,4706.25,-11043.75,-6337.5
2025-06-12 14:17:00,4410.0,-10863.75,-6453.75
2025-06-12 14:18:00,4616.25,-10830.0,-6213.75
2025-06-12 14:19:00,4800.0,-10845.0,-6045.0
2025-06-12 14:20:00,4833.75,-10770.0,-5936.25
2025-06-12 14:21:00,4792.5,-10728.75,-5936.25
2025-06-12 14:22:00,4942.5,-10706.25,-5763.75
2025-06-12 14:23:00,4822.5,-10691.25,-5868.75
2025-06-12 14:24:00,5017.5,-10725.0,-5707.5
2025-06-12 14:25:00,5055.0,-10777.5,-5722.5
2025-06-12 14:26:00,5152.5,-10841.25,-5688.75
2025-06-12 14:27:00,5186.25,-10860.0,-5673.75
2025-06-12 14:28:00,5126.25,-10833.75,-5707.5
2025-06-12 14:29:00,5156.25,-10803.75,-5647.5
2025-06-12 14:30:00,5111.25,-10721.25,-5610.0
2025-06-12 14:31:00,4837.5,-10668.75,-5831.25
2025-06-12 14:32:00,4796.25,-10680.0,-5883.75
2025-06-12 14:33:00,4845.0,-10661.25,-5816.25
2025-06-12 14:34:00,4661.25,-10661.25,-6000.0
2025-06-12 14:35:00,4792.5,-10657.5,-5865.0
2025-06-12 14:36:00,4848.75,-10665.0,-5816.25
2025-06-12 14:37:00,4953.75,-10665.0,-5711.25
2025-06-12 14:38:00,5062.5,-10668.75,-5606.25
2025-06-12 14:39:00,5242.5,-10676.25,-5433.75
2025-06-12 14:40:00,5257.5,-10698.75,-5441.25
2025-06-12 14:41:00,5051.25,-10650.0,-5598.75
2025-06-12 14:42:00,5163.75,-10638.75,-5475.0
2025-06-12 14:43:00,5197.5,-10623.75,-5426.25
2025-06-12 14:44:00,5298.75,-10608.75,-5310.0
2025-06-12 14:45:00,5332.5,-10601.25,-5268.75
2025-06-12 14:46:00,5280.0,-10605.0,-5325.0
2025-06-12 14:47:00,5261.25,-10612.5,-5351.25
2025-06-12 14:48:00,5321.25,-10616.25,-5295.0
2025-06-12 14:49:00,5160.0,-10616.25,-5456.25
2025-06-12 14:50:00,5182.5,-10616.25,-5433.75
2025-06-12 14:51:00,5276.25,-10612.5,-5336.25
2025-06-12 14:52:00,5355.0,-10608.75,-5253.75
2025-06-12 14:53:00,5336.25,-10597.5,-5261.25
2025-06-12 14:54:00,5302.5,-10597.5,-5295.0
2025-06-12 14:55:00,5332.5,-10601.25,-5268.75
2025-06-12 14:56:00,5377.5,-10608.75,-5231.25
2025-06-12 14:57:00,5362.5,-10601.25,-5238.75
2025-06-12 14:58:00,5186.25,-10601.25,-5415.0
2025-06-12 14:59:00,5332.5,-10605.0,-5272.5
2025-06-12 15:00:00,5283.75,-10608.75,-5325.0
2025-06-12 15:01:00,5490.0,-10597.5,-5107.5
2025-06-12 15:02:00,5475.0,-10590.0,-5115.0
2025-06-12 15:03:00,5505.0,-10590.0,-5085.0
2025-06-12 15:04:00,5527.5,-10582.5,-5055.0
2025-06-12 15:05:00,5550.0,-10582.5,-5032.5
2025-06-12 15:06:00,5565.0,-10582.5,-5017.5
2025-06-12 15:07:00,5568.75,-10578.75,-5010.0
2025-06-12 15:08:00,5561.25,-10578.75,-5017.5
2025-06-12 15:09:00,5572.5,-10578.75,-5006.25
2025-06-12 15:10:00,5572.5,-10578.75,-5006.25
2025-06-12 15:11:00,5572.5,-10575.0,-5002.5
2025-06-12 15:12:00,5572.5,-10575.0,-5002.5
2025-06-12 15:13:00,5583.75,-10575.0,-4991.25
2025-06-12 15:14:00,5583.75,-10575.0,-4991.25
2025-06-12 15:15:00,5580.0,-10578.75,-4998.75
2025-06-12 15:16:00,5583.75,-10575.0,-4991.25
2025-06-12 15:17:00,5591.25,-10575.0,-4983.75
2025-06-12 15:18:00,5595.0,-10575.0,-4980.0
2025-06-12 15:19:00,5591.25,-10571.25,-4980.0
2025-06-12 15:20:00,5591.25,-10575.0,-4983.75
2025-06-12 15:21:00,5591.25,-10575.0,-4983.75
2025-06-12 15:22:00,5591.25,-10575.0,-4983.75
2025-06-12 15:23:00,5591.25,-10575.0,-4983.75
2025-06-12 15:24:00,5591.25,-10575.0,-4983.75
2025-06-12 15:25:00,5591.25,-10575.0,-4983.75
2025-06-12 15:26:00,5591.25,-10575.0,-4983.75
2025-06-12 15:27:00,5591.25,-10575.0,-4983.75
2025-06-12 15:28:00,5591.25,-10575.0,-4983.75
2025-06-12 15:29:00,5591.25,-10575.0,-4983.75
2025-06-12 15:30:00,5591.25,-10575.0,-4983.75
2025-06-19 10:15:00,0.0,0.0,0.0
2025-06-19 10:16:00,0.0,-78.75,-78.75
2025-06-19 10:17:00,-41.25,7.5,-33.75
2025-06-19 10:18:00,-116.25,52.5,-63.75
2025-06-19 10:19:00,3.75,-71.25,-67.5
2025-06-19 10:20:00,-15.0,-78.75,-93.75
2025-06-19 10:21:00,33.75,-101.25,-67.5
2025-06-19 10:22:00,-41.25,15.0,-26.25
2025-06-19 10:23:00,60.0,-120.0,-60.0
2025-06-19 10:24:00,52.5,33.75,86.25
2025-06-19 10:25:00,30.0,-11.25,18.75
2025-06-19 10:26:00,41.25,-3.75,37.5
2025-06-19 10:27:00,60.0,11.25,71.25
2025-06-19 10:28:00,18.75,52.5,71.25
2025-06-19 10:29:00,48.75,15.0,63.75
2025-06-19 10:30:00,63.75,15.0,78.75
2025-06-19 10:31:00,37.5,26.25,63.75
2025-06-19 10:32:00,135.0,-90.0,45.0
2025-06-19 10:33:00,213.75,-352.5,-138.75
2025-06-19 10:34:00,236.25,-431.25,-195.0
2025-06-19 10:35:00,337.5,-746.25,-408.75
2025-06-19 10:36:00,281.25,-450.0,-168.75
2025-06-19 10:37:00,401.25,-813.75,-412.5
2025-06-19 10:38:00,292.5,-345.0,-52.5
2025-06-19 10:39:00,285.0,-378.75,-93.75
2025-06-19 10:40:00,266.25,-367.5,-101.25
2025-06-19 10:41:00,198.75,-228.75,-30.0
2025-06-19 10:42:00,161.25,-255.0,-93.75
2025-06-19 10:43:00,341.25,-247.5,93.75
2025-06-19 10:44:00,292.5,-198.75,93.75
2025-06-19 10:45:00,288.75,-120.0,168.75
2025-06-19 10:46:00,258.75,-161.25,97.5
2025-06-19 10:47:00,217.5,33.75,251.25
2025-06-19 10:48:00,127.5,52.5,180.0
2025-06-19 10:49:00,123.75,71.25,195.0
2025-06-19 10:50:00,270.0,7.5,277.5
2025-06-19 10:51:00,187.5,52.5,240.0
2025-06-19 10:52:00,255.0,63.75,318.75
2025-06-19 10:53:00,375.0,-93.75,281.25
2025-06-19 10:54:00,270.0,-56.25,213.75
2025-06-19 10:55:00,273.75,56.25,330.0
2025-06-19 10:56:00,285.0,93.75,378.75
2025-06-19 10:57:00,285.0,138.75,423.75
2025-06-19 10:58:00,367.5,101.25,468.75
2025-06-19 10:59:00,596.25,-112.5,483.75
2025-06-19 11:00:00,555.0,-82.5,472.5
2025-06-19 11:01:00,487.5,-41.25,446.25
2025-06-19 11:02:00,472.5,0.0,472.5
2025-06-19 11:03:00,540.0,7.5,547.5
2025-06-19 11:04:00,566.25,-108.75,457.5
2025-06-19 11:05:00,551.25,-146.25,405.0
2025-06-19 11:06:00,577.5,-120.0,457.5
2025-06-19 11:07:00,551.25,-251.25,300.0
2025-06-19 11:08:00,663.75,-191.25,472.5
2025-06-19 11:09:00,720.0,-262.5,457.5
2025-06-19 11:10:00,761.25,-296.25,465.0
2025-06-19 11:11:00,735.0,-180.0,555.0
2025-06-19 11:12:00,641.25,-15.0,626.25
2025-06-19 11:13:00,663.75,41.25,705.0
2025-06-19 11:14:00,663.75,52.5,716.25
2025-06-19 11:15:00,690.0,82.5,772.5
2025-06-19 11:16:00,768.75,18.75,787.5
2025-06-19 11:17:00,641.25,67.5,708.75
2025-06-19 11:18:00,678.75,71.25,750.0
2025-06-19 11:19:00,675.0,33.75,708.75
2025-06-19 11:20:00,708.75,33.75,742.5
2025-06-19 11:21:00,697.5,-33.75,663.75
2025-06-19 11:22:00,720.0,-90.0,630.0
2025-06-19 11:23:00,731.25,-108.75,622.5
2025-06-19 11:24:00,671.25,-56.25,615.0
2025-06-19 11:25:00,772.5,-176.25,596.25
2025-06-19 11:26:00,1008.75,-596.25,412.5
2025-06-19 11:27:00,963.75,-547.5,416.25
2025-06-19 11:28:00,903.75,-258.75,645.0
2025-06-19 11:29:00,896.25,-251.25,645.0
2025-06-19 11:30:00,900.0,-142.5,757.5
2025-06-19 11:31:00,911.25,-45.0,866.25
2025-06-19 11:32:00,877.5,37.5,915.0
2025-06-19 11:33:00,802.5,63.75,866.25
2025-06-19 11:34:00,753.75,93.75,847.5
2025-06-19 11:35:00,795.0,41.25,836.25
2025-06-19 11:36:00,791.25,26.25,817.5
2025-06-19 11:37:00,821.25,26.25,847.5
2025-06-19 11:38:00,896.25,-101.25,795.0
2025-06-19 11:39:00,975.0,-345.0,630.0
2025-06-19 11:40:00,896.25,-176.25,720.0
2025-06-19 11:41:00,900.0,-3.75,896.25
2025-06-19 11:42:00,877.5,18.75,896.25
2025-06-19 11:43:00,877.5,-63.75,813.75
2025-06-19 11:44:00,971.25,-236.25,735.0
2025-06-19 11:45:00,930.0,-153.75,776.25
2025-06-19 11:46:00,907.5,-90.0,817.5
2025-06-19 11:47:00,930.0,-120.0,810.0
2025-06-19 11:48:00,926.25,-142.5,783.75
2025-06-19 11:49:00,926.25,-131.25,795.0
2025-06-19 11:50:00,881.25,-52.5,828.75
2025-06-19 11:51:00,866.25,-26.25,840.0
2025-06-19 11:52:00,855.0,-116.25,738.75
2025-06-19 11:53:00,855.0,-86.25,768.75
2025-06-19 11:54:00,832.5,-48.75,783.75
2025-06-19 11:55:00,855.0,-30.0,825.0
2025-06-19 11:56:00,888.75,-26.25,862.5
2025-06-19 11:57:00,918.75,26.25,945.0
2025-06-19 11:58:00,926.25,-45.0,881.25
2025-06-19 11:59:00,952.5,-37.5,915.0
2025-06-19 12:00:00,993.75,-22.5,971.25
2025-06-19 12:01:00,1001.25,-116.25,885.0
2025-06-19 12:02:00,993.75,-142.5,851.25
2025-06-19 12:03:00,967.5,-187.5,780.0
2025-06-19 12:04:00,978.75,-71.25,907.5
2025-06-19 12:05:00,847.5,33.75,881.25
2025-06-19 12:06:00,731.25,116.25,847.5
2025-06-19 12:07:00,660.0,315.0,975.0
2025-06-19 12:08:00,776.25,153.75,930.0
2025-06-19 12:09:00,675.0,232.5,907.5
2025-06-19 12:10:00,682.5,266.25,948.75
2025-06-19 12:11:00,723.75,172.5,896.25
2025-06-19 12:12:00,723.75,183.75,907.5
2025-06-19 12:13:00,866.25,168.75,1035.0
2025-06-19 12:14:00,933.75,195.0,1128.75
2025-06-19 12:15:00,952.5,206.25,1158.75
2025-06-19 12:16:00,1035.0,172.5,1207.5
2025-06-19 12:17:00,971.25,213.75,1185.0
2025-06-19 12:18:00,1012.5,183.75,1196.25
2025-06-19 12:19:00,978.75,210.0,1188.75
2025-06-19 12:20:00,1035.0,202.5,1237.5
2025-06-19 12:21:00,1057.5,127.5,1185.0
2025-06-19 12:22:00,1117.5,90.0,1207.5
2025-06-19 12:23:00,1106.25,142.5,1248.75
2025-06-19 12:24:00,1076.25,307.5,1383.75
2025-06-19 12:25:00,1065.0,318.75,1383.75
2025-06-19 12:26:00,1147.5,277.5,1425.0
2025-06-19 12:27:00,1185.0,161.25,1346.25
2025-06-19 12:28:00,1203.75,195.0,1398.75
2025-06-19 12:29:00,1166.25,300.0,1466.25
2025-06-19 12:30:00,1181.25,243.75,1425.0
2025-06-19 12:31:00,1192.5,266.25,1458.75
2025-06-19 12:32:00,1222.5,258.75,1481.25
2025-06-19 12:33:00,1233.75,247.5,1481.25
2025-06-19 12:34:00,1252.5,258.75,1511.25
2025-06-19 12:35:00,1256.25,262.5,1518.75
2025-06-19 12:36:00,1260.0,262.5,1522.5
2025-06-19 12:37:00,1278.75,240.0,1518.75
2025-06-19 12:38:00,1286.25,243.75,1530.0
2025-06-19 12:39:00,1320.0,187.5,1507.5
2025-06-19 12:40:00,1335.0,7.5,1342.5
2025-06-19 12:41:00,1335.0,-251.25,1083.75
2025-06-19 12:42:00,1361.25,-195.0,1166.25
2025-06-19 12:43:00,1425.0,-138.75,1286.25
2025-06-19 12:44:00,1410.0,-183.75,1226.25
2025-06-19 12:45:00,1398.75,-63.75,1335.0
2025-06-19 12:46:00,1481.25,-397.5,1083.75
2025-06-19 12:47:00,1530.0,-588.75,941.25
2025-06-19 12:48:00,1500.0,-307.5,1192.5
2025-06-19 12:49:00,1503.75,-337.5,1166.25
2025-06-19 12:50:00,1526.25,-266.25,1260.0
2025-06-19 12:51:00,1515.0,-382.5,1132.5
2025-06-19 12:52:00,1515.0,-375.0,1140.0
2025-06-19 12:53:00,1530.0,-390.0,1140.0
2025-06-19 12:54:00,1518.75,-60.0,1458.75
2025-06-19 12:55:00,1556.25,56.25,1612.5
2025-06-19 12:56:00,1533.75,41.25,1575.0
2025-06-19 12:57:00,1507.5,48.75,1556.25
2025-06-19 12:58:00,1530.0,33.75,1563.75
2025-06-19 12:59:00,1492.5,-18.75,1473.75
2025-06-19 13:00:00,1500.0,75.0,1575.0
2025-06-19 13:01:00,1503.75,26.25,1530.0
2025-06-19 13:02:00,1578.75,18.75,1597.5
2025-06-19 13:03:00,1571.25,-56.25,1515.0
2025-06-19 13:04:00,1590.0,-247.5,1342.5
2025-06-19 13:05:00,1597.5,-281.25,1316.25
2025-06-19 13:06:00,1586.25,-7.5,1578.75
2025-06-19 13:07:00,1462.5,311.25,1773.75
2025-06-19 13:08:00,1451.25,303.75,1755.0
2025-06-19 13:09:00,1402.5,288.75,1691.25
2025-06-19 13:10:00,1443.75,315.0,1758.75
2025-06-19 13:11:00,1470.0,285.0,1755.0
2025-06-19 13:12:00,1560.0,206.25,1766.25
2025-06-19 13:13:00,1582.5,206.25,1788.75
2025-06-19 13:14:00,1575.0,213.75,1788.75
2025-06-19 13:15:00,1586.25,322.5,1908.75
2025-06-19 13:16:00,1601.25,172.5,1773.75
2025-06-19 13:17:00,1627.5,123.75,1751.25
2025-06-19 13:18:00,1650.0,48.75,1698.75
2025-06-19 13:19:00,1650.0,120.0,1770.0
2025-06-19 13:20:00,1661.25,165.0,1826.25
2025-06-19 13:21:00,1657.5,116.25,1773.75
2025-06-19 13:22:00,1676.25,187.5,1863.75
2025-06-19 13:23:00,1691.25,146.25,1837.5
2025-06-19 13:24:00,1676.25,120.0,1796.25
2025-06-19 13:25:00,1646.25,180.0,1826.25
2025-06-19 13:26:00,1623.75,255.0,1878.75
2025-06-19 13:27:00,1683.75,120.0,1803.75
2025-06-19 13:28:00,1668.75,105.0,1773.75
2025-06-19 13:29:00,1672.5,108.75,1781.25
2025-06-19 13:30:00,1672.5,105.0,1777.5
2025-06-19 13:31:00,1672.5,45.0,1717.5
2025-06-19 13:32:00,1657.5,191.25,1848.75
2025-06-19 13:33:00,1668.75,236.25,1905.0
2025-06-19 13:34:00,1627.5,296.25,1923.75
2025-06-19 13:35:00,1646.25,281.25,1927.5
2025-06-19 13:36:00,1650.0,255.0,1905.0
2025-06-19 13:37:00,1668.75,251.25,1920.0
2025-06-19 13:38:00,1680.0,213.75,1893.75
2025-06-19 13:39:00,1680.0,262.5,1942.5
2025-06-19 13:40:00,1642.5,472.5,2115.0
2025-06-19 13:41:00,1575.0,566.25,2141.25
2025-06-19 13:42:00,1627.5,521.25,2148.75
2025-06-19 13:43:00,1683.75,510.0,2193.75
2025-06-19 13:44:00,1691.25,461.25,2152.5
2025-06-19 13:45:00,1698.75,435.0,2133.75
2025-06-19 13:46:00,1710.0,446.25,2156.25
2025-06-19 13:47:00,1713.75,472.5,2186.25
2025-06-19 13:48:00,1721.25,487.5,2208.75
2025-06-19 13:49:00,1691.25,547.5,2238.75
2025-06-19 13:50:00,1706.25,506.25,2212.5
2025-06-19 13:51:00,1706.25,521.25,2227.5
2025-06-19 13:52:00,1672.5,573.75,2246.25
2025-06-19 13:53:00,1672.5,551.25,2223.75
2025-06-19 13:54:00,1642.5,577.5,2220.0
2025-06-19 13:55:00,1623.75,630.0,2253.75
2025-06-19 13:56:00,1638.75,618.75,2257.5
2025-06-19 13:57:00,1683.75,566.25,2250.0
2025-06-19 13:58:00,1653.75,622.5,2276.25
2025-06-19 13:59:00,1586.25,675.0,2261.25
2025-06-19 14:00:00,1200.0,817.5,2017.5
2025-06-19 14:01:00,363.75,922.5,1286.25
2025-06-19 14:02:00,1076.25,892.5,1968.75
2025-06-19 14:03:00,1440.0,877.5,2317.5
2025-06-19 14:04:00,1342.5,877.5,2220.0
2025-06-19 14:05:00,1053.75,933.75,1987.5
2025-06-19 14:06:00,832.5,930.0,1762.5
2025-06-19 14:07:00,817.5,941.25,1758.75
2025-06-19 14:08:00,911.25,948.75,1860.0
2025-06-19 14:09:00,1065.0,1023.75,2088.75
2025-06-19 14:10:00,1256.25,997.5,2253.75
2025-06-19 14:11:00,1162.5,978.75,2141.25
2025-06-19 14:12:00,1305.0,997.5,2302.5
2025-06-19 14:13:00,1395.0,960.0,2355.0
2025-06-19 14:14:00,1357.5,997.5,2355.0
2025-06-19 14:15:00,1215.0,1042.5,2257.5
2025-06-19 14:16:00,1252.5,1008.75,2261.25
2025-06-19 14:17:00,1136.25,1027.5,2163.75
2025-06-19 14:18:00,1098.75,1020.0,2118.75
2025-06-19 14:19:00,990.0,1038.75,2028.75
2025-06-19 14:20:00,1095.0,1068.75,2163.75
2025-06-19 14:21:00,1136.25,1068.75,2205.0
2025-06-19 14:22:00,858.75,1110.0,1968.75
2025-06-19 14:23:00,1091.25,1098.75,2190.0
2025-06-19 14:24:00,1353.75,1083.75,2437.5
2025-06-19 14:25:00,1503.75,1068.75,2572.5
2025-06-19 14:26:00,1623.75,1031.25,2655.0
2025-06-19 14:27:00,1698.75,960.0,2658.75
2025-06-19 14:28:00,1661.25,1046.25,2707.5
2025-06-19 14:29:00,1698.75,997.5,2696.25
2025-06-19 14:30:00,1683.75,1008.75,2692.5
2025-06-19 14:31:00,1672.5,990.0,2662.5
2025-06-19 14:32:00,1590.0,1113.75,2703.75
2025-06-19 14:33:00,1698.75,1091.25,2790.0
2025-06-19 14:34:00,1653.75,1087.5,2741.25
2025-06-19 14:35:00,1683.75,1098.75,2782.5
2025-06-19 14:36:00,1732.5,1061.25,2793.75
2025-06-19 14:37:00,1766.25,1035.0,2801.25
2025-06-19 14:38:00,1751.25,1065.0,2816.25
2025-06-19 14:39:00,1725.0,1087.5,2812.5
2025-06-19 14:40:00,1762.5,1080.0,2842.5
2025-06-19 14:41:00,1830.0,843.75,2673.75
2025-06-19 14:42:00,1908.75,810.0,2718.75
2025-06-19 14:43:00,1901.25,911.25,2812.5
2025-06-19 14:44:00,1893.75,993.75,2887.5
2025-06-19 14:45:00,1882.5,1012.5,2895.0
2025-06-19 14:46:00,1878.75,1001.25,2880.0
2025-06-19 14:47:00,1875.0,1001.25,2876.25
2025-06-19 14:48:00,1875.0,997.5,2872.5
2025-06-19 14:49:00,1878.75,1035.0,2913.75
2025-06-19 14:50:00,1867.5,1012.5,2880.0
2025-06-19 14:51:00,1882.5,1035.0,2917.5
2025-06-19 14:52:00,1882.5,1068.75,2951.25
2025-06-19 14:53:00,1863.75,1106.25,2970.0
2025-06-19 14:54:00,1920.0,1166.25,3086.25
2025-06-19 14:55:00,1931.25,1151.25,3082.5
2025-06-19 14:56:00,1946.25,1121.25,3067.5
2025-06-19 14:57:00,1912.5,1155.0,3067.5
2025-06-19 14:58:00,1916.25,1128.75,3045.0
2025-06-19 14:59:00,1916.25,1143.75,3060.0
2025-06-19 15:00:00,1927.5,1128.75,3056.25
2025-06-19 15:01:00,1953.75,993.75,2947.5
2025-06-19 15:02:00,1961.25,1053.75,3015.0
2025-06-19 15:03:00,1961.25,1080.0,3041.25
2025-06-19 15:04:00,1987.5,1185.0,3172.5
2025-06-19 15:05:00,1991.25,1237.5,3228.75
2025-06-19 15:06:00,1991.25,1233.75,3225.0
2025-06-19 15:07:00,1998.75,1188.75,3187.5
2025-06-19 15:08:00,2002.5,1203.75,3206.25
2025-06-19 15:09:00,2006.25,1211.25,3217.5
2025-06-19 15:10:00,2006.25,1233.75,3240.0
2025-06-19 15:11:00,2006.25,1226.25,3232.5
2025-06-19 15:12:00,2010.0,1237.5,3247.5
2025-06-19 15:13:00,2013.75,1237.5,3251.25
2025-06-19 15:14:00,2021.25,1237.5,3258.75
2025-06-19 15:15:00,2010.0,1192.5,3202.5
2025-06-19 15:16:00,2013.75,1203.75,3217.5
2025-06-19 15:17:00,2021.25,1151.25,3172.5
2025-06-19 15:18:00,2013.75,1140.0,3153.75
2025-06-19 15:19:00,2017.5,1147.5,3165.0
2025-06-19 15:20:00,2025.0,1136.25,3161.25
2025-06-19 15:21:00,2025.0,1136.25,3161.25
2025-06-19 15:22:00,2025.0,1136.25,3161.25
2025-06-19 15:23:00,2025.0,1136.25,3161.25
2025-06-19 15:24:00,2025.0,1136.25,3161.25
2025-06-19 15:25:00,2025.0,1136.25,3161.25
2025-06-19 15:26:00,2025.0,1136.25,3161.25
2025-06-19 15:27:00,2025.0,1136.25,3161.25
2025-06-19 15:28:00,2025.0,1136.25,3161.25
2025-06-19 15:29:00,2025.0,1136.25,3161.25
2025-06-19 15:30:00,2025.0,1136.25,3161.25
2025-06-26 10:15:00,0.0,0.0,0.0
2025-06-26 10:16:00,-176.25,120.0,-56.25
2025-06-26 10:17:00,-247.5,172.5,-75.0
2025-06-26 10:18:00,-3.75,-120.0,-123.75
2025-06-26 10:19:00,-3.75,-63.75,-67.5
2025-06-26 10:20:00,-67.5,-75.0,-142.5
2025-06-26 10:21:00,318.75,-581.25,-262.5
2025-06-26 10:22:00,172.5,-172.5,0.0
2025-06-26 10:23:00,300.0,-393.75,-93.75
2025-06-26 10:24:00,277.5,-528.75,-251.25
2025-06-26 10:25:00,15.0,-292.5,-277.5
2025-06-26 10:26:00,26.25,-60.0,-33.75
2025-06-26 10:27:00,116.25,-255.0,-138.75
2025-06-26 10:28:00,82.5,-22.5,60.0
2025-06-26 10:29:00,281.25,-397.5,-116.25
2025-06-26 10:30:00,303.75,-300.0,3.75
2025-06-26 10:31:00,360.0,-423.75,-63.75
2025-06-26 10:32:00,480.0,-303.75,176.25
2025-06-26 10:33:00,480.0,-378.75,101.25
2025-06-26 10:34:00,502.5,-281.25,221.25
2025-06-26 10:35:00,487.5,-195.0,292.5
2025-06-26 10:36:00,288.75,-228.75,60.0
2025-06-26 10:37:00,333.75,-303.75,30.0
2025-06-26 10:38:00,221.25,-191.25,30.0
2025-06-26 10:39:00,153.75,-116.25,37.5
2025-06-26 10:40:00,202.5,-172.5,30.0
2025-06-26 10:41:00,573.75,-1035.0,-461.25
2025-06-26 10:42:00,772.5,-1402.5,-630.0
2025-06-26 10:43:00,667.5,-1421.25,-753.75
2025-06-26 10:44:00,727.5,-1380.0,-652.5
2025-06-26 10:45:00,945.0,-2625.0,-1680.0
2025-06-26 10:46:00,840.0,-2047.5,-1207.5
2025-06-26 10:47:00,948.75,-2602.5,-1653.75
2025-06-26 10:48:00,832.5,-2107.5,-1275.0
2025-06-26 10:49:00,742.5,-1222.5,-480.0
2025-06-26 10:50:00,761.25,-1215.0,-453.75
2025-06-26 10:51:00,701.25,-1158.75,-457.5
2025-06-26 10:52:00,678.75,-1282.5,-603.75
2025-06-26 10:53:00,843.75,-1856.25,-1012.5
2025-06-26 10:54:00,810.0,-1376.25,-566.25
2025-06-26 10:55:00,813.75,-1451.25,-637.5
2025-06-26 10:56:00,843.75,-1620.0,-776.25
2025-06-26 10:57:00,798.75,-1290.0,-491.25
2025-06-26 10:58:00,881.25,-1646.25,-765.0
2025-06-26 10:59:00,963.75,-1833.75,-870.0
2025-06-26 11:00:00,896.25,-1848.75,-952.5
2025-06-26 11:01:00,761.25,-1455.0,-693.75
2025-06-26 11:02:00,555.0,-588.75,-33.75
2025-06-26 11:03:00,787.5,-858.75,-71.25
2025-06-26 11:04:00,746.25,-847.5,-101.25
2025-06-26 11:05:00,690.0,-746.25,-56.25
2025-06-26 11:06:00,705.0,-900.0,-195.0
2025-06-26 11:07:00,817.5,-1020.0,-202.5
2025-06-26 11:08:00,836.25,-663.75,172.5
2025-06-26 11:09:00,922.5,-570.0,352.5
2025-06-26 11:10:00,1068.75,-952.5,116.25
2025-06-26 11:11:00,1016.25,-806.25,210.0
2025-06-26 11:12:00,1117.5,-465.0,652.5
2025-06-26 11:13:00,1196.25,-795.0,401.25
2025-06-26 11:14:00,1196.25,-618.75,577.5
2025-06-26 11:15:00,1192.5,-363.75,828.75
2025-06-26 11:16:00,1312.5,-495.0,817.5
2025-06-26 11:17:00,1316.25,-877.5,438.75
2025-06-26 11:18:00,1263.75,-663.75,600.0
2025-06-26 11:19:00,1181.25,-798.75,382.5
2025-06-26 11:20:00,1230.0,-735.0,495.0
2025-06-26 11:21:00,1226.25,-498.75,727.5
2025-06-26 11:22:00,1237.5,-487.5,750.0
2025-06-26 11:23:00,1312.5,-667.5,645.0
2025-06-26 11:24:00,1226.25,-1038.75,187.5
2025-06-26 11:25:00,1053.75,-191.25,862.5
2025-06-26 11:26:00,1132.5,-652.5,480.0
2025-06-26 11:27:00,1162.5,-1027.5,135.0
2025-06-26 11:28:00,1076.25,-941.25,135.0
2025-06-26 11:29:00,1008.75,-667.5,341.25
2025-06-26 11:30:00,948.75,-690.0,258.75
2025-06-26 11:31:00,843.75,-101.25,742.5
2025-06-26 11:32:00,761.25,-168.75,592.5
2025-06-26 11:33:00,795.0,-326.25,468.75
2025-06-26 11:34:00,562.5,165.0,727.5
2025-06-26 11:35:00,663.75,-105.0,558.75
2025-06-26 11:36:00,795.0,-221.25,573.75
2025-06-26 11:37:00,787.5,-168.75,618.75
2025-06-26 11:38:00,933.75,-532.5,401.25
2025-06-26 11:39:00,798.75,-885.0,-86.25
2025-06-26 11:40:00,873.75,-881.25,-7.5
2025-06-26 11:41:00,828.75,-1271.25,-442.5
2025-06-26 11:42:00,982.5,-1335.0,-352.5
2025-06-26 11:43:00,1128.75,-1098.75,30.0
2025-06-26 11:44:00,1248.75,-2242.5,-993.75
2025-06-26 11:45:00,1147.5,-1796.25,-648.75
2025-06-26 11:46:00,1083.75,-1222.5,-138.75
2025-06-26 11:47:00,1031.25,-907.5,123.75
2025-06-26 11:48:00,858.75,-483.75,375.0
2025-06-26 11:49:00,926.25,-570.0,356.25
2025-06-26 11:50:00,930.0,-663.75,266.25
2025-06-26 11:51:00,1020.0,-607.5,412.5
2025-06-26 11:52:00,1095.0,-532.5,562.5
2025-06-26 11:53:00,1083.75,-645.0,438.75
2025-06-26 11:54:00,1061.25,-727.5,333.75
2025-06-26 11:55:00,1065.0,-570.0,495.0
2025-06-26 11:56:00,1065.0,-348.75,716.25
2025-06-26 11:57:00,1132.5,-735.0,397.5
2025-06-26 11:58:00,1080.0,-480.0,600.0
2025-06-26 11:59:00,1098.75,-547.5,551.25
2025-06-26 12:00:00,1140.0,-720.0,420.0
2025-06-26 12:01:00,937.5,-517.5,420.0
2025-06-26 12:02:00,881.25,-783.75,97.5
2025-06-26 12:03:00,907.5,-840.0,67.5
2025-06-26 12:04:00,446.25,-86.25,360.0
2025-06-26 12:05:00,330.0,206.25,536.25
2025-06-26 12:06:00,75.0,307.5,382.5
2025-06-26 12:07:00,288.75,195.0,483.75
2025-06-26 12:08:00,75.0,315.0,390.0
2025-06-26 12:09:00,30.0,341.25,371.25
2025-06-26 12:10:00,532.5,247.5,780.0
2025-06-26 12:11:00,577.5,247.5,825.0
2025-06-26 12:12:00,570.0,221.25,791.25
2025-06-26 12:13:00,270.0,360.0,630.0
2025-06-26 12:14:00,251.25,352.5,603.75
2025-06-26 12:15:00,258.75,435.0,693.75
2025-06-26 12:16:00,262.5,543.75,806.25
2025-06-26 12:17:00,93.75,652.5,746.25
2025-06-26 12:18:00,412.5,772.5,1185.0
2025-06-26 12:19:00,600.0,798.75,1398.75
2025-06-26 12:20:00,611.25,667.5,1278.75
2025-06-26 12:21:00,600.0,682.5,1282.5
2025-06-26 12:22:00,712.5,720.0,1432.5
2025-06-26 12:23:00,540.0,588.75,1128.75
2025-06-26 12:24:00,270.0,577.5,847.5
2025-06-26 12:25:00,247.5,637.5,885.0
2025-06-26 12:26:00,262.5,228.75,491.25
2025-06-26 12:27:00,236.25,408.75,645.0
2025-06-26 12:28:00,67.5,476.25,543.75
2025-06-26 12:29:00,78.75,453.75,532.5
2025-06-26 12:30:00,60.0,468.75,528.75
2025-06-26 12:31:00,-3.75,562.5,558.75
2025-06-26 12:32:00,71.25,783.75,855.0
2025-06-26 12:33:00,228.75,720.0,948.75
2025-06-26 12:34:00,352.5,731.25,1083.75
2025-06-26 12:35:00,401.25,761.25,1162.5
2025-06-26 12:36:00,363.75,678.75,1042.5
2025-06-26 12:37:00,228.75,791.25,1020.0
2025-06-26 12:38:00,330.0,592.5,922.5
2025-06-26 12:39:00,120.0,626.25,746.25
2025-06-26 12:40:00,183.75,555.0,738.75
2025-06-26 12:41:00,435.0,198.75,633.75
2025-06-26 12:42:00,378.75,468.75,847.5
2025-06-26 12:43:00,195.0,521.25,716.25
2025-06-26 12:44:00,281.25,345.0,626.25
2025-06-26 12:45:00,367.5,412.5,780.0
2025-06-26 12:46:00,307.5,450.0,757.5
2025-06-26 12:47:00,371.25,217.5,588.75
2025-06-26 12:48:00,727.5,-146.25,581.25
2025-06-26 12:49:00,780.0,-262.5,517.5
2025-06-26 12:50:00,607.5,-247.5,360.0
2025-06-26 12:51:00,622.5,-273.75,348.75
2025-06-26 12:52:00,457.5,37.5,495.0
2025-06-26 12:53:00,697.5,-573.75,123.75
2025-06-26 12:54:00,761.25,-720.0,41.25
2025-06-26 12:55:00,795.0,-840.0,-45.0
2025-06-26 12:56:00,705.0,-682.5,22.5
2025-06-26 12:57:00,611.25,-517.5,93.75
2025-06-26 12:58:00,502.5,-378.75,123.75
2025-06-26 12:59:00,543.75,-686.25,-142.5
2025-06-26 13:00:00,438.75,-648.75,-210.0
2025-06-26 13:01:00,255.0,-180.0,75.0
2025-06-26 13:02:00,375.0,7.5,382.5
2025-06-26 13:03:00,232.5,-225.0,7.5
2025-06-26 13:04:00,247.5,-258.75,-11.25
2025-06-26 13:05:00,198.75,-48.75,150.0
2025-06-26 13:06:00,337.5,-382.5,-45.0
2025-06-26 13:07:00,270.0,-273.75,-3.75
2025-06-26 13:08:00,288.75,-303.75,-15.0
2025-06-26 13:09:00,255.0,-116.25,138.75
2025-06-26 13:10:00,536.25,-198.75,337.5
2025-06-26 13:11:00,491.25,-127.5,363.75
2025-06-26 13:12:00,588.75,-371.25,217.5
2025-06-26 13:13:00,472.5,11.25,483.75
2025-06-26 13:14:00,427.5,-255.0,172.5
2025-06-26 13:15:00,326.25,-108.75,217.5
2025-06-26 13:16:00,-97.5,266.25,168.75
2025-06-26 13:17:00,-780.0,761.25,-18.75
2025-06-26 13:18:00,-112.5,483.75,371.25
2025-06-26 13:19:00,-93.75,768.75,675.0
2025-06-26 13:20:00,-472.5,1038.75,566.25
2025-06-26 13:21:00,-765.0,1095.0,330.0
2025-06-26 13:22:00,-603.75,918.75,315.0
2025-06-26 13:23:00,-303.75,746.25,442.5
2025-06-26 13:24:00,-30.0,525.0,495.0
2025-06-26 13:25:00,33.75,465.0,498.75
2025-06-26 13:26:00,11.25,416.25,427.5
2025-06-26 13:27:00,408.75,63.75,472.5
2025-06-26 13:28:00,318.75,-11.25,307.5
2025-06-26 13:29:00,86.25,247.5,333.75
2025-06-26 13:30:00,206.25,86.25,292.5
2025-06-26 13:31:00,18.75,135.0,153.75
2025-06-26 13:32:00,33.75,243.75,277.5
2025-06-26 13:33:00,18.75,390.0,408.75
2025-06-26 13:34:00,300.0,213.75,513.75
2025-06-26 13:35:00,123.75,288.75,412.5
2025-06-26 13:36:00,52.5,588.75,641.25
2025-06-26 13:37:00,183.75,491.25,675.0
2025-06-26 13:38:00,-108.75,675.0,566.25
2025-06-26 13:39:00,-513.75,573.75,60.0
2025-06-26 13:40:00,-420.0,510.0,90.0
2025-06-26 13:41:00,-551.25,671.25,120.0
2025-06-26 13:42:00,-798.75,828.75,30.0
2025-06-26 13:43:00,-1053.75,900.0,-153.75
2025-06-26 13:44:00,-465.0,941.25,476.25
2025-06-26 13:45:00,-753.75,1053.75,300.0
2025-06-26 13:46:00,-952.5,1016.25,63.75
2025-06-26 13:47:00,-1462.5,1278.75,-183.75
2025-06-26 13:48:00,-1158.75,1485.0,326.25
2025-06-26 13:49:00,-1188.75,1417.5,228.75
2025-06-26 13:50:00,-847.5,1368.75,521.25
2025-06-26 13:51:00,-1155.0,1443.75,288.75
2025-06-26 13:52:00,-1503.75,1620.0,116.25
2025-06-26 13:53:00,-1308.75,1646.25,337.5
2025-06-26 13:54:00,-1683.75,1695.0,11.25
2025-06-26 13:55:00,-1687.5,1743.75,56.25
2025-06-26 13:56:00,-1350.0,1695.0,345.0
2025-06-26 13:57:00,-978.75,1672.5,693.75
2025-06-26 13:58:00,-1428.75,1725.0,296.25
2025-06-26 13:59:00,-2006.25,1890.0,-116.25
2025-06-26 14:00:00,-2497.5,1875.0,-622.5
2025-06-26 14:01:00,-1882.5,1695.0,-187.5
2025-06-26 14:02:00,-3596.25,2362.5,-1233.75
2025-06-26 14:03:00,-3022.5,2103.75,-918.75
2025-06-26 14:04:00,-3322.5,2212.5,-1110.0
2025-06-26 14:05:00,-2422.5,1702.5,-720.0
2025-06-26 14:06:00,-1593.75,1766.25,172.5
2025-06-26 14:07:00,-918.75,1631.25,712.5
2025-06-26 14:08:00,-1050.0,1717.5,667.5
2025-06-26 14:09:00,-742.5,2043.75,1301.25
2025-06-26 14:10:00,-498.75,2077.5,1578.75
2025-06-26 14:11:00,-367.5,2467.5,2100.0
2025-06-26 14:12:00,7.5,2613.75,2621.25
2025-06-26 14:13:00,-498.75,3157.5,2658.75
2025-06-26 14:14:00,-1567.5,3386.25,1818.75
2025-06-26 14:15:00,-1533.75,3348.75,1815.0
2025-06-26 14:16:00,-1248.75,3378.75,2130.0
2025-06-26 14:17:00,-1608.75,3307.5,1698.75
2025-06-26 14:18:00,-1590.0,3412.5,1822.5
2025-06-26 14:19:00,-1713.75,3577.5,1863.75
2025-06-26 14:20:00,-2077.5,3577.5,1500.0
2025-06-26 14:21:00,-2396.25,3480.0,1083.75
2025-06-26 14:22:00,-1008.75,3543.75,2535.0
2025-06-26 14:23:00,-1095.0,3570.0,2475.0
2025-06-26 14:24:00,-1038.75,3532.5,2493.75
2025-06-26 14:25:00,-1755.0,3592.5,1837.5
2025-06-26 14:26:00,-1316.25,3525.0,2208.75
2025-06-26 14:27:00,-1218.75,3607.5,2388.75
2025-06-26 14:28:00,-836.25,3607.5,2771.25
2025-06-26 14:29:00,-941.25,3697.5,2756.25
2025-06-26 14:30:00,-690.0,3577.5,2887.5
2025-06-26 14:31:00,-682.5,3596.25,2913.75
2025-06-26 14:32:00,-431.25,3806.25,3375.0
2025-06-26 14:33:00,-435.0,3862.5,3427.5
2025-06-26 14:34:00,105.0,3967.5,4072.5
2025-06-26 14:35:00,-30.0,3986.25,3956.25
2025-06-26 14:36:00,108.75,3907.5,4016.25
2025-06-26 14:37:00,-356.25,4091.25,3735.0
2025-06-26 14:38:00,-258.75,4050.0,3791.25
2025-06-26 14:39:00,67.5,4057.5,4125.0
2025-06-26 14:40:00,345.0,4012.5,4357.5
2025-06-26 14:41:00,446.25,3915.0,4361.25
2025-06-26 14:42:00,738.75,3903.75,4642.5
2025-06-26 14:43:00,701.25,3933.75,4635.0
2025-06-26 14:44:00,513.75,3986.25,4500.0
2025-06-26 14:45:00,198.75,4188.75,4387.5
2025-06-26 14:46:00,611.25,4207.5,4818.75
2025-06-26 14:47:00,907.5,4275.0,5182.5
2025-06-26 14:48:00,993.75,4275.0,5268.75
2025-06-26 14:49:00,1110.0,4218.75,5328.75
2025-06-26 14:50:00,1218.75,4218.75,5437.5
2025-06-26 14:51:00,1383.75,4095.0,5478.75
2025-06-26 14:52:00,1383.75,4140.0,5523.75
2025-06-26 14:53:00,1387.5,4185.0,5572.5
2025-06-26 14:54:00,1170.0,4353.75,5523.75
2025-06-26 14:55:00,480.0,4417.5,4897.5
2025-06-26 14:56:00,-1215.0,4380.0,3165.0
2025-06-26 14:57:00,-1470.0,4398.75,2928.75
2025-06-26 14:58:00,-1267.5,4421.25,3153.75
2025-06-26 14:59:00,-1642.5,4440.0,2797.5
2025-06-26 15:00:00,-1627.5,4462.5,2835.0
2025-06-26 15:01:00,-1597.5,4447.5,2850.0
2025-06-26 15:02:00,-2066.25,4466.25,2400.0
2025-06-26 15:03:00,-2047.5,4473.75,2426.25
2025-06-26 15:04:00,-1826.25,4485.0,2658.75
2025-06-26 15:05:00,-2175.0,4530.0,2355.0
2025-06-26 15:06:00,-1946.25,4541.25,2595.0
2025-06-26 15:07:00,-1815.0,4533.75,2718.75
2025-06-26 15:08:00,-1567.5,4548.75,2981.25
2025-06-26 15:09:00,-1680.0,4556.25,2876.25
2025-06-26 15:10:00,-1781.25,4560.0,2778.75
2025-06-26 15:11:00,-1500.0,4548.75,3048.75
2025-06-26 15:12:00,-1473.75,4563.75,3090.0
2025-06-26 15:13:00,-1563.75,4586.25,3022.5
2025-06-26 15:14:00,-1545.0,4597.5,3052.5
2025-06-26 15:15:00,-1522.5,4597.5,3075.0
2025-06-26 15:16:00,-1541.25,4608.75,3067.5
2025-06-26 15:17:00,-1785.0,4601.25,2816.25
2025-06-26 15:18:00,-1593.75,4608.75,3015.0
2025-06-26 15:19:00,-1462.5,4608.75,3146.25
2025-06-26 15:20:00,-1488.75,4605.0,3116.25
2025-06-26 15:21:00,-1488.75,4605.0,3116.25
2025-06-26 15:22:00,-1488.75,4605.0,3116.25
2025-06-26 15:23:00,-1488.75,4605.0,3116.25
2025-06-26 15:24:00,-1488.75,4605.0,3116.25
2025-06-26 15:25:00,-1488.75,4605.0,3116.25
2025-06-26 15:26:00,-1488.75,4605.0,3116.25
2025-06-26 15:27:00,-1488.75,4605.0,3116.25
2025-06-26 15:28:00,-1488.75,4605.0,3116.25
2025-06-26 15:29:00,-1488.75,4605.0,3116.25
2025-06-26 15:30:00,-1488.75,4605.0,3116.25
2025-07-03 10:15:00,0.0,0.0,0.0
2025-07-03 10:16:00,0.0,172.5,172.5
2025-07-03 10:17:00,131.25,48.75,180.0
2025-07-03 10:18:00,-138.75,300.0,161.25
2025-07-03 10:19:00,-157.5,303.75,146.25
2025-07-03 10:20:00,60.0,131.25,191.25
2025-07-03 10:21:00,67.5,270.0,337.5
2025-07-03 10:22:00,105.0,75.0,180.0
2025-07-03 10:23:00,75.0,277.5,352.5
2025-07-03 10:24:00,37.5,393.75,431.25
2025-07-03 10:25:00,-356.25,618.75,262.5
2025-07-03 10:26:00,-525.0,708.75,183.75
2025-07-03 10:27:00,-450.0,633.75,183.75
2025-07-03 10:28:00,-225.0,611.25,386.25
2025-07-03 10:29:00,-165.0,615.0,450.0
2025-07-03 10:30:00,-127.5,528.75,401.25
2025-07-03 10:31:00,-221.25,570.0,348.75
2025-07-03 10:32:00,-202.5,645.0,442.5
2025-07-03 10:33:00,-596.25,858.75,262.5
2025-07-03 10:34:00,-165.0,630.0,465.0
2025-07-03 10:35:00,-303.75,637.5,333.75
2025-07-03 10:36:00,-303.75,705.0,401.25
2025-07-03 10:37:00,-371.25,753.75,382.5
2025-07-03 10:38:00,-146.25,641.25,495.0
2025-07-03 10:39:00,-262.5,731.25,468.75
2025-07-03 10:40:00,-210.0,660.0,450.0
2025-07-03 10:41:00,-217.5,731.25,513.75
2025-07-03 10:42:00,-56.25,592.5,536.25
2025-07-03 10:43:00,90.0,547.5,637.5
2025-07-03 10:44:00,-18.75,630.0,611.25
2025-07-03 10:45:00,33.75,450.0,483.75
2025-07-03 10:46:00,120.0,517.5,637.5
2025-07-03 10:47:00,225.0,446.25,671.25
2025-07-03 10:48:00,270.0,363.75,633.75
2025-07-03 10:49:00,348.75,510.0,858.75
2025-07-03 10:50:00,270.0,457.5,727.5
2025-07-03 10:51:00,438.75,318.75,757.5
2025-07-03 10:52:00,626.25,191.25,817.5
2025-07-03 10:53:00,663.75,243.75,907.5
2025-07-03 10:54:00,667.5,341.25,1008.75
2025-07-03 10:55:00,682.5,615.0,1297.5
2025-07-03 10:56:00,667.5,506.25,1173.75
2025-07-03 10:57:00,753.75,435.0,1188.75
2025-07-03 10:58:00,843.75,476.25,1320.0
2025-07-03 10:59:00,802.5,483.75,1286.25
2025-07-03 11:00:00,772.5,596.25,1368.75
2025-07-03 11:01:00,618.75,858.75,1477.5
2025-07-03 11:02:00,502.5,1012.5,1515.0
2025-07-03 11:03:00,596.25,941.25,1537.5
2025-07-03 11:04:00,626.25,967.5,1593.75
2025-07-03 11:05:00,622.5,967.5,1590.0
2025-07-03 11:06:00,607.5,971.25,1578.75
2025-07-03 11:07:00,592.5,1042.5,1635.0
2025-07-03 11:08:00,528.75,1102.5,1631.25
2025-07-03 11:09:00,-195.0,1248.75,1053.75
2025-07-03 11:10:00,-150.0,1222.5,1072.5
2025-07-03 11:11:00,-33.75,1177.5,1143.75
2025-07-03 11:12:00,-71.25,1196.25,1125.0
2025-07-03 11:13:00,360.0,1110.0,1470.0
2025-07-03 11:14:00,431.25,1132.5,1563.75
2025-07-03 11:15:00,431.25,1125.0,1556.25
2025-07-03 11:16:00,423.75,1091.25,1515.0
2025-07-03 11:17:00,397.5,1140.0,1537.5
2025-07-03 11:18:00,296.25,1226.25,1522.5
2025-07-03 11:19:00,333.75,1248.75,1582.5
2025-07-03 11:20:00,446.25,1305.0,1751.25
2025-07-03 11:21:00,423.75,1320.0,1743.75
2025-07-03 11:22:00,457.5,1286.25,1743.75
2025-07-03 11:23:00,243.75,1260.0,1503.75
2025-07-03 11:24:00,-82.5,1256.25,1173.75
2025-07-03 11:25:00,-75.0,1207.5,1132.5
2025-07-03 11:26:00,-277.5,1260.0,982.5
2025-07-03 11:27:00,-221.25,1203.75,982.5
2025-07-03 11:28:00,-52.5,1147.5,1095.0
2025-07-03 11:29:00,168.75,1057.5,1226.25
2025-07-03 11:30:00,491.25,641.25,1132.5
2025-07-03 11:31:00,442.5,727.5,1170.0
2025-07-03 11:32:00,453.75,510.0,963.75
2025-07-03 11:33:00,401.25,690.0,1091.25
2025-07-03 11:34:00,150.0,577.5,727.5
2025-07-03 11:35:00,195.0,555.0,750.0
2025-07-03 11:36:00,127.5,555.0,682.5
2025-07-03 11:37:00,52.5,491.25,543.75
2025-07-03 11:38:00,138.75,461.25,600.0
2025-07-03 11:39:00,176.25,450.0,626.25
2025-07-03 11:40:00,116.25,472.5,588.75
2025-07-03 11:41:00,101.25,371.25,472.5
2025-07-03 11:42:00,67.5,296.25,363.75
2025-07-03 11:43:00,543.75,-918.75,-375.0
2025-07-03 11:44:00,495.0,-926.25,-431.25
2025-07-03 11:45:00,577.5,-776.25,-198.75
2025-07-03 11:46:00,611.25,-967.5,-356.25
2025-07-03 11:47:00,630.0,-1023.75,-393.75
2025-07-03 11:48:00,806.25,-1788.75,-982.5
2025-07-03 11:49:00,802.5,-1293.75,-491.25
2025-07-03 11:50:00,735.0,-922.5,-187.5
2025-07-03 11:51:00,750.0,-1170.0,-420.0
2025-07-03 11:52:00,693.75,-258.75,435.0
2025-07-03 11:53:00,746.25,-172.5,573.75
2025-07-03 11:54:00,795.0,-318.75,476.25
2025-07-03 11:55:00,750.0,-521.25,228.75
2025-07-03 11:56:00,693.75,-453.75,240.0
2025-07-03 11:57:00,630.0,-626.25,3.75
2025-07-03 11:58:00,660.0,-161.25,498.75
2025-07-03 11:59:00,783.75,-457.5,326.25
2025-07-03 12:00:00,810.0,-326.25,483.75
2025-07-03 12:01:00,930.0,-300.0,630.0
2025-07-03 12:02:00,1016.25,-135.0,881.25
2025-07-03 12:03:00,1102.5,-337.5,765.0
2025-07-03 12:04:00,1113.75,-401.25,712.5
2025-07-03 12:05:00,1083.75,97.5,1181.25
2025-07-03 12:06:00,1087.5,-41.25,1046.25
2025-07-03 12:07:00,1151.25,-150.0,1001.25
2025-07-03 12:08:00,1185.0,-30.0,1155.0
2025-07-03 12:09:00,1173.75,206.25,1380.0
2025-07-03 12:10:00,1117.5,153.75,1271.25
2025-07-03 12:11:00,1136.25,22.5,1158.75
2025-07-03 12:12:00,1162.5,0.0,1162.5
2025-07-03 12:13:00,1128.75,131.25,1260.0
2025-07-03 12:14:00,1080.0,-161.25,918.75
2025-07-03 12:15:00,1106.25,-86.25,1020.0
2025-07-03 12:16:00,1132.5,-52.5,1080.0
2025-07-03 12:17:00,1106.25,-311.25,795.0
2025-07-03 12:18:00,1125.0,-153.75,971.25
2025-07-03 12:19:00,1143.75,-277.5,866.25
2025-07-03 12:20:00,1173.75,-978.75,195.0
2025-07-03 12:21:00,1061.25,-228.75,832.5
2025-07-03 12:22:00,1173.75,-701.25,472.5
2025-07-03 12:23:00,982.5,-525.0,457.5
2025-07-03 12:24:00,937.5,-487.5,450.0
2025-07-03 12:25:00,956.25,-390.0,566.25
2025-07-03 12:26:00,1020.0,-337.5,682.5
2025-07-03 12:27:00,761.25,-225.0,536.25
2025-07-03 12:28:00,641.25,60.0,701.25
2025-07-03 12:29:00,345.0,165.0,510.0
2025-07-03 12:30:00,-97.5,348.75,251.25
2025-07-03 12:31:00,288.75,195.0,483.75
2025-07-03 12:32:00,401.25,48.75,450.0
2025-07-03 12:33:00,618.75,-45.0,573.75
2025-07-03 12:34:00,26.25,90.0,116.25
2025-07-03 12:35:00,180.0,-93.75,86.25
2025-07-03 12:36:00,251.25,180.0,431.25
2025-07-03 12:37:00,337.5,116.25,453.75
2025-07-03 12:38:00,-135.0,165.0,30.0
2025-07-03 12:39:00,165.0,-60.0,105.0
2025-07-03 12:40:00,-30.0,-135.0,-165.0
2025-07-03 12:41:00,-727.5,-7.5,-735.0
2025-07-03 12:42:00,-708.75,371.25,-337.5
2025-07-03 12:43:00,-240.0,262.5,22.5
2025-07-03 12:44:00,-127.5,15.0,-112.5
2025-07-03 12:45:00,-506.25,-63.75,-570.0
2025-07-03 12:46:00,-468.75,-183.75,-652.5
2025-07-03 12:47:00,-581.25,-247.5,-828.75
2025-07-03 12:48:00,-1091.25,-101.25,-1192.5
2025-07-03 12:49:00,-1327.5,22.5,-1305.0
2025-07-03 12:50:00,-885.0,-202.5,-1087.5
2025-07-03 12:51:00,-750.0,-176.25,-926.25
2025-07-03 12:52:00,-1196.25,-157.5,-1353.75
2025-07-03 12:53:00,-776.25,-270.0,-1046.25
2025-07-03 12:54:00,-873.75,-202.5,-1076.25
2025-07-03 12:55:00,-1173.75,-356.25,-1530.0
2025-07-03 12:56:00,-465.0,-101.25,-566.25
2025-07-03 12:57:00,-671.25,-277.5,-948.75
2025-07-03 12:58:00,-112.5,-217.5,-330.0
2025-07-03 12:59:00,-30.0,-112.5,-142.5
2025-07-03 13:00:00,0.0,-202.5,-202.5
2025-07-03 13:01:00,401.25,-427.5,-26.25
2025-07-03 13:02:00,637.5,-562.5,75.0
2025-07-03 13:03:00,798.75,-367.5,431.25
2025-07-03 13:04:00,802.5,-333.75,468.75
2025-07-03 13:05:00,517.5,-213.75,303.75
2025-07-03 13:06:00,502.5,-585.0,-82.5
2025-07-03 13:07:00,397.5,-307.5,90.0
2025-07-03 13:08:00,116.25,-468.75,-352.5
2025-07-03 13:09:00,-153.75,-300.0,-453.75
2025-07-03 13:10:00,-142.5,-412.5,-555.0
2025-07-03 13:11:00,7.5,-682.5,-675.0
2025-07-03 13:12:00,-191.25,-562.5,-753.75
2025-07-03 13:13:00,56.25,-588.75,-532.5
2025-07-03 13:14:00,-311.25,-427.5,-738.75
2025-07-03 13:15:00,-330.0,-630.0,-960.0
2025-07-03 13:16:00,-318.75,-656.25,-975.0
2025-07-03 13:17:00,701.25,-1878.75,-1177.5
2025-07-03 13:18:00,828.75,-1721.25,-892.5
2025-07-03 13:19:00,-326.25,-558.75,-885.0
2025-07-03 13:20:00,-180.0,-1023.75,-1203.75
2025-07-03 13:21:00,-217.5,-1237.5,-1455.0
2025-07-03 13:22:00,-975.0,-922.5,-1897.5
2025-07-03 13:23:00,-896.25,-948.75,-1845.0
2025-07-03 13:24:00,26.25,-656.25,-630.0
2025-07-03 13:25:00,348.75,-356.25,-7.5
2025-07-03 13:26:00,-131.25,-697.5,-828.75
2025-07-03 13:27:00,-176.25,-1027.5,-1203.75
2025-07-03 13:28:00,-393.75,-900.0,-1293.75
2025-07-03 13:29:00,-405.0,-1008.75,-1413.75
2025-07-03 13:30:00,-566.25,-907.5,-1473.75
2025-07-03 13:31:00,-465.0,-1080.0,-1545.0
2025-07-03 13:32:00,-461.25,-1117.5,-1578.75
2025-07-03 13:33:00,-783.75,-956.25,-1740.0
2025-07-03 13:34:00,-825.0,-1027.5,-1852.5
2025-07-03 13:35:00,-1736.25,-405.0,-2141.25
2025-07-03 13:36:00,-4143.75,11.25,-4132.5
2025-07-03 13:37:00,-4541.25,236.25,-4305.0
2025-07-03 13:38:00,-6157.5,667.5,-5490.0
2025-07-03 13:39:00,-6206.25,776.25,-5430.0
2025-07-03 13:40:00,-6513.75,892.5,-5621.25
2025-07-03 13:41:00,-7196.25,1143.75,-6052.5
2025-07-03 13:42:00,-6768.75,1012.5,-5756.25
2025-07-03 13:43:00,-6461.25,1140.0,-5321.25
2025-07-03 13:44:00,-6225.0,956.25,-5268.75
2025-07-03 13:45:00,-6626.25,1173.75,-5452.5
2025-07-03 13:46:00,-6187.5,843.75,-5343.75
2025-07-03 13:47:00,-5276.25,431.25,-4845.0
2025-07-03 13:48:00,-4845.0,442.5,-4402.5
2025-07-03 13:49:00,-4691.25,697.5,-3993.75
2025-07-03 13:50:00,-4507.5,-345.0,-4852.5
2025-07-03 13:51:00,-4503.75,-322.5,-4826.25
2025-07-03 13:52:00,-4578.75,-813.75,-5392.5
2025-07-03 13:53:00,-4556.25,-1053.75,-5610.0
2025-07-03 13:54:00,-4691.25,-971.25,-5662.5
2025-07-03 13:55:00,-4680.0,-881.25,-5561.25
2025-07-03 13:56:00,-4687.5,-622.5,-5310.0
2025-07-03 13:57:00,-4533.75,-1901.25,-6435.0
2025-07-03 13:58:00,-4552.5,-1267.5,-5820.0
2025-07-03 13:59:00,-4537.5,-2137.5,-6675.0
2025-07-03 14:00:00,-4578.75,-1901.25,-6480.0
2025-07-03 14:01:00,-4586.25,-2025.0,-6611.25
2025-07-03 14:02:00,-4695.0,-2328.75,-7023.75
2025-07-03 14:03:00,-4773.75,-1642.5,-6416.25
2025-07-03 14:04:00,-4706.25,-1192.5,-5898.75
2025-07-03 14:05:00,-4762.5,-971.25,-5733.75
2025-07-03 14:06:00,-4642.5,-1481.25,-6123.75
2025-07-03 14:07:00,-4556.25,-2100.0,-6656.25
2025-07-03 14:08:00,-4635.0,-1556.25,-6191.25
2025-07-03 14:09:00,-4661.25,-1181.25,-5842.5
2025-07-03 14:10:00,-4777.5,-1365.0,-6142.5
2025-07-03 14:11:00,-4725.0,-1462.5,-6187.5
2025-07-03 14:12:00,-4650.0,-1466.25,-6116.25
2025-07-03 14:13:00,-4503.75,-1263.75,-5767.5
2025-07-03 14:14:00,-4248.75,-1170.0,-5418.75
2025-07-03 14:15:00,-4346.25,-1440.0,-5786.25
2025-07-03 14:16:00,-4263.75,-1128.75,-5392.5
2025-07-03 14:17:00,-4110.0,-825.0,-4935.0
2025-07-03 14:18:00,-4080.0,-922.5,-5002.5
2025-07-03 14:19:00,-4117.5,-195.0,-4312.5
2025-07-03 14:20:00,-4046.25,-761.25,-4807.5
2025-07-03 14:21:00,-4012.5,-577.5,-4590.0
2025-07-03 14:22:00,-3982.5,-1691.25,-5673.75
2025-07-03 14:23:00,-3978.75,-2246.25,-6225.0
2025-07-03 14:24:00,-4020.0,-1436.25,-5456.25
2025-07-03 14:25:00,-4016.25,-1042.5,-5058.75
2025-07-03 14:26:00,-3990.0,-2396.25,-6386.25
2025-07-03 14:27:00,-3948.75,-2437.5,-6386.25
2025-07-03 14:28:00,-3978.75,-1980.0,-5958.75
2025-07-03 14:29:00,-3993.75,-2400.0,-6393.75
2025-07-03 14:30:00,-3975.0,-4586.25,-8561.25
2025-07-03 14:31:00,-3498.75,-6225.0,-9723.75
2025-07-03 14:32:00,-3330.0,-6701.25,-10031.25
2025-07-03 14:33:00,-3311.25,-7016.25,-10327.5
2025-07-03 14:34:00,-3300.0,-6675.0,-9975.0
2025-07-03 14:35:00,-3390.0,-5970.0,-9360.0
2025-07-03 14:36:00,-3191.25,-6165.0,-9356.25
2025-07-03 14:37:00,-3060.0,-6487.5,-9547.5
2025-07-03 14:38:00,-2711.25,-7931.25,-10642.5
2025-07-03 14:39:00,-2718.75,-8013.75,-10732.5
2025-07-03 14:40:00,-2820.0,-6765.0,-9585.0
2025-07-03 14:41:00,-2805.0,-6727.5,-9532.5
2025-07-03 14:42:00,-2767.5,-6540.0,-9307.5
2025-07-03 14:43:00,-2475.0,-6626.25,-9101.25
2025-07-03 14:44:00,-2512.5,-6457.5,-8970.0
2025-07-03 14:45:00,-2625.0,-6386.25,-9011.25
2025-07-03 14:46:00,-2846.25,-6315.0,-9161.25
2025-07-03 14:47:00,-3000.0,-6228.75,-9228.75
2025-07-03 14:48:00,-2460.0,-6270.0,-8730.0
2025-07-03 14:49:00,-2291.25,-6476.25,-8767.5
2025-07-03 14:50:00,-2295.0,-6461.25,-8756.25
2025-07-03 14:51:00,-2238.75,-6382.5,-8621.25
2025-07-03 14:52:00,-2235.0,-6371.25,-8606.25
2025-07-03 14:53:00,-2216.25,-6405.0,-8621.25
2025-07-03 14:54:00,-2343.75,-6258.75,-8602.5
2025-07-03 14:55:00,-2238.75,-6232.5,-8471.25
2025-07-03 14:56:00,-2287.5,-6243.75,-8531.25
2025-07-03 14:57:00,-2298.75,-6266.25,-8565.0
2025-07-03 14:58:00,-2223.75,-6243.75,-8467.5
2025-07-03 14:59:00,-2268.75,-6225.0,-8493.75
2025-07-03 15:00:00,-2133.75,-6195.0,-8328.75
2025-07-03 15:01:00,-2088.75,-6168.75,-8257.5
2025-07-03 15:02:00,-2096.25,-6172.5,-8268.75
2025-07-03 15:03:00,-2092.5,-6176.25,-8268.75
2025-07-03 15:04:00,-2036.25,-6161.25,-8197.5
2025-07-03 15:05:00,-2010.0,-6157.5,-8167.5
2025-07-03 15:06:00,-2010.0,-6150.0,-8160.0
2025-07-03 15:07:00,-1991.25,-6146.25,-8137.5
2025-07-03 15:08:00,-1980.0,-6150.0,-8130.0
2025-07-03 15:09:00,-1987.5,-6146.25,-8133.75
2025-07-03 15:10:00,-1983.75,-6142.5,-8126.25
2025-07-03 15:11:00,-1987.5,-6142.5,-8130.0
2025-07-03 15:12:00,-1987.5,-6138.75,-8126.25
2025-07-03 15:13:00,-1976.25,-6138.75,-8115.0
2025-07-03 15:14:00,-1968.75,-6142.5,-8111.25
2025-07-03 15:15:00,-1976.25,-6135.0,-8111.25
2025-07-03 15:16:00,-1968.75,-6138.75,-8107.5
2025-07-03 15:17:00,-1968.75,-6138.75,-8107.5
2025-07-03 15:18:00,-1965.0,-6135.0,-8100.0
2025-07-03 15:19:00,-1968.75,-6138.75,-8107.5
2025-07-03 15:20:00,-1961.25,-6135.0,-8096.25
2025-07-03 15:21:00,-1961.25,-6135.0,-8096.25
2025-07-03 15:22:00,-1961.25,-6135.0,-8096.25
2025-07-03 15:23:00,-1961.25,-6135.0,-8096.25
2025-07-03 15:24:00,-1961.25,-6135.0,-8096.25
2025-07-03 15:25:00,-1961.25,-6135.0,-8096.25
2025-07-03 15:26:00,-1961.25,-6135.0,-8096.25
2025-07-03 15:27:00,-1961.25,-6135.0,-8096.25
2025-07-03 15:28:00,-1961.25,-6135.0,-8096.25
2025-07-03 15:29:00,-1961.25,-6135.0,-8096.25
2025-07-03 15:30:00,-1961.25,-6135.0,-8096.25
2025-07-10 10:15:00,0.0,0.0,0.0
2025-07-10 10:16:00,-33.75,-18.75,-52.5
2025-07-10 10:17:00,-135.0,318.75,183.75
2025-07-10 10:18:00,-101.25,213.75,112.5
2025-07-10 10:19:00,-180.0,195.0,15.0
2025-07-10 10:20:00,-123.75,390.0,266.25
2025-07-10 10:21:00,-138.75,255.0,116.25
2025-07-10 10:22:00,-120.0,135.0,15.0
2025-07-10 10:23:00,-187.5,258.75,71.25
2025-07-10 10:24:00,-146.25,191.25,45.0
2025-07-10 10:25:00,-307.5,371.25,63.75
2025-07-10 10:26:00,-176.25,352.5,176.25
2025-07-10 10:27:00,-243.75,345.0,101.25
2025-07-10 10:28:00,-251.25,345.0,93.75
2025-07-10 10:29:00,-225.0,326.25,101.25
2025-07-10 10:30:00,-243.75,427.5,183.75
2025-07-10 10:31:00,-228.75,472.5,243.75
2025-07-10 10:32:00,-266.25,555.0,288.75
2025-07-10 10:33:00,-210.0,540.0,330.0
2025-07-10 10:34:00,-157.5,465.0,307.5
2025-07-10 10:35:00,-75.0,435.0,360.0
2025-07-10 10:36:00,-93.75,438.75,345.0
2025-07-10 10:37:00,-101.25,517.5,416.25
2025-07-10 10:38:00,0.0,382.5,382.5
2025-07-10 10:39:00,-33.75,300.0,266.25
2025-07-10 10:40:00,-82.5,476.25,393.75
2025-07-10 10:41:00,-105.0,502.5,397.5
2025-07-10 10:42:00,-26.25,401.25,375.0
2025-07-10 10:43:00,37.5,356.25,393.75
2025-07-10 10:44:00,71.25,345.0,416.25
2025-07-10 10:45:00,48.75,285.0,333.75
2025-07-10 10:46:00,-37.5,510.0,472.5
2025-07-10 10:47:00,33.75,453.75,487.5
2025-07-10 10:48:00,82.5,393.75,476.25
2025-07-10 10:49:00,101.25,221.25,322.5
2025-07-10 10:50:00,120.0,86.25,206.25
2025-07-10 10:51:00,270.0,-105.0,165.0
2025-07-10 10:52:00,356.25,37.5,393.75
2025-07-10 10:53:00,420.0,-468.75,-48.75
2025-07-10 10:54:00,431.25,-300.0,131.25
2025-07-10 10:55:00,401.25,-165.0,236.25
2025-07-10 10:56:00,427.5,-213.75,213.75
2025-07-10 10:57:00,416.25,-371.25,45.0
2025-07-10 10:58:00,378.75,-82.5,296.25
2025-07-10 10:59:00,375.0,-112.5,262.5
2025-07-10 11:00:00,337.5,-105.0,232.5
2025-07-10 11:01:00,337.5,-206.25,131.25
2025-07-10 11:02:00,356.25,-247.5,108.75
2025-07-10 11:03:00,408.75,-255.0,153.75
2025-07-10 11:04:00,416.25,-247.5,168.75
2025-07-10 11:05:00,435.0,-397.5,37.5
2025-07-10 11:06:00,416.25,-240.0,176.25
2025-07-10 11:07:00,408.75,-258.75,150.0
2025-07-10 11:08:00,397.5,-375.0,22.5
2025-07-10 11:09:00,420.0,-457.5,-37.5
2025-07-10 11:10:00,427.5,-427.5,0.0
2025-07-10 11:11:00,367.5,-198.75,168.75
2025-07-10 11:12:00,382.5,-210.0,172.5
2025-07-10 11:13:00,382.5,-56.25,326.25
2025-07-10 11:14:00,371.25,15.0,386.25
2025-07-10 11:15:00,333.75,176.25,510.0
2025-07-10 11:16:00,386.25,101.25,487.5
2025-07-10 11:17:00,360.0,90.0,450.0
2025-07-10 11:18:00,390.0,0.0,390.0
2025-07-10 11:19:00,453.75,-3.75,450.0
2025-07-10 11:20:00,513.75,-22.5,491.25
2025-07-10 11:21:00,517.5,0.0,517.5
2025-07-10 11:22:00,566.25,-41.25,525.0
2025-07-10 11:23:00,637.5,-131.25,506.25
2025-07-10 11:24:00,776.25,-555.0,221.25
2025-07-10 11:25:00,750.0,-510.0,240.0
2025-07-10 11:26:00,731.25,-326.25,405.0
2025-07-10 11:27:00,746.25,-123.75,622.5
2025-07-10 11:28:00,765.0,22.5,787.5
2025-07-10 11:29:00,742.5,-30.0,712.5
2025-07-10 11:30:00,727.5,-45.0,682.5
2025-07-10 11:31:00,660.0,78.75,738.75
2025-07-10 11:32:00,697.5,-33.75,663.75
2025-07-10 11:33:00,750.0,-195.0,555.0
2025-07-10 11:34:00,701.25,-63.75,637.5
2025-07-10 11:35:00,727.5,-63.75,663.75
2025-07-10 11:36:00,723.75,-131.25,592.5
2025-07-10 11:37:00,712.5,-198.75,513.75
2025-07-10 11:38:00,727.5,-78.75,648.75
2025-07-10 11:39:00,701.25,-7.5,693.75
2025-07-10 11:40:00,720.0,-60.0,660.0
2025-07-10 11:41:00,701.25,-30.0,671.25
2025-07-10 11:42:00,641.25,-48.75,592.5
2025-07-10 11:43:00,682.5,-138.75,543.75
2025-07-10 11:44:00,742.5,-161.25,581.25
2025-07-10 11:45:00,738.75,-195.0,543.75
2025-07-10 11:46:00,708.75,-97.5,611.25
2025-07-10 11:47:00,630.0,150.0,780.0
2025-07-10 11:48:00,633.75,138.75,772.5
2025-07-10 11:49:00,678.75,101.25,780.0
2025-07-10 11:50:00,720.0,15.0,735.0
2025-07-10 11:51:00,701.25,90.0,791.25
2025-07-10 11:52:00,757.5,-48.75,708.75
2025-07-10 11:53:00,690.0,146.25,836.25
2025-07-10 11:54:00,708.75,127.5,836.25
2025-07-10 11:55:00,682.5,330.0,1012.5
2025-07-10 11:56:00,731.25,236.25,967.5
2025-07-10 11:57:00,765.0,228.75,993.75
2025-07-10 11:58:00,776.25,202.5,978.75
2025-07-10 11:59:00,840.0,90.0,930.0
2025-07-10 12:00:00,877.5,7.5,885.0
2025-07-10 12:01:00,873.75,45.0,918.75
2025-07-10 12:02:00,907.5,-157.5,750.0
2025-07-10 12:03:00,888.75,-45.0,843.75
2025-07-10 12:04:00,915.0,-90.0,825.0
2025-07-10 12:05:00,896.25,-93.75,802.5
2025-07-10 12:06:00,903.75,-176.25,727.5
2025-07-10 12:07:00,948.75,-168.75,780.0
2025-07-10 12:08:00,1020.0,-281.25,738.75
2025-07-10 12:09:00,941.25,-97.5,843.75
2025-07-10 12:10:00,978.75,78.75,1057.5
2025-07-10 12:11:00,971.25,-168.75,802.5
2025-07-10 12:12:00,986.25,-168.75,817.5
2025-07-10 12:13:00,978.75,-142.5,836.25
2025-07-10 12:14:00,937.5,82.5,1020.0
2025-07-10 12:15:00,941.25,165.0,1106.25
2025-07-10 12:16:00,948.75,135.0,1083.75
2025-07-10 12:17:00,967.5,75.0,1042.5
2025-07-10 12:18:00,967.5,108.75,1076.25
2025-07-10 12:19:00,956.25,180.0,1136.25
2025-07-10 12:20:00,888.75,405.0,1293.75
2025-07-10 12:21:00,866.25,363.75,1230.0
2025-07-10 12:22:00,866.25,476.25,1342.5
2025-07-10 12:23:00,828.75,525.0,1353.75
2025-07-10 12:24:00,645.0,768.75,1413.75
2025-07-10 12:25:00,690.0,787.5,1477.5
2025-07-10 12:26:00,813.75,656.25,1470.0
2025-07-10 12:27:00,776.25,648.75,1425.0
2025-07-10 12:28:00,787.5,652.5,1440.0
2025-07-10 12:29:00,761.25,652.5,1413.75
2025-07-10 12:30:00,532.5,956.25,1488.75
2025-07-10 12:31:00,652.5,870.0,1522.5
2025-07-10 12:32:00,607.5,806.25,1413.75
2025-07-10 12:33:00,566.25,828.75,1395.0
2025-07-10 12:34:00,723.75,716.25,1440.0
2025-07-10 12:35:00,648.75,776.25,1425.0
2025-07-10 12:36:00,521.25,847.5,1368.75
2025-07-10 12:37:00,611.25,847.5,1458.75
2025-07-10 12:38:00,562.5,862.5,1425.0
2025-07-10 12:39:00,510.0,926.25,1436.25
2025-07-10 12:40:00,480.0,840.0,1320.0
2025-07-10 12:41:00,558.75,840.0,1398.75
2025-07-10 12:42:00,656.25,840.0,1496.25
2025-07-10 12:43:00,783.75,870.0,1653.75
2025-07-10 12:44:00,941.25,765.0,1706.25
2025-07-10 12:45:00,945.0,682.5,1627.5
2025-07-10 12:46:00,982.5,671.25,1653.75
2025-07-10 12:47:00,945.0,720.0,1665.0
2025-07-10 12:48:00,922.5,798.75,1721.25
2025-07-10 12:49:00,982.5,802.5,1785.0
2025-07-10 12:50:00,926.25,903.75,1830.0
2025-07-10 12:51:00,930.0,926.25,1856.25
2025-07-10 12:52:00,971.25,1076.25,2047.5
2025-07-10 12:53:00,862.5,1177.5,2040.0
2025-07-10 12:54:00,862.5,1147.5,2010.0
2025-07-10 12:55:00,960.0,1083.75,2043.75
2025-07-10 12:56:00,945.0,1106.25,2051.25
2025-07-10 12:57:00,990.0,1140.0,2130.0
2025-07-10 12:58:00,986.25,1095.0,2081.25
2025-07-10 12:59:00,952.5,1121.25,2073.75
2025-07-10 13:00:00,986.25,1132.5,2118.75
2025-07-10 13:01:00,1087.5,1095.0,2182.5
2025-07-10 13:02:00,1076.25,1053.75,2130.0
2025-07-10 13:03:00,1057.5,1102.5,2160.0
2025-07-10 13:04:00,1102.5,1106.25,2208.75
2025-07-10 13:05:00,1151.25,1035.0,2186.25
2025-07-10 13:06:00,1177.5,993.75,2171.25
2025-07-10 13:07:00,1200.0,911.25,2111.25
2025-07-10 13:08:00,1166.25,967.5,2133.75
2025-07-10 13:09:00,1173.75,907.5,2081.25
2025-07-10 13:10:00,1177.5,903.75,2081.25
2025-07-10 13:11:00,1166.25,993.75,2160.0
2025-07-10 13:12:00,1188.75,975.0,2163.75
2025-07-10 13:13:00,1196.25,1005.0,2201.25
2025-07-10 13:14:00,1196.25,933.75,2130.0
2025-07-10 13:15:00,1203.75,978.75,2182.5
2025-07-10 13:16:00,1233.75,986.25,2220.0
2025-07-10 13:17:00,1188.75,1050.0,2238.75
2025-07-10 13:18:00,1170.0,1053.75,2223.75
2025-07-10 13:19:00,1151.25,1203.75,2355.0
2025-07-10 13:20:00,1065.0,1271.25,2336.25
2025-07-10 13:21:00,1027.5,1252.5,2280.0
2025-07-10 13:22:00,990.0,1263.75,2253.75
2025-07-10 13:23:00,1110.0,1192.5,2302.5
2025-07-10 13:24:00,1151.25,1200.0,2351.25
2025-07-10 13:25:00,1162.5,1211.25,2373.75
2025-07-10 13:26:00,1203.75,1181.25,2385.0
2025-07-10 13:27:00,1173.75,1143.75,2317.5
2025-07-10 13:28:00,1143.75,1211.25,2355.0
2025-07-10 13:29:00,1158.75,1226.25,2385.0
2025-07-10 13:30:00,1128.75,1275.0,2403.75
2025-07-10 13:31:00,1106.25,1290.0,2396.25
2025-07-10 13:32:00,1147.5,1301.25,2448.75
2025-07-10 13:33:00,1185.0,1233.75,2418.75
2025-07-10 13:34:00,1125.0,1327.5,2452.5
2025-07-10 13:35:00,1166.25,1271.25,2437.5
2025-07-10 13:36:00,1151.25,1286.25,2437.5
2025-07-10 13:37:00,1173.75,1278.75,2452.5
2025-07-10 13:38:00,1173.75,1293.75,2467.5
2025-07-10 13:39:00,1158.75,1222.5,2381.25
2025-07-10 13:40:00,1166.25,1106.25,2272.5
2025-07-10 13:41:00,1200.0,1155.0,2355.0
2025-07-10 13:42:00,1218.75,1098.75,2317.5
2025-07-10 13:43:00,1222.5,1147.5,2370.0
2025-07-10 13:44:00,1215.0,933.75,2148.75
2025-07-10 13:45:00,1230.0,108.75,1338.75
2025-07-10 13:46:00,1245.0,502.5,1747.5
2025-07-10 13:47:00,1252.5,408.75,1661.25
2025-07-10 13:48:00,1245.0,660.0,1905.0
2025-07-10 13:49:00,1230.0,727.5,1957.5
2025-07-10 13:50:00,1188.75,1038.75,2227.5
2025-07-10 13:51:00,1177.5,1140.0,2317.5
2025-07-10 13:52:00,1207.5,1050.0,2257.5
2025-07-10 13:53:00,1181.25,930.0,2111.25
2025-07-10 13:54:00,1207.5,1023.75,2231.25
2025-07-10 13:55:00,1188.75,960.0,2148.75
2025-07-10 13:56:00,1196.25,997.5,2193.75
2025-07-10 13:57:00,1226.25,993.75,2220.0
2025-07-10 13:58:00,1237.5,795.0,2032.5
2025-07-10 13:59:00,1245.0,476.25,1721.25
2025-07-10 14:00:00,1233.75,828.75,2062.5
2025-07-10 14:01:00,1233.75,993.75,2227.5
2025-07-10 14:02:00,1218.75,990.0,2208.75
2025-07-10 14:03:00,1192.5,1095.0,2287.5
2025-07-10 14:04:00,1170.0,1211.25,2381.25
2025-07-10 14:05:00,1192.5,1162.5,2355.0
2025-07-10 14:06:00,930.0,1361.25,2291.25
2025-07-10 14:07:00,690.0,1485.0,2175.0
2025-07-10 14:08:00,645.0,1451.25,2096.25
2025-07-10 14:09:00,1012.5,1458.75,2471.25
2025-07-10 14:10:00,1192.5,1413.75,2606.25
2025-07-10 14:11:00,1046.25,1440.0,2486.25
2025-07-10 14:12:00,1102.5,1421.25,2523.75
2025-07-10 14:13:00,1267.5,1233.75,2501.25
2025-07-10 14:14:00,1230.0,1305.0,2535.0
2025-07-10 14:15:00,1203.75,1395.0,2598.75
2025-07-10 14:16:00,1181.25,1383.75,2565.0
2025-07-10 14:17:00,1151.25,1391.25,2542.5
2025-07-10 14:18:00,1200.0,1440.0,2640.0
2025-07-10 14:19:00,1222.5,1537.5,2760.0
2025-07-10 14:20:00,1211.25,1518.75,2730.0
2025-07-10 14:21:00,1158.75,1582.5,2741.25
2025-07-10 14:22:00,1211.25,1605.0,2816.25
2025-07-10 14:23:00,1241.25,1623.75,2865.0
2025-07-10 14:24:00,1293.75,1563.75,2857.5
2025-07-10 14:25:00,1267.5,1616.25,2883.75
2025-07-10 14:26:00,1241.25,1627.5,2868.75
2025-07-10 14:27:00,1196.25,1638.75,2835.0
2025-07-10 14:28:00,1260.0,1620.0,2880.0
2025-07-10 14:29:00,1177.5,1661.25,2838.75
2025-07-10 14:30:00,1121.25,1680.0,2801.25
2025-07-10 14:31:00,1248.75,1646.25,2895.0
2025-07-10 14:32:00,1271.25,1650.0,2921.25
2025-07-10 14:33:00,1275.0,1653.75,2928.75
2025-07-10 14:34:00,1263.75,1646.25,2910.0
2025-07-10 14:35:00,1271.25,1672.5,2943.75
2025-07-10 14:36:00,1260.0,1702.5,2962.5
2025-07-10 14:37:00,1278.75,1680.0,2958.75
2025-07-10 14:38:00,1327.5,1672.5,3000.0
2025-07-10 14:39:00,1380.0,1676.25,3056.25
2025-07-10 14:40:00,1376.25,1672.5,3048.75
2025-07-10 14:41:00,1350.0,1710.0,3060.0
2025-07-10 14:42:00,1353.75,1691.25,3045.0
2025-07-10 14:43:00,1335.0,1680.0,3015.0
2025-07-10 14:44:00,1335.0,1695.0,3030.0
2025-07-10 14:45:00,1327.5,1710.0,3037.5
2025-07-10 14:46:00,1331.25,1758.75,3090.0
2025-07-10 14:47:00,1353.75,1743.75,3097.5
2025-07-10 14:48:00,1398.75,1740.0,3138.75
2025-07-10 14:49:00,1447.5,1376.25,2823.75
2025-07-10 14:50:00,1451.25,1680.0,3131.25
2025-07-10 14:51:00,1466.25,1740.0,3206.25
2025-07-10 14:52:00,1485.0,1721.25,3206.25
2025-07-10 14:53:00,1470.0,1665.0,3135.0
2025-07-10 14:54:00,1485.0,1676.25,3161.25
2025-07-10 14:55:00,1485.0,1668.75,3153.75
2025-07-10 14:56:00,1481.25,1732.5,3213.75
2025-07-10 14:57:00,1492.5,1736.25,3228.75
2025-07-10 14:58:00,1488.75,1661.25,3150.0
2025-07-10 14:59:00,1496.25,1668.75,3165.0
2025-07-10 15:00:00,1485.0,1428.75,2913.75
2025-07-10 15:01:00,1507.5,1102.5,2610.0
2025-07-10 15:02:00,1507.5,1586.25,3093.75
2025-07-10 15:03:00,1515.0,1425.0,2940.0
2025-07-10 15:04:00,1522.5,1462.5,2985.0
2025-07-10 15:05:00,1526.25,1601.25,3127.5
2025-07-10 15:06:00,1522.5,1710.0,3232.5
2025-07-10 15:07:00,1526.25,1736.25,3262.5
2025-07-10 15:08:00,1526.25,1740.0,3266.25
2025-07-10 15:09:00,1530.0,1830.0,3360.0
2025-07-10 15:10:00,1526.25,1841.25,3367.5
2025-07-10 15:11:00,1526.25,1852.5,3378.75
2025-07-10 15:12:00,1530.0,1852.5,3382.5
2025-07-10 15:13:00,1530.0,1845.0,3375.0
2025-07-10 15:14:00,1530.0,1848.75,3378.75
2025-07-10 15:15:00,1530.0,1863.75,3393.75
2025-07-10 15:16:00,1537.5,1867.5,3405.0
2025-07-10 15:17:00,1533.75,1875.0,3408.75
2025-07-10 15:18:00,1537.5,1875.0,3412.5
2025-07-10 15:19:00,1533.75,1871.25,3405.0
2025-07-10 15:20:00,1537.5,1878.75,3416.25
2025-07-10 15:21:00,1537.5,1878.75,3416.25
2025-07-10 15:22:00,1537.5,1878.75,3416.25
2025-07-10 15:23:00,1537.5,1878.75,3416.25
2025-07-10 15:24:00,1537.5,1878.75,3416.25
2025-07-10 15:25:00,1537.5,1878.75,3416.25
2025-07-10 15:26:00,1537.5,1878.75,3416.25
2025-07-10 15:27:00,1537.5,1878.75,3416.25
2025-07-10 15:28:00,1537.5,1878.75,3416.25
2025-07-10 15:29:00,1537.5,1878.75,3416.25
2025-07-10 15:30:00,1537.5,1878.75,3416.25
2025-07-17 10:15:00,0.0,0.0,0.0
2025-07-17 10:16:00,-56.25,-22.5,-78.75
2025-07-17 10:17:00,101.25,-225.0,-123.75
2025-07-17 10:18:00,-22.5,-352.5,-375.0
2025-07-17 10:19:00,52.5,-300.0,-247.5
2025-07-17 10:20:00,-7.5,-112.5,-120.0
2025-07-17 10:21:00,-67.5,-71.25,-138.75
2025-07-17 10:22:00,120.0,-228.75,-108.75
2025-07-17 10:23:00,52.5,-101.25,-48.75
2025-07-17 10:24:00,-67.5,-45.0,-112.5
2025-07-17 10:25:00,-78.75,-52.5,-131.25
2025-07-17 10:26:00,-63.75,37.5,-26.25
2025-07-17 10:27:00,-63.75,123.75,60.0
2025-07-17 10:28:00,-3.75,41.25,37.5
2025-07-17 10:29:00,18.75,-75.0,-56.25
2025-07-17 10:30:00,48.75,-90.0,-41.25
2025-07-17 10:31:00,326.25,-337.5,-11.25
2025-07-17 10:32:00,236.25,-210.0,26.25
2025-07-17 10:33:00,183.75,-67.5,116.25
2025-07-17 10:34:00,86.25,82.5,168.75
2025-07-17 10:35:00,161.25,-56.25,105.0
2025-07-17 10:36:00,198.75,-78.75,120.0
2025-07-17 10:37:00,165.0,-52.5,112.5
2025-07-17 10:38:00,63.75,86.25,150.0
2025-07-17 10:39:00,165.0,-7.5,157.5
2025-07-17 10:40:00,161.25,0.0,161.25
2025-07-17 10:41:00,210.0,-33.75,176.25
2025-07-17 10:42:00,112.5,22.5,135.0
2025-07-17 10:43:00,123.75,45.0,168.75
2025-07-17 10:44:00,176.25,-11.25,165.0
2025-07-17 10:45:00,240.0,-90.0,150.0
2025-07-17 10:46:00,180.0,-11.25,168.75
2025-07-17 10:47:00,210.0,7.5,217.5
2025-07-17 10:48:00,168.75,75.0,243.75
2025-07-17 10:49:00,97.5,187.5,285.0
2025-07-17 10:50:00,142.5,191.25,333.75
2025-07-17 10:51:00,52.5,202.5,255.0
2025-07-17 10:52:00,48.75,217.5,266.25
2025-07-17 10:53:00,7.5,232.5,240.0
2025-07-17 10:54:00,-11.25,307.5,296.25
2025-07-17 10:55:00,-67.5,378.75,311.25
2025-07-17 10:56:00,41.25,322.5,363.75
2025-07-17 10:57:00,11.25,300.0,311.25
2025-07-17 10:58:00,-52.5,318.75,266.25
2025-07-17 10:59:00,-183.75,408.75,225.0
2025-07-17 11:00:00,-11.25,322.5,311.25
2025-07-17 11:01:00,-22.5,307.5,285.0
2025-07-17 11:02:00,33.75,341.25,375.0
2025-07-17 11:03:00,131.25,375.0,506.25
2025-07-17 11:04:00,116.25,303.75,420.0
2025-07-17 11:05:00,150.0,292.5,442.5
2025-07-17 11:06:00,168.75,311.25,480.0
2025-07-17 11:07:00,176.25,322.5,498.75
2025-07-17 11:08:00,108.75,345.0,453.75
2025-07-17 11:09:00,131.25,356.25,487.5
2025-07-17 11:10:00,273.75,228.75,502.5
2025-07-17 11:11:00,303.75,266.25,570.0
2025-07-17 11:12:00,-71.25,543.75,472.5
2025-07-17 11:13:00,-510.0,686.25,176.25
2025-07-17 11:14:00,-240.0,596.25,356.25
2025-07-17 11:15:00,-108.75,600.0,491.25
2025-07-17 11:16:00,131.25,551.25,682.5
2025-07-17 11:17:00,56.25,622.5,678.75
2025-07-17 11:18:00,26.25,660.0,686.25
2025-07-17 11:19:00,-191.25,731.25,540.0
2025-07-17 11:20:00,-198.75,678.75,480.0
2025-07-17 11:21:00,-78.75,667.5,588.75
2025-07-17 11:22:00,-210.0,645.0,435.0
2025-07-17 11:23:00,-232.5,648.75,416.25
2025-07-17 11:24:00,-371.25,671.25,300.0
2025-07-17 11:25:00,-273.75,652.5,378.75
2025-07-17 11:26:00,-288.75,667.5,378.75
2025-07-17 11:27:00,-333.75,693.75,360.0
2025-07-17 11:28:00,-472.5,731.25,258.75
2025-07-17 11:29:00,-315.0,727.5,412.5
2025-07-17 11:30:00,-236.25,708.75,472.5
2025-07-17 11:31:00,-405.0,723.75,318.75
2025-07-17 11:32:00,-431.25,742.5,311.25
2025-07-17 11:33:00,-446.25,753.75,307.5
2025-07-17 11:34:00,-315.0,746.25,431.25
2025-07-17 11:35:00,-161.25,708.75,547.5
2025-07-17 11:36:00,-288.75,750.0,461.25
2025-07-17 11:37:00,-742.5,832.5,90.0
2025-07-17 11:38:00,-791.25,847.5,56.25
2025-07-17 11:39:00,-1012.5,877.5,-135.0
2025-07-17 11:40:00,-941.25,855.0,-86.25
2025-07-17 11:41:00,-945.0,843.75,-101.25
2025-07-17 11:42:00,-1016.25,896.25,-120.0
2025-07-17 11:43:00,-720.0,885.0,165.0
2025-07-17 11:44:00,-457.5,757.5,300.0
2025-07-17 11:45:00,-611.25,825.0,213.75
2025-07-17 11:46:00,-678.75,892.5,213.75
2025-07-17 11:47:00,-423.75,798.75,375.0
2025-07-17 11:48:00,-360.0,776.25,416.25
2025-07-17 11:49:00,-457.5,806.25,348.75
2025-07-17 11:50:00,-525.0,840.0,315.0
2025-07-17 11:51:00,-337.5,716.25,378.75
2025-07-17 11:52:00,-240.0,611.25,371.25
2025-07-17 11:53:00,-277.5,675.0,397.5
2025-07-17 11:54:00,-378.75,798.75,420.0
2025-07-17 11:55:00,-285.0,675.0,390.0
2025-07-17 11:56:00,-378.75,768.75,390.0
2025-07-17 11:57:00,-326.25,708.75,382.5
2025-07-17 11:58:00,-123.75,555.0,431.25
2025-07-17 11:59:00,-333.75,780.0,446.25
2025-07-17 12:00:00,-273.75,738.75,465.0
2025-07-17 12:01:00,-281.25,746.25,465.0
2025-07-17 12:02:00,-258.75,723.75,465.0
2025-07-17 12:03:00,-273.75,765.0,491.25
2025-07-17 12:04:00,-232.5,825.0,592.5
2025-07-17 12:05:00,-363.75,888.75,525.0
2025-07-17 12:06:00,-191.25,720.0,528.75
2025-07-17 12:07:00,-191.25,791.25,600.0
2025-07-17 12:08:00,-33.75,690.0,656.25
2025-07-17 12:09:00,93.75,566.25,660.0
2025-07-17 12:10:00,-112.5,933.75,821.25
2025-07-17 12:11:00,48.75,738.75,787.5
2025-07-17 12:12:00,-11.25,836.25,825.0
2025-07-17 12:13:00,-37.5,881.25,843.75
2025-07-17 12:14:00,-3.75,870.0,866.25
2025-07-17 12:15:00,93.75,742.5,836.25
2025-07-17 12:16:00,41.25,851.25,892.5
2025-07-17 12:17:00,120.0,738.75,858.75
2025-07-17 12:18:00,247.5,626.25,873.75
2025-07-17 12:19:00,375.0,472.5,847.5
2025-07-17 12:20:00,270.0,588.75,858.75
2025-07-17 12:21:00,326.25,510.0,836.25
2025-07-17 12:22:00,296.25,633.75,930.0
2025-07-17 12:23:00,393.75,438.75,832.5
2025-07-17 12:24:00,363.75,502.5,866.25
2025-07-17 12:25:00,363.75,543.75,907.5
2025-07-17 12:26:00,386.25,510.0,896.25
2025-07-17 12:27:00,386.25,510.0,896.25
2025-07-17 12:28:00,333.75,581.25,915.0
2025-07-17 12:29:00,322.5,663.75,986.25
2025-07-17 12:30:00,326.25,750.0,1076.25
2025-07-17 12:31:00,416.25,701.25,1117.5
2025-07-17 12:32:00,450.0,678.75,1128.75
2025-07-17 12:33:00,517.5,506.25,1023.75
2025-07-17 12:34:00,476.25,618.75,1095.0
2025-07-17 12:35:00,386.25,768.75,1155.0
2025-07-17 12:36:00,491.25,641.25,1132.5
2025-07-17 12:37:00,521.25,596.25,1117.5
2025-07-17 12:38:00,551.25,581.25,1132.5
2025-07-17 12:39:00,697.5,352.5,1050.0
2025-07-17 12:40:00,678.75,326.25,1005.0
2025-07-17 12:41:00,596.25,502.5,1098.75
2025-07-17 12:42:00,592.5,551.25,1143.75
2025-07-17 12:43:00,191.25,1230.0,1421.25
2025-07-17 12:44:00,-138.75,1496.25,1357.5
2025-07-17 12:45:00,198.75,1293.75,1492.5
2025-07-17 12:46:00,191.25,1308.75,1500.0
2025-07-17 12:47:00,82.5,1338.75,1421.25
2025-07-17 12:48:00,172.5,1335.0,1507.5
2025-07-17 12:49:00,652.5,765.0,1417.5
2025-07-17 12:50:00,615.0,765.0,1380.0
2025-07-17 12:51:00,592.5,817.5,1410.0
2025-07-17 12:52:00,570.0,870.0,1440.0
2025-07-17 12:53:00,506.25,945.0,1451.25
2025-07-17 12:54:00,543.75,877.5,1421.25
2025-07-17 12:55:00,570.0,971.25,1541.25
2025-07-17 12:56:00,558.75,915.0,1473.75
2025-07-17 12:57:00,615.0,795.0,1410.0
2025-07-17 12:58:00,570.0,926.25,1496.25
2025-07-17 12:59:00,570.0,915.0,1485.0
2025-07-17 13:00:00,573.75,963.75,1537.5
2025-07-17 13:01:00,622.5,926.25,1548.75
2025-07-17 13:02:00,566.25,1080.0,1646.25
2025-07-17 13:03:00,585.0,1038.75,1623.75
2025-07-17 13:04:00,562.5,1057.5,1620.0
2025-07-17 13:05:00,686.25,843.75,1530.0
2025-07-17 13:06:00,978.75,112.5,1091.25
2025-07-17 13:07:00,896.25,138.75,1035.0
2025-07-17 13:08:00,832.5,405.0,1237.5
2025-07-17 13:09:00,862.5,408.75,1271.25
2025-07-17 13:10:00,847.5,536.25,1383.75
2025-07-17 13:11:00,847.5,573.75,1421.25
2025-07-17 13:12:00,840.0,540.0,1380.0
2025-07-17 13:13:00,877.5,408.75,1286.25
2025-07-17 13:14:00,847.5,412.5,1260.0
2025-07-17 13:15:00,858.75,401.25,1260.0
2025-07-17 13:16:00,836.25,483.75,1320.0
2025-07-17 13:17:00,851.25,476.25,1327.5
2025-07-17 13:18:00,851.25,536.25,1387.5
2025-07-17 13:19:00,926.25,285.0,1211.25
2025-07-17 13:20:00,911.25,326.25,1237.5
2025-07-17 13:21:00,907.5,393.75,1301.25
2025-07-17 13:22:00,922.5,397.5,1320.0
2025-07-17 13:23:00,915.0,326.25,1241.25
2025-07-17 13:24:00,956.25,255.0,1211.25
2025-07-17 13:25:00,1053.75,-187.5,866.25
2025-07-17 13:26:00,1061.25,-30.0,1031.25
2025-07-17 13:27:00,1023.75,180.0,1203.75
2025-07-17 13:28:00,1012.5,236.25,1248.75
2025-07-17 13:29:00,1020.0,258.75,1278.75
2025-07-17 13:30:00,986.25,405.0,1391.25
2025-07-17 13:31:00,1053.75,255.0,1308.75
2025-07-17 13:32:00,1031.25,285.0,1316.25
2025-07-17 13:33:00,1072.5,213.75,1286.25
2025-07-17 13:34:00,1083.75,442.5,1526.25
2025-07-17 13:35:00,1061.25,453.75,1515.0
2025-07-17 13:36:00,1020.0,416.25,1436.25
2025-07-17 13:37:00,978.75,532.5,1511.25
2025-07-17 13:38:00,930.0,607.5,1537.5
2025-07-17 13:39:00,900.0,705.0,1605.0
2025-07-17 13:40:00,933.75,690.0,1623.75
2025-07-17 13:41:00,930.0,660.0,1590.0
2025-07-17 13:42:00,982.5,570.0,1552.5
2025-07-17 13:43:00,922.5,675.0,1597.5
2025-07-17 13:44:00,986.25,577.5,1563.75
2025-07-17 13:45:00,986.25,618.75,1605.0
2025-07-17 13:46:00,1136.25,236.25,1372.5
2025-07-17 13:47:00,1185.0,187.5,1372.5
2025-07-17 13:48:00,1215.0,90.0,1305.0
2025-07-17 13:49:00,1185.0,288.75,1473.75
2025-07-17 13:50:00,1158.75,367.5,1526.25
2025-07-17 13:51:00,1151.25,390.0,1541.25
2025-07-17 13:52:00,1080.0,573.75,1653.75
2025-07-17 13:53:00,750.0,1207.5,1957.5
2025-07-17 13:54:00,757.5,1218.75,1976.25
2025-07-17 13:55:00,1057.5,1035.0,2092.5
2025-07-17 13:56:00,1023.75,1057.5,2081.25
2025-07-17 13:57:00,982.5,1151.25,2133.75
2025-07-17 13:58:00,948.75,1140.0,2088.75
2025-07-17 13:59:00,948.75,1218.75,2167.5
2025-07-17 14:00:00,990.0,1196.25,2186.25
2025-07-17 14:01:00,911.25,1293.75,2205.0
2025-07-17 14:02:00,1050.0,1170.0,2220.0
2025-07-17 14:03:00,1001.25,1331.25,2332.5
2025-07-17 14:04:00,1147.5,1181.25,2328.75
2025-07-17 14:05:00,1245.0,926.25,2171.25
2025-07-17 14:06:00,1121.25,1256.25,2377.5
2025-07-17 14:07:00,1147.5,1166.25,2313.75
2025-07-17 14:08:00,1181.25,1121.25,2302.5
2025-07-17 14:09:00,1316.25,622.5,1938.75
2025-07-17 14:10:00,1252.5,843.75,2096.25
2025-07-17 14:11:00,1282.5,720.0,2002.5
2025-07-17 14:12:00,1361.25,-1128.75,232.5
2025-07-17 14:13:00,1376.25,-978.75,397.5
2025-07-17 14:14:00,1383.75,-513.75,870.0
2025-07-17 14:15:00,1413.75,-742.5,671.25
2025-07-17 14:16:00,1391.25,-746.25,645.0
2025-07-17 14:17:00,1440.0,-1008.75,431.25
2025-07-17 14:18:00,1458.75,-1192.5,266.25
2025-07-17 14:19:00,1548.75,-1882.5,-333.75
2025-07-17 14:20:00,1518.75,-1462.5,56.25
2025-07-17 14:21:00,1541.25,-1848.75,-307.5
2025-07-17 14:22:00,1571.25,-1365.0,206.25
2025-07-17 14:23:00,1560.0,-1237.5,322.5
2025-07-17 14:24:00,1537.5,-888.75,648.75
2025-07-17 14:25:00,1522.5,-1143.75,378.75
2025-07-17 14:26:00,1522.5,-1151.25,371.25
2025-07-17 14:27:00,1526.25,-1117.5,408.75
2025-07-17 14:28:00,1522.5,-993.75,528.75
2025-07-17 14:29:00,1578.75,-1586.25,-7.5
2025-07-17 14:30:00,1623.75,-2580.0,-956.25
2025-07-17 14:31:00,1616.25,-2486.25,-870.0
2025-07-17 14:32:00,1623.75,-2553.75,-930.0
2025-07-17 14:33:00,1563.75,-2505.0,-941.25
2025-07-17 14:34:00,1563.75,-2418.75,-855.0
2025-07-17 14:35:00,1586.25,-2426.25,-840.0
2025-07-17 14:36:00,1571.25,-2426.25,-855.0
2025-07-17 14:37:00,1578.75,-2373.75,-795.0
2025-07-17 14:38:00,1608.75,-2366.25,-757.5
2025-07-17 14:39:00,1533.75,-2298.75,-765.0
2025-07-17 14:40:00,1563.75,-2302.5,-738.75
2025-07-17 14:41:00,1653.75,-2340.0,-686.25
2025-07-17 14:42:00,1676.25,-2347.5,-671.25
2025-07-17 14:43:00,1706.25,-2392.5,-686.25
2025-07-17 14:44:00,1698.75,-2366.25,-667.5
2025-07-17 14:45:00,1706.25,-2355.0,-648.75
2025-07-17 14:46:00,1706.25,-2381.25,-675.0
2025-07-17 14:47:00,1788.75,-2422.5,-633.75
2025-07-17 14:48:00,1788.75,-2463.75,-675.0
2025-07-17 14:49:00,1803.75,-2523.75,-720.0
2025-07-17 14:50:00,1818.75,-2516.25,-697.5
2025-07-17 14:51:00,1796.25,-2471.25,-675.0
2025-07-17 14:52:00,1803.75,-2587.5,-783.75
2025-07-17 14:53:00,1788.75,-2531.25,-742.5
2025-07-17 14:54:00,1796.25,-2580.0,-783.75
2025-07-17 14:55:00,1803.75,-2400.0,-596.25
2025-07-17 14:56:00,1826.25,-2456.25,-630.0
2025-07-17 14:57:00,1871.25,-2430.0,-558.75
2025-07-17 14:58:00,1833.75,-2287.5,-453.75
2025-07-17 14:59:00,1886.25,-2351.25,-465.0
2025-07-17 15:00:00,1893.75,-2377.5,-483.75
2025-07-17 15:01:00,1923.75,-2347.5,-423.75
2025-07-17 15:02:00,1946.25,-2445.0,-498.75
2025-07-17 15:03:00,1953.75,-2478.75,-525.0
2025-07-17 15:04:00,1946.25,-2358.75,-412.5
2025-07-17 15:05:00,1953.75,-2310.0,-356.25
2025-07-17 15:06:00,1961.25,-2295.0,-333.75
2025-07-17 15:07:00,1968.75,-2231.25,-262.5
2025-07-17 15:08:00,1961.25,-2193.75,-232.5
2025-07-17 15:09:00,1961.25,-2160.0,-198.75
2025-07-17 15:10:00,1961.25,-2152.5,-191.25
2025-07-17 15:11:00,1976.25,-2156.25,-180.0
2025-07-17 15:12:00,1976.25,-2148.75,-172.5
2025-07-17 15:13:00,1968.75,-2148.75,-180.0
2025-07-17 15:14:00,1983.75,-2148.75,-165.0
2025-07-17 15:15:00,1976.25,-2148.75,-172.5
2025-07-17 15:16:00,1976.25,-2137.5,-161.25
2025-07-17 15:17:00,1976.25,-2133.75,-157.5
2025-07-17 15:18:00,1976.25,-2141.25,-165.0
2025-07-17 15:19:00,1976.25,-2141.25,-165.0
2025-07-17 15:20:00,1976.25,-2141.25,-165.0
2025-07-17 15:21:00,1976.25,-2141.25,-165.0
2025-07-17 15:22:00,1976.25,-2141.25,-165.0
2025-07-17 15:23:00,1976.25,-2141.25,-165.0
2025-07-17 15:24:00,1976.25,-2141.25,-165.0
2025-07-17 15:25:00,1976.25,-2141.25,-165.0
2025-07-17 15:26:00,1976.25,-2141.25,-165.0
2025-07-17 15:27:00,1976.25,-2141.25,-165.0
2025-07-17 15:28:00,1976.25,-2141.25,-165.0
2025-07-17 15:29:00,1976.25,-2141.25,-165.0
2025-07-17 15:30:00,1976.25,-2141.25,-165.0
2025-07-24 10:15:00,0.0,0.0,0.0
2025-07-24 10:16:00,-71.25,52.5,-18.75
2025-07-24 10:17:00,37.5,0.0,37.5
2025-07-24 10:18:00,-150.0,90.0,-60.0
2025-07-24 10:19:00,-123.75,101.25,-22.5
2025-07-24 10:20:00,-157.5,101.25,-56.25
2025-07-24 10:21:00,-228.75,123.75,-105.0
2025-07-24 10:22:00,-127.5,97.5,-30.0
2025-07-24 10:23:00,-135.0,90.0,-45.0
2025-07-24 10:24:00,-240.0,112.5,-127.5
2025-07-24 10:25:00,-146.25,86.25,-60.0
2025-07-24 10:26:00,-168.75,86.25,-82.5
2025-07-24 10:27:00,-341.25,146.25,-195.0
2025-07-24 10:28:00,-382.5,165.0,-217.5
2025-07-24 10:29:00,-386.25,153.75,-232.5
2025-07-24 10:30:00,-266.25,157.5,-108.75
2025-07-24 10:31:00,-228.75,150.0,-78.75
2025-07-24 10:32:00,-401.25,228.75,-172.5
2025-07-24 10:33:00,-483.75,255.0,-228.75
2025-07-24 10:34:00,-450.0,277.5,-172.5
2025-07-24 10:35:00,-408.75,285.0,-123.75
2025-07-24 10:36:00,-352.5,262.5,-90.0
2025-07-24 10:37:00,-457.5,270.0,-187.5
2025-07-24 10:38:00,-408.75,258.75,-150.0
2025-07-24 10:39:00,-131.25,176.25,45.0
2025-07-24 10:40:00,-266.25,228.75,-37.5
2025-07-24 10:41:00,-225.0,228.75,3.75
2025-07-24 10:42:00,-45.0,176.25,131.25
2025-07-24 10:43:00,-67.5,180.0,112.5
2025-07-24 10:44:00,-78.75,198.75,120.0
2025-07-24 10:45:00,-142.5,228.75,86.25
2025-07-24 10:46:00,-273.75,262.5,-11.25
2025-07-24 10:47:00,-120.0,240.0,120.0
2025-07-24 10:48:00,-187.5,262.5,75.0
2025-07-24 10:49:00,-153.75,255.0,101.25
2025-07-24 10:50:00,-146.25,247.5,101.25
2025-07-24 10:51:00,-120.0,251.25,131.25
2025-07-24 10:52:00,-180.0,266.25,86.25
2025-07-24 10:53:00,-180.0,266.25,86.25
2025-07-24 10:54:00,-210.0,270.0,60.0
2025-07-24 10:55:00,-221.25,262.5,41.25
2025-07-24 10:56:00,-105.0,221.25,116.25
2025-07-24 10:57:00,-93.75,202.5,108.75
2025-07-24 10:58:00,-127.5,210.0,82.5
2025-07-24 10:59:00,-108.75,191.25,82.5
2025-07-24 11:00:00,-123.75,198.75,75.0
2025-07-24 11:01:00,-78.75,262.5,183.75
2025-07-24 11:02:00,-37.5,266.25,228.75
2025-07-24 11:03:00,7.5,236.25,243.75
2025-07-24 11:04:00,157.5,206.25,363.75
2025-07-24 11:05:00,142.5,217.5,360.0
2025-07-24 11:06:00,71.25,240.0,311.25
2025-07-24 11:07:00,63.75,236.25,300.0
2025-07-24 11:08:00,112.5,213.75,326.25
2025-07-24 11:09:00,105.0,221.25,326.25
2025-07-24 11:10:00,153.75,210.0,363.75
2025-07-24 11:11:00,213.75,183.75,397.5
2025-07-24 11:12:00,213.75,225.0,438.75
2025-07-24 11:13:00,285.0,176.25,461.25
2025-07-24 11:14:00,405.0,116.25,521.25
2025-07-24 11:15:00,435.0,86.25,521.25
2025-07-24 11:16:00,405.0,15.0,420.0
2025-07-24 11:17:00,401.25,97.5,498.75
2025-07-24 11:18:00,502.5,0.0,502.5
2025-07-24 11:19:00,472.5,3.75,476.25
2025-07-24 11:20:00,461.25,7.5,468.75
2025-07-24 11:21:00,562.5,-176.25,386.25
2025-07-24 11:22:00,588.75,-213.75,375.0
2025-07-24 11:23:00,581.25,-438.75,142.5
2025-07-24 11:24:00,637.5,-1222.5,-585.0
2025-07-24 11:25:00,528.75,-1020.0,-491.25
2025-07-24 11:26:00,551.25,-1098.75,-547.5
2025-07-24 11:27:00,588.75,-1200.0,-611.25
2025-07-24 11:28:00,592.5,-1110.0,-517.5
2025-07-24 11:29:00,521.25,-847.5,-326.25
2025-07-24 11:30:00,521.25,-855.0,-333.75
2025-07-24 11:31:00,510.0,-892.5,-382.5
2025-07-24 11:32:00,498.75,-757.5,-258.75
2025-07-24 11:33:00,543.75,-918.75,-375.0
2025-07-24 11:34:00,581.25,-1031.25,-450.0
2025-07-24 11:35:00,622.5,-1391.25,-768.75
2025-07-24 11:36:00,600.0,-1432.5,-832.5
2025-07-24 11:37:00,772.5,-1425.0,-652.5
2025-07-24 11:38:00,810.0,-1436.25,-626.25
2025-07-24 11:39:00,708.75,-1383.75,-675.0
2025-07-24 11:40:00,596.25,-1248.75,-652.5
2025-07-24 11:41:00,592.5,-1068.75,-476.25
2025-07-24 11:42:00,701.25,-1237.5,-536.25
2025-07-24 11:43:00,656.25,-1233.75,-577.5
2025-07-24 11:44:00,671.25,-1248.75,-577.5
2025-07-24 11:45:00,615.0,-1196.25,-581.25
2025-07-24 11:46:00,600.0,-1196.25,-596.25
2025-07-24 11:47:00,528.75,-993.75,-465.0
2025-07-24 11:48:00,570.0,-1068.75,-498.75
2025-07-24 11:49:00,513.75,-933.75,-420.0
2025-07-24 11:50:00,678.75,-1095.0,-416.25
2025-07-24 11:51:00,633.75,-1177.5,-543.75
2025-07-24 11:52:00,633.75,-1248.75,-615.0
2025-07-24 11:53:00,690.0,-1387.5,-697.5
2025-07-24 11:54:00,660.0,-1425.0,-765.0
2025-07-24 11:55:00,738.75,-1751.25,-1012.5
2025-07-24 11:56:00,798.75,-2070.0,-1271.25
2025-07-24 11:57:00,911.25,-2178.75,-1267.5
2025-07-24 11:58:00,997.5,-2943.75,-1946.25
2025-07-24 11:59:00,986.25,-2816.25,-1830.0
2025-07-24 12:00:00,926.25,-3097.5,-2171.25
2025-07-24 12:01:00,896.25,-3176.25,-2280.0
2025-07-24 12:02:00,1027.5,-3716.25,-2688.75
2025-07-24 12:03:00,1098.75,-3877.5,-2778.75
2025-07-24 12:04:00,1057.5,-4638.75,-3581.25
2025-07-24 12:05:00,1125.0,-5512.5,-4387.5
2025-07-24 12:06:00,1342.5,-6926.25,-5583.75
2025-07-24 12:07:00,1113.75,-6465.0,-5351.25
2025-07-24 12:08:00,1042.5,-5467.5,-4425.0
2025-07-24 12:09:00,1091.25,-5430.0,-4338.75
2025-07-24 12:10:00,1185.0,-5613.75,-4428.75
2025-07-24 12:11:00,1215.0,-5966.25,-4751.25
2025-07-24 12:12:00,1428.75,-6405.0,-4976.25
2025-07-24 12:13:00,1061.25,-5685.0,-4623.75
2025-07-24 12:14:00,836.25,-5092.5,-4256.25
2025-07-24 12:15:00,858.75,-4927.5,-4068.75
2025-07-24 12:16:00,750.0,-4578.75,-3828.75
2025-07-24 12:17:00,562.5,-4365.0,-3802.5
2025-07-24 12:18:00,397.5,-3945.0,-3547.5
2025-07-24 12:19:00,457.5,-4132.5,-3675.0
2025-07-24 12:20:00,-7.5,-3423.75,-3431.25
2025-07-24 12:21:00,641.25,-3600.0,-2958.75
2025-07-24 12:22:00,1128.75,-4185.0,-3056.25
2025-07-24 12:23:00,435.0,-3108.75,-2673.75
2025-07-24 12:24:00,697.5,-3495.0,-2797.5
2025-07-24 12:25:00,873.75,-3483.75,-2610.0
2025-07-24 12:26:00,487.5,-3168.75,-2681.25
2025-07-24 12:27:00,798.75,-3401.25,-2602.5
2025-07-24 12:28:00,483.75,-3060.0,-2576.25
2025-07-24 12:29:00,465.0,-2977.5,-2512.5
2025-07-24 12:30:00,352.5,-2658.75,-2306.25
2025-07-24 12:31:00,236.25,-2403.75,-2167.5
2025-07-24 12:32:00,75.0,-2175.0,-2100.0
2025-07-24 12:33:00,-288.75,-1841.25,-2130.0
2025-07-24 12:34:00,-135.0,-1901.25,-2036.25
2025-07-24 12:35:00,187.5,-2156.25,-1968.75
2025-07-24 12:36:00,93.75,-2152.5,-2058.75
2025-07-24 12:37:00,697.5,-2538.75,-1841.25
2025-07-24 12:38:00,742.5,-2681.25,-1938.75
2025-07-24 12:39:00,221.25,-2141.25,-1920.0
2025-07-24 12:40:00,225.0,-2190.0,-1965.0
2025-07-24 12:41:00,236.25,-2227.5,-1991.25
2025-07-24 12:42:00,232.5,-2235.0,-2002.5
2025-07-24 12:43:00,397.5,-2460.0,-2062.5
2025-07-24 12:44:00,-18.75,-2028.75,-2047.5
2025-07-24 12:45:00,-198.75,-1856.25,-2055.0
2025-07-24 12:46:00,-296.25,-1691.25,-1987.5
2025-07-24 12:47:00,45.0,-1920.0,-1875.0
2025-07-24 12:48:00,581.25,-2452.5,-1871.25
2025-07-24 12:49:00,82.5,-2077.5,-1995.0
2025-07-24 12:50:00,165.0,-2160.0,-1995.0
2025-07-24 12:51:00,-157.5,-1946.25,-2103.75
2025-07-24 12:52:00,33.75,-2163.75,-2130.0
2025-07-24 12:53:00,183.75,-2235.0,-2051.25
2025-07-24 12:54:00,41.25,-2197.5,-2156.25
2025-07-24 12:55:00,228.75,-2355.0,-2126.25
2025-07-24 12:56:00,341.25,-2381.25,-2040.0
2025-07-24 12:57:00,753.75,-2782.5,-2028.75
2025-07-24 12:58:00,1016.25,-2992.5,-1976.25
2025-07-24 12:59:00,1222.5,-3258.75,-2036.25
2025-07-24 13:00:00,1867.5,-3948.75,-2081.25
2025-07-24 13:01:00,1556.25,-3225.0,-1668.75
2025-07-24 13:02:00,1751.25,-3348.75,-1597.5
2025-07-24 13:03:00,1773.75,-3318.75,-1545.0
2025-07-24 13:04:00,1852.5,-3303.75,-1451.25
2025-07-24 13:05:00,2017.5,-3435.0,-1417.5
2025-07-24 13:06:00,1593.75,-2771.25,-1177.5
2025-07-24 13:07:00,1755.0,-2846.25,-1091.25
2025-07-24 13:08:00,2115.0,-3300.0,-1185.0
2025-07-24 13:09:00,1897.5,-3138.75,-1241.25
2025-07-24 13:10:00,1785.0,-3123.75,-1338.75
2025-07-24 13:11:00,1732.5,-3168.75,-1436.25
2025-07-24 13:12:00,1736.25,-3281.25,-1545.0
2025-07-24 13:13:00,1593.75,-3041.25,-1447.5
2025-07-24 13:14:00,1398.75,-2711.25,-1312.5
2025-07-24 13:15:00,1256.25,-2377.5,-1121.25
2025-07-24 13:16:00,1365.0,-2576.25,-1211.25
2025-07-24 13:17:00,1631.25,-2805.0,-1173.75
2025-07-24 13:18:00,1650.0,-2846.25,-1196.25
2025-07-24 13:19:00,1698.75,-2876.25,-1177.5
2025-07-24 13:20:00,1668.75,-2838.75,-1170.0
2025-07-24 13:21:00,1875.0,-3112.5,-1237.5
2025-07-24 13:22:00,1706.25,-2857.5,-1151.25
2025-07-24 13:23:00,2013.75,-3161.25,-1147.5
2025-07-24 13:24:00,1983.75,-3056.25,-1072.5
2025-07-24 13:25:00,1976.25,-3112.5,-1136.25
2025-07-24 13:26:00,1961.25,-3078.75,-1117.5
2025-07-24 13:27:00,1732.5,-2741.25,-1008.75
2025-07-24 13:28:00,1616.25,-2640.0,-1023.75
2025-07-24 13:29:00,1800.0,-2853.75,-1053.75
2025-07-24 13:30:00,1890.0,-2925.0,-1035.0
2025-07-24 13:31:00,1755.0,-2805.0,-1050.0
2025-07-24 13:32:00,2298.75,-3228.75,-930.0
2025-07-24 13:33:00,2257.5,-3157.5,-900.0
2025-07-24 13:34:00,2175.0,-3153.75,-978.75
2025-07-24 13:35:00,2242.5,-3082.5,-840.0
2025-07-24 13:36:00,2235.0,-3116.25,-881.25
2025-07-24 13:37:00,2456.25,-3307.5,-851.25
2025-07-24 13:38:00,2403.75,-3213.75,-810.0
2025-07-24 13:39:00,2752.5,-3607.5,-855.0
2025-07-24 13:40:00,2700.0,-3401.25,-701.25
2025-07-24 13:41:00,2493.75,-3326.25,-832.5
2025-07-24 13:42:00,2062.5,-2576.25,-513.75
2025-07-24 13:43:00,1121.25,-1901.25,-780.0
2025-07-24 13:44:00,1087.5,-1976.25,-888.75
2025-07-24 13:45:00,1215.0,-2028.75,-813.75
2025-07-24 13:46:00,1248.75,-2010.0,-761.25
2025-07-24 13:47:00,375.0,-1361.25,-986.25
2025-07-24 13:48:00,982.5,-1777.5,-795.0
2025-07-24 13:49:00,528.75,-1466.25,-937.5
2025-07-24 13:50:00,-566.25,-840.0,-1406.25
2025-07-24 13:51:00,-656.25,-768.75,-1425.0
2025-07-24 13:52:00,-363.75,-990.0,-1353.75
2025-07-24 13:53:00,-393.75,-832.5,-1226.25
2025-07-24 13:54:00,-483.75,-817.5,-1301.25
2025-07-24 13:55:00,-401.25,-836.25,-1237.5
2025-07-24 13:56:00,-371.25,-798.75,-1170.0
2025-07-24 13:57:00,-56.25,-1020.0,-1076.25
2025-07-24 13:58:00,33.75,-1331.25,-1297.5
2025-07-24 13:59:00,266.25,-2208.75,-1942.5
2025-07-24 14:00:00,266.25,-1953.75,-1687.5
2025-07-24 14:01:00,303.75,-1995.0,-1691.25
2025-07-24 14:02:00,266.25,-1878.75,-1612.5
2025-07-24 14:03:00,303.75,-1860.0,-1556.25
2025-07-24 14:04:00,213.75,-1822.5,-1608.75
2025-07-24 14:05:00,-176.25,-1796.25,-1972.5
2025-07-24 14:06:00,-86.25,-1826.25,-1912.5
2025-07-24 14:07:00,-116.25,-1822.5,-1938.75
2025-07-24 14:08:00,71.25,-1826.25,-1755.0
2025-07-24 14:09:00,-348.75,-1796.25,-2145.0
2025-07-24 14:10:00,-93.75,-1803.75,-1897.5
2025-07-24 14:11:00,-146.25,-1796.25,-1942.5
2025-07-24 14:12:00,-71.25,-1807.5,-1878.75
2025-07-24 14:13:00,-123.75,-1811.25,-1935.0
2025-07-24 14:14:00,-153.75,-1818.75,-1972.5
2025-07-24 14:15:00,-11.25,-1815.0,-1826.25
2025-07-24 14:16:00,-78.75,-1803.75,-1882.5
2025-07-24 14:17:00,-86.25,-1792.5,-1878.75
2025-07-24 14:18:00,-116.25,-1781.25,-1897.5
2025-07-24 14:19:00,93.75,-1762.5,-1668.75
2025-07-24 14:20:00,123.75,-1751.25,-1627.5
2025-07-24 14:21:00,11.25,-1751.25,-1740.0
2025-07-24 14:22:00,311.25,-1777.5,-1466.25
2025-07-24 14:23:00,266.25,-1781.25,-1515.0
2025-07-24 14:24:00,288.75,-1777.5,-1488.75
2025-07-24 14:25:00,318.75,-1788.75,-1470.0
2025-07-24 14:26:00,288.75,-1785.0,-1496.25
2025-07-24 14:27:00,363.75,-1792.5,-1428.75
2025-07-24 14:28:00,393.75,-1803.75,-1410.0
2025-07-24 14:29:00,438.75,-1815.0,-1376.25
2025-07-24 14:30:00,386.25,-1788.75,-1402.5
2025-07-24 14:31:00,371.25,-1758.75,-1387.5
2025-07-24 14:32:00,371.25,-1747.5,-1376.25
2025-07-24 14:33:00,431.25,-1736.25,-1305.0
2025-07-24 14:34:00,356.25,-1725.0,-1368.75
2025-07-24 14:35:00,423.75,-1732.5,-1308.75
2025-07-24 14:36:00,393.75,-1725.0,-1331.25
2025-07-24 14:37:00,371.25,-1725.0,-1353.75
2025-07-24 14:38:00,326.25,-1721.25,-1395.0
2025-07-24 14:39:00,371.25,-1736.25,-1365.0
2025-07-24 14:40:00,416.25,-1740.0,-1323.75
2025-07-24 14:41:00,416.25,-1736.25,-1320.0
2025-07-24 14:42:00,476.25,-1758.75,-1282.5
2025-07-24 14:43:00,491.25,-1766.25,-1275.0
2025-07-24 14:44:00,513.75,-1766.25,-1252.5
2025-07-24 14:45:00,506.25,-1758.75,-1252.5
2025-07-24 14:46:00,513.75,-1751.25,-1237.5
2025-07-24 14:47:00,543.75,-1785.0,-1241.25
2025-07-24 14:48:00,536.25,-1762.5,-1226.25
2025-07-24 14:49:00,558.75,-1811.25,-1252.5
2025-07-24 14:50:00,566.25,-1766.25,-1200.0
2025-07-24 14:51:00,581.25,-1781.25,-1200.0
2025-07-24 14:52:00,596.25,-1770.0,-1173.75
2025-07-24 14:53:00,596.25,-1807.5,-1211.25
2025-07-24 14:54:00,596.25,-1781.25,-1185.0
2025-07-24 14:55:00,603.75,-1777.5,-1173.75
2025-07-24 14:56:00,603.75,-1762.5,-1158.75
2025-07-24 14:57:00,596.25,-1792.5,-1196.25
2025-07-24 14:58:00,581.25,-1770.0,-1188.75
2025-07-24 14:59:00,596.25,-1755.0,-1158.75
2025-07-24 15:00:00,551.25,-1743.75,-1192.5
2025-07-24 15:01:00,603.75,-1695.0,-1091.25
2025-07-24 15:02:00,618.75,-1695.0,-1076.25
2025-07-24 15:03:00,633.75,-1683.75,-1050.0
2025-07-24 15:04:00,633.75,-1676.25,-1042.5
2025-07-24 15:05:00,633.75,-1672.5,-1038.75
2025-07-24 15:06:00,641.25,-1672.5,-1031.25
2025-07-24 15:07:00,648.75,-1668.75,-1020.0
2025-07-24 15:08:00,648.75,-1672.5,-1023.75
2025-07-24 15:09:00,656.25,-1668.75,-1012.5
2025-07-24 15:10:00,648.75,-1665.0,-1016.25
2025-07-24 15:11:00,648.75,-1665.0,-1016.25
2025-07-24 15:12:00,656.25,-1665.0,-1008.75
2025-07-24 15:13:00,656.25,-1665.0,-1008.75
2025-07-24 15:14:00,656.25,-1661.25,-1005.0
2025-07-24 15:15:00,656.25,-1657.5,-1001.25
2025-07-24 15:16:00,663.75,-1661.25,-997.5
2025-07-24 15:17:00,663.75,-1657.5,-993.75
2025-07-24 15:18:00,663.75,-1657.5,-993.75
2025-07-24 15:19:00,663.75,-1657.5,-993.75
2025-07-24 15:20:00,663.75,-1661.25,-997.5
2025-07-24 15:21:00,663.75,-1661.25,-997.5
2025-07-24 15:22:00,663.75,-1661.25,-997.5
2025-07-24 15:23:00,663.75,-1661.25,-997.5
2025-07-24 15:24:00,663.75,-1661.25,-997.5
2025-07-24 15:25:00,663.75,-1661.25,-997.5
2025-07-24 15:26:00,663.75,-1661.25,-997.5
2025-07-24 15:27:00,663.75,-1661.25,-997.5
2025-07-24 15:28:00,663.75,-1661.25,-997.5
2025-07-24 15:29:00,663.75,-1661.25,-997.5
2025-07-24 15:30:00,663.75,-1661.25,-997.5
2025-07-24 15:32:00,0.0,-1661.25,-1661.25
2025-07-31 10:15:00,0.0,0.0,0.0
2025-07-31 10:16:00,-41.25,120.0,78.75
2025-07-31 10:17:00,-97.5,82.5,-15.0
2025-07-31 10:18:00,-63.75,105.0,41.25
2025-07-31 10:19:00,-26.25,45.0,18.75
2025-07-31 10:20:00,-41.25,101.25,60.0
2025-07-31 10:21:00,67.5,-135.0,-67.5
2025-07-31 10:22:00,48.75,-112.5,-63.75
2025-07-31 10:23:00,-195.0,172.5,-22.5
2025-07-31 10:24:00,-135.0,120.0,-15.0
2025-07-31 10:25:00,-243.75,187.5,-56.25
2025-07-31 10:26:00,-296.25,183.75,-112.5
2025-07-31 10:27:00,-112.5,135.0,22.5
2025-07-31 10:28:00,-243.75,300.0,56.25
2025-07-31 10:29:00,-116.25,243.75,127.5
2025-07-31 10:30:00,108.75,138.75,247.5
2025-07-31 10:31:00,26.25,318.75,345.0
2025-07-31 10:32:00,236.25,150.0,386.25
2025-07-31 10:33:00,206.25,213.75,420.0
2025-07-31 10:34:00,258.75,138.75,397.5
2025-07-31 10:35:00,262.5,101.25,363.75
2025-07-31 10:36:00,258.75,52.5,311.25
2025-07-31 10:37:00,273.75,60.0,333.75
2025-07-31 10:38:00,195.0,255.0,450.0
2025-07-31 10:39:00,258.75,67.5,326.25
2025-07-31 10:40:00,138.75,262.5,401.25
2025-07-31 10:41:00,150.0,228.75,378.75
2025-07-31 10:42:00,150.0,288.75,438.75
2025-07-31 10:43:00,183.75,258.75,442.5
2025-07-31 10:44:00,138.75,273.75,412.5
2025-07-31 10:45:00,-138.75,547.5,408.75
2025-07-31 10:46:00,-491.25,615.0,123.75
2025-07-31 10:47:00,-656.25,615.0,-41.25
2025-07-31 10:48:00,-543.75,675.0,131.25
2025-07-31 10:49:00,-1323.75,757.5,-566.25
2025-07-31 10:50:00,-1260.0,712.5,-547.5
2025-07-31 10:51:00,-1068.75,701.25,-367.5
2025-07-31 10:52:00,-1046.25,697.5,-348.75
2025-07-31 10:53:00,-1271.25,757.5,-513.75
2025-07-31 10:54:00,-1151.25,768.75,-382.5
2025-07-31 10:55:00,-1282.5,761.25,-521.25
2025-07-31 10:56:00,-1143.75,705.0,-438.75
2025-07-31 10:57:00,-1072.5,701.25,-371.25
2025-07-31 10:58:00,-926.25,708.75,-217.5
2025-07-31 10:59:00,-423.75,697.5,273.75
2025-07-31 11:00:00,-795.0,798.75,3.75
2025-07-31 11:01:00,-1068.75,885.0,-183.75
2025-07-31 11:02:00,-1908.75,1046.25,-862.5
2025-07-31 11:03:00,-2193.75,1083.75,-1110.0
2025-07-31 11:04:00,-2598.75,1053.75,-1545.0
2025-07-31 11:05:00,-2741.25,1016.25,-1725.0
2025-07-31 11:06:00,-3405.0,1196.25,-2208.75
2025-07-31 11:07:00,-3232.5,1166.25,-2066.25
2025-07-31 11:08:00,-3236.25,1230.0,-2006.25
2025-07-31 11:09:00,-3131.25,1211.25,-1920.0
2025-07-31 11:10:00,-2321.25,926.25,-1395.0
2025-07-31 11:11:00,-2137.5,832.5,-1305.0
2025-07-31 11:12:00,-1845.0,708.75,-1136.25
2025-07-31 11:13:00,-1526.25,607.5,-918.75
2025-07-31 11:14:00,-1500.0,633.75,-866.25
2025-07-31 11:15:00,-1710.0,705.0,-1005.0
2025-07-31 11:16:00,-1582.5,656.25,-926.25
2025-07-31 11:17:00,-1743.75,847.5,-896.25
2025-07-31 11:18:00,-1863.75,1117.5,-746.25
2025-07-31 11:19:00,-1762.5,1173.75,-588.75
2025-07-31 11:20:00,-2145.0,1575.0,-570.0
2025-07-31 11:21:00,-2906.25,1938.75,-967.5
2025-07-31 11:22:00,-2985.0,1788.75,-1196.25
2025-07-31 11:23:00,-3858.75,2141.25,-1717.5
2025-07-31 11:24:00,-3352.5,1920.0,-1432.5
2025-07-31 11:25:00,-4500.0,2178.75,-2321.25
2025-07-31 11:26:00,-3948.75,2055.0,-1893.75
2025-07-31 11:27:00,-3907.5,1935.0,-1972.5
2025-07-31 11:28:00,-4406.25,2047.5,-2358.75
2025-07-31 11:29:00,-4211.25,2032.5,-2178.75
2025-07-31 11:30:00,-3855.0,1841.25,-2013.75
2025-07-31 11:31:00,-4113.75,1912.5,-2201.25
2025-07-31 11:32:00,-4473.75,1931.25,-2542.5
2025-07-31 11:33:00,-4875.0,2130.0,-2745.0
2025-07-31 11:34:00,-5370.0,2317.5,-3052.5
2025-07-31 11:35:00,-5535.0,2587.5,-2947.5
2025-07-31 11:36:00,-4387.5,1942.5,-2445.0
2025-07-31 11:37:00,-4897.5,2287.5,-2610.0
2025-07-31 11:38:00,-4301.25,1957.5,-2343.75
2025-07-31 11:39:00,-4110.0,2040.0,-2070.0
2025-07-31 11:40:00,-4796.25,2445.0,-2351.25
2025-07-31 11:41:00,-4867.5,2242.5,-2625.0
2025-07-31 11:42:00,-4841.25,2445.0,-2396.25
2025-07-31 11:43:00,-5542.5,2857.5,-2685.0
2025-07-31 11:44:00,-5891.25,2775.0,-3116.25
2025-07-31 11:45:00,-5767.5,2617.5,-3150.0
2025-07-31 11:46:00,-5077.5,2497.5,-2580.0
2025-07-31 11:47:00,-5482.5,2880.0,-2602.5
2025-07-31 11:48:00,-6127.5,3187.5,-2940.0
2025-07-31 11:49:00,-6240.0,3247.5,-2992.5
2025-07-31 11:50:00,-5235.0,2722.5,-2512.5
2025-07-31 11:51:00,-5325.0,2977.5,-2347.5
2025-07-31 11:52:00,-5257.5,2902.5,-2355.0
2025-07-31 11:53:00,-5178.75,2865.0,-2313.75
2025-07-31 11:54:00,-5051.25,2797.5,-2253.75
2025-07-31 11:55:00,-5163.75,2827.5,-2336.25
2025-07-31 11:56:00,-4965.0,2835.0,-2130.0
2025-07-31 11:57:00,-5111.25,2872.5,-2238.75
2025-07-31 11:58:00,-4972.5,2880.0,-2092.5
2025-07-31 11:59:00,-4721.25,2745.0,-1976.25
2025-07-31 12:00:00,-4826.25,2745.0,-2081.25
2025-07-31 12:01:00,-4342.5,2752.5,-1590.0
2025-07-31 12:02:00,-3885.0,2475.0,-1410.0
2025-07-31 12:03:00,-3371.25,2302.5,-1068.75
2025-07-31 12:04:00,-3247.5,2287.5,-960.0
2025-07-31 12:05:00,-3097.5,2250.0,-847.5
2025-07-31 12:06:00,-3116.25,2272.5,-843.75
2025-07-31 12:07:00,-2677.5,1642.5,-1035.0
2025-07-31 12:08:00,-2302.5,1372.5,-930.0
2025-07-31 12:09:00,-2373.75,1680.0,-693.75
2025-07-31 12:10:00,-2163.75,1342.5,-821.25
2025-07-31 12:11:00,-2692.5,2220.0,-472.5
2025-07-31 12:12:00,-3705.0,3112.5,-592.5
2025-07-31 12:13:00,-4391.25,3292.5,-1098.75
2025-07-31 12:14:00,-5351.25,3577.5,-1773.75
2025-07-31 12:15:00,-5853.75,3795.0,-2058.75
2025-07-31 12:16:00,-6742.5,4215.0,-2527.5
2025-07-31 12:17:00,-5711.25,3907.5,-1803.75
2025-07-31 12:18:00,-5857.5,3997.5,-1860.0
2025-07-31 12:19:00,-6780.0,4432.5,-2347.5
2025-07-31 12:20:00,-7117.5,4380.0,-2737.5
2025-07-31 12:21:00,-6881.25,4282.5,-2598.75
2025-07-31 12:22:00,-6663.75,4290.0,-2373.75
2025-07-31 12:23:00,-6941.25,4582.5,-2358.75
2025-07-31 12:24:00,-6828.75,4552.5,-2276.25
2025-07-31 12:25:00,-7042.5,4672.5,-2370.0
2025-07-31 12:26:00,-6570.0,4275.0,-2295.0
2025-07-31 12:27:00,-6311.25,4507.5,-1803.75
2025-07-31 12:28:00,-6307.5,4492.5,-1815.0
2025-07-31 12:29:00,-5913.75,4432.5,-1481.25
2025-07-31 12:30:00,-6018.75,4897.5,-1121.25
2025-07-31 12:31:00,-6108.75,4710.0,-1398.75
2025-07-31 12:32:00,-5955.0,4545.0,-1410.0
2025-07-31 12:33:00,-6056.25,4575.0,-1481.25
2025-07-31 12:34:00,-6795.0,4897.5,-1897.5
2025-07-31 12:35:00,-7593.75,5100.0,-2493.75
2025-07-31 12:36:00,-7781.25,5190.0,-2591.25
2025-07-31 12:37:00,-7758.75,5197.5,-2561.25
2025-07-31 12:38:00,-7878.75,5197.5,-2681.25
2025-07-31 12:39:00,-7961.25,5347.5,-2613.75
2025-07-31 12:40:00,-7353.75,5362.5,-1991.25
2025-07-31 12:41:00,-7117.5,5272.5,-1845.0
2025-07-31 12:42:00,-7233.75,5295.0,-1938.75
2025-07-31 12:43:00,-6708.75,5197.5,-1511.25
2025-07-31 12:44:00,-6356.25,5160.0,-1196.25
2025-07-31 12:45:00,-6746.25,5310.0,-1436.25
2025-07-31 12:46:00,-6506.25,5190.0,-1316.25
2025-07-31 12:47:00,-6708.75,5295.0,-1413.75
2025-07-31 12:48:00,-6903.75,5355.0,-1548.75
2025-07-31 12:49:00,-7402.5,5520.0,-1882.5
2025-07-31 12:50:00,-8197.5,5497.5,-2700.0
2025-07-31 12:51:00,-8362.5,5512.5,-2850.0
2025-07-31 12:52:00,-8175.0,5400.0,-2775.0
2025-07-31 12:53:00,-8276.25,5407.5,-2868.75
2025-07-31 12:54:00,-8103.75,5452.5,-2651.25
2025-07-31 12:55:00,-8133.75,5355.0,-2778.75
2025-07-31 12:56:00,-8055.0,5317.5,-2737.5
2025-07-31 12:57:00,-8493.75,5332.5,-3161.25
2025-07-31 12:58:00,-10170.0,5557.5,-4612.5
2025-07-31 12:59:00,-10275.0,5640.0,-4635.0
2025-07-31 13:00:00,-9693.75,5640.0,-4053.75
2025-07-31 13:01:00,-9802.5,5640.0,-4162.5
2025-07-31 13:02:00,-9832.5,5625.0,-4207.5
2025-07-31 13:03:00,-9948.75,5700.0,-4248.75
2025-07-31 13:04:00,-9491.25,5647.5,-3843.75
2025-07-31 13:05:00,-9093.75,5580.0,-3513.75
2025-07-31 13:06:00,-9701.25,5662.5,-4038.75
2025-07-31 13:07:00,-9116.25,5550.0,-3566.25
2025-07-31 13:08:00,-10237.5,5640.0,-4597.5
2025-07-31 13:09:00,-9457.5,5497.5,-3960.0
2025-07-31 13:10:00,-9502.5,5512.5,-3990.0
2025-07-31 13:11:00,-9817.5,5445.0,-4372.5
2025-07-31 13:12:00,-10901.25,5580.0,-5321.25
2025-07-31 13:13:00,-10983.75,5662.5,-5321.25
2025-07-31 13:14:00,-9911.25,5557.5,-4353.75
2025-07-31 13:15:00,-9656.25,5722.5,-3933.75
2025-07-31 13:16:00,-9161.25,5760.0,-3401.25
2025-07-31 13:17:00,-9555.0,5775.0,-3780.0
2025-07-31 13:18:00,-10027.5,5887.5,-4140.0
2025-07-31 13:19:00,-10012.5,5910.0,-4102.5
2025-07-31 13:20:00,-10065.0,5782.5,-4282.5
2025-07-31 13:21:00,-9993.75,5752.5,-4241.25
2025-07-31 13:22:00,-10035.0,5775.0,-4260.0
2025-07-31 13:23:00,-9918.75,5715.0,-4203.75
2025-07-31 13:24:00,-9900.0,5707.5,-4192.5
2025-07-31 13:25:00,-9761.25,5752.5,-4008.75
2025-07-31 13:26:00,-9690.0,5700.0,-3990.0
2025-07-31 13:27:00,-9993.75,5827.5,-4166.25
2025-07-31 13:28:00,-9993.75,5872.5,-4121.25
2025-07-31 13:29:00,-10218.75,5962.5,-4256.25
2025-07-31 13:30:00,-10158.75,5902.5,-4256.25
2025-07-31 13:31:00,-10293.75,5895.0,-4398.75
2025-07-31 13:32:00,-10196.25,5940.0,-4256.25
2025-07-31 13:33:00,-10132.5,5902.5,-4230.0
2025-07-31 13:34:00,-10155.0,5925.0,-4230.0
2025-07-31 13:35:00,-10188.75,5947.5,-4241.25
2025-07-31 13:36:00,-10196.25,5932.5,-4263.75
2025-07-31 13:37:00,-10188.75,5977.5,-4211.25
2025-07-31 13:38:00,-10593.75,5985.0,-4608.75
2025-07-31 13:39:00,-10893.75,6000.0,-4893.75
2025-07-31 13:40:00,-10691.25,5932.5,-4758.75
2025-07-31 13:41:00,-10395.0,5895.0,-4500.0
2025-07-31 13:42:00,-10098.75,5865.0,-4233.75
2025-07-31 13:43:00,-10020.0,5827.5,-4192.5
2025-07-31 13:44:00,-9911.25,5835.0,-4076.25
2025-07-31 13:45:00,-10065.0,5850.0,-4215.0
2025-07-31 13:46:00,-10087.5,5865.0,-4222.5
2025-07-31 13:47:00,-9978.75,5887.5,-4091.25
2025-07-31 13:48:00,-10095.0,5902.5,-4192.5
2025-07-31 13:49:00,-10023.75,5902.5,-4121.25
2025-07-31 13:50:00,-10001.25,5902.5,-4098.75
2025-07-31 13:51:00,-9765.0,5790.0,-3975.0
2025-07-31 13:52:00,-9881.25,5925.0,-3956.25
2025-07-31 13:53:00,-9851.25,5880.0,-3971.25
2025-07-31 13:54:00,-9731.25,5895.0,-3836.25
2025-07-31 13:55:00,-9720.0,5917.5,-3802.5
2025-07-31 13:56:00,-9720.0,5962.5,-3757.5
2025-07-31 13:57:00,-9768.75,6030.0,-3738.75
2025-07-31 13:58:00,-9903.75,6217.5,-3686.25
2025-07-31 13:59:00,-9476.25,6157.5,-3318.75
2025-07-31 14:00:00,-9356.25,6300.0,-3056.25
2025-07-31 14:01:00,-9300.0,6337.5,-2962.5
2025-07-31 14:02:00,-9420.0,6345.0,-3075.0
2025-07-31 14:03:00,-9652.5,6382.5,-3270.0
2025-07-31 14:04:00,-9386.25,6330.0,-3056.25
2025-07-31 14:05:00,-9427.5,6367.5,-3060.0
2025-07-31 14:06:00,-9566.25,6390.0,-3176.25
2025-07-31 14:07:00,-9652.5,6397.5,-3255.0
2025-07-31 14:08:00,-9885.0,6390.0,-3495.0
2025-07-31 14:09:00,-9873.75,6420.0,-3453.75
2025-07-31 14:10:00,-9682.5,6435.0,-3247.5
2025-07-31 14:11:00,-9652.5,6465.0,-3187.5
2025-07-31 14:12:00,-9720.0,6457.5,-3262.5
2025-07-31 14:13:00,-9573.75,6465.0,-3108.75
2025-07-31 14:14:00,-9536.25,6465.0,-3071.25
2025-07-31 14:15:00,-9401.25,6457.5,-2943.75
2025-07-31 14:16:00,-9330.0,6420.0,-2910.0
2025-07-31 14:17:00,-9348.75,6390.0,-2958.75
2025-07-31 14:18:00,-9232.5,6367.5,-2865.0
2025-07-31 14:19:00,-9266.25,6390.0,-2876.25
2025-07-31 14:20:00,-9232.5,6382.5,-2850.0
2025-07-31 14:21:00,-9225.0,6390.0,-2835.0
2025-07-31 14:22:00,-9187.5,6375.0,-2812.5
2025-07-31 14:23:00,-9172.5,6352.5,-2820.0
2025-07-31 14:24:00,-9187.5,6345.0,-2842.5
2025-07-31 14:25:00,-9187.5,6345.0,-2842.5
2025-07-31 14:26:00,-9090.0,6232.5,-2857.5
2025-07-31 14:27:00,-9097.5,6210.0,-2887.5
2025-07-31 14:28:00,-9123.75,6330.0,-2793.75
2025-07-31 14:29:00,-9063.75,6315.0,-2748.75
2025-07-31 14:30:00,-9022.5,6007.5,-3015.0
2025-07-31 14:31:00,-9041.25,5467.5,-3573.75
2025-07-31 14:32:00,-9048.75,6120.0,-2928.75
2025-07-31 14:33:00,-9033.75,6262.5,-2771.25
2025-07-31 14:34:00,-9075.0,6390.0,-2685.0
2025-07-31 14:35:00,-9045.0,6330.0,-2715.0
2025-07-31 14:36:00,-9037.5,6390.0,-2647.5
2025-07-31 14:37:00,-9022.5,6307.5,-2715.0
2025-07-31 14:38:00,-9056.25,6450.0,-2606.25
2025-07-31 14:39:00,-9056.25,6457.5,-2598.75
2025-07-31 14:40:00,-9022.5,6525.0,-2497.5
2025-07-31 14:41:00,-9022.5,6525.0,-2497.5
2025-07-31 14:42:00,-8958.75,6382.5,-2576.25
2025-07-31 14:43:00,-8962.5,6465.0,-2497.5
2025-07-31 14:44:00,-8962.5,6517.5,-2445.0
2025-07-31 14:45:00,-8970.0,6517.5,-2452.5
2025-07-31 14:46:00,-8962.5,6487.5,-2475.0
2025-07-31 14:47:00,-8962.5,6465.0,-2497.5
2025-07-31 14:48:00,-8947.5,6450.0,-2497.5
2025-07-31 14:49:00,-8951.25,6465.0,-2486.25
2025-07-31 14:50:00,-8951.25,6465.0,-2486.25
2025-07-31 14:51:00,-8947.5,6480.0,-2467.5
2025-07-31 14:52:00,-8955.0,6457.5,-2497.5
2025-07-31 14:53:00,-8951.25,6502.5,-2448.75
2025-07-31 14:54:00,-8958.75,6495.0,-2463.75
2025-07-31 14:55:00,-8955.0,6307.5,-2647.5
2025-07-31 14:56:00,-8947.5,6495.0,-2452.5
2025-07-31 14:57:00,-8936.25,6510.0,-2426.25
2025-07-31 14:58:00,-8928.75,6532.5,-2396.25
2025-07-31 14:59:00,-8932.5,6577.5,-2355.0
2025-07-31 15:00:00,-8936.25,6532.5,-2403.75
2025-07-31 15:01:00,-8928.75,6442.5,-2486.25
2025-07-31 15:02:00,-8921.25,6397.5,-2523.75
2025-07-31 15:03:00,-8913.75,6450.0,-2463.75
2025-07-31 15:04:00,-8913.75,6457.5,-2456.25
2025-07-31 15:05:00,-8913.75,6480.0,-2433.75
2025-07-31 15:06:00,-8917.5,6360.0,-2557.5
2025-07-31 15:07:00,-8913.75,6352.5,-2561.25
2025-07-31 15:08:00,-8913.75,6262.5,-2651.25
2025-07-31 15:09:00,-8917.5,6375.0,-2542.5
2025-07-31 15:10:00,-8917.5,6000.0,-2917.5
2025-07-31 15:11:00,-8910.0,6562.5,-2347.5
2025-07-31 15:12:00,-8910.0,6405.0,-2505.0
2025-07-31 15:13:00,-8913.75,6375.0,-2538.75
2025-07-31 15:14:00,-8913.75,6382.5,-2531.25
2025-07-31 15:15:00,-8906.25,6555.0,-2351.25
2025-07-31 15:16:00,-8906.25,6480.0,-2426.25
2025-07-31 15:17:00,-8910.0,6427.5,-2482.5
2025-07-31 15:18:00,-8910.0,6465.0,-2445.0
2025-07-31 15:19:00,-8910.0,6637.5,-2272.5
2025-07-31 15:20:00,-8906.25,6592.5,-2313.75
2025-07-31 15:21:00,-8906.25,6592.5,-2313.75
2025-07-31 15:22:00,-8906.25,6592.5,-2313.75
2025-07-31 15:23:00,-8906.25,6592.5,-2313.75
2025-07-31 15:24:00,-8906.25,6592.5,-2313.75
2025-07-31 15:25:00,-8906.25,6592.5,-2313.75
2025-07-31 15:26:00,-8906.25,6592.5,-2313.75
2025-07-31 15:27:00,-8906.25,6592.5,-2313.75
2025-07-31 15:28:00,-8906.25,6592.5,-2313.75
2025-07-31 15:29:00,-8906.25,6592.5,-2313.75
2025-07-31 15:30:00,-8906.25,6592.5,-2313.75
2025-08-07 10:15:00,0.0,0.0,0.0
2025-08-07 10:16:00,7.5,202.5,210.0
2025-08-07 10:17:00,116.25,67.5,183.75
2025-08-07 10:18:00,48.75,255.0,303.75
2025-08-07 10:19:00,0.0,438.75,438.75
2025-08-07 10:20:00,52.5,442.5,495.0
2025-08-07 10:21:00,86.25,303.75,390.0
2025-08-07 10:22:00,153.75,240.0,393.75
2025-08-07 10:23:00,97.5,277.5,375.0
2025-08-07 10:24:00,116.25,255.0,371.25
2025-08-07 10:25:00,78.75,296.25,375.0
2025-08-07 10:26:00,7.5,423.75,431.25
2025-08-07 10:27:00,86.25,273.75,360.0
2025-08-07 10:28:00,225.0,22.5,247.5
2025-08-07 10:29:00,326.25,-412.5,-86.25
2025-08-07 10:30:00,333.75,-750.0,-416.25
2025-08-07 10:31:00,663.75,-1830.0,-1166.25
2025-08-07 10:32:00,697.5,-1811.25,-1113.75
2025-08-07 10:33:00,697.5,-1590.0,-892.5
2025-08-07 10:34:00,780.0,-1443.75,-663.75
2025-08-07 10:35:00,806.25,-1331.25,-525.0
2025-08-07 10:36:00,817.5,-1492.5,-675.0
2025-08-07 10:37:00,813.75,-1455.0,-641.25
2025-08-07 10:38:00,742.5,-1361.25,-618.75
2025-08-07 10:39:00,798.75,-1338.75,-540.0
2025-08-07 10:40:00,761.25,-1398.75,-637.5
2025-08-07 10:41:00,776.25,-1582.5,-806.25
2025-08-07 10:42:00,738.75,-1541.25,-802.5
2025-08-07 10:43:00,911.25,-1770.0,-858.75
2025-08-07 10:44:00,915.0,-1845.0,-930.0
2025-08-07 10:45:00,802.5,-1612.5,-810.0
2025-08-07 10:46:00,937.5,-2490.0,-1552.5
2025-08-07 10:47:00,975.0,-2313.75,-1338.75
2025-08-07 10:48:00,990.0,-2490.0,-1500.0
2025-08-07 10:49:00,978.75,-2538.75,-1560.0
2025-08-07 10:50:00,967.5,-2902.5,-1935.0
2025-08-07 10:51:00,900.0,-2557.5,-1657.5
2025-08-07 10:52:00,888.75,-2756.25,-1867.5
2025-08-07 10:53:00,982.5,-2643.75,-1661.25
2025-08-07 10:54:00,960.0,-2910.0,-1950.0
2025-08-07 10:55:00,937.5,-2763.75,-1826.25
2025-08-07 10:56:00,866.25,-2343.75,-1477.5
2025-08-07 10:57:00,858.75,-2355.0,-1496.25
2025-08-07 10:58:00,847.5,-2066.25,-1218.75
2025-08-07 10:59:00,843.75,-2118.75,-1275.0
2025-08-07 11:00:00,847.5,-2212.5,-1365.0
2025-08-07 11:01:00,967.5,-2265.0,-1297.5
2025-08-07 11:02:00,1023.75,-2790.0,-1766.25
2025-08-07 11:03:00,1158.75,-3146.25,-1987.5
2025-08-07 11:04:00,1248.75,-3341.25,-2092.5
2025-08-07 11:05:00,1173.75,-3416.25,-2242.5
2025-08-07 11:06:00,1155.0,-3547.5,-2392.5
2025-08-07 11:07:00,1173.75,-3798.75,-2625.0
2025-08-07 11:08:00,1102.5,-3285.0,-2182.5
2025-08-07 11:09:00,1072.5,-3491.25,-2418.75
2025-08-07 11:10:00,982.5,-3146.25,-2163.75
2025-08-07 11:11:00,1027.5,-3277.5,-2250.0
2025-08-07 11:12:00,896.25,-3161.25,-2265.0
2025-08-07 11:13:00,937.5,-3243.75,-2306.25
2025-08-07 11:14:00,952.5,-3270.0,-2317.5
2025-08-07 11:15:00,866.25,-3198.75,-2332.5
2025-08-07 11:16:00,866.25,-3150.0,-2283.75
2025-08-07 11:17:00,753.75,-2598.75,-1845.0
2025-08-07 11:18:00,731.25,-2493.75,-1762.5
2025-08-07 11:19:00,952.5,-2546.25,-1593.75
2025-08-07 11:20:00,1016.25,-2595.0,-1578.75
2025-08-07 11:21:00,967.5,-2340.0,-1372.5
2025-08-07 11:22:00,1143.75,-2655.0,-1511.25
2025-08-07 11:23:00,926.25,-2268.75,-1342.5
2025-08-07 11:24:00,945.0,-2332.5,-1387.5
2025-08-07 11:25:00,967.5,-2257.5,-1290.0
2025-08-07 11:26:00,922.5,-2231.25,-1308.75
2025-08-07 11:27:00,873.75,-1931.25,-1057.5
2025-08-07 11:28:00,982.5,-2141.25,-1158.75
2025-08-07 11:29:00,1065.0,-2197.5,-1132.5
2025-08-07 11:30:00,1125.0,-2227.5,-1102.5
2025-08-07 11:31:00,1053.75,-2283.75,-1230.0
2025-08-07 11:32:00,1057.5,-2265.0,-1207.5
2025-08-07 11:33:00,1140.0,-2621.25,-1481.25
2025-08-07 11:34:00,1132.5,-2741.25,-1608.75
2025-08-07 11:35:00,1057.5,-2460.0,-1402.5
2025-08-07 11:36:00,982.5,-2306.25,-1323.75
2025-08-07 11:37:00,1068.75,-2370.0,-1301.25
2025-08-07 11:38:00,986.25,-2152.5,-1166.25
2025-08-07 11:39:00,918.75,-1983.75,-1065.0
2025-08-07 11:40:00,705.0,-1443.75,-738.75
2025-08-07 11:41:00,787.5,-1391.25,-603.75
2025-08-07 11:42:00,1008.75,-1612.5,-603.75
2025-08-07 11:43:00,1113.75,-1781.25,-667.5
2025-08-07 11:44:00,1177.5,-1961.25,-783.75
2025-08-07 11:45:00,1218.75,-2096.25,-877.5
2025-08-07 11:46:00,1215.0,-1980.0,-765.0
2025-08-07 11:47:00,1376.25,-2283.75,-907.5
2025-08-07 11:48:00,1327.5,-1848.75,-521.25
2025-08-07 11:49:00,1436.25,-2118.75,-682.5
2025-08-07 11:50:00,1477.5,-2100.0,-622.5
2025-08-07 11:51:00,1406.25,-1991.25,-585.0
2025-08-07 11:52:00,1511.25,-2141.25,-630.0
2025-08-07 11:53:00,1432.5,-2036.25,-603.75
2025-08-07 11:54:00,1338.75,-1856.25,-517.5
2025-08-07 11:55:00,1263.75,-1631.25,-367.5
2025-08-07 11:56:00,1305.0,-1676.25,-371.25
2025-08-07 11:57:00,1252.5,-1653.75,-401.25
2025-08-07 11:58:00,1308.75,-1732.5,-423.75
2025-08-07 11:59:00,1312.5,-1646.25,-333.75
2025-08-07 12:00:00,1436.25,-1533.75,-97.5
2025-08-07 12:01:00,1511.25,-1447.5,63.75
2025-08-07 12:02:00,1533.75,-1586.25,-52.5
2025-08-07 12:03:00,1365.0,-1068.75,296.25
2025-08-07 12:04:00,1428.75,-1200.0,228.75
2025-08-07 12:05:00,1391.25,-1035.0,356.25
2025-08-07 12:06:00,1361.25,-922.5,438.75
2025-08-07 12:07:00,1481.25,-1128.75,352.5
2025-08-07 12:08:00,1590.0,-1410.0,180.0
2025-08-07 12:09:00,1567.5,-1301.25,266.25
2025-08-07 12:10:00,1601.25,-1260.0,341.25
2025-08-07 12:11:00,1526.25,-1140.0,386.25
2025-08-07 12:12:00,1462.5,-1016.25,446.25
2025-08-07 12:13:00,1151.25,-678.75,472.5
2025-08-07 12:14:00,1335.0,-817.5,517.5
2025-08-07 12:15:00,1320.0,-836.25,483.75
2025-08-07 12:16:00,1278.75,-675.0,603.75
2025-08-07 12:17:00,1196.25,-581.25,615.0
2025-08-07 12:18:00,1327.5,-750.0,577.5
2025-08-07 12:19:00,1522.5,-963.75,558.75
2025-08-07 12:20:00,1488.75,-930.0,558.75
2025-08-07 12:21:00,1473.75,-802.5,671.25
2025-08-07 12:22:00,1470.0,-768.75,701.25
2025-08-07 12:23:00,1747.5,-1211.25,536.25
2025-08-07 12:24:00,1672.5,-918.75,753.75
2025-08-07 12:25:00,1710.0,-971.25,738.75
2025-08-07 12:26:00,1702.5,-915.0,787.5
2025-08-07 12:27:00,1743.75,-1046.25,697.5
2025-08-07 12:28:00,1807.5,-873.75,933.75
2025-08-07 12:29:00,1800.0,-821.25,978.75
2025-08-07 12:30:00,1728.75,-795.0,933.75
2025-08-07 12:31:00,1646.25,-678.75,967.5
2025-08-07 12:32:00,1725.0,-686.25,1038.75
2025-08-07 12:33:00,1815.0,-896.25,918.75
2025-08-07 12:34:00,1957.5,-1181.25,776.25
2025-08-07 12:35:00,1886.25,-1087.5,798.75
2025-08-07 12:36:00,1837.5,-986.25,851.25
2025-08-07 12:37:00,1635.0,-622.5,1012.5
2025-08-07 12:38:00,1706.25,-753.75,952.5
2025-08-07 12:39:00,1638.75,-693.75,945.0
2025-08-07 12:40:00,1608.75,-675.0,933.75
2025-08-07 12:41:00,1635.0,-693.75,941.25
2025-08-07 12:42:00,1687.5,-607.5,1080.0
2025-08-07 12:43:00,1848.75,-776.25,1072.5
2025-08-07 12:44:00,1931.25,-810.0,1121.25
2025-08-07 12:45:00,1860.0,-787.5,1072.5
2025-08-07 12:46:00,1897.5,-832.5,1065.0
2025-08-07 12:47:00,1905.0,-798.75,1106.25
2025-08-07 12:48:00,1912.5,-810.0,1102.5
2025-08-07 12:49:00,1953.75,-870.0,1083.75
2025-08-07 12:50:00,1991.25,-1057.5,933.75
2025-08-07 12:51:00,1912.5,-825.0,1087.5
2025-08-07 12:52:00,1980.0,-963.75,1016.25
2025-08-07 12:53:00,2025.0,-948.75,1076.25
2025-08-07 12:54:00,2013.75,-971.25,1042.5
2025-08-07 12:55:00,1965.0,-798.75,1166.25
2025-08-07 12:56:00,2006.25,-900.0,1106.25
2025-08-07 12:57:00,2036.25,-918.75,1117.5
2025-08-07 12:58:00,1968.75,-761.25,1207.5
2025-08-07 12:59:00,1867.5,-570.0,1297.5
2025-08-07 13:00:00,1916.25,-633.75,1282.5
2025-08-07 13:01:00,1912.5,-701.25,1211.25
2025-08-07 13:02:00,2006.25,-888.75,1117.5
2025-08-07 13:03:00,1871.25,-641.25,1230.0
2025-08-07 13:04:00,1923.75,-705.0,1218.75
2025-08-07 13:05:00,1942.5,-828.75,1113.75
2025-08-07 13:06:00,2010.0,-967.5,1042.5
2025-08-07 13:07:00,2088.75,-1278.75,810.0
2025-08-07 13:08:00,2118.75,-1912.5,206.25
2025-08-07 13:09:00,2133.75,-1807.5,326.25
2025-08-07 13:10:00,2118.75,-1777.5,341.25
2025-08-07 13:11:00,2133.75,-2257.5,-123.75
2025-08-07 13:12:00,2186.25,-2587.5,-401.25
2025-08-07 13:13:00,2193.75,-2193.75,0.0
2025-08-07 13:14:00,2242.5,-2328.75,-86.25
2025-08-07 13:15:00,2246.25,-2231.25,15.0
2025-08-07 13:16:00,2246.25,-2366.25,-120.0
2025-08-07 13:17:00,2280.0,-2876.25,-596.25
2025-08-07 13:18:00,2321.25,-2872.5,-551.25
2025-08-07 13:19:00,2340.0,-3378.75,-1038.75
2025-08-07 13:20:00,2310.0,-2681.25,-371.25
2025-08-07 13:21:00,2332.5,-3150.0,-817.5
2025-08-07 13:22:00,2306.25,-3311.25,-1005.0
2025-08-07 13:23:00,2317.5,-4241.25,-1923.75
2025-08-07 13:24:00,2321.25,-4586.25,-2265.0
2025-08-07 13:25:00,2340.0,-5520.0,-3180.0
2025-08-07 13:26:00,2392.5,-5433.75,-3041.25
2025-08-07 13:27:00,2377.5,-5456.25,-3078.75
2025-08-07 13:28:00,2388.75,-5460.0,-3071.25
2025-08-07 13:29:00,2407.5,-5527.5,-3120.0
2025-08-07 13:30:00,2430.0,-5505.0,-3075.0
2025-08-07 13:31:00,2445.0,-5448.75,-3003.75
2025-08-07 13:32:00,2385.0,-5456.25,-3071.25
2025-08-07 13:33:00,2418.75,-5501.25,-3082.5
2025-08-07 13:34:00,2441.25,-5568.75,-3127.5
2025-08-07 13:35:00,2437.5,-5523.75,-3086.25
2025-08-07 13:36:00,2441.25,-5576.25,-3135.0
2025-08-07 13:37:00,2441.25,-5580.0,-3138.75
2025-08-07 13:38:00,2448.75,-5621.25,-3172.5
2025-08-07 13:39:00,2463.75,-5565.0,-3101.25
2025-08-07 13:40:00,2452.5,-5493.75,-3041.25
2025-08-07 13:41:00,2471.25,-5452.5,-2981.25
2025-08-07 13:42:00,2452.5,-5448.75,-2996.25
2025-08-07 13:43:00,2448.75,-5418.75,-2970.0
2025-08-07 13:44:00,2456.25,-5418.75,-2962.5
2025-08-07 13:45:00,2317.5,-5340.0,-3022.5
2025-08-07 13:46:00,2313.75,-5328.75,-3015.0
2025-08-07 13:47:00,2388.75,-5373.75,-2985.0
2025-08-07 13:48:00,2347.5,-5377.5,-3030.0
2025-08-07 13:49:00,2362.5,-5385.0,-3022.5
2025-08-07 13:50:00,2370.0,-5343.75,-2973.75
2025-08-07 13:51:00,2400.0,-5336.25,-2936.25
2025-08-07 13:52:00,2467.5,-5343.75,-2876.25
2025-08-07 13:53:00,2415.0,-5306.25,-2891.25
2025-08-07 13:54:00,2448.75,-5298.75,-2850.0
2025-08-07 13:55:00,2430.0,-5283.75,-2853.75
2025-08-07 13:56:00,2426.25,-5276.25,-2850.0
2025-08-07 13:57:00,2478.75,-5250.0,-2771.25
2025-08-07 13:58:00,2415.0,-5250.0,-2835.0
2025-08-07 13:59:00,2448.75,-5253.75,-2805.0
2025-08-07 14:00:00,2478.75,-5246.25,-2767.5
2025-08-07 14:01:00,2441.25,-5253.75,-2812.5
2025-08-07 14:02:00,2441.25,-5250.0,-2808.75
2025-08-07 14:03:00,2313.75,-5250.0,-2936.25
2025-08-07 14:04:00,2396.25,-5238.75,-2842.5
2025-08-07 14:05:00,2358.75,-5246.25,-2887.5
2025-08-07 14:06:00,2122.5,-5242.5,-3120.0
2025-08-07 14:07:00,2358.75,-5231.25,-2872.5
2025-08-07 14:08:00,2231.25,-5223.75,-2992.5
2025-08-07 14:09:00,2216.25,-5227.5,-3011.25
2025-08-07 14:10:00,2295.0,-5220.0,-2925.0
2025-08-07 14:11:00,2377.5,-5201.25,-2823.75
2025-08-07 14:12:00,2276.25,-5201.25,-2925.0
2025-08-07 14:13:00,2246.25,-5201.25,-2955.0
2025-08-07 14:14:00,2411.25,-5201.25,-2790.0
2025-08-07 14:15:00,2310.0,-5193.75,-2883.75
2025-08-07 14:16:00,2343.75,-5186.25,-2842.5
2025-08-07 14:17:00,2216.25,-5186.25,-2970.0
2025-08-07 14:18:00,2002.5,-5193.75,-3191.25
2025-08-07 14:19:00,1387.5,-5190.0,-3802.5
2025-08-07 14:20:00,1447.5,-5197.5,-3750.0
2025-08-07 14:21:00,1185.0,-5212.5,-4027.5
2025-08-07 14:22:00,1143.75,-5175.0,-4031.25
2025-08-07 14:23:00,982.5,-5141.25,-4158.75
2025-08-07 14:24:00,1241.25,-5141.25,-3900.0
2025-08-07 14:25:00,1560.0,-5212.5,-3652.5
2025-08-07 14:26:00,1515.0,-5253.75,-3738.75
2025-08-07 14:27:00,1560.0,-5242.5,-3682.5
2025-08-07 14:28:00,1661.25,-5257.5,-3596.25
2025-08-07 14:29:00,1657.5,-5238.75,-3581.25
2025-08-07 14:30:00,1515.0,-5130.0,-3615.0
2025-08-07 14:31:00,1518.75,-5141.25,-3622.5
2025-08-07 14:32:00,1428.75,-5111.25,-3682.5
2025-08-07 14:33:00,1518.75,-5118.75,-3600.0
2025-08-07 14:34:00,1462.5,-5092.5,-3630.0
2025-08-07 14:35:00,1432.5,-5073.75,-3641.25
2025-08-07 14:36:00,1560.0,-5077.5,-3517.5
2025-08-07 14:37:00,1275.0,-5058.75,-3783.75
2025-08-07 14:38:00,1207.5,-5051.25,-3843.75
2025-08-07 14:39:00,1046.25,-5066.25,-4020.0
2025-08-07 14:40:00,1147.5,-5066.25,-3918.75
2025-08-07 14:41:00,1368.75,-5081.25,-3712.5
2025-08-07 14:42:00,1241.25,-5051.25,-3810.0
2025-08-07 14:43:00,1215.0,-5058.75,-3843.75
2025-08-07 14:44:00,795.0,-5047.5,-4252.5
2025-08-07 14:45:00,798.75,-5025.0,-4226.25
2025-08-07 14:46:00,1170.0,-5028.75,-3858.75
2025-08-07 14:47:00,1151.25,-5028.75,-3877.5
2025-08-07 14:48:00,1038.75,-5021.25,-3982.5
2025-08-07 14:49:00,1140.0,-5025.0,-3885.0
2025-08-07 14:50:00,873.75,-5010.0,-4136.25
2025-08-07 14:51:00,637.5,-4998.75,-4361.25
2025-08-07 14:52:00,806.25,-4998.75,-4192.5
2025-08-07 14:53:00,521.25,-4998.75,-4477.5
2025-08-07 14:54:00,825.0,-4995.0,-4170.0
2025-08-07 14:55:00,652.5,-4995.0,-4342.5
2025-08-07 14:56:00,1286.25,-5055.0,-3768.75
2025-08-07 14:57:00,907.5,-4796.25,-3888.75
2025-08-07 14:58:00,1312.5,-4882.5,-3570.0
2025-08-07 14:59:00,1372.5,-4905.0,-3532.5
2025-08-07 15:00:00,975.0,-4695.0,-3720.0
2025-08-07 15:01:00,701.25,-4605.0,-3903.75
2025-08-07 15:02:00,345.0,-4556.25,-4211.25
2025-08-07 15:03:00,513.75,-4556.25,-4042.5
2025-08-07 15:04:00,416.25,-4522.5,-4106.25
2025-08-07 15:05:00,311.25,-4518.75,-4207.5
2025-08-07 15:06:00,-1410.0,-4522.5,-5932.5
2025-08-07 15:07:00,-1365.0,-4515.0,-5880.0
2025-08-07 15:08:00,-1241.25,-4500.0,-5741.25
2025-08-07 15:09:00,-776.25,-4500.0,-5276.25
2025-08-07 15:10:00,-840.0,-4503.75,-5343.75
2025-08-07 15:11:00,-540.0,-4500.0,-5040.0
2025-08-07 15:12:00,-843.75,-4492.5,-5336.25
2025-08-07 15:13:00,-1098.75,-4492.5,-5591.25
2025-08-07 15:14:00,-1443.75,-4488.75,-5932.5
2025-08-07 15:15:00,-858.75,-4492.5,-5351.25
2025-08-07 15:16:00,-1226.25,-4485.0,-5711.25
2025-08-07 15:17:00,-1200.0,-4488.75,-5688.75
2025-08-07 15:18:00,-1387.5,-4481.25,-5868.75
2025-08-07 15:19:00,-1230.0,-4485.0,-5715.0
2025-08-07 15:20:00,-1050.0,-4488.75,-5538.75
2025-08-07 15:21:00,-1050.0,-4488.75,-5538.75
2025-08-07 15:22:00,-1050.0,-4488.75,-5538.75
2025-08-07 15:23:00,-1050.0,-4488.75,-5538.75
2025-08-07 15:24:00,-1050.0,-4488.75,-5538.75
2025-08-07 15:25:00,-1050.0,-4488.75,-5538.75
2025-08-07 15:26:00,-1050.0,-4488.75,-5538.75
2025-08-07 15:27:00,-1050.0,-4488.75,-5538.75
2025-08-07 15:28:00,-1050.0,-4488.75,-5538.75
2025-08-07 15:29:00,-1050.0,-4488.75,-5538.75
2025-08-07 15:30:00,-1050.0,-4488.75,-5538.75
2025-08-14 10:15:00,0.0,0.0,0.0
2025-08-14 10:16:00,45.0,-71.25,-26.25
2025-08-14 10:17:00,-3.75,30.0,26.25
2025-08-14 10:18:00,-97.5,45.0,-52.5
2025-08-14 10:19:00,-116.25,15.0,-101.25
2025-08-14 10:20:00,-108.75,101.25,-7.5
2025-08-14 10:21:00,3.75,56.25,60.0
2025-08-14 10:22:00,-48.75,161.25,112.5
2025-08-14 10:23:00,-210.0,348.75,138.75
2025-08-14 10:24:00,-191.25,330.0,138.75
2025-08-14 10:25:00,-225.0,307.5,82.5
2025-08-14 10:26:00,-303.75,360.0,56.25
2025-08-14 10:27:00,-697.5,431.25,-266.25
2025-08-14 10:28:00,-660.0,472.5,-187.5
2025-08-14 10:29:00,-532.5,435.0,-97.5
2025-08-14 10:30:00,-401.25,412.5,11.25
2025-08-14 10:31:00,-408.75,423.75,15.0
2025-08-14 10:32:00,-540.0,461.25,-78.75
2025-08-14 10:33:00,-555.0,510.0,-45.0
2025-08-14 10:34:00,-607.5,513.75,-93.75
2025-08-14 10:35:00,-581.25,543.75,-37.5
2025-08-14 10:36:00,-420.0,495.0,75.0
2025-08-14 10:37:00,-288.75,472.5,183.75
2025-08-14 10:38:00,-93.75,468.75,375.0
2025-08-14 10:39:00,-150.0,480.0,330.0
2025-08-14 10:40:00,-67.5,405.0,337.5
2025-08-14 10:41:00,-116.25,431.25,315.0
2025-08-14 10:42:00,-15.0,375.0,360.0
2025-08-14 10:43:00,-108.75,401.25,292.5
2025-08-14 10:44:00,-210.0,457.5,247.5
2025-08-14 10:45:00,-202.5,495.0,292.5
2025-08-14 10:46:00,-187.5,510.0,322.5
2025-08-14 10:47:00,-90.0,476.25,386.25
2025-08-14 10:48:00,-112.5,491.25,378.75
2025-08-14 10:49:00,-93.75,513.75,420.0
2025-08-14 10:50:00,-202.5,543.75,341.25
2025-08-14 10:51:00,-183.75,525.0,341.25
2025-08-14 10:52:00,-60.0,483.75,423.75
2025-08-14 10:53:00,3.75,476.25,480.0
2025-08-14 10:54:00,97.5,442.5,540.0
2025-08-14 10:55:00,198.75,408.75,607.5
2025-08-14 10:56:00,273.75,363.75,637.5
2025-08-14 10:57:00,217.5,427.5,645.0
2025-08-14 10:58:00,120.0,461.25,581.25
2025-08-14 10:59:00,37.5,547.5,585.0
2025-08-14 11:00:00,82.5,532.5,615.0
2025-08-14 11:01:00,-116.25,633.75,517.5
2025-08-14 11:02:00,-146.25,656.25,510.0
2025-08-14 11:03:00,-172.5,675.0,502.5
2025-08-14 11:04:00,-11.25,633.75,622.5
2025-08-14 11:05:00,-48.75,686.25,637.5
2025-08-14 11:06:00,138.75,645.0,783.75
2025-08-14 11:07:00,176.25,615.0,791.25
2025-08-14 11:08:00,161.25,618.75,780.0
2025-08-14 11:09:00,93.75,633.75,727.5
2025-08-14 11:10:00,63.75,630.0,693.75
2025-08-14 11:11:00,26.25,637.5,663.75
2025-08-14 11:12:00,127.5,600.0,727.5
2025-08-14 11:13:00,112.5,588.75,701.25
2025-08-14 11:14:00,221.25,577.5,798.75
2025-08-14 11:15:00,183.75,581.25,765.0
2025-08-14 11:16:00,213.75,588.75,802.5
2025-08-14 11:17:00,247.5,573.75,821.25
2025-08-14 11:18:00,262.5,626.25,888.75
2025-08-14 11:19:00,168.75,678.75,847.5
2025-08-14 11:20:00,315.0,622.5,937.5
2025-08-14 11:21:00,161.25,660.0,821.25
2025-08-14 11:22:00,180.0,678.75,858.75
2025-08-14 11:23:00,322.5,622.5,945.0
2025-08-14 11:24:00,375.0,615.0,990.0
2025-08-14 11:25:00,431.25,592.5,1023.75
2025-08-14 11:26:00,592.5,442.5,1035.0
2025-08-14 11:27:00,532.5,491.25,1023.75
2025-08-14 11:28:00,491.25,476.25,967.5
2025-08-14 11:29:00,495.0,483.75,978.75
2025-08-14 11:30:00,498.75,555.0,1053.75
2025-08-14 11:31:00,555.0,450.0,1005.0
2025-08-14 11:32:00,468.75,491.25,960.0
2025-08-14 11:33:00,431.25,573.75,1005.0
2025-08-14 11:34:00,540.0,465.0,1005.0
2025-08-14 11:35:00,510.0,483.75,993.75
2025-08-14 11:36:00,502.5,476.25,978.75
2025-08-14 11:37:00,487.5,510.0,997.5
2025-08-14 11:38:00,517.5,573.75,1091.25
2025-08-14 11:39:00,442.5,630.0,1072.5
2025-08-14 11:40:00,573.75,585.0,1158.75
2025-08-14 11:41:00,618.75,532.5,1151.25
2025-08-14 11:42:00,735.0,378.75,1113.75
2025-08-14 11:43:00,780.0,26.25,806.25
2025-08-14 11:44:00,780.0,168.75,948.75
2025-08-14 11:45:00,735.0,187.5,922.5
2025-08-14 11:46:00,746.25,157.5,903.75
2025-08-14 11:47:00,795.0,93.75,888.75
2025-08-14 11:48:00,783.75,97.5,881.25
2025-08-14 11:49:00,742.5,142.5,885.0
2025-08-14 11:50:00,798.75,-15.0,783.75
2025-08-14 11:51:00,750.0,60.0,810.0
2025-08-14 11:52:00,716.25,108.75,825.0
2025-08-14 11:53:00,708.75,82.5,791.25
2025-08-14 11:54:00,705.0,198.75,903.75
2025-08-14 11:55:00,577.5,438.75,1016.25
2025-08-14 11:56:00,573.75,446.25,1020.0
2025-08-14 11:57:00,615.0,453.75,1068.75
2025-08-14 11:58:00,645.0,487.5,1132.5
2025-08-14 11:59:00,720.0,438.75,1158.75
2025-08-14 12:00:00,637.5,532.5,1170.0
2025-08-14 12:01:00,562.5,630.0,1192.5
2025-08-14 12:02:00,667.5,600.0,1267.5
2025-08-14 12:03:00,750.0,498.75,1248.75
2025-08-14 12:04:00,708.75,517.5,1226.25
2025-08-14 12:05:00,738.75,540.0,1278.75
2025-08-14 12:06:00,663.75,626.25,1290.0
2025-08-14 12:07:00,708.75,641.25,1350.0
2025-08-14 12:08:00,693.75,701.25,1395.0
2025-08-14 12:09:00,667.5,712.5,1380.0
2025-08-14 12:10:00,675.0,701.25,1376.25
2025-08-14 12:11:00,716.25,652.5,1368.75
2025-08-14 12:12:00,708.75,626.25,1335.0
2025-08-14 12:13:00,731.25,618.75,1350.0
2025-08-14 12:14:00,772.5,607.5,1380.0
2025-08-14 12:15:00,735.0,547.5,1282.5
2025-08-14 12:16:00,787.5,543.75,1331.25
2025-08-14 12:17:00,727.5,540.0,1267.5
2025-08-14 12:18:00,780.0,562.5,1342.5
2025-08-14 12:19:00,843.75,562.5,1406.25
2025-08-14 12:20:00,795.0,645.0,1440.0
2025-08-14 12:21:00,783.75,652.5,1436.25
2025-08-14 12:22:00,817.5,618.75,1436.25
2025-08-14 12:23:00,765.0,705.0,1470.0
2025-08-14 12:24:00,731.25,757.5,1488.75
2025-08-14 12:25:00,697.5,772.5,1470.0
2025-08-14 12:26:00,716.25,727.5,1443.75
2025-08-14 12:27:00,633.75,768.75,1402.5
2025-08-14 12:28:00,630.0,821.25,1451.25
2025-08-14 12:29:00,671.25,821.25,1492.5
2025-08-14 12:30:00,742.5,813.75,1556.25
2025-08-14 12:31:00,633.75,881.25,1515.0
2025-08-14 12:32:00,697.5,862.5,1560.0
2025-08-14 12:33:00,607.5,870.0,1477.5
2025-08-14 12:34:00,603.75,873.75,1477.5
2025-08-14 12:35:00,641.25,870.0,1511.25
2025-08-14 12:36:00,596.25,873.75,1470.0
2025-08-14 12:37:00,686.25,840.0,1526.25
2025-08-14 12:38:00,705.0,840.0,1545.0
2025-08-14 12:39:00,637.5,900.0,1537.5
2025-08-14 12:40:00,637.5,900.0,1537.5
2025-08-14 12:41:00,663.75,885.0,1548.75
2025-08-14 12:42:00,768.75,855.0,1623.75
2025-08-14 12:43:00,791.25,817.5,1608.75
2025-08-14 12:44:00,791.25,836.25,1627.5
2025-08-14 12:45:00,851.25,813.75,1665.0
2025-08-14 12:46:00,847.5,817.5,1665.0
2025-08-14 12:47:00,918.75,753.75,1672.5
2025-08-14 12:48:00,930.0,761.25,1691.25
2025-08-14 12:49:00,926.25,847.5,1773.75
2025-08-14 12:50:00,851.25,918.75,1770.0
2025-08-14 12:51:00,847.5,948.75,1796.25
2025-08-14 12:52:00,840.0,945.0,1785.0
2025-08-14 12:53:00,877.5,933.75,1811.25
2025-08-14 12:54:00,802.5,963.75,1766.25
2025-08-14 12:55:00,776.25,960.0,1736.25
2025-08-14 12:56:00,633.75,948.75,1582.5
2025-08-14 12:57:00,521.25,975.0,1496.25
2025-08-14 12:58:00,513.75,963.75,1477.5
2025-08-14 12:59:00,303.75,997.5,1301.25
2025-08-14 13:00:00,7.5,1012.5,1020.0
2025-08-14 13:01:00,232.5,982.5,1215.0
2025-08-14 13:02:00,232.5,1001.25,1233.75
2025-08-14 13:03:00,465.0,1016.25,1481.25
2025-08-14 13:04:00,435.0,1008.75,1443.75
2025-08-14 13:05:00,378.75,1016.25,1395.0
2025-08-14 13:06:00,243.75,1023.75,1267.5
2025-08-14 13:07:00,412.5,1005.0,1417.5
2025-08-14 13:08:00,300.0,1050.0,1350.0
2025-08-14 13:09:00,446.25,1035.0,1481.25
2025-08-14 13:10:00,461.25,1023.75,1485.0
2025-08-14 13:11:00,431.25,1031.25,1462.5
2025-08-14 13:12:00,378.75,1027.5,1406.25
2025-08-14 13:13:00,468.75,1031.25,1500.0
2025-08-14 13:14:00,566.25,1016.25,1582.5
2025-08-14 13:15:00,615.0,1035.0,1650.0
2025-08-14 13:16:00,480.0,1076.25,1556.25
2025-08-14 13:17:00,420.0,1061.25,1481.25
2025-08-14 13:18:00,592.5,1042.5,1635.0
2025-08-14 13:19:00,840.0,1008.75,1848.75
2025-08-14 13:20:00,911.25,1001.25,1912.5
2025-08-14 13:21:00,903.75,993.75,1897.5
2025-08-14 13:22:00,941.25,945.0,1886.25
2025-08-14 13:23:00,982.5,971.25,1953.75
2025-08-14 13:24:00,1027.5,990.0,2017.5
2025-08-14 13:25:00,956.25,1001.25,1957.5
2025-08-14 13:26:00,930.0,1005.0,1935.0
2025-08-14 13:27:00,888.75,1027.5,1916.25
2025-08-14 13:28:00,945.0,1012.5,1957.5
2025-08-14 13:29:00,963.75,967.5,1931.25
2025-08-14 13:30:00,1035.0,885.0,1920.0
2025-08-14 13:31:00,1020.0,918.75,1938.75
2025-08-14 13:32:00,990.0,926.25,1916.25
2025-08-14 13:33:00,1008.75,866.25,1875.0
2025-08-14 13:34:00,1020.0,892.5,1912.5
2025-08-14 13:35:00,986.25,918.75,1905.0
2025-08-14 13:36:00,997.5,930.0,1927.5
2025-08-14 13:37:00,1016.25,975.0,1991.25
2025-08-14 13:38:00,1005.0,997.5,2002.5
2025-08-14 13:39:00,948.75,1042.5,1991.25
2025-08-14 13:40:00,941.25,1072.5,2013.75
2025-08-14 13:41:00,993.75,1050.0,2043.75
2025-08-14 13:42:00,982.5,1080.0,2062.5
2025-08-14 13:43:00,978.75,1068.75,2047.5
2025-08-14 13:44:00,956.25,1076.25,2032.5
2025-08-14 13:45:00,963.75,1083.75,2047.5
2025-08-14 13:46:00,982.5,1083.75,2066.25
2025-08-14 13:47:00,971.25,1083.75,2055.0
2025-08-14 13:48:00,1012.5,1072.5,2085.0
2025-08-14 13:49:00,1065.0,1050.0,2115.0
2025-08-14 13:50:00,1083.75,1072.5,2156.25
2025-08-14 13:51:00,978.75,1117.5,2096.25
2025-08-14 13:52:00,1027.5,1110.0,2137.5
2025-08-14 13:53:00,948.75,1132.5,2081.25
2025-08-14 13:54:00,978.75,1143.75,2122.5
2025-08-14 13:55:00,1016.25,1147.5,2163.75
2025-08-14 13:56:00,982.5,1151.25,2133.75
2025-08-14 13:57:00,918.75,1158.75,2077.5
2025-08-14 13:58:00,978.75,1155.0,2133.75
2025-08-14 13:59:00,1061.25,1125.0,2186.25
2025-08-14 14:00:00,1102.5,1128.75,2231.25
2025-08-14 14:01:00,1076.25,1155.0,2231.25
2025-08-14 14:02:00,1173.75,1132.5,2306.25
2025-08-14 14:03:00,1237.5,1110.0,2347.5
2025-08-14 14:04:00,1245.0,1102.5,2347.5
2025-08-14 14:05:00,1267.5,1053.75,2321.25
2025-08-14 14:06:00,1286.25,1012.5,2298.75
2025-08-14 14:07:00,1290.0,1005.0,2295.0
2025-08-14 14:08:00,1245.0,1106.25,2351.25
2025-08-14 14:09:00,1233.75,1113.75,2347.5
2025-08-14 14:10:00,1207.5,1151.25,2358.75
2025-08-14 14:11:00,1177.5,1170.0,2347.5
2025-08-14 14:12:00,1230.0,1155.0,2385.0
2025-08-14 14:13:00,1297.5,1147.5,2445.0
2025-08-14 14:14:00,1305.0,1147.5,2452.5
2025-08-14 14:15:00,1327.5,1147.5,2475.0
2025-08-14 14:16:00,1331.25,1117.5,2448.75
2025-08-14 14:17:00,1312.5,1098.75,2411.25
2025-08-14 14:18:00,1365.0,742.5,2107.5
2025-08-14 14:19:00,1353.75,1042.5,2396.25
2025-08-14 14:20:00,1346.25,1042.5,2388.75
2025-08-14 14:21:00,1350.0,1072.5,2422.5
2025-08-14 14:22:00,1361.25,1057.5,2418.75
2025-08-14 14:23:00,1368.75,1035.0,2403.75
2025-08-14 14:24:00,1376.25,1005.0,2381.25
2025-08-14 14:25:00,1365.0,960.0,2325.0
2025-08-14 14:26:00,1361.25,997.5,2358.75
2025-08-14 14:27:00,1376.25,986.25,2362.5
2025-08-14 14:28:00,1353.75,1068.75,2422.5
2025-08-14 14:29:00,1365.0,1087.5,2452.5
2025-08-14 14:30:00,1380.0,1132.5,2512.5
2025-08-14 14:31:00,1443.75,930.0,2373.75
2025-08-14 14:32:00,1458.75,1001.25,2460.0
2025-08-14 14:33:00,1436.25,1072.5,2508.75
2025-08-14 14:34:00,1398.75,1151.25,2550.0
2025-08-14 14:35:00,1376.25,1170.0,2546.25
2025-08-14 14:36:00,1346.25,1226.25,2572.5
2025-08-14 14:37:00,1353.75,1215.0,2568.75
2025-08-14 14:38:00,1338.75,1222.5,2561.25
2025-08-14 14:39:00,1432.5,1173.75,2606.25
2025-08-14 14:40:00,1391.25,1211.25,2602.5
2025-08-14 14:41:00,1417.5,1200.0,2617.5
2025-08-14 14:42:00,1451.25,1207.5,2658.75
2025-08-14 14:43:00,1443.75,1245.0,2688.75
2025-08-14 14:44:00,1447.5,1233.75,2681.25
2025-08-14 14:45:00,1485.0,1241.25,2726.25
2025-08-14 14:46:00,1447.5,1278.75,2726.25
2025-08-14 14:47:00,1402.5,1316.25,2718.75
2025-08-14 14:48:00,1466.25,1312.5,2778.75
2025-08-14 14:49:00,1473.75,1320.0,2793.75
2025-08-14 14:50:00,1428.75,1331.25,2760.0
2025-08-14 14:51:00,1260.0,1320.0,2580.0
2025-08-14 14:52:00,1425.0,1327.5,2752.5
2025-08-14 14:53:00,1372.5,1327.5,2700.0
2025-08-14 14:54:00,1402.5,1331.25,2733.75
2025-08-14 14:55:00,1350.0,1327.5,2677.5
2025-08-14 14:56:00,1301.25,1327.5,2628.75
2025-08-14 14:57:00,1432.5,1327.5,2760.0
2025-08-14 14:58:00,1451.25,1320.0,2771.25
2025-08-14 14:59:00,1440.0,1331.25,2771.25
2025-08-14 15:00:00,1432.5,1312.5,2745.0
2025-08-14 15:01:00,1541.25,1331.25,2872.5
2025-08-14 15:02:00,1567.5,1323.75,2891.25
2025-08-14 15:03:00,1571.25,1346.25,2917.5
2025-08-14 15:04:00,1578.75,1350.0,2928.75
2025-08-14 15:05:00,1582.5,1357.5,2940.0
2025-08-14 15:06:00,1582.5,1365.0,2947.5
2025-08-14 15:07:00,1582.5,1368.75,2951.25
2025-08-14 15:08:00,1586.25,1365.0,2951.25
2025-08-14 15:09:00,1586.25,1365.0,2951.25
2025-08-14 15:10:00,1586.25,1365.0,2951.25
2025-08-14 15:11:00,1590.0,1368.75,2958.75
2025-08-14 15:12:00,1590.0,1365.0,2955.0
2025-08-14 15:13:00,1590.0,1365.0,2955.0
2025-08-14 15:14:00,1593.75,1368.75,2962.5
2025-08-14 15:15:00,1590.0,1368.75,2958.75
2025-08-14 15:16:00,1593.75,1368.75,2962.5
2025-08-14 15:17:00,1593.75,1372.5,2966.25
2025-08-14 15:18:00,1597.5,1376.25,2973.75
2025-08-14 15:19:00,1597.5,1372.5,2970.0
2025-08-14 15:20:00,1593.75,1372.5,2966.25
2025-08-14 15:21:00,1593.75,1372.5,2966.25
2025-08-14 15:22:00,1593.75,1372.5,2966.25
2025-08-14 15:23:00,1593.75,1372.5,2966.25
2025-08-14 15:24:00,1593.75,1372.5,2966.25
2025-08-14 15:25:00,1593.75,1372.5,2966.25
2025-08-14 15:26:00,1593.75,1372.5,2966.25
2025-08-14 15:27:00,1593.75,1372.5,2966.25
2025-08-14 15:28:00,1593.75,1372.5,2966.25
2025-08-14 15:29:00,1593.75,1372.5,2966.25
2025-08-14 15:30:00,1593.75,1372.5,2966.25
2025-08-21 10:15:00,0.0,0.0,0.0
2025-08-21 10:16:00,-131.25,7.5,-123.75
2025-08-21 10:17:00,-41.25,-60.0,-101.25
2025-08-21 10:18:00,-131.25,30.0,-101.25
2025-08-21 10:19:00,-198.75,97.5,-101.25
2025-08-21 10:20:00,-180.0,123.75,-56.25
2025-08-21 10:21:00,-176.25,150.0,-26.25
2025-08-21 10:22:00,-75.0,101.25,26.25
2025-08-21 10:23:00,-153.75,138.75,-15.0
2025-08-21 10:24:00,-101.25,120.0,18.75
2025-08-21 10:25:00,-71.25,161.25,90.0
2025-08-21 10:26:00,-183.75,90.0,-93.75
2025-08-21 10:27:00,-307.5,112.5,-195.0
2025-08-21 10:28:00,-382.5,157.5,-225.0
2025-08-21 10:29:00,-153.75,116.25,-37.5
2025-08-21 10:30:00,-213.75,138.75,-75.0
2025-08-21 10:31:00,-228.75,138.75,-90.0
2025-08-21 10:32:00,-322.5,225.0,-97.5
2025-08-21 10:33:00,-300.0,221.25,-78.75
2025-08-21 10:34:00,-333.75,273.75,-60.0
2025-08-21 10:35:00,-251.25,281.25,30.0
2025-08-21 10:36:00,-393.75,285.0,-108.75
2025-08-21 10:37:00,-198.75,217.5,18.75
2025-08-21 10:38:00,-243.75,240.0,-3.75
2025-08-21 10:39:00,-191.25,225.0,33.75
2025-08-21 10:40:00,-168.75,258.75,90.0
2025-08-21 10:41:00,-157.5,236.25,78.75
2025-08-21 10:42:00,-270.0,277.5,7.5
2025-08-21 10:43:00,-228.75,262.5,33.75
2025-08-21 10:44:00,-157.5,247.5,90.0
2025-08-21 10:45:00,-168.75,240.0,71.25
2025-08-21 10:46:00,-112.5,228.75,116.25
2025-08-21 10:47:00,-90.0,225.0,135.0
2025-08-21 10:48:00,-195.0,285.0,90.0
2025-08-21 10:49:00,-127.5,255.0,127.5
2025-08-21 10:50:00,-116.25,247.5,131.25
2025-08-21 10:51:00,-108.75,228.75,120.0
2025-08-21 10:52:00,-30.0,180.0,150.0
2025-08-21 10:53:00,0.0,210.0,210.0
2025-08-21 10:54:00,-15.0,243.75,228.75
2025-08-21 10:55:00,0.0,202.5,202.5
2025-08-21 10:56:00,-15.0,176.25,161.25
2025-08-21 10:57:00,-67.5,195.0,127.5
2025-08-21 10:58:00,-60.0,213.75,153.75
2025-08-21 10:59:00,-18.75,172.5,153.75
2025-08-21 11:00:00,-56.25,206.25,150.0
2025-08-21 11:01:00,-165.0,251.25,86.25
2025-08-21 11:02:00,48.75,135.0,183.75
2025-08-21 11:03:00,105.0,150.0,255.0
2025-08-21 11:04:00,195.0,101.25,296.25
2025-08-21 11:05:00,213.75,131.25,345.0
2025-08-21 11:06:00,183.75,187.5,371.25
2025-08-21 11:07:00,180.0,202.5,382.5
2025-08-21 11:08:00,198.75,172.5,371.25
2025-08-21 11:09:00,153.75,213.75,367.5
2025-08-21 11:10:00,131.25,198.75,330.0
2025-08-21 11:11:00,180.0,191.25,371.25
2025-08-21 11:12:00,138.75,247.5,386.25
2025-08-21 11:13:00,112.5,255.0,367.5
2025-08-21 11:14:00,168.75,217.5,386.25
2025-08-21 11:15:00,135.0,277.5,412.5
2025-08-21 11:16:00,127.5,318.75,446.25
2025-08-21 11:17:00,232.5,262.5,495.0
2025-08-21 11:18:00,187.5,326.25,513.75
2025-08-21 11:19:00,127.5,405.0,532.5
2025-08-21 11:20:00,90.0,397.5,487.5
2025-08-21 11:21:00,56.25,408.75,465.0
2025-08-21 11:22:00,-78.75,442.5,363.75
2025-08-21 11:23:00,-48.75,435.0,386.25
2025-08-21 11:24:00,-30.0,450.0,420.0
2025-08-21 11:25:00,15.0,431.25,446.25
2025-08-21 11:26:00,60.0,427.5,487.5
2025-08-21 11:27:00,172.5,412.5,585.0
2025-08-21 11:28:00,202.5,416.25,618.75
2025-08-21 11:29:00,213.75,412.5,626.25
2025-08-21 11:30:00,262.5,333.75,596.25
2025-08-21 11:31:00,307.5,333.75,641.25
2025-08-21 11:32:00,326.25,326.25,652.5
2025-08-21 11:33:00,367.5,262.5,630.0
2025-08-21 11:34:00,326.25,322.5,648.75
2025-08-21 11:35:00,311.25,333.75,645.0
2025-08-21 11:36:00,311.25,296.25,607.5
2025-08-21 11:37:00,273.75,337.5,611.25
2025-08-21 11:38:00,255.0,390.0,645.0
2025-08-21 11:39:00,277.5,367.5,645.0
2025-08-21 11:40:00,277.5,390.0,667.5
2025-08-21 11:41:00,247.5,412.5,660.0
2025-08-21 11:42:00,255.0,438.75,693.75
2025-08-21 11:43:00,213.75,446.25,660.0
2025-08-21 11:44:00,217.5,453.75,671.25
2025-08-21 11:45:00,247.5,487.5,735.0
2025-08-21 11:46:00,292.5,461.25,753.75
2025-08-21 11:47:00,326.25,453.75,780.0
2025-08-21 11:48:00,356.25,408.75,765.0
2025-08-21 11:49:00,393.75,352.5,746.25
2025-08-21 11:50:00,405.0,337.5,742.5
2025-08-21 11:51:00,416.25,337.5,753.75
2025-08-21 11:52:00,431.25,296.25,727.5
2025-08-21 11:53:00,408.75,348.75,757.5
2025-08-21 11:54:00,461.25,288.75,750.0
2025-08-21 11:55:00,461.25,273.75,735.0
2025-08-21 11:56:00,491.25,292.5,783.75
2025-08-21 11:57:00,506.25,221.25,727.5
2025-08-21 11:58:00,465.0,311.25,776.25
2025-08-21 11:59:00,461.25,292.5,753.75
2025-08-21 12:00:00,465.0,303.75,768.75
2025-08-21 12:01:00,457.5,262.5,720.0
2025-08-21 12:02:00,446.25,258.75,705.0
2025-08-21 12:03:00,465.0,300.0,765.0
2025-08-21 12:04:00,442.5,382.5,825.0
2025-08-21 12:05:00,465.0,337.5,802.5
2025-08-21 12:06:00,412.5,397.5,810.0
2025-08-21 12:07:00,393.75,446.25,840.0
2025-08-21 12:08:00,427.5,423.75,851.25
2025-08-21 12:09:00,427.5,401.25,828.75
2025-08-21 12:10:00,495.0,300.0,795.0
2025-08-21 12:11:00,465.0,356.25,821.25
2025-08-21 12:12:00,502.5,315.0,817.5
2025-08-21 12:13:00,461.25,352.5,813.75
2025-08-21 12:14:00,472.5,345.0,817.5
2025-08-21 12:15:00,483.75,285.0,768.75
2025-08-21 12:16:00,468.75,285.0,753.75
2025-08-21 12:17:00,465.0,266.25,731.25
2025-08-21 12:18:00,528.75,180.0,708.75
2025-08-21 12:19:00,536.25,210.0,746.25
2025-08-21 12:20:00,528.75,240.0,768.75
2025-08-21 12:21:00,510.0,300.0,810.0
2025-08-21 12:22:00,491.25,356.25,847.5
2025-08-21 12:23:00,498.75,348.75,847.5
2025-08-21 12:24:00,495.0,375.0,870.0
2025-08-21 12:25:00,506.25,356.25,862.5
2025-08-21 12:26:00,510.0,307.5,817.5
2025-08-21 12:27:00,525.0,292.5,817.5
2025-08-21 12:28:00,555.0,213.75,768.75
2025-08-21 12:29:00,592.5,97.5,690.0
2025-08-21 12:30:00,592.5,71.25,663.75
2025-08-21 12:31:00,607.5,-26.25,581.25
2025-08-21 12:32:00,607.5,7.5,615.0
2025-08-21 12:33:00,585.0,236.25,821.25
2025-08-21 12:34:00,536.25,401.25,937.5
2025-08-21 12:35:00,555.0,420.0,975.0
2025-08-21 12:36:00,517.5,468.75,986.25
2025-08-21 12:37:00,487.5,540.0,1027.5
2025-08-21 12:38:00,427.5,573.75,1001.25
2025-08-21 12:39:00,438.75,570.0,1008.75
2025-08-21 12:40:00,495.0,577.5,1072.5
2025-08-21 12:41:00,502.5,562.5,1065.0
2025-08-21 12:42:00,480.0,558.75,1038.75
2025-08-21 12:43:00,461.25,577.5,1038.75
2025-08-21 12:44:00,480.0,573.75,1053.75
2025-08-21 12:45:00,461.25,592.5,1053.75
2025-08-21 12:46:00,453.75,588.75,1042.5
2025-08-21 12:47:00,435.0,622.5,1057.5
2025-08-21 12:48:00,472.5,596.25,1068.75
2025-08-21 12:49:00,393.75,611.25,1005.0
2025-08-21 12:50:00,356.25,585.0,941.25
2025-08-21 12:51:00,393.75,607.5,1001.25
2025-08-21 12:52:00,450.0,562.5,1012.5
2025-08-21 12:53:00,513.75,532.5,1046.25
2025-08-21 12:54:00,566.25,585.0,1151.25
2025-08-21 12:55:00,573.75,633.75,1207.5
2025-08-21 12:56:00,588.75,607.5,1196.25
2025-08-21 12:57:00,558.75,630.0,1188.75
2025-08-21 12:58:00,596.25,607.5,1203.75
2025-08-21 12:59:00,558.75,630.0,1188.75
2025-08-21 13:00:00,551.25,652.5,1203.75
2025-08-21 13:01:00,592.5,637.5,1230.0
2025-08-21 13:02:00,622.5,622.5,1245.0
2025-08-21 13:03:00,600.0,645.0,1245.0
2025-08-21 13:04:00,585.0,667.5,1252.5
2025-08-21 13:05:00,588.75,690.0,1278.75
2025-08-21 13:06:00,600.0,675.0,1275.0
2025-08-21 13:07:00,615.0,671.25,1286.25
2025-08-21 13:08:00,588.75,701.25,1290.0
2025-08-21 13:09:00,607.5,697.5,1305.0
2025-08-21 13:10:00,618.75,675.0,1293.75
2025-08-21 13:11:00,637.5,656.25,1293.75
2025-08-21 13:12:00,611.25,678.75,1290.0
2025-08-21 13:13:00,641.25,675.0,1316.25
2025-08-21 13:14:00,603.75,705.0,1308.75
2025-08-21 13:15:00,600.0,712.5,1312.5
2025-08-21 13:16:00,633.75,690.0,1323.75
2025-08-21 13:17:00,592.5,701.25,1293.75
2025-08-21 13:18:00,540.0,705.0,1245.0
2025-08-21 13:19:00,592.5,708.75,1301.25
2025-08-21 13:20:00,581.25,712.5,1293.75
2025-08-21 13:21:00,633.75,648.75,1282.5
2025-08-21 13:22:00,641.25,663.75,1305.0
2025-08-21 13:23:00,671.25,618.75,1290.0
2025-08-21 13:24:00,667.5,641.25,1308.75
2025-08-21 13:25:00,652.5,596.25,1248.75
2025-08-21 13:26:00,645.0,603.75,1248.75
2025-08-21 13:27:00,652.5,570.0,1222.5
2025-08-21 13:28:00,675.0,543.75,1218.75
2025-08-21 13:29:00,678.75,491.25,1170.0
2025-08-21 13:30:00,675.0,536.25,1211.25
2025-08-21 13:31:00,660.0,581.25,1241.25
2025-08-21 13:32:00,678.75,506.25,1185.0
2025-08-21 13:33:00,675.0,525.0,1200.0
2025-08-21 13:34:00,693.75,390.0,1083.75
2025-08-21 13:35:00,690.0,487.5,1177.5
2025-08-21 13:36:00,705.0,420.0,1125.0
2025-08-21 13:37:00,697.5,416.25,1113.75
2025-08-21 13:38:00,716.25,356.25,1072.5
2025-08-21 13:39:00,727.5,405.0,1132.5
2025-08-21 13:40:00,742.5,255.0,997.5
2025-08-21 13:41:00,742.5,318.75,1061.25
2025-08-21 13:42:00,757.5,-86.25,671.25
2025-08-21 13:43:00,757.5,206.25,963.75
2025-08-21 13:44:00,753.75,236.25,990.0
2025-08-21 13:45:00,738.75,502.5,1241.25
2025-08-21 13:46:00,723.75,517.5,1241.25
2025-08-21 13:47:00,746.25,405.0,1151.25
2025-08-21 13:48:00,742.5,495.0,1237.5
2025-08-21 13:49:00,727.5,566.25,1293.75
2025-08-21 13:50:00,693.75,712.5,1406.25
2025-08-21 13:51:00,682.5,735.0,1417.5
2025-08-21 13:52:00,708.75,723.75,1432.5
2025-08-21 13:53:00,682.5,731.25,1413.75
2025-08-21 13:54:00,648.75,813.75,1462.5
2025-08-21 13:55:00,682.5,772.5,1455.0
2025-08-21 13:56:00,686.25,772.5,1458.75
2025-08-21 13:57:00,738.75,738.75,1477.5
2025-08-21 13:58:00,701.25,787.5,1488.75
2025-08-21 13:59:00,693.75,802.5,1496.25
2025-08-21 14:00:00,671.25,832.5,1503.75
2025-08-21 14:01:00,678.75,817.5,1496.25
2025-08-21 14:02:00,656.25,855.0,1511.25
2025-08-21 14:03:00,641.25,828.75,1470.0
2025-08-21 14:04:00,671.25,825.0,1496.25
2025-08-21 14:05:00,705.0,813.75,1518.75
2025-08-21 14:06:00,682.5,828.75,1511.25
2025-08-21 14:07:00,671.25,843.75,1515.0
2025-08-21 14:08:00,697.5,832.5,1530.0
2025-08-21 14:09:00,690.0,840.0,1530.0
2025-08-21 14:10:00,648.75,836.25,1485.0
2025-08-21 14:11:00,682.5,825.0,1507.5
2025-08-21 14:12:00,690.0,806.25,1496.25
2025-08-21 14:13:00,701.25,836.25,1537.5
2025-08-21 14:14:00,682.5,836.25,1518.75
2025-08-21 14:15:00,663.75,851.25,1515.0
2025-08-21 14:16:00,652.5,858.75,1511.25
2025-08-21 14:17:00,502.5,888.75,1391.25
2025-08-21 14:18:00,558.75,896.25,1455.0
2025-08-21 14:19:00,596.25,922.5,1518.75
2025-08-21 14:20:00,611.25,922.5,1533.75
2025-08-21 14:21:00,607.5,926.25,1533.75
2025-08-21 14:22:00,637.5,937.5,1575.0
2025-08-21 14:23:00,701.25,918.75,1620.0
2025-08-21 14:24:00,663.75,945.0,1608.75
2025-08-21 14:25:00,686.25,948.75,1635.0
2025-08-21 14:26:00,682.5,948.75,1631.25
2025-08-21 14:27:00,697.5,933.75,1631.25
2025-08-21 14:28:00,765.0,933.75,1698.75
2025-08-21 14:29:00,750.0,930.0,1680.0
2025-08-21 14:30:00,738.75,926.25,1665.0
2025-08-21 14:31:00,787.5,915.0,1702.5
2025-08-21 14:32:00,813.75,911.25,1725.0
2025-08-21 14:33:00,795.0,926.25,1721.25
2025-08-21 14:34:00,765.0,941.25,1706.25
2025-08-21 14:35:00,791.25,952.5,1743.75
2025-08-21 14:36:00,810.0,926.25,1736.25
2025-08-21 14:37:00,828.75,907.5,1736.25
2025-08-21 14:38:00,825.0,870.0,1695.0
2025-08-21 14:39:00,828.75,885.0,1713.75
2025-08-21 14:40:00,836.25,873.75,1710.0
2025-08-21 14:41:00,836.25,915.0,1751.25
2025-08-21 14:42:00,836.25,881.25,1717.5
2025-08-21 14:43:00,840.0,892.5,1732.5
2025-08-21 14:44:00,836.25,926.25,1762.5
2025-08-21 14:45:00,836.25,915.0,1751.25
2025-08-21 14:46:00,836.25,896.25,1732.5
2025-08-21 14:47:00,836.25,937.5,1773.75
2025-08-21 14:48:00,832.5,945.0,1777.5
2025-08-21 14:49:00,840.0,922.5,1762.5
2025-08-21 14:50:00,847.5,911.25,1758.75
2025-08-21 14:51:00,855.0,937.5,1792.5
2025-08-21 14:52:00,855.0,937.5,1792.5
2025-08-21 14:53:00,851.25,971.25,1822.5
2025-08-21 14:54:00,855.0,963.75,1818.75
2025-08-21 14:55:00,858.75,960.0,1818.75
2025-08-21 14:56:00,858.75,941.25,1800.0
2025-08-21 14:57:00,858.75,963.75,1822.5
2025-08-21 14:58:00,858.75,945.0,1803.75
2025-08-21 14:59:00,862.5,967.5,1830.0
2025-08-21 15:00:00,858.75,978.75,1837.5
2025-08-21 15:01:00,862.5,986.25,1848.75
2025-08-21 15:02:00,862.5,990.0,1852.5
2025-08-21 15:03:00,866.25,1008.75,1875.0
2025-08-21 15:04:00,870.0,1008.75,1878.75
2025-08-21 15:05:00,873.75,1008.75,1882.5
2025-08-21 15:06:00,873.75,1005.0,1878.75
2025-08-21 15:07:00,870.0,1012.5,1882.5
2025-08-21 15:08:00,870.0,1012.5,1882.5
2025-08-21 15:09:00,870.0,1016.25,1886.25
2025-08-21 15:10:00,873.75,1012.5,1886.25
2025-08-21 15:11:00,877.5,1012.5,1890.0
2025-08-21 15:12:00,877.5,1020.0,1897.5
2025-08-21 15:13:00,873.75,1020.0,1893.75
2025-08-21 15:14:00,877.5,1023.75,1901.25
2025-08-21 15:15:00,873.75,1023.75,1897.5
2025-08-21 15:16:00,873.75,1020.0,1893.75
2025-08-21 15:17:00,881.25,1020.0,1901.25
2025-08-21 15:18:00,881.25,1020.0,1901.25
2025-08-21 15:19:00,881.25,1020.0,1901.25
2025-08-21 15:20:00,877.5,1020.0,1897.5
2025-08-21 15:21:00,877.5,1020.0,1897.5
2025-08-21 15:22:00,877.5,1020.0,1897.5
2025-08-21 15:23:00,877.5,1020.0,1897.5
2025-08-21 15:24:00,877.5,1020.0,1897.5
2025-08-21 15:25:00,877.5,1020.0,1897.5
2025-08-21 15:26:00,877.5,1020.0,1897.5
2025-08-21 15:27:00,877.5,1020.0,1897.5
2025-08-21 15:28:00,877.5,1020.0,1897.5
2025-08-21 15:29:00,877.5,1020.0,1897.5
2025-08-21 15:30:00,877.5,1020.0,1897.5
2025-08-28 10:15:00,0.0,0.0,0.0
2025-08-28 10:16:00,-112.5,150.0,37.5
2025-08-28 10:17:00,-112.5,228.75,116.25
2025-08-28 10:18:00,-90.0,206.25,116.25
2025-08-28 10:19:00,138.75,-581.25,-442.5
2025-08-28 10:20:00,180.0,-495.0,-315.0
2025-08-28 10:21:00,217.5,-596.25,-378.75
2025-08-28 10:22:00,236.25,-607.5,-371.25
2025-08-28 10:23:00,150.0,-348.75,-198.75
2025-08-28 10:24:00,161.25,-273.75,-112.5
2025-08-28 10:25:00,146.25,-225.0,-78.75
2025-08-28 10:26:00,-93.75,90.0,-3.75
2025-08-28 10:27:00,26.25,37.5,63.75
2025-08-28 10:28:00,-56.25,228.75,172.5
2025-08-28 10:29:00,-78.75,322.5,243.75
2025-08-28 10:30:00,-86.25,476.25,390.0
2025-08-28 10:31:00,-78.75,442.5,363.75
2025-08-28 10:32:00,-97.5,352.5,255.0
2025-08-28 10:33:00,-416.25,480.0,63.75
2025-08-28 10:34:00,-461.25,637.5,176.25
2025-08-28 10:35:00,-1136.25,723.75,-412.5
2025-08-28 10:36:00,-1248.75,581.25,-667.5
2025-08-28 10:37:00,-1571.25,581.25,-990.0
2025-08-28 10:38:00,-1271.25,596.25,-675.0
2025-08-28 10:39:00,-1211.25,611.25,-600.0
2025-08-28 10:40:00,-828.75,525.0,-303.75
2025-08-28 10:41:00,-1076.25,562.5,-513.75
2025-08-28 10:42:00,-918.75,536.25,-382.5
2025-08-28 10:43:00,-600.0,453.75,-146.25
2025-08-28 10:44:00,-918.75,585.0,-333.75
2025-08-28 10:45:00,-660.0,603.75,-56.25
2025-08-28 10:46:00,-806.25,615.0,-191.25
2025-08-28 10:47:00,-993.75,753.75,-240.0
2025-08-28 10:48:00,-1398.75,911.25,-487.5
2025-08-28 10:49:00,-2268.75,1031.25,-1237.5
2025-08-28 10:50:00,-2486.25,986.25,-1500.0
2025-08-28 10:51:00,-2010.0,1057.5,-952.5
2025-08-28 10:52:00,-1743.75,975.0,-768.75
2025-08-28 10:53:00,-1672.5,1005.0,-667.5
2025-08-28 10:54:00,-1548.75,1012.5,-536.25
2025-08-28 10:55:00,-1605.0,1065.0,-540.0
2025-08-28 10:56:00,-1672.5,1038.75,-633.75
2025-08-28 10:57:00,-1912.5,1110.0,-802.5
2025-08-28 10:58:00,-2452.5,1121.25,-1331.25
2025-08-28 10:59:00,-3622.5,1140.0,-2482.5
2025-08-28 11:00:00,-3075.0,1158.75,-1916.25
2025-08-28 11:01:00,-2238.75,352.5,-1886.25
2025-08-28 11:02:00,-2381.25,510.0,-1871.25
2025-08-28 11:03:00,-2430.0,487.5,-1942.5
2025-08-28 11:04:00,-2583.75,600.0,-1983.75
2025-08-28 11:05:00,-2437.5,390.0,-2047.5
2025-08-28 11:06:00,-4196.25,1222.5,-2973.75
2025-08-28 11:07:00,-4275.0,1470.0,-2805.0
2025-08-28 11:08:00,-3000.0,652.5,-2347.5
2025-08-28 11:09:00,-2966.25,678.75,-2287.5
2025-08-28 11:10:00,-3037.5,821.25,-2216.25
2025-08-28 11:11:00,-2580.0,596.25,-1983.75
2025-08-28 11:12:00,-2535.0,513.75,-2021.25
2025-08-28 11:13:00,-2527.5,442.5,-2085.0
2025-08-28 11:14:00,-2703.75,513.75,-2190.0
2025-08-28 11:15:00,-2602.5,465.0,-2137.5
2025-08-28 11:16:00,-2550.0,611.25,-1938.75
2025-08-28 11:17:00,-2452.5,600.0,-1852.5
2025-08-28 11:18:00,-2913.75,945.0,-1968.75
2025-08-28 11:19:00,-2726.25,738.75,-1987.5
2025-08-28 11:20:00,-2512.5,783.75,-1728.75
2025-08-28 11:21:00,-3101.25,1196.25,-1905.0
2025-08-28 11:22:00,-2823.75,1027.5,-1796.25
2025-08-28 11:23:00,-2771.25,915.0,-1856.25
2025-08-28 11:24:00,-3191.25,1203.75,-1987.5
2025-08-28 11:25:00,-3011.25,1188.75,-1822.5
2025-08-28 11:26:00,-3180.0,1173.75,-2006.25
2025-08-28 11:27:00,-2546.25,626.25,-1920.0
2025-08-28 11:28:00,-2501.25,187.5,-2313.75
2025-08-28 11:29:00,-2452.5,476.25,-1976.25
2025-08-28 11:30:00,-2036.25,423.75,-1612.5
2025-08-28 11:31:00,-2070.0,663.75,-1406.25
2025-08-28 11:32:00,-2512.5,1095.0,-1417.5
2025-08-28 11:33:00,-3033.75,1342.5,-1691.25
2025-08-28 11:34:00,-2973.75,1353.75,-1620.0
2025-08-28 11:35:00,-3513.75,1552.5,-1961.25
2025-08-28 11:36:00,-3311.25,1290.0,-2021.25
2025-08-28 11:37:00,-3716.25,1515.0,-2201.25
2025-08-28 11:38:00,-3217.5,1215.0,-2002.5
2025-08-28 11:39:00,-3217.5,1335.0,-1882.5
2025-08-28 11:40:00,-2493.75,922.5,-1571.25
2025-08-28 11:41:00,-2572.5,930.0,-1642.5
2025-08-28 11:42:00,-2538.75,971.25,-1567.5
2025-08-28 11:43:00,-2407.5,918.75,-1488.75
2025-08-28 11:44:00,-2587.5,1128.75,-1458.75
2025-08-28 11:45:00,-2355.0,926.25,-1428.75
2025-08-28 11:46:00,-2223.75,810.0,-1413.75
2025-08-28 11:47:00,-2595.0,1162.5,-1432.5
2025-08-28 11:48:00,-2396.25,1042.5,-1353.75
2025-08-28 11:49:00,-2411.25,1106.25,-1305.0
2025-08-28 11:50:00,-2482.5,1057.5,-1425.0
2025-08-28 11:51:00,-2666.25,1038.75,-1627.5
2025-08-28 11:52:00,-2460.0,990.0,-1470.0
2025-08-28 11:53:00,-2610.0,1095.0,-1515.0
2025-08-28 11:54:00,-2160.0,618.75,-1541.25
2025-08-28 11:55:00,-1458.75,-476.25,-1935.0
2025-08-28 11:56:00,-1380.0,-198.75,-1578.75
2025-08-28 11:57:00,-1061.25,-536.25,-1597.5
2025-08-28 11:58:00,-1076.25,-292.5,-1368.75
2025-08-28 11:59:00,-900.0,-543.75,-1443.75
2025-08-28 12:00:00,-918.75,-408.75,-1327.5
2025-08-28 12:01:00,-926.25,-206.25,-1132.5
2025-08-28 12:02:00,-697.5,-663.75,-1361.25
2025-08-28 12:03:00,-626.25,-637.5,-1263.75
2025-08-28 12:04:00,-783.75,-195.0,-978.75
2025-08-28 12:05:00,-810.0,-56.25,-866.25
2025-08-28 12:06:00,-941.25,127.5,-813.75
2025-08-28 12:07:00,-907.5,165.0,-742.5
2025-08-28 12:08:00,-1042.5,513.75,-528.75
2025-08-28 12:09:00,-836.25,33.75,-802.5
2025-08-28 12:10:00,-952.5,101.25,-851.25
2025-08-28 12:11:00,-967.5,-7.5,-975.0
2025-08-28 12:12:00,-993.75,-41.25,-1035.0
2025-08-28 12:13:00,-855.0,-97.5,-952.5
2025-08-28 12:14:00,-956.25,322.5,-633.75
2025-08-28 12:15:00,-945.0,438.75,-506.25
2025-08-28 12:16:00,-900.0,453.75,-446.25
2025-08-28 12:17:00,-600.0,11.25,-588.75
2025-08-28 12:18:00,-517.5,-82.5,-600.0
2025-08-28 12:19:00,-258.75,-600.0,-858.75
2025-08-28 12:20:00,-217.5,-828.75,-1046.25
2025-08-28 12:21:00,-240.0,-622.5,-862.5
2025-08-28 12:22:00,-11.25,-1413.75,-1425.0
2025-08-28 12:23:00,116.25,-2962.5,-2846.25
2025-08-28 12:24:00,213.75,-3000.0,-2786.25
2025-08-28 12:25:00,206.25,-3030.0,-2823.75
2025-08-28 12:26:00,206.25,-3075.0,-2868.75
2025-08-28 12:27:00,240.0,-2857.5,-2617.5
2025-08-28 12:28:00,303.75,-2985.0,-2681.25
2025-08-28 12:29:00,258.75,-2846.25,-2587.5
2025-08-28 12:30:00,266.25,-2760.0,-2493.75
2025-08-28 12:31:00,296.25,-2835.0,-2538.75
2025-08-28 12:32:00,322.5,-2812.5,-2490.0
2025-08-28 12:33:00,408.75,-2793.75,-2385.0
2025-08-28 12:34:00,270.0,-2531.25,-2261.25
2025-08-28 12:35:00,371.25,-2741.25,-2370.0
2025-08-28 12:36:00,318.75,-2651.25,-2332.5
2025-08-28 12:37:00,337.5,-2782.5,-2445.0
2025-08-28 12:38:00,427.5,-2947.5,-2520.0
2025-08-28 12:39:00,356.25,-2857.5,-2501.25
2025-08-28 12:40:00,412.5,-2955.0,-2542.5
2025-08-28 12:41:00,536.25,-2992.5,-2456.25
2025-08-28 12:42:00,476.25,-2861.25,-2385.0
2025-08-28 12:43:00,495.0,-2925.0,-2430.0
2025-08-28 12:44:00,513.75,-2943.75,-2430.0
2025-08-28 12:45:00,611.25,-2996.25,-2385.0
2025-08-28 12:46:00,457.5,-2760.0,-2302.5
2025-08-28 12:47:00,420.0,-2662.5,-2242.5
2025-08-28 12:48:00,480.0,-2733.75,-2253.75
2025-08-28 12:49:00,513.75,-2846.25,-2332.5
2025-08-28 12:50:00,498.75,-2707.5,-2208.75
2025-08-28 12:51:00,480.0,-2606.25,-2126.25
2025-08-28 12:52:00,588.75,-2677.5,-2088.75
2025-08-28 12:53:00,570.0,-2681.25,-2111.25
2025-08-28 12:54:00,397.5,-2542.5,-2145.0
2025-08-28 12:55:00,468.75,-2625.0,-2156.25
2025-08-28 12:56:00,468.75,-2730.0,-2261.25
2025-08-28 12:57:00,330.0,-2621.25,-2291.25
2025-08-28 12:58:00,435.0,-2658.75,-2223.75
2025-08-28 12:59:00,562.5,-2898.75,-2336.25
2025-08-28 13:00:00,738.75,-3093.75,-2355.0
2025-08-28 13:01:00,870.0,-3262.5,-2392.5
2025-08-28 13:02:00,926.25,-3416.25,-2490.0
2025-08-28 13:03:00,952.5,-3352.5,-2400.0
2025-08-28 13:04:00,922.5,-3360.0,-2437.5
2025-08-28 13:05:00,877.5,-3288.75,-2411.25
2025-08-28 13:06:00,888.75,-3480.0,-2591.25
2025-08-28 13:07:00,982.5,-4106.25,-3123.75
2025-08-28 13:08:00,986.25,-4215.0,-3228.75
2025-08-28 13:09:00,1016.25,-4267.5,-3251.25
2025-08-28 13:10:00,1027.5,-4053.75,-3026.25
2025-08-28 13:11:00,975.0,-3791.25,-2816.25
2025-08-28 13:12:00,963.75,-3585.0,-2621.25
2025-08-28 13:13:00,941.25,-3375.0,-2433.75
2025-08-28 13:14:00,862.5,-3266.25,-2403.75
2025-08-28 13:15:00,888.75,-3176.25,-2287.5
2025-08-28 13:16:00,926.25,-3090.0,-2163.75
2025-08-28 13:17:00,918.75,-2940.0,-2021.25
2025-08-28 13:18:00,885.0,-3082.5,-2197.5
2025-08-28 13:19:00,990.0,-3296.25,-2306.25
2025-08-28 13:20:00,971.25,-3228.75,-2257.5
2025-08-28 13:21:00,1020.0,-3378.75,-2358.75
2025-08-28 13:22:00,1046.25,-3491.25,-2445.0
2025-08-28 13:23:00,1027.5,-3472.5,-2445.0
2025-08-28 13:24:00,1031.25,-3562.5,-2531.25
2025-08-28 13:25:00,986.25,-3420.0,-2433.75
2025-08-28 13:26:00,933.75,-3198.75,-2265.0
2025-08-28 13:27:00,967.5,-3195.0,-2227.5
2025-08-28 13:28:00,978.75,-3288.75,-2310.0
2025-08-28 13:29:00,1027.5,-3513.75,-2486.25
2025-08-28 13:30:00,1042.5,-3318.75,-2276.25
2025-08-28 13:31:00,1061.25,-3423.75,-2362.5
2025-08-28 13:32:00,1027.5,-3333.75,-2306.25
2025-08-28 13:33:00,1083.75,-3420.0,-2336.25
2025-08-28 13:34:00,1166.25,-3885.0,-2718.75
2025-08-28 13:35:00,1177.5,-4098.75,-2921.25
2025-08-28 13:36:00,1173.75,-4053.75,-2880.0
2025-08-28 13:37:00,1121.25,-3690.0,-2568.75
2025-08-28 13:38:00,1128.75,-3746.25,-2617.5
2025-08-28 13:39:00,1080.0,-3360.0,-2280.0
2025-08-28 13:40:00,1065.0,-3296.25,-2231.25
2025-08-28 13:41:00,978.75,-3195.0,-2216.25
2025-08-28 13:42:00,1057.5,-3307.5,-2250.0
2025-08-28 13:43:00,1065.0,-3386.25,-2321.25
2025-08-28 13:44:00,1042.5,-3180.0,-2137.5
2025-08-28 13:45:00,1072.5,-3303.75,-2231.25
2025-08-28 13:46:00,1076.25,-3315.0,-2238.75
2025-08-28 13:47:00,1072.5,-3371.25,-2298.75
2025-08-28 13:48:00,1035.0,-3195.0,-2160.0
2025-08-28 13:49:00,1072.5,-3285.0,-2212.5
2025-08-28 13:50:00,1076.25,-3318.75,-2242.5
2025-08-28 13:51:00,1065.0,-3288.75,-2223.75
2025-08-28 13:52:00,1110.0,-3386.25,-2276.25
2025-08-28 13:53:00,1143.75,-3783.75,-2640.0
2025-08-28 13:54:00,1162.5,-3851.25,-2688.75
2025-08-28 13:55:00,1147.5,-3746.25,-2598.75
2025-08-28 13:56:00,1147.5,-3776.25,-2628.75
2025-08-28 13:57:00,1140.0,-3843.75,-2703.75
2025-08-28 13:58:00,1147.5,-3776.25,-2628.75
2025-08-28 13:59:00,1128.75,-3686.25,-2557.5
2025-08-28 14:00:00,1136.25,-3727.5,-2591.25
2025-08-28 14:01:00,1042.5,-3187.5,-2145.0
2025-08-28 14:02:00,1095.0,-3326.25,-2231.25
2025-08-28 14:03:00,1102.5,-3303.75,-2201.25
2025-08-28 14:04:00,1143.75,-3585.0,-2441.25
2025-08-28 14:05:00,1237.5,-3847.5,-2610.0
2025-08-28 14:06:00,1237.5,-3367.5,-2130.0
2025-08-28 14:07:00,1158.75,-3082.5,-1923.75
2025-08-28 14:08:00,1106.25,-2820.0,-1713.75
2025-08-28 14:09:00,1128.75,-2861.25,-1732.5
2025-08-28 14:10:00,1121.25,-2842.5,-1721.25
2025-08-28 14:11:00,978.75,-2535.0,-1556.25
2025-08-28 14:12:00,858.75,-2373.75,-1515.0
2025-08-28 14:13:00,843.75,-2392.5,-1548.75
2025-08-28 14:14:00,967.5,-2400.0,-1432.5
2025-08-28 14:15:00,1008.75,-2343.75,-1335.0
2025-08-28 14:16:00,978.75,-2268.75,-1290.0
2025-08-28 14:17:00,1091.25,-2403.75,-1312.5
2025-08-28 14:18:00,930.0,-2152.5,-1222.5
2025-08-28 14:19:00,1016.25,-2156.25,-1140.0
2025-08-28 14:20:00,1095.0,-2148.75,-1053.75
2025-08-28 14:21:00,1166.25,-2190.0,-1023.75
2025-08-28 14:22:00,1065.0,-2013.75,-948.75
2025-08-28 14:23:00,1196.25,-2160.0,-963.75
2025-08-28 14:24:00,963.75,-1867.5,-903.75
2025-08-28 14:25:00,1020.0,-1920.0,-900.0
2025-08-28 14:26:00,1185.0,-2070.0,-885.0
2025-08-28 14:27:00,1387.5,-2298.75,-911.25
2025-08-28 14:28:00,1391.25,-2606.25,-1215.0
2025-08-28 14:29:00,1365.0,-2415.0,-1050.0
2025-08-28 14:30:00,1395.0,-2287.5,-892.5
2025-08-28 14:31:00,1428.75,-2493.75,-1065.0
2025-08-28 14:32:00,1395.0,-2310.0,-915.0
2025-08-28 14:33:00,1447.5,-2658.75,-1211.25
2025-08-28 14:34:00,1466.25,-2733.75,-1267.5
2025-08-28 14:35:00,1462.5,-3045.0,-1582.5
2025-08-28 14:36:00,1466.25,-3153.75,-1687.5
2025-08-28 14:37:00,1470.0,-2737.5,-1267.5
2025-08-28 14:38:00,1473.75,-2643.75,-1170.0
2025-08-28 14:39:00,1481.25,-2812.5,-1331.25
2025-08-28 14:40:00,1473.75,-2730.0,-1256.25
2025-08-28 14:41:00,1485.0,-3078.75,-1593.75
2025-08-28 14:42:00,1481.25,-3063.75,-1582.5
2025-08-28 14:43:00,1492.5,-3093.75,-1601.25
2025-08-28 14:44:00,1511.25,-3802.5,-2291.25
2025-08-28 14:45:00,1507.5,-3641.25,-2133.75
2025-08-28 14:46:00,1492.5,-4121.25,-2628.75
2025-08-28 14:47:00,1503.75,-4432.5,-2928.75
2025-08-28 14:48:00,1511.25,-4211.25,-2700.0
2025-08-28 14:49:00,1518.75,-4590.0,-3071.25
2025-08-28 14:50:00,1526.25,-4725.0,-3198.75
2025-08-28 14:51:00,1537.5,-4481.25,-2943.75
2025-08-28 14:52:00,1533.75,-4533.75,-3000.0
2025-08-28 14:53:00,1518.75,-4305.0,-2786.25
2025-08-28 14:54:00,1530.0,-4683.75,-3153.75
2025-08-28 14:55:00,1537.5,-4106.25,-2568.75
2025-08-28 14:56:00,1552.5,-4346.25,-2793.75
2025-08-28 14:57:00,1548.75,-4038.75,-2490.0
2025-08-28 14:58:00,1556.25,-3671.25,-2115.0
2025-08-28 14:59:00,1541.25,-4050.0,-2508.75
2025-08-28 15:00:00,1537.5,-3731.25,-2193.75
2025-08-28 15:01:00,1545.0,-5497.5,-3952.5
2025-08-28 15:02:00,1575.0,-5482.5,-3907.5
2025-08-28 15:03:00,1586.25,-4841.25,-3255.0
2025-08-28 15:04:00,1586.25,-5302.5,-3716.25
2025-08-28 15:05:00,1590.0,-5508.75,-3918.75
2025-08-28 15:06:00,1590.0,-5190.0,-3600.0
2025-08-28 15:07:00,1593.75,-5482.5,-3888.75
2025-08-28 15:08:00,1605.0,-5715.0,-4110.0
2025-08-28 15:09:00,1601.25,-6097.5,-4496.25
2025-08-28 15:10:00,1608.75,-6521.25,-4912.5
2025-08-28 15:11:00,1616.25,-6026.25,-4410.0
2025-08-28 15:12:00,1612.5,-6150.0,-4537.5
2025-08-28 15:13:00,1612.5,-5441.25,-3828.75
2025-08-28 15:14:00,1608.75,-5756.25,-4147.5
2025-08-28 15:15:00,1612.5,-5490.0,-3877.5
2025-08-28 15:16:00,1616.25,-5617.5,-4001.25
2025-08-28 15:17:00,1612.5,-5527.5,-3915.0
2025-08-28 15:18:00,1616.25,-5411.25,-3795.0
2025-08-28 15:19:00,1612.5,-5505.0,-3892.5
2025-08-28 15:20:00,1612.5,-5478.75,-3866.25
2025-08-28 15:21:00,1612.5,-5478.75,-3866.25
2025-08-28 15:22:00,1612.5,-5478.75,-3866.25
2025-08-28 15:23:00,1612.5,-5478.75,-3866.25
2025-08-28 15:24:00,1612.5,-5478.75,-3866.25
2025-08-28 15:25:00,1612.5,-5478.75,-3866.25
2025-08-28 15:26:00,1612.5,-5478.75,-3866.25
2025-08-28 15:27:00,1612.5,-5478.75,-3866.25
2025-08-28 15:28:00,1612.5,-5478.75,-3866.25
2025-08-28 15:29:00,1612.5,-5478.75,-3866.25
2025-08-28 15:30:00,1612.5,-5478.75,-3866.25
